model,barcode,power,temperature,boundaryPowerMax,boundaryPowerMin,compressorModel,doza,label
514,514100451749685710514,"71.5,69,73,75.5,80,79,80,79.5",15.7,70.24,85.93,MM090Y,1,1
514,514100451749685690514,"71,75,77.5,78.5,80,80.5,79",15.5,69.98,85.66,MM090Y,1,1
514,514100451749685640514,"70,72,74,75.5,76.5,79,78,78.5,80",15.7,70.24,85.93,MM090Y,1,1
514,514100451749685600514,"70,73.5,74.5,77.5,78.5,79.5,79,78.5",15.6,70.11,85.79,MM090Y,1,1
514,514100451749685560514,"68.5,72.5,74.5,75.5,77,77.5,78,79,79.5",15.6,70.11,85.79,MM090Y,1,1
514,514100451749685550514,"68.5,73,77,76.5,78,79,78.5",15.6,70.11,85.79,MM090Y,1,1
514,514100451749685500514,"68,71,72.5,76,78,78.5,79,78.5,79",15.7,70.24,85.93,MM090Y,1,1
514,514100451749685490514,"70,74,78.5,78,78.5,78,79.5,80.5",15.7,70.24,85.93,MM090Y,1,1
514,514100451749685480514,"70,74,77.5,78,80,80.5",15.7,70.24,85.93,MM090Y,1,1
514,514100451749685460514,"67,72,75.5,76.5,77.5,78,80.5,80",15.7,70.24,85.93,MM090Y,1,1
514,514100451749685450514,"67,70.5,74,77,77.5,78.5,79,78.5,80",15.7,70.24,85.93,MM090Y,1,1
514,514100451749685400514,"69,74,76,76.5,77.5,77,79,78",15.7,70.24,85.93,MM090Y,1,1
514,514100451749685390514,"69,75,77.5,78.5,79,80",15.8,70.37,86.06,MM090Y,1,1
514,514100451749685380514,"69.5,74,76.5,77.5,78.5,79,80.5,79.5,81",15.7,70.24,85.93,MM090Y,1,1
514,514100451749685360514,"70,73,73.5,76,76.5,77,76.5,77.5,77",15.8,70.37,86.06,MM090Y,1,1
514,514100451749685350514,"68.5,74,75.5,76.5,74,77.5",16.1,70.76,86.45,MM090Y,1,1
514,514100451749685330514,"67.5,69.5,73,73.5,75,76,76.5,78,77,78,79",15.8,70.37,86.06,MM090Y,1,1
514,514100451749685290514,"67,71.5,73,77,76.5,77.5,78.5,79",15.9,70.5,86.19,MM090Y,1,1
514,514100451749685250514,"71,76,77,79,79.5,80.5,81",16.0,70.63,86.32,MM090Y,1,1
514,514100451749685210514,"71,73,78.5,80,79,80.5",16.0,70.63,86.32,MM090Y,1,1
514,514100451749685180514,"68,71.5,72.5,75,74.5,75.5,77",16.1,70.76,86.45,MM090Y,1,1
514,514100451749685130514,"74.5,80,79.5,80.5,81,82.5,83.5,82.5",16.2,70.89,86.58,MM090Y,1,1
514,514100451749685100514,"72.5,76,77.5,79,79.5,80.5,81,81.5",16.3,71.02,86.71,MM090Y,1,1
514,514100451749685090514,"74.5,79.5,80.5,81.5,82,83.5,82.5",16.3,71.02,86.71,MM090Y,1,1
514,514100451749685070514,"66,74.5,74,74.5,75.5,78.5,77.5,78.5,77",15.1,69.46,85.14,MM090Y,1,1
514,514100451749684960514,"69.5,70,71,72.5,76,75.5,76.5,75",15.1,69.46,85.14,MM090Y,1,1
514,514100451749684920514,"68.5,73,75,77.5,78,79,76,77.5",15.1,69.46,85.14,MM090Y,1,1
514,514100451749684910514,"68.5,71,73.5,75,75.5,76.5,75.5,76.5,75",15.1,69.46,85.14,MM090Y,1,1
514,514100451749684890514,"71,72.5,74.5,75.5,75,75.5,76,77",15.2,69.59,85.27,MM090Y,1,1
514,514100451749684860514,"69,70.5,72.5,74,76,78,77,77.5,78,76.5",15.2,69.59,85.27,MM090Y,1,1
514,514100451749684840514,"70.5,73.5,76.5,77.5,79,80.5,80",15.2,69.59,85.27,MM090Y,1,1
514,514100451749684820514,"70,74.5,76,76.5,77,79,78.5",15.5,69.98,85.66,MM090Y,1,1
514,514100451749684810514,"69.5,70.5,74.5,76.5,80,79.5,80.5,79",15.4,69.85,85.53,MM090Y,1,1
514,514100451749684780514,"68,72,74.5,74,76.5,76,78.5,77.5",15.4,69.85,85.53,MM090Y,1,1
514,514100451749684770514,"70,76,76.5,78.5,78,80,78.5",15.3,69.72,85.4,MM090Y,1,1
514,514100451749684730514,"69.5,70.5,74.5,75,76.5,76,78.5,76.5,77.5",15.3,69.72,85.4,MM090Y,1,1
514,514100451749684700514,"67.5,70.5,75,76.5,76,77,77.5",15.3,69.72,85.4,MM090Y,1,1
514,514100451749684690514,"69,71.5,74.5,75,75.5,77,75.5",15.3,69.72,85.4,MM090Y,1,1
514,514100451749684680514,"69.5,74,76,75.5,76.5,77.5,77",15.3,69.72,85.4,MM090Y,1,1
514,514100451749684670514,"67,71,73.5,76,75.5,76,75",15.2,69.59,85.27,MM090Y,1,1
514,514100451749684660514,"68,71.5,74.5,75.5,76.5,78.5,77.5",15.3,69.72,85.4,MM090Y,1,1
514,514100451749684650514,"70.5,73,74,75,77.5,76",15.3,69.72,85.4,MM090Y,1,1
514,514100451749684640514,"70.5,73.5,74,77,76.5,77,78.5,77,79",15.3,69.72,85.4,MM090Y,1,1
514,514100451749684620514,"69.5,74,72,77,77.5,78,78.5,78",15.2,69.59,85.27,MM090Y,1,1
514,514100451749684610514,"70.5,75.5,76.5,78.5,79.5,81.5,81,80.5,81,82",15.3,69.72,85.4,MM090Y,1,1
514,514100451749684580514,"73.5,75.5,76.5,78,79.5,80.5",15.3,69.72,85.4,MM090Y,1,1
514,514100451749684570514,"73,75.5,78,79.5,80,79.5",15.3,69.72,85.4,MM090Y,1,1
514,514100451749684550514,"67.5,72.5,76.5,78,79,81.5,81,80.5",15.3,69.72,85.4,MM090Y,1,1
514,514100451749684540514,"69,73.5,77.5,79,78.5,79.5,80",15.3,69.72,85.4,MM090Y,1,1
514,514100451749684520514,"68.5,71,74,73.5,77,79,79.5,80",15.3,69.72,85.4,MM090Y,1,1
514,514100451749684480514,"71.5,75,76.5,79,78,76.5,77,78,78.5",15.3,69.72,85.4,MM090Y,1,1
514,514100451749684430514,"74,77,78.5,79,78,79,80.5,79.5",15.3,69.72,85.4,MM090Y,1,1
514,514100451749684380514,"69.5,72.5,77.5,78,78.5,79,80.5,79.5,81,81.5",15.3,69.72,85.4,MM090Y,1,1
514,514100451749684370514,"72,73.5,77,79,80.5,80,81,82,83",15.3,69.72,85.4,MM090Y,1,1
514,514100451749684300514,"70.5,75,78,79.5,80,79.5,80",15.4,69.85,85.53,MM090Y,1,1
514,514100451749684280514,"71.5,73.5,75,76,77,77.5,78",15.4,69.85,85.53,MM090Y,1,1
514,514100451749684220514,"70.5,74.5,77,79.5,80.5,81.5,82.5,81.5",15.6,70.11,85.79,MM090Y,1,1
514,514100451749684190514,"67.5,72,75.5,77,78,79.5,79,80.5,78",15.7,70.24,85.93,MM090Y,1,1
514,514100451749516600514,"68,71.5,73.5,75.5,78,77.5,78,77",17.7,72.84,88.54,MM090Y,1,1
514,514100451749516590514,"73,74,79,80,82,80.5,83,82",17.8,72.97,88.68,MM090Y,1,1
514,514100451749516570514,"73,77.5,78.5,81,80,82.5,81.5",17.4,72.45,88.15,MM090Y,1,1
514,514100451749516560514,"74,78,79,80.5,79.5,82,81.5,82.5",17.4,72.45,88.15,MM090Y,1,1
514,514100451749516550514,"73,77,78.5,80.5,81.5,81,83,81",17.4,72.45,88.15,MM090Y,1,1
514,514100451749516530514,"70.5,74,76.5,77,78,77,78.5,79.5,80",17.0,71.93,87.63,MM090Y,1,1
514,514100451749516520514,"72.5,76.5,79.5,80.5,81,81.5,81,82.5",18.2,73.49,89.2,MM090Y,1,1
514,514100451749516510514,"65.5,68,70,72,73.5,73,74.5,74",16.9,71.8,87.5,MM090Y,1,1
514,514100451749516490514,"71.5,73.5,77,78,78.5,80,81,78.5",17.1,72.06,87.76,MM090Y,1,1
514,514100451749516470514,"70.5,73.5,75.5,76.5,77.5,79.5,78.5",17.1,72.06,87.76,MM090Y,1,1
514,514100451749516460514,"66.5,68,72,74,75,76.5,76",16.9,71.8,87.5,MM090Y,1,1
514,514100451749516450514,"73.5,75.5,76,79.5,80.5,81,82.5,81",17.7,72.84,88.54,MM090Y,1,1
514,514100451749516440514,"73.5,78.5,80.5,82,82.5,83.5,83,83.5",17.4,72.45,88.15,MM090Y,1,1
514,514100451749516430514,"74,77.5,82,83,84.5,83,84,83.5,84,84.5",17.4,72.45,88.15,MM090Y,1,1
514,514100451749516420514,"77,79.5,82,83.5,83,83.5,85,84.5",17.3,72.32,88.02,MM090Y,1,1
514,514100451749516400514,"72.5,75.5,76.5,79,80,81,80",17.4,72.45,88.15,MM090Y,1,1
514,514100451749685620514,"70.5,75,76.5,78,79,79.5,80,79.5",15.6,70.11,85.79,MM090Y,1,1
514,514100451749516390514,"69,74.5,80.5,79.5,79,79.5,81,80",17.4,72.45,88.15,MM090Y,1,1
514,514100451749516380514,"69,72,75.5,76,78,77.5,80,79.5",17.1,72.06,87.76,MM090Y,1,1
514,514100451749516320514,"70.5,75.5,76.5,79,80,83.5,81.5",17.4,72.45,88.15,MM090Y,1,1
514,514100451749516310514,"73,72.5,75.5,76.5,77,78,79.5,80,79.5,80",17.2,72.19,87.89,MM090Y,1,1
514,514100451749516270514,"69,73.5,74.5,77.5,77,78.5,77",17.1,72.06,87.76,MM090Y,1,1
514,514100451749516260514,"69.5,73.5,77.5,78,79.5,81,80",17.3,72.32,88.02,MM090Y,1,1
514,514100451749516250514,"69,75,78.5,80,81,81.5,80",18.1,73.36,89.07,MM090Y,1,1
514,514100451749516240514,"74.5,77.5,80,80.5,81,82.5,83,81,82.5",18.2,73.49,89.2,MM090Y,1,1
514,514100451749516230514,"71,75.5,78.5,80,79.5,80.5,81",17.3,72.32,88.02,MM090Y,1,1
514,514100451749516160514,"70.5,73.5,78,79,78,79.5,79,78.5",17.2,72.19,87.89,MM090Y,1,1
514,514100451749685190514,"69.5,73.5,76,77,76,77.5,78.5,78,77,77.5,78.5",16.2,70.89,86.58,MM090Y,1,1
514,514100451749516130514,"69,72.5,76,77.5,80,79,80",17.5,72.58,88.28,MM090Y,1,1
514,514100451749516070514,"74,76.5,81,81.5,83,83.5,81.5",17.4,72.45,88.15,MM090Y,1,1
514,514100451749516040514,"74.5,79,80,82,81.5,82,83.5,82",17.4,72.45,88.15,MM090Y,1,1
514,514100451749516010514,"75,78.5,81,84,83.5,84,86.5,84.5",17.4,72.45,88.15,MM090Y,1,1
514,514100451749515950514,"71,74,76.5,78,81,80.5,81.5,81",17.5,72.58,88.28,MM090Y,1,1
514,514100451749515940514,"71.5,75,79,80,81.5,80.5",17.4,72.45,88.15,MM090Y,1,1
514,514100451749684270514,"67,70,74,75,76,77.5,77,77.5,78",15.4,69.85,85.53,MM090Y,1,1
514,514100451749515930514,"73,74.5,78,79,81,81.5,83,82.5",17.4,72.45,88.15,MM090Y,1,1
514,514100451749515900514,"69.5,73,76.5,79.5,81.5,82.5,81",17.6,72.71,88.41,MM090Y,1,1
514,514100451749515880514,"74.5,78,80,81.5,82,83,81.5",17.7,72.84,88.54,MM090Y,1,1
514,514100451749515830514,"71.5,76,78.5,80,79.5,83.5,81.5",17.6,72.71,88.41,MM090Y,1,1
514,514100451749515820514,"71,73.5,76,77.5,77,77.5,79.5,80",18.2,73.49,89.2,MM090Y,1,1
514,514100451749515800514,"69,73,75.5,77.5,77,78,79.5,78.5",18.0,73.23,88.94,MM090Y,1,1
514,514100451749515680514,"68.5,74,77,78,79.5,81,81.5",18.2,73.49,89.2,MM090Y,1,1
514,514100451749515670514,"71.5,74.5,75,77.5,78.5,79,78.5,79.5",18.1,73.36,89.07,MM090Y,1,1
514,514100451749515660514,"74,74.5,76.5,80,78,80,80.5,82",18.1,73.36,89.07,MM090Y,1,1
514,514100451749515630514,"71,77,77.5,79.5,81,80.5,81",18.1,73.36,89.07,MM090Y,1,1
514,514100451749515600514,"72,76.5,79,78,80.5,80,80.5",18.0,73.23,88.94,MM090Y,1,1
514,514100451749684710514,"67,73.5,76.5,76,77",15.3,69.72,85.4,MM090Y,1,1
514,514100451749516090514,"71,75,78,79.5,82.5,81,81.5,83",17.4,72.45,88.15,MM090Y,1,1
514,514100451749515560514,"71,73,76,78.5,79,78.5,80,79,81.5",17.7,72.84,88.54,MM090Y,1,1
514,514100451749515550514,"76.5,78.5,82.5,82,85,84.5,86,85.5",18.3,73.62,89.33,MM090Y,1,1
514,514100451749515510514,"66,70,73.5,75.5,78,75.5,76,78.5,78",17.7,72.84,88.54,MM090Y,1,1
514,514100451749515490514,"73.5,76.5,81,82,83,82.5,85,82.5",18.0,73.23,88.94,MM090Y,1,1
514,514100451749515460514,"71,75.5,78,79,79.5,82,81.5,79",17.9,73.1,88.81,MM090Y,1,1
514,514100451749515450514,"74.5,77,80,82,81.5,84,83.5",17.9,73.1,88.81,MM090Y,1,1
514,514100451749515440514,"69,72.5,76.5,78,79.5,82,81.5,81",17.9,73.1,88.81,MM090Y,1,1
514,514100451749515390514,"72,76.5,80.5,81,80,81,81.5,81",17.7,72.84,88.54,MM090Y,1,1
514,514100451749515320514,"69,73,74.5,76.5,78,78.5,78,77",18.1,73.36,89.07,MM090Y,1,1
514,514100451749515310514,"73,77,78,79,80,79",17.8,72.97,88.68,MM090Y,1,1
514,514100451749515300514,"71,74.5,76,77.5,80,78,80,78.5",18.4,73.75,89.46,MM090Y,1,1
514,514100451749515270514,"73,75.5,77.5,78,78.5,80,80.5,79.5",18.1,73.36,89.07,MM090Y,1,1
514,514100451749515240514,"74,75,80.5",18.4,73.75,89.46,MM090Y,1,1
514,514100451749515230514,"76,77.5,81.5,81,82,84,85.5,83.5",18.1,73.36,89.07,MM090Y,1,1
514,514100451749515190514,"68.5,72.5,76.5,77.5,79.5,81.5,81,79.5",17.8,72.97,88.68,MM090Y,1,1
514,514100451749515690514,"73,78,81.5,82,82.5,83.5,82",18.3,73.62,89.33,MM090Y,1,1
514,514100451749515180514,"68,71.5,74.5,74,75.5,76,76.5,77.5",18.2,73.49,89.2,MM090Y,1,1
514,514100451749515170514,"71.5,75,77.5,78.5,80,81.5,81",17.9,73.1,88.81,MM090Y,1,1
514,514100451749515160514,"68.5,73.5,76.5,77.5,78,80,79,79.5",17.9,73.1,88.81,MM090Y,1,1
514,514100451749515140514,"71,74,77.5,79,80.5,80,80.5,81",18.0,73.23,88.94,MM090Y,1,1
514,514100451749515110514,"73,76.5,78,79,81.5,82.5,83,82",18.0,73.23,88.94,MM090Y,1,1
514,514100451749515090514,"73.5,74.5,78,79,80.5,80,81",18.1,73.36,89.07,MM090Y,1,1
514,514100451749515080514,"72.5,76,79,82.5,81,83,84.5,83.5",18.1,73.36,89.07,MM090Y,1,1
514,514100451749515030514,"69.5,72.5,77.5,80.5,81.5,82,83.5",18.1,73.36,89.07,MM090Y,1,1
514,514100451749515020514,"68,70.5,74.5,75,77.5,77,78.5,76.5",18.1,73.36,89.07,MM090Y,1,1
514,514100451749515000514,"68,72,74.5,75.5,76.5,78,77.5,78.5",18.2,73.49,89.2,MM090Y,1,1
514,514100451749514990514,"66.5,71.5,74,74.5,76,77.5,77",18.2,73.49,89.2,MM090Y,1,1
514,514100451749514970514,"71.5,76,77.5,79.5,80.5,81,82,80.5",18.5,73.88,89.59,MM090Y,1,1
514,514100451749514920514,"71.5,76,79.5,81,81.5,81,83,82",18.4,73.75,89.46,MM090Y,1,1
514,514100451749514900514,"73,74.5,78.5,80.5,80,80.5,80",18.4,73.75,89.46,MM090Y,1,1
514,514100451749514880514,"70.5,71.5,75,77,79.5,79,80,79.5",18.2,73.49,89.2,MM090Y,1,1
514,514100451749514850514,"71,75,77,78.5,80,80.5,81,82",18.2,73.49,89.2,MM090Y,1,1
514,514100451749514840514,"74,78.5,80,82,83,83.5,83",17.7,72.84,88.54,MM090Y,1,1
514,514100451749514830514,"76.5,81,81.5,83,83.5,84.5,85,84",17.7,72.84,88.54,MM090Y,1,1
514,514100451749514820514,"68.5,71.5,74,74.5,75,77.5,75.5",15.9,70.5,86.19,MM090Y,1,1
514,514100451749514670514,"67.5,70.5,74,77.5,78,79.5,80",17.6,72.71,88.41,MM090Y,1,1
514,514100451749514630514,"74,74.5,79,81,80.5,82.5,81",17.7,72.84,88.54,MM090Y,1,1
514,514100451749685580514,"72.5,70.5,73,75.5,78,77,78,79,78,79.5",15.7,70.24,85.93,MM090Y,1,1
514,514100451749514620514,"74.5,79.5,81,85,83,86.5,85.5,86",18.3,73.62,89.33,MM090Y,1,1
514,514100451749514590514,"76,78.5,81,82.5,83,83.5,84.5,83",17.8,72.97,88.68,MM090Y,1,1
514,514100451749514580514,"74.5,79,80.5,81.5,83,82,85,83.5",18.5,73.88,89.59,MM090Y,1,1
514,514100451749514560514,"72,74,77.5,78.5,80.5,82",18.0,73.23,88.94,MM090Y,1,1
514,514100451749514520514,"70.5,74.5,78.5,81,81.5,81,82.5,81.5",18.6,74.01,89.72,MM090Y,1,1
514,514100451749514510514,"74,76.5,80,80.5,81.5,83.5,83",18.0,73.23,88.94,MM090Y,1,1
514,514100451749514500514,"73,76.5,79.5,80.5,81.5,82.5",18.1,73.36,89.07,MM090Y,1,1
514,514100451749514480514,"74,77,80,84,83.5,84.5,85,84.5",18.1,73.36,89.07,MM090Y,1,1
514,514100451749514470514,"73,77.5,81,80,81.5,83.5,83,83.5",18.3,73.62,89.33,MM090Y,1,1
514,514100451749514460514,"76,78,82.5,84,82.5,85,86,83.5",18.2,73.49,89.2,MM090Y,1,1
514,514100451749514450514,"77.5,79.5,82,83,82.5,84,85,83.5",18.2,73.49,89.2,MM090Y,1,1
514,514100451749514440514,"73.5,76,77.5,78.5,80,80.5,80",18.4,73.75,89.46,MM090Y,1,1
514,514100451749514420514,"73,76,78,79.5,80,81.5,82.5,84",18.1,73.36,89.07,MM090Y,1,1
514,514100451749514390514,"72.5,77",18.3,73.62,89.33,MM090Y,1,1
514,514100451749514350514,"72,77.5,81,83,82.5,83,81.5",18.3,73.62,89.33,MM090Y,1,1
514,514100451749514330514,"71.5,76,78.5,79.5,81,80.5,81.5",18.4,73.75,89.46,MM090Y,1,1
514,514100451749685700514,"69.5,74.5,75.5,77,78.5,80,77.5",15.4,69.85,85.53,MM090Y,1,1
514,514100451749514310514,"73,76.5,78.5,80.5,78.5,80,79.5,80.5",16.5,71.28,86.97,MM090Y,1,1
514,514100451749514150514,"78.5,80.5,84.5,85.5,86,87,88",18.6,74.01,89.72,MM090Y,1,1
514,514100451749514120514,"75,77,78,83,85.5,86.5,87,88",18.7,74.14,89.85,MM090Y,1,1
514,514100451749514100514,"68.5,70,75,77,78,78.5,78",18.7,74.14,89.85,MM090Y,1,1
514,514100451749516170514,"76,77.5,80,80.5,79.5,80.5,81.5,82.5",17.3,72.32,88.02,MM090Y,1,1
514,514100451749514040514,"73.5,75,77.5,79,79.5,82.5,79.5",18.9,74.4,90.12,MM090Y,1,1
514,514100451749513950514,"70,75,77,79.5,80,81",17.9,73.1,88.81,MM090Y,1,1
514,514100451749513890514,"74,75.5,79,80,81,81.5,81",18.0,73.23,88.94,MM090Y,1,1
514,514100451749513880514,"74.5,77,79,81,82.5,82,85.5,83",18.1,73.36,89.07,MM090Y,1,1
514,514100451749513870514,"72.5,76,78.5,79.5,80,82,81.5",18.1,73.36,89.07,MM090Y,1,1
514,514100451749513830514,"76.5,79,83,85.5,85,84,85.5",18.2,73.49,89.2,MM090Y,1,1
514,514100451749513800514,"73.5,76,81,80,80.5,81.5,83.5,82.5",18.3,73.62,89.33,MM090Y,1,1
514,514100451749513790514,"72,75.5,77,80.5,79,81,80.5,79.5",18.4,73.75,89.46,MM090Y,1,1
514,514100451749513770514,"75,76,79,81,82,83.5,83",18.3,73.62,89.33,MM090Y,1,1
514,514100451749513710514,"73,78,78.5,80,81,82.5,82,81",18.3,73.62,89.33,MM090Y,1,1
514,514100451749684970514,"64.5,68.5,69.5,71.5,72.5,75.5,76.5,74.5",15.2,69.59,85.27,MM090Y,1,1
514,514100451749513700514,"73,76,78.5,80,79,82.5,81",18.4,73.75,89.46,MM090Y,1,1
514,514100451749513670514,"73,76,78.5,80,81.5,81",18.3,73.62,89.33,MM090Y,1,1
514,514100451749513660514,"72,74,77,77.5,78.5,79,80.5,80",18.5,73.88,89.59,MM090Y,1,1
514,514100451749513640514,"74,77.5,80,81.5,82.5,84.5,83",18.3,73.62,89.33,MM090Y,1,1
514,514100451749514060514,"76.5,80,82,83,84.5,85,86,86.5",18.8,74.27,89.99,MM090Y,1,1
514,514100451749513580514,"71.5,75,75.5,77.5,79,78.5,79,80",18.5,73.88,89.59,MM090Y,1,1
514,514100451749513570514,"70,74.5,76.5,77.5,78.5,79.5,80,78.5",18.4,73.75,89.46,MM090Y,1,1
514,514100451749513560514,"70.5,75.5,76.5,80,79,78.5,82.5,81.5",18.5,73.88,89.59,MM090Y,1,1
514,514100451749513510514,"70,75,78.5,78,78.5,81,80,81",18.4,73.75,89.46,MM090Y,1,1
514,514100451749513490514,"65.5,69,72.5,74.5,74,76,75.5,75",16.1,70.76,86.45,MM090Y,1,1
514,514100451749513690514,"73.5,78.5,80,81.5,83,85,84.5",18.3,73.62,89.33,MM090Y,1,1
514,514100451749513430514,"72,76,79.5,80.5,81.5,82,83.5,83",18.6,74.01,89.72,MM090Y,1,1
514,514100451749516300514,"73,76,74",17.6,72.71,88.41,MM090Y,1,1
514,514100451749515980514,"73,76.5,79,80.5,82.5,81.5",17.9,73.1,88.81,MM090Y,1,1
514,514100451749513400514,"73,77,80,80.5,81.5,83,82.5",18.7,74.14,89.85,MM090Y,1,1
514,514100451749513390514,"73.5,77.5,79.5,81.5,82,82.5,83",18.6,74.01,89.72,MM090Y,1,1
514,514100451749513380514,"71.5,76,77.5,78,78.5,79,79.5,80.5,79.5",18.6,74.01,89.72,MM090Y,1,1
514,514100451749513360514,"77,79.5,84,84.5,84,85.5,85",18.8,74.27,89.99,MM090Y,1,1
514,514100451749513340514,"72,76,77.5,78,80,82.5,83,82.5",18.8,74.27,89.99,MM090Y,1,1
514,514100451749513330514,"72.5,73,76,77.5,78.5,78,78.5,80,79.5",18.8,74.27,89.99,MM090Y,1,1
514,514100451749513320514,"71,78,80,82,83.5,84,84.5",18.7,74.14,89.85,MM090Y,1,1
514,514100451749513310514,"74.5,77,80,81,81.5,83,82.5",18.8,74.27,89.99,MM090Y,1,1
514,514100451749513290514,"75.5,78,83,83.5,84.5,84,83.5",18.9,74.4,90.12,MM090Y,1,1
514,514100451749513270514,"69.5,74,77.5,78,79.5,80.5,82",18.9,74.4,90.12,MM090Y,1,1
514,514100451749514200514,"75.5,78.5,81,83,85,85.5,85",18.6,74.01,89.72,MM090Y,1,1
514,514100451749513260514,"66.5,71,72,73.5,75.5,75,75.5",15.8,70.37,86.06,MM090Y,1,1
514,514100451749515070514,"74,77,79.5,80.5,81.5,80.5,82",18.0,73.23,88.94,MM090Y,1,1
514,514100451749513150514,"68,71.5,73,74.5,76,75,77.5,75.5",16.2,70.89,86.58,MM090Y,1,1
514,514100451749513130514,"68,73.5,75,77,78,79,78",15.9,70.5,86.19,MM090Y,1,1
514,514100451749513120514,"66,68,71,73,73.5,76,74",15.8,70.37,86.06,MM090Y,1,1
514,514100451749513810514,"74,75,80,79.5,80.5,81.5,83",18.3,73.62,89.33,MM090Y,1,1
514,514100451749513090514,"66,70,73,74.5,75,76,75.5",15.9,70.5,86.19,MM090Y,1,1
514,514100451749513050514,"65.5,70,72.5,73,73.5,74,75.5,75",15.9,70.5,86.19,MM090Y,1,1
514,514100451749512990514,"68.5,73,74.5,77,77.5,77",16.2,70.89,86.58,MM090Y,1,1
514,514100451749512970514,"71.5,74.5,76.5,78,81,82.5,81",16.6,71.41,87.1,MM090Y,1,1
514,514100451749512930514,"68.5,73.5,73,76,77,78,77.5",16.4,71.15,86.84,MM090Y,1,1
514,514100451749512910514,"68.5,71.5,75.5,77.5,79",16.6,71.41,87.1,MM090Y,1,1
514,514100451749512890514,"71.5,75.5,75,75.5,76,76.5,77,76.5,77,76.5",16.6,71.41,87.1,MM090Y,1,1
514,514100451749512880514,"69,73,74.5,76,78,79,78",16.8,71.67,87.37,MM090Y,1,1
514,514100451749512850514,"73.5,77,79.5,80.5,81.5,80",16.6,71.41,87.1,MM090Y,1,1
514,514100451749515410514,"73.5,77,80.5,81,82,82.5,81.5",17.7,72.84,88.54,MM090Y,1,1
514,514100451749512840514,"70.5,74,77.5,79,79.5,79,77",16.6,71.41,87.1,MM090Y,1,1
514,514100451749512810514,"70,71,72.5,75,74.5,75.5,76,74.5",16.7,71.54,87.23,MM090Y,1,1
514,514100451749512800514,"71,72.5,74,76.5,76,76.5,77,76,77",16.6,71.41,87.1,MM090Y,1,1
514,514100451749512790514,"72.5,74.5,78,77.5,77,79.5,80,79",16.8,71.67,87.37,MM090Y,1,1
514,514100451749515360514,"72,74,77,78.5,79,80,79.5,80",17.7,72.84,88.54,MM090Y,1,1
514,514100451749512770514,"70,76.5,78,79.5,81,79,79.5,79,80.5",16.6,71.41,87.1,MM090Y,1,1
514,514100451749512760514,"72.5,75.5,78,78.5,79,80,81.5,79.5",16.8,71.67,87.37,MM090Y,1,1
514,514100451749512740514,"68.5,71.5,73,76.5,75.5,77,77.5",16.7,71.54,87.23,MM090Y,1,1
514,514100451749512720514,"70,71,74.5,77,77.5,76",17.1,72.06,87.76,MM090Y,1,1
514,514100451749512700514,"72,76.5,78,79,79.5,80,79.5",16.8,71.67,87.37,MM090Y,1,1
514,514100451749515010514,"66.5,67.5,71,75,74,74.5,75,74",16.0,70.63,86.32,MM090Y,1,1
514,514100451749512690514,"73,76,78,77.5,76,77.5,77,78",16.8,71.67,87.37,MM090Y,1,1
514,514100451749512630514,"72,75,77.5,79.5,79,80,79.5,80",17.4,72.45,88.15,MM090Y,1,1
514,514100451749684230514,"77,79,78,78.5,79,80.5,79.5,81",15.5,69.98,85.66,MM090Y,1,1
514,514100451749512550514,"72.5,75,78.5,80,79.5,81.5,82.5,81",17.1,72.06,87.76,MM090Y,1,1
514,514100451749512520514,"69,74,76,77,78,77.5,79.5,78.5",17.2,72.19,87.89,MM090Y,1,1
514,514100451749512510514,"66.5,70.5,73.5,75.5,76.5,77.5,79,77.5",17.5,72.58,88.28,MM090Y,1,1
514,514100451749512480514,"69,74,76.5,78,80,78",17.3,72.32,88.02,MM090Y,1,1
514,514100451749512470514,"74,76.5,79.5,80,80.5,82,82.5,81.5",17.3,72.32,88.02,MM090Y,1,1
514,514100451749512460514,"73,74,78,78.5,80,81,81.5,82",17.4,72.45,88.15,MM090Y,1,1
514,514100451749516220514,"75,78.5,81.5,83.5,84,83,85,86.5,85",18.2,73.49,89.2,MM090Y,1,1
514,514100451749512440514,"69.5,72.5,76,75,78.5,81,79.5,78.5",17.3,72.32,88.02,MM090Y,1,1
514,514100451749512420514,"70.5,74,76.5,78,78.5,81,80.5,80",17.4,72.45,88.15,MM090Y,1,1
514,514100451749512410514,"72,74,77,79,79.5,78.5,79.5,80.5",17.4,72.45,88.15,MM090Y,1,1
514,514100451749685270514,"73.5,75,76,75,78.5,79,78.5",16.1,70.76,86.45,MM090Y,1,1
514,514100451749516080514,"74,76.5,78.5,79.5,81,82",17.3,72.32,88.02,MM090Y,1,1
514,514100451749512400514,"70.5,74,74.5,80,82,81.5,83",17.5,72.58,88.28,MM090Y,1,1
514,514100451749512380514,"72,75,78,78.5,79.5,82.5,80",17.5,72.58,88.28,MM090Y,1,1
514,514100451749512670514,"70.5,74.5,76,78.5,77.5,78.5,79.5,78",16.8,71.67,87.37,MM090Y,1,1
514,514100451749512340514,"65,69,72.5,76,77,77.5,77",17.8,72.97,88.68,MM090Y,1,1
514,514100451749512300514,"65,68,71,73,74,75.5,74.5",17.8,72.97,88.68,MM090Y,1,1
514,514100451749512290514,"64.5,67,71,74,75,76",17.0,71.93,87.63,MM090Y,1,1
514,514100451749512230514,"71.5,73.5,74,76,77,77.5,77",17.1,72.06,87.76,MM090Y,1,1
514,514100451749512220514,"72.5,76,77,79,79.5,81.5",18.2,73.49,89.2,MM090Y,1,1
514,514100451749512210514,"69,74,77,78.5,79.5,82.5,80",18.4,73.75,89.46,MM090Y,1,1
514,514100451749512190514,"75.5,77,78,80,82.5,82,82.5",17.2,72.19,87.89,MM090Y,1,1
514,514100451749516210514,"69,73,77,77.5,79.5,80,81.5,80.5",17.2,72.19,87.89,MM090Y,1,1
514,514100451749512180514,"69,72,75.5,78.5,79,79.5,80.5,79.5",17.4,72.45,88.15,MM090Y,1,1
514,514100451749512170514,"74,76.5,79.5,81,80,81,80,82.5,81.5",17.3,72.32,88.02,MM090Y,1,1
514,514100451749512160514,"71,76,78.5,79,80.5,81,80.5,81,80.5",17.4,72.45,88.15,MM090Y,1,1
514,514100451749512150514,"70.5,75,76,80,78.5,79.5,81.5,80",17.3,72.32,88.02,MM090Y,1,1
514,514100451749512140514,"71.5,77.5,79.5,80,81,82,83,82.5",17.2,72.19,87.89,MM090Y,1,1
514,514100451749512120514,"72,77.5,78,81,80,81.5,82.5",17.3,72.32,88.02,MM090Y,1,1
514,514100451749512070514,"73.5,75.5,80,79.5,80,81,82,81",17.5,72.58,88.28,MM090Y,1,1
514,514100451749685520514,"67.5,70,73,76.5,78.5,79.5",15.6,70.11,85.79,MM090Y,1,1
514,514100451749512060514,"72.5,76.5,78,80.5,79.5,80.5,82,81.5",17.5,72.58,88.28,MM090Y,1,1
514,514100451749512050514,"70,74,75.5,78,77.5,78.5,79",17.4,72.45,88.15,MM090Y,1,1
514,514100451749512040514,"67,71.5,74.5,77.5,77,78.5,78",17.5,72.58,88.28,MM090Y,1,1
514,514100451749512030514,"73,73.5,76,77.5,78.5,79,79.5,79",17.4,72.45,88.15,MM090Y,1,1
514,514100451749514050514,"76,77.5,80,82,82.5,83,83.5",18.9,74.4,90.12,MM090Y,1,1
514,514100451749512010514,"72.5,76.5,80.5,81.5,80.5,81,81.5,81,81.5",17.3,72.32,88.02,MM090Y,1,1
514,514100451749512000514,"71.5,75,77.5,78.5,80,77,80,81.5",17.4,72.45,88.15,MM090Y,1,1
514,514100451749511990514,"68,72,76,77,79,80.5",17.5,72.58,88.28,MM090Y,1,1
514,514100451749511970514,"71.5,75.5,77.5,80,78.5,80,80.5,80",17.4,72.45,88.15,MM090Y,1,1
514,514100451749511950514,"67.5,74,76,77.5,79.5,80.5,81",17.7,72.84,88.54,MM090Y,1,1
514,514100451749684560514,"68.5,72,75,77,77.5,78,79.5,79",15.2,69.59,85.27,MM090Y,1,1
514,514100451749511920514,"72,75.5,76.5,78.5,77.5,80.5,81,82,82.5,82",17.5,72.58,88.28,MM090Y,1,1
514,514100451749516340514,"71.5,76.5,76,78.5,80,80.5,79.5",17.4,72.45,88.15,MM090Y,1,1
514,514100451749511900514,"75,80,81,82,82.5,81",17.6,72.71,88.41,MM090Y,1,1
514,514100451749511890514,"75,77,78.5,81.5,79.5,82,82.5,81.5",17.6,72.71,88.41,MM090Y,1,1
514,514100451749511870514,"68,73,77.5,77,79,78.5,80,77.5",17.8,72.97,88.68,MM090Y,1,1
514,514100451749514540514,"73.5,80.5,83,84,85.5,85,84.5,86,86.5,85.5,86,86.5,86",18.0,73.23,88.94,MM090Y,1,1
514,514100451749511860514,"69.5,74,78.5,79,81,82.5,83,81.5",17.8,72.97,88.68,MM090Y,1,1
514,514100451749511850514,"71,74.5,79.5,80,79,80,80.5,80,82",17.8,72.97,88.68,MM090Y,1,1
514,514100451749511830514,"73,79.5,82,81.5,84.5,84,83.5",17.8,72.97,88.68,MM090Y,1,1
514,514100451749511820514,"73.5,76.5,79.5,80.5,82,83.5,82.5,84",17.8,72.97,88.68,MM090Y,1,1
514,514100451749511800514,"74,76,78.5,80,82,81,83,84.5,84",17.8,72.97,88.68,MM090Y,1,1
514,514100451749511790514,"71.5,73.5,75,75.5,77.5,78.5,79.5,80.5,80,82,84",17.9,73.1,88.81,MM090Y,1,1
514,514100451749511770514,"72,77,77.5,79,80,80.5,82,80.5",18.2,73.49,89.2,MM090Y,1,1
514,514100451749511740514,"67.5,74,74.5,76.5,78.5,79.5,80,80.5",18.2,73.49,89.2,MM090Y,1,1
514,514100451749511730514,"72,72.5,73.5,76.5,78.5,81.5,81,80.5",18.0,73.23,88.94,MM090Y,1,1
514,514100451749511720514,"70,76.5,77,78.5,79.5,80.5,81.5,82",18.1,73.36,89.07,MM090Y,1,1
514,514100451749511710514,"71,74.5,77,78.5,80.5,82,83.5,80.5",18.0,73.23,88.94,MM090Y,1,1
514,514100451749511700514,"71.5,75.5,76,78.5,79.5,80,81.5,79,80",18.0,73.23,88.94,MM090Y,1,1
514,514100451749512530514,"69,73.5,75,78,79,80,80.5,81",17.1,72.06,87.76,MM090Y,1,1
514,514100451749511680514,"70.5,74,78,78.5,80.5,81",18.0,73.23,88.94,MM090Y,1,1
514,514100451749511760514,"70.5,74.5,77,78.5,80,80.5,81",18.1,73.36,89.07,MM090Y,1,1
514,514100451749511670514,"71,77,79.5,80,80.5,81,80.5",18.2,73.49,89.2,MM090Y,1,1
514,514100451749511650514,"68,72,74,77,78,79,80,80.5,78",18.1,73.36,89.07,MM090Y,1,1
514,514100451749511590514,"72,75,76,78.5,79.5,80,81,79.5",18.4,73.75,89.46,MM090Y,1,1
514,514100451749511580514,"70,73.5,76,78.5,79.5,79,81",18.8,74.27,89.99,MM090Y,1,1
514,514100451749684490514,"74.5,76,80,81,79.5,81.5,80.5,82,82.5",15.3,69.72,85.4,MM090Y,1,1
514,514100451749515810514,"71.5,73,78.5,80,82,82.5,81",17.6,72.71,88.41,MM090Y,1,1
514,514100451749511540514,"68.5,71.5,76,77,78.5,80,79",18.5,73.88,89.59,MM090Y,1,1
514,514100451749511530514,"72.5,76,77,78,80,79.5,81.5,81",18.4,73.75,89.46,MM090Y,1,1
514,514100451749511470514,"68.5,74.5,76.5,77,78,79,80,79.5",18.6,74.01,89.72,MM090Y,1,1
514,514100451749511450514,"74.5,75,78.5,80.5,81,80.5,83.5,83",18.6,74.01,89.72,MM090Y,1,1
514,514100451749511420514,"69.5,74.5,77.5,80,81,81.5,81",18.8,74.27,89.99,MM090Y,1,1
514,514100451749511400514,"73,76,79,79.5,80,80.5,82",18.8,74.27,89.99,MM090Y,1,1
514,514100451749511390514,"73.5,75.5,79,80.5,81.5,83,82.5",18.8,74.27,89.99,MM090Y,1,1
514,514100451749511290514,"69,74.5,72.5,76.5,82,83,82.5,84.5",19.4,75.05,90.77,MM090Y,1,1
514,514100451749511280514,"71.5,76,78.5,79,80,82.5,83.5",19.4,75.05,90.77,MM090Y,1,1
514,514100451749511270514,"71.5,74.5,75.5,77.5,79.5,80,81.5,80,81",19.4,75.05,90.77,MM090Y,1,1
514,514100451749511260514,"82,81.5,82,83,82.5,83,84,85,82.5",19.4,75.05,90.77,MM090Y,1,1
514,514100451749511220514,"74,75.5,77,77.5,78.5,80,79.5",19.6,75.31,91.03,MM090Y,1,1
514,514100451749511200514,"76.5,79.5,82,83.5,83,84.5",19.6,75.31,91.03,MM090Y,1,1
514,514100451749511190514,"72,76,78,80.5,79.5,80.5,80,79.5",19.7,75.44,91.16,MM090Y,1,1
514,514100451749512130514,"68,72,74.5,77,78,79,77.5",17.3,72.32,88.02,MM090Y,1,1
514,514100451749511180514,"70.5,75.5,78.5,79.5,81,82,81",19.6,75.31,91.03,MM090Y,1,1
514,514100451749511170514,"73,76.5,80,81.5,83.5,83,84,83,84",20.2,76.09,91.82,MM090Y,1,1
514,514100451749685160514,"75,78,79,81,82,81,81.5",16.1,70.76,86.45,MM090Y,1,1
514,514100451749511150514,"71.5,75,77,80,81,81.5,82.5,82",20.5,76.48,92.21,MM090Y,1,1
514,514100451749511130514,"74,76.5,78,79.5,80.5,81,81.5,82.5,81.5,82.5",19.7,75.44,91.16,MM090Y,1,1
514,514100451749511120514,"76,78,80,83,81.5,82,85,84",19.7,75.44,91.16,MM090Y,1,1
514,514100451749512090514,"73,75,75.5,77,78.5,79.5,80.5",17.4,72.45,88.15,MM090Y,1,1
514,514100451749511090514,"72.5,79.5,81,82.5,83.5,83,84,83.5",19.7,75.44,91.16,MM090Y,1,1
514,514100451749513500514,"74,75.5,78,80,81.5,82,84,83,84.5",18.4,73.75,89.46,MM090Y,1,1
514,514100451749511070514,"73.5,75,76.5,77.5,80,79,80,81.5,80",19.7,75.44,91.16,MM090Y,1,1
514,514100451749511060514,"73.5,76,80,81.5,83,84,83.5",19.7,75.44,91.16,MM090Y,1,1
514,514100451749511030514,"73,77.5,81,81.5,82.5,84.5,85,85.5,86.5,85.5,87.5",19.7,75.44,91.16,MM090Y,1,1
514,514100451749511000514,"75.5,77.5,81.5,82.5,83.5,85.5,83",19.8,75.57,91.3,MM090Y,1,1
514,514100451749512900514,"69,74,77,78.5,78,78.5,79.5,78.5",16.6,71.41,87.1,MM090Y,1,1
514,514100451749510980514,"72,76,77.5,80,81,82,84,83.5",19.7,75.44,91.16,MM090Y,1,1
514,514100451749515430514,"70.5,72,75.5,78,78.5,77,79.5",18.4,73.75,89.46,MM090Y,1,1
514,514100451749510960514,"71.5,77,79.5,80,80.5,82,80.5",19.7,75.44,91.16,MM090Y,1,1
514,514100451749510940514,"73,76,78,78.5,80,82,83.5,81.5",19.8,75.57,91.3,MM090Y,1,1
514,514100451749516110514,"74,77,80,81,81.5,81,80.5",17.4,72.45,88.15,MM090Y,1,1
514,514100451749510910514,"73.5,76,82,82.5,83.5,85,87.5",19.8,75.57,91.3,MM090Y,1,1
514,514100451749513850514,"70,76,78.5,79.5,80.5,81.5,82,82.5",18.2,73.49,89.2,MM090Y,1,1
514,514100451749510900514,"74.5,81,83,84.5,87,86",19.8,75.57,91.3,MM090Y,1,1
514,514100451749510880514,"73.5,78,81,83.5,82,84,83.5,85",19.8,75.57,91.3,MM090Y,1,1
514,514100451749514660514,"71.5,73.5,77,79,80,80.5,82,81",17.7,72.84,88.54,MM090Y,1,1
514,514100451749510870514,"74.5,79.5,82.5,83,85.5,87",19.8,75.57,91.3,MM090Y,1,1
514,514100451749510840514,"74,78.5,82.5,84,83.5,86.5,88",19.8,75.57,91.3,MM090Y,1,1
514,514100451749510830514,"80.5,77.5,81,83,84,85.5,86",19.9,75.7,91.43,MM090Y,1,1
514,514100451749510770514,"72.5,77.5,79,80,83,81",20.2,76.09,91.82,MM090Y,1,1
514,514100451749685470514,"75,77,78,80.5,79.5,80.5,81",15.7,70.24,85.93,MM090Y,1,1
514,514100451749510760514,"74,78,80.5,82.5,84.5,85,86.5,84.5,84",19.9,75.7,91.43,MM090Y,1,1
514,514100451749510730514,"74.5,78,81,82.5,83,84,86,84",20.0,75.83,91.56,MM090Y,1,1
514,514100451749510720514,"70.5,75,77.5,80,81,82.5,84.5,83",20.0,75.83,91.56,MM090Y,1,1
514,514100451749510710514,"72,74.5,76,78,78.5,80.5,82,81.5",20.0,75.83,91.56,MM090Y,1,1
514,514100451749510700514,"73.5,74,79.5,80.5,82,83.5,83,84",20.1,75.96,91.69,MM090Y,1,1
514,514100451749510690514,"75,79,82,84,84.5,85,86,88.5",20.0,75.83,91.56,MM090Y,1,1
514,514100451749510670514,"72,78,79.5,81,83,84,84.5",20.1,75.96,91.69,MM090Y,1,1
514,514100451749510660514,"71,77,80,81.5,82,83.5,83",20.1,75.96,91.69,MM090Y,1,1
514,514100451749510630514,"73.5,77,80.5,82,83.5,85,84",20.1,75.96,91.69,MM090Y,1,1
514,514100451749510620514,"73,77.5,79.5,80.5,81,82.5,83.5",20.1,75.96,91.69,MM090Y,1,1
514,514100451749510610514,"74.5,78.5,81,82,82.5,83,84.5,83.5",20.2,76.09,91.82,MM090Y,1,1
514,514100451749513370514,"66,71.5,75,74,75,77.5,77",16.0,70.63,86.32,MM090Y,1,1
514,514100451749510580514,"76.5,79,81,83,84,85,86,86.5,87",20.2,76.09,91.82,MM090Y,1,1
514,514100451749684530514,"72.5,76,77,78.5,79,80,80.5,80",15.3,69.72,85.4,MM090Y,1,1
514,514100451749510560514,"74.5,78,79,80.5,81.5,82.5,84,85",20.3,76.22,91.95,MM090Y,1,1
514,514100451749510520514,"77,79,80.5,82,83.5,84,86.5",20.3,76.22,91.95,MM090Y,1,1
514,514100451749510510514,"72.5,77.5,80.5,83,82.5,84,84.5,84",20.5,76.48,92.21,MM090Y,1,1
514,514100451749685240514,"68,68.5,71.5,75,78.5,78,80,79,79.5",16.0,70.63,86.32,MM090Y,1,1
514,514100451749510490514,"74.5,78.5,80.5,84.5,85,86,85.5,86.5",20.3,76.22,91.95,MM090Y,1,1
514,514100451749510460514,"70.5,75,76,77.5,77,80,80.5",20.4,76.35,92.08,MM090Y,1,1
514,514100451749512870514,"68.5,73,74,75.5,77,76.5,78.5,77.5",16.6,71.41,87.1,MM090Y,1,1
514,514100451749510440514,"78,79.5,82,83,85,86,85.5",20.5,76.48,92.21,MM090Y,1,1
514,514100451749510400514,"74,78.5,82.5,80.5,82.5,83.5,84",20.5,76.48,92.21,MM090Y,1,1
514,514100451749510380514,"76.5,80,83,85.5,87.5,88,89.5",20.6,76.61,92.34,MM090Y,1,1
514,514100451749510280514,"72.5,76,78,80,81.5,80.5",20.5,76.48,92.21,MM090Y,1,1
514,514100451749510250514,"75,77,80.5,82,83,84,83.5,83",20.5,76.48,92.21,MM090Y,1,1
514,514100451749510240514,"73,77,77.5,79.5,81,83.5,82.5,83",20.5,76.48,92.21,MM090Y,1,1
514,514100451749510210514,"72,77.5,80,81.5,81,82.5,81.5",21.1,77.26,93.0,MM090Y,1,1
514,514100451749510190514,"75,74.5,79,79.5,81,82.5,84",21.3,77.52,93.26,MM090Y,1,1
514,514100451749510160514,"74,78.5,82,83,83.5,83,84.5,86.5",20.9,77.0,92.74,MM090Y,1,1
514,514100451749510150514,"73.5,75.5,79,78.5,79,80.5,82.5,82",21.0,77.13,92.87,MM090Y,1,1
514,514100451749513480514,"73.5,77,78,76.5,79,83.5,82,83.5",18.5,73.88,89.59,MM090Y,1,1
514,514100451749510140514,"73,77,79,81,82.5,82,82.5,83",20.6,76.61,92.34,MM090Y,1,1
514,514100451749510100514,"74.5,77.5,79.5,82.5,82,81.5,82,82.5,83.5,82.5",20.7,76.74,92.47,MM090Y,1,1
514,514100451749510090514,"75.5,78,81,82,83,84,85",20.6,76.61,92.34,MM090Y,1,1
514,514100451749510020514,"69,71,75.5,76,77,79,80,79.5",20.7,76.74,92.47,MM090Y,1,1
514,514100451749685170514,"69.5,72,73,73.5,74.5,75.5,75,75.5",15.2,69.59,85.27,MM090Y,1,1
514,514100451749511600514,"69.5,71.5,74,75.5,76,77,77.5",18.3,73.62,89.33,MM090Y,1,1
514,514100451749510000514,"77.5,79,81.5,83,85.5,84.5,86.5,85",20.7,76.74,92.47,MM090Y,1,1
514,514100451749509980514,"75,80.5,82.5,83.5,84,84.5,86,86.5,85",20.7,76.74,92.47,MM090Y,1,1
514,514100451749509970514,"72,76.5,78,79,80,81.5,80.5",20.7,76.74,92.47,MM090Y,1,1
514,514100451749509960514,"73,78.5,79,80,81.5,82,82.5",20.7,76.74,92.47,MM090Y,1,1
514,514100451749509950514,"72,76,81,80.5,82,85,82.5,84",20.7,76.74,92.47,MM090Y,1,1
514,514100451749514030514,"68,70.5,73,73.5,75.5,76.5,77",16.2,70.89,86.58,MM090Y,1,1
514,514100451749509940514,"70.5,75.5,78,78.5,81.5,80,83.5,81.5",20.7,76.74,92.47,MM090Y,1,1
514,514100451749513680514,"70.5,75.5,78,80,79.5,80,81.5,81",18.7,74.14,89.85,MM090Y,1,1
514,514100451749509930514,"74,76.5,78.5,79.5,81.5,81,82,81.5",20.9,77.0,92.74,MM090Y,1,1
514,514100451749509900514,"77.5,79.5,81,82.5,83,84,83.5,87",20.8,76.87,92.61,MM090Y,1,1
514,514100451749509890514,"72,75,77,80,81,81.5,80.5",20.8,76.87,92.61,MM090Y,1,1
514,514100451749509880514,"72,76.5,78.5,80.5,81.5,83,83.5",20.8,76.87,92.61,MM090Y,1,1
514,514100451749509860514,"72,77,80,81.5,80,82.5,81",20.8,76.87,92.61,MM090Y,1,1
514,514100451749684460514,"71,75,77,79.5,80.5,81",15.4,69.85,85.53,MM090Y,1,1
514,514100451749510990514,"73,78,80,82.5,83.5,85,84.5",19.8,75.57,91.3,MM090Y,1,1
514,514100451749509850514,"74.5,78,79.5,81,83.5,85,85.5,86.5",20.9,77.0,92.74,MM090Y,1,1
514,514100451749509820514,"74.5,77,78,81,82.5,83,83.5",20.8,76.87,92.61,MM090Y,1,1
514,514100451749509810514,"72,77.5,78,81,82,83,84.5,82",20.8,76.87,92.61,MM090Y,1,1
514,514100451749685420514,"67.5,72.5,74,75.5,77,78,79,77.5",15.8,70.37,86.06,MM090Y,1,1
514,514100451749513600514,"72.5,75.5,80.5,80,80.5,82,82.5,82",18.5,73.88,89.59,MM090Y,1,1
514,514100451749509800514,"77.5,78.5,79.5,81,82,83,83.5,83",20.8,76.87,92.61,MM090Y,1,1
514,514100451749515480514,"70,77,78.5,77,78.5,80,79.5",17.7,72.84,88.54,MM090Y,1,1
514,514100451749509760514,"75.5,80.5,83.5,86.5,86,88.5,86",20.9,77.0,92.74,MM090Y,1,1
514,514100451749513840514,"69,79,79.5,80.5,81.5,82",18.3,73.62,89.33,MM090Y,1,1
514,514100451749509750514,"73.5,80.5,81.5,82,82.5,83.5",21.0,77.13,92.87,MM090Y,1,1
514,514100451749509730514,"74,78.5,80.5,83,85,84.5,86,85",21.0,77.13,92.87,MM090Y,1,1
514,514100451749684830514,"69.5,73,75,76,76.5,77",15.2,69.59,85.27,MM090Y,1,1
514,514100451749509720514,"69,72.5,76.5,78,79.5,81,82.5",21.0,77.13,92.87,MM090Y,1,1
514,514100451749509710514,"72.5,76.5,77,80,81,82,82.5,81.5",21.0,77.13,92.87,MM090Y,1,1
514,514100451749509700514,"77,81.5,82.5,81.5,84,84.5,85",20.9,77.0,92.74,MM090Y,1,1
514,514100451749509660514,"73.5,77,80,80.5,81,82,83.5",21.1,77.26,93.0,MM090Y,1,1
514,514100451749509620514,"77.5,81,83.5,85.5,86,87",21.1,77.26,93.0,MM090Y,1,1
514,514100451749509600514,"74.5,76,78.5,80.5,81,82,83",21.2,77.39,93.13,MM090Y,1,1
514,514100451749509590514,"69.5,74,77,79,80,80.5",21.2,77.39,93.13,MM090Y,1,1
514,514100451749509580514,"75.5,76.5,79,81.5,82,83,84.5,82.5",21.2,77.39,93.13,MM090Y,1,1
514,514100451749509570514,"76,77.5,78.5,79.5,80,82,83.5,83",21.2,77.39,93.13,MM090Y,1,1
514,514100451749509560514,"75,78,79.5,81,83.5,82.5,85,82",21.3,77.52,93.26,MM090Y,1,1
514,514100451749512540514,"69.5,74,77,79.5,79,79.5,80,80.5",17.2,72.19,87.89,MM090Y,1,1
514,514100451749509550514,"72.5,75,79,82,81,83,82,83,84",21.3,77.52,93.26,MM090Y,1,1
514,514100451749509540514,"75,77,82,82.5,84,85.5,88,85.5",21.3,77.52,93.26,MM090Y,1,1
514,514100451749510220514,"69.5,74.5,77.5,77,79,80,79.5",21.1,77.26,93.0,MM090Y,1,1
514,514100451749509520514,"73.5,76,78.5,78,81.5,81,83.5,82.5",21.3,77.52,93.26,MM090Y,1,1
514,514100451749509500514,"75.5,79,82,84,83.5,84.5,87,86",20.1,75.96,91.69,MM090Y,1,1
514,514100451749509480514,"75,76,80,82.5,83.5,83",20.1,75.96,91.69,MM090Y,1,1
514,514100451749514070514,"74.5,78,80,82,84,83.5,84.5,85",18.8,74.27,89.99,MM090Y,1,1
514,514100451749509470514,"74,77.5,80,80.5,82.5,84.5",21.3,77.52,93.26,MM090Y,1,1
514,514100451749684400514,"71,76,77.5,77,79.5,77.5",15.3,69.72,85.4,MM090Y,1,1
514,514100451749509460514,"73.5,79,80.5,81,81.5,84,85",21.3,77.52,93.26,MM090Y,1,1
514,514100451749509430514,"73.5,77,79.5,81,80.5,81.5,82.5,83.5",20.2,76.09,91.82,MM090Y,1,1
514,514100451749509420514,"79.5,82,84.5,86.5,88,87",20.1,75.96,91.69,MM090Y,1,1
514,514100451749509410514,"74,79.5,83,82.5,85,83.5,85,85.5",20.1,75.96,91.69,MM090Y,1,1
514,514100451749510180514,"73,78,78.5,80,81,82,82.5,82",21.3,77.52,93.26,MM090Y,1,1
514,514100451749509400514,"73,77,80,81,82,83,84,84.5",20.1,75.96,91.69,MM090Y,1,1
514,514100451749514640514,"72,77,79,82,81.5,81",17.7,72.84,88.54,MM090Y,1,1
514,514100451749509390514,"76,80,81.5,82,86,83.5",20.1,75.96,91.69,MM090Y,1,1
514,514100451749509610514,"72.5,74.5,78.5,79,79.5,80.5,80",21.1,77.26,93.0,MM090Y,1,1
514,514100451749509370514,"79.5,81.5,84,85,84.5,85.5,88.5,87.5",21.4,77.65,93.39,MM090Y,1,1
514,514100451749509340514,"73,77,80,82,81.5,82.5,84,82.5",21.4,77.65,93.39,MM090Y,1,1
514,514100451749509310514,"70.5,75,78,77.5,79.5,81,82,80.5",20.2,76.09,91.82,MM090Y,1,1
514,514100451749509240514,"77.5,80.5,83.5,82.5,81.5,84,84.5,85,85.5,85",20.1,75.96,91.69,MM090Y,1,1
514,514100451749509230514,"70.5,73.5,74,76.5,77.5,78,80,78.5",20.1,75.96,91.69,MM090Y,1,1
514,514100451749509200514,"69.5,70.5,74,75.5,77.5,76.5,77.5,77",20.2,76.09,91.82,MM090Y,1,1
514,514100451749509190514,"70.5,72.5,74,75.5,77,78.5,78,79.5",20.2,76.09,91.82,MM090Y,1,1
514,514100451749509180514,"71,73,75,76,79,80.5,82,83.5",20.1,75.96,91.69,MM090Y,1,1
514,514100451749509160514,"75.5,78.5,81,82.5,81.5,84,85,84",20.1,75.96,91.69,MM090Y,1,1
514,514100451749509140514,"79.5,81.5,83,85,83.5,85,86,85",20.3,76.22,91.95,MM090Y,1,1
514,514100451749509110514,"75.5,78.5,79.5,81.5,81,82,84,82.5",20.2,76.09,91.82,MM090Y,1,1
514,514100451749509090514,"71.5,75.5,76.5,77.5,78.5,80,81.5,80.5",20.3,76.22,91.95,MM090Y,1,1
514,514100451749509080514,"75.5,79,81,82.5,83.5,83",20.3,76.22,91.95,MM090Y,1,1
514,514100451749509070514,"75,77,80.5,81,82.5,83,84.5,83",20.1,75.96,91.69,MM090Y,1,1
514,514100451749509040514,"77.5,80,80.5,81.5,83.5,84,82.5,83",20.1,75.96,91.69,MM090Y,1,1
514,514100451749511110514,"73.5,78.5,81,81.5,82.5,83,84.5,83",19.7,75.44,91.16,MM090Y,1,1
514,514100451749509030514,"77.5,80,82,82.5,83.5,86,85",20.1,75.96,91.69,MM090Y,1,1
514,514100451749509010514,"74,77,79,79.5,82,81,83,84",20.2,76.09,91.82,MM090Y,1,1
514,514100451749508990514,"79,81,83.5,84.5,87,86",20.1,75.96,91.69,MM090Y,1,1
514,514100451749508970514,"77.5,79,82.5,83,84.5,86,86.5,85.5",20.1,75.96,91.69,MM090Y,1,1
514,514100451749508960514,"73.5,78.5,82,82.5,83,84,85,85.5",20.1,75.96,91.69,MM090Y,1,1
514,514100451749508950514,"74.5,77.5,79.5,82,83.5,84,83.5,84",20.1,75.96,91.69,MM090Y,1,1
514,514100451749508930514,"78,82.5,83,84.5,85.5,84.5,86,85",20.1,75.96,91.69,MM090Y,1,1
514,514100451749510410514,"77.5,80,83,85,85.5,86.5,88,86.5",20.5,76.48,92.21,MM090Y,1,1
514,514100451749508920514,"76,79.5,81.5,80.5,81,83.5,82.5",20.2,76.09,91.82,MM090Y,1,1
514,514100451749508890514,"76.5,79,81,83,84,85.5,86,85",20.2,76.09,91.82,MM090Y,1,1
514,514100451749685310514,"67.5,72.5,73.5,74,76.5,75.5,76.5,77.5",15.9,70.5,86.19,MM090Y,1,1
514,514100451749513550514,"72,76,79,78.5,80,79.5,81.5,82.5",18.5,73.88,89.59,MM090Y,1,1
514,514100451749508880514,"76,79.5,82.5,83.5,84,85.5,84.5,86,85",20.2,76.09,91.82,MM090Y,1,1
514,514100451749508870514,"77.5,79.5,84,84.5,84,86.5,86,87",20.1,75.96,91.69,MM090Y,1,1
514,514100451749508860514,"77,79,82.5,83.5,85.5,86.5,86,86.5",20.1,75.96,91.69,MM090Y,1,1
514,514100451749513000514,"72.5,75.5,77.5,78.5,79.5,78.5",16.2,70.89,86.58,MM090Y,1,1
514,514100451749508850514,"76,77.5,80.5,82.5,81.5,83.5,84.5,84",20.2,76.09,91.82,MM090Y,1,1
514,514100451749508840514,"75,79,82.5,84.5,84,85.5,85",20.2,76.09,91.82,MM090Y,1,1
514,514100451749508830514,"75,79.5,83,83.5,84.5,86.5,86",20.2,76.09,91.82,MM090Y,1,1
514,514100451749508820514,"75.5,78,80.5,82,83,84,85.5,84.5",20.2,76.09,91.82,MM090Y,1,1
514,514100451749508800514,"75,76,80,81,83,82,85,84.5",20.2,76.09,91.82,MM090Y,1,1
514,514100451749508790514,"79,80.5,83,82.5,84.5,85,86,86.5",20.3,76.22,91.95,MM090Y,1,1
514,514100451749508770514,"78.5,83,83.5,84,85,86.5,85.5",20.2,76.09,91.82,MM090Y,1,1
514,514100451749513820514,"74,78.5,81.5,82,81,82.5,83.5,77.5",18.3,73.62,89.33,MM090Y,1,1
514,514100451749508750514,"74.5,80,83.5,84.5,85.5,86.5,88",20.2,76.09,91.82,MM090Y,1,1
514,514100451749508730514,"73.5,77.5,79,79.5,81.5,82,82.5,83.5",20.3,76.22,91.95,MM090Y,1,1
514,514100451749508710514,"75,77,81,83,83.5,84.5,85",20.2,76.09,91.82,MM090Y,1,1
514,514100451749685080514,"75.5,76.5,77.5,79.5,80,81,82.5",16.3,71.02,86.71,MM090Y,1,1
514,514100451749514890514,"73,76.5,79,79.5,80,81,81.5,82",18.4,73.75,89.46,MM090Y,1,1
514,514100451749510640514,"71.5,75,77,80.5,82,83.5,83",20.1,75.96,91.69,MM090Y,1,1
514,514100451749508700514,"71.5,76,80,80.5,81.5,82.5,83,84,84.5",20.2,76.09,91.82,MM090Y,1,1
514,514100451749508690514,"74.5,79,82.5,85,82.5,84.5,83,84.5",20.2,76.09,91.82,MM090Y,1,1
514,514100451749509380514,"76.5,81.5,86,85.5,86,86.5,87,86.5",20.1,75.96,91.69,MM090Y,1,1
514,514100451749508680514,"75,78,81,82,83,85.5,84.5",20.2,76.09,91.82,MM090Y,1,1
514,514100451749508660514,"73,77.5,80,81.5,82,83,85,84",20.3,76.22,91.95,MM090Y,1,1
514,514100451749508640514,"76.5,80.5,82.5,83.5,82.5,84,85,85.5",20.3,76.22,91.95,MM090Y,1,1
514,514100451749508620514,"77.5,80,81.5,83.5,84,85,85.5,86",20.3,76.22,91.95,MM090Y,1,1
514,514100451749511050514,"75,77.5,80.5,82,81,84,85,83.5",19.7,75.44,91.16,MM090Y,1,1
514,514100451749508600514,"75,78.5,80.5,81.5,83,84.5,85,85.5",20.4,76.35,92.08,MM090Y,1,1
514,514100451749508590514,"76.5,80.5,80,81,82.5,83,82,84.5",20.4,76.35,92.08,MM090Y,1,1
514,514100451749508580514,"78,81.5,83.5,84.5,83.5,84.5,86,85.5",20.4,76.35,92.08,MM090Y,1,1
514,514100451749512260514,"69.5,72,71,74.5,75.5,76,77",17.0,71.93,87.63,MM090Y,1,1
514,514100451749508530514,"71,76,78,79.5,82,81.5,83.5,81.5",20.4,76.35,92.08,MM090Y,1,1
514,514100451749508520514,"78,74,79.5,82.5,83,84,84.5",20.4,76.35,92.08,MM090Y,1,1
514,514100451749508510514,"71.5,77,80,82,81,83,84,82.5,83",20.4,76.35,92.08,MM090Y,1,1
514,514100451749508490514,"75,78,79.5,82,83,84.5,85",20.4,76.35,92.08,MM090Y,1,1
514,514100451749508480514,"75.5,77,78,81,81.5,83,84,86,85",20.4,76.35,92.08,MM090Y,1,1
514,514100451749508470514,"76,77.5,80.5,82.5,84.5,85,86,86.5",20.4,76.35,92.08,MM090Y,1,1
514,514100451749508450514,"76,79.5,82,80,83.5,85.5,84.5",20.4,76.35,92.08,MM090Y,1,1
514,514100451749508440514,"79.5,82,85.5,86,86.5,88.5,87.5",20.4,76.35,92.08,MM090Y,1,1
514,514100451749508420514,"77.5,82,85.5,85,86.5,87.5,89",20.4,76.35,92.08,MM090Y,1,1
514,514100451749508410514,"73.5,77,83,83.5,84.5,83.5,86.5,83.5",20.4,76.35,92.08,MM090Y,1,1
514,514100451749508390514,"77.5,82,83.5,85.5,86.5,87,88.5,89.5",20.4,76.35,92.08,MM090Y,1,1
514,514100451749509650514,"71.5,77,81,80.5,82,83,85",21.3,77.52,93.26,MM090Y,1,1
514,514100451749508380514,"76.5,82,85.5,86.5,88,87.5,89.5,88",20.4,76.35,92.08,MM090Y,1,1
514,514100451749508360514,"77.5,82.5,84,86,87,84",20.4,76.35,92.08,MM090Y,1,1
514,514100451749508320514,"70.5,72,74.5,76,76.5,77,78,76.5",16.3,71.02,86.71,MM090Y,1,1
514,514100451749508290514,"72,73,75.5,76.5,76,75.5,77.5,76",17.6,72.71,88.41,MM090Y,1,1
514,514100451749508250514,"69,71.5,70,73,74,74.5,73.5",16.8,71.67,87.37,MM090Y,1,1
514,514100451749508240514,"69,73,75,76.5,76,75.5,78,77",16.8,71.67,87.37,MM090Y,1,1
514,514100451749508230514,"69.5,70.5,72,74,76,76.5,78,77.5",16.6,71.41,87.1,MM090Y,1,1
514,514100451749508220514,"67,72,72.5,77,76.5,77,78.5,79.5",16.7,71.54,87.23,MM090Y,1,1
514,514100451749508210514,"67,69,72.5,74.5,77.5",16.6,71.41,87.1,MM090Y,1,1
514,514100451749508200514,"69.5,72,74,77,77.5,76.5,78,79",16.6,71.41,87.1,MM090Y,1,1
514,514100451749508190514,"71,73,75,76,77,77.5",16.8,71.67,87.37,MM090Y,1,1
514,514100451749508180514,"71.5,76,76.5,78.5,79,80.5,79.5",16.6,71.41,87.1,MM090Y,1,1
514,514100451749511620514,"70.5,74,74.5,76,77,78.5,78,79,77.5",18.2,73.49,89.2,MM090Y,1,1
514,514100451749508170514,"75,76,78,77,78.5,79,79.5",16.5,71.28,86.97,MM090Y,1,1
514,514100451749508160514,"74,75.5,78,78.5,79,80.5,79",16.5,71.28,86.97,MM090Y,1,1
514,514100451749508130514,"75,78,79,84,83.5,84.5,84,83.5",16.7,71.54,87.23,MM090Y,1,1
514,514100451749514110514,"76,77.5,79,80.5,82.5,82,83.5,84.5",18.7,74.14,89.85,MM090Y,1,1
514,514100451749508120514,"73,74.5,76,79,80,79.5,81,79",16.6,71.41,87.1,MM090Y,1,1
514,514100451749508100514,"73.5,72.5,73.5,77.5,79,80,79.5,79,80.5",16.7,71.54,87.23,MM090Y,1,1
514,514100451749508090514,"70.5,76,76.5,80.5,82,82.5,83",16.8,71.67,87.37,MM090Y,1,1
514,514100451749508080514,"72.5,73.5,76.5,79,80,80.5,81,79",16.8,71.67,87.37,MM090Y,1,1
514,514100451749508070514,"70,75,74.5,79.5,80.5,82.5,83.5,83",16.8,71.67,87.37,MM090Y,1,1
514,514100451749508060514,"74,77,80,81,82.5,81.5,84,82.5",16.8,71.67,87.37,MM090Y,1,1
514,514100451749508050514,"68,72,74.5,75,74.5,78,79,77.5",16.8,71.67,87.37,MM090Y,1,1
514,514100451749508010514,"71,75.5,76.5,78.5,78,78.5,80.5,80",16.9,71.8,87.5,MM090Y,1,1
514,514100451749508000514,"71,74.5,77.5,78.5,80,80.5,80",17.0,71.93,87.63,MM090Y,1,1
514,514100451749507930514,"70,75,77,78.5,79.5,80.5,79",17.4,72.45,88.15,MM090Y,1,1
514,514100451749507920514,"72.5,76,78,79,80,79.5,80.5,79.5,81.5",17.2,72.19,87.89,MM090Y,1,1
514,514100451749509120514,"71.5,74,77,81.5,80.5,82.5,83.5,82",20.1,75.96,91.69,MM090Y,1,1
514,514100451749507890514,"73.5,75.5,77,78,79,80,81,82",17.2,72.19,87.89,MM090Y,1,1
514,514100451749513630514,"69.5,75.5,78.5,80,81.5,82,82.5,81",18.3,73.62,89.33,MM090Y,1,1
514,514100451749512780514,"66.5,71.5,75,76.5,76,77.5,78,77.5",16.6,71.41,87.1,MM090Y,1,1
514,514100451749507870514,"70.5,75,78,80.5,81.5,79.5",17.2,72.19,87.89,MM090Y,1,1
514,514100451749512280514,"75,76.5,77,79,81,80.5,80,82,81.5",17.2,72.19,87.89,MM090Y,1,1
514,514100451749507840514,"71,72.5,74,75.5,76.5,75,77,76",17.3,72.32,88.02,MM090Y,1,1
514,514100451749507820514,"70,75,74,75.5,79,79.5,79,79.5",17.4,72.45,88.15,MM090Y,1,1
514,514100451749507810514,"70,73,74.5,75,76,77,78.5,79.5,80.5",17.3,72.32,88.02,MM090Y,1,1
514,514100451749507790514,"70,74.5,75.5,78.5,77.5,78,79.5,78.5",17.5,72.58,88.28,MM090Y,1,1
514,514100451749507760514,"71.5,76,77.5,78.5,79.5,79,79.5",17.6,72.71,88.41,MM090Y,1,1
514,514100451749507750514,"73,74.5,78.5,80.5,80,81,82.5,82",17.5,72.58,88.28,MM090Y,1,1
514,514100451749684410514,"69.5,74.5,76.5,77,78,79,80.5,79.5",15.2,69.59,85.27,MM090Y,1,1
514,514100451749516290514,"67,70,73,75,77.5,76.5,77,76.5",17.3,72.32,88.02,MM090Y,1,1
514,514100451749507740514,"71,74,74.5,77,79,77.5",17.8,72.97,88.68,MM090Y,1,1
514,514100451749507720514,"67.5,72.5,73.5,74.5,75,76,77.5,76",17.6,72.71,88.41,MM090Y,1,1
514,514100451749512610514,"72,75.5,79,79.5,78.5,79,80,79.5",17.0,71.93,87.63,MM090Y,1,1
514,514100451749509910514,"73,76.5,79,80.5,81.5,83",20.8,76.87,92.61,MM090Y,1,1
514,514100451749512570514,"69,73.5,74.5,78,77,77.5,78.5,79",17.1,72.06,87.76,MM090Y,1,1
514,514100451749507700514,"76,80,80.5,81.5,81,81.5,84,81.5",17.6,72.71,88.41,MM090Y,1,1
514,514100451749514300514,"73,76,77,78.5,78,81,80.5,81.5",18.5,73.88,89.59,MM090Y,1,1
514,514100451749507670514,"72.5,72,75,78,79,79.5,80,81.5,80.5",17.7,72.84,88.54,MM090Y,1,1
514,514100451749507650514,"71.5,74,76,78,78.5,78,78.5,80,80.5",17.8,72.97,88.68,MM090Y,1,1
514,514100451749507640514,"68,71,74,76.5,78,80.5,78.5",17.7,72.84,88.54,MM090Y,1,1
514,514100451749513520514,"68,73.5,76.5,77.5,79.5,81,80.5",18.5,73.88,89.59,MM090Y,1,1
514,514100451749507600514,"72,73.5,76.5,78,78.5,80,79.5",17.8,72.97,88.68,MM090Y,1,1
514,514100451749513930514,"66,73.5,79.5,80.5,80,81,82",17.9,73.1,88.81,MM090Y,1,1
514,514100451749507590514,"71.5,76,77.5,79.5,80.5,81.5,81,83",17.7,72.84,88.54,MM090Y,1,1
514,514100451749509680514,"71,74,76,77,79,78.5,78,79,80.5",21.0,77.13,92.87,MM090Y,1,1
514,514100451749507580514,"74,76,76.5,78.5,80,79.5,80,80.5,81,80.5,81.5",17.8,72.97,88.68,MM090Y,1,1
514,514100451749510680514,"73,78,79.5,80.5,81,82,83.5,82",20.0,75.83,91.56,MM090Y,1,1
514,514100451749507550514,"69.5,74.5,75.5,77,79,80.5,80",17.9,73.1,88.81,MM090Y,1,1
514,514100451749514240514,"74.5,76.5,78,80,81,82,83",18.7,74.14,89.85,MM090Y,1,1
514,514100451749507540514,"72,77,79,81.5,83,83.5,84,82.5",17.9,73.1,88.81,MM090Y,1,1
514,514100451749507530514,"72,73,74.5,77,77.5,79.5,81,81.5,83.5",17.9,73.1,88.81,MM090Y,1,1
514,514100451749515340514,"69.5,73.5,76,77,78.5,76.5,78,77.5",17.8,72.97,88.68,MM090Y,1,1
514,514100451749507510514,"72.5,79.5,80.5,83,83.5,84,83.5",18.1,73.36,89.07,MM090Y,1,1
514,514100451749507500514,"75,77,80.5,81.5,83.5,85",18.0,73.23,88.94,MM090Y,1,1
514,514100451749514130514,"71.5,73.5,77,78,79,79.5,80.5,78.5",15.8,70.37,86.06,MM090Y,1,1
514,514100451749507470514,"72,75.5,79.5,80.5,81.5,82.5,82",18.2,73.49,89.2,MM090Y,1,1
514,514100451749507450514,"71.5,75,79,78.5,80,81.5,82",18.1,73.36,89.07,MM090Y,1,1
514,514100451749507440514,"74,80.5,81,84.5,85,85.5",18.1,73.36,89.07,MM090Y,1,1
514,514100451749507430514,"75.5,78,81.5,83.5,82.5,84.5,85.5,85",18.1,73.36,89.07,MM090Y,1,1
514,514100451749507420514,"73.5,77.5,79,81.5,82.5,82,83.5,82.5",18.1,73.36,89.07,MM090Y,1,1
514,514100451749508630514,"74,77.5,78,80,80.5,82.5,82",20.3,76.22,91.95,MM090Y,1,1
514,514100451749507410514,"73,77,79,80.5,80,83.5,81.5",18.2,73.49,89.2,MM090Y,1,1
514,514100451749684850514,"69.5,72,75,76,77,76.5,79,78",15.2,69.59,85.27,MM090Y,1,1
514,514100451749507780514,"66.5,71,72.5,74.5,76.5,77,76.5",17.4,72.45,88.15,MM090Y,1,1
514,514100451749507380514,"76,79,80,82,83,83.5,84,83",18.2,73.49,89.2,MM090Y,1,1
514,514100451749507280514,"68,72,73.5,76,76.5,77,77.5,77",18.2,73.49,89.2,MM090Y,1,1
514,514100451749507240514,"70,73,74.5,75,76.5,77,78.5,79",18.2,73.49,89.2,MM090Y,1,1
514,514100451749507230514,"69.5,71.5,74,74.5,76,76.5,75.5",18.2,73.49,89.2,MM090Y,1,1
514,514100451749507220514,"73,74.5,76,77,77.5,78,77.5,78.5",18.2,73.49,89.2,MM090Y,1,1
514,514100451749507140514,"76.5,82,84,84.5,85,86,84.5",18.8,74.27,89.99,MM090Y,1,1
514,514100451749507120514,"72,74.5,77.5,79.5,80,81,82,81",19.2,74.79,90.51,MM090Y,1,1
514,514100451749514930514,"75.5,78.5,80,80.5,81,81.5,83,82.5",18.3,73.62,89.33,MM090Y,1,1
514,514100451749507100514,"71.5,76,78.5,81.5,80.5,82.5,81",18.3,73.62,89.33,MM090Y,1,1
514,514100451749507090514,"76,79,82.5,84,84.5,85.5,86,85.5,85,85.5,85,84.5",18.5,73.88,89.59,MM090Y,1,1
514,514100451749507080514,"71,76,79,80,80.5,81.5,83,82.5",18.4,73.75,89.46,MM090Y,1,1
514,514100451749507070514,"74,79,82.5,83,83.5,82,84,83",18.4,73.75,89.46,MM090Y,1,1
514,514100451749509170514,"76,78.5,81,82,81.5,82,83.5",20.2,76.09,91.82,MM090Y,1,1
514,514100451749507060514,"71.5,74.5,76.5,77.5,78,77.5,79,78",18.4,73.75,89.46,MM090Y,1,1
514,514100451749507040514,"70,74.5,76,79,78.5,80,81.5,81,82.5",18.3,73.62,89.33,MM090Y,1,1
514,514100451749507030514,"73.5,76,79.5,80.5,81,81.5,81",18.4,73.75,89.46,MM090Y,1,1
514,514100451749685440514,"68,70.5,73.5,75.5,76.5,77,79,81.5,79.5",15.6,70.11,85.79,MM090Y,1,1
514,514100451749507020514,"71.5,74.5,77,78,79.5,80,80.5,82",18.3,73.62,89.33,MM090Y,1,1
514,514100451749507000514,"78,81,82.5,83,84.5,86,86.5,84.5",18.8,74.27,89.99,MM090Y,1,1
514,514100451749506990514,"75,71,78,78.5,80.5,79,80.5,79.5",18.5,73.88,89.59,MM090Y,1,1
514,514100451749515970514,"73,77,78.5,79.5,80,81,82.5,81.5",17.4,72.45,88.15,MM090Y,1,1
514,514100451749510780514,"78,78.5,84,83,84,85,84",19.9,75.7,91.43,MM090Y,1,1
514,514100451749506980514,"75,74.5,76.5,78,78.5,79.5,80",18.5,73.88,89.59,MM090Y,1,1
514,514100451749506970514,"74,75.5,77,77.5,78.5,79,77.5",18.4,73.75,89.46,MM090Y,1,1
514,514100451749684790514,"70.5,72.5,75.5,76.5,78,79,77.5",15.3,69.72,85.4,MM090Y,1,1
514,514100451749513910514,"69,75.5,78,81.5,83,82.5,83.5,83",18.0,73.23,88.94,MM090Y,1,1
514,514100451749512590514,"69.5,73.5,75.5,76,77,78,77.5",17.1,72.06,87.76,MM090Y,1,1
514,514100451749417850514,"72.5,75,77,78,77.5,79.5,80.5,79.5",16.3,71.02,86.71,MM090Y,1,1
514,514100451749414210514,"66,68.5,72,75,78,78.5,76,79.5",17.3,72.32,88.02,MM090Y,1,1
514,514100451749504700514,"75,77.5,78.5,80.5,81.5,82.5,83.5,85,84",20.3,76.22,91.95,MM090Y,1,1
514,514100451749417840514,"70,71,74,74.5,76.5,77,77.5,76.5",16.4,71.15,86.84,MM090Y,1,1
514,514100451749417300514,"68.5,72,74.5,76,76.5,80,79",19.0,74.53,90.25,MM090Y,1,1
514,514100451749510200514,"73.5,80,80.5,81.5,82.5,84.5,83",21.3,77.52,93.26,MM090Y,1,1
514,514100451749506800514,"73.5,77.5,80.5,83.5,82,84,84.5",18.8,74.27,89.99,MM090Y,1,1
514,514100451749417780514,"74,74.5,78.5,79,80,81.5,79.5",16.8,71.67,87.37,MM090Y,1,1
514,514100451749412890514,"75.5,77.5,81,80.5,82.5,83.5,84.5,84",19.4,75.05,90.77,MM090Y,1,1
514,514100451749415640514,"74,77.5,80,80.5,80,81.5,80.5,82,81",17.2,72.19,87.89,MM090Y,1,1
514,514100451749417740514,"69.5,74,76,77.5,79,79.5,77",16.9,71.8,87.5,MM090Y,1,1
514,514100451749417730514,"72,75,76,77.5,78.5,80,79.5,81",16.9,71.8,87.5,MM090Y,1,1
514,514100451749417410514,"73,78.5,79,81,82,82.5,82",18.3,73.62,89.33,MM090Y,1,1
514,514100451749417530514,"75.5,77,80,79.5,82,81.5,84",18.1,73.36,89.07,MM090Y,1,1
514,514100451749510040514,"72.5,76.5,77.5,79.5,81,83.5,82",20.8,76.87,92.61,MM090Y,1,1
514,514100451749417470514,"68.5,74,78,79.5,79,80,81,82",18.0,73.23,88.94,MM090Y,1,1
514,514100451749512960514,"73,75.5,76,77.5,78.5,78",16.6,71.41,87.1,MM090Y,1,1
514,514100451749508110514,"70,73,76,76.5,77.5,79,79.5,79,78.5",16.9,71.8,87.5,MM090Y,1,1
514,514100451749416670514,"70.5,74.5,76,78.5,77.5,79,78.5",16.4,71.15,86.84,MM090Y,1,1
514,514100451749417700514,"68.5,72,73,75,74.5,76,79,78.5",17.0,71.93,87.63,MM090Y,1,1
514,514100451749514960514,"70,73,76.5,77.5,78.5,79.5,78.5,79.5",18.3,73.62,89.33,MM090Y,1,1
514,514100451749510800514,"73.5,76.5,80,81,82,85.5,84,86.5",19.9,75.7,91.43,MM090Y,1,1
514,514100451749417450514,"75,77,81.5,82.5,84,83.5,84,84.5,84",18.1,73.36,89.07,MM090Y,1,1
514,514100451749508980514,"75.5,79.5,81,83.5,82.5,83,84.5,83.5",20.1,75.96,91.69,MM090Y,1,1
514,514100451749508500514,"71,77,80,81,82,82.5,83",20.4,76.35,92.08,MM090Y,1,1
514,514100451749417690514,"71.5,72.5,75,74.5,75,73.5,76.5,75.5",17.1,72.06,87.76,MM090Y,1,1
514,514100451749512600514,"70.5,73.5,75.5,77,76.5,78,79",17.0,71.93,87.63,MM090Y,1,1
514,514100451749512200514,"71.5,70.5,78.5,79,81,80.5,81,80.5",17.2,72.19,87.89,MM090Y,1,1
514,514100451749506400514,"69,70.5,73.5,74.5,75.5,77.5,79,80,80.5,81,80.5",20.9,77.0,92.74,MM090Y,1,1
514,514100451749685670514,"68.5,72,75,78.5,76.5,77.5,77",15.7,70.24,85.93,MM090Y,1,1
514,514100451749417400514,"74,77,78.5,79.5,81,81.5,80.5",18.4,73.75,89.46,MM090Y,1,1
514,514100451749417380514,"72,77,78.5,78,78.5,79.5,80,81,81.5",18.4,73.75,89.46,MM090Y,1,1
514,514100451749514380514,"77.5,81,83,85,87.5,88.5,87",18.2,73.49,89.2,MM090Y,1,1
514,514100451749514370514,"76,81.5,83.5,83,85.5,84.5",18.2,73.49,89.2,MM090Y,1,1
514,514100451749417360514,"71.5,74.5,79,80,79.5,80.5,79.5,80,80.5",18.5,73.88,89.59,MM090Y,1,1
514,514100451749511980514,"70,72.5,74,77.5,78,78.5,79,79.5",17.5,72.58,88.28,MM090Y,1,1
514,514100451749508330514,"69.5,72.5,75,77,76.5,78,79",16.3,71.02,86.71,MM090Y,1,1
514,514100451749417340514,"71.5,74,76.5,77.5,78.5,79.5,81,80.5",18.4,73.75,89.46,MM090Y,1,1
514,514100451749507010514,"73,76,76.5,79,77,78,79,79.5,80.5",18.4,73.75,89.46,MM090Y,1,1
514,514100451749501420514,"67,71,72.5,74.5,75,75.5,76.5,77.5",15.2,69.59,85.27,MM090Y,1,1
514,514100451749503420514,"78.5,81.5,83,82.5,83.5,84,85",20.5,76.48,92.21,MM090Y,1,1
514,514100451749515910514,"73,76.5,77.5,78,79.5,80,80.5",17.7,72.84,88.54,MM090Y,1,1
514,514100451749505050514,"77.5,79.5,82,83,84,83.5,85,86,86.5,85,87",21.6,77.92,93.65,MM090Y,1,1
514,514100451749417280514,"71.5,75,77.5,79,80.5,80,82,81",18.9,74.4,90.12,MM090Y,1,1
514,514100451749412740514,"74,78,76.5,80.5,81.5,83,81",18.9,74.4,90.12,MM090Y,1,1
514,514100451749417130514,"76.5,78.5,82,83.5,84,86,84",18.5,73.88,89.59,MM090Y,1,1
514,514100451749411980514,"73.5,77,79,78.5,80.5,83,82.5,79.5",17.0,71.93,87.63,MM090Y,1,1
514,514100451749503660514,"71.5,69,70.5,70,72.5,73.5,72.5,71.5,73,72.5",13.7,67.64,83.31,MM090Y,1,1
514,514100451749503000514,"64,66,66.5,68.5,70,71.5,72.5,72",12.1,65.56,81.21,MM090Y,1,1
514,514100451749507960514,"73.5,75.5,79,80.5,80,80.5,81.5,81",17.1,72.06,87.76,MM090Y,1,1
514,514100451749417660514,"76,78.5,80.5,81,81.5,82,82.5,80.5",17.1,72.06,87.76,MM090Y,1,1
514,514100451749417090514,"74,78,79.5,81.5,82,83.5,85.5,84.5",18.6,74.01,89.72,MM090Y,1,1
514,514100451749415480514,"69,73,75.5,77,77.5,78.5,78",17.1,72.06,87.76,MM090Y,1,1
514,514100451749512660514,"70.5,74.5,77.5,77,79,77",16.8,71.67,87.37,MM090Y,1,1
514,514100451749502660514,"64.5,67,71,71.5,73.5,75,74",12.8,66.47,82.13,MM090Y,1,1
514,514100451749417040514,"72.5,76.5,78.5,81.5,82,84,83",18.7,74.14,89.85,MM090Y,1,1
514,514100451749417020514,"75.5,76.5,79.5,81,81.5,82,81.5",18.8,74.27,89.99,MM090Y,1,1
514,514100451749515840514,"69.5,73,74.5,76,77.5,78,78.5,78",17.6,72.71,88.41,MM090Y,1,1
514,514100451749507770514,"71.5,73.5,75,77.5,78,77,79,76.5",17.4,72.45,88.15,MM090Y,1,1
514,514100451749414330514,"74,79,80.5,81.5,82,81.5,83.5,85,84",18.0,73.23,88.94,MM090Y,1,1
514,514100451749417260514,"76,79.5,81.5,84,85.5,84.5",18.8,74.27,89.99,MM090Y,1,1
514,514100451749416960514,"72,73,77,77.5,78.5,79.5,80",18.9,74.4,90.12,MM090Y,1,1
514,514100451749416930514,"74.5,79,81.5,82.5,83.5,85,86.5,85",19.1,74.66,90.38,MM090Y,1,1
514,514100451749416920514,"74,75.5,78.5,81,81.5,82,83,82.5",19.0,74.53,90.25,MM090Y,1,1
514,514100451749685110514,"71,73.5,75.5,78,77.5,79.5,80.5,80",16.3,71.02,86.71,MM090Y,1,1
514,514100451749413020514,"73,76.5,77.5,78,79,80.5,81",19.4,75.05,90.77,MM090Y,1,1
514,514100451749513860514,"71,74.5,77,78.5,79.5,80",18.1,73.36,89.07,MM090Y,1,1
514,514100451749416850514,"76.5,78.5,80,81.5,83,83.5,84,84.5",19.2,74.79,90.51,MM090Y,1,1
514,514100451749502830514,"70.5,72,73,74,75.5,75,74,75,77",13.1,66.86,82.52,MM090Y,1,1
514,514100451749504450514,"76,79.5,80,82,83,84,86.5,86",21.6,77.92,93.65,MM090Y,1,1
514,514100451749416840514,"72.5,76.5,80.5,84.5",19.2,74.79,90.51,MM090Y,1,1
514,514100451749417270514,"73,75,78.5,79,80,81.5,82,83.5",18.8,74.27,89.99,MM090Y,1,1
514,514100451749416870514,"74.5,77.5,78.5,81,82,83,83.5,84",19.1,74.66,90.38,MM090Y,1,1
514,514100451749510420514,"80.5,82,84.5,86.5,87,86",20.5,76.48,92.21,MM090Y,1,1
514,514100451749413320514,"74.5,77.5,79.5,83.5,82.5,84.5,85,83.5",18.6,74.01,89.72,MM090Y,1,1
514,514100451749416990514,"71,75,77.5,78.5,80,80.5,82.5,82",19.0,74.53,90.25,MM090Y,1,1
514,514100451749416800514,"72.5,77.5,79.5,83,85,84.5,85.5,86.5",19.3,74.92,90.64,MM090Y,1,1
514,514100451749414880514,"73.5,74.5,75.5,76,77,79,78.5,79,78,77.5,79,80",17.6,72.71,88.41,MM090Y,1,1
514,514100451749504120514,"71,75.5,79,77.5,79,80,80.5",20.3,76.22,91.95,MM090Y,1,1
514,514100451749513410514,"75.5,79.5,80,81,82.5,83,82.5",18.6,74.01,89.72,MM090Y,1,1
514,514100451749416770514,"70,76,78.5,79,79.5,81,81.5",19.0,74.53,90.25,MM090Y,1,1
514,514100451749504170514,"78,82.5,85,86,86.5,87.5,88.5",21.9,78.31,94.05,MM090Y,1,1
514,514100451749417060514,"76.5,79.5,81.5,81,83.5,83,85,83.5",18.7,74.14,89.85,MM090Y,1,1
514,514100451749416720514,"72.5,76.5,77,79.5,78,79,80.5,81,81.5",19.3,74.92,90.64,MM090Y,1,1
514,514100451749416700514,"74.5,77,78.5,79.5,80.5,81.5,82.5,82",19.3,74.92,90.64,MM090Y,1,1
514,514100451749685230514,"70.5,74,75.5,78,79,79.5,78",16.0,70.63,86.32,MM090Y,1,1
514,514100451749514260514,"73.5,77,80,81,82.5,81.5,83",18.5,73.88,89.59,MM090Y,1,1
514,514100451749416690514,"75.5,76.5,78.5,81,81.5,82.5,81,83,84",19.4,75.05,90.77,MM090Y,1,1
514,514100451749416050514,"73.5,73,75.5,78,80,79.5,81,80",16.7,71.54,87.23,MM090Y,1,1
514,514100451749511630514,"72.5,76,78,81,80.5,82.5,83.5,84",18.5,73.88,89.59,MM090Y,1,1
514,514100451749506790514,"74.5,77.5,81,83,84,83",18.8,74.27,89.99,MM090Y,1,1
514,514100451749504690514,"68.5,70.5,71.5,74,76.5,76,76.5,78,78.5",20.3,76.22,91.95,MM090Y,1,1
514,514100451749416580514,"72.5,74.5,76,78,80,81.5,82.5,83",19.3,74.92,90.64,MM090Y,1,1
514,514100451749413340514,"70.5,75,77.5,78.5,79,80,80.5",18.8,74.27,89.99,MM090Y,1,1
514,514100451749416570514,"74.5,78.5,81,81.5,84,84.5,85,84.5",19.3,74.92,90.64,MM090Y,1,1
514,514100451749509690514,"75,78.5,77.5,79.5,82.5,82,84,85",21.0,77.13,92.87,MM090Y,1,1
514,514100451749417520514,"67.5,68.5,73,74,77,77.5,79,77.5",17.9,73.1,88.81,MM090Y,1,1
514,514100451749417960514,"67.5,71,74,75.5,75,75.5,76.5,75",16.1,70.76,86.45,MM090Y,1,1
514,514100451749417480514,"71.5,73.5,76.5,78.5,77.5,79.5,78.5,80.5,81,82",18.1,73.36,89.07,MM090Y,1,1
514,514100451749415290514,"74,76.5,77,79,79.5,80,81.5,82,82.5,84",17.2,72.19,87.89,MM090Y,1,1
514,514100451749416530514,"69.5,73.5,78,79.5,80,81",19.2,74.79,90.51,MM090Y,1,1
514,514100451749416520514,"72.5,76,77.5,78.5,80.5,81,82",19.2,74.79,90.51,MM090Y,1,1
514,514100451749515100514,"72.5,77.5,79,80,81.5,82",18.1,73.36,89.07,MM090Y,1,1
514,514100451749417580514,"68.5,72,72.5,76,77.5,78,79,76.5",17.9,73.1,88.81,MM090Y,1,1
514,514100451749414870514,"72.5,77,78.5,79,80.5,81.5,83,82",17.6,72.71,88.41,MM090Y,1,1
514,514100451749416510514,"72.5,77,78.5,81,79.5,80.5,81",19.3,74.92,90.64,MM090Y,1,1
514,514100451749414890514,"71,75,78,80.5,82,81.5",17.4,72.45,88.15,MM090Y,1,1
514,514100451749511750514,"73,76.5,78,79.5,80,82.5,81,82",17.9,73.1,88.81,MM090Y,1,1
514,514100451749412090514,"73,76,77.5,78,78.5,77.5,80,79",16.7,71.54,87.23,MM090Y,1,1
514,514100451749684330514,"69,72.5,76.5,77.5,77,76.5,74,76.5,79,79.5",15.4,69.85,85.53,MM090Y,1,1
514,514100451749510890514,"73,76.5,77.5,79.5,80,82.5,82,83,82.5",19.8,75.57,91.3,MM090Y,1,1
514,514100451749503770514,"64.5,70.5,69.5,70.5,71.5,71,72.5,74,73.5",13.5,67.38,83.04,MM090Y,1,1
514,514100451749416460514,"71,76,77,78,79.5,80,81",19.4,75.05,90.77,MM090Y,1,1
514,514100451749413490514,"72,71,74,75.5,78.5,79.5,80.5,78.5,81.5",19.0,74.53,90.25,MM090Y,1,1
514,514100451749508650514,"76.5,80,82.5,83.5,84.5,86,87.5,86.5",20.3,76.22,91.95,MM090Y,1,1
514,514100451749414340514,"73.5,77.5,81,79,80.5,81.5,82",18.0,73.23,88.94,MM090Y,1,1
514,514100451749416410514,"72.5,75.5,77,78.5,79,79.5,79,78",16.3,71.02,86.71,MM090Y,1,1
514,514100451749414610514,"70.5,75.5,74,76.5,77,77.5,77,78",17.2,72.19,87.89,MM090Y,1,1
514,514100451749416310514,"71.5,74,75.5,77,78.5,79.5,79",16.3,71.02,86.71,MM090Y,1,1
514,514100451749506060514,"75,77.5,80.5,81.5,81,83,82.5",20.0,75.83,91.56,MM090Y,1,1
514,514100451749417010514,"75,79.5,83,83.5,84,83,84,85",18.8,74.27,89.99,MM090Y,1,1
514,514100451749415190514,"72,77.5,80,81,82.5,83,82,83,84",17.6,72.71,88.41,MM090Y,1,1
514,514100451749502800514,"72,74,73.5,74,75.5,76.5,78,76",12.5,66.08,81.73,MM090Y,1,1
514,514100451749511910514,"72,74.5,78,80,82,83.5,84",17.6,72.71,88.41,MM090Y,1,1
514,514100451749417790514,"69,74,75,74.5,75.5,76,78,77",16.9,71.8,87.5,MM090Y,1,1
514,514100451749416300514,"75,76.5,78.5,79,81,78.5,80",16.3,71.02,86.71,MM090Y,1,1
514,514100451749502350514,"64.5,68.5,71.5,75,74.5,75,75.5,77",13.7,67.64,83.31,MM090Y,1,1
514,514100451749416320514,"69.5,72.5,75,75.5,76.5,77,78,76.5",16.3,71.02,86.71,MM090Y,1,1
514,514100451749416270514,"73,77.5,79.5,78,77.5,79.5,79,78.5,80.5",16.6,71.41,87.1,MM090Y,1,1
514,514100451749509770514,"74,76.5,79,81,82.5,83.5,83,83.5",20.9,77.0,92.74,MM090Y,1,1
514,514100451749416250514,"73.5,76,76.5,77.5,80,80.5,82,81.5",16.5,71.28,86.97,MM090Y,1,1
514,514100451749513030514,"69.5,70.5,71.5,73,74,75,73.5",16.2,70.89,86.58,MM090Y,1,1
514,514100451749415340514,"72,75,78,77.5,79,80,79",17.3,72.32,88.02,MM090Y,1,1
514,514100451749508280514,"68.5,71,72,73,74,75,76.5,75.5",17.4,72.45,88.15,MM090Y,1,1
514,514100451749416230514,"72.5,73,73.5,75,76.5,78,79.5,79",16.4,71.15,86.84,MM090Y,1,1
514,514100451749416910514,"70.5,72.5,76.5,77.5,79.5,79",16.5,71.28,86.97,MM090Y,1,1
514,514100451749503590514,"78.5,84,84.5,84,86,86.5,87,86",20.4,76.35,92.08,MM090Y,1,1
514,514100451749417710514,"67.5,72.5,74.5,76,75.5,76,77,76.5,76",17.0,71.93,87.63,MM090Y,1,1
514,514100451749685300514,"72,76.5,78.5,79,78.5,79",16.0,70.63,86.32,MM090Y,1,1
514,514100451749417110514,"72,75.5,77.5,79,80,81",18.6,74.01,89.72,MM090Y,1,1
514,514100451749416120514,"68.5,75,76.5,77,77.5,78.5,80,80.5",16.7,71.54,87.23,MM090Y,1,1
514,514100451749504760514,"73,75,75.5,76.5,77.5,78.5,80,81,81.5",21.6,77.92,93.65,MM090Y,1,1
514,514100451749416100514,"72.5,75,77,79,77.5,78.5,79.5",16.7,71.54,87.23,MM090Y,1,1
514,514100451749416260514,"73,75,76.5,78.5,79.5,80,80.5,78.5",16.4,71.15,86.84,MM090Y,1,1
514,514100451749508150514,"71,73.5,73,75,77.5,76,76.5,78",16.7,71.54,87.23,MM090Y,1,1
514,514100451749416060514,"74.5,77.5,78.5,79.5,80,82,73.5",16.9,71.8,87.5,MM090Y,1,1
514,514100451749416040514,"74,78.5,81.5,79.5,80,81,82.5,81",17.0,71.93,87.63,MM090Y,1,1
514,514100451749503170514,"65.5,71,70.5,72.5,73,73.5,74.5,74",13.6,67.51,83.17,MM090Y,1,1
514,514100451749512560514,"71.5,74,74.5,76,78,78.5,78,80,80.5,80,80.5",17.0,71.93,87.63,MM090Y,1,1
514,514100451749415910514,"66,69,70.5,71,74,74.5,75,74,76",16.5,71.28,86.97,MM090Y,1,1
514,514100451749415900514,"72,73.5,75,76,78,77.5,78",16.5,71.28,86.97,MM090Y,1,1
514,514100451749415890514,"69.5,72.5,74.5,78,77.5,78.5,77.5,78,80",16.5,71.28,86.97,MM090Y,1,1
514,514100451749415880514,"74.5,75.5,75,76,76.5,77.5,77",16.5,71.28,86.97,MM090Y,1,1
514,514100451749514860514,"72.5,78,80,80.5,81.5,82,83",18.2,73.49,89.2,MM090Y,1,1
514,514100451749415960514,"72,74,75.5,77.5,78,78.5,79.5,80",16.5,71.28,86.97,MM090Y,1,1
514,514100451749415490514,"70.5,75,76.5,78,79.5,80,79",17.1,72.06,87.76,MM090Y,1,1
514,514100451749415850514,"72,75.5,77.5,80,80.5,82,80,82",16.9,71.8,87.5,MM090Y,1,1
514,514100451749515740514,"73.5,76,77.5,80,81.5,80",18.0,73.23,88.94,MM090Y,1,1
514,514100451749505870514,"75,78.5,81.5,82.5,83.5,85,86,87.5",20.3,76.22,91.95,MM090Y,1,1
514,514100451749415830514,"76,77.5,77,78.5,79.5,79,80.5,81.5",17.3,72.32,88.02,MM090Y,1,1
514,514100451749416970514,"72.5,76.5,80,81,83,82.5",19.2,74.79,90.51,MM090Y,1,1
514,514100451749508020514,"72,76.5,79.5,80.5,83,82,83.5,83",16.9,71.8,87.5,MM090Y,1,1
514,514100451749504960514,"75,79.5,83,84,85,86.5,88.5",21.4,77.65,93.39,MM090Y,1,1
514,514100451749515610514,"74.5,77.5,80.5,82,82.5,85.5,85,85.5",18.2,73.49,89.2,MM090Y,1,1
514,514100451749514170514,"72,75,78.5,79.5,81,81.5",18.4,73.75,89.46,MM090Y,1,1
514,514100451749511480514,"73.5,77,79.5,80.5,84,81.5,81",18.5,73.88,89.59,MM090Y,1,1
514,514100451749415820514,"72,73,75,74.5,76,78,76.5",16.9,71.8,87.5,MM090Y,1,1
514,514100451749506210514,"74.5,75.5,79.5,80.5,81.5,83.5,81.5",19.8,75.57,91.3,MM090Y,1,1
514,514100451749413310514,"73.5,76.5,77.5,80,80.5,80,80.5",18.7,74.14,89.85,MM090Y,1,1
514,514100451749414130514,"69,72,74,75.5,77,76.5,78.5,78",17.5,72.58,88.28,MM090Y,1,1
514,514100451749415710514,"70.5,76,78,78.5,79.5,81,82,80.5,80",16.9,71.8,87.5,MM090Y,1,1
514,514100451749510130514,"75,75.5,77.5,81,80.5,81.5,83,82",20.7,76.74,92.47,MM090Y,1,1
514,514100451749507570514,"69.5,72.5,75,75.5,78.5,79,78,79.5,79,79.5,81",17.8,72.97,88.68,MM090Y,1,1
514,514100451749501330514,"68,73,77,78.5,79.5,78.5,79.5",14.8,69.07,84.75,MM090Y,1,1
514,514100451749513010514,"74,76.5,77.5,79,78.5,80,78.5",16.2,70.89,86.58,MM090Y,1,1
514,514100451749511570514,"68.5,69.5,72.5,74,76.5,76,79,80,81,82.5,83",18.3,73.62,89.33,MM090Y,1,1
514,514100451749504660514,"78,81,84.5,86,88,89,89.5",21.4,77.65,93.39,MM090Y,1,1
514,514100451749504550514,"80,81,86,86.5,88,88.5,92.5,89.5",21.5,77.78,93.52,MM090Y,1,1
514,514100451749509000514,"72,74,78,77,78,79,81,79",20.1,75.96,91.69,MM090Y,1,1
514,514100451749415790514,"73,75.5,77.5,78,78.5,80.5,81,80.5",16.5,71.28,86.97,MM090Y,1,1
514,514100451749512750514,"70,74,75,77,77.5,78,80",16.7,71.54,87.23,MM090Y,1,1
514,514100451749502320514,"70.5,76,75.5,76.5,77,78,79.5,77.5",13.8,67.77,83.44,MM090Y,1,1
514,514100451749510030514,"73,77.5,79.5,80,80.5,82.5,82",20.8,76.87,92.61,MM090Y,1,1
514,514100451749507050514,"69.5,73.5,76,77,77.5,79,79.5,78.5",18.2,73.49,89.2,MM090Y,1,1
514,514100451749415770514,"74.5,77,77.5,72.5",16.8,71.67,87.37,MM090Y,1,1
514,514100451749501310514,"64.5,70,71.5,72,71.5,73,73.5,75",15.0,69.33,85.01,MM090Y,1,1
514,514100451749506580514,"74.5,77.5,79.5,81,81.5,83.5,83,84",19.7,75.44,91.16,MM090Y,1,1
514,514100451749510950514,"76.5,78,80.5,83,84.5,85,87.5",19.8,75.57,91.3,MM090Y,1,1
514,514100451749501100514,"74.5,75,78.5,78,79.5,80,80.5",15.5,69.98,85.66,MM090Y,1,1
514,514100451749514400514,"73.5,77.5,80,81,82,83.5,81.5",18.3,73.62,89.33,MM090Y,1,1
514,514100451749513590514,"70.5,76,78,80,80.5,81.5",18.6,74.01,89.72,MM090Y,1,1
514,514100451749415740514,"73.5,74,77.5,79,79.5,80.5,80,81",16.8,71.67,87.37,MM090Y,1,1
514,514100451749417770514,"70,74,76,77.5,77,79,78.5",16.9,71.8,87.5,MM090Y,1,1
514,514100451749416220514,"72.5,77.5,80.5,80,79.5,80.5,81.5,81",16.4,71.15,86.84,MM090Y,1,1
514,514100451749505660514,"73,76.5,79.5,81.5,80.5,82.5,83,84,85.5",20.6,76.61,92.34,MM090Y,1,1
514,514100451749415730514,"73,76,77.5,80,80.5,79.5",16.8,71.67,87.37,MM090Y,1,1
514,514100451749505920514,"76,81.5,82.5,83,83.5,85.5,87,88",20.2,76.09,91.82,MM090Y,1,1
514,514100451749512620514,"69.5,74,76.5,79,78,79,79.5,79",17.0,71.93,87.63,MM090Y,1,1
514,514100451749416740514,"71.5,76,77.5,78,79.5,81,83,82",19.2,74.79,90.51,MM090Y,1,1
514,514100451749506180514,"75.5,79,78,80.5,80,79.5,81.5",20.0,75.83,91.56,MM090Y,1,1
514,514100451749515790514,"70,74,77.5,78.5,78,79,78.5",18.1,73.36,89.07,MM090Y,1,1
514,514100451749416030514,"75,78,81,81.5,81,82",16.9,71.8,87.5,MM090Y,1,1
514,514100451749415720514,"72.5,73.5,77.5,79.5,80,80.5,80,81,80.5",16.9,71.8,87.5,MM090Y,1,1
514,514100451749415700514,"68.5,72,75,78,77.5,78.5,79.5,78",16.9,71.8,87.5,MM090Y,1,1
514,514100451749415670514,"73,77,78,78.5,80,80.5,82,82.5",16.9,71.8,87.5,MM090Y,1,1
514,514100451749508300514,"70,73.5,74.5,75.5,76.5,75.5,77.5,76",17.6,72.71,88.41,MM090Y,1,1
514,514100451749415620514,"74,78.5,79.5,80.5,81.5,82.5,83,82",17.2,72.19,87.89,MM090Y,1,1
514,514100451749684950514,"67.5,70.5,72.5,74.5,75,76.5,77,77.5,76.5",15.1,69.46,85.14,MM090Y,1,1
514,514100451749506030514,"73.5,78.5,80,80.5,81.5,80.5,82,83.5,82.5,84.5",20.2,76.09,91.82,MM090Y,1,1
514,514100451749685530514,"67,72,73,75.5,76.5,75.5,74,77,76",15.7,70.24,85.93,MM090Y,1,1
514,514100451749415500514,"68,73.5,74,74.5,76,75.5,75,76.5",17.1,72.06,87.76,MM090Y,1,1
514,514100451749414420514,"69,73.5,76,76.5,78,80",17.7,72.84,88.54,MM090Y,1,1
514,514100451749505830514,"74,76,79,81,80.5,81,82.5,83.5",20.3,76.22,91.95,MM090Y,1,1
514,514100451749417490514,"73,76.5,75.5,77.5,79",18.0,73.23,88.94,MM090Y,1,1
514,514100451749415470514,"69,70.5,73,74.5,77,75.5,76,77,77.5",17.1,72.06,87.76,MM090Y,1,1
514,514100451749417440514,"74.5,78,80,80.5,82,81.5,82.5",18.1,73.36,89.07,MM090Y,1,1
514,514100451749415450514,"69.5,72.5,73,75.5,76.5,77.5,77,79,78.5",17.2,72.19,87.89,MM090Y,1,1
514,514100451749415430514,"72,75.5,77,77.5,79,80.5,79.5",17.2,72.19,87.89,MM090Y,1,1
514,514100451749415420514,"71.5,72.5,75.5,76.5,77.5,76.5,78.5,77.5,78",17.3,72.32,88.02,MM090Y,1,1
514,514100451749417500514,"69.5,70.5,74,77.5,78,78.5,79,77.5",17.9,73.1,88.81,MM090Y,1,1
514,514100451749416900514,"68.5,72,74.5,77.5,78.5,76.5,76,76.5",16.5,71.28,86.97,MM090Y,1,1
514,514100451749501270514,"74,76,76.5,77,76.5,78,78.5",15.1,69.46,85.14,MM090Y,1,1
514,514100451749508910514,"72.5,76.5,79,81.5,83,81",20.1,75.96,91.69,MM090Y,1,1
514,514100451749416280514,"73,78.5,81.5,80.5,81.5,81,81.5,81",16.4,71.15,86.84,MM090Y,1,1
514,514100451749415810514,"74,75,78,77.5,79.5,81.5,81",16.6,71.41,87.1,MM090Y,1,1
514,514100451749415400514,"69.5,71.5,75,76.5,78.5,79.5,80.5,80",17.2,72.19,87.89,MM090Y,1,1
514,514100451749506000514,"75,76,80.5,81,81.5,84,82.5,85",20.2,76.09,91.82,MM090Y,1,1
514,514100451749684180514,"69.5,72,75.5,77,79,79.5,79,80,79",15.7,70.24,85.93,MM090Y,1,1
514,514100451749415380514,"71.5,75,78,79.5,81,79,80.5,80",17.3,72.32,88.02,MM090Y,1,1
514,514100451749512860514,"68.5,73,73.5,74,75.5,76",16.6,71.41,87.1,MM090Y,1,1
514,514100451749513020514,"68.5,72,74.5,75,75.5,77,77.5,77",16.3,71.02,86.71,MM090Y,1,1
514,514100451749415370514,"70.5,76,78,78.5,80,81,80.5",17.3,72.32,88.02,MM090Y,1,1
514,514100451749504440514,"76.5,78,81,82,83,85,87",21.6,77.92,93.65,MM090Y,1,1
514,514100451749511040514,"75.5,79,80.5,81,83,83.5,84.5,85.5",19.7,75.44,91.16,MM090Y,1,1
514,514100451749415360514,"70.5,75,77.5,78.5,80,81,80.5",17.3,72.32,88.02,MM090Y,1,1
514,514100451749512240514,"70.5,74,73,77.5,78.5,78,78.5,80.5,81",17.1,72.06,87.76,MM090Y,1,1
514,514100451749414820514,"70.5,72.5,74,74.5,76.5,77,79.5,81.5,82.5,81.5",17.6,72.71,88.41,MM090Y,1,1
514,514100451749508610514,"78,79.5,83,81.5,82,82.5,85,84",20.3,76.22,91.95,MM090Y,1,1
514,514100451749415350514,"69,72.5,75.5,77.5,78,79,78",17.3,72.32,88.02,MM090Y,1,1
514,514100451749506480514,"72,77,79,79.5,80,80.5,81.5,82.5",19.4,75.05,90.77,MM090Y,1,1
514,514100451749415300514,"73.5,72,73.5,77,79,80,79.5,80",17.2,72.19,87.89,MM090Y,1,1
514,514100451749501060514,"70.5,76,77.5,80,81,80.5,78.5",15.6,70.11,85.79,MM090Y,1,1
514,514100451749505960514,"76,77.5,83.5,84.5,84,86,89",20.2,76.09,91.82,MM090Y,1,1
514,514100451749416200514,"70,75,77,78.5,79,79.5,80.5,80",16.5,71.28,86.97,MM090Y,1,1
514,514100451749511230514,"71.5,75,77.5,79,79.5,81.5,79.5",19.5,75.18,90.9,MM090Y,1,1
514,514100451749509990514,"72,77,80.5,81.5,82,83.5,84",20.7,76.74,92.47,MM090Y,1,1
514,514100451749416660514,"71,73.5,77,77.5,78.5,81,81.5,79.5",19.3,74.92,90.64,MM090Y,1,1
514,514100451749415280514,"71,73,76,80.5,81,81.5,83,81",17.2,72.19,87.89,MM090Y,1,1
514,514100451749416730514,"68,74,76,77.5,78,79.5,78.5",19.3,74.92,90.64,MM090Y,1,1
514,514100451749415240514,"73.5,76.5,79,79.5,80.5,81,80.5",17.3,72.32,88.02,MM090Y,1,1
514,514100451749415220514,"72.5,75.5,78,80,82,83,82.5",17.3,72.32,88.02,MM090Y,1,1
514,514100451749415180514,"70.5,68.5,71.5,73.5,75,75.5,76.5,77,76,77,78",17.6,72.71,88.41,MM090Y,1,1
514,514100451749415160514,"73.5,77,80,79.5,80.5,81,81.5",17.7,72.84,88.54,MM090Y,1,1
514,514100451749415070514,"69.5,72.5,74.5,75.5,77,77.5,76.5",16.9,71.8,87.5,MM090Y,1,1
514,514100451749416140514,"74,77.5,78.5,74",16.5,71.28,86.97,MM090Y,1,1
514,514100451749516330514,"71.5,75.5,78.5,79,79.5,80.5,82,81",17.4,72.45,88.15,MM090Y,1,1
514,514100451749500980514,"62.5,65.5,68,69.5,70,70.5,71",15.2,69.59,85.27,MM090Y,1,1
514,514100451749414670514,"71,74,77,77.5,78.5,78,80,79,79.5",17.2,72.19,87.89,MM090Y,1,1
514,514100451749515990514,"72.5,74.5,77,76.5,78.5,80.5,78.5",17.4,72.45,88.15,MM090Y,1,1
514,514100451749505340514,"76,80,82.5,84.5,85.5,86.5,87,87.5,89.5",21.0,77.13,92.87,MM090Y,1,1
514,514100451749502760514,"64.5,70.5,73.5,75,76,74.5",12.9,66.6,82.26,MM090Y,1,1
514,514100451749415020514,"71,74,78,77.5,78,79.5,79",16.9,71.8,87.5,MM090Y,1,1
514,514100451749515200514,"72,74,77,77.5,78,79,80.5,81.5",17.9,73.1,88.81,MM090Y,1,1
514,514100451749511250514,"75.5,77.5,81,82.5,84,85,85.5",19.5,75.18,90.9,MM090Y,1,1
514,514100451749506140514,"75,79,80.5,82.5,84,84.5,86,84",20.2,76.09,91.82,MM090Y,1,1
514,514100451749417760514,"71,73.5,76.5,77.5,78,79,80,79",16.8,71.67,87.37,MM090Y,1,1
514,514100451749414970514,"77,79.5,80.5,83,81.5,81,81.5",17.2,72.19,87.89,MM090Y,1,1
514,514100451749414960514,"74,77,78.5,79,80.5,81,81.5",17.3,72.32,88.02,MM090Y,1,1
514,514100451749414930514,"72.5,75,78.5,79.5,82,81.5,81",17.3,72.32,88.02,MM090Y,1,1
514,514100451749516410514,"72.5,77,76.5,78.5,79,80,80.5,80",17.4,72.45,88.15,MM090Y,1,1
514,514100451749414770514,"75,76.5,77.5,79.5,81,83,83.5,83",17.7,72.84,88.54,MM090Y,1,1
514,514100451749414920514,"71.5,70,74.5,79,79.5,81,79.5,80,82,81.5",17.4,72.45,88.15,MM090Y,1,1
514,514100451749416820514,"73,78,79,80,80.5,81.5,82.5,82",19.3,74.92,90.64,MM090Y,1,1
514,514100451749503870514,"74.5,76.5,81.5,81,81.5,82.5,84,85,84.5",20.3,76.22,91.95,MM090Y,1,1
514,514100451749510810514,"74.5,80,82.5,84,87,87.5,88",19.9,75.7,91.43,MM090Y,1,1
514,514100451749415390514,"71,73,75,74.5,74,76,79,77.5",17.2,72.19,87.89,MM090Y,1,1
514,514100451749514790514,"72,77.5,79.5,80,82,83,82.5",18.5,73.88,89.59,MM090Y,1,1
514,514100451749508550514,"73,76.5,78.5,78,80.5,82.5,81",20.4,76.35,92.08,MM090Y,1,1
514,514100451749414760514,"72.5,80,79.5,82,81.5,83,83.5,84.5",17.8,72.97,88.68,MM090Y,1,1
514,514100451749684450514,"73,76,80,80.5,79,80.5",15.4,69.85,85.53,MM090Y,1,1
514,514100451749417320514,"71.5,73,74.5,76,77,80.5,80",18.9,74.4,90.12,MM090Y,1,1
514,514100451749412610514,"75,78,79.5,81,82.5,81.5,83.5,87",19.2,74.79,90.51,MM090Y,1,1
514,514100451749414640514,"71,74.5,76,77,79,80.5,82",17.3,72.32,88.02,MM090Y,1,1
514,514100451749503190514,"63,66.5,68.5,72,72.5,73.5,75.5,72.5",13.4,67.25,82.91,MM090Y,1,1
514,514100451749510790514,"77.5,81.5,83.5,84,85.5,87.5,86,87",19.9,75.7,91.43,MM090Y,1,1
514,514100451749504100514,"65,67,66.5,67.5,68.5,69,70,69,70.5,72",13.2,66.99,82.65,MM090Y,1,1
514,514100451749684290514,"70,73,75,76.5,75,78,79.5,79",15.4,69.85,85.53,MM090Y,1,1
514,514100451749514340514,"74,76.5,78.5,79.5,80.5,79.5",18.4,73.75,89.46,MM090Y,1,1
514,514100451749414630514,"71.5,74.5,77,76,77,78,80,79",17.3,72.32,88.02,MM090Y,1,1
514,514100451749503670514,"68,72,71.5,72.5,74",13.4,67.25,82.91,MM090Y,1,1
514,514100451749414620514,"72.5,74.5,76.5,78,78.5,78,78.5,80",17.3,72.32,88.02,MM090Y,1,1
514,514100451749416330514,"66,67.5,70,72.5,74.5,75,77.5,75",16.4,71.15,86.84,MM090Y,1,1
514,514100451749415230514,"72.5,75,77.5,78,79,80.5,79.5",17.3,72.32,88.02,MM090Y,1,1
514,514100451749416680514,"72.5,74.5,76.5,77.5,78,78.5,81,79",19.3,74.92,90.64,MM090Y,1,1
514,514100451749685150514,"69.5,73.5,78,78.5,79,79.5,79",16.2,70.89,86.58,MM090Y,1,1
514,514100451749501710514,"71.5,73.5,75,76.5,78,77,79,77.5",14.8,69.07,84.75,MM090Y,1,1
514,514100451749412800514,"73.5,76.5,80,79.5,80,81,80.5,80",18.9,74.4,90.12,MM090Y,1,1
514,514100451749501780514,"69.5,72,75.5,76,77.5,75.5,76,77,77.5",15.1,69.46,85.14,MM090Y,1,1
514,514100451749515060514,"74,78.5,80,81.5,82.5,83.5,84,83.5",18.0,73.23,88.94,MM090Y,1,1
514,514100451749416420514,"74.5,77.5,78.5,80,80.5,81.5,82",19.3,74.92,90.64,MM090Y,1,1
514,514100451749507560514,"68.5,73,74,76.5,77,77.5,79,78.5",17.9,73.1,88.81,MM090Y,1,1
514,514100451749416080514,"74,76,75.5,78.5,79,80.5,78.5",17.1,72.06,87.76,MM090Y,1,1
514,514100451749684930514,"70,72,71.5,72,74.5,75,75.5,76.5,75.5",15.1,69.46,85.14,MM090Y,1,1
514,514100451749502430514,"71,72.5,75,74,75.5,78,78.5,80",13.7,67.64,83.31,MM090Y,1,1
514,514100451749685220514,"73,73.5,75.5,77,78,79,80,82,81.5",16.2,70.89,86.58,MM090Y,1,1
514,514100451749412950514,"71,73.5,76,79,80,79,78",18.5,73.88,89.59,MM090Y,1,1
514,514100451749510080514,"73,76,79.5,80.5,80,83,82.5,81",20.6,76.61,92.34,MM090Y,1,1
514,514100451749506870514,"74,74.5,78,78.5,80.5,81.5,81",18.6,74.01,89.72,MM090Y,1,1
514,514100451749508400514,"77,81,83.5,85,86.5,85.5,87,86.5",20.5,76.48,92.21,MM090Y,1,1
514,514100451749416860514,"75.5,78,80.5,82,83,84,83.5",19.1,74.66,90.38,MM090Y,1,1
514,514100451749512020514,"71.5,75,78.5,79.5,80,79.5,81,79.5",17.3,72.32,88.02,MM090Y,1,1
514,514100451749412710514,"71,70.5,75.5,78,80,80.5,79.5,80,80.5,80,81",19.0,74.53,90.25,MM090Y,1,1
514,514100451749417600514,"71.5,75.5,78,80,79.5,81,81.5,82",17.9,73.1,88.81,MM090Y,1,1
514,514100451749506420514,"74,73.5,77.5,80.5,82.5,81.5,82.5,83.5",19.3,74.92,90.64,MM090Y,1,1
514,514100451749382580514,"76.5,80,82.5,83,81.5,83,81.5",15.7,70.24,85.93,MM090Y,1,1
514,514100451749511460514,"72,75,78,78.5,80,80.5,81,79,79.5",18.6,74.01,89.72,MM090Y,1,1
514,514100451749504510514,"74.5,77.5,78.5,81,82,85,85.5",21.6,77.92,93.65,MM090Y,1,1
514,514100451749414200514,"75,78.5,81,82.5,82,82.5,83,84",18.7,74.14,89.85,MM090Y,1,1
514,514100451749510920514,"76,80,80.5,83,85,83.5,85,85.5,87",19.8,75.57,91.3,MM090Y,1,1
514,514100451749501340514,"69.5,71,74.5,77,76.5,78.5,77.5,78",14.8,69.07,84.75,MM090Y,1,1
514,514100451749417750514,"65.5,69.5,74,75,75.5,77,77.5,77",16.8,71.67,87.37,MM090Y,1,1
514,514100451749416290514,"73.5,76.5,79.5,80.5,79.5,81,81.5,80.5",16.3,71.02,86.71,MM090Y,1,1
514,514100451749511940514,"70.5,74,77,79,79.5,79,78.5,80,80.5",17.6,72.71,88.41,MM090Y,1,1
514,514100451749416210514,"74,76.5,78.5,80,80.5,81,79.5,80.5",16.4,71.15,86.84,MM090Y,1,1
514,514100451749413160514,"72.5,75,79.5,80.5,79.5,80,81.5,82.5,83.5",19.1,74.66,90.38,MM090Y,1,1
514,514100451749415630514,"74,77.5,80,79.5,80,81,82,80",17.1,72.06,87.76,MM090Y,1,1
514,514100451749415170514,"73,76.5,78.5,80.5,81.5,83.5,82.5",17.7,72.84,88.54,MM090Y,1,1
514,514100451749413190514,"71,74.5,76.5,77.5,78.5,80,80.5,79.5",18.9,74.4,90.12,MM090Y,1,1
514,514100451749505040514,"74,77,80.5,82,83,84,85.5,85",21.2,77.39,93.13,MM090Y,1,1
514,514100451749684740514,"70,76.5,77.5,78.5,80.5,80,81.5,81",15.3,69.72,85.4,MM090Y,1,1
514,514100451749515330514,"73,75,77.5,78.5,79,80,79.5",17.7,72.84,88.54,MM090Y,1,1
514,514100451749507910514,"72.5,75,77,79.5,80,80.5,81,80.5,83",17.3,72.32,88.02,MM090Y,1,1
514,514100451749416950514,"68.5,73,75,76,75,77,76,77.5,78,78.5",18.9,74.4,90.12,MM090Y,1,1
514,514100451749505580514,"74.5,77.5,78.5,83.5,85.5,85,87,90.5",20.7,76.74,92.47,MM090Y,1,1
514,514100451749685280514,"68,73.5,76.5,78,77,75,78.5,79.5,78.5",16.1,70.76,86.45,MM090Y,1,1
514,514100451749412430514,"72.5,75.5,78.5,80.5,80,81,81.5",19.3,74.92,90.64,MM090Y,1,1
514,514100451749412810514,"70.5,74.5,75.5,78,79.5,80,80.5",18.9,74.4,90.12,MM090Y,1,1
514,514100451749414850514,"74,78.5,80,81,82.5,83,82.5,83",17.5,72.58,88.28,MM090Y,1,1
514,514100451749507170514,"73,77,79,80,80.5,81,80.5",19.2,74.79,90.51,MM090Y,1,1
514,514100451749417950514,"72,75.5,78.5,79,81.5,79.5",16.8,71.67,87.37,MM090Y,1,1
514,514100451749413930514,"72.5,75,76,77,78.5,80,81,80",18.2,73.49,89.2,MM090Y,1,1
514,514100451749684590514,"69,73,73.5,76.5,78.5,77.5,79.5,78.5",15.3,69.72,85.4,MM090Y,1,1
514,514100451749414090514,"69.5,75,75.5,76.5,75.5,76.5,78.5,82.5",17.5,72.58,88.28,MM090Y,1,1
514,514100451749507980514,"71.5,69.5,73.5,75,76,77,76.5,77",17.1,72.06,87.76,MM090Y,1,1
514,514100451749412530514,"68.5,73.5,76.5,81,80.5,82.5,81",19.0,74.53,90.25,MM090Y,1,1
514,514100451749502610514,"63.5,68.5,72,73.5,74.5,75,74",13.4,67.25,82.91,MM090Y,1,1
514,514100451749513350514,"71,76,80,79,79.5,81,83,81.5,82",18.8,74.27,89.99,MM090Y,1,1
514,514100451749416020514,"75.5,78.5,80.5,81,84",16.9,71.8,87.5,MM090Y,1,1
514,514100451749505290514,"73.5,78,81,81.5,83,84,85.5,86",21.1,77.26,93.0,MM090Y,1,1
514,514100451749412110514,"69,69.5,74.5,75,76,77,77.5,78.5,79",16.7,71.54,87.23,MM090Y,1,1
514,514100451749514610514,"72,75,76.5,77.5,80.5,81,82,83.5,82.5",17.9,73.1,88.81,MM090Y,1,1
514,514100451749412830514,"73,75.5,77.5,80,81,82,83",18.9,74.4,90.12,MM090Y,1,1
514,514100451749415330514,"70.5,72.5,77,78,78.5,82.5,81",17.3,72.32,88.02,MM090Y,1,1
514,514100451749502860514,"70.5,69,71,73,73.5,74,75.5,76,75",14.8,69.07,84.75,MM090Y,1,1
514,514100451749503500514,"76.5,81.5,86,86.5,87,88,88.5,86.5",20.4,76.35,92.08,MM090Y,1,1
514,514100451749512680514,"68.5,71.5,74.5,75.5,77,77.5,78,77",17.0,71.93,87.63,MM090Y,1,1
514,514100451749412790514,"76,78,82,83,85,83.5",18.8,74.27,89.99,MM090Y,1,1
514,514100451749510500514,"76.5,79,81,82.5,84,86.5,85.5",20.4,76.35,92.08,MM090Y,1,1
514,514100451749507850514,"71,74,78,76,76.5,77,77.5",17.4,72.45,88.15,MM090Y,1,1
514,514100451749415840514,"75,76.5,78,78.5,79,80.5,82.5",16.5,71.28,86.97,MM090Y,1,1
514,514100451749382720514,"74,79.5,80.5,83,84,84.5",15.0,69.33,85.01,MM090Y,1,1
514,514100451749502870514,"65.5,68.5,73,74,75,75.5,76",14.4,68.55,84.22,MM090Y,1,1
514,514100451749413150514,"71.5,73,76.5,78,78.5,79.5,81,81.5,80.5",19.3,74.92,90.64,MM090Y,1,1
514,514100451749415060514,"70.5,74.5,76.5,79,78,79,78.5",16.9,71.8,87.5,MM090Y,1,1
514,514100451749414800514,"73.5,76.5,79,79.5,79,81.5,81,80.5,81,82.5,83",17.7,72.84,88.54,MM090Y,1,1
514,514100451749501040514,"65.5,69.5,71,72.5,73.5,74,75",15.2,69.59,85.27,MM090Y,1,1
514,514100451749685650514,"66,71,74,77,76,77,78,79.5",15.6,70.11,85.79,MM090Y,1,1
514,514100451749508140514,"71,74.5,78,79.5,78,79.5,80.5,82",16.6,71.41,87.1,MM090Y,1,1
514,514100451749412370514,"71,73,75.5,78,78.5,80,79.5",19.3,74.92,90.64,MM090Y,1,1
514,514100451749684940514,"71.5,69.5,71.5,73,73.5,74.5,75.5,75,76",15.1,69.46,85.14,MM090Y,1,1
514,514100451749412910514,"72.5,75.5,79,79.5,80,80.5,81.5,79.5",18.7,74.14,89.85,MM090Y,1,1
514,514100451749417250514,"73.5,75.5,80,81,83.5,84,85",18.9,74.4,90.12,MM090Y,1,1
514,514100451749416590514,"72,75,77,77.5,79,80,81.5",19.4,75.05,90.77,MM090Y,1,1
514,514100451749382470514,"72.5,77.5,79.5,80.5,81.5,82,81.5",14.8,69.07,84.75,MM090Y,1,1
514,514100451749412700514,"70.5,74.5,76,77.5,79,81.5,82.5,81.5",18.9,74.4,90.12,MM090Y,1,1
514,514100451749382490514,"72.5,75,77.5,80,80.5,80,79",14.8,69.07,84.75,MM090Y,1,1
514,514100451749412850514,"71.5,72.5,74.5,77,76.5,77,79.5",18.8,74.27,89.99,MM090Y,1,1
514,514100451749417830514,"68.5,71,72,73.5,75.5,76.5,77,78",16.4,71.15,86.84,MM090Y,1,1
514,514100451749513040514,"68.5,71,73,75,75.5,76.5,76",16.2,70.89,86.58,MM090Y,1,1
514,514100451749412680514,"73,74,76.5,78.5,82,80,82.5,81.5",19.0,74.53,90.25,MM090Y,1,1
514,514100451749505070514,"74,79.5,83.5,84,84.5,85.5,86.5,85.5",21.2,77.39,93.13,MM090Y,1,1
514,514100451749416880514,"74.5,79,79.5,82,80.5,81,82,83,85",19.2,74.79,90.51,MM090Y,1,1
514,514100451749505280514,"76,81,83.5,85,86.5,87.5",21.1,77.26,93.0,MM090Y,1,1
514,514100451749416610514,"68.5,71.5,73,74.5,75,77,77.5,77",19.4,75.05,90.77,MM090Y,1,1
514,514100451749416090514,"72,75.5,78,79.5,80,79.5,81,79.5,81",17.1,72.06,87.76,MM090Y,1,1
514,514100451749511160514,"73.5,76.5,79,81.5,80.5,82.5,83.5,83",20.2,76.09,91.82,MM090Y,1,1
514,514100451749506380514,"69.5,70.5,74.5,76,78,81,79.5,81.5,81,82",20.9,77.0,92.74,MM090Y,1,1
514,514100451749502810514,"67.5,69.5,71,72,72.5",12.8,66.47,82.13,MM090Y,1,1
514,514100451749412640514,"73.5,80.5,82,83,84,83.5,84,83.5",19.2,74.79,90.51,MM090Y,1,1
514,514100451749505890514,"74.5,78,80,81.5,83,84,84.5",20.3,76.22,91.95,MM090Y,1,1
514,514100451749417910514,"73.5,74,74.5,75,76.5,74.5,77,76",16.1,70.76,86.45,MM090Y,1,1
514,514100451749511490514,"69.5,74.5,77.5,80,79.5,81,82,81.5",18.6,74.01,89.72,MM090Y,1,1
514,514100451749413530514,"74.5,75,78.5,82.5,83,82.5,83.5,83",18.9,74.4,90.12,MM090Y,1,1
514,514100451749510260514,"72.5,75.5,78,80.5,80,83,81.5",20.5,76.48,92.21,MM090Y,1,1
514,514100451749508310514,"73.5,78.5,80,79,80,81.5,81",16.4,71.15,86.84,MM090Y,1,1
514,514100451749503160514,"67.5,72.5,75.5,77.5,78.5,79,79.5",13.8,67.77,83.44,MM090Y,1,1
514,514100451749413620514,"72,73.5,76.5,76,77.5,78.5,79.5,80,79,80.5",18.6,74.01,89.72,MM090Y,1,1
514,514100451749502960514,"65.5,68.5,70.5,73.5,74,73.5,74,73.5",12.2,65.69,81.34,MM090Y,1,1
514,514100451749412920514,"70.5,72.5,76.5,80,79.5,80.5,78.5,80",18.7,74.14,89.85,MM090Y,1,1
514,514100451749412550514,"68,71.5,75,78,80,79.5,80,79.5,79,80",19.0,74.53,90.25,MM090Y,1,1
514,514100451749505150514,"68.5,78.5,78,80.5,80,81.5,83,81.5",21.4,77.65,93.39,MM090Y,1,1
514,514100451749506880514,"74.5,76.5,78.5,78,81,80.5,82,82.5",18.5,73.88,89.59,MM090Y,1,1
514,514100451749684470514,"70,74,77,78,78.5,79.5,81,78",15.4,69.85,85.53,MM090Y,1,1
514,514100451749412670514,"72,73.5,77.5,76.5,79,78.5,80,80.5",19.1,74.66,90.38,MM090Y,1,1
514,514100451749412540514,"69.5,76.5,79,79.5,80.5,82,81.5,82.5",19.0,74.53,90.25,MM090Y,1,1
514,514100451749508900514,"76,80,82.5,84.5,83.5,86.5,85.5,86",20.1,75.96,91.69,MM090Y,1,1
514,514100451749514320514,"69,71.5,75.5,76,77.5,78.5,80.5,79",16.5,71.28,86.97,MM090Y,1,1
514,514100451749513110514,"71,73,75.5,78,77.5,78,80,79",15.8,70.37,86.06,MM090Y,1,1
514,514100451749411970514,"73.5,78.5,82,81.5,82,83,84.5",17.4,72.45,88.15,MM090Y,1,1
514,514100451749413610514,"68.5,74,77.5,78.5,77.5,79,80,81.5",18.4,73.75,89.46,MM090Y,1,1
514,514100451749502130514,"67,72,73,75,76,75.5,78,77",14.2,68.29,83.96,MM090Y,1,1
514,514100451749502710514,"65,70,72,72.5,73,73.5,75,74",13.2,66.99,82.65,MM090Y,1,1
514,514100451749413400514,"69.5,71,73,74,76.5,77,79,79.5,80",18.6,74.01,89.72,MM090Y,1,1
514,514100451749413230514,"70.5,74.5,75,78.5,79,79.5,80.5,81.5",18.8,74.27,89.99,MM090Y,1,1
514,514100451749414010514,"71.5,73.5,75.5,77,78.5,78,80,80.5,81,81.5",17.8,72.97,88.68,MM090Y,1,1
514,514100451749513470514,"72,75,77,79.5,82,81,80.5",18.6,74.01,89.72,MM090Y,1,1
514,514100451749412160514,"66.5,70.5,73,74,75.5,75",16.7,71.54,87.23,MM090Y,1,1
514,514100451749515590514,"72.5,74,77,79,80.5,81.5,80.5,79.5",18.2,73.49,89.2,MM090Y,1,1
514,514100451749417390514,"73,77.5,76.5,80.5,80,81.5,82,83",18.4,73.75,89.46,MM090Y,1,1
514,514100451749516060514,"73,76.5,78,78.5,79,79.5,80,79.5",17.3,72.32,88.02,MM090Y,1,1
514,514100451749509360514,"79,81.5,82.5,84.5,85,86,87.5",21.4,77.65,93.39,MM090Y,1,1
514,514100451749504800514,"77,79.5,82.5,84,85,86.5,87.5,86.5,87",21.4,77.65,93.39,MM090Y,1,1
514,514100451749508430514,"78.5,80.5,84.5,85.5,85,87.5,88.5,89",20.4,76.35,92.08,MM090Y,1,1
514,514100451749505060514,"76,79.5,83.5,84.5,85.5,86.5",21.3,77.52,93.26,MM090Y,1,1
514,514100451749416160514,"73.5,75.5,77.5,78.5,80,81,72",16.6,71.41,87.1,MM090Y,1,1
514,514100451749414300514,"75,77.5,78,81,81.5,82.5,83,84",18.1,73.36,89.07,MM090Y,1,1
514,514100451749413950514,"72.5,74.5,76.5,78,78.5,79,80,81,82",18.1,73.36,89.07,MM090Y,1,1
514,514100451749416810514,"76,77,80,81,81.5,83,83.5,84.5",19.3,74.92,90.64,MM090Y,1,1
514,514100451749412440514,"76,79.5,82,82.5,83,84,86.5,87",19.1,74.66,90.38,MM090Y,1,1
514,514100451749503450514,"75.5,80,84.5,85.5,87,87.5",20.3,76.22,91.95,MM090Y,1,1
514,514100451749413280514,"72,74.5,76.5,78,79.5,80,80.5",18.7,74.14,89.85,MM090Y,1,1
514,514100451749412860514,"69.5,74,76,78,79,78.5,79.5,80.5",18.8,74.27,89.99,MM090Y,1,1
514,514100451749415150514,"72.5,76,77,78,79,80,80.5,81",17.7,72.84,88.54,MM090Y,1,1
514,514100451749413300514,"73,76,77,80.5,80,81,81.5,81",18.7,74.14,89.85,MM090Y,1,1
514,514100451749514410514,"76,80,81.5,82,81.5,83.5,83,84.5",18.3,73.62,89.33,MM090Y,1,1
514,514100451749412050514,"73,75,76.5,78.5,79,79.5,79,79.5",16.8,71.67,87.37,MM090Y,1,1
514,514100451749413210514,"75.5,79.5,82.5,83,83.5,85,84",18.8,74.27,89.99,MM090Y,1,1
514,514100451749506840514,"71.5,76,78,79,81.5,83.5,84.5",18.5,73.88,89.59,MM090Y,1,1
514,514100451749502290514,"70,72,74,75.5,76,78,77",13.9,67.9,83.57,MM090Y,1,1
514,514100451749502160514,"70,74,74.5,77.5,76.5,80,78.5",14.1,68.16,83.83,MM090Y,1,1
514,514100451749509490514,"77.5,80.5,82,84.5,85,86,86.5,83.5",21.3,77.52,93.26,MM090Y,1,1
514,514100451749414250514,"71.5,75.5,77.5,79,78.5,81,80.5,81.5",18.8,74.27,89.99,MM090Y,1,1
514,514100451749514180514,"73,78.5,81.5,80,83,84,84.5",18.5,73.88,89.59,MM090Y,1,1
514,514100451749417190514,"74,72,76,78.5,79.5,81,80.5,81,81.5",18.7,74.14,89.85,MM090Y,1,1
514,514100451749417640514,"77,78,80.5,81,81.5,82.5,81",17.1,72.06,87.76,MM090Y,1,1
514,514100451749414290514,"74.5,74,75.5,77.5,79,80.5,81.5,82,81.5,82.5,85",18.1,73.36,89.07,MM090Y,1,1
514,514100451749414380514,"68.5,73.5,76,75.5,76.5,77,77.5,76.5",17.7,72.84,88.54,MM090Y,1,1
514,514100451749506070514,"75.5,75,80.5,81,84.5,82.5,84.5,86,84",20.0,75.83,91.56,MM090Y,1,1
514,514100451749511810514,"76,76.5,80.5,81.5,82,81,83,82.5",17.8,72.97,88.68,MM090Y,1,1
514,514100451749413060514,"72,75.5,78,79.5,80.5,81,81.5,82.5,83.5,82.5",19.3,74.92,90.64,MM090Y,1,1
514,514100451749507620514,"70.5,75.5,77.5,78,79.5,81.5,80",17.7,72.84,88.54,MM090Y,1,1
514,514100451749504240514,"73,79,81,82,85,85.5,86.5,85",21.8,78.18,93.92,MM090Y,1,1
514,514100451749515380514,"71,73.5,74.5,78,79,78.5,79,79.5,77",17.7,72.84,88.54,MM090Y,1,1
514,514100451749412240514,"76,79.5,81.5,83.5,83,84,84.5",19.6,75.31,91.03,MM090Y,1,1
514,514100451749501010514,"68.5,72,73,74,74.5,76,74.5",15.3,69.72,85.4,MM090Y,1,1
514,514100451749510290514,"68,73.5,76.5,79,80.5,81.5,83",20.5,76.48,92.21,MM090Y,1,1
514,514100451749412360514,"72.5,76,79,80.5,81,81.5,80",19.5,75.18,90.9,MM090Y,1,1
514,514100451749502690514,"63,64.5,67.5,71,72.5,73,73.5,72.5",13.0,66.73,82.39,MM090Y,1,1
514,514100451749512270514,"68,69.5,71,74.5,75.5,76,76.5,75",17.0,71.93,87.63,MM090Y,1,1
514,514100451749416470514,"76.5,75,79,78.5,79.5,81,78,80,81,81.5",19.4,75.05,90.77,MM090Y,1,1
514,514100451749412340514,"75.5,78.5,81,82,83.5,85,86,84",19.4,75.05,90.77,MM090Y,1,1
514,514100451749502420514,"70,72,74,75,76.5,75.5,77,76.5",14.0,68.03,83.7,MM090Y,1,1
514,514100451749516540514,"66.5,68,70,72,73.5,74.5,76,76.5",16.9,71.8,87.5,MM090Y,1,1
514,514100451749382740514,"75,76.5,80,81.5,82,82.5,83,82.5",15.1,69.46,85.14,MM090Y,1,1
514,514100451749500830514,"73,70,73.5,74,74.5,75,76,75.5,77.5,78,76.5,78",15.5,69.98,85.66,MM090Y,1,1
514,514100451749412330514,"74,77.5,81,80.5,82.5,84,83.5,84",19.4,75.05,90.77,MM090Y,1,1
514,514100451749412730514,"71,76,77.5,79,79.5,78,80.5",18.9,74.4,90.12,MM090Y,1,1
514,514100451749417630514,"75.5,78,82,82.5,85,83,84",17.1,72.06,87.76,MM090Y,1,1
514,514100451749507860514,"74,74.5,76.5,78,77.5,78,80,81",17.2,72.19,87.89,MM090Y,1,1
514,514100451749507520514,"74,76.5,77,79.5,82,84,84.5",17.9,73.1,88.81,MM090Y,1,1
514,514100451749382630514,"70,74,75,74.5,77,76.5,77.5,77",16.2,70.89,86.58,MM090Y,1,1
514,514100451749513530514,"70.5,75,73.5,78,79.5,80,81,82.5,82",18.4,73.75,89.46,MM090Y,1,1
514,514100451749502640514,"68,72,75,76,75",13.0,66.73,82.39,MM090Y,1,1
514,514100451749510820514,"78.5,75,78.5,81,84,83.5,84.5,85.5",19.9,75.7,91.43,MM090Y,1,1
514,514100451749506830514,"79,81.5,85,84.5,85.5,88,82",18.7,74.14,89.85,MM090Y,1,1
514,514100451749414500514,"74,76.5,78.5,79.5,80,81,82,82.5,84",17.5,72.58,88.28,MM090Y,1,1
514,514100451749509060514,"73,76.5,79,80,82.5,83.5,84",20.1,75.96,91.69,MM090Y,1,1
514,514100451749503540514,"73,77.5,80,82.5,81.5,83.5,85,84",20.4,76.35,92.08,MM090Y,1,1
514,514100451749414830514,"68.5,72,77.5,78.5,78,80",17.5,72.58,88.28,MM090Y,1,1
514,514100451749412310514,"77,84.5,85,86.5,88,90,88.5,88",19.6,75.31,91.03,MM090Y,1,1
514,514100451749382800514,"75.5,79,79.5,82,81.5,82,82.5,81.5,85,83",14.7,68.94,84.62,MM090Y,1,1
514,514100451749504530514,"75.5,77,80,82,81.5,83.5,85.5,84.5",21.6,77.92,93.65,MM090Y,1,1
514,514100451749516190514,"70.5,74,78.5,79,80,79.5,81,80",17.4,72.45,88.15,MM090Y,1,1
514,514100451749412300514,"69.5,70,73,75.5,76.5,75.5,78,77.5,78,79,78.5",16.8,71.67,87.37,MM090Y,1,1
514,514100451749382620514,"75.5,78.5,80,80.5,82,81.5,83,82",15.5,69.98,85.66,MM090Y,1,1
514,514100451749413940514,"71,74,77,78.5,80,79.5,81.5",18.1,73.36,89.07,MM090Y,1,1
514,514100451749414810514,"72.5,76,79.5,80,81,80.5,81.5,81,84,82",17.7,72.84,88.54,MM090Y,1,1
514,514100451749502460514,"63.5,67.5,69.5,70.5,71,72.5,72,73.5",13.6,67.51,83.17,MM090Y,1,1
514,514100451749415860514,"71.5,74.5,77,80,78.5,81.5,80.5",16.6,71.41,87.1,MM090Y,1,1
514,514100451749503810514,"74.5,80.5,81,82.5,84,83,83.5,85,84.5,84",20.3,76.22,91.95,MM090Y,1,1
514,514100451749510600514,"69,75.5,78.5,81,81.5,83.5,81.5",20.2,76.09,91.82,MM090Y,1,1
514,514100451749416980514,"72,75.5,77.5,79,79.5,80,80.5,80",19.1,74.66,90.38,MM090Y,1,1
514,514100451749412900514,"74.5,77,79.5,80.5,81,82.5",18.9,74.4,90.12,MM090Y,1,1
514,514100451749382690514,"70.5,72,78,78.5,79.5,80.5,83,80.5",15.1,69.46,85.14,MM090Y,1,1
514,514100451749382670514,"73,79,81.5,82,83.5,82.5,83,83.5",15.3,69.72,85.4,MM090Y,1,1
514,514100451749511780514,"71,76,78,80,79,80.5,79",18.1,73.36,89.07,MM090Y,1,1
514,514100451749382640514,"75,78.5,79.5,81.5,83,82.5,83,82",15.3,69.72,85.4,MM090Y,1,1
514,514100451749510750514,"74.5,81,83,85,87,85,86,88,86,87",19.9,75.7,91.43,MM090Y,1,1
514,514100451749416620514,"71.5,76,78.5,80.5,81.5,82.5,83",19.4,75.05,90.77,MM090Y,1,1
514,514100451749412750514,"73,74,78.5,80,80.5,81,82,83,82.5",19.0,74.53,90.25,MM090Y,1,1
514,514100451749684320514,"67.5,72.5,74.5,72.5,73.5,75,76.5,77.5",15.6,70.11,85.79,MM090Y,1,1
514,514100451749507370514,"79,75.5,81,83,83.5,85,85.5",18.3,73.62,89.33,MM090Y,1,1
514,514100451749504990514,"76.5,80.5,83.5,85,85.5,85,87.5,86",21.3,77.52,93.26,MM090Y,1,1
514,514100451749413220514,"74.5,77.5,78,80.5,81.5,82.5",18.8,74.27,89.99,MM090Y,1,1
514,514100451749414160514,"69.5,75,77,77.5,78,77.5,78.5,79,78.5,80.5",17.3,72.32,88.02,MM090Y,1,1
514,514100451749515400514,"68.5,70,73.5,75.5,76.5,77,76",17.7,72.84,88.54,MM090Y,1,1
514,514100451749505390514,"75,78.5,80.5,83.5,82.5,83,85.5,84.5",20.9,77.0,92.74,MM090Y,1,1
514,514100451749412270514,"72.5,79.5,81.5,81,83,81.5,81",19.6,75.31,91.03,MM090Y,1,1
514,514100451749508940514,"73.5,78.5,80.5,82,84,83.5",20.1,75.96,91.69,MM090Y,1,1
514,514100451749382710514,"72,77,81,82.5,83,85,83",15.1,69.46,85.14,MM090Y,1,1
514,514100451749413120514,"69.5,72.5,77.5,76,79.5,80,81,80.5",19.2,74.79,90.51,MM090Y,1,1
514,514100451749501700514,"69.5,67.5,71,74,76,75.5,76.5,77,78,77.5",14.8,69.07,84.75,MM090Y,1,1
514,514100451749513720514,"74,78,78.5,79.5,80,81,82,82.5",18.3,73.62,89.33,MM090Y,1,1
514,514100451749412630514,"71.5,72,76,80,81.5,83.5,84",19.2,74.79,90.51,MM090Y,1,1
514,514100451749412390514,"74,76.5,78.5,79.5,80.5,82,83.5,81.5",19.2,74.79,90.51,MM090Y,1,1
514,514100451749503490514,"75.5,80,82.5,83.5,84,84.5,87.5,85.5",20.4,76.35,92.08,MM090Y,1,1
514,514100451749412870514,"74.5,76,80.5,81.5,82,81.5,82,82.5",18.9,74.4,90.12,MM090Y,1,1
514,514100451749382560514,"74,77,79.5,80.5,81.5,82.5,84.5,82.5",15.6,70.11,85.79,MM090Y,1,1
514,514100451749412380514,"71.5,75,76.5,79.5,81.5,80,81.5",19.4,75.05,90.77,MM090Y,1,1
514,514100451749511080514,"74,76.5,78.5,81.5,83,82.5,82",19.6,75.31,91.03,MM090Y,1,1
514,514100451749417160514,"72.5,72,73.5,75,77.5,78,79.5,77.5",18.7,74.14,89.85,MM090Y,1,1
514,514100451749505370514,"74.5,79,82,81,84,85,87,87.5",21.0,77.13,92.87,MM090Y,1,1
514,514100451749413640514,"73.5,75,77.5,78,79,79.5,80.5,81",18.6,74.01,89.72,MM090Y,1,1
514,514100451749500620514,"71,74,76,77,78,78.5,78",15.5,69.98,85.66,MM090Y,1,1
514,514100451749382510514,"73,75,79,81,82.5,83,83.5,74",14.7,68.94,84.62,MM090Y,1,1
514,514100451749508740514,"78.5,82.5,86,86.5,87.5,88.5,90",20.2,76.09,91.82,MM090Y,1,1
514,514100451749414060514,"69.5,73,75,77.5,79,78.5,79.5,79",17.7,72.84,88.54,MM090Y,1,1
514,514100451749416070514,"74,77,78,79,80.5,81,82",16.7,71.54,87.23,MM090Y,1,1
514,514100451749509780514,"74,78,80,82.5,81.5,83,83.5,84",20.9,77.0,92.74,MM090Y,1,1
514,514100451749505090514,"74.5,79.5,82,82.5,83,83.5,86,85",21.2,77.39,93.13,MM090Y,1,1
514,514100451749416240514,"70,73.5,73,76,77.5,76.5,77.5,78.5,80",16.4,71.15,86.84,MM090Y,1,1
514,514100451749412760514,"78,81.5,85,84.5,85,86,86.5,87,88.5",18.8,74.27,89.99,MM090Y,1,1
514,514100451749512320514,"68.5,73,68.5,71.5,75.5,79,77,78.5,78,79.5",17.2,72.19,87.89,MM090Y,1,1
514,514100451749382610514,"74.5,76.5,80,80.5,82,82.5,84,83.5",15.6,70.11,85.79,MM090Y,1,1
514,514100451749501610514,"68,73,75,77,77.5,77,79,78",14.7,68.94,84.62,MM090Y,1,1
514,514100451749414190514,"68.5,72,73,74.5,75.5,76,76.5,77,78.5",17.3,72.32,88.02,MM090Y,1,1
514,514100451749510450514,"69.5,70,73,78,80,82.5,81.5,82",20.4,76.35,92.08,MM090Y,1,1
514,514100451749503260514,"63.5,68.5,69.5,71,69.5,70,71,72",13.5,67.38,83.04,MM090Y,1,1
514,514100451749684360514,"69.5,74.5,77.5,77,77.5,79,79.5,78.5,79.5",15.3,69.72,85.4,MM090Y,1,1
514,514100451749416340514,"68.5,71.5,74.5,76,77.5,75.5",16.4,71.15,86.84,MM090Y,1,1
514,514100451749413880514,"68.5,72,74,77,79.5,78,78.5,80,79",18.4,73.75,89.46,MM090Y,1,1
514,514100451749504880514,"70,73.5,76.5,78.5,79.5,80.5,81,80.5",20.3,76.22,91.95,MM090Y,1,1
514,514100451749414730514,"73,72,76.5,77,82,82.5,81.5,83,82.5",17.9,73.1,88.81,MM090Y,1,1
514,514100451749414480514,"70,75.5,78,80.5,81.5,81,82.5,84",17.5,72.58,88.28,MM090Y,1,1
514,514100451749502440514,"65,68,70,72,72.5,73.5,74",13.5,67.38,83.04,MM090Y,1,1
514,514100451749416400514,"69.5,71.5,75,77.5,78,77.5,79,79.5,80",19.4,75.05,90.77,MM090Y,1,1
514,514100451749415760514,"74,76,77.5,80.5,79.5,81,81.5,82.5",16.7,71.54,87.23,MM090Y,1,1
514,514100451749515290514,"70.5,73.5,76,78,80.5,80",18.2,73.49,89.2,MM090Y,1,1
514,514100451749413980514,"67.5,72,73,76,75,77,78,77",18.0,73.23,88.94,MM090Y,1,1
514,514100451749508670514,"73,76.5,77.5,78.5,80,80.5,81.5,80",20.2,76.09,91.82,MM090Y,1,1
514,514100451749501290514,"68,71.5,72.5,75.5,75,74.5,76,77.5",15.1,69.46,85.14,MM090Y,1,1
514,514100451749508780514,"78.5,80.5,84,85,84,85.5,87.5",20.3,76.22,91.95,MM090Y,1,1
514,514100451749507990514,"74,73,76.5,77.5,78,78.5,78,77.5",17.2,72.19,87.89,MM090Y,1,1
514,514100451749505440514,"74,79.5,83,85,87,86.5,87",20.9,77.0,92.74,MM090Y,1,1
514,514100451749415310514,"70,74,76,77.5,78.5,79,80,78.5",17.3,72.32,88.02,MM090Y,1,1
514,514100451749513760514,"75,78,82,83,83.5,84.5,85.5,84.5",18.3,73.62,89.33,MM090Y,1,1
514,514100451749412650514,"75.5,76,78,80.5,79.5,80,83.5,81.5,82.5",19.1,74.66,90.38,MM090Y,1,1
514,514100451749506910514,"72,76.5,77,77.5,79.5,80,81,80.5",18.5,73.88,89.59,MM090Y,1,1
514,514100451749510480514,"75.5,78.5,81,83,83.5,85,85.5",20.4,76.35,92.08,MM090Y,1,1
514,514100451749412140514,"69.5,73,74.5,75.5,76,77.5,77",16.7,71.54,87.23,MM090Y,1,1
514,514100451749514570514,"73,75.5,78.5,80,80.5,81.5,81",18.0,73.23,88.94,MM090Y,1,1
514,514100451749511010514,"72,75.5,77.5,79.5,81.5,82.5,83",19.8,75.57,91.3,MM090Y,1,1
514,514100451749504090514,"74.5,80,81.5,84.5,85.5,86.5,86",21.9,78.31,94.05,MM090Y,1,1
514,514100451749417880514,"66.5,71,73,74.5,75,76.5,78,76.5",16.2,70.89,86.58,MM090Y,1,1
514,514100451749415930514,"68,72.5,74.5,74,76,75.5,78,76.5",16.5,71.28,86.97,MM090Y,1,1
514,514100451749685370514,"70,73,76,76.5,77,75.5,78,79.5",15.8,70.37,86.06,MM090Y,1,1
514,514100451749505560514,"75,77.5,81.5,84.5,86,87,86.5",20.8,76.87,92.61,MM090Y,1,1
514,514100451749516050514,"71.5,73,75,76.5,78,80.5,81",17.4,72.45,88.15,MM090Y,1,1
514,514100451749511520514,"70.5,74.5,76,78.5,79.5,80.5,79.5",18.4,73.75,89.46,MM090Y,1,1
514,514100451749416550514,"67.5,71,75.5,76,77.5,79.5,82,80.5",19.2,74.79,90.51,MM090Y,1,1
514,514100451749513100514,"67.5,70,73,75.5,74.5,75,76.5,77",15.9,70.5,86.19,MM090Y,1,1
514,514100451749501050514,"70,75,77,78,79.5,80,80.5,80",15.6,70.11,85.79,MM090Y,1,1
514,514100451749382730514,"75,76,78,80.5,82,82.5,83.5,83",15.0,69.33,85.01,MM090Y,1,1
514,514100451749510430514,"73,78.5,83,84.5,85.5,86,87,86",20.5,76.48,92.21,MM090Y,1,1
514,514100451749415690514,"72.5,76,78,80,81.5,83,84.5,85",16.9,71.8,87.5,MM090Y,1,1
514,514100451749417330514,"72.5,75,77,79,80,81,81.5",18.5,73.88,89.59,MM090Y,1,1
514,514100451749502370514,"66,69,71,72,74,74.5,77.5,74.5,78.5",13.8,67.77,83.44,MM090Y,1,1
514,514100451749417720514,"71.5,74.5,76.5,77,78,77.5,79,78",17.1,72.06,87.76,MM090Y,1,1
514,514100451749684630514,"70.5,75.5,77.5,78,79,78.5,79.5,78.5",15.2,69.59,85.27,MM090Y,1,1
514,514100451749509270514,"70.5,73.5,75,76.5,77.5,78",20.2,76.09,91.82,MM090Y,1,1
514,514100451749500870514,"69.5,72,75,75.5,76.5,76",15.5,69.98,85.66,MM090Y,1,1
514,514100451749382650514,"76,79,81,82,81.5,83.5,84,83",15.4,69.85,85.53,MM090Y,1,1
514,514100451749503150514,"67,68,71,72,73,74,74.5,75.5",12.1,65.56,81.21,MM090Y,1,1
514,514100451749505210514,"65,68,72,74.5,76,78,78.5,78",21.4,77.65,93.39,MM090Y,1,1
514,514100451749412130514,"71,74,76.5,77.5,78,77.5",16.7,71.54,87.23,MM090Y,1,1
514,514100451749412510514,"72.5,77,81,79.5,82.5,82,83.5,81.5,83",19.1,74.66,90.38,MM090Y,1,1
514,514100451749412420514,"72.5,77,81,83.5,83,84,85.5,84",19.3,74.92,90.64,MM090Y,1,1
514,514100451749510650514,"71.5,77,79.5,81.5,81,82,83.5,82.5",20.1,75.96,91.69,MM090Y,1,1
514,514100451749416180514,"75,77,80,80.5,81.5,84,83.5",16.6,71.41,87.1,MM090Y,1,1
514,514100451749382680514,"75,76.5,79,79.5,81,82,81",15.1,69.46,85.14,MM090Y,1,1
514,514100451749414470514,"73.5,77.5,78.5,79.5,80.5,82,80,82",17.5,72.58,88.28,MM090Y,1,1
514,514100451749508760514,"74,81,82,86,85.5,86,88,86.5",20.2,76.09,91.82,MM090Y,1,1
514,514100451749505520514,"76.5,79,82,82.5,83.5,84.5,83,84,84.5",20.8,76.87,92.61,MM090Y,1,1
514,514100451749413460514,"74.5,76.5,80.5,81,81.5,82,81",18.6,74.01,89.72,MM090Y,1,1
514,514100451749502530514,"71,69.5,71.5,74,74.5,75,76,76.5,76,76.5",13.3,67.12,82.78,MM090Y,1,1
514,514100451749412080514,"70,72.5,76,76.5,78,78.5,79.5,78.5",17.0,71.93,87.63,MM090Y,1,1
514,514100451749416500514,"73.5,74.5,75.5,76.5,78.5,79.5,80,80.5",19.2,74.79,90.51,MM090Y,1,1
514,514100451749514280514,"71.5,73,74,74.5,76,75,75.5,75",15.9,70.5,86.19,MM090Y,1,1
514,514100451749415650514,"73,76,77.5,78.5,79.5,80,82,80.5",17.1,72.06,87.76,MM090Y,1,1
514,514100451749414510514,"69.5,74,75,77,77.5,79.5,80,79.5",17.5,72.58,88.28,MM090Y,1,1
514,514100451749505910514,"74,78.5,81.5,82,84,85,86",20.3,76.22,91.95,MM090Y,1,1
514,514100451749511560514,"73,74.5,77,79.5,81,81.5,82.5,82,82.5,83.5,82.5,84",18.3,73.62,89.33,MM090Y,1,1
514,514100451749511020514,"71.5,76,80.5,81.5,81,82,81.5,83,83.5",19.7,75.44,91.16,MM090Y,1,1
514,514100451749412000514,"72,75.5,77.5,79.5,80,78.5",17.0,71.93,87.63,MM090Y,1,1
514,514100451749505750514,"75,77.5,81,82,84,83.5,84,82.5",20.5,76.48,92.21,MM090Y,1,1
514,514100451749412290514,"71,72.5,76.5,76,77.5,76.5",16.8,71.67,87.37,MM090Y,1,1
514,514100451749414840514,"70.5,72.5,77,79,80,80.5,80,81.5",17.5,72.58,88.28,MM090Y,1,1
514,514100451749413110514,"74.5,74,77.5,81.5,83,82.5,83,83.5,85",19.2,74.79,90.51,MM090Y,1,1
514,514100451749511660514,"71.5,74.5,76.5,78.5,80,82,81",18.2,73.49,89.2,MM090Y,1,1
514,514100451749417800514,"72.5,75.5,77.5,78.5,78,79.5,79",16.5,71.28,86.97,MM090Y,1,1
514,514100451749506390514,"73,77.5,78,80.5,82.5,83,83.5,82.5",19.7,75.44,91.16,MM090Y,1,1
514,514100451749503380514,"71,75.5,79,80.5,81,82,83,82",20.3,76.22,91.95,MM090Y,1,1
514,514100451749412350514,"75.5,78,80.5,83,83.5,86,85.5,86",19.5,75.18,90.9,MM090Y,1,1
514,514100451749504330514,"71.5,77,81,81.5,84,83.5,84.5,85",21.7,78.05,93.78,MM090Y,1,1
514,514100451749512490514,"71,73.5,75,75.5,78,78.5,79.5,79",17.2,72.19,87.89,MM090Y,1,1
514,514100451749413600514,"70.5,76,76.5,79,81.5,81,82.5,82",18.4,73.75,89.46,MM090Y,1,1
514,514100451749412070514,"70.5,76,79,78,77.5,79.5,80",16.8,71.67,87.37,MM090Y,1,1
514,514100451749417810514,"70.5,73.5,76.5,77,77.5,79,78.5",16.5,71.28,86.97,MM090Y,1,1
514,514100451749413660514,"72.5,75.5,77.5,78.5,79,80.5,81,80",18.6,74.01,89.72,MM090Y,1,1
514,514100451749504630514,"74.5,79,82,83,84.5,86,85.5,87,86.5",21.5,77.78,93.52,MM090Y,1,1
514,514100451749417940514,"67.5,67,68,70,71.5,72.5,73,72",15.9,70.5,86.19,MM090Y,1,1
514,514100451749412660514,"0,0,76.5,80,83,84,83.5,85,84.5,86",19.1,74.66,90.38,MM090Y,1,1
514,514100451749416630514,"71.5,74.5,76.5,78,80.5,81,82.5,81.5",19.3,74.92,90.64,MM090Y,1,1
514,514100451749507630514,"71,75.5,74.5,77,78.5,78,80,79.5",17.7,72.84,88.54,MM090Y,1,1
514,514100451749504770514,"76.5,78.5,82.5,83.5,84.5,86,86.5,87",21.4,77.65,93.39,MM090Y,1,1
514,514100451749413390514,"76,79.5,80,82,81,82.5",18.7,74.14,89.85,MM090Y,1,1
514,514100451749502560514,"67,68,70.5,72.5,72,73,71.5,74.5",13.2,66.99,82.65,MM090Y,1,1
514,514100451749685610514,"71,72.5,75.5,76.5,76,76.5,77.5",15.6,70.11,85.79,MM090Y,1,1
514,514100451749513920514,"68,72,76.5,77,78.5,79,80",18.0,73.23,88.94,MM090Y,1,1
514,514100451749411990514,"68,71.5,73.5,75,75.5,76.5,78.5,77",16.9,71.8,87.5,MM090Y,1,1
514,514100451749417180514,"69.5,74.5,76.5,77,78.5,79.5,80,79",18.7,74.14,89.85,MM090Y,1,1
514,514100451749415800514,"72.5,75.5,78,79.5,80.5,80,80.5,80",16.5,71.28,86.97,MM090Y,1,1
514,514100451749414790514,"72,73.5,76.5,79.5,80.5,81,83.5,81",17.7,72.84,88.54,MM090Y,1,1
514,514100451749412260514,"77,81,84,83.5,84.5,85,85.5,87",19.6,75.31,91.03,MM090Y,1,1
514,514100451749684750514,"68,77.5,80,79.5,80.5",15.3,69.72,85.4,MM090Y,1,1
514,514100451749382750514,"69.5,74,78,80,81,82,82.5",14.9,69.2,84.88,MM090Y,1,1
514,514100451749515730514,"70.5,74,75,76,78.5,79.5,80.5,81",18.1,73.36,89.07,MM090Y,1,1
514,514100451749414940514,"70.5,73.5,78,80,82,80.5,82",17.3,72.32,88.02,MM090Y,1,1
514,514100451749505930514,"72.5,75,79.5,80.5,80,80.5,82,82.5",20.4,76.35,92.08,MM090Y,1,1
514,514100451749412010514,"69.5,73,75,75.5,77.5,78,79,79.5",16.9,71.8,87.5,MM090Y,1,1
514,514100451749413380514,"71.5,74,76,75.5,78.5,79",18.7,74.14,89.85,MM090Y,1,1
514,514100451749503040514,"65,69.5,70.5,71,72.5,74,74.5,75",13.1,66.86,82.52,MM090Y,1,1
514,514100451749412150514,"68.5,71,72,74,73.5,74,74.5,74",16.7,71.54,87.23,MM090Y,1,1
514,514100451749413170514,"73.5,80,82,81,84",19.1,74.66,90.38,MM090Y,1,1
514,514100451749684240514,"70,74.5,79,78.5,80,81,82,80.5",15.5,69.98,85.66,MM090Y,1,1
514,514100451749501000514,"68.5,70,73.5,75.5,75,74.5,76.5,75.5",15.3,69.72,85.4,MM090Y,1,1
514,514100451749415780514,"72,73.5,77,79,82,79,80.5",16.6,71.41,87.1,MM090Y,1,1
514,514100451749504970514,"74,82,84,83.5,84.5,85.5,87,87.5,86.5",21.3,77.52,93.26,MM090Y,1,1
514,514100451749416370514,"69.5,70,74,75,77.5,76.5,77,78.5",16.3,71.02,86.71,MM090Y,1,1
514,514100451749512110514,"69,71,72,76.5,77,77.5",17.3,72.32,88.02,MM090Y,1,1
514,514100451749414900514,"70,73,75.5,77.5,77,78.5,79,79.5",17.4,72.45,88.15,MM090Y,1,1
514,514100451749412480514,"70.5,73.5,75.5,77,78,79.5,80,81.5,81,82.5,81.5",19.6,75.31,91.03,MM090Y,1,1
514,514100451749413360514,"75.5,77,78.5,80,79.5,80,81,82.5",18.6,74.01,89.72,MM090Y,1,1
514,514100451749506430514,"70.5,75,79,78.5,80.5,81,81.5,80.5",19.5,75.18,90.9,MM090Y,1,1
514,514100451749382700514,"76.5,79.5,81.5,83,83.5,83,84.5,82",15.4,69.85,85.53,MM090Y,1,1
514,514100451749510170514,"73,76.5,78,79.5,80.5,82,82.5",21.4,77.65,93.39,MM090Y,1,1
514,514100451749417150514,"73.5,78,79.5,80,81.5,81,82,81",18.5,73.88,89.59,MM090Y,1,1
514,514100451749413960514,"70,74.5,75,75.5,77.5,78,79",18.0,73.23,88.94,MM090Y,1,1
514,514100451749511510514,"74.5,77,79,80,83,83.5,83",18.5,73.88,89.59,MM090Y,1,1
514,514100451749505820514,"74.5,79,82,83,84.5,84,85.5",20.4,76.35,92.08,MM090Y,1,1
514,514100451749413080514,"77.5,79.5,82,80.5,83,84,84.5,86",19.3,74.92,90.64,MM090Y,1,1
514,514100451749503560514,"77,81,82,83.5,84,85,85.5,86",20.4,76.35,92.08,MM090Y,1,1
514,514100451749414550514,"71.5,74,74.5,75,76,77,77.5,78.5",17.4,72.45,88.15,MM090Y,1,1
514,514100451749412170514,"66,69.5,72.5,78.5,78,77.5,78,76.5",16.7,71.54,87.23,MM090Y,1,1
514,514100451749509100514,"74,78.5,80,82.5,82,83.5,84,85.5",20.3,76.22,91.95,MM090Y,1,1
514,514100451749414590514,"69,74.5,73.5,76,76.5,79,78,79,78.5,80.5",17.2,72.19,87.89,MM090Y,1,1
514,514100451749502300514,"69.5,71.5,74.5,75.5,74,75.5,76,75.5",14.0,68.03,83.7,MM090Y,1,1
514,514100451749417350514,"73,75,77,78,80,80.5,79.5",18.5,73.88,89.59,MM090Y,1,1
514,514100451749416940514,"74.5,77.5,79,79.5,81.5,82,82.5",19.0,74.53,90.25,MM090Y,1,1
514,514100451749501910514,"66,68.5,72,73.5,75,75.5,76.5,75.5,76,77",14.4,68.55,84.22,MM090Y,1,1
514,514100451749412460514,"74.5,75,76,78.5,80,79.5,82,82.5,82,82.5,83",19.2,74.79,90.51,MM090Y,1,1
514,514100451749413270514,"75.5,79,80,81,82.5,82,82.5,82",18.7,74.14,89.85,MM090Y,1,1
514,514100451749413560514,"69.5,76,78,81.5,79,78.5,82,81",18.9,74.4,90.12,MM090Y,1,1
514,514100451749508040514,"66.5,72,75,77.5,79,80,81",16.9,71.8,87.5,MM090Y,1,1
514,514100451749412980514,"71.5,74,76,77.5,80",18.8,74.27,89.99,MM090Y,1,1
514,514100451749413130514,"73.5,77,79,80,80.5,82.5,83.5,81.5",18.8,74.27,89.99,MM090Y,1,1
514,514100451749507800514,"71,75.5,77,78,79,80.5,81,80",17.4,72.45,88.15,MM090Y,1,1
514,514100451749414980514,"72,73,76.5,79,78,79.5,80.5,82",17.2,72.19,87.89,MM090Y,1,1
514,514100451749414020514,"73.5,76,78,80,79.5,80.5,80,79.5,80.5,80",17.8,72.97,88.68,MM090Y,1,1
514,514100451749416540514,"73.5,77,79.5,80,81,79.5,84,82.5",19.3,74.92,90.64,MM090Y,1,1
514,514100451749414220514,"79,79.5,82.5,83,83.5,84.5,84",18.7,74.14,89.85,MM090Y,1,1
514,514100451749413140514,"73.5,76,78.5,80,80.5,82,82.5,81",18.8,74.27,89.99,MM090Y,1,1
514,514100451749416170514,"72,75.5,77.5,81,80.5,81,82.5,81.5",16.7,71.54,87.23,MM090Y,1,1
514,514100451749413650514,"74,80.5,81.5,82,83.5,84,83.5",18.6,74.01,89.72,MM090Y,1,1
514,514100451749508720514,"74.5,78.5,82.5,83.5,84,85,85.5,85",20.2,76.09,91.82,MM090Y,1,1
514,514100451749504560514,"77,80,82,84,84.5,87,87.5",21.5,77.78,93.52,MM090Y,1,1
514,514100451749685630514,"72.5,75,76.5,77,79.5,80.5,79.5,80,81.5",15.6,70.11,85.79,MM090Y,1,1
514,514100451749415260514,"72.5,76,75,78,79,80,81,81.5",17.1,72.06,87.76,MM090Y,1,1
514,514100451749413100514,"71,75.5,76,78,77.5,79.5,80",18.5,73.88,89.59,MM090Y,1,1
514,514100451749512500514,"70,74,77,77.5,79.5,78.5,80",17.3,72.32,88.02,MM090Y,1,1
514,514100451749503690514,"68.5,70,69,71,72,70.5,71,73,74",13.5,67.38,83.04,MM090Y,1,1
514,514100451749414120514,"72,75,77,78.5,79,79.5,80,81.5",17.4,72.45,88.15,MM090Y,1,1
514,514100451749516360514,"74,74.5,76,77.5,78.5,80.5,81.5,80.5,80",17.4,72.45,88.15,MM090Y,1,1
514,514100451749506320514,"76.5,78,80.5,83.5,84,86,85",19.7,75.44,91.16,MM090Y,1,1
514,514100451749514020514,"74.5,78,81.5,83.5,84,86.5,85.5",18.9,74.4,90.12,MM090Y,1,1
514,514100451749412490514,"73,76,79.5,80.5,81.5,83,82",19.2,74.79,90.51,MM090Y,1,1
514,514100451749415660514,"73,74.5,79,80.5,81.5,81,82,81.5",17.1,72.06,87.76,MM090Y,1,1
514,514100451749501220514,"70.5,73,75,76,77,76.5,77.5,78,78.5,77.5",15.4,69.85,85.53,MM090Y,1,1
514,514100451749503830514,"77,76.5,80.5,81.5,82.5,82,83,83.5,83",20.4,76.35,92.08,MM090Y,1,1
514,514100451749414150514,"74.5,73,75,76,77.5,78",18.3,73.62,89.33,MM090Y,1,1
514,514100451749413240514,"72,76.5,78,80,80.5,82,83.5,83,84.5,84,84.5",18.9,74.4,90.12,MM090Y,1,1
514,514100451749413250514,"70,73.5,76,78.5,79.5,80,82,80",18.8,74.27,89.99,MM090Y,1,1
514,514100451749413260514,"72.5,76.5,78.5,80,81,82.5,82,81.5",18.8,74.27,89.99,MM090Y,1,1
514,514100451749504780514,"73,77.5,81,81.5,82.5,85,84.5",21.4,77.65,93.39,MM090Y,1,1
514,514100451749514190514,"74,77,78,79.5,80,81.5,83.5,82.5",18.5,73.88,89.59,MM090Y,1,1
514,514100451749501790514,"69,72.5,75.5,75,76.5,75,78,76.5",14.9,69.2,84.88,MM090Y,1,1
514,514100451749416000514,"74.5,76.5,79,79.5,82,79.5",17.1,72.06,87.76,MM090Y,1,1
514,514100451749505500514,"75.5,81.5,86,85.5,84.5,86.5,89",20.8,76.87,92.61,MM090Y,1,1
514,514100451749414540514,"69,71,74,76,77,78,77,78.5,79",17.8,72.97,88.68,MM090Y,1,1
514,514100451749382600514,"75.5,79,81,83.5,83,82",15.5,69.98,85.66,MM090Y,1,1
514,514100451749413370514,"72.5,75.5,79,80.5,82,82.5,82",18.7,74.14,89.85,MM090Y,1,1
514,514100451749500920514,"68.5,71,73,74,75,75.5,76,76.5",15.6,70.11,85.79,MM090Y,1,1
514,514100451749415520514,"64.5,67.5,71,73.5,74.5,77,77.5,75.5",17.0,71.93,87.63,MM090Y,1,1
514,514100451749515750514,"69.5,74,79,79.5,80,81.5,80,81.5,81",18.1,73.36,89.07,MM090Y,1,1
514,514100451749514650514,"69,74.5,76,78.5,79.5,78.5",17.7,72.84,88.54,MM090Y,1,1
514,514100451749415460514,"70,72.5,74.5,78,79,80,78.5,79.5",17.2,72.19,87.89,MM090Y,1,1
514,514100451749414490514,"71.5,74.5,77,78,81,79.5",17.5,72.58,88.28,MM090Y,1,1
514,514100451749510390514,"77,83.5,83,84,86,87.5,87",20.5,76.48,92.21,MM090Y,1,1
514,514100451749413350514,"73,76,80,81,80.5,82.5,83.5,82",19.2,74.79,90.51,MM090Y,1,1
514,514100451749685540514,"69,73,76.5,77,78,78.5,79.5,78",15.7,70.24,85.93,MM090Y,1,1
514,514100451749417920514,"68.5,70.5,73,75.5,75,76,75.5",16.1,70.76,86.45,MM090Y,1,1
514,514100451749513460514,"70.5,74.5,78,77.5,79,81,81.5,80.5",18.5,73.88,89.59,MM090Y,1,1
514,514100451749417650514,"71.5,74,75,77,76,76.5,77.5,78",17.1,72.06,87.76,MM090Y,1,1
514,514100451749414070514,"71.5,75,74.5,77,78,78.5,78",17.7,72.84,88.54,MM090Y,1,1
514,514100451749412500514,"73.5,77.5,81.5,84,82,83,84,83.5",19.1,74.66,90.38,MM090Y,1,1
514,514100451749502140514,"71,71.5,76,77.5,78,79.5,79",14.1,68.16,83.83,MM090Y,1,1
514,514100451749513740514,"69.5,74.5,77,79.5,80.5,79.5,81,80.5",18.3,73.62,89.33,MM090Y,1,1
514,514100451749507160514,"69.5,70.5,73,74.5,76,76.5,76,76.5",18.3,73.62,89.33,MM090Y,1,1
514,514100451749505980514,"74,77.5,82.5,81.5,82.5,84.5,85",20.2,76.09,91.82,MM090Y,1,1
514,514100451749417610514,"70.5,75.5,78.5,79.5,82,80.5",17.1,72.06,87.76,MM090Y,1,1
514,514100451749505000514,"72,75.5,80.5,80,82,81.5",21.3,77.52,93.26,MM090Y,1,1
514,514100451749511100514,"75.5,77,81,80,81,82,83.5,84",19.6,75.31,91.03,MM090Y,1,1
514,514100451749417620514,"73,76.5,79,79.5,81,80,81,80.5,82,81.5",17.1,72.06,87.76,MM090Y,1,1
514,514100451749413500514,"69,70.5,74,75,77,78,78.5,79,80,79.5,80,81.5",19.0,74.53,90.25,MM090Y,1,1
514,514100451749501130514,"69.5,72,74,74.5,75.5,77.5,79,78.5,79,80,80.5",15.5,69.98,85.66,MM090Y,1,1
514,514100451749510540514,"76.5,76,80.5,82.5,83.5,85",20.3,76.22,91.95,MM090Y,1,1
514,514100451749504430514,"79,82,85.5,87.5,88,89.5,90",21.7,78.05,93.78,MM090Y,1,1
514,514100451749511410514,"69,75,77,80,79.5,80.5,81.5,80.5",18.9,74.4,90.12,MM090Y,1,1
514,514100451749503650514,"76.5,79,79.5,83,83.5,84.5,84,85,86,87,86,85",20.3,76.22,91.95,MM090Y,1,1
514,514100451749413510514,"73,72,73,75.5,79,78,77,78,79,80",18.9,74.4,90.12,MM090Y,1,1
514,514100451749515700514,"72,74.5,78,80,78.5,79.5,80.5",18.1,73.36,89.07,MM090Y,1,1
514,514100451749506860514,"72.5,76.5,77.5,79,81.5,82.5,82",18.5,73.88,89.59,MM090Y,1,1
514,514100451749501090514,"71,73,75.5,76.5,77.5,78,77.5,79.5",15.6,70.11,85.79,MM090Y,1,1
514,514100451749413760514,"75,73.5,75.5,80,79.5,78.5,79.5,81,80",18.1,73.36,89.07,MM090Y,1,1
514,514100451749513230514,"66,67.5,69.5,71.5,72.5,73.5,73",15.8,70.37,86.06,MM090Y,1,1
514,514100451749414460514,"69,72.5,74,77,76.5,75.5,77.5,79",17.7,72.84,88.54,MM090Y,1,1
514,514100451749413520514,"70,69,72.5,74,75.5,77,77.5,78,78.5,79,80,79",18.9,74.4,90.12,MM090Y,1,1
514,514100451749412470514,"72,74,75.5,78,76.5,79,80.5",19.2,74.79,90.51,MM090Y,1,1
514,514100451749413540514,"71.5,76,77,79,81,80.5,80,80.5,81,81.5",19.0,74.53,90.25,MM090Y,1,1
514,514100451749500770514,"71.5,74.5,76.5,77,80,79,81,80",15.4,69.85,85.53,MM090Y,1,1
514,514100451749506200514,"74.5,77.5,80.5,81,82.5,83.5,82",19.9,75.7,91.43,MM090Y,1,1
514,514100451749507730514,"71,73,75,77.5,77,78.5,77.5",17.6,72.71,88.41,MM090Y,1,1
514,514100451749413570514,"70,73.5,76,77.5,79,79.5,81,80",18.9,74.4,90.12,MM090Y,1,1
514,514100451749507950514,"72.5,75.5,76,77,77.5,79,79.5,80.5",17.2,72.19,87.89,MM090Y,1,1
514,514100451749505570514,"75.5,80.5,81.5,86,88,87,87.5",20.7,76.74,92.47,MM090Y,1,1
514,514100451749413580514,"71.5,74,76,78,79.5,82,83,82,84",18.5,73.88,89.59,MM090Y,1,1
514,514100451749417310514,"69,72.5,74.5,76,78.5,77.5,80.5,79.5",19.0,74.53,90.25,MM090Y,1,1
514,514100451749417120514,"71.5,74.5,78,79.5,80.5,81.5,80",18.6,74.01,89.72,MM090Y,1,1
514,514100451749505640514,"73,78.5,80.5,83.5,85,84.5,86,87",20.6,76.61,92.34,MM090Y,1,1
514,514100451749510470514,"74,74.5,78,82.5,84,85,86,86.5",20.4,76.35,92.08,MM090Y,1,1
514,514100451749506530514,"75,79,80.5,82,82.5,82,82.5,83.5",19.7,75.44,91.16,MM090Y,1,1
514,514100451749513300514,"69.5,72.5,77.5,80,80.5,81,80,80.5",18.9,74.4,90.12,MM090Y,1,1
514,514100451749501880514,"66,68.5,72,72.5,75,77,75.5",14.5,68.68,84.35,MM090Y,1,1
514,514100451749515130514,"73.5,78,80.5,81,82,83.5,84,84.5",17.9,73.1,88.81,MM090Y,1,1
514,514100451749417680514,"71.5,73,75.5,76,76.5,77,76.5",17.0,71.93,87.63,MM090Y,1,1
514,514100451749413970514,"70,73.5,76,79,78,80,81.5,80.5",17.9,73.1,88.81,MM090Y,1,1
514,514100451749505940514,"69,77,79,80.5,82,83,85",20.2,76.09,91.82,MM090Y,1,1
514,514100451749506560514,"76.5,78,81,83,83.5,83,82.5,84.5,82.5",19.3,74.92,90.64,MM090Y,1,1
514,514100451749414780514,"72.5,77,78,79.5,80.5,81,82,83.5",17.7,72.84,88.54,MM090Y,1,1
514,514100451749515850514,"75,80,80.5,83,84,84.5,85",17.7,72.84,88.54,MM090Y,1,1
514,514100451749509530514,"73.5,79.5,83,84.5,85,86,88,87.5",21.4,77.65,93.39,MM090Y,1,1
514,514100451749413750514,"73,75.5,77,79,79.5,81,81.5,82.5,82,83",18.4,73.75,89.46,MM090Y,1,1
514,514100451749416110514,"74.5,76.5,78.5,79.5,80,82,81",16.9,71.8,87.5,MM090Y,1,1
514,514100451749504950514,"70,76,78.5,79.5,81,81.5,83",21.4,77.65,93.39,MM090Y,1,1
514,514100451749508560514,"75,77,81.5,82,82.5,83.5,85.5,83.5",20.4,76.35,92.08,MM090Y,1,1
514,514100451749413630514,"73,75,76.5,77,78.5,79,80,79.5",18.7,74.14,89.85,MM090Y,1,1
514,514100451749415010514,"70,73.5,76,78,78.5,79,79.5,80.5,80",17.0,71.93,87.63,MM090Y,1,1
514,514100451749412770514,"72,73.5,76.5,78.5,78,77.5,79,80.5",18.8,74.27,89.99,MM090Y,1,1
514,514100451749511440514,"71.5,76.5,78,78.5,80,81.5,81,82.5",18.6,74.01,89.72,MM090Y,1,1
514,514100451749505100514,"77,81,84,85,85.5,87.5,86.5",21.2,77.39,93.13,MM090Y,1,1
514,514100451749416130514,"73,72,76,77.5,79,76.5,80.5,79",16.7,71.54,87.23,MM090Y,1,1
514,514100451749413700514,"74.5,77,80.5,82.5,83,83.5,85,88,87",18.5,73.88,89.59,MM090Y,1,1
514,514100451749413730514,"73,76.5,77.5,78.5,79,80.5,80,80.5,79.5",18.4,73.75,89.46,MM090Y,1,1
514,514100451749413710514,"72,76,79,80,81,82,82.5,83",18.6,74.01,89.72,MM090Y,1,1
514,514100451749413720514,"74,76.5,77.5,78.5,79.5,82,81.5",18.5,73.88,89.59,MM090Y,1,1
514,514100451749512390514,"72,75,78.5,79.5,81,79.5",17.5,72.58,88.28,MM090Y,1,1
514,514100451749507970514,"75,73,78.5,80.5,79,80.5,82.5",17.1,72.06,87.76,MM090Y,1,1
514,514100451749501120514,"67.5,71.5,72.5,76.5,78,78.5,79,79.5,80.5",15.5,69.98,85.66,MM090Y,1,1
514,514100451749413740514,"74,77,80.5,80,79.5,81,81.5,82.5",18.2,73.49,89.2,MM090Y,1,1
514,514100451749505380514,"75.5,79,82,83.5,85,83.5,86,86.5",20.9,77.0,92.74,MM090Y,1,1
514,514100451749414390514,"71,75.5,77,78.5,79.5,78,79.5",17.8,72.97,88.68,MM090Y,1,1
514,514100451749413770514,"66.5,69.5,71,74.5,75,76.5,75.5,76",18.1,73.36,89.07,MM090Y,1,1
514,514100451749413780514,"75.5,78,80.5,79.5,80.5,82,81,81.5",18.1,73.36,89.07,MM090Y,1,1
514,514100451749507690514,"72.5,76.5,79.5,79,79.5,80",17.6,72.71,88.41,MM090Y,1,1
514,514100451749415680514,"70,73,74,76,78,78.5,80,80.5",17.5,72.58,88.28,MM090Y,1,1
514,514100451749413920514,"71.5,74,75,77,78.5,80,80.5",18.2,73.49,89.2,MM090Y,1,1
514,514100451749685260514,"69,73.5,74.5,75,76.5,75.5,75",16.3,71.02,86.71,MM090Y,1,1
514,514100451749413550514,"73,76,78,78.5,80,79.5,80.5,82.5,80.5,82.5",18.8,74.27,89.99,MM090Y,1,1
514,514100451749505840514,"72,77,78,81,80,81.5,82",20.4,76.35,92.08,MM090Y,1,1
514,514100451749413990514,"71.5,71,74,76.5,79,78,78.5,79.5",17.9,73.1,88.81,MM090Y,1,1
514,514100451749506600514,"76.5,78,79.5,81.5,82.5,83,84,82.5,84,83",19.3,74.92,90.64,MM090Y,1,1
514,514100451749510070514,"76.5,79.5,82.5,84.5,86,85,85.5",20.7,76.74,92.47,MM090Y,1,1
514,514100451749412690514,"72.5,74,79,80.5,80,81,81.5,82",19.1,74.66,90.38,MM090Y,1,1
514,514100451749512580514,"73.5,76,79,79.5,80,81,82",17.1,72.06,87.76,MM090Y,1,1
514,514100451749414030514,"72.5,76.5,79,80,81,81.5,80,81.5,82.5,81",17.8,72.97,88.68,MM090Y,1,1
514,514100451749685340514,"67.5,72,74.5,75,77,77.5,77,80,79.5,80,80.5",15.9,70.5,86.19,MM090Y,1,1
514,514100451749504270514,"79,81,85.5,86,86.5,87.5,88.5,88,87",21.8,78.18,93.92,MM090Y,1,1
514,514100451749501590514,"67.5,69.5,71.5,73,74.5,75.5,75,76,75,76",14.7,68.94,84.62,MM090Y,1,1
514,514100451749416600514,"71,74.5,77.5,79.5,81,82.5,83,82.5",19.4,75.05,90.77,MM090Y,1,1
514,514100451749504200514,"78,80.5,84.5,85,86.5,87.5,88.5,87.5,90",21.9,78.31,94.05,MM090Y,1,1
514,514100451749414100514,"72.5,78.5,81,81.5,82.5,84,83",17.5,72.58,88.28,MM090Y,1,1
514,514100451749505760514,"76.5,79.5,82.5,84,84.5,85,86,86.5",20.6,76.61,92.34,MM090Y,1,1
514,514100451749415920514,"69,70,72,76.5,77.5,77,77.5,78.5,80.5",16.5,71.28,86.97,MM090Y,1,1
514,514100451749413200514,"70.5,70,74.5,75,78,80.5,80,79,82,80",19.2,74.79,90.51,MM090Y,1,1
514,514100451749414040514,"71,71.5,72.5,75,77,77.5,79,79.5,78.5,80",17.8,72.97,88.68,MM090Y,1,1
514,514100451749513610514,"71.5,75.5,76.5,78.5,81.5,81,82,81",18.6,74.01,89.72,MM090Y,1,1
514,514100451749412940514,"74.5,76.5,77.5,81,80.5,79.5,82.5,82",18.5,73.88,89.59,MM090Y,1,1
514,514100451749415750514,"72.5,75,78.5,80,81,80.5,82.5,81",16.8,71.67,87.37,MM090Y,1,1
514,514100451749412040514,"77,75,76.5,78,79.5,80.5,80,81,80,80.5,81",17.4,72.45,88.15,MM090Y,1,1
514,514100451749503080514,"66.5,67.5,70.5,72,71,72,72.5,71.5",13.1,66.86,82.52,MM090Y,1,1
514,514100451749414080514,"70,74,78,78.5,79,78.5,80.5,79",17.7,72.84,88.54,MM090Y,1,1
514,514100451749415440514,"73,79,80,81,80.5",17.2,72.19,87.89,MM090Y,1,1
514,514100451749502360514,"65.5,68.5,70.5,72,73,72,72.5,73.5,74",13.6,67.51,83.17,MM090Y,1,1
514,514100451749514770514,"71,74,75,77,78.5,79.5,81,79",17.7,72.84,88.54,MM090Y,1,1
514,514100451749412880514,"74,78,81.5,80,83,84,83.5",18.8,74.27,89.99,MM090Y,1,1
514,514100451749684210514,"68.5,71,73,74.5,76,77,78,77.5",15.7,70.24,85.93,MM090Y,1,1
514,514100451749416750514,"69.5,74,77,79.5,80,80.5,82,82.5",19.1,74.66,90.38,MM090Y,1,1
514,514100451749501480514,"72,74.5,76.5,78,79.5,78.5,79.5,78.5,80",14.9,69.2,84.88,MM090Y,1,1
514,514100451749509210514,"70.5,75.5,78,78.5,79.5,81,80.5",20.2,76.09,91.82,MM090Y,1,1
514,514100451749509020514,"75.5,77,80,81.5,84,86,86.5",20.1,75.96,91.69,MM090Y,1,1
514,514100451749501560514,"69,72,73.5,74.5,77,77.5,78.5,78",14.8,69.07,84.75,MM090Y,1,1
514,514100451749513440514,"74,76.5,78,80.5,82,83,82,83",18.5,73.88,89.59,MM090Y,1,1
514,514100451749417200514,"72.5,71.5,79,79.5,81,82.5,80.5,82.5",18.7,74.14,89.85,MM090Y,1,1
514,514100451749414140514,"70,73.5,76.5,78,79.5,80,79.5,80.5,82",17.5,72.58,88.28,MM090Y,1,1
514,514100451749501070514,"72,77,80,80.5,82,82.5,83",15.6,70.11,85.79,MM090Y,1,1
514,514100451749416490514,"68.5,73.5,77.5,78,80,80.5,81.5,83,82.5",19.3,74.92,90.64,MM090Y,1,1
514,514100451749507390514,"70.5,75,78.5,81,82.5,83.5,82.5",18.2,73.49,89.2,MM090Y,1,1
514,514100451749506620514,"72.5,76,79.5,78.5,79.5,81,80.5",18.9,74.4,90.12,MM090Y,1,1
514,514100451749412410514,"73.5,75,77.5,81,80,81.5,82.5,83",19.4,75.05,90.77,MM090Y,1,1
514,514100451749414580514,"70,73.5,76.5,78,77.5,78,77",17.2,72.19,87.89,MM090Y,1,1
514,514100451749414310514,"75,76,78,80,80.5,81,82,82.5",18.0,73.23,88.94,MM090Y,1,1
514,514100451749416560514,"76,73,73.5,77.5,78.5,79.5,80.5,79.5,79",16.4,71.15,86.84,MM090Y,1,1
514,514100451749414320514,"73.5,73,74.5,76.5,78,80,81.5,80,81",18.1,73.36,89.07,MM090Y,1,1
514,514100451749504420514,"79,80.5,82,84.5,85,85.5,86,87.5,87,87.5",21.6,77.92,93.65,MM090Y,1,1
514,514100451749417050514,"74,78,81.5,81,82.5,83,85,83",18.9,74.4,90.12,MM090Y,1,1
514,514100451749505470514,"79,79.5,83,85,86.5,88,90",20.9,77.0,92.74,MM090Y,1,1
514,514100451749412250514,"71,72.5,75.5,76.5,77.5,78,77,76.5",16.7,71.54,87.23,MM090Y,1,1
514,514100451749504060514,"60.5,66,66.5,68.5,70,71.5,71,72",13.2,66.99,82.65,MM090Y,1,1
514,514100451749501460514,"68.5,73.5,76.5,77,78,79,78,80.5",14.8,69.07,84.75,MM090Y,1,1
514,514100451749412930514,"74.5,77.5,81,80.5,81,82.5,82",18.6,74.01,89.72,MM090Y,1,1
514,514100451749413680514,"76,79,80.5,82.5,84,83.5,85,83.5",18.5,73.88,89.59,MM090Y,1,1
514,514100451749503990514,"74,77,80,81.5,82.5,83.5,84,82.5",20.3,76.22,91.95,MM090Y,1,1
514,514100451749509450514,"77,79,82,82.5,83,84,83.5",20.1,75.96,91.69,MM090Y,1,1
514,514100451749414750514,"70,75.5,78.5,78,79.5,80,78.5,81.5",17.9,73.1,88.81,MM090Y,1,1
514,514100451749506470514,"72.5,77,79,81,82.5,83,84,81.5",19.4,75.05,90.77,MM090Y,1,1
514,514100451749414400514,"69,74.5,75.5,77,81,80,82,82.5",17.7,72.84,88.54,MM090Y,1,1
514,514100451749415250514,"68,71.5,74,75,75.5,76,75.5",17.3,72.32,88.02,MM090Y,1,1
514,514100451749414410514,"72,74.5,76.5,79,80,81.5,81",17.7,72.84,88.54,MM090Y,1,1
514,514100451749412840514,"72,75.5,78,79.5,82,82.5,81.5,83",18.9,74.4,90.12,MM090Y,1,1
514,514100451749417030514,"74.5,78,81,80.5,83,83.5,84",18.8,74.27,89.99,MM090Y,1,1
514,514100451749685410514,"70,73,75,76,76.5,75,78,77.5,78.5",15.8,70.37,86.06,MM090Y,1,1
514,514100451749414430514,"72,74.5,76,77,77.5,78.5,79,78",17.7,72.84,88.54,MM090Y,1,1
514,514100451749508460514,"74,78,80,81,82,84,84.5,85",20.4,76.35,92.08,MM090Y,1,1
514,514100451749414440514,"73.5,76,79,80,82,81.5,82.5,83",17.7,72.84,88.54,MM090Y,1,1
514,514100451749413290514,"74.5,76.5,79,80,81.5,82.5,82",18.7,74.14,89.85,MM090Y,1,1
514,514100451749414530514,"68.5,75,75.5,78.5,78,79.5,80.5",17.4,72.45,88.15,MM090Y,1,1
514,514100451749514910514,"73.5,75.5,80.5,83,82,83,84",18.4,73.75,89.46,MM090Y,1,1
514,514100451749414000514,"70,73.5,75.5,76.5,77.5,78.5,80,80.5,80",17.8,72.97,88.68,MM090Y,1,1
514,514100451749512250514,"67.5,69.5,72.5,75,75.5,76,77,76.5",17.0,71.93,87.63,MM090Y,1,1
514,514100451749502330514,"68.5,70.5,71.5,73,75,74.5",14.0,68.03,83.7,MM090Y,1,1
514,514100451749506330514,"75.5,78,81.5,82.5,83.5,88",19.7,75.44,91.16,MM090Y,1,1
514,514100451749414570514,"72,77.5,78.5,79,80.5",17.3,72.32,88.02,MM090Y,1,1
514,514100451749504390514,"74,74.5,79,81.5,84,84.5,85.5,84.5",21.8,78.18,93.92,MM090Y,1,1
514,514100451749685140514,"72.5,75,79,80,80.5,81,82.5",16.2,70.89,86.58,MM090Y,1,1
514,514100451749684340514,"69,73.5,77,77.5,78.5,79,80.5,81.5",15.3,69.72,85.4,MM090Y,1,1
514,514100451749512730514,"69,73,75,76.5,76,77,78,77.5",16.9,71.8,87.5,MM090Y,1,1
514,514100451749505710514,"74.5,80,82,83,84,84.5,84",20.8,76.87,92.61,MM090Y,1,1
514,514100451749502750514,"66,69,71,72.5,73,75,76,74.5",12.8,66.47,82.13,MM090Y,1,1
514,514100451749417890514,"73.5,75.5,77,77.5,75,78,77.5,78",16.1,70.76,86.45,MM090Y,1,1
514,514100451749685660514,"71,74,75.5,78,78.5,80,78.5",15.5,69.98,85.66,MM090Y,1,1
514,514100451749505620514,"74,75,79.5,80,81.5,82,85,83",20.6,76.61,92.34,MM090Y,1,1
514,514100451749500610514,"68,72.5,76.5,77,76,77.5,76.5,78,79.5",15.7,70.24,85.93,MM090Y,1,1
514,514100451749500630514,"69.5,71,69.5,74.5,73,75,74.5,76.5,76",15.6,70.11,85.79,MM090Y,1,1
514,514100451749503680514,"73,81,83.5,84,84.5,85.5,86.5,86",20.4,76.35,92.08,MM090Y,1,1
514,514100451749509840514,"74,78,80,81.5,82.5,81,82,83.5,84",20.9,77.0,92.74,MM090Y,1,1
514,514100451749500640514,"69.5,74,75,76,77.5,77,78",15.5,69.98,85.66,MM090Y,1,1
514,514100451749500650514,"68,71.5,72.5,74,77,76.5",15.5,69.98,85.66,MM090Y,1,1
514,514100451749506650514,"71.5,76.5,77.5,79.5,80.5,81.5,82.5",18.9,74.4,90.12,MM090Y,1,1
514,514100451749500670514,"71.5,73.5,77.5,76,77,78,79,77,77.5,79.5",15.5,69.98,85.66,MM090Y,1,1
514,514100451749684720514,"67,69,72.5,74.5,75,76,77,76",15.3,69.72,85.4,MM090Y,1,1
514,514100451749500680514,"72,74.5,77,78,79,79.5,81.5",15.6,70.11,85.79,MM090Y,1,1
514,514100451749684510514,"69.5,73.5,76.5,78,76,79,80.5,79.5",15.3,69.72,85.4,MM090Y,1,1
514,514100451749512830514,"72,75,78,79,79.5,79",16.8,71.67,87.37,MM090Y,1,1
514,514100451749509150514,"73,75.5,79,80.5,80,82.5,82,81.5",20.1,75.96,91.69,MM090Y,1,1
514,514100451749502380514,"71,73.5,74.5,76,77,77.5,76",14.1,68.16,83.83,MM090Y,1,1
514,514100451749503930514,"73,75.5,78,79,78.5,81,80.5",20.3,76.22,91.95,MM090Y,1,1
514,514100451749510860514,"76,78,80.5,82.5,83.5,83,85,84.5",19.9,75.7,91.43,MM090Y,1,1
514,514100451749417820514,"72.5,75,77,77.5,79,76.5",16.6,71.41,87.1,MM090Y,1,1
514,514100451749500690514,"72.5,73,73.5,75.5,76.5,77.5,76.5,78.5",15.6,70.11,85.79,MM090Y,1,1
514,514100451749515780514,"74,80,83.5,82,83.5,84,85,83.5",17.9,73.1,88.81,MM090Y,1,1
514,514100451749502280514,"66.5,70.5,72.5,73,75.5,74,76.5,75",14.0,68.03,83.7,MM090Y,1,1
514,514100451749413900514,"70.5,73,74.5,78.5,80,79.5,80.5,80,81,80.5",18.2,73.49,89.2,MM090Y,1,1
514,514100451749500700514,"69.5,73.5,74,75,76,77.5",15.6,70.11,85.79,MM090Y,1,1
514,514100451749503140514,"67.5,70,69,71.5,72.5,71.5,73.5,74.5,73",13.3,67.12,82.78,MM090Y,1,1
514,514100451749500720514,"73,75,77,78.5,79,79.5,81,81.5",15.6,70.11,85.79,MM090Y,1,1
514,514100451749500730514,"68,74,76,76.5,76,78,77,80",15.5,69.98,85.66,MM090Y,1,1
514,514100451749505360514,"77,79,80.5,83,84,85.5,85",20.9,77.0,92.74,MM090Y,1,1
514,514100451749506110514,"75.5,76.5,79,82.5,84,84.5,85,83.5",20.2,76.09,91.82,MM090Y,1,1
514,514100451749412780514,"74.5,77,80,82.5,82,85,84,85",18.9,74.4,90.12,MM090Y,1,1
514,514100451749500740514,"70.5,73,73.5,74.5,75.5,76,77,76.5,77",15.6,70.11,85.79,MM090Y,1,1
514,514100451749515250514,"79.5,80,81.5,80,79.5,79",18.4,73.75,89.46,MM090Y,1,1
514,514100451749500750514,"66,70,72.5,73,74,75.5,75",15.6,70.11,85.79,MM090Y,1,1
514,514100451749500760514,"69,72,73.5,76.5,75,76,75,77",15.7,70.24,85.93,MM090Y,1,1
514,514100451749515150514,"75.5,76.5,79,81,81.5,84.5,82",18.0,73.23,88.94,MM090Y,1,1
514,514100451749510850514,"68.5,74,76.5,77.5,79,78.5",20.5,76.48,92.21,MM090Y,1,1
514,514100451749414180514,"71,73,77,78.5,81,80.5,81,80,80.5",17.4,72.45,88.15,MM090Y,1,1
514,514100451749501640514,"68.5,73,75,76.5,77,76.5,77.5,78,77.5",15.5,69.98,85.66,MM090Y,1,1
514,514100451749511300514,"76.5,78.5,81.5,80,83.5,82,83.5,84,84.5,85",19.4,75.05,90.77,MM090Y,1,1
514,514100451749500780514,"68.5,72.5,72,72.5,73.5,74.5,75,75.5,76.5",15.5,69.98,85.66,MM090Y,1,1
514,514100451749500790514,"65.5,70,70.5,70,72.5,74,73.5",15.4,69.85,85.53,MM090Y,1,1
514,514100451749513650514,"72,75,77.5,78.5,80,82,83",18.3,73.62,89.33,MM090Y,1,1
514,514100451749500800514,"68.5,70,75,75.5,78.5,77.5,78,80",16.0,70.63,86.32,MM090Y,1,1
514,514100451749502670514,"67.5,69.5,71,72,73.5,74.5,75",12.8,66.47,82.13,MM090Y,1,1
514,514100451749512980514,"68.5,73,75.5,76.5,77,77.5,79,78.5",16.2,70.89,86.58,MM090Y,1,1
514,514100451749500810514,"70.5,72.5,75.5,75,75.5,77,78.5,77",15.2,69.59,85.27,MM090Y,1,1
514,514100451749416650514,"71,73,74.5,75,77.5,78.5,80,78.5",19.4,75.05,90.77,MM090Y,1,1
514,514100451749500820514,"70,72.5,75,76,74.5,75.5,76",15.2,69.59,85.27,MM090Y,1,1
514,514100451749500840514,"68.5,70.5,73,75,76,74,75",15.2,69.59,85.27,MM090Y,1,1
514,514100451749508350514,"78,82.5,86,84.5,84,87,88,87",20.5,76.48,92.21,MM090Y,1,1
514,514100451749417460514,"70.5,75,78,79.5,79,80,83,82",18.1,73.36,89.07,MM090Y,1,1
514,514100451749500860514,"73,77,76,77,78.5,80,79",15.2,69.59,85.27,MM090Y,1,1
514,514100451749513080514,"66,71.5,73,74.5,76,75,76,75.5",15.9,70.5,86.19,MM090Y,1,1
514,514100451749503580514,"75.5,79.5,82.5,84,84.5,85,86.5,87,86",20.4,76.35,92.08,MM090Y,1,1
514,514100451749500880514,"69.5,73,74.5,76.5,76,77,76.5,77",15.2,69.59,85.27,MM090Y,1,1
514,514100451749500890514,"70.5,73,74.5,76,76.5,78,77.5",15.3,69.72,85.4,MM090Y,1,1
514,514100451749500900514,"67,72.5,73,73.5,75.5,75,76.5",15.2,69.59,85.27,MM090Y,1,1
514,514100451749417170514,"70.5,74,75,77,78.5,79.5,80.5,79",19.0,74.53,90.25,MM090Y,1,1
514,514100451749506170514,"72,74,78.5,80.5,80,80.5,82,83",19.9,75.7,91.43,MM090Y,1,1
514,514100451749500950514,"70,73,76.5,74.5,75,76,76.5,78,77",15.4,69.85,85.53,MM090Y,1,1
514,514100451749510740514,"72,75,80,79,81,81.5,82,85,84,85,86,85,86,86.5,87,87.5",20.3,76.22,91.95,MM090Y,1,1
514,514100451749500960514,"67.5,70,73,75,74,75.5,74",15.2,69.59,85.27,MM090Y,1,1
514,514100451749413890514,"74,79.5,82.5,83.5,85,85.5,87,86.5",18.3,73.62,89.33,MM090Y,1,1
514,514100451749501030514,"67,69,70.5,72.5,74,73.5,75,74.5",15.2,69.59,85.27,MM090Y,1,1
514,514100451749507130514,"69.5,76,76.5,78,79,80,81",18.4,73.75,89.46,MM090Y,1,1
514,514100451749504190514,"75.5,81.5,82,84,86.5,88,87.5",21.9,78.31,94.05,MM090Y,1,1
514,514100451749504740514,"77,78.5,81.5,83.5,82.5,84.5,85,86",21.4,77.65,93.39,MM090Y,1,1
514,514100451749501080514,"66,69.5,72.5,73,73.5,73,78,76",15.2,69.59,85.27,MM090Y,1,1
514,514100451749500850514,"69.5,74.5,76,77.5,79,81,80.5",15.3,69.72,85.4,MM090Y,1,1
514,514100451749501140514,"71,73.5,76,78,77,78.5,79.5,79,82,80.5,81",15.5,69.98,85.66,MM090Y,1,1
514,514100451749501150514,"69.5,75,75.5,78.5,81.5",15.5,69.98,85.66,MM090Y,1,1
514,514100451749510050514,"69.5,75,77.5,79,79.5,81.5,81,83,82.5",20.6,76.61,92.34,MM090Y,1,1
514,514100451749501170514,"70,70.5,73,72,76.5,77.5,78.5,77.5,79.5",15.4,69.85,85.53,MM090Y,1,1
514,514100451749509220514,"72.5,77,80,81.5,80,81,84,82.5",20.1,75.96,91.69,MM090Y,1,1
514,514100451749501180514,"69.5,75,75.5,76.5,77.5,78",15.4,69.85,85.53,MM090Y,1,1
514,514100451749685430514,"68,74,76,78,77.5,82,80.5,81",15.7,70.24,85.93,MM090Y,1,1
514,514100451749417420514,"73,74.5,75.5,78,79.5,80,78.5,80,79.5,80",18.3,73.62,89.33,MM090Y,1,1
514,514100451749501200514,"74,75,77,77.5,79,80.5,79.5,81,82",15.4,69.85,85.53,MM090Y,1,1
514,514100451749510230514,"74.5,77.5,80.5,83,83.5,85,84,85",20.5,76.48,92.21,MM090Y,1,1
514,514100451749506490514,"72.5,76,77.5,79,79.5,81.5,82,81",19.2,74.79,90.51,MM090Y,1,1
514,514100451749501210514,"70,74.5,75.5,77,78,80,79.5,78.5,79",15.4,69.85,85.53,MM090Y,1,1
514,514100451749684600514,"71,73.5,77,78,79.5,80,79.5",15.3,69.72,85.4,MM090Y,1,1
514,514100451749501230514,"67,69.5,70.5,74.5,77,76,77.5",15.3,69.72,85.4,MM090Y,1,1
514,514100451749501240514,"68.5,72.5,73.5,73,73.5,74.5,75,76,77",15.2,69.59,85.27,MM090Y,1,1
514,514100451749412820514,"76,79.5,81.5,82,81.5,83,83.5,83",18.9,74.4,90.12,MM090Y,1,1
514,514100451749501250514,"73.5,74.5,75.5,76,78.5,80.5,80,79,80.5,82",15.5,69.98,85.66,MM090Y,1,1
514,514100451749513060514,"71.5,73,75,76,76.5,78,79,77.5",16.0,70.63,86.32,MM090Y,1,1
514,514100451749501280514,"69.5,75,76.5,77,78.5,78",15.1,69.46,85.14,MM090Y,1,1
514,514100451749513070514,"69.5,71,72,72.5,75,74.5,76.5,75.5",15.8,70.37,86.06,MM090Y,1,1
514,514100451749501300514,"67,70,72.5,74,76,76.5,77.5,77",15.2,69.59,85.27,MM090Y,1,1
514,514100451749516350514,"73.5,75,78.5,79,80,81,81.5,82.5,81,82.5,82",17.4,72.45,88.15,MM090Y,1,1
514,514100451749504140514,"77.5,82,84,86,88.5,87.5,86.5",21.9,78.31,94.05,MM090Y,1,1
514,514100451749503230514,"74.5,77.5,81,81.5,83.5,84,85,86,86.5",20.4,76.35,92.08,MM090Y,1,1
514,514100451749501190514,"70.5,74,77,77.5,79.5,80",15.4,69.85,85.53,MM090Y,1,1
514,514100451749501320514,"71.5,69.5,72.5,74,73.5,75,76,77,76",15.0,69.33,85.01,MM090Y,1,1
514,514100451749514080514,"74.5,77,80.5,82.5,83.5,85,84.5",18.7,74.14,89.85,MM090Y,1,1
514,514100451749501770514,"69,69.5,71,72,74,75",15.2,69.59,85.27,MM090Y,1,1
514,514100451749501400514,"69,68,69,72,74,74.5,74,74.5,75,76",14.9,69.2,84.88,MM090Y,1,1
514,514100451749501410514,"69.5,73,72.5,75,76,77.5,77,77.5,78.5",14.8,69.07,84.75,MM090Y,1,1
514,514100451749416710514,"72,76,78,79.5,80,81,80.5,83",19.2,74.79,90.51,MM090Y,1,1
514,514100451749501430514,"70,75,76.5,77.5,78,79,78.5,79,81",14.8,69.07,84.75,MM090Y,1,1
514,514100451749501440514,"67.5,70,72,72.5,75,74,75,75.5,76.5,77",14.9,69.2,84.88,MM090Y,1,1
514,514100451749506410514,"72,76.5,77.5,80.5,78.5,81,81.5,82",21.0,77.13,92.87,MM090Y,1,1
514,514100451749505780514,"75.5,79,83,81,82,83.5,84",20.6,76.61,92.34,MM090Y,1,1
514,514100451749506810514,"73,77,79,80.5,79.5",18.9,74.4,90.12,MM090Y,1,1
514,514100451749501450514,"65,68.5,64.5,67,71.5,74.5,73,75.5,75,76.5",14.8,69.07,84.75,MM090Y,1,1
514,514100451749501490514,"68.5,73.5,75,77,78,79,77.5",14.9,69.2,84.88,MM090Y,1,1
514,514100451749504320514,"78,80.5,85.5,88,86.5,87,88.5,88",21.9,78.31,94.05,MM090Y,1,1
514,514100451749501500514,"71,70.5,73.5,75,78.5,79,80,80.5",14.8,69.07,84.75,MM090Y,1,1
514,514100451749501520514,"72.5,73.5,70,74.5,75,76.5,78,76.5,77",14.8,69.07,84.75,MM090Y,1,1
514,514100451749503890514,"76,79,83,83.5,84.5,85,85.5,84,83",20.3,76.22,91.95,MM090Y,1,1
514,514100451749501530514,"67.5,69.5,71.5,72.5,74,75,76",14.9,69.2,84.88,MM090Y,1,1
514,514100451749501570514,"67.5,69.5,71.5,72.5,73,74,76,77,75.5",14.8,69.07,84.75,MM090Y,1,1
514,514100451749685510514,"67.5,73.5,75,76,78,78.5,80,78",15.7,70.24,85.93,MM090Y,1,1
514,514100451749515370514,"71.5,75.5,77,80.5,79,79.5,81",17.7,72.84,88.54,MM090Y,1,1
514,514100451749503280514,"72,76,77,79,80,81,82.5,82,82.5",20.4,76.35,92.08,MM090Y,1,1
514,514100451749417550514,"74,76,77,79,79.5,77.5,80.5,79",18.0,73.23,88.94,MM090Y,1,1
514,514100451749412400514,"70,75,77,78.5,79.5,80.5,80",19.3,74.92,90.64,MM090Y,1,1
514,514100451749506670514,"75,78,80,81,83.5,82.5,83.5,85.5,85",19.0,74.53,90.25,MM090Y,1,1
514,514100451749501580514,"69,70.5,73.5,75.5,76,77.5",14.9,69.2,84.88,MM090Y,1,1
514,514100451749516100514,"71,69,75,78,79,80,81",17.2,72.19,87.89,MM090Y,1,1
514,514100451749501600514,"68.5,71.5,72.5,74,75.5,75,76,75.5,76.5",14.7,68.94,84.62,MM090Y,1,1
514,514100451749504750514,"75,79.5,82.5,85.5,85,86.5,87.5,86.5",21.4,77.65,93.39,MM090Y,1,1
514,514100451749501620514,"66,71,68,70.5,72,76,75.5,77,77.5,76",14.7,68.94,84.62,MM090Y,1,1
514,514100451749501630514,"68,67.5,71,72.5,73.5,74,75.5,76,76.5,77.5",14.7,68.94,84.62,MM090Y,1,1
514,514100451749685590514,"72.5,67,74.5,76,76.5,77.5,78",15.6,70.11,85.79,MM090Y,1,1
514,514100451749501750514,"70.5,76.5,79,78,80,82,79",15.6,70.11,85.79,MM090Y,1,1
514,514100451749415080514,"68,73,74.5,75,76.5,75,77,78,77.5",16.9,71.8,87.5,MM090Y,1,1
514,514100451749501760514,"70.5,74.5,76.5,77.5,77,78.5,77.5",15.4,69.85,85.53,MM090Y,1,1
514,514100451749509250514,"77,75.5,77.5,79,81.5,83.5,81.5",20.2,76.09,91.82,MM090Y,1,1
514,514100451749507190514,"70.5,72.5,74,75.5,74,77.5,77",18.2,73.49,89.2,MM090Y,1,1
514,514100451749501820514,"70,72,73.5,74.5,76,77,77.5",14.6,68.81,84.48,MM090Y,1,1
514,514100451749514090514,"75,76,80.5,83,82.5,83.5,84,83.5",18.7,74.14,89.85,MM090Y,1,1
514,514100451749504460514,"75,80,82,84.5,86,88.5,88",21.6,77.92,93.65,MM090Y,1,1
514,514100451749501830514,"70,70.5,71.5,73.5,72.5,74,75,76.5,75",14.6,68.81,84.48,MM090Y,1,1
514,514100451749501840514,"65.5,70,71.5,72.5,74,75,74.5,75,74",14.7,68.94,84.62,MM090Y,1,1
514,514100451749501850514,"65,68.5,71,71.5,72.5,73,74.5",14.6,68.81,84.48,MM090Y,1,1
514,514100451749501860514,"67.5,70.5,71.5,72.5,74.5,75,76,77",14.5,68.68,84.35,MM090Y,1,1
514,514100451749510550514,"71.5,78.5,80,82,84,83,84.5,84",20.2,76.09,91.82,MM090Y,1,1
514,514100451749501870514,"67,71.5,74.5,76,75.5,77,76.5,77.5,78.5",14.5,68.68,84.35,MM090Y,1,1
514,514100451749501890514,"64,69,72.5,74,75,76.5,76",14.8,69.07,84.75,MM090Y,1,1
514,514100451749501900514,"69.5,73,74.5,75.5,76,75.5,78",14.4,68.55,84.22,MM090Y,1,1
514,514100451749501920514,"67,70.5,72.5,74,75.5,75,76.5,74.5",14.4,68.55,84.22,MM090Y,1,1
514,514100451749412020514,"67.5,70,73,75,75.5,77,76.5",16.8,71.67,87.37,MM090Y,1,1
514,514100451749501930514,"68.5,72.5,74.5,75.5,76,77.5",14.3,68.42,84.09,MM090Y,1,1
514,514100451749502850514,"65,66,70,72,73,74,73",12.5,66.08,81.73,MM090Y,1,1
514,514100451749510060514,"73.5,74,80.5,81,82,81.5,83",20.5,76.48,92.21,MM090Y,1,1
514,514100451749509440514,"74.5,80,80.5,81,83.5,85,83.5",20.1,75.96,91.69,MM090Y,1,1
514,514100451749504150514,"79.5,84,84.5,86.5,87,89,87.5",21.9,78.31,94.05,MM090Y,1,1
514,514100451749504350514,"75.5,79,81.5,84,84.5,85.5,86.5,88",21.8,78.18,93.92,MM090Y,1,1
514,514100451749501940514,"67.5,66,70.5,74,73,75.5,73.5,76",14.2,68.29,83.96,MM090Y,1,1
514,514100451749508260514,"69,72.5,74,76,76.5,78,79,78.5",17.3,72.32,88.02,MM090Y,1,1
514,514100451749501950514,"65.5,69.5,71.5,72.5,74,76,74.5,76.5",14.3,68.42,84.09,MM090Y,1,1
514,514100451749503520514,"75,79.5,83.5,83,85.5,86.5,87,86",20.3,76.22,91.95,MM090Y,1,1
514,514100451749502070514,"68.5,71.5,74,77,76.5,77.5,76",14.3,68.42,84.09,MM090Y,1,1
514,514100451749382480514,"75,78,81.5,80.5,81,82.5,83.5,82.5",14.7,68.94,84.62,MM090Y,1,1
514,514100451749512820514,"71,72,74.5,75.5,77.5,79,78.5",16.7,71.54,87.23,MM090Y,1,1
514,514100451749502100514,"68.5,70.5,71,73,73.5,75.5,74",14.2,68.29,83.96,MM090Y,1,1
514,514100451749513180514,"68.5,71,73,75,74.5,76,77",16.1,70.76,86.45,MM090Y,1,1
514,514100451749504820514,"75.5,79,81.5,82.5,83.5,84.5,86.5,85",21.3,77.52,93.26,MM090Y,1,1
514,514100451749505080514,"73.5,80.5,81.5,85.5,83.5,85.5,84.5",21.2,77.39,93.13,MM090Y,1,1
514,514100451749501650514,"70.5,74,75,75.5,76.5,77.5,75.5,76",14.6,68.81,84.48,MM090Y,1,1
514,514100451749506500514,"75,77.5,80.5,81,82,82.5,81.5",19.4,75.05,90.77,MM090Y,1,1
514,514100451749502200514,"67.5,70.5,71.5,74,74.5,75",14.1,68.16,83.83,MM090Y,1,1
514,514100451749502210514,"68.5,71,74,74.5,75.5,76.5,75",14.0,68.03,83.7,MM090Y,1,1
514,514100451749684440514,"71,73,75,76.5,78,77.5,78.5",15.3,69.72,85.4,MM090Y,1,1
514,514100451749502220514,"68,73,75,76,77,78,76",14.1,68.16,83.83,MM090Y,1,1
514,514100451749502230514,"66,71,72,73,75.5,75,76",14.1,68.16,83.83,MM090Y,1,1
514,514100451749502240514,"68.5,72,75,76,76.5,76,78,77",14.1,68.16,83.83,MM090Y,1,1
514,514100451749506900514,"72.5,74.5,76,79,80.5,82.5,81.5",18.5,73.88,89.59,MM090Y,1,1
514,514100451749413040514,"73.5,75.5,77,78,80.5,81,83,83.5",19.3,74.92,90.64,MM090Y,1,1
514,514100451749502250514,"66,69.5,72.5,73,74.5,75.5,76,75",14.0,68.03,83.7,MM090Y,1,1
514,514100451749502260514,"67,69.5,72.5,74.5,76,75.5,77,75.5",14.0,68.03,83.7,MM090Y,1,1
514,514100451749505420514,"78,80.5,83,83.5,85,85.5,86,87",20.9,77.0,92.74,MM090Y,1,1
514,514100451749502270514,"70.5,73,74.5,75.5,75,77.5,76",14.0,68.03,83.7,MM090Y,1,1
514,514100451749509510514,"72,77.5,79,82.5,84.5,86,85",21.3,77.52,93.26,MM090Y,1,1
514,514100451749502310514,"70,68.5,73,74.5,76,76.5,78,77.5,79",13.8,67.77,83.44,MM090Y,1,1
514,514100451749512710514,"70.5,73.5,76,76.5,78,77,79,77.5",16.7,71.54,87.23,MM090Y,1,1
514,514100451749502340514,"68,69.5,72,73,75,75.5,76,77",13.7,67.64,83.31,MM090Y,1,1
514,514100451749502880514,"66.5,65,71.5,73.5,74,74.5,74,74.5",12.4,65.95,81.6,MM090Y,1,1
514,514100451749414740514,"72,77,80,81,83,81.5,83.5,84,83,83.5",17.9,73.1,88.81,MM090Y,1,1
514,514100451749412450514,"75.5,77,79.5,81.5,82,82.5,83.5,84,86.5,85.5",19.2,74.79,90.51,MM090Y,1,1
514,514100451749504600514,"78.5,84,87.5,88,86,87,88.5",21.5,77.78,93.52,MM090Y,1,1
514,514100451749504870514,"72.5,75.5,77,79,80,80.5,81.5,81",20.3,76.22,91.95,MM090Y,1,1
514,514100451749506370514,"74.5,79,82,83.5,86,84,86.5,86",19.7,75.44,91.16,MM090Y,1,1
514,514100451749509920514,"74,79,80.5,82.5,82,83.5,82.5",20.8,76.87,92.61,MM090Y,1,1
514,514100451749507830514,"72.5,72,77,77.5,78,78.5,77.5,79,80",17.4,72.45,88.15,MM090Y,1,1
514,514100451749502400514,"69.5,70.5,72,74.5,75,76,77.5,78.5",13.5,67.38,83.04,MM090Y,1,1
514,514100451749504940514,"76,75.5,77.5,80.5,82.5,82,81.5,82.5",20.3,76.22,91.95,MM090Y,1,1
514,514100451749502410514,"68,70.5,73,76,74,74.5,76,75.5",13.5,67.38,83.04,MM090Y,1,1
514,514100451749506340514,"76.5,82,83,84.5,85,86.5,87,86",19.7,75.44,91.16,MM090Y,1,1
514,514100451749502470514,"68,70.5,72,75,74,75.5,77",13.5,67.38,83.04,MM090Y,1,1
514,514100451749510970514,"72,75.5,78.5,81,81.5,84,83.5,84.5,85",19.8,75.57,91.3,MM090Y,1,1
514,514100451749502480514,"67.5,70,74,75,73.5,75,76.5,77,77.5,78",13.5,67.38,83.04,MM090Y,1,1
514,514100451749507180514,"72.5,76,81.5,83,81.5,82.5,82,81.5",18.2,73.49,89.2,MM090Y,1,1
514,514100451749382500514,"73.5,76,79.5,80,79.5,80,81,80",14.8,69.07,84.75,MM090Y,1,1
514,514100451749414370514,"68,73.5,75.5,76,77.5,78,80.5,77.5",17.9,73.1,88.81,MM090Y,1,1
514,514100451749502500514,"65.5,70.5,72.5,74.5,75.5,76.5,77.5,78.5",13.4,67.25,82.91,MM090Y,1,1
514,514100451749502510514,"68.5,70.5,71.5,72.5,74.5,76,74",13.5,67.38,83.04,MM090Y,1,1
514,514100451749502540514,"68.5,72,74,74.5,76,75.5,78,75",13.5,67.38,83.04,MM090Y,1,1
514,514100451749502550514,"68.5,71.5,72,72.5,73.5,74.5,73.5",13.3,67.12,82.78,MM090Y,1,1
514,514100451749511210514,"73,75.5,80.5,79.5,79,80.5,82,81",19.5,75.18,90.9,MM090Y,1,1
514,514100451749502570514,"66,70,68.5,69.5,72.5,73,74,73,74",13.3,67.12,82.78,MM090Y,1,1
514,514100451749513450514,"71,74,75,77,79.5,79,79.5,79",18.7,74.14,89.85,MM090Y,1,1
514,514100451749511140514,"75.5,78,78.5,81,82,82.5,85,83",20.5,76.48,92.21,MM090Y,1,1
514,514100451749504920514,"77.5,81.5,83.5,85.5,85,87,88.5,87",21.3,77.52,93.26,MM090Y,1,1
514,514100451749504070514,"72.5,77,80,81.5,82,83,83.5",20.3,76.22,91.95,MM090Y,1,1
514,514100451749505790514,"72.5,78,80.5,83.5,83,84.5,84",20.4,76.35,92.08,MM090Y,1,1
514,514100451749512450514,"72,74,79.5,79,81,82,81.5",17.3,72.32,88.02,MM090Y,1,1
514,514100451749412120514,"69.5,72.5,75.5,77,76.5,77.5,78.5,78",16.9,71.8,87.5,MM090Y,1,1
514,514100451749502580514,"68.5,69,72.5,74.5,75.5,75,77,76.5",13.2,66.99,82.65,MM090Y,1,1
514,514100451749511640514,"73.5,75.5,79.5,80,81.5,82,83,82",18.2,73.49,89.2,MM090Y,1,1
514,514100451749416190514,"72,75,77,78.5,79.5,80,80.5,79",16.7,71.54,87.23,MM090Y,1,1
514,514100451749502590514,"64,67.5,70.5,72.5,73.5,73,73.5,73",13.2,66.99,82.65,MM090Y,1,1
514,514100451749515720514,"72.5,77,78.5,80.5,82,80.5,80",18.3,73.62,89.33,MM090Y,1,1
514,514100451749515210514,"72,74,77.5,79,80.5,81.5",17.8,72.97,88.68,MM090Y,1,1
514,514100451749502600514,"65,70.5,71.5,75,74.5,75,76,77",13.1,66.86,82.52,MM090Y,1,1
514,514100451749502740514,"64.5,67,70.5,71.5,72.5,74,75,74.5",12.9,66.6,82.26,MM090Y,1,1
514,514100451749502620514,"66,68.5,67.5,72.5,74,75.5,76.5,74",13.0,66.73,82.39,MM090Y,1,1
514,514100451749414860514,"72.5,75.5,77,79,80,81,80.5,80,81.5,82.5",17.5,72.58,88.28,MM090Y,1,1
514,514100451749505730514,"77.5,76.5,79,83.5,84,86.5,86",20.6,76.61,92.34,MM090Y,1,1
514,514100451749502450514,"65.5,69.5,71.5,72,72.5,73,75,73",13.5,67.38,83.04,MM090Y,1,1
514,514100451749502650514,"67.5,69.5,71,72,74.5,75.5,74,75.5",13.1,66.86,82.52,MM090Y,1,1
514,514100451749515260514,"74,77,79.5,80.5,81.5,80.5,81.5,84.5",18.1,73.36,89.07,MM090Y,1,1
514,514100451749503920514,"78,80,82.5,84.5,86,84.5",20.3,76.22,91.95,MM090Y,1,1
514,514100451749502680514,"64,67.5,69.5,72,71.5,73.5,72",12.9,66.6,82.26,MM090Y,1,1
514,514100451749502700514,"65.5,69,70,71,70.5,73.5,74,72.5",13.1,66.86,82.52,MM090Y,1,1
514,514100451749514250514,"72.5,73,79,83,82.5,83,83.5,85.5",18.7,74.14,89.85,MM090Y,1,1
514,514100451749502720514,"63.5,65.5,69,72,73.5,74.5,73",12.9,66.6,82.26,MM090Y,1,1
514,514100451749505320514,"78,81.5,82.5,87,86.5,85.5,87,89",21.0,77.13,92.87,MM090Y,1,1
514,514100451749502730514,"62,65.5,66.5,68,69,68.5,70.5,71.5",13.2,66.99,82.65,MM090Y,1,1
514,514100451749502770514,"64,66.5,67.5,69,71,70.5,71,72",13.2,66.99,82.65,MM090Y,1,1
514,514100451749509050514,"75,80.5,82.5,83,84.5,85,85.5",20.2,76.09,91.82,MM090Y,1,1
514,514100451749503200514,"67.5,72,73,74,75.5,76.5,76",13.4,67.25,82.91,MM090Y,1,1
514,514100451749502820514,"66,70,71.5,73,73.5,75,76,74",12.7,66.34,82.0,MM090Y,1,1
514,514100451749506550514,"71.5,78,80.5,81,81.5,82,83.5",19.4,75.05,90.77,MM090Y,1,1
514,514100451749509870514,"72,76.5,79.5,81,80.5,81,82.5",20.8,76.87,92.61,MM090Y,1,1
514,514100451749507200514,"73.5,77.5,78.5,80,79.5,80,81,80",18.2,73.49,89.2,MM090Y,1,1
514,514100451749514980514,"73,75.5,79,78,78.5,79.5,81,80.5",18.2,73.49,89.2,MM090Y,1,1
514,514100451749502780514,"67.5,69,70.5,72,72.5,73.5,74",13.3,67.12,82.78,MM090Y,1,1
514,514100451749504720514,"76.5,78.5,82.5,84,86,85.5,86",21.5,77.78,93.52,MM090Y,1,1
514,514100451749412230514,"74.5,77,79,81,82,83,82.5,83,84.5,84",19.6,75.31,91.03,MM090Y,1,1
514,514100451749415040514,"70,72,72.5,74.5,76.5,78,79",16.9,71.8,87.5,MM090Y,1,1
514,514100451749414520514,"75.5,76,79,80.5,81.5,82,83.5,82",17.7,72.84,88.54,MM090Y,1,1
514,514100451749502910514,"68.5,70.5,72.5,73,75,74.5,75,74",12.3,65.82,81.47,MM090Y,1,1
514,514100451749507610514,"73.5,74.5,76.5,78,76,78,81,80.5",17.7,72.84,88.54,MM090Y,1,1
514,514100451749502490514,"69,72.5,73,74,75,76.5,75.5,76.5,76",13.5,67.38,83.04,MM090Y,1,1
514,514100451749506220514,"70,76,78.5,78,79,80.5,80",19.9,75.7,91.43,MM090Y,1,1
514,514100451749513730514,"70.5,74.5,77.5,79,80,81,82",18.3,73.62,89.33,MM090Y,1,1
514,514100451749416640514,"71.5,74.5,78,79,80,81.5,83,82",19.4,75.05,90.77,MM090Y,1,1
514,514100451749502920514,"66.5,69,72,73,73.5,74.5",12.2,65.69,81.34,MM090Y,1,1
514,514100451749502930514,"66.5,68,71,72,72.5,74.5,75.5,74.5",12.2,65.69,81.34,MM090Y,1,1
514,514100451749514490514,"72.5,75.5,79.5,81,80.5,81.5,82,81",18.1,73.36,89.07,MM090Y,1,1
514,514100451749504580514,"78.5,81,85.5,87.5,88,89,91",21.5,77.78,93.52,MM090Y,1,1
514,514100451749684870514,"69.5,74,75,76,75.5,77.5,77,76,77.5",15.1,69.46,85.14,MM090Y,1,1
514,514100451749514810514,"72,76.5,79.5,79,80.5,82,82.5,82",18.5,73.88,89.59,MM090Y,1,1
514,514100451749502940514,"66,66.5,68.5,71.5,70.5,69.5,71,70",12.1,65.56,81.21,MM090Y,1,1
514,514100451749417860514,"71,73,76,75,76.5,77,78.5,78,77",16.3,71.02,86.71,MM090Y,1,1
514,514100451749417590514,"74,76.5,78,77.5,79,78.5,80,79",17.3,72.32,88.02,MM090Y,1,1
514,514100451749503290514,"61.5,62.5,65.5,67,68.5,69.5,72,70.5",13.5,67.38,83.04,MM090Y,1,1
514,514100451749502950514,"66,70.5,73.5,74.5,75.5,76.5,76",12.2,65.69,81.34,MM090Y,1,1
514,514100451749416890514,"74,79,80,82.5,81.5,83.5,85,84",19.1,74.66,90.38,MM090Y,1,1
514,514100451749503640514,"75.5,75,78,80.5,81,82.5,83.5,82,82.5",20.4,76.35,92.08,MM090Y,1,1
514,514100451749507210514,"76,76.5,77.5,79.5,81,80.5,81",18.2,73.49,89.2,MM090Y,1,1
514,514100451749502970514,"64,66,69,69.5,70.5,70,72,70",12.1,65.56,81.21,MM090Y,1,1
514,514100451749414600514,"70.5,74.5,75,77,78,76.5",17.2,72.19,87.89,MM090Y,1,1
514,514100451749503020514,"68.5,69,71.5,72,73.5,74,73.5",12.3,65.82,81.47,MM090Y,1,1
514,514100451749503030514,"65,67,67.5,70.5,71,70.5,71.5,73.5",12.4,65.95,81.6,MM090Y,1,1
514,514100451749514530514,"73,75.5,79,80,81,81.5,82.5,83",18.1,73.36,89.07,MM090Y,1,1
514,514100451749514360514,"77,79,82,84.5,83,84.5,84,86",18.3,73.62,89.33,MM090Y,1,1
514,514100451749412600514,"75,78,79.5,81,81.5,83.5,84.5,83.5,85.5",19.2,74.79,90.51,MM090Y,1,1
514,514100451749503050514,"66.5,71,74,74.5,75,76,75.5",13.1,66.86,82.52,MM090Y,1,1
514,514100451749505600514,"78,81.5,84,85,84,86,86.5,88.5",20.7,76.74,92.47,MM090Y,1,1
514,514100451749503060514,"64,68.5,69.5,71.5,73,74,73.5",13.1,66.86,82.52,MM090Y,1,1
514,514100451749514220514,"481,481,0,0,74,71.5,78.5,81,83.5",18.9,74.4,90.12,MM090Y,1,1
514,514100451749413590514,"70,73,77.5,80,80.5,82,80.5",18.6,74.01,89.72,MM090Y,1,1
514,514100451749503070514,"64,67.5,70.5,71,72.5,72,73.5,73",13.7,67.64,83.31,MM090Y,1,1
514,514100451749503090514,"69,70,72.5,73.5,74,75.5,76",13.8,67.77,83.44,MM090Y,1,1
514,514100451749503110514,"67.5,70.5,71,72.5,73.5,74.5,75,74",12.3,65.82,81.47,MM090Y,1,1
514,514100451749508370514,"76.5,80,83,84.5,85.5,86,87",20.4,76.35,92.08,MM090Y,1,1
514,514100451749503120514,"68.5,72.5,74,76,75.5,76",12.3,65.82,81.47,MM090Y,1,1
514,514100451749503130514,"68.5,71,72,73,75,74.5,75.5",12.3,65.82,81.47,MM090Y,1,1
514,514100451749513620514,"70.5,74.5,77.5,79,79.5,81,82,80.5",18.4,73.75,89.46,MM090Y,1,1
514,514100451749414990514,"69.5,73,74,77.5,75.5,78.5,79.5,78.5,79",17.1,72.06,87.76,MM090Y,1,1
514,514100451749503180514,"67.5,69.5,71.5,72.5,72,73.5,74.5,74",13.6,67.51,83.17,MM090Y,1,1
514,514100451749505490514,"71.5,78,79.5,81.5,82.5,82,82.5,82",20.9,77.0,92.74,MM090Y,1,1
514,514100451749501260514,"68.5,74.5,76,75.5,77,78.5,79.5",15.4,69.85,85.53,MM090Y,1,1
514,514100451749503220514,"72.5,76.5,79,80,82,83,83.5,86",20.4,76.35,92.08,MM090Y,1,1
514,514100451749503360514,"74.5,77.5,82,84,83",20.3,76.22,91.95,MM090Y,1,1
514,514100451749417430514,"72,74,77,78.5,79.5,79,81.5,80.5",18.1,73.36,89.07,MM090Y,1,1
514,514100451749503240514,"67,70,73,75.5,74,76,73.5",13.4,67.25,82.91,MM090Y,1,1
514,514100451749417230514,"74,78.5,81,82.5,82,83,85,84.5",18.6,74.01,89.72,MM090Y,1,1
514,514100451749503250514,"72.5,75,77.5,79,81,81.5,82,81.5,82.5,84.5,83.5,84.5,85",20.4,76.35,92.08,MM090Y,1,1
514,514100451749507680514,"71,74.5,79,79.5,80,81",17.7,72.84,88.54,MM090Y,1,1
514,514100451749504300514,"74,78,80,81.5,82.5,83,84.5,86,85",21.7,78.05,93.78,MM090Y,1,1
514,514100451749503270514,"73,76.5,78,80.5,81,82.5,82,81.5",20.4,76.35,92.08,MM090Y,1,1
514,514100451749503300514,"66,68.5,69.5,71.5,72,73.5,74,75.5",13.5,67.38,83.04,MM090Y,1,1
514,514100451749510010514,"68.5,73,76.5,77.5,79,80.5,79.5",20.7,76.74,92.47,MM090Y,1,1
514,514100451749507150514,"73,75,77.5,79,80.5,79.5,80.5,81",18.3,73.62,89.33,MM090Y,1,1
514,514100451749505350514,"75,81,83,84,86,87,86.5,88",21.0,77.13,92.87,MM090Y,1,1
514,514100451749505850514,"76,76.5,80.5,82.5,83.5,84,83.5,83,86",20.5,76.48,92.21,MM090Y,1,1
514,514100451749503310514,"63.5,67,68.5,70,71.5,72.5,72",13.5,67.38,83.04,MM090Y,1,1
514,514100451749503320514,"65,65.5,68,71,70.5,70,71.5,72.5",13.5,67.38,83.04,MM090Y,1,1
514,514100451749505020514,"71.5,77,79.5,81,80.5,82.5,84",21.4,77.65,93.39,MM090Y,1,1
514,514100451749503330514,"74,78,79.5,80.5,81,80.5,82.5,83,82.5,84.5",20.4,76.35,92.08,MM090Y,1,1
514,514100451749503370514,"68.5,73.5,77,78,79.5,81,82.5",20.4,76.35,92.08,MM090Y,1,1
514,514100451749684760514,"71,74.5,77.5,76.5,77,77.5,78.5,77",15.4,69.85,85.53,MM090Y,1,1
514,514100451749412100514,"66.5,71,75,76.5,77,77.5,79.5,78",16.9,71.8,87.5,MM090Y,1,1
514,514100451749503400514,"74.5,78.5,80.5,82.5,83,84,84.5,83.5",20.3,76.22,91.95,MM090Y,1,1
514,514100451749415000514,"70,73,75,77,76.5,78,79.5,78.5",17.0,71.93,87.63,MM090Y,1,1
514,514100451749503410514,"75.5,78.5,82,83,84.5,85.5,86",20.3,76.22,91.95,MM090Y,1,1
514,514100451749503430514,"75,79,82.5,84.5,85,84,87,86.5",20.3,76.22,91.95,MM090Y,1,1
514,514100451749505590514,"72,73.5,75,77.5,80.5,81.5,82.5,86",20.7,76.74,92.47,MM090Y,1,1
514,514100451749503440514,"78,80,81,81.5,83,82.5,83,82.5",20.2,76.09,91.82,MM090Y,1,1
514,514100451749503480514,"77.5,80,81.5,83,83.5,84,85,86.5",20.4,76.35,92.08,MM090Y,1,1
514,514100451749414560514,"69,75,76.5,78,80,78.5,79,79.5,81,80.5",17.4,72.45,88.15,MM090Y,1,1
514,514100451749503510514,"77.5,82.5,86,85,85.5,87.5,88.5,89",20.4,76.35,92.08,MM090Y,1,1
514,514100451749514800514,"73,77,79.5,80.5,81,80.5,83,81.5",18.5,73.88,89.59,MM090Y,1,1
514,514100451749503550514,"75.5,78.5,81,80.5,82,83",20.3,76.22,91.95,MM090Y,1,1
514,514100451749413690514,"71.5,73.5,77,79,79.5,79,81,80,80.5",18.5,73.88,89.59,MM090Y,1,1
514,514100451749503570514,"75,76.5,77.5,79.5,79,82,82.5,83,83.5",20.5,76.48,92.21,MM090Y,1,1
514,514100451749506780514,"70.5,75.5,77,76,79.5,78.5,80,78",18.8,74.27,89.99,MM090Y,1,1
514,514100451749413070514,"74,75.5,81,81.5,81,82,81.5,82.5",19.2,74.79,90.51,MM090Y,1,1
514,514100451749500660514,"69.5,73.5,75.5,76.5,78,78.5,79.5,78.5,80.5",15.7,70.24,85.93,MM090Y,1,1
514,514100451749504840514,"71,70,72,74,77.5,78,79,78.5,79.5",20.3,76.22,91.95,MM090Y,1,1
514,514100451749503610514,"67,71.5,71,73,72,75,74,75",13.7,67.64,83.31,MM090Y,1,1
514,514100451749503620514,"66,67,69.5,70.5,71,73",13.7,67.64,83.31,MM090Y,1,1
514,514100451749507660514,"72.5,78,75,80,80.5,82,82.5",17.7,72.84,88.54,MM090Y,1,1
514,514100451749503910514,"73.5,73,77,78,79,80.5,79.5,80.5,83,82",20.3,76.22,91.95,MM090Y,1,1
514,514100451749506940514,"75,75.5,79,81.5,80.5,81,83,80.5",18.4,73.75,89.46,MM090Y,1,1
514,514100451749503700514,"65.5,68,71,72.5,72,72.5,73,75.5,73.5",13.7,67.64,83.31,MM090Y,1,1
514,514100451749685320514,"69,74,76,77.5,78.5,79",15.9,70.5,86.19,MM090Y,1,1
514,514100451749503710514,"69,71,73,72,75,74,74.5,74",14.1,68.16,83.83,MM090Y,1,1
514,514100451749513190514,"65.5,66,70.5,72,74.5,75,72.5",15.8,70.37,86.06,MM090Y,1,1
514,514100451749503740514,"66,68.5,71,72,74,73,73.5",14.1,68.16,83.83,MM090Y,1,1
514,514100451749503750514,"65.5,68,69.5,73,73.5,76,75.5,75",14.1,68.16,83.83,MM090Y,1,1
514,514100451749503760514,"66,69.5,71.5,72,72.5,75,74.5,74",14.1,68.16,83.83,MM090Y,1,1
514,514100451749503780514,"67.5,70.5,72,75,74,75,76.5,77.5",14.1,68.16,83.83,MM090Y,1,1
514,514100451749503790514,"60.5,65,66.5,68,70,69",13.4,67.25,82.91,MM090Y,1,1
514,514100451749503820514,"77,82,83.5,84.5,85.5,87.5,85.5",20.3,76.22,91.95,MM090Y,1,1
514,514100451749515770514,"69,73,76,75.5,76.5,78,79.5,78",17.7,72.84,88.54,MM090Y,1,1
514,514100451749503840514,"64.5,70.5,69.5,73.5,74.5,73,74",13.7,67.64,83.31,MM090Y,1,1
514,514100451749506690514,"76,81,82.5,84,83,84.5,86,85.5,87",18.8,74.27,89.99,MM090Y,1,1
514,514100451749685680514,"70.5,74.5,75,76.5,78.5,79,79.5,80.5",15.7,70.24,85.93,MM090Y,1,1
514,514100451749416480514,"74,78,78.5,79.5,78.5,81,82,80.5",19.3,74.92,90.64,MM090Y,1,1
514,514100451749503850514,"74,78.5,80.5,82.5,83.5,83,84.5,86.5,85.5,85",20.3,76.22,91.95,MM090Y,1,1
514,514100451749503860514,"76,80.5,83,82,83,85.5,84.5",20.4,76.35,92.08,MM090Y,1,1
514,514100451749503900514,"76.5,78.5,80,82,83,84,84.5",20.3,76.22,91.95,MM090Y,1,1
514,514100451749503940514,"75,78.5,82,84,82.5,83.5,84,84.5,84,85",20.3,76.22,91.95,MM090Y,1,1
514,514100451749508030514,"70.5,73.5,76,78,79.5,80,81",16.9,71.8,87.5,MM090Y,1,1
514,514100451749503980514,"77.5,82,82.5,84.5,86,87.5,85.5",20.3,76.22,91.95,MM090Y,1,1
514,514100451749513900514,"73.5,77.5,79.5,81,82,83.5,82.5",18.0,73.23,88.94,MM090Y,1,1
514,514100451749504030514,"75,79.5,81,84.5,83.5,84.5,85.5,86.5,85",20.3,76.22,91.95,MM090Y,1,1
514,514100451749684310514,"72.5,74.5,76,77,78,78.5,78,79",15.5,69.98,85.66,MM090Y,1,1
514,514100451749502190514,"69,73,73.5,74.5,75,75.5,73.5,74,75.5",14.1,68.16,83.83,MM090Y,1,1
514,514100451749504110514,"67,67.5,69,70.5,72.5,72,71.5",13.2,66.99,82.65,MM090Y,1,1
514,514100451749510300514,"67.5,73,75,77,77.5,78,78.5,78",20.5,76.48,92.21,MM090Y,1,1
514,514100451749504160514,"77.5,83,85.5,87.5,88,88.5,89,90.5,91",21.9,78.31,94.05,MM090Y,1,1
514,514100451749684350514,"69,74,76,78,78.5,79.5,79,80.5",15.3,69.72,85.4,MM090Y,1,1
514,514100451749417140514,"76.5,78,80,81,81.5,80.5,83.5,81.5",18.7,74.14,89.85,MM090Y,1,1
514,514100451749504490514,"69.5,79,80.5,83.5,84,84.5,85.5,85",21.6,77.92,93.65,MM090Y,1,1
514,514100451749506100514,"75.5,76,77.5,80,82,81.5",20.2,76.09,91.82,MM090Y,1,1
514,514100451749504210514,"76,80.5,81,84,85,86.5,87.5",21.8,78.18,93.92,MM090Y,1,1
514,514100451749504220514,"76,81.5,84,85,86,87,86.5,87.5",21.8,78.18,93.92,MM090Y,1,1
514,514100451749515350514,"67.5,73,74,76.5,79,78,78.5,78",17.8,72.97,88.68,MM090Y,1,1
514,514100451749514430514,"69.5,75.5,78,79,81,81.5,82.5",18.3,73.62,89.33,MM090Y,1,1
514,514100451749504230514,"75,78,81,83,82.5,83.5,84,85.5,85,86,86.5",21.8,78.18,93.92,MM090Y,1,1
514,514100451749504260514,"75,79.5,80.5,81.5,82.5,84,84.5,84",21.8,78.18,93.92,MM090Y,1,1
514,514100451749504280514,"77.5,81.5,84,86.5,87.5,88,89.5",21.8,78.18,93.92,MM090Y,1,1
514,514100451749504290514,"77,82,83,84.5,85.5,87,91",21.8,78.18,93.92,MM090Y,1,1
514,514100451749504310514,"72.5,79.5,83,85,86.5,87.5,88",21.8,78.18,93.92,MM090Y,1,1
514,514100451749504250514,"78,80,85,85.5,86.5,89.5,88.5",21.8,78.18,93.92,MM090Y,1,1
514,514100451749504340514,"78,80.5,83,86,85.5,87,88,86.5",21.7,78.05,93.78,MM090Y,1,1
514,514100451749504370514,"76,78.5,81,82,83,84.5,86,85.5",21.7,78.05,93.78,MM090Y,1,1
514,514100451749504380514,"77.5,81,83,85,86,86.5,87,87.5",21.7,78.05,93.78,MM090Y,1,1
514,514100451749505860514,"74,76,78,80.5,80,82,82.5,83.5",20.6,76.61,92.34,MM090Y,1,1
514,514100451749504400514,"77.5,81.5,84.5,86.5,88,87,89.5",21.7,78.05,93.78,MM090Y,1,1
514,514100451749504410514,"77,80,83.5,85,85.5,88.5,89,88",21.7,78.05,93.78,MM090Y,1,1
514,514100451749505880514,"71,75.5,80,81.5,80.5,82.5,83",20.4,76.35,92.08,MM090Y,1,1
514,514100451749504470514,"75.5,79.5,83.5,85.5,86,87,86.5",21.6,77.92,93.65,MM090Y,1,1
514,514100451749504360514,"78.5,83,85.5,86.5,88,90.5,88.5",21.8,78.18,93.92,MM090Y,1,1
514,514100451749504480514,"77,83,84,85.5,86,88,87,87.5",21.7,78.05,93.78,MM090Y,1,1
514,514100451749504500514,"77,81.5,84,85.5,86.5,87.5,89,89.5",21.6,77.92,93.65,MM090Y,1,1
514,514100451749684800514,"66,69.5,74,74.5,75,76,77",15.3,69.72,85.4,MM090Y,1,1
514,514100451749510120514,"74,76.5,77.5,80,80.5,82.5,83,82.5",20.6,76.61,92.34,MM090Y,1,1
514,514100451749504520514,"77.5,80,81.5,85.5,86.5,87.5,88.5,88",21.5,77.78,93.52,MM090Y,1,1
514,514100451749514870514,"71,73.5,76,79,79.5,80,79",18.2,73.49,89.2,MM090Y,1,1
514,514100451749504540514,"75,78,82,83,85,85.5,86.5,88",21.5,77.78,93.52,MM090Y,1,1
514,514100451749504570514,"76,82,84,86,85.5,87,88",21.5,77.78,93.52,MM090Y,1,1
514,514100451749504590514,"77,80.5,81.5,82,83,83.5,86,86.5,87,87.5",21.7,78.05,93.78,MM090Y,1,1
514,514100451749504610514,"74,78,83,84,85,85.5,87.5,86",21.6,77.92,93.65,MM090Y,1,1
514,514100451749513780514,"69,73,77,79.5,80,81,82",18.4,73.75,89.46,MM090Y,1,1
514,514100451749504620514,"75,78.5,84.5,86.5,88,90,89.5",21.5,77.78,93.52,MM090Y,1,1
514,514100451749510110514,"74.5,75.5,78,79,79.5,81,81.5",20.6,76.61,92.34,MM090Y,1,1
514,514100451749504640514,"72.5,77.5,80,79.5,82.5,82,82.5,84,82.5",20.3,76.22,91.95,MM090Y,1,1
514,514100451749503340514,"66,68.5,70,71.5,73,73.5",13.5,67.38,83.04,MM090Y,1,1
514,514100451749504670514,"77.5,79,81,83,84.5,85.5,87,88",21.5,77.78,93.52,MM090Y,1,1
514,514100451749503350514,"69,74.5,80,81,80.5,81,82.5",20.4,76.35,92.08,MM090Y,1,1
514,514100451749504680514,"76,80.5,83.5,86.5,87,88,89,90",21.4,77.65,93.39,MM090Y,1,1
514,514100451749413090514,"70,72,73,76.5,77.5,78,77.5,78.5",19.2,74.79,90.51,MM090Y,1,1
514,514100451749506590514,"75.5,77.5,81.5,82.5,84,83,85,84,84.5,86,85",19.3,74.92,90.64,MM090Y,1,1
514,514100451749414350514,"68,73,75,75.5,76.5,79,79.5",17.8,72.97,88.68,MM090Y,1,1
514,514100451749504710514,"74,78,80,81.5,80.5,82.5,83.5,85,85.5",20.3,76.22,91.95,MM090Y,1,1
514,514100451749504830514,"77.5,82,84,87,85.5,84.5",21.3,77.52,93.26,MM090Y,1,1
514,514100451749504130514,"80,85,86.5,88.5,89,91.5,90",21.9,78.31,94.05,MM090Y,1,1
514,514100451749504850514,"73,78.5,79.5,81,82.5,84,83.5,84,85,85.5",20.3,76.22,91.95,MM090Y,1,1
514,514100451749413420514,"69.5,73,78.5,79.5,81,82",18.6,74.01,89.72,MM090Y,1,1
514,514100451749504860514,"74,75.5,77,78.5,77.5,82.5,83,84.5,84,85",20.3,76.22,91.95,MM090Y,1,1
514,514100451749503800514,"76,80,81.5,82.5,83,84.5,82,82.5",20.3,76.22,91.95,MM090Y,1,1
514,514100451749504890514,"72.5,76.5,80.5,83,85,83.5",21.4,77.65,93.39,MM090Y,1,1
514,514100451749505270514,"76.5,80,83.5,84.5,85,86.5,88,88.5",21.1,77.26,93.0,MM090Y,1,1
514,514100451749516030514,"72,74,76,77,77.5,79.5,80.5",17.4,72.45,88.15,MM090Y,1,1
514,514100451749506730514,"75.5,78.5,79.5,81.5,82.5,83",19.1,74.66,90.38,MM090Y,1,1
514,514100451749504900514,"75.5,80,83,84,85.5,86.5,87",21.2,77.39,93.13,MM090Y,1,1
514,514100451749504910514,"75.5,77.5,79,80,80.5,82,84.5,85.5",20.3,76.22,91.95,MM090Y,1,1
514,514100451749504930514,"74.5,78.5,80,81.5,82.5,84.5,85,84.5",21.4,77.65,93.39,MM090Y,1,1
514,514100451749504980514,"76.5,81,84,83,85,85.5,85",21.3,77.52,93.26,MM090Y,1,1
514,514100451749505010514,"75,76.5,79,81,80.5,81,81.5,80.5",21.2,77.39,93.13,MM090Y,1,1
514,514100451749505030514,"74,76,80.5,82,83.5,82.5,85.5,84.5",21.4,77.65,93.39,MM090Y,1,1
514,514100451749506750514,"74.5,77,78.5,80,80.5,82,82.5,83",19.2,74.79,90.51,MM090Y,1,1
514,514100451749515050514,"75,78,81,83,83.5,84,85,83.5,85,84.5,85,86.5,85.5,86.5",18.1,73.36,89.07,MM090Y,1,1
514,514100451749508540514,"77.5,76.5,79,82,81,83.5,82.5",20.4,76.35,92.08,MM090Y,1,1
514,514100451749505110514,"74,76,78.5,82,81.5,83,83.5,84",21.1,77.26,93.0,MM090Y,1,1
514,514100451749505120514,"69.5,75,76,79,80,79.5,80",21.4,77.65,93.39,MM090Y,1,1
514,514100451749506920514,"85,84,83,81.5,84.5,82,81.5",18.5,73.88,89.59,MM090Y,1,1
514,514100451749417670514,"73.5,74,76.5,77,78,78.5,79,78",17.1,72.06,87.76,MM090Y,1,1
514,514100451749505130514,"73.5,75.5,77.5,78.5,81.5,83,81.5",21.4,77.65,93.39,MM090Y,1,1
514,514100451749382520514,"66,71,72,74,75.5,75,76.5,75",16.5,71.28,86.97,MM090Y,1,1
514,514100451749500990514,"68,71.5,70.5,71.5,72.5,73,74.5,72.5,74.5",15.2,69.59,85.27,MM090Y,1,1
514,514100451749505140514,"72,77.5,80.5,83,82.5,82,84.5,85",21.2,77.39,93.13,MM090Y,1,1
514,514100451749514780514,"72.5,77.5,79.5,83.5,80.5,82.5,83,82",17.8,72.97,88.68,MM090Y,1,1
514,514100451749512080514,"71.5,75.5,78,78.5,77.5,79,79.5,78.5",17.6,72.71,88.41,MM090Y,1,1
514,514100451749501810514,"68.5,71.5,73,74.5,75,76.5,76,78",15.6,70.11,85.79,MM090Y,1,1
514,514100451749505170514,"71,75,79,79.5,81,81.5,82,82.5",21.1,77.26,93.0,MM090Y,1,1
514,514100451749515040514,"75,79,83,83.5,83,83.5,84.5,84,85,86,84.5,85,86,85.5,86.5,87.5",18.1,73.36,89.07,MM090Y,1,1
514,514100451749415270514,"74.5,76,78,80,80.5,80,82,81",17.2,72.19,87.89,MM090Y,1,1
514,514100451749505310514,"78,81,82.5,84,85,86,87,88",21.0,77.13,92.87,MM090Y,1,1
514,514100451749685200514,"68.5,74,76,74.5,76.5,78,77.5",16.1,70.76,86.45,MM090Y,1,1
514,514100451749416830514,"68.5,76,78.5,80.5,81,81.5,82,82.5",19.2,74.79,90.51,MM090Y,1,1
514,514100451749505430514,"75,78.5,82,83,84.5,84,85,87,88",20.9,77.0,92.74,MM090Y,1,1
514,514100451749505450514,"74.5,79,82.5,85,85.5,86.5,85.5",20.9,77.0,92.74,MM090Y,1,1
514,514100451749505460514,"74,76,76.5,78.5,81,82.5,81.5,83,84,84.5",20.8,76.87,92.61,MM090Y,1,1
514,514100451749511930514,"69,72.5,75.5,76.5,77.5,79,80.5,80,81.5",17.6,72.71,88.41,MM090Y,1,1
514,514100451749505480514,"79.5,81.5,83,85.5,84.5,87,88",20.9,77.0,92.74,MM090Y,1,1
514,514100451749505510514,"75.5,79,85,85.5,85,87,86.5",20.8,76.87,92.61,MM090Y,1,1
514,514100451749505530514,"77,80,82.5,85,85.5,87,86.5",20.9,77.0,92.74,MM090Y,1,1
514,514100451749412320514,"71,72.5,77,77.5,79,78.5,80,79",19.5,75.18,90.9,MM090Y,1,1
514,514100451749501550514,"71.5,72,73.5,74.5,76.5,76,77.5,75.5",14.9,69.2,84.88,MM090Y,1,1
514,514100451749502630514,"63,67,68.5,71.5,72.5,73.5,75,74",13.0,66.73,82.39,MM090Y,1,1
514,514100451749505550514,"73.5,77.5,79,81.5,83.5,84,84.5,84,85.5,87",20.8,76.87,92.61,MM090Y,1,1
514,514100451749505610514,"76,78.5,81.5,83.5,84.5,83.5,85,87",20.7,76.74,92.47,MM090Y,1,1
514,514100451749505630514,"77,79,81,84.5,83.5,84.5,87,88.5",20.7,76.74,92.47,MM090Y,1,1
514,514100451749505650514,"72.5,76.5,79,81,82.5,83.5,84,85.5",20.6,76.61,92.34,MM090Y,1,1
514,514100451749412200514,"65,68,69,70,71.5,73,74,72.5",16.7,71.54,87.23,MM090Y,1,1
514,514100451749503720514,"63.5,66.5,68.5,71.5,73,74.5,73",13.4,67.25,82.91,MM090Y,1,1
514,514100451749505670514,"69,74.5,78.5,80.5,82,81.5,83,82.5",20.6,76.61,92.34,MM090Y,1,1
514,514100451749415200514,"72,75,77.5,79.5,78,79,80,81",17.5,72.58,88.28,MM090Y,1,1
514,514100451749505680514,"76.5,80.5,83.5,85,84,86.5,88,86.5",20.6,76.61,92.34,MM090Y,1,1
514,514100451749511320514,"72.5,78,78.5,79.5,80.5,81.5,82.5,81.5,82.5",19.9,75.7,91.43,MM090Y,1,1
514,514100451749503880514,"78,81.5,83.5,82.5,83,84,85.5",20.3,76.22,91.95,MM090Y,1,1
514,514100451749505700514,"77,79,82,84,84.5,86,87,86",20.6,76.61,92.34,MM090Y,1,1
514,514100451749512100514,"70.5,74,76.5,77.5,78.5,80,79.5",17.4,72.45,88.15,MM090Y,1,1
514,514100451749509740514,"75,74.5,80,81,83,83.5,84,83.5,85.5,86",20.9,77.0,92.74,MM090Y,1,1
514,514100451749509670514,"69,75.5,78,80.5,80,82,80.5,80,81",21.3,77.52,93.26,MM090Y,1,1
514,514100451749505720514,"76.5,80.5,81.5,83.5,84.5,85.5,86,86.5",20.7,76.74,92.47,MM090Y,1,1
514,514100451749506350514,"75.5,79.5,81,83,83.5,85,84.5,85.5",19.7,75.44,91.16,MM090Y,1,1
514,514100451749505740514,"74.5,76.5,80.5,83,85.5,85,86.5,87.5",20.5,76.48,92.21,MM090Y,1,1
514,514100451749512430514,"70.5,78.5,79.5,80,82,83",17.5,72.58,88.28,MM090Y,1,1
514,514100451749504080514,"77.5,82,85,86.5,87,88.5,88",21.9,78.31,94.05,MM090Y,1,1
514,514100451749503470514,"76.5,81.5,84,83,85,85.5",20.3,76.22,91.95,MM090Y,1,1
514,514100451749505770514,"77.5,80.5,83,84,83.5,85,85.5,86.5",20.5,76.48,92.21,MM090Y,1,1
514,514100451749505810514,"75,75.5,76.5,78.5,82.5,83,84,85",20.4,76.35,92.08,MM090Y,1,1
514,514100451749505900514,"71.5,77.5,79,81,83.5,84,84.5",20.3,76.22,91.95,MM090Y,1,1
514,514100451749508570514,"76,79,80.5,81.5,80.5,81,82.5,81.5",20.4,76.35,92.08,MM090Y,1,1
514,514100451749505950514,"75.5,76,79,81.5,83.5,86,85,85.5,87",20.2,76.09,91.82,MM090Y,1,1
514,514100451749515760514,"73.5,74,75,78.5,79,79.5,80,80.5",18.2,73.49,89.2,MM090Y,1,1
514,514100451749514940514,"71.5,76.5,79,81,79,79.5,80.5,81",18.3,73.62,89.33,MM090Y,1,1
514,514100451749413430514,"70.5,73.5,75.5,77,78.5,78",18.7,74.14,89.85,MM090Y,1,1
514,514100451749505970514,"72,77.5,79,80.5,81.5,82,83,84.5,84,85",20.2,76.09,91.82,MM090Y,1,1
514,514100451749506240514,"69.5,75,75.5,77,78.5,80.5,81.5",19.8,75.57,91.3,MM090Y,1,1
514,514100451749505990514,"72.5,77,79.5,79,80.5,81",20.1,75.96,91.69,MM090Y,1,1
514,514100451749415870514,"70,73.5,76,77,77.5,79,80,78.5",16.6,71.41,87.1,MM090Y,1,1
514,514100451749506010514,"74.5,77,79,80.5,81.5,82,83.5,83",20.2,76.09,91.82,MM090Y,1,1
514,514100451749516580514,"71.5,75,78,81,81.5,83,82,83",17.4,72.45,88.15,MM090Y,1,1
514,514100451749413030514,"74.5,76,79.5,80,81,82,82.5,83.5",19.3,74.92,90.64,MM090Y,1,1
514,514100451749506020514,"72.5,77.5,79.5,81,84,86",20.2,76.09,91.82,MM090Y,1,1
514,514100451749684420514,"70.5,73.5,76.5,78.5,79.5,80,79.5",15.3,69.72,85.4,MM090Y,1,1
514,514100451749514270514,"71,72.5,74.5,77.5,79.5,81,80,81",18.1,73.36,89.07,MM090Y,1,1
514,514100451749511880514,"70,75,78,78.5,80,79.5,78.5",17.7,72.84,88.54,MM090Y,1,1
514,514100451749506230514,"73,75.5,78,77.5,79.5,81.5,82,83.5,82.5",20.2,76.09,91.82,MM090Y,1,1
514,514100451749506050514,"73.5,78,80,82,82.5,84.5,83.5",20.0,75.83,91.56,MM090Y,1,1
514,514100451749506080514,"75.5,79.5,82.5,83.5,83,84,83.5",20.1,75.96,91.69,MM090Y,1,1
514,514100451749506090514,"74,74.5,80,82,84.5,83.5,82.5,84.5,85.5,87",20.2,76.09,91.82,MM090Y,1,1
514,514100451749511840514,"73.5,78.5,80.5,79.5,80.5,82.5,83,84",17.8,72.97,88.68,MM090Y,1,1
514,514100451749506700514,"75.5,74.5,76,78.5,79,79.5,80.5,80",18.9,74.4,90.12,MM090Y,1,1
514,514100451749503530514,"73.5,78,83,83.5,84,85,87,85.5",20.4,76.35,92.08,MM090Y,1,1
514,514100451749506120514,"75,78.5,82.5,82,81,82.5,83.5,83",20.0,75.83,91.56,MM090Y,1,1
514,514100451749514680514,"67,68.5,72,72.5,74.5,75.5,76,76.5",17.6,72.71,88.41,MM090Y,1,1
514,514100451749511240514,"73,74.5,77.5,78.5,79,80.5,81.5,82",19.5,75.18,90.9,MM090Y,1,1
514,514100451749506130514,"77.5,80,83,83.5,85,85.5,87,86.5",20.1,75.96,91.69,MM090Y,1,1
514,514100451749506150514,"76,82,82.5,83,84,82",20.0,75.83,91.56,MM090Y,1,1
514,514100451749507110514,"74.5,76,78.5,76.5,80.5,79.5",18.3,73.62,89.33,MM090Y,1,1
514,514100451749506160514,"75,78.5,79,81.5,83.5,82.5,82",20.0,75.83,91.56,MM090Y,1,1
514,514100451749510590514,"74,79,81,84,83.5,85,86,85",20.2,76.09,91.82,MM090Y,1,1
514,514100451749506190514,"74.5,78.5,81.5,82,84.5",19.9,75.7,91.43,MM090Y,1,1
514,514100451749415510514,"75,75.5,80,80.5,81,83,82,83.5,84",17.1,72.06,87.76,MM090Y,1,1
514,514100451749506310514,"74,78.5,87",19.7,75.44,91.16,MM090Y,1,1
514,514100451749510930514,"76,76.5,79,80,82.5,84,84.5,86",19.8,75.57,91.3,MM090Y,1,1
514,514100451749506440514,"75,77.5,80,82,83,82",19.5,75.18,90.9,MM090Y,1,1
514,514100451749509640514,"74.5,76.5,77.5,81,81.5,83.5,82.5",21.0,77.13,92.87,MM090Y,1,1
514,514100451749506450514,"73.5,77,79,81,80.5,84,83",19.2,74.79,90.51,MM090Y,1,1
514,514100451749413330514,"69.5,74.5,77.5,78.5,79,80.5,81,81.5",18.6,74.01,89.72,MM090Y,1,1
514,514100451749506460514,"72.5,79,80.5,82,84,84.5,85.5,84.5",19.4,75.05,90.77,MM090Y,1,1
514,514100451749504790514,"75.5,77,82.5,81.5,83.5,85.5,86,84",21.4,77.65,93.39,MM090Y,1,1
514,514100451749414170514,"71.5,74,77,79,78,79.5,80,79",17.3,72.32,88.02,MM090Y,1,1
514,514100451749506510514,"74,76,78,79.5,80,81,81.5,80.5",19.5,75.18,90.9,MM090Y,1,1
514,514100451749506520514,"75.5,79,81,81.5,82,81,82.5,83",19.3,74.92,90.64,MM090Y,1,1
514,514100451749515860514,"73,76,79,80,81,82,80.5,81",17.9,73.1,88.81,MM090Y,1,1
514,514100451749506540514,"75,75.5,79.5,81,81.5,82.5",19.4,75.05,90.77,MM090Y,1,1
514,514100451749506570514,"73.5,76,78,80,79,81.5,81,82.5,82",19.5,75.18,90.9,MM090Y,1,1
514,514100451749506610514,"70.5,73.5,80,79.5,80,81,79.5,82,81.5",19.4,75.05,90.77,MM090Y,1,1
514,514100451749506630514,"71.5,74.5,78,79.5,80.5,80,82,81.5",18.9,74.4,90.12,MM090Y,1,1
514,514100451749506640514,"74.5,77,78.5,79.5,80.5,81.5,82.5,80.5,81,83.5",18.9,74.4,90.12,MM090Y,1,1
514,514100451749684880514,"72,70,74,75.5,76.5,77.5,76,77.5,78.5,77.5",15.2,69.59,85.27,MM090Y,1,1
514,514100451749506660514,"70,77,80,79.5,81,81.5,82",18.8,74.27,89.99,MM090Y,1,1
514,514100451749506680514,"71.5,75.5,79.5,80,80.5,81,82,81.5",18.9,74.4,90.12,MM090Y,1,1
514,514100451749684900514,"69.5,72.5,73.5,75.5,77,78",15.2,69.59,85.27,MM090Y,1,1
514,514100451749506710514,"75,76,79,80.5,80,81,82,80",18.9,74.4,90.12,MM090Y,1,1
514,514100451749509350514,"74,76,79,79.5,82,81,85,82",20.1,75.96,91.69,MM090Y,1,1
514,514100451749414110514,"73.5,76.5,77.5,79,81.5,80,81,80.5",17.5,72.58,88.28,MM090Y,1,1
514,514100451749506720514,"74,77.5,79.5,81.5,82.5,82,83,81.5",19.0,74.53,90.25,MM090Y,1,1
514,514100451749507900514,"70,75.5,77,78.5,77.5,78.5,79,80,81.5",17.2,72.19,87.89,MM090Y,1,1
514,514100451749506740514,"70,75,78.5,79.5,80,80.5,82,80.5",19.1,74.66,90.38,MM090Y,1,1
514,514100451749416440514,"77,79,82.5,81.5,84,85.5,87.5,86",19.3,74.92,90.64,MM090Y,1,1
514,514100451749506760514,"75,77,80,80.5,79.5,81,82",19.2,74.79,90.51,MM090Y,1,1
514,514100451749514140514,"74,77,80,82,84,83.5,84",18.6,74.01,89.72,MM090Y,1,1
514,514100451749415410514,"68.5,75.5,77,78.5,79,81,83",17.2,72.19,87.89,MM090Y,1,1
514,514100451749506770514,"76,79.5,82,83,83.5,84,83.5",19.2,74.79,90.51,MM090Y,1,1
514,514100451749506820514,"75.5,80.5,82,82.5,83.5,84.5,85,84.5",18.7,74.14,89.85,MM090Y,1,1
514,514100451749506850514,"77.5,79,82,82.5,82,83.5,84.5,85",18.6,74.01,89.72,MM090Y,1,1
514,514100451749506890514,"74,76,77,78.5,79,81,82",18.5,73.88,89.59,MM090Y,1,1
514,514100451749502390514,"67.5,70,72.5,74.5,75.5,74.5,76,75",13.6,67.51,83.17,MM090Y,1,1
514,514100451749508810514,"73,76.5,81,81.5,82.5,83,84.5,73.5",20.2,76.09,91.82,NS,0,0
514,514100451749515960514,"73.5,75,79,79.5,80.5,81.5,83,70.5",17.6,72.71,88.41,NS,0,0
514,514100451749416350514,"73.5,74.5,76.5,77,78,77.5,78.5,70",16.3,71.02,86.71,NS,0,0
514,514100451749515870514,"74.5,75,73.5,71.5,72,71,70.5",17.6,72.71,88.41,NS,0,0
514,514100451749417290514,"75.5,78.5,81,82,81.5,84,71.5",18.9,74.4,90.12,NS,0,0
514,514100451749417510514,"59.5,63.5,65,65.5,67,68,69,66",18.1,73.36,89.07,NS,0,0
514,514100451749382770514,"74.5,79,82,84,85,84.5,85.5,85",14.9,69.2,84.88,NS,0,0
514,514100451749514290514,"75.5,75,75.5,75,74.5,73.5,72",18.2,73.49,89.2,NS,0,0
514,514100451749382760514,"78.5,80.5,82.5,85,86,88,85.5",14.8,69.07,84.75,NS,0,0
514,514100451749513750514,"60,65,67.5,69,70,71.5,70.5",18.3,73.62,89.33,NS,0,0
514,514100451749414450514,"60,63,64.5,66.5,68,68.5,69,69.5,69",17.4,72.45,88.15,NS,0,0
514,514100451749413670514,"68,66,65.5,67,65.5,66,67,67.5",18.5,73.88,89.59,NS,0,0
514,514100451749382590514,"76.5,80.5,82.5,85,85.5,87.5,86",15.6,70.11,85.79,NS,0,0
999,999999,"67.1,68.3,69.9,71.9,74.3",9.6,999.0,999.0,999,999,0
999,999999,"61.8,62.0,66.2,67.7,68.0,69.5,70.5",9.9,999.0,999.0,999,999,0
999,999999,"111.4,113.7,114.0,113.2,114.2,111.3",10.2,999.0,999.0,999,999,0
999,999999,"63.9,62.7,65.4,68.5,72.9,72.3,73.5,72.2,74.5,80.1",10.0,999.0,999.0,999,999,0
999,999999,"81.4,82.0,80.8,81.4,85.5,88.3,90.9,92.4,152.1,95.8",10.6,999.0,999.0,999,999,0
999,999999,"55.6,58.0,58.5,60.3,63.8,69.2,70.8,74.4",10.6,999.0,999.0,999,999,0
999,999999,"57.8,60.3,67.1,68.4,68.3,67.9,70.1,71.1,73.8,72.0",10.5,999.0,999.0,999,999,0
999,999999,"102.1,104.8,105.3,106.3,103.7,102.8",10.8,999.0,999.0,999,999,0
999,999999,"99.6,97.7,97.5,92.8,93.1,93.0,94.7,96.8",10.3,999.0,999.0,999,999,0
999,999999,"110.1,110.9,113.3,113.4,112.1,114.1",10.6,999.0,999.0,999,999,0
999,999999,"87.1,89.3,90.2,91.5,93.0,94.7,95.2,96.4",10.6,999.0,999.0,999,999,0
999,999999,"59.6,63.1,62.7,62.5,65.4,69.3,73.2,75.2,77.1",11.3,999.0,999.0,999,999,0
999,999999,"105.5,106.0,108.7,109.9,111.9,112.8,110.8,112.9,113.4,113.0",10.7,999.0,999.0,999,999,0
999,999999,"86.4,86.1,88.2,89.2,90.9,92.3,93.1,95.8,97.6",11.4,999.0,999.0,999,999,0
999,999999,"103.6,26.5,107.3,112.9,114.2,116.0,115.0,115.7,117.8",11.0,999.0,999.0,999,999,0
999,999999,"85.7,85.9,87.2,85.2,88.8,17.1,93.0,95.3",11.7,999.0,999.0,999,999,0
999,999999,"82.4,81.5,80.6,82.6,85.1",11.3,999.0,999.0,999,999,0
999,999999,"105.8,106.3,106.4,108.5,159.3,113.5",11.2,999.0,999.0,999,999,0
999,999999,"69.2,72.1,73.6,73.7,75.6",11.5,999.0,999.0,999,999,0
999,999999,"101.0,101.6,104.7,105.5,108.1,106.7,109.4,109.2",11.9,999.0,999.0,999,999,0
999,999999,"74.5,76.1,76.2,76.7,79.1,81.8",11.9,999.0,999.0,999,999,0
999,999999,"111.9,113.1,113.3,114.3,112.4,113.6,116.0",11.8,999.0,999.0,999,999,0
999,999999,"69.4,71.5,73.9,77.3,75.9,76.7,80.5,80.3,80.7",12.2,999.0,999.0,999,999,0
999,999999,"76.7,76.7,78.4,83.0,82.5,85.5,86.4,87.4",12.5,999.0,999.0,999,999,0
999,999999,"80.2,82.2,84.3,83.0,87.4,87.9,90.0,91.7",12.2,999.0,999.0,999,999,0
999,999999,"100.2,99.1,102.6,101.3,103.4,104.1,105.2",13.0,999.0,999.0,999,999,0
999,999999,"99.7,101.8,102.8,103.2,104.7",13.1,999.0,999.0,999,999,0
999,999999,"22.6,69.0,70.0,69.8,70.0,74.6,76.1,77.2",12.8,999.0,999.0,999,999,0
999,999999,"59.0,61.8,62.1,65.2,69.2,71.5,72.4,74.4,74.4,77.4",12.4,999.0,999.0,999,999,0
999,999999,"109.0,115.5,114.9,112.0,113.1,114.2",12.5,999.0,999.0,999,999,0
999,999999,"99.2,98.8,144.6,100.8,100.7,102.1,101.3",13.1,999.0,999.0,999,999,0
999,999999,"74.8,75.8,75.4,78.7,79.1,80.6,82.8,83.4",12.7,999.0,999.0,999,999,0
999,999999,"69.7,71.3,73.3,75.5,77.3,20.4,76.7,77.7,78.1,79.7",13.0,999.0,999.0,999,999,0
999,999999,"91.3,92.6,95.7,97.6,101.1,102.2,103.8,106.0,21.6,109.2",13.8,999.0,999.0,999,999,0
999,999999,"93.3,94.9,95.4,95.6,95.5,99.4,100.0,100.8",13.3,999.0,999.0,999,999,0
999,999999,"143.5,95.7,98.4,98.7,103.3,103.8",13.8,999.0,999.0,999,999,0
999,999999,"90.3,92.5,94.3,92.0,95.0",14.0,999.0,999.0,999,999,0
999,999999,"98.9,101.1,19.2,108.3,111.7,113.3",13.3,999.0,999.0,999,999,0
999,999999,"180.5,96.1,96.5,98.7,100.4,102.1",13.7,999.0,999.0,999,999,0
999,999999,"86.8,88.4,90.4,92.3,92.2",13.6,999.0,999.0,999,999,0
999,999999,"80.5,81.7,80.1,187.1,81.6,84.4,85.7,87.8,89.6,90.4",14.4,999.0,999.0,999,999,0
999,999999,"102.0,102.7,107.3,108.7,109.4",14.3,999.0,999.0,999,999,0
999,999999,"141.7,112.4,112.3,115.3,115.5,25.5,118.4",14.4,999.0,999.0,999,999,0
999,999999,"105.2,104.7,104.4,107.5,106.1,109.3,108.2,109.1,111.7",13.9,999.0,999.0,999,999,0
999,999999,"66.7,71.7,72.5,73.3,76.1,76.1,80.5,79.8,83.7,86.5",14.5,999.0,999.0,999,999,0
999,999999,"71.8,73.6,72.3,74.8,75.6,76.5",14.4,999.0,999.0,999,999,0
999,999999,"94.7,96.2,94.3,95.4,96.6,99.3,100.7,101.2,101.5,102.1",14.3,999.0,999.0,999,999,0
999,999999,"100.6,100.7,103.2,102.3,103.3",14.5,999.0,999.0,999,999,0
999,999999,"52.4,51.6,56.1,58.5,60.7,64.8,66.6,68.7,106.6,71.0",15.0,999.0,999.0,999,999,0
999,999999,"99.7,100.3,103.5,104.0,106.4",14.9,999.0,999.0,999,999,0
999,999999,"69.6,71.4,71.4,73.3,76.5,76.7",14.6,999.0,999.0,999,999,0
999,999999,"92.3,92.5,94.0,91.7,92.9,93.6",14.7,999.0,999.0,999,999,0
999,999999,"102.9,105.0,102.5,105.5,107.2,109.5,110.7,111.9,114.6",15.1,999.0,999.0,999,999,0
999,999999,"72.8,75.9,76.0,77.2,78.7,76.9,78.2",15.3,999.0,999.0,999,999,0
999,999999,"103.9,105.9,106.7,108.1,111.9,115.7,117.1,118.5",15.4,999.0,999.0,999,999,0
999,999999,"69.4,71.8,73.2,79.1,82.0,84.3",15.4,999.0,999.0,999,999,0
999,999999,"111.8,116.1,117.6,118.3,117.2,117.3,117.5,119.1",15.5,999.0,999.0,999,999,0
999,999999,"90.8,92.4,92.4,93.2,96.5,159.9",15.8,999.0,999.0,999,999,0
999,999999,"187.5,109.7,109.8,108.8,107.3",16.3,999.0,999.0,999,999,0
999,999999,"74.9,74.3,73.1,73.3,74.3,75.2,75.9,75.3,77.9",15.4,999.0,999.0,999,999,0
999,999999,"96.6,96.1,98.1,99.1,99.5,104.6",16.5,999.0,999.0,999,999,0
999,999999,"178.5,74.0,79.2,80.3,80.4,80.7",16.0,999.0,999.0,999,999,0
999,999999,"98.4,103.2,103.7,103.4,102.4,106.5,107.4,108.4,111.6",16.1,999.0,999.0,999,999,0
999,999999,"75.6,75.2,74.8,76.4,77.4,76.9,78.3",16.6,999.0,999.0,999,999,0
999,999999,"72.9,73.9,72.6,74.1,75.6",16.7,999.0,999.0,999,999,0
999,999999,"78.5,79.3,81.7,85.5,86.5,87.2",16.3,999.0,999.0,999,999,0
999,999999,"103.3,103.6,101.5,102.6,106.0,106.8,108.6,110.7,109.4,110.4",16.3,999.0,999.0,999,999,0
999,999999,"82.0,79.3,80.9,81.0,82.3,87.9,87.7,89.6,89.4,89.9",17.1,999.0,999.0,999,999,0
999,999999,"59.7,62.2,61.0,64.3,66.9,74.4,74.1,72.6,72.1,70.7",17.1,999.0,999.0,999,999,0
999,999999,"76.0,76.6,77.9,80.3,81.8,85.7,85.0,84.9,86.3",17.1,999.0,999.0,999,999,0
999,999999,"85.3,88.3,90.0,92.9,94.8,98.9,101.0",17.4,999.0,999.0,999,999,0
999,999999,"89.8,90.1,92.8,94.6,98.1,98.3,99.0,100.8,100.5,103.5",16.7,999.0,999.0,999,999,0
999,999999,"97.7,99.2,99.9,101.1,103.9,106.1",17.6,999.0,999.0,999,999,0
999,999999,"69.9,68.0,69.9,70.6,71.7,73.4,77.2",17.5,999.0,999.0,999,999,0
999,999999,"79.9,102.8,81.9,80.4,83.0,84.1,85.2",17.4,999.0,999.0,999,999,0
999,999999,"112.0,112.9,112.6,110.7,109.3,109.9,109.4,112.0,157.6,116.5",17.6,999.0,999.0,999,999,0
999,999999,"101.3,142.4,102.4,101.5,100.8,104.4",17.2,999.0,999.0,999,999,0
999,999999,"72.3,76.0,74.7,77.5,79.9,84.2,85.9,84.0,85.7,86.0",17.4,999.0,999.0,999,999,0
999,999999,"69.6,70.6,71.3,76.1,76.8,77.1",17.7,999.0,999.0,999,999,0
999,999999,"195.5,101.0,103.7,103.6,104.8,106.6,110.6,112.4,114.1",17.8,999.0,999.0,999,999,0
999,999999,"23.2,81.2,81.3,82.8,85.8,88.2,92.1,93.3,94.7,96.6",17.7,999.0,999.0,999,999,0
999,999999,"70.6,68.6,67.0,72.5,74.5,77.1,79.8,81.0",18.1,999.0,999.0,999,999,0
999,999999,"73.9,77.9,79.5,79.7,81.4,82.6",18.3,999.0,999.0,999,999,0
999,999999,"97.8,101.2,103.5,108.5,110.8,111.3,111.6,111.8,113.2,112.7",17.9,999.0,999.0,999,999,0
999,999999,"85.7,111.6,83.9,86.5,87.9,94.1,94.3",18.9,999.0,999.0,999,999,0
999,999999,"75.9,75.6,81.4,83.0,24.3,91.1,88.8,89.7,90.9,92.0",18.5,999.0,999.0,999,999,0
999,999999,"80.0,81.4,82.5,84.8,84.8,86.5,89.3,95.2,96.0,97.2",18.4,999.0,999.0,999,999,0
999,999999,"102.6,103.8,103.8,104.2,104.5,103.9",18.3,999.0,999.0,999,999,0
999,999999,"82.2,82.7,84.4,22.1,91.4,93.3,94.1,95.8",18.4,999.0,999.0,999,999,0
999,999999,"75.6,78.0,80.3,81.6,81.3,83.9",18.8,999.0,999.0,999,999,0
999,999999,"103.1,104.9,106.2,104.3,105.7,106.0",18.9,999.0,999.0,999,999,0
999,999999,"60.0,61.1,62.6,26.6,135.0,72.6,72.3,76.4,79.8",19.3,999.0,999.0,999,999,0
999,999999,"84.8,85.1,84.7,84.9,88.4,89.7,89.7",19.7,999.0,999.0,999,999,0
999,999999,"85.8,85.5,88.7,89.3,90.7,91.4,94.7,98.9,100.3",19.8,999.0,999.0,999,999,0
999,999999,"83.7,81.8,82.5,83.7,87.7,87.6",19.2,999.0,999.0,999,999,0
999,999999,"57.0,60.2,63.4,64.1,67.0,67.6,70.0",19.6,999.0,999.0,999,999,0
999,999999,"82.4,84.7,83.6,83.3,85.3,87.0,88.5,88.8,92.6",19.4,999.0,999.0,999,999,0
999,999999,"80.5,81.6,83.5,87.9,88.6",19.4,999.0,999.0,999,999,0
999,999999,"80.5,82.9,84.1,83.7,86.7,87.5,90.3,91.7,92.3,90.7",19.8,999.0,999.0,999,999,0
999,999999,"84.4,87.9,91.3,93.0,92.9,91.0,92.5,93.1",20.1,999.0,999.0,999,999,0
999,999999,"82.8,83.2,84.9,82.0,84.0,85.3",19.6,999.0,999.0,999,999,0
999,999999,"94.6,96.7,99.5,105.3,106.3,108.8,112.3,111.2,109.3,111.6",20.5,999.0,999.0,999,999,0
999,999999,"95.8,95.7,97.0,99.3,102.1,103.3,102.4,102.1,102.3",20.6,999.0,999.0,999,999,0
999,999999,"73.4,75.3,79.7,82.0,85.7,88.3,86.9,86.8",20.0,999.0,999.0,999,999,0
999,999999,"66.1,66.6,66.2,69.7,70.7,73.9,75.4,77.8,78.7",20.2,999.0,999.0,999,999,0
999,999999,"84.3,85.7,85.8,84.2,85.8,91.2,92.6,28.2,91.1",20.8,999.0,999.0,999,999,0
999,999999,"80.0,78.6,80.7,82.0,82.9,82.6,87.4,88.7",20.6,999.0,999.0,999,999,0
999,999999,"92.9,95.2,100.1,100.6,104.5,104.2,106.6,107.0",21.0,999.0,999.0,999,999,0
999,999999,"108.3,108.1,109.4,109.8,109.8,108.3",20.5,999.0,999.0,999,999,0
999,999999,"110.9,110.8,111.2,114.4,114.1,114.8,116.0,115.8,114.9,112.6",21.1,999.0,999.0,999,999,0
999,999999,"106.7,105.7,105.7,107.2,107.2,108.4,110.1,114.3,116.7",21.1,999.0,999.0,999,999,0
999,999999,"98.6,100.6,106.0,104.8,106.4,106.2,105.8",20.8,999.0,999.0,999,999,0
999,999999,"73.9,79.2,79.6,81.2,85.2",21.2,999.0,999.0,999,999,0
999,999999,"65.8,66.1,68.8,111.6,73.8,75.5,76.5,77.8,77.6",21.3,999.0,999.0,999,999,0
999,999999,"89.8,91.2,90.9,91.3,90.3,91.3",21.8,999.0,999.0,999,999,0
999,999999,"83.8,82.9,84.9,85.5,85.4,168.8",21.8,999.0,999.0,999,999,0
999,999999,"69.6,70.5,74.2,74.1,76.8,79.0,82.8,83.7",21.7,999.0,999.0,999,999,0
999,999999,"96.9,98.7,141.5,102.5,103.5",21.8,999.0,999.0,999,999,0
999,999999,"64.4,67.6,69.6,71.1,72.0,24.2,68.7,70.1",21.6,999.0,999.0,999,999,0
999,999999,"64.5,65.0,66.3,69.3,72.9,73.7",21.5,999.0,999.0,999,999,0
999,999999,"65.4,66.5,66.9,68.0,69.6,16.0,72.1,70.0,70.2",22.1,999.0,999.0,999,999,0
999,999999,"98.2,98.9,101.6,102.1,103.1,103.2",22.0,999.0,999.0,999,999,0
999,999999,"72.6,74.6,76.3,76.2,158.7,80.9",22.6,999.0,999.0,999,999,0
999,999999,"71.8,73.0,74.3,78.1,79.7,80.8",22.1,999.0,999.0,999,999,0
999,999999,"95.1,97.7,98.4,100.0,100.5,102.3,104.0,108.1,109.7",22.0,999.0,999.0,999,999,0
999,999999,"84.2,84.5,85.6,85.9,85.4,83.9,85.4,87.2,89.4",22.7,999.0,999.0,999,999,0
999,999999,"106.2,108.6,109.4,110.6,112.8,114.0,115.7,117.2",22.3,999.0,999.0,999,999,0
999,999999,"108.4,111.7,120.0,116.0,116.1,116.6,116.2",22.4,999.0,999.0,999,999,0
999,999999,"24.5,110.7,109.8,109.3,109.6,110.1",22.6,999.0,999.0,999,999,0
999,999999,"78.1,79.9,83.1,84.7,86.1,88.9,87.5,91.4,93.2",22.5,999.0,999.0,999,999,0
999,999999,"65.6,67.0,67.0,69.3,71.4,73.4",22.9,999.0,999.0,999,999,0
999,999999,"91.2,91.9,90.8,89.0,92.0,195.2,97.4",22.8,999.0,999.0,999,999,0
999,999999,"86.0,87.6,88.4,87.9,87.9,89.2",23.1,999.0,999.0,999,999,0
999,999999,"86.8,89.0,90.0,93.4,93.9,96.3,96.2,97.8,98.3",23.2,999.0,999.0,999,999,0
999,999999,"94.6,166.0,98.0,99.5,102.3,101.9,103.3",23.8,999.0,999.0,999,999,0
999,999999,"79.8,80.1,81.4,83.3,83.5,84.5",23.6,999.0,999.0,999,999,0
999,999999,"91.3,91.8,91.9,91.1,91.1",23.7,999.0,999.0,999,999,0
999,999999,"97.8,99.4,100.7,99.3,102.3,104.9,106.6,107.8",23.3,999.0,999.0,999,999,0
999,999999,"85.8,89.6,90.4,91.6,95.2,95.8,95.9",23.8,999.0,999.0,999,999,0
999,999999,"83.8,87.0,87.7,89.5,88.5,93.9,99.0",24.4,999.0,999.0,999,999,0
999,999999,"71.8,73.4,73.6,75.7,75.5,73.4",24.2,999.0,999.0,999,999,0
999,999999,"71.8,72.2,75.5,75.1,77.0",24.0,999.0,999.0,999,999,0
999,999999,"172.5,23.1,75.6,76.0,76.9,77.7,79.1",24.0,999.0,999.0,999,999,0
999,999999,"68.3,69.1,71.4,72.5,74.7,76.8,77.2,78.6",24.4,999.0,999.0,999,999,0
999,999999,"96.7,95.8,94.4,94.6,156.7,96.3",24.1,999.0,999.0,999,999,0
999,999999,"110.7,109.9,112.3,113.1,115.8,115.8",24.7,999.0,999.0,999,999,0
999,999999,"112.9,114.2,114.9,117.5,119.2,119.0,117.8",24.4,999.0,999.0,999,999,0
999,999999,"61.5,63.2,64.5,66.0,67.5,69.8,72.0",24.4,999.0,999.0,999,999,0
999,999999,"89.9,91.5,94.0,92.4,93.1,156.5,96.0,97.9,98.0",24.6,999.0,999.0,999,999,0
999,999999,"95.0,95.0,94.9,92.4,96.7,93.2",25.0,999.0,999.0,999,999,0
999,999999,"56.8,61.8,59.5,60.9,60.6,65.3,67.7,69.2,70.8,71.6",24.9,999.0,999.0,999,999,0
999,999999,"71.2,70.8,72.4,74.6,78.0,77.2",25.0,999.0,999.0,999,999,0
999,999999,"80.5,79.5,79.3,79.8,79.2,81.3",25.7,999.0,999.0,999,999,0
999,999999,"61.9,63.9,65.7,66.0,70.0,71.6,72.5,73.7,74.8,77.6",25.4,999.0,999.0,999,999,0
999,999999,"65.9,66.9,67.9,72.0,118.8",25.5,999.0,999.0,999,999,0
999,999999,"23.5,73.6,73.9,127.8,74.0,75.2",25.2,999.0,999.0,999,999,0
999,999999,"79.7,81.0,83.7,86.1,88.1",25.7,999.0,999.0,999,999,0
999,999999,"165.1,86.7,89.2,91.5,92.5,95.0",25.7,999.0,999.0,999,999,0
999,999999,"79.0,78.9,81.1,79.6,81.2,86.0,87.2,85.9,86.9",26.1,999.0,999.0,999,999,0
999,999999,"109.2,108.2,109.4,109.4,110.6",25.9,999.0,999.0,999,999,0
999,999999,"78.5,75.6,77.9,81.7,83.4",25.7,999.0,999.0,999,999,0
999,999999,"97.7,102.4,104.2,105.5,105.2,105.7,106.5,106.8",25.7,999.0,999.0,999,999,0
999,999999,"97.7,99.1,100.0,100.0,99.4,99.8,100.5,101.8,103.8,101.9",26.2,999.0,999.0,999,999,0
999,999999,"75.4,79.8,81.1,82.0,86.1,86.1,86.3,87.4,86.5",26.7,999.0,999.0,999,999,0
999,999999,"88.5,88.5,90.7,92.3,93.0,94.3,94.6,92.3,95.2",26.4,999.0,999.0,999,999,0
999,999999,"86.0,88.5,90.8,91.2,92.7,93.4",26.1,999.0,999.0,999,999,0
999,999999,"92.2,93.2,99.7,101.8,102.3,103.7,107.1",26.2,999.0,999.0,999,999,0
999,999999,"75.3,27.6,79.1,83.4,84.5,85.9",26.5,999.0,999.0,999,999,0
999,999999,"111.4,112.5,111.5,110.8,112.7,112.6,112.5",26.8,999.0,999.0,999,999,0
999,999999,"72.0,72.4,72.9,73.1,73.9",26.4,999.0,999.0,999,999,0
999,999999,"20.0,75.9,74.8,75.7,74.5",27.3,999.0,999.0,999,999,0
999,999999,"99.4,100.6,103.2,103.6,103.3,108.5,115.0,119.0",26.9,999.0,999.0,999,999,0
999,999999,"82.7,84.7,85.7,85.6,85.4,85.5",27.7,999.0,999.0,999,999,0
999,999999,"74.1,76.1,77.1,77.1,79.0",27.6,999.0,999.0,999,999,0
999,999999,"96.1,99.9,100.5,101.4,103.7,143.0,101.6",27.9,999.0,999.0,999,999,0
999,999999,"106.7,104.8,104.3,105.1,106.9,110.2,108.6,109.2,112.1",27.9,999.0,999.0,999,999,0
999,999999,"94.8,96.3,94.3,96.9,192.4",27.5,999.0,999.0,999,999,0
999,999999,"91.5,94.3,96.7,98.6,22.7,98.6,101.7,99.9,100.7,100.4",27.7,999.0,999.0,999,999,0
999,999999,"80.2,81.7,80.7,81.5,82.7,83.6,85.2,86.6",27.7,999.0,999.0,999,999,0
999,999999,"69.2,69.2,71.0,76.5,79.3,81.0,83.9,84.8,87.2",27.7,999.0,999.0,999,999,0
999,999999,"102.3,104.0,106.2,106.9,106.6,110.0,113.7,116.2",28.2,999.0,999.0,999,999,0
999,999999,"87.4,112.8,88.9,92.4,17.3,96.9",28.4,999.0,999.0,999,999,0
999,999999,"98.5,102.5,103.2,106.6,109.3,109.6,108.3,109.4",28.3,999.0,999.0,999,999,0
999,999999,"101.6,77.5,79.0,81.1,82.3,84.2,86.5,86.3,87.7,86.2",28.0,999.0,999.0,999,999,0
999,999999,"87.7,90.0,89.0,92.0,93.9,95.0,96.7,98.7,99.1",28.0,999.0,999.0,999,999,0
999,999999,"71.8,73.5,74.1,76.7,76.8,80.6",28.5,999.0,999.0,999,999,0
999,999999,"93.8,96.5,98.5,97.8,97.3,98.9,97.8,98.5,97.7",29.0,999.0,999.0,999,999,0
999,999999,"63.0,65.9,70.1,69.7,72.4,76.6,77.7",29.1,999.0,999.0,999,999,0
999,999999,"87.5,87.4,87.5,88.5,91.2,94.0,92.7,93.2,95.1",28.5,999.0,999.0,999,999,0
999,999999,"71.3,71.6,130.9,74.0,78.2,81.8,80.0",28.8,999.0,999.0,999,999,0
999,999999,"96.7,101.6,101.0,100.6,128.7",29.5,999.0,999.0,999,999,0
999,999999,"101.7,100.0,102.6,102.9,101.1,99.6",29.4,999.0,999.0,999,999,0
999,999999,"84.5,86.6,88.2,87.1,86.5,91.4",29.2,999.0,999.0,999,999,0
999,999999,"105.9,88.1,86.6,85.5,87.5,88.6,89.8,89.9,88.8",29.2,999.0,999.0,999,999,0
999,999999,"69.1,69.5,70.3,72.0,75.5,79.6,78.9",29.7,999.0,999.0,999,999,0
999,999999,"84.8,85.1,90.5,92.6,96.0,97.2,95.8,193.4,96.8",30.0,999.0,999.0,999,999,0
999,999999,"78.2,79.5,146.0,83.0,84.6,86.1,86.8,87.8",29.5,999.0,999.0,999,999,0
999,999999,"64.2,66.8,69.9,70.2,24.4,74.6,76.9",29.7,999.0,999.0,999,999,0
999,999999,"58.1,59.3,60.7,62.7,64.2,67.7,70.4,75.8",29.3,999.0,999.0,999,999,0
999,999999,"101.9,103.2,103.8,24.3,107.5,106.2",29.8,999.0,999.0,999,999,0
999,999999,"94.4,96.7,98.2,100.0,99.7,101.8,103.5,103.9",29.8,999.0,999.0,999,999,0
999,999999,"74.5,74.4,76.7,77.6,76.6,79.0,77.7,77.3,78.6",29.6,999.0,999.0,999,999,0
999,999999,"70.6,76.7,80.3,81.5,83.1,85.4,86.5,86.6",30.3,999.0,999.0,999,999,0
999,999999,"64.7,68.9,69.7,71.5,70.2,71.1,73.4,71.9",30.8,999.0,999.0,999,999,0
999,999999,"59.7,65.5,68.4,70.7,71.5,73.6,75.9",30.7,999.0,999.0,999,999,0
999,999999,"72.1,71.0,72.0,72.3,73.5",30.9,999.0,999.0,999,999,0
999,999999,"109.0,29.2,148.5,108.8,112.7,110.8,113.2,113.8,115.1",30.2,999.0,999.0,999,999,0
999,999999,"88.5,87.6,90.1,92.4,90.0,91.4,91.1,92.9",30.5,999.0,999.0,999,999,0
999,999999,"78.0,78.9,82.5,82.6,82.6",30.3,999.0,999.0,999,999,0
999,999999,"73.0,74.5,74.9,113.2,76.0,77.3",31.3,999.0,999.0,999,999,0
999,999999,"98.4,101.8,100.3,102.8,104.5,104.7,106.8,108.0,110.1",30.8,999.0,999.0,999,999,0
999,999999,"84.4,88.4,87.9,88.8,90.1,90.7,88.6,88.4",31.0,999.0,999.0,999,999,0
999,999999,"107.0,109.6,109.7,110.8,137.0",30.8,999.0,999.0,999,999,0
999,999999,"86.9,88.7,88.5,93.0,93.9,97.4",31.3,999.0,999.0,999,999,0
999,999999,"115.5,120.2,121.0,120.8,119.8",31.1,999.0,999.0,999,999,0
999,999999,"84.2,84.2,85.7,86.6,86.6,87.2,87.4",31.1,999.0,999.0,999,999,0
999,999999,"64.7,63.8,69.2,69.3,70.0,70.3,72.8,75.2,77.1",31.6,999.0,999.0,999,999,0
999,999999,"73.1,74.0,74.4,75.7,76.9",31.6,999.0,999.0,999,999,0
999,999999,"64.7,68.7,71.0,72.2,71.2,70.7",32.0,999.0,999.0,999,999,0
999,999999,"117.0,118.5,118.6,119.6,119.0",32.0,999.0,999.0,999,999,0
999,999999,"64.4,66.3,68.9,70.9,69.7,71.3,71.2",32.5,999.0,999.0,999,999,0
999,999999,"77.0,77.4,81.9,82.1,86.6",31.6,999.0,999.0,999,999,0
999,999999,"77.3,78.2,81.9,83.9,89.3,90.9,94.5,92.8",31.7,999.0,999.0,999,999,0
999,999999,"79.9,82.6,85.0,83.5,83.7,86.5,87.0,87.2,85.5,86.9",32.3,999.0,999.0,999,999,0
999,999999,"87.3,88.3,90.0,96.4,100.6,100.4,102.9,104.9,104.9,105.4",32.0,999.0,999.0,999,999,0
999,999999,"91.0,95.5,97.0,188.9,100.3,103.9",32.4,999.0,999.0,999,999,0
999,999999,"81.2,81.5,82.7,86.1,86.4,87.2",32.8,999.0,999.0,999,999,0
999,999999,"105.8,107.0,106.0,107.2,105.8,105.2,109.2,111.5",33.0,999.0,999.0,999,999,0
999,999999,"92.3,95.1,101.0,100.4,101.2,103.6,106.5",32.3,999.0,999.0,999,999,0
999,999999,"89.0,91.0,90.4,25.3,96.3,96.6,98.6,96.6,98.2,96.7",33.1,999.0,999.0,999,999,0
999,999999,"80.9,86.8,88.6,89.4,90.3,91.2,91.5,91.4",33.5,999.0,999.0,999,999,0
999,999999,"80.2,80.9,82.2,83.6,82.7",33.4,999.0,999.0,999,999,0
999,999999,"97.4,96.1,98.8,100.7,105.2",33.2,999.0,999.0,999,999,0
999,999999,"94.7,98.7,107.6,98.2,97.9",33.1,999.0,999.0,999,999,0
999,999999,"113.5,116.5,114.1,112.7,113.1,115.1,115.2",33.1,999.0,999.0,999,999,0
999,999999,"79.8,78.5,79.0,85.9,87.1,84.8,84.9,89.9,91.8,90.5",33.0,999.0,999.0,999,999,0
999,999999,"87.8,90.8,93.7,95.3,96.3,96.6",33.9,999.0,999.0,999,999,0
999,999999,"67.7,68.9,71.2,71.8,75.2,78.5,79.3",33.7,999.0,999.0,999,999,0
999,999999,"108.3,109.9,110.4,114.9,115.1,116.2",33.5,999.0,999.0,999,999,0
999,999999,"100.0,101.5,105.1,107.5,107.5,109.0,108.0,109.2,111.4,114.7",33.7,999.0,999.0,999,999,0
999,999999,"110.6,111.1,112.8,115.1,116.7,117.3",33.7,999.0,999.0,999,999,0
999,999999,"76.7,80.9,82.7,84.4,87.0,86.2,88.9,87.8,88.9",33.9,999.0,999.0,999,999,0
999,999999,"100.9,102.7,104.0,109.2,110.0,110.7,112.2",33.8,999.0,999.0,999,999,0
999,999999,"74.8,72.4,71.0,73.0,72.7",34.8,999.0,999.0,999,999,0
999,999999,"71.9,72.7,76.3,114.2,79.3",34.7,999.0,999.0,999,999,0
999,999999,"65.1,67.4,69.7,73.3,78.2,80.3,79.3,79.9,80.9,83.5",34.1,999.0,999.0,999,999,0
999,999999,"99.8,101.6,27.7,107.1,109.8,110.0,107.7",34.6,999.0,999.0,999,999,0
999,999999,"116.5,115.2,116.7,116.7,137.9",34.8,999.0,999.0,999,999,0
999,999999,"96.7,98.1,101.0,101.0,101.3,102.9,100.7",35.1,999.0,999.0,999,999,0
999,999999,"73.2,26.6,77.3,78.4,81.1",34.4,999.0,999.0,999,999,0
999,999999,"101.0,103.3,104.7,106.3,107.3,111.2,112.6",9.8,999.0,999.0,999,999,0
999,999999,"74.5,76.1,75.6,20.5,77.9,79.7,82.4,80.9,83.2",9.7,999.0,999.0,999,999,0
999,999999,"68.7,69.9,72.6,73.7,71.5,71.5,73.1,74.8,74.0",10.7,999.0,999.0,999,999,0
999,999999,"93.0,95.5,98.4,96.6,100.3,99.1,99.7,104.9,22.8",10.0,999.0,999.0,999,999,0
999,999999,"75.7,76.6,75.4,77.5,77.8,81.0,79.7,80.7",10.8,999.0,999.0,999,999,0
999,999999,"99.2,102.8,106.3,105.3,107.2,107.8,106.2,108.0,109.1,113.1",10.2,999.0,999.0,999,999,0
999,999999,"96.4,95.2,100.9,100.7,99.3,101.3",10.9,999.0,999.0,999,999,0
999,999999,"101.4,102.2,15.7,104.2,104.7,104.6,105.3,107.0",11.0,999.0,999.0,999,999,0
999,999999,"110.8,109.5,110.3,111.8,113.8,106.3",10.4,999.0,999.0,999,999,0
999,999999,"90.9,136.1,93.4,96.3,95.1",11.1,999.0,999.0,999,999,0
999,999999,"73.0,75.2,75.8,74.6,76.5,76.4,76.9",10.5,999.0,999.0,999,999,0
999,999999,"80.5,82.9,86.9,87.9,90.1,92.5,93.1,91.1",11.1,999.0,999.0,999,999,0
999,999999,"72.3,72.1,72.5,74.1,74.5,76.7,78.4,77.8,78.5",11.0,999.0,999.0,999,999,0
999,999999,"92.3,124.5,97.9,99.0,101.7,105.5,104.5",11.1,999.0,999.0,999,999,0
999,999999,"81.6,81.7,85.2,86.3,86.4,84.6,86.9,90.8,92.2",10.9,999.0,999.0,999,999,0
999,999999,"69.9,72.1,75.5,77.3,75.9,79.9,85.4,86.8",11.8,999.0,999.0,999,999,0
999,999999,"63.2,63.2,16.6,64.4,64.6,68.6,70.9,72.8",12.1,999.0,999.0,999,999,0
999,999999,"69.7,71.6,17.3,74.9,80.1,85.1,83.3,85.9",11.8,999.0,999.0,999,999,0
999,999999,"176.1,103.2,103.7,105.9,106.6",11.6,999.0,999.0,999,999,0
999,999999,"100.6,105.9,104.8,107.2,108.2,15.5,109.7,109.7,112.8",12.1,999.0,999.0,999,999,0
999,999999,"75.3,76.1,77.7,78.7,79.6,79.4,79.1",11.7,999.0,999.0,999,999,0
999,999999,"108.7,110.4,112.5,114.1,24.1",11.9,999.0,999.0,999,999,0
999,999999,"98.2,99.5,99.6,99.5,100.7,99.9,100.5,105.2,108.1",12.7,999.0,999.0,999,999,0
999,999999,"83.3,87.3,88.2,91.0,96.4,183.5,97.1,97.3,99.4,102.4",12.4,999.0,999.0,999,999,0
999,999999,"119.8,78.3,79.2,81.0,84.5,84.7,85.9",12.3,999.0,999.0,999,999,0
999,999999,"81.0,83.0,85.4,87.1,89.6,90.1,90.3,92.0,95.2,97.5",12.9,999.0,999.0,999,999,0
999,999999,"91.7,93.2,94.7,93.4,95.0",13.0,999.0,999.0,999,999,0
999,999999,"106.8,100.3,110.5,114.8,114.9,119.3,117.6,115.3,114.0",12.8,999.0,999.0,999,999,0
999,999999,"61.8,61.0,62.2,60.4,60.3,63.5,65.2,69.2,70.7,72.7",13.1,999.0,999.0,999,999,0
999,999999,"79.6,78.4,81.9,85.3,83.4,85.6,86.3,86.5",12.6,999.0,999.0,999,999,0
999,999999,"91.9,96.0,100.1,103.3,102.6,104.0,107.1,109.5,109.6,108.6",13.1,999.0,999.0,999,999,0
999,999999,"110.1,111.8,112.6,113.6,114.2,113.8",13.6,999.0,999.0,999,999,0
999,999999,"73.0,76.1,77.7,81.0,81.6",13.5,999.0,999.0,999,999,0
999,999999,"66.9,69.9,71.7,72.8,74.1,75.0,78.5",13.4,999.0,999.0,999,999,0
999,999999,"68.4,67.9,71.6,72.8,73.0,179.3",13.0,999.0,999.0,999,999,0
999,999999,"74.6,76.7,78.0,81.9,83.3,83.0,81.4,85.3,83.9",13.7,999.0,999.0,999,999,0
999,999999,"64.4,63.0,160.9,68.4,71.4,74.0,76.2",13.7,999.0,999.0,999,999,0
999,999999,"62.5,64.9,66.7,67.4,68.3,73.8,80.8,82.5,84.5,85.3",13.8,999.0,999.0,999,999,0
999,999999,"71.8,71.7,73.0,126.1,75.4,76.5,75.6,76.2",13.5,999.0,999.0,999,999,0
999,999999,"111.8,112.7,112.9,112.4,114.5,116.7,118.4",14.0,999.0,999.0,999,999,0
999,999999,"89.3,88.2,90.7,93.2,93.4,96.5",14.0,999.0,999.0,999,999,0
999,999999,"97.2,151.4,102.7,102.2,104.4,105.5,107.2,108.7",14.6,999.0,999.0,999,999,0
999,999999,"91.2,91.9,94.6,96.4,97.1,104.2",14.2,999.0,999.0,999,999,0
999,999999,"98.4,99.0,101.3,101.2,107.8,108.1,109.9,112.3,112.4,114.0",14.0,999.0,999.0,999,999,0
999,999999,"67.8,72.5,71.7,72.0,75.8,78.9,78.3,80.4",14.4,999.0,999.0,999,999,0
999,999999,"92.4,92.7,94.4,95.7,96.6,96.4,101.6",14.7,999.0,999.0,999,999,0
999,999999,"95.2,96.4,98.9,98.9,102.7,106.4,107.5",15.1,999.0,999.0,999,999,0
999,999999,"67.7,69.7,69.2,71.1,69.0,70.1,73.2,22.2,84.5",14.9,999.0,999.0,999,999,0
999,999999,"99.4,99.8,103.0,102.3,104.9,105.3,108.9,111.1,111.1,111.4",14.5,999.0,999.0,999,999,0
999,999999,"76.6,78.3,82.0,84.0,86.3,87.8,89.0",14.8,999.0,999.0,999,999,0
999,999999,"84.5,85.6,85.1,86.0,86.5,88.8,90.4,90.5,89.7",15.4,999.0,999.0,999,999,0
999,999999,"102.7,104.3,106.3,105.4,103.5,102.6,106.2,105.8,108.6,109.3",15.5,999.0,999.0,999,999,0
999,999999,"72.3,76.7,78.5,78.7,79.8",15.1,999.0,999.0,999,999,0
999,999999,"110.7,111.8,17.7,114.1,116.3",15.0,999.0,999.0,999,999,0
999,999999,"95.3,99.1,100.9,102.0,105.4,104.3,104.2,108.5,108.5",15.2,999.0,999.0,999,999,0
999,999999,"110.2,114.0,117.4,118.2,117.1",15.1,999.0,999.0,999,999,0
999,999999,"69.2,71.5,72.1,73.5,74.3,75.0,80.4",16.1,999.0,999.0,999,999,0
999,999999,"96.6,97.6,97.1,99.4,101.5,103.2",16.0,999.0,999.0,999,999,0
999,999999,"100.4,78.2,78.3,78.6,81.6,85.3",15.5,999.0,999.0,999,999,0
999,999999,"103.2,105.0,101.4,109.6,109.2",15.9,999.0,999.0,999,999,0
999,999999,"107.2,107.8,24.1,106.8,106.8,109.3,113.8,112.1,115.1",15.8,999.0,999.0,999,999,0
999,999999,"78.8,81.7,87.1,87.0,90.2,91.1,92.0,93.9,161.8,97.2",16.3,999.0,999.0,999,999,0
999,999999,"180.2,107.8,111.3,112.7,115.0,116.7,116.5,116.6",16.1,999.0,999.0,999,999,0
999,999999,"78.7,79.8,82.4,82.5,83.1,84.6,86.6,27.2,88.5",16.0,999.0,999.0,999,999,0
999,999999,"66.5,71.7,71.9,73.5,74.7,76.4,78.5",16.4,999.0,999.0,999,999,0
999,999999,"92.9,157.2,96.8,95.4,26.5",16.9,999.0,999.0,999,999,0
999,999999,"24.9,67.2,70.0,71.2,72.7,75.4,75.6",16.2,999.0,999.0,999,999,0
999,999999,"93.2,93.2,95.0,96.4,17.0",16.7,999.0,999.0,999,999,0
999,999999,"86.9,90.9,92.5,95.9,95.0,97.5,100.6,101.9,108.4",17.1,999.0,999.0,999,999,0
999,999999,"56.6,58.1,64.0,63.7,66.4,68.4,71.6,73.5,74.4",16.5,999.0,999.0,999,999,0
999,999999,"94.4,95.6,98.0,103.9,103.0,103.6,103.6",17.0,999.0,999.0,999,999,0
999,999999,"66.8,68.5,71.1,72.8,73.2,72.4,74.0,73.5,74.2",17.0,999.0,999.0,999,999,0
999,999999,"100.1,98.7,102.1,111.2,113.8,114.1",17.1,999.0,999.0,999,999,0
999,999999,"64.6,66.7,67.2,66.3,69.7,70.9,187.9,74.5,75.8,76.8",17.5,999.0,999.0,999,999,0
999,999999,"87.8,88.2,90.1,94.3,99.9,101.9,101.7,103.6,106.1,108.0",17.6,999.0,999.0,999,999,0
999,999999,"78.7,79.3,77.6,79.1,82.8,84.4,85.6",17.3,999.0,999.0,999,999,0
999,999999,"99.5,102.0,101.5,102.7,153.3,105.2,107.2,107.6,108.7",17.6,999.0,999.0,999,999,0
999,999999,"106.8,108.7,111.8,113.8,112.0,119.1",17.8,999.0,999.0,999,999,0
999,999999,"75.0,74.5,75.4,75.2,78.2,79.2",18.2,999.0,999.0,999,999,0
999,999999,"84.1,89.2,91.0,89.4,90.4,96.2",17.5,999.0,999.0,999,999,0
999,999999,"76.6,76.6,78.8,81.5,84.1,86.1,87.9,88.9,87.4,87.8",17.5,999.0,999.0,999,999,0
999,999999,"100.5,101.5,103.0,103.6,106.7",18.3,999.0,999.0,999,999,0
999,999999,"94.8,97.7,102.1,102.2,101.9,100.2,97.3,97.2",18.6,999.0,999.0,999,999,0
999,999999,"65.9,71.0,74.4,76.5,76.0,78.2,78.8",18.1,999.0,999.0,999,999,0
999,999999,"106.1,105.2,104.1,106.2,110.2,25.2,118.4,116.3,117.2",18.2,999.0,999.0,999,999,0
999,999999,"78.0,77.7,77.4,76.5,76.0,75.5,76.2,76.3,73.8,76.2",18.7,999.0,999.0,999,999,0
999,999999,"106.2,108.2,107.2,110.2,112.9,111.0,109.5",18.2,999.0,999.0,999,999,0
999,999999,"73.2,26.0,77.6,78.7,79.8,81.0,79.8,82.1,81.4,84.9",19.2,999.0,999.0,999,999,0
999,999999,"87.4,88.8,88.4,89.8,90.2,92.7,90.9,91.1",18.3,999.0,999.0,999,999,0
999,999999,"16.0,74.8,72.5,70.5,72.7,72.0,74.5",18.8,999.0,999.0,999,999,0
999,999999,"77.8,77.4,76.6,77.3,82.6,83.2",18.9,999.0,999.0,999,999,0
999,999999,"98.6,183.0,99.6,100.7,102.7,104.4,107.0,108.3,113.2,114.9",19.4,999.0,999.0,999,999,0
999,999999,"67.8,68.4,70.2,147.8,71.0",19.6,999.0,999.0,999,999,0
999,999999,"135.5,86.7,88.0,89.7,92.6,95.2,95.5",19.2,999.0,999.0,999,999,0
999,999999,"106.6,106.0,110.6,109.5,108.4,109.7",19.1,999.0,999.0,999,999,0
999,999999,"107.1,108.7,108.4,108.7,108.6,111.3,111.7,111.8,112.8,112.4",19.7,999.0,999.0,999,999,0
999,999999,"100.2,104.5,104.5,107.1,108.1,108.2,107.9,110.4,109.2,111.6",20.0,999.0,999.0,999,999,0
999,999999,"69.2,70.1,67.7,173.3,71.2,71.9",20.0,999.0,999.0,999,999,0
999,999999,"100.4,102.0,103.7,104.0,105.4,105.5,106.8,109.0,108.3,108.8",19.7,999.0,999.0,999,999,0
999,999999,"59.0,60.8,64.7,65.3,67.9,66.4,71.2",20.3,999.0,999.0,999,999,0
999,999999,"111.7,115.9,116.3,118.5,118.4,151.7,119.3",20.5,999.0,999.0,999,999,0
999,999999,"103.8,103.9,101.8,102.4,108.0,108.1,110.5",20.1,999.0,999.0,999,999,0
999,999999,"98.7,97.7,98.0,98.4,99.8,99.8,102.8",20.0,999.0,999.0,999,999,0
999,999999,"84.6,86.5,87.0,89.3,92.0",20.4,999.0,999.0,999,999,0
999,999999,"60.4,60.3,63.1,68.4,72.3,74.9,76.5,76.0",20.7,999.0,999.0,999,999,0
999,999999,"73.5,75.9,75.4,77.8,78.6,79.7",20.5,999.0,999.0,999,999,0
999,999999,"113.6,114.9,113.5,111.5,109.8,113.2",20.3,999.0,999.0,999,999,0
999,999999,"77.7,77.8,79.1,78.9,81.7,81.8",21.0,999.0,999.0,999,999,0
999,999999,"68.1,66.2,68.2,74.0,75.4,77.2",21.0,999.0,999.0,999,999,0
999,999999,"73.1,71.7,72.2,74.4,75.7,76.4,78.3,16.3",20.7,999.0,999.0,999,999,0
999,999999,"57.7,61.3,66.2,67.2,67.1,67.7,69.2,189.0,71.0,71.4",21.0,999.0,999.0,999,999,0
999,999999,"96.7,100.5,100.4,103.9,106.8,109.2,111.6,113.4",21.2,999.0,999.0,999,999,0
999,999999,"169.1,79.9,80.0,80.8,82.8,84.2,84.0,84.7,88.1,87.2",21.6,999.0,999.0,999,999,0
999,999999,"74.1,76.9,79.0,77.7,79.6",21.8,999.0,999.0,999,999,0
999,999999,"80.0,80.9,83.1,88.9,89.8,88.9,89.3,90.0,92.8",21.7,999.0,999.0,999,999,0
999,999999,"91.9,92.8,95.0,96.4,96.4,98.7,100.3,102.1",21.9,999.0,999.0,999,999,0
999,999999,"62.0,62.9,64.7,68.7,71.9",22.1,999.0,999.0,999,999,0
999,999999,"104.9,106.2,105.2,106.3,107.7,108.8,106.9,107.5,108.8,111.0",21.5,999.0,999.0,999,999,0
999,999999,"112.1,113.4,114.3,115.9,116.0",22.1,999.0,999.0,999,999,0
999,999999,"64.6,67.1,69.4,70.7,69.1,67.7,69.3,69.7,74.4",21.8,999.0,999.0,999,999,0
999,999999,"92.3,94.4,98.2,98.6,95.9,16.6,94.2,96.8,95.2",21.6,999.0,999.0,999,999,0
999,999999,"105.5,107.3,105.9,106.8,106.4,108.9,110.3",21.8,999.0,999.0,999,999,0
999,999999,"71.5,74.1,74.3,74.7,75.6,118.8,79.5,80.0,80.3,79.8",22.6,999.0,999.0,999,999,0
999,999999,"88.1,87.6,187.0,90.9,92.2",22.6,999.0,999.0,999,999,0
999,999999,"71.3,71.6,77.3,77.4,79.2,79.8,82.1",22.5,999.0,999.0,999,999,0
999,999999,"106.3,108.0,108.1,105.8,106.9,15.3",22.9,999.0,999.0,999,999,0
999,999999,"93.6,94.1,93.4,94.2,95.8",22.5,999.0,999.0,999,999,0
999,999999,"95.1,95.9,97.0,100.7,102.6",23.2,999.0,999.0,999,999,0
999,999999,"101.8,103.5,106.0,106.3,170.5,105.3,106.7,109.6",22.8,999.0,999.0,999,999,0
999,999999,"76.5,76.9,79.1,80.2,80.9,79.2,81.4,83.4,84.3,184.4",22.5,999.0,999.0,999,999,0
999,999999,"62.5,64.0,67.3,66.8,70.2,73.2,75.8,75.6,75.4",22.9,999.0,999.0,999,999,0
999,999999,"86.3,90.6,90.2,89.7,90.3,91.6,91.3,93.5",22.9,999.0,999.0,999,999,0
999,999999,"100.2,104.1,104.2,104.7,104.5,106.7",22.9,999.0,999.0,999,999,0
999,999999,"82.1,83.7,88.3,90.2,92.7,93.2,94.3,96.4,99.2,104.2",23.2,999.0,999.0,999,999,0
999,999999,"105.3,191.7,106.4,106.8,107.7,109.0,112.4,117.1,118.9",23.0,999.0,999.0,999,999,0
999,999999,"110.1,111.5,114.9,117.2,117.4",23.7,999.0,999.0,999,999,0
999,999999,"95.6,96.6,96.7,97.5,98.4",23.4,999.0,999.0,999,999,0
999,999999,"83.7,83.2,83.8,86.9,86.1,87.2,88.0,88.3,91.0,89.7",23.9,999.0,999.0,999,999,0
999,999999,"72.0,73.7,74.1,73.6,77.2,77.3,78.8,79.8",24.2,999.0,999.0,999,999,0
999,999999,"75.9,74.2,74.8,80.6,82.4,83.5,84.8,87.0,89.9",24.0,999.0,999.0,999,999,0
999,999999,"96.1,95.6,97.9,98.4,97.4,101.8,105.1,105.8",24.4,999.0,999.0,999,999,0
999,999999,"79.4,79.3,81.3,29.5,89.7,91.8,95.6,100.0",23.7,999.0,999.0,999,999,0
999,999999,"79.7,82.7,82.4,84.9,86.3,90.1,90.0",24.6,999.0,999.0,999,999,0
999,999999,"74.9,76.4,79.8,81.1,81.0,82.3",24.0,999.0,999.0,999,999,0
999,999999,"78.4,77.1,76.1,76.4,75.3",24.3,999.0,999.0,999,999,0
999,999999,"86.0,86.2,106.3,87.5,85.7,87.7,89.3,90.6",24.0,999.0,999.0,999,999,0
999,999999,"103.4,103.3,104.6,103.4,107.0,107.8,107.6,108.7",24.4,999.0,999.0,999,999,0
999,999999,"68.2,70.0,70.0,71.2,73.1",24.8,999.0,999.0,999,999,0
999,999999,"90.0,90.6,91.1,91.0,92.8,93.0",24.7,999.0,999.0,999,999,0
999,999999,"79.7,82.0,85.7,84.7,85.8,84.3,85.9,84.8,88.4,90.9",24.8,999.0,999.0,999,999,0
999,999999,"66.4,68.0,66.0,71.6,74.1,74.5,76.7",24.7,999.0,999.0,999,999,0
999,999999,"86.9,88.2,89.7,90.8,96.3,97.4,98.2,99.5,103.3,103.1",25.1,999.0,999.0,999,999,0
999,999999,"57.3,58.0,58.4,59.5,64.5,69.2,70.0,72.6,73.9,71.5",25.0,999.0,999.0,999,999,0
999,999999,"105.7,108.3,109.2,110.2,111.7",25.8,999.0,999.0,999,999,0
999,999999,"51.7,53.4,58.9,63.0,65.6,67.1,65.6,70.5",25.7,999.0,999.0,999,999,0
999,999999,"86.9,85.8,85.4,84.3,86.1,86.5,86.9,87.5",26.0,999.0,999.0,999,999,0
999,999999,"100.6,102.0,105.5,104.5,105.1,109.7,109.5",25.4,999.0,999.0,999,999,0
999,999999,"98.8,97.5,21.9,99.1,99.3,100.8,102.0,101.5,105.5",25.9,999.0,999.0,999,999,0
999,999999,"71.3,71.5,169.5,73.3,74.6,77.1,77.6,78.2,79.5,79.9",26.2,999.0,999.0,999,999,0
999,999999,"76.4,74.6,72.4,73.0,73.7,75.0,73.5,73.4",25.5,999.0,999.0,999,999,0
999,999999,"95.5,98.5,100.3,99.7,102.3,103.3,104.3,105.4,105.6",26.3,999.0,999.0,999,999,0
999,999999,"88.2,90.0,90.2,90.5,90.8,91.5,92.4,95.2,95.8,102.5",25.7,999.0,999.0,999,999,0
999,999999,"91.9,93.3,93.3,95.0,95.2,100.5,103.1,103.6,109.3,110.6",26.0,999.0,999.0,999,999,0
999,999999,"86.5,88.5,24.7,94.5,97.1",26.3,999.0,999.0,999,999,0
999,999999,"88.9,18.6,87.6,91.6,92.8,92.0,92.5,92.1",26.5,999.0,999.0,999,999,0
999,999999,"82.3,82.8,83.7,84.2,86.2,88.5,89.7,90.7,90.1",27.0,999.0,999.0,999,999,0
999,999999,"107.1,107.4,109.1,111.4,111.7,112.9,115.2",26.4,999.0,999.0,999,999,0
999,999999,"85.3,86.4,88.6,88.4,103.7,89.6",26.7,999.0,999.0,999,999,0
999,999999,"109.0,110.3,108.1,108.9,111.1,112.3,109.5,110.9,115.3,118.6",27.2,999.0,999.0,999,999,0
999,999999,"64.8,66.2,70.5,71.8,72.7,72.4",27.1,999.0,999.0,999,999,0
999,999999,"122.0,176.9,119.9,121.0,121.7,118.8",27.4,999.0,999.0,999,999,0
999,999999,"82.0,82.4,158.2,87.2,90.8",27.0,999.0,999.0,999,999,0
999,999999,"84.8,85.2,84.0,82.2,85.0,84.2",27.4,999.0,999.0,999,999,0
999,999999,"87.7,87.1,89.1,124.8,89.7,92.5,95.0,98.6,99.7",27.6,999.0,999.0,999,999,0
999,999999,"109.6,109.8,113.1,112.9,111.7",27.0,999.0,999.0,999,999,0
999,999999,"165.1,74.7,78.0,79.4,80.2",28.0,999.0,999.0,999,999,0
999,999999,"71.4,71.1,74.5,75.6,74.3,75.5,76.7",27.1,999.0,999.0,999,999,0
999,999999,"105.9,104.5,107.6,111.8,117.2,116.5,114.7,113.6,118.1",27.3,999.0,999.0,999,999,0
999,999999,"90.5,91.9,90.6,94.1,94.6,96.6,98.2,100.3,103.2,106.1",28.2,999.0,999.0,999,999,0
999,999999,"81.9,84.5,86.8,88.6,90.0",27.9,999.0,999.0,999,999,0
999,999999,"108.4,109.2,110.5,111.1,111.6,111.3",27.9,999.0,999.0,999,999,0
999,999999,"82.4,84.3,86.0,85.5,86.2,90.6,90.3,90.3,90.9",27.9,999.0,999.0,999,999,0
999,999999,"105.9,110.4,111.8,113.0,113.5,114.7,114.7",28.3,999.0,999.0,999,999,0
999,999999,"104.3,106.2,106.4,106.6,107.5,108.2,109.4,110.0,111.8",28.0,999.0,999.0,999,999,0
999,999999,"178.0,81.8,83.2,83.6,86.0,88.8,94.3,95.2",28.8,999.0,999.0,999,999,0
999,999999,"106.5,107.7,106.5,104.3,103.1,104.5",28.3,999.0,999.0,999,999,0
999,999999,"69.5,72.7,71.8,72.7,73.9,74.7,78.0",28.4,999.0,999.0,999,999,0
999,999999,"66.3,70.0,74.0,75.2,76.2,81.1,80.7,83.1,83.3,83.8",28.2,999.0,999.0,999,999,0
999,999999,"106.9,104.6,106.1,105.3,109.7,111.9,113.5",29.1,999.0,999.0,999,999,0
999,999999,"73.5,76.7,77.3,78.1,81.6",28.6,999.0,999.0,999,999,0
999,999999,"97.9,102.1,103.3,109.8,111.5,112.9,111.6,111.8,114.1,115.1",29.4,999.0,999.0,999,999,0
999,999999,"77.9,78.1,79.6,81.4,84.6,83.8,84.6,84.5,84.8",29.2,999.0,999.0,999,999,0
999,999999,"63.5,67.5,68.3,70.4,72.1,74.0,76.4,78.9,77.5",29.3,999.0,999.0,999,999,0
999,999999,"64.7,63.5,62.1,63.6,65.0,63.9,65.6,18.1,175.0,78.6",29.4,999.0,999.0,999,999,0
999,999999,"91.3,90.8,94.9,94.0,99.9,103.1,103.3",29.7,999.0,999.0,999,999,0
999,999999,"107.1,109.2,110.5,116.4,117.6,117.9,115.9",29.3,999.0,999.0,999,999,0
999,999999,"70.3,70.7,73.6,75.2,74.7,75.0,75.0",29.5,999.0,999.0,999,999,0
999,999999,"93.6,95.0,94.9,96.6,97.0,96.5,101.0",30.0,999.0,999.0,999,999,0
999,999999,"69.4,68.4,76.0,73.7,78.6,80.2,81.7",29.7,999.0,999.0,999,999,0
999,999999,"62.2,61.8,64.2,69.7,69.7,70.2,72.0",29.8,999.0,999.0,999,999,0
999,999999,"74.6,77.5,76.3,77.6,78.6,79.6,78.1,79.5",30.1,999.0,999.0,999,999,0
999,999999,"66.7,69.2,71.1,73.2,74.7,76.5",29.9,999.0,999.0,999,999,0
999,999999,"70.7,73.9,76.5,76.8,77.8,76.8",30.3,999.0,999.0,999,999,0
999,999999,"74.5,75.6,77.5,79.8,80.2,82.1,87.1",29.8,999.0,999.0,999,999,0
999,999999,"87.7,90.1,92.7,94.7,97.5",30.0,999.0,999.0,999,999,0
999,999999,"61.6,63.2,66.3,68.8,70.5,73.4,72.5,73.1",30.6,999.0,999.0,999,999,0
999,999999,"66.8,68.4,71.9,73.1,72.2,74.6,75.6,78.2,83.0",30.7,999.0,999.0,999,999,0
999,999999,"86.8,85.4,87.7,90.6,90.0,92.0,93.0,94.3",30.6,999.0,999.0,999,999,0
999,999999,"91.7,90.2,86.7,93.2,93.4",30.9,999.0,999.0,999,999,0
999,999999,"101.9,104.6,107.6,106.1,106.9,107.0,107.5,108.3",30.7,999.0,999.0,999,999,0
999,999999,"87.8,86.6,87.9,89.0,89.7,91.6,92.6,94.1,95.7",31.5,999.0,999.0,999,999,0
999,999999,"95.0,93.3,94.5,94.6,147.7,103.1,103.5",31.3,999.0,999.0,999,999,0
999,999999,"103.8,106.1,107.9,108.9,110.7,111.8",31.5,999.0,999.0,999,999,0
999,999999,"66.0,66.3,67.2,67.8,71.7,73.2",31.4,999.0,999.0,999,999,0
999,999999,"95.6,96.3,95.7,97.8,100.2",31.1,999.0,999.0,999,999,0
999,999999,"69.8,73.5,74.1,74.8,75.2,77.7,79.3",31.6,999.0,999.0,999,999,0
999,999999,"93.1,94.1,93.5,93.2,94.6,89.8",31.8,999.0,999.0,999,999,0
999,999999,"83.2,114.9,83.8,86.2,85.5",31.6,999.0,999.0,999,999,0
999,999999,"106.6,111.0,112.9,113.2,115.7,117.1",32.1,999.0,999.0,999,999,0
999,999999,"104.4,105.5,107.5,108.8,111.1,113.8,116.0,116.7",32.1,999.0,999.0,999,999,0
999,999999,"104.6,105.8,106.5,107.1,108.4,106.3,107.1,108.4,110.9",31.8,999.0,999.0,999,999,0
999,999999,"80.6,85.0,87.8,86.9,88.1,88.4",32.5,999.0,999.0,999,999,0
999,999999,"90.7,94.5,95.9,96.6,98.1,98.1,168.3",31.9,999.0,999.0,999,999,0
999,999999,"76.4,77.5,79.4,84.3,85.8,86.4,88.9,90.8,95.2,96.7",31.8,999.0,999.0,999,999,0
999,999999,"112.7,113.7,114.3,117.5,116.0,117.2,119.0",32.9,999.0,999.0,999,999,0
999,999999,"81.1,82.0,84.1,84.6,83.7,83.1,82.4,80.1,85.6",32.3,999.0,999.0,999,999,0
999,999999,"67.1,67.5,67.6,72.9,72.5,73.3",32.4,999.0,999.0,999,999,0
999,999999,"100.6,104.7,105.1,107.4,109.1,112.3",32.5,999.0,999.0,999,999,0
999,999999,"195.7,107.4,107.4,109.4,111.2,109.3,111.3",32.7,999.0,999.0,999,999,0
999,999999,"71.9,73.5,74.6,76.0,77.8,78.1,80.2,81.5,83.1,87.8",32.9,999.0,999.0,999,999,0
999,999999,"92.7,92.5,96.3,94.9,96.5",32.9,999.0,999.0,999,999,0
999,999999,"69.2,69.9,74.3,73.3,75.2",32.6,999.0,999.0,999,999,0
999,999999,"142.7,85.4,85.2,83.9,86.2,87.0,87.9,88.9",33.5,999.0,999.0,999,999,0
999,999999,"91.4,90.9,94.8,95.9,96.6,96.9,99.5",33.1,999.0,999.0,999,999,0
999,999999,"67.5,71.8,163.6,79.9,79.6,79.5",32.9,999.0,999.0,999,999,0
999,999999,"77.7,80.7,83.5,28.0,86.5",33.6,999.0,999.0,999,999,0
999,999999,"71.9,69.9,72.3,73.4,74.8",33.6,999.0,999.0,999,999,0
999,999999,"93.1,92.3,93.7,93.6,94.8,98.8",33.9,999.0,999.0,999,999,0
999,999999,"71.3,73.8,73.0,71.6,74.9,76.9,78.3,76.1,75.3",33.3,999.0,999.0,999,999,0
999,999999,"106.1,106.6,107.1,108.8,110.2,110.0,111.6,113.6",33.8,999.0,999.0,999,999,0
999,999999,"75.1,73.9,73.9,77.4,79.8,78.5,81.5,80.9",34.2,999.0,999.0,999,999,0
999,999999,"67.1,70.1,73.3,72.6,75.0,77.0,79.2,77.8",33.8,999.0,999.0,999,999,0
999,999999,"72.4,73.6,76.0,75.1,79.2,79.0,80.2,81.5,84.2,85.6",34.4,999.0,999.0,999,999,0
999,999999,"85.9,84.8,87.1,88.1,88.3,89.1,88.8,90.6,92.5",34.6,999.0,999.0,999,999,0
999,999999,"79.8,164.5,82.9,85.7,90.7",34.7,999.0,999.0,999,999,0
999,999999,"192.9,87.4,90.0,90.5,91.2,94.0",34.9,999.0,999.0,999,999,0
999,999999,"92.2,92.3,92.9,95.7,125.1,96.9,99.0,98.3",34.4,999.0,999.0,999,999,0
999,999999,"72.8,73.2,74.9,75.9,75.9,76.8,75.2,75.6",34.5,999.0,999.0,999,999,0
999,999999,"87.0,87.8,87.5,89.3,87.5",34.7,999.0,999.0,999,999,0
999,999999,"54.7,58.9,64.2,66.0,69.4,71.0,75.4,80.4,82.6",35.0,999.0,999.0,999,999,0
999,999999,"84.7,84.7,86.5,86.5,87.8,91.5",33.8,999.0,999.0,999,999,0
999,999999,"100.6,101.9,104.0,105.8,107.9,110.4,114.6",20.1,999.0,999.0,999,999,0
999,999999,"89.1,92.0,92.4,94.6,96.3,97.2",22.9,999.0,999.0,999,999,0
999,999999,"91.3,91.5,96.6,96.2,96.6,97.9",30.8,999.0,999.0,999,999,0
999,999999,"66.4,28.4,69.9,71.7,73.2",24.0,999.0,999.0,999,999,0
999,999999,"94.5,95.2,95.4,97.1,98.6,100.5",31.8,999.0,999.0,999,999,0
999,999999,"73.8,75.5,73.5,76.4,81.5,81.8,79.5",29.1,999.0,999.0,999,999,0
999,999999,"58.0,59.5,63.1,64.1,66.7,68.1,71.0",32.9,999.0,999.0,999,999,0
999,999999,"69.4,73.0,77.2,79.2,84.0,85.2",21.0,999.0,999.0,999,999,0
999,999999,"72.8,73.6,76.5,79.2,81.4,84.8,86.7",24.1,999.0,999.0,999,999,0
999,999999,"105.2,106.7,106.2,108.5,108.9,109.6,109.1,113.0",31.8,999.0,999.0,999,999,0
999,999999,"76.3,76.6,77.7,76.4,77.1,78.8,80.1,84.2,192.7,87.9",11.4,999.0,999.0,999,999,0
999,999999,"76.3,77.7,80.4,80.0,79.1,80.0",15.1,999.0,999.0,999,999,0
999,999999,"108.2,106.8,107.7,108.4,106.6,107.9,109.2,108.2,112.8",17.1,999.0,999.0,999,999,0
999,999999,"96.5,98.3,100.6,101.7,102.8,101.9,198.7,107.0",11.7,999.0,999.0,999,999,0
999,999999,"96.0,96.3,96.5,100.4,99.5,102.9,104.8",27.1,999.0,999.0,999,999,0
999,999999,"93.2,93.3,93.5,92.7,92.2",15.8,999.0,999.0,999,999,0
999,999999,"101.5,103.1,104.8,107.4,108.5,107.5,110.5",24.8,999.0,999.0,999,999,0
999,999999,"87.1,86.1,86.0,86.7,90.8,89.5,90.4,90.5,90.9,92.4",22.6,999.0,999.0,999,999,0
999,999999,"68.8,71.1,73.7,73.6,74.0,74.3,72.8,74.4",11.9,999.0,999.0,999,999,0
999,999999,"66.1,24.7,67.3,66.5,69.9,72.3,74.4,77.9,77.6,79.5",10.9,999.0,999.0,999,999,0
999,999999,"104.8,106.1,104.4,106.0,105.1,103.2",20.5,999.0,999.0,999,999,0
999,999999,"103.0,103.5,106.3,106.2,108.4,110.8,110.0",10.7,999.0,999.0,999,999,0
999,999999,"29.0,65.7,68.6,70.2,71.2,70.6,70.7",13.0,999.0,999.0,999,999,0
999,999999,"106.1,105.1,104.5,105.5,23.8",11.3,999.0,999.0,999,999,0
999,999999,"83.5,84.4,84.8,89.7,90.5,148.6",22.7,999.0,999.0,999,999,0
999,999999,"90.4,90.9,90.6,93.0,95.6,99.1,101.6,107.8",11.0,999.0,999.0,999,999,0
999,999999,"66.8,68.4,67.3,67.4,70.4,71.8",24.4,999.0,999.0,999,999,0
999,999999,"105.5,108.0,111.7,112.9,115.4,116.4,118.4",17.1,999.0,999.0,999,999,0
999,999999,"115.8,116.8,118.8,120.2,120.7,118.1,120.1,119.3",30.0,999.0,999.0,999,999,0
999,999999,"26.2,111.3,113.0,115.2,115.9",21.3,999.0,999.0,999,999,0
999,999999,"109.4,109.7,108.1,105.4,105.1,106.7,107.6,109.5,112.1,113.6",24.3,999.0,999.0,999,999,0
999,999999,"98.0,100.3,193.4,101.6,101.8,100.9,102.9",20.4,999.0,999.0,999,999,0
999,999999,"86.8,89.1,90.3,92.4,92.0",17.0,999.0,999.0,999,999,0
999,999999,"80.4,82.3,81.1,81.9,82.7,84.2,84.9,85.0,87.4",26.3,999.0,999.0,999,999,0
999,999999,"19.1,96.9,96.2,97.1,100.3,101.1",27.9,999.0,999.0,999,999,0
999,999999,"109.8,108.5,110.3,108.1,112.0",23.1,999.0,999.0,999,999,0
999,999999,"101.7,104.0,104.4,105.5,108.5,109.6,112.6,113.5,116.3,118.7",33.9,999.0,999.0,999,999,0
999,999999,"106.1,106.2,110.5,111.3,112.0",28.2,999.0,999.0,999,999,0
999,999999,"69.0,70.8,70.3,69.1,69.3,69.8,70.0",29.8,999.0,999.0,999,999,0
999,999999,"73.7,73.4,73.1,74.0,74.0,73.1,71.9,21.2",14.5,999.0,999.0,999,999,0
999,999999,"63.3,65.7,65.9,66.6,68.8,70.4,69.8,68.4,70.8,73.4",20.6,999.0,999.0,999,999,0
999,999999,"78.5,79.4,77.1,78.3,81.2",24.2,999.0,999.0,999,999,0
999,999999,"110.6,110.0,112.4,113.3,115.1",18.9,999.0,999.0,999,999,0
999,999999,"116.8,120.0,117.1,117.1,116.0",21.6,999.0,999.0,999,999,0
999,999999,"66.8,67.7,66.1,64.9,67.7,67.8,69.3,70.1,72.7",13.1,999.0,999.0,999,999,0
999,999999,"115.1,113.7,115.4,116.2,117.2",17.2,999.0,999.0,999,999,0
999,999999,"73.5,76.4,75.5,72.6,75.2,77.7,79.4,76.0,77.9",28.3,999.0,999.0,999,999,0
999,999999,"86.3,87.9,92.1,93.5,97.1,98.5,100.2,103.0,108.3",11.0,999.0,999.0,999,999,0
999,999999,"91.3,90.5,95.6,97.5,99.7",26.2,999.0,999.0,999,999,0
999,999999,"74.4,79.0,79.9,81.8,81.7,80.6,168.8,84.8",23.8,999.0,999.0,999,999,0
999,999999,"79.0,80.8,82.5,83.0,83.3",14.5,999.0,999.0,999,999,0
999,999999,"179.3,75.8,77.9,79.6,70.7,23.0,73.2,76.4,77.6,83.4",18.9,999.0,999.0,999,999,0
999,999999,"94.1,96.3,147.0,103.5,105.2",15.1,999.0,999.0,999,999,0
999,999999,"100.4,103.5,144.2,26.3,103.8",16.0,999.0,999.0,999,999,0
999,999999,"96.0,98.5,102.1,103.4,102.1,102.8,104.1",32.7,999.0,999.0,999,999,0
999,999999,"88.4,92.4,95.5,98.0,99.0,99.4",12.5,999.0,999.0,999,999,0
999,999999,"93.4,94.7,97.8,95.5,95.5,94.1,94.0,96.1,95.8,94.6",21.1,999.0,999.0,999,999,0
999,999999,"89.3,89.9,90.4,91.7,91.3,94.1,94.9,93.1,94.3,96.7",21.1,999.0,999.0,999,999,0
999,999999,"77.8,78.5,79.3,78.7,79.2,77.9,79.6,79.2,79.5,81.4",34.7,999.0,999.0,999,999,0
999,999999,"114.9,115.4,116.0,117.8,115.0,114.1,110.1,110.7,113.5,115.2",18.3,999.0,999.0,999,999,0
999,999999,"61.5,64.0,66.0,66.4,66.6,67.1,71.8,71.7,71.2,73.6",33.1,999.0,999.0,999,999,0
999,999999,"83.2,84.2,87.6,91.4,93.5,93.0",20.0,999.0,999.0,999,999,0
999,999999,"75.9,74.4,74.5,77.0,77.0,76.6",17.8,999.0,999.0,999,999,0
999,999999,"81.5,82.2,84.0,84.8,15.2,84.9,84.8,86.8,88.9",10.2,999.0,999.0,999,999,0
999,999999,"100.7,102.3,15.7,107.4,109.4,110.0,110.0,109.8",21.9,999.0,999.0,999,999,0
999,999999,"109.8,112.3,112.7,111.3,111.6,112.0",30.2,999.0,999.0,999,999,0
999,999999,"75.6,77.0,78.3,80.7,81.7,83.8,84.5,85.4",24.8,999.0,999.0,999,999,0
999,999999,"86.7,87.6,89.1,92.0,92.8,94.4,95.5,102.8,104.3,104.7",16.1,999.0,999.0,999,999,0
999,999999,"72.6,72.6,74.1,73.4,72.6,72.9,73.6,72.7",20.6,999.0,999.0,999,999,0
999,999999,"93.4,93.9,97.4,97.9,99.8,105.2,103.3,104.0",14.0,999.0,999.0,999,999,0
999,999999,"98.0,101.4,18.5,105.6,105.9,104.5,107.9,108.2",31.6,999.0,999.0,999,999,0
999,999999,"82.7,84.6,87.1,87.2,87.1,88.4,93.6,97.5,95.7,96.7",15.8,999.0,999.0,999,999,0
999,999999,"71.6,73.8,77.1,78.9,82.0,81.6,82.8",14.5,999.0,999.0,999,999,0
999,999999,"121.4,120.6,117.9,119.3,119.6",17.7,999.0,999.0,999,999,0
999,999999,"83.6,84.4,86.3,119.3,87.8,88.6,87.3",9.9,999.0,999.0,999,999,0
999,999999,"114.0,116.0,114.9,115.4,116.3,116.8,117.5,118.4",12.8,999.0,999.0,999,999,0
999,999999,"100.3,102.9,105.5,108.5,109.9,110.6,109.6,111.2,112.9",13.1,999.0,999.0,999,999,0
999,999999,"96.8,98.4,100.7,103.7,103.4,105.4,106.9,109.4",17.4,999.0,999.0,999,999,0
999,999999,"103.8,105.6,105.8,107.7,106.6",20.3,999.0,999.0,999,999,0
999,999999,"73.9,76.1,76.5,75.5,79.4,146.2,82.1,23.4,81.3",27.9,999.0,999.0,999,999,0
999,999999,"91.0,89.8,91.8,92.2,93.3,94.8,94.6",34.2,999.0,999.0,999,999,0
999,999999,"63.4,172.7,68.2,71.2,69.3,72.4,76.6,79.0",13.3,999.0,999.0,999,999,0
999,999999,"61.0,63.0,68.8,73.3,75.9,77.4,78.7",28.8,999.0,999.0,999,999,0
999,999999,"113.2,113.9,115.1,113.0,116.7,115.2,118.5,118.6",11.5,999.0,999.0,999,999,0
999,999999,"103.4,105.7,106.6,109.4,107.6,109.2,108.6",11.4,999.0,999.0,999,999,0
999,999999,"67.3,68.6,66.8,68.9,70.7,72.1,74.6",16.3,999.0,999.0,999,999,0
999,999999,"78.1,80.7,83.9,86.4,87.6,89.8,89.3,92.8,98.3,98.8",25.1,999.0,999.0,999,999,0
999,999999,"88.5,92.1,90.8,93.2,92.9,96.8,97.3,98.5,98.1",27.4,999.0,999.0,999,999,0
999,999999,"90.8,92.7,94.0,93.3,17.7,98.4,97.2,97.9",26.3,999.0,999.0,999,999,0
999,999999,"108.5,109.0,109.8,110.3,110.1,112.3,113.3",14.7,999.0,999.0,999,999,0
999,999999,"109.2,110.1,111.7,113.8,114.7,117.6,119.5",29.1,999.0,999.0,999,999,0
999,999999,"66.7,67.6,68.7,70.2,19.3,74.5,73.0,75.8,78.1",17.5,999.0,999.0,999,999,0
999,999999,"83.7,83.4,84.5,84.2,87.7,87.1",19.6,999.0,999.0,999,999,0
999,999999,"102.9,100.4,103.4,102.1,22.5,105.7,106.5",20.3,999.0,999.0,999,999,0
999,999999,"23.1,95.5,95.0,96.5,97.9",17.4,999.0,999.0,999,999,0
999,999999,"101.9,104.6,106.5,108.8,108.8,110.1,109.6,109.5,108.4,131.4",33.0,999.0,999.0,999,999,0
999,999999,"80.5,82.0,79.7,79.5,79.6,78.0,79.4,79.6,80.6",29.6,999.0,999.0,999,999,0
999,999999,"74.6,74.3,79.1,79.3,79.0,80.5,85.7,84.4,84.4",25.4,999.0,999.0,999,999,0
999,999999,"69.8,71.1,71.4,72.9,76.6,76.1,78.2,80.2",25.1,999.0,999.0,999,999,0
999,999999,"67.3,70.4,73.8,74.9,76.5,80.0,82.4,83.4",10.0,999.0,999.0,999,999,0
999,999999,"107.8,106.5,102.2,103.3,101.3",12.1,999.0,999.0,999,999,0
999,999999,"73.6,77.9,80.4,81.4,82.6,83.2,86.8,87.5",29.9,999.0,999.0,999,999,0
999,999999,"75.4,74.5,72.7,17.5,75.5,80.7,80.7",27.4,999.0,999.0,999,999,0
999,999999,"64.1,63.9,66.1,68.5,70.8,73.2,80.2,81.5,83.2",26.3,999.0,999.0,999,999,0
999,999999,"98.4,100.2,103.5,106.2,108.2,107.8,114.1,115.9,116.1",17.1,999.0,999.0,999,999,0
999,999999,"91.6,89.7,92.1,96.3,95.2",12.2,999.0,999.0,999,999,0
999,999999,"97.8,99.2,95.7,95.3,101.5",20.6,999.0,999.0,999,999,0
999,999999,"98.3,100.1,102.5,105.6,104.4,106.1,106.3",17.8,999.0,999.0,999,999,0
999,999999,"93.4,95.1,96.8,98.5,100.6,100.8,100.3,98.6,102.5",19.8,999.0,999.0,999,999,0
999,999999,"91.9,90.3,92.9,93.7,96.4,98.7,100.2,101.6",15.9,999.0,999.0,999,999,0
999,999999,"76.5,78.8,84.2,86.7,87.0",17.3,999.0,999.0,999,999,0
999,999999,"75.4,77.1,73.4,77.4,81.9,82.2",11.1,999.0,999.0,999,999,0
999,999999,"66.2,69.6,74.5,75.6,77.5,81.0,84.4,84.2,88.3",11.4,999.0,999.0,999,999,0
999,999999,"98.8,100.9,103.0,103.4,101.2",11.6,999.0,999.0,999,999,0
999,999999,"97.3,101.7,102.9,106.3,107.7,112.9,114.0,113.3,114.7,114.2",32.3,999.0,999.0,999,999,0
999,999999,"102.2,101.2,101.3,104.9,25.5",30.9,999.0,999.0,999,999,0
999,999999,"62.5,63.3,65.2,69.9,69.7,68.5,69.8,72.5,77.4",30.3,999.0,999.0,999,999,0
999,999999,"94.6,100.5,102.0,102.7,103.7,105.9,106.1",13.0,999.0,999.0,999,999,0
999,999999,"72.9,71.3,72.1,71.6,71.1,69.7,69.9,70.9,75.4,76.1",19.2,999.0,999.0,999,999,0
999,999999,"108.5,109.9,111.0,112.3,110.3,113.6,112.7",11.9,999.0,999.0,999,999,0
999,999999,"81.5,79.1,83.8,167.4,84.6,87.8",17.6,999.0,999.0,999,999,0
999,999999,"79.6,80.4,80.7,82.9,83.3,81.3,84.7,89.7",13.0,999.0,999.0,999,999,0
999,999999,"99.6,99.7,104.8,118.4,107.4,109.0,111.8",10.2,999.0,999.0,999,999,0
999,999999,"88.3,89.3,90.8,91.2,97.0,160.8,99.5,101.5,101.6",33.1,999.0,999.0,999,999,0
999,999999,"102.6,102.8,104.2,104.4,103.9,105.3,108.6,113.8,113.5",25.1,999.0,999.0,999,999,0
999,999999,"79.4,79.7,82.1,82.8,87.1,91.6,93.4,93.5",13.4,999.0,999.0,999,999,0
999,999999,"101.9,103.6,107.7,109.1,110.9,111.4",16.5,999.0,999.0,999,999,0
999,999999,"93.1,93.7,94.9,95.3,94.2,96.5",24.0,999.0,999.0,999,999,0
999,999999,"72.2,69.7,69.8,28.3,75.3,80.7,81.1,82.8",10.8,999.0,999.0,999,999,0
999,999999,"108.4,111.0,112.0,112.9,112.9",22.8,999.0,999.0,999,999,0
999,999999,"107.5,106.3,107.4,108.4,109.1,111.7,113.3,113.0,116.7",26.0,999.0,999.0,999,999,0
999,999999,"16.5,59.2,62.5,64.5,67.0,69.7,68.5,70.7,73.3",13.4,999.0,999.0,999,999,0
999,999999,"79.7,82.8,85.6,85.2,86.4,87.9,89.8,89.3,91.1",11.6,999.0,999.0,999,999,0
999,999999,"65.5,69.1,66.6,70.2,71.3,71.3,73.5,74.1,74.9,76.4",26.2,999.0,999.0,999,999,0
999,999999,"79.7,81.8,80.9,80.6,82.9,84.8,86.8,89.7,90.9,93.9",31.6,999.0,999.0,999,999,0
999,999999,"82.2,83.1,84.4,85.0,86.0,87.3,87.3,87.2",11.6,999.0,999.0,999,999,0
999,999999,"68.7,72.4,71.5,72.4,72.8,75.3,77.0,81.0,82.4,81.2",27.9,999.0,999.0,999,999,0
999,999999,"75.1,77.8,24.1,78.6,79.7,81.5,82.6,84.2,87.3",31.5,999.0,999.0,999,999,0
999,999999,"99.4,99.4,102.2,102.5,104.1,104.3,104.5,105.0",16.2,999.0,999.0,999,999,0
999,999999,"100.2,102.3,103.2,104.1,108.1,109.7",13.0,999.0,999.0,999,999,0
999,999999,"80.5,84.8,83.4,85.9,89.3,88.5,92.3",27.4,999.0,999.0,999,999,0
999,999999,"156.6,77.8,79.6,78.6,80.4",27.7,999.0,999.0,999,999,0
999,999999,"74.2,74.5,74.2,73.9,75.5,78.2",17.7,999.0,999.0,999,999,0
999,999999,"66.8,67.6,66.5,65.6,67.3,66.8,69.1,71.6,76.1",11.5,999.0,999.0,999,999,0
999,999999,"66.2,67.6,65.8,65.9,66.1,68.4,68.5,69.5,72.8,75.5",26.1,999.0,999.0,999,999,0
999,999999,"108.1,108.0,107.1,106.8,111.6,111.8,115.2,117.2",15.1,999.0,999.0,999,999,0
999,999999,"85.8,86.9,88.7,92.8,93.1",20.6,999.0,999.0,999,999,0
999,999999,"76.5,78.9,80.1,79.7,83.0,82.4",23.8,999.0,999.0,999,999,0
999,999999,"66.7,66.9,70.1,72.1,73.1,74.0,76.7,78.4,79.6",27.9,999.0,999.0,999,999,0
999,999999,"77.1,80.5,80.0,80.7,84.5,84.7,87.5,88.6,91.8,90.4",23.0,999.0,999.0,999,999,0
999,999999,"59.7,60.5,63.5,66.8,68.8,68.9,71.6,71.9,76.1,78.5",10.5,999.0,999.0,999,999,0
999,999999,"76.7,81.2,81.2,82.5,86.0,87.9,94.4",19.7,999.0,999.0,999,999,0
999,999999,"110.4,111.9,111.0,113.0,114.9,115.8,117.2,117.1,119.2,119.5",18.8,999.0,999.0,999,999,0
999,999999,"108.4,113.8,113.8,114.3,114.7,187.8",26.5,999.0,999.0,999,999,0
999,999999,"92.4,95.9,97.1,98.2,97.7,96.1,94.9,93.8",13.5,999.0,999.0,999,999,0
999,999999,"103.1,103.0,104.8,106.7,107.4,108.9,110.3,110.3,114.1,114.9",28.3,999.0,999.0,999,999,0
999,999999,"101.5,102.4,102.8,102.7,108.1,111.6,113.2",20.0,999.0,999.0,999,999,0
999,999999,"76.3,21.8,78.7,79.5,79.9,78.4,78.4,81.5,80.4,82.4",27.0,999.0,999.0,999,999,0
999,999999,"89.7,90.5,29.4,91.2,93.4,93.6,96.4,95.2,99.9,106.5",29.8,999.0,999.0,999,999,0
999,999999,"87.3,87.8,90.3,96.5,96.8,97.7,99.2,101.9",24.2,999.0,999.0,999,999,0
999,999999,"71.6,175.7,74.1,73.7,75.0,78.8,77.0,77.3,79.7",12.9,999.0,999.0,999,999,0
999,999999,"106.8,105.5,105.9,105.9,106.6,111.3,114.1",14.4,999.0,999.0,999,999,0
999,999999,"72.3,72.1,76.6,75.8,75.8,80.4,126.3,85.0",16.7,999.0,999.0,999,999,0
999,999999,"105.7,104.4,104.2,105.0,107.0,108.2,109.9,109.8,111.1,112.0",23.2,999.0,999.0,999,999,0
999,999999,"130.9,85.2,88.3,87.6,98.4,100.3,100.4,102.6",10.6,999.0,999.0,999,999,0
999,999999,"80.1,80.6,79.3,80.2,83.6",34.7,999.0,999.0,999,999,0
999,999999,"67.3,69.8,71.0,72.7,75.1,76.7,81.1,81.8,81.3,83.2",13.1,999.0,999.0,999,999,0
999,999999,"52.2,57.4,59.7,61.0,61.0,63.3,65.9,67.8,69.5,70.2",15.1,999.0,999.0,999,999,0
999,999999,"61.1,65.6,66.7,68.2,69.6,71.0,73.1,75.4",25.0,999.0,999.0,999,999,0
999,999999,"106.6,107.0,106.3,108.8,107.6",26.7,999.0,999.0,999,999,0
999,999999,"57.1,57.9,59.0,63.7,65.6,66.5,70.2",26.2,999.0,999.0,999,999,0
999,999999,"107.4,109.8,112.2,113.5,118.4,195.7",15.5,999.0,999.0,999,999,0
999,999999,"100.2,101.5,103.2,103.7,105.0,106.7,108.5",22.3,999.0,999.0,999,999,0
999,999999,"98.3,98.4,98.0,99.3,104.6,108.9,109.9,110.0",16.3,999.0,999.0,999,999,0
999,999999,"80.9,82.3,83.2,83.3,84.9",16.3,999.0,999.0,999,999,0
999,999999,"66.3,66.7,70.8,71.6,72.1,71.2,72.7,73.7",21.5,999.0,999.0,999,999,0
999,999999,"102.6,102.5,105.4,104.3,105.5",16.2,999.0,999.0,999,999,0
999,999999,"67.0,68.8,70.0,72.8,74.6,76.2,76.8",19.4,999.0,999.0,999,999,0
999,999999,"97.4,97.4,98.1,22.1,99.3,100.4,104.0,139.7,107.3",13.1,999.0,999.0,999,999,0
999,999999,"98.1,100.3,102.5,103.9,106.5,108.3,112.0,112.3,113.3",26.8,999.0,999.0,999,999,0
999,999999,"88.6,90.6,91.0,89.3,89.7,92.3,90.3",19.8,999.0,999.0,999,999,0
999,999999,"94.4,150.2,90.8,93.2,95.8",21.8,999.0,999.0,999,999,0
999,999999,"91.5,93.6,94.0,96.9,97.4,180.8,101.9,100.3,100.2",22.1,999.0,999.0,999,999,0
999,999999,"95.1,97.2,99.3,101.3,102.0,98.8,100.7,100.5,97.2,98.1",21.0,999.0,999.0,999,999,0
999,999999,"101.2,99.9,101.2,101.8,105.6,107.4,108.4,109.2",30.2,999.0,999.0,999,999,0
999,999999,"104.2,105.6,104.4,105.7,107.6,109.5,109.8,109.6,116.5",28.4,999.0,999.0,999,999,0
999,999999,"70.0,72.6,75.3,78.0,79.1,81.8,83.3,88.0,86.6,87.0",23.0,999.0,999.0,999,999,0
999,999999,"81.7,81.3,83.8,83.9,83.2,86.7,86.5,89.7",19.7,999.0,999.0,999,999,0
999,999999,"89.2,87.2,88.2,90.1,87.6,25.4,89.3",29.3,999.0,999.0,999,999,0
999,999999,"72.8,73.3,75.0,75.6,77.5,79.3,182.4,78.0,80.9,82.2",22.5,999.0,999.0,999,999,0
999,999999,"93.0,96.9,97.6,98.8,169.3",27.1,999.0,999.0,999,999,0
999,999999,"81.9,82.0,85.2,85.7,89.3,89.3,88.8,90.7",16.0,999.0,999.0,999,999,0
999,999999,"76.6,80.0,83.7,85.8,89.2,92.5,20.3",31.3,999.0,999.0,999,999,0
999,999999,"74.8,76.1,74.2,78.6,78.1,80.3,82.0,83.4,84.1",33.1,999.0,999.0,999,999,0
999,999999,"102.8,104.2,104.8,104.3,104.8,104.4,106.9,106.0,108.2,109.2",32.1,999.0,999.0,999,999,0
999,999999,"78.9,78.5,79.1,79.8,79.7,81.6",24.0,999.0,999.0,999,999,0
999,999999,"95.6,97.4,98.5,101.9,103.7,104.8,107.0",24.2,999.0,999.0,999,999,0
999,999999,"109.1,107.6,106.5,109.3,110.3,156.9",30.6,999.0,999.0,999,999,0
999,999999,"81.2,79.1,78.8,81.7,83.3,83.8,83.9",18.8,999.0,999.0,999,999,0
999,999999,"110.9,113.0,116.4,113.9,26.8,113.9,113.9",27.1,999.0,999.0,999,999,0
999,999999,"89.8,91.2,91.3,90.4,94.6,91.3,92.9,92.4",30.7,999.0,999.0,999,999,0
999,999999,"69.6,69.7,69.3,68.4,75.7,75.8,76.7,75.1,73.7,71.6",19.8,999.0,999.0,999,999,0
999,999999,"92.9,94.9,98.1,99.3,100.4",19.4,999.0,999.0,999,999,0
999,999999,"84.9,86.4,88.7,88.6,88.6,91.7,106.3",18.3,999.0,999.0,999,999,0
999,999999,"107.5,108.6,110.6,113.5,114.1,114.0,115.1,181.5,113.7",14.5,999.0,999.0,999,999,0
999,999999,"74.2,76.3,77.6,77.9,77.8,158.1",21.0,999.0,999.0,999,999,0
999,999999,"113.1,113.9,22.3,114.1,111.8,112.1,110.7",16.0,999.0,999.0,999,999,0
999,999999,"93.8,93.4,93.6,95.1,94.8,101.1,106.1,189.2",27.9,999.0,999.0,999,999,0
999,999999,"84.8,87.7,180.6,91.8,91.9,96.3,101.5,103.7,103.0,104.3",32.0,999.0,999.0,999,999,0
999,999999,"68.9,70.1,73.4,74.1,73.6,76.0,75.9,75.8,78.0,79.5",11.1,999.0,999.0,999,999,0
999,999999,"76.4,75.8,76.3,80.7,82.6,81.0,79.7,87.2,86.4",10.2,999.0,999.0,999,999,0
999,999999,"102.9,123.5,106.9,108.6,107.2,108.2,108.1,109.4",20.0,999.0,999.0,999,999,0
999,999999,"65.8,64.4,66.2,67.9,67.9,69.2,71.7,71.4,72.7",31.9,999.0,999.0,999,999,0
999,999999,"105.9,106.1,109.0,112.3,112.4,156.0,117.2,119.0",10.8,999.0,999.0,999,999,0
999,999999,"97.0,24.6,98.3,98.1,97.2,98.1,104.4,106.2,107.3",15.5,999.0,999.0,999,999,0
999,999999,"92.2,94.1,95.8,100.0,122.9,98.8,102.5,105.5,107.9,109.1",23.9,999.0,999.0,999,999,0
999,999999,"74.9,76.7,76.6,79.1,26.8",20.2,999.0,999.0,999,999,0
999,999999,"80.4,81.9,79.5,78.3,78.5",31.0,999.0,999.0,999,999,0
999,999999,"106.8,106.9,109.0,110.9,112.9",31.1,999.0,999.0,999,999,0
999,999999,"82.5,84.0,85.1,87.1,88.5",16.2,999.0,999.0,999,999,0
999,999999,"72.4,74.4,74.6,77.1,77.6,78.9",20.0,999.0,999.0,999,999,0
999,999999,"102.1,103.1,105.3,106.8,110.2,112.4,113.8,111.6,115.3",25.7,999.0,999.0,999,999,0
999,999999,"63.8,64.9,65.2,66.4,67.2,70.6,72.2,76.8,78.6",28.4,999.0,999.0,999,999,0
999,999999,"85.0,86.3,88.5,86.6,91.4,96.9,97.7,99.3",25.7,999.0,999.0,999,999,0
999,999999,"87.7,91.4,92.2,94.0,137.8,96.7",14.5,999.0,999.0,999,999,0
999,999999,"94.5,100.0,100.4,102.2,104.1,105.7,109.2,107.3,108.6",21.5,999.0,999.0,999,999,0
999,999999,"79.8,82.2,85.5,86.1,84.8,82.8,84.6,85.6,85.2,86.8",34.7,999.0,999.0,999,999,0
999,999999,"104.6,105.2,104.7,107.2,106.0,109.1,110.3",17.1,999.0,999.0,999,999,0
999,999999,"112.4,112.2,110.9,112.2,113.1,111.7,114.2,115.4,118.5,116.5",27.5,999.0,999.0,999,999,0
999,999999,"113.1,115.3,113.0,111.2,112.0,113.3,146.2,118.5,117.2",23.0,999.0,999.0,999,999,0
999,999999,"66.5,68.2,70.3,71.4,72.5,24.5,75.0,77.1,77.9,78.8",10.5,999.0,999.0,999,999,0
999,999999,"74.8,77.0,80.3,81.3,79.1,79.7,82.5,83.3,85.3,89.5",29.7,999.0,999.0,999,999,0
999,999999,"115.1,22.5,116.1,117.7,116.4",15.5,999.0,999.0,999,999,0
999,999999,"78.7,78.3,80.6,82.2,82.6,83.6,88.2",11.9,999.0,999.0,999,999,0
999,999999,"111.2,112.7,114.3,113.5,114.4,117.0,118.1,118.7",29.1,999.0,999.0,999,999,0
999,999999,"110.7,113.2,111.7,114.0,21.6,113.9,113.1",24.0,999.0,999.0,999,999,0
999,999999,"67.1,68.4,72.4,72.2,74.1",20.5,999.0,999.0,999,999,0
999,999999,"72.4,69.5,71.8,74.1,76.2",11.0,999.0,999.0,999,999,0
999,999999,"73.3,74.2,75.7,16.2,81.6,84.1",24.7,999.0,999.0,999,999,0
999,999999,"87.9,88.6,89.4,89.5,91.1",32.8,999.0,999.0,999,999,0
999,999999,"103.8,105.3,105.9,109.6,109.0,111.0,111.6,116.1",12.4,999.0,999.0,999,999,0
999,999999,"59.6,60.4,61.5,62.5,64.6,66.3,154.7,72.3",17.6,999.0,999.0,999,999,0
999,999999,"76.3,80.1,79.6,80.5,162.5,83.3,83.4",20.6,999.0,999.0,999,999,0
999,999999,"95.1,99.0,98.2,102.5,104.1,106.3,105.3",21.0,999.0,999.0,999,999,0
999,999999,"66.0,68.8,71.7,74.5,75.3,76.3,76.5,76.7,74.6",33.9,999.0,999.0,999,999,0
999,999999,"58.3,130.6,63.1,63.6,65.8,70.3,71.4,72.4,73.9",12.4,999.0,999.0,999,999,0
999,999999,"105.9,107.9,108.4,109.9,111.2,110.2,114.6",29.2,999.0,999.0,999,999,0
999,999999,"100.0,100.8,103.9,103.2,105.0,106.2,106.0",29.1,999.0,999.0,999,999,0
999,999999,"107.7,108.8,108.6,112.6,113.9,114.8,116.5",11.1,999.0,999.0,999,999,0
999,999999,"66.2,69.0,71.5,71.5,73.8,78.6,80.2,82.0,86.5",34.4,999.0,999.0,999,999,0
999,999999,"67.8,68.2,67.1,67.5,69.4,72.9,74.9,73.9,71.0,73.2",29.4,999.0,999.0,999,999,0
999,999999,"104.8,22.6,107.8,109.0,112.4,113.5,114.2,110.9,109.7",33.9,999.0,999.0,999,999,0
999,999999,"83.9,86.3,88.2,90.5,90.3",11.6,999.0,999.0,999,999,0
999,999999,"99.4,98.8,102.5,104.2,105.7,109.6,110.5,112.5,111.5",32.9,999.0,999.0,999,999,0
999,999999,"79.8,79.3,81.0,81.9,84.5,88.5,89.5,92.8,92.2",26.1,999.0,999.0,999,999,0
999,999999,"112.3,113.4,112.0,117.5,116.6,117.3",23.7,999.0,999.0,999,999,0
999,999999,"95.0,98.1,98.2,99.3,102.2,104.4",22.5,999.0,999.0,999,999,0
999,999999,"87.6,86.3,86.2,89.8,90.4,90.4",31.5,999.0,999.0,999,999,0
999,999999,"91.1,93.7,98.6,99.8,98.9,97.4,99.4,101.1,99.4",13.7,999.0,999.0,999,999,0
999,999999,"66.4,68.9,70.7,70.7,74.6,73.1",10.0,999.0,999.0,999,999,0
999,999999,"82.3,84.3,84.4,82.2,85.2,88.7,93.5",21.2,999.0,999.0,999,999,0
999,999999,"105.3,108.9,108.2,108.3,15.7,112.1,112.5,116.9",29.3,999.0,999.0,999,999,0
999,999999,"67.3,140.7,71.7,71.6,72.7,72.8",14.7,999.0,999.0,999,999,0
999,999999,"65.7,66.5,67.4,68.6,71.9",28.8,999.0,999.0,999,999,0
999,999999,"81.9,85.7,87.9,89.0,90.2,90.9,91.8",18.1,999.0,999.0,999,999,0
999,999999,"98.6,100.6,140.6,103.9,105.5,106.9,108.5,108.5",30.7,999.0,999.0,999,999,0
999,999999,"88.6,92.8,95.4,97.0,100.5,104.0,104.4",14.0,999.0,999.0,999,999,0
999,999999,"73.8,78.0,79.7,83.7,83.8,186.9,86.1,86.0",26.7,999.0,999.0,999,999,0
999,999999,"72.1,74.5,75.9,79.1,81.7,82.7,83.4,84.5,87.6",27.0,999.0,999.0,999,999,0
999,999999,"105.4,105.1,110.3,150.3,114.9,115.9,117.4,119.2",10.6,999.0,999.0,999,999,0
999,999999,"27.6,62.8,63.4,66.9,67.1,68.2,70.6,72.1,72.6,72.5",33.2,999.0,999.0,999,999,0
999,999999,"110.0,110.2,111.2,111.7,114.9,114.7,114.7,114.5",25.7,999.0,999.0,999,999,0
999,999999,"84.9,84.5,88.2,86.9,88.7,90.1",20.5,999.0,999.0,999,999,0
999,999999,"87.9,88.4,89.3,92.5,21.1,93.2,95.7,97.4,98.3",32.9,999.0,999.0,999,999,0
999,999999,"65.8,67.0,69.7,72.6,73.0,70.7,190.0",10.5,999.0,999.0,999,999,0
999,999999,"63.5,63.1,63.7,66.3,68.8,71.5,71.1",28.0,999.0,999.0,999,999,0
999,999999,"61.2,63.1,65.5,70.2,72.8",16.7,999.0,999.0,999,999,0
999,999999,"69.4,71.9,101.1,75.9,74.3,75.4,77.9,79.1",35.1,999.0,999.0,999,999,0
999,999999,"80.3,80.6,79.7,83.6,85.2,86.1,84.9,86.7",23.7,999.0,999.0,999,999,0
999,999999,"70.8,70.1,69.8,72.6,74.7,76.2,76.0,77.9",34.4,999.0,999.0,999,999,0
999,999999,"102.1,102.7,105.9,105.4,108.5",25.7,999.0,999.0,999,999,0
999,999999,"80.8,81.3,81.2,80.0,80.1,78.8,79.6,81.6",15.8,999.0,999.0,999,999,0
999,999999,"97.9,101.7,102.3,103.2,104.8,108.3,110.4,109.6,112.7,114.3",17.1,999.0,999.0,999,999,0
999,999999,"104.9,107.2,108.6,110.4,111.0",31.1,999.0,999.0,999,999,0
999,999999,"79.0,76.6,80.3,80.2,81.8,84.1,86.2",24.3,999.0,999.0,999,999,0
999,999999,"102.8,103.9,108.2,108.9,112.3",11.9,999.0,999.0,999,999,0
999,999999,"83.4,83.6,83.7,82.1,83.0,83.4,84.9",31.6,999.0,999.0,999,999,0
999,999999,"104.5,107.4,108.2,109.2,106.3,107.3",23.2,999.0,999.0,999,999,0
999,999999,"64.9,66.6,66.9,67.2,70.6,73.1,74.8",19.6,999.0,999.0,999,999,0
999,999999,"109.6,109.9,111.8,112.1,111.3,112.3,113.8,118.4,119.5",30.0,999.0,999.0,999,999,0
999,999999,"97.8,98.6,96.7,98.1,99.4",29.9,999.0,999.0,999,999,0
999,999999,"105.0,108.1,107.7,108.4,108.1,109.9,18.5",18.1,999.0,999.0,999,999,0
999,999999,"76.1,77.1,79.0,82.5,83.8",23.7,999.0,999.0,999,999,0
999,999999,"75.9,79.8,80.2,80.3,81.6,83.0",14.4,999.0,999.0,999,999,0
999,999999,"92.8,95.1,98.8,100.2,100.9",28.2,999.0,999.0,999,999,0
999,999999,"111.4,113.0,15.4,115.5,117.6,116.8,117.1,119.1,119.9",19.4,999.0,999.0,999,999,0
999,999999,"85.1,88.4,88.8,91.2,90.8,89.3",29.2,999.0,999.0,999,999,0
999,999999,"77.4,78.6,77.5,76.8,77.4,80.3,81.9,82.2",10.5,999.0,999.0,999,999,0
999,999999,"52.1,57.5,57.8,57.0,60.4,63.4,65.2,199.2,70.2,72.4",26.9,999.0,999.0,999,999,0
999,999999,"97.2,99.1,100.6,102.9,103.1,103.3,105.2,104.0,105.9,107.3",23.8,999.0,999.0,999,999,0
999,999999,"91.3,93.2,96.1,97.1,99.0,101.1,101.2,103.4,104.5",23.2,999.0,999.0,999,999,0
999,999999,"110.0,110.0,110.8,109.8,111.3,109.9,110.5,112.1,111.4",33.9,999.0,999.0,999,999,0
999,999999,"150.0,93.6,95.7,99.9,100.4,100.8",18.4,999.0,999.0,999,999,0
999,999999,"94.7,90.8,96.3,96.2,94.2,95.6,96.8,101.1,100.5",15.5,999.0,999.0,999,999,0
999,999999,"110.6,112.5,111.8,114.4,116.7",25.7,999.0,999.0,999,999,0
999,999999,"76.1,77.2,78.1,77.0,75.2,73.8",34.7,999.0,999.0,999,999,0
999,999999,"69.1,71.4,72.9,72.9,72.1,73.6,74.6,75.8",16.1,999.0,999.0,999,999,0
999,999999,"108.8,110.7,109.1,110.4,112.4,112.4,112.6,113.9",24.2,999.0,999.0,999,999,0
999,999999,"88.9,91.8,93.1,94.2,97.4,96.6,99.8",12.6,999.0,999.0,999,999,0
999,999999,"113.4,116.8,115.1,115.8,116.3",26.1,999.0,999.0,999,999,0
999,999999,"95.4,99.5,99.3,97.6,99.0",25.0,999.0,999.0,999,999,0
999,999999,"70.3,69.9,73.0,74.3,73.1,149.2",15.0,999.0,999.0,999,999,0
999,999999,"77.4,79.5,80.8,82.4,82.7,87.7,87.2,89.9,123.2,93.4",26.7,999.0,999.0,999,999,0
999,999999,"55.8,157.4,59.0,65.1,67.0,67.0,71.0",16.9,999.0,999.0,999,999,0
999,999999,"83.9,84.0,86.9,90.7,93.2,93.0",25.7,999.0,999.0,999,999,0
999,999999,"108.9,111.9,112.2,117.3,114.4,117.4,118.5,119.3",10.8,999.0,999.0,999,999,0
999,999999,"79.2,78.0,82.1,82.1,82.7,81.8,80.5,83.0,84.9,86.7",33.2,999.0,999.0,999,999,0
999,999999,"110.6,111.1,112.4,113.5,16.9",11.1,999.0,999.0,999,999,0
999,999999,"86.3,87.6,91.6,95.1,93.8,93.4",13.1,999.0,999.0,999,999,0
999,999999,"71.0,70.7,69.9,71.8,72.9,72.8,73.1,71.7,72.1",31.3,999.0,999.0,999,999,0
999,999999,"76.6,78.7,79.1,80.7,79.2,78.9,83.7",30.8,999.0,999.0,999,999,0
999,999999,"83.1,82.4,82.8,84.6,19.4,87.8,89.6",24.1,999.0,999.0,999,999,0
999,999999,"89.3,93.9,96.7,93.8,92.6,91.7,92.1,94.5,96.2",22.7,999.0,999.0,999,999,0
999,999999,"64.8,65.8,68.9,68.4,70.6",17.5,999.0,999.0,999,999,0
999,999999,"107.5,108.0,108.7,108.7,109.3,108.9,109.8,108.4,111.1",31.1,999.0,999.0,999,999,0
999,999999,"101.8,104.4,108.2,110.3,114.8,115.9,29.1,148.1",29.2,999.0,999.0,999,999,0
999,999999,"92.8,93.4,96.3,97.6,100.7",31.1,999.0,999.0,999,999,0
999,999999,"97.8,98.4,98.6,102.1,102.8,105.1,107.1,109.5",25.4,999.0,999.0,999,999,0
999,999999,"91.4,92.5,94.9,97.3,101.7,98.4",25.1,999.0,999.0,999,999,0
999,999999,"66.9,71.0,129.7,71.0,74.3,74.6,74.3",32.5,999.0,999.0,999,999,0
999,999999,"68.4,68.7,68.2,69.3,69.7,68.7,72.0",29.4,999.0,999.0,999,999,0
999,999999,"97.5,98.6,103.7,147.0,109.4,110.7,110.3,111.8,112.3,114.2",33.1,999.0,999.0,999,999,0
999,999999,"73.1,73.1,72.3,74.0,75.1,74.8,77.8,79.6,81.4,81.4",21.6,999.0,999.0,999,999,0
999,999999,"74.0,74.5,77.2,80.3,83.6,86.5,89.1",27.7,999.0,999.0,999,999,0
999,999999,"103.8,106.6,104.5,107.7,109.5,110.5",17.1,999.0,999.0,999,999,0
999,999999,"94.2,95.8,96.3,95.2,99.6,102.0,105.1,107.2,106.5",17.5,999.0,999.0,999,999,0
999,999999,"63.8,65.1,67.3,69.2,69.7,73.4,73.4,76.5",29.8,999.0,999.0,999,999,0
999,999999,"183.6,58.7,61.7,62.0,66.3,68.2,70.2,73.2,75.2,74.0",16.2,999.0,999.0,999,999,0
999,999999,"101.6,102.8,103.4,106.9,109.6,109.5",31.1,999.0,999.0,999,999,0
999,999999,"99.0,100.3,102.5,101.6,101.8,99.6",25.1,999.0,999.0,999,999,0
999,999999,"55.6,56.0,56.8,62.7,64.7,67.1,67.9,70.2,74.2,75.4",33.2,999.0,999.0,999,999,0
999,999999,"113.9,115.3,116.2,117.3,119.1",20.0,999.0,999.0,999,999,0
999,999999,"100.8,102.3,17.8,100.5,101.8,101.6,104.4",26.4,999.0,999.0,999,999,0
999,999999,"65.8,66.4,68.4,68.8,71.4,71.1,19.1,74.1,75.9",27.1,999.0,999.0,999,999,0
999,999999,"65.3,69.2,71.4,72.9,73.3,75.8,77.6,79.2,80.8,84.7",31.3,999.0,999.0,999,999,0
999,999999,"70.0,151.1,28.2,71.6,75.4,78.5,82.4,82.8,84.2",26.3,999.0,999.0,999,999,0
999,999999,"111.0,111.9,112.8,114.0,114.2,116.8,119.9",15.1,999.0,999.0,999,999,0
999,999999,"90.2,90.7,90.5,91.9,91.6,92.1,89.6,88.4,113.5,87.2",31.1,999.0,999.0,999,999,0
999,999999,"71.9,73.6,74.1,75.7,78.4",21.3,999.0,999.0,999,999,0
999,999999,"88.4,89.7,89.9,91.3,90.6",28.3,999.0,999.0,999,999,0
999,999999,"80.1,80.3,82.6,84.6,87.7,88.8,90.8,91.7,92.8",24.0,999.0,999.0,999,999,0
999,999999,"76.2,81.5,81.9,82.1,82.0,84.7",27.0,999.0,999.0,999,999,0
999,999999,"80.3,79.9,79.6,81.0,82.3,82.2,80.3,79.9",33.1,999.0,999.0,999,999,0
999,999999,"86.1,88.2,88.0,91.6,92.6,92.6,96.9",30.0,999.0,999.0,999,999,0
999,999999,"108.4,111.2,110.2,109.8,109.4,111.3,114.8",27.5,999.0,999.0,999,999,0
999,999999,"88.3,90.4,91.5,93.5,92.4",18.1,999.0,999.0,999,999,0
999,999999,"78.0,83.4,87.2,87.5,89.4,94.5,98.2,98.2",18.9,999.0,999.0,999,999,0
999,999999,"76.9,77.9,81.2,81.0,84.3",19.6,999.0,999.0,999,999,0
999,999999,"75.4,74.0,74.2,78.2,82.0,83.1,86.0,84.3,89.7,92.3",32.4,999.0,999.0,999,999,0
999,999999,"88.2,88.8,90.3,92.8,94.1",33.8,999.0,999.0,999,999,0
999,999999,"101.1,103.5,104.7,108.1,110.2,113.3,112.3,114.7",18.7,999.0,999.0,999,999,0
999,999999,"82.7,85.8,126.1,89.5,89.7,90.1",27.3,999.0,999.0,999,999,0
999,999999,"88.1,90.4,91.5,91.1,96.9,93.7",13.1,999.0,999.0,999,999,0
999,999999,"85.0,87.2,89.2,88.7,89.8,93.0",23.0,999.0,999.0,999,999,0
999,999999,"64.4,65.0,69.0,70.3,70.5,72.4",27.9,999.0,999.0,999,999,0
999,999999,"70.3,69.4,70.7,70.3,73.8",12.5,999.0,999.0,999,999,0
999,999999,"73.4,74.7,77.1,77.7,80.5",9.6,999.0,999.0,999,999,0
999,999999,"66.1,70.7,120.6,79.9,81.0,80.6,82.5,82.8,83.8",27.9,999.0,999.0,999,999,0
999,999999,"57.9,59.7,59.4,60.9,61.2,64.3,65.8,67.7,72.3,72.0",34.5,999.0,999.0,999,999,0
999,999999,"104.6,107.2,107.4,108.7,108.4,108.8,108.9,111.6,114.1",30.6,999.0,999.0,999,999,0
999,999999,"80.7,82.7,82.8,83.0,83.7,83.2,85.1,86.0",10.2,999.0,999.0,999,999,0
999,999999,"62.1,63.8,65.7,68.1,68.8,69.0,71.9,73.4,70.9,70.9",13.3,999.0,999.0,999,999,0
999,999999,"69.2,67.8,67.7,68.8,69.4,71.1,71.3,74.6",13.0,999.0,999.0,999,999,0
999,999999,"84.7,86.4,88.0,87.8,90.9,91.9,94.9,94.8",32.7,999.0,999.0,999,999,0
999,999999,"78.5,80.0,81.8,85.4,92.0,94.0,99.8,101.4,101.3",34.4,999.0,999.0,999,999,0
999,999999,"76.8,81.9,83.4,82.1,83.2,82.7",29.3,999.0,999.0,999,999,0
999,999999,"29.5,65.2,66.1,66.8,67.1,68.5,68.8,71.8",13.3,999.0,999.0,999,999,0
999,999999,"101.6,101.9,103.4,105.1,107.4",18.9,999.0,999.0,999,999,0
999,999999,"116.4,115.5,181.7,117.1,117.6",11.0,999.0,999.0,999,999,0
999,999999,"75.6,75.2,75.2,76.4,76.4,161.9,81.4",20.0,999.0,999.0,999,999,0
999,999999,"96.6,97.5,99.4,101.8,103.5,172.8,105.4",23.4,999.0,999.0,999,999,0
999,999999,"74.0,75.7,77.2,77.9,76.3,76.9,78.5,82.2,81.6",14.4,999.0,999.0,999,999,0
999,999999,"116.3,103.8,102.4,101.1,101.4,103.1,102.5",13.6,999.0,999.0,999,999,0
999,999999,"94.7,94.0,94.0,98.0,99.6,129.9,98.8",16.6,999.0,999.0,999,999,0
999,999999,"85.9,86.4,88.6,91.4,91.7,93.3,94.7,95.0",16.7,999.0,999.0,999,999,0
999,999999,"70.2,73.4,77.0,79.3,76.9,76.8,78.3,81.6",13.7,999.0,999.0,999,999,0
999,999999,"97.8,99.2,99.7,100.0,102.8,105.1,106.3,106.9,28.6",17.0,999.0,999.0,999,999,0
999,999999,"77.1,77.2,79.1,77.7,83.6",20.0,999.0,999.0,999,999,0
999,999999,"115.6,114.6,114.4,115.8,116.1,117.3,118.8,116.8",11.8,999.0,999.0,999,999,0
999,999999,"86.8,86.4,86.8,86.8,86.8",10.0,999.0,999.0,999,999,0
999,999999,"89.0,91.8,91.2,95.1,94.6,95.2,96.3,101.0,99.8",24.4,999.0,999.0,999,999,0
999,999999,"79.6,80.7,86.0,88.7,89.8,90.0,92.2,95.7,95.8,97.7",31.5,999.0,999.0,999,999,0
999,999999,"101.2,103.7,102.7,101.2,98.9",18.3,999.0,999.0,999,999,0
999,999999,"70.8,71.1,75.4,77.8,77.7,178.6",15.4,999.0,999.0,999,999,0
999,999999,"105.2,106.5,106.2,156.9,109.7,108.8",20.0,999.0,999.0,999,999,0
999,999999,"80.4,79.1,82.8,83.7,84.8,86.2,87.0,88.2",31.0,999.0,999.0,999,999,0
999,999999,"85.8,88.9,88.4,92.1,95.2,97.0",15.4,999.0,999.0,999,999,0
999,999999,"113.1,113.7,114.4,112.3,113.4,116.6,116.0,116.1",34.7,999.0,999.0,999,999,0
999,999999,"69.7,70.9,73.8,77.1,73.0,76.7",27.0,999.0,999.0,999,999,0
999,999999,"74.7,77.8,80.1,78.4,80.8,81.9",28.0,999.0,999.0,999,999,0
999,999999,"86.1,88.4,88.3,91.0,90.6",30.9,999.0,999.0,999,999,0
999,999999,"70.4,72.0,72.1,73.4,74.9,74.5,75.6,76.8",27.1,999.0,999.0,999,999,0
999,999999,"95.1,95.2,94.4,94.5,96.7,97.4,97.5",16.0,999.0,999.0,999,999,0
999,999999,"104.8,103.5,105.4,107.8,108.8,110.9,112.9,114.8,114.0,115.5",33.6,999.0,999.0,999,999,0
999,999999,"65.5,67.5,68.5,70.0,70.7,76.6,78.2,78.5,79.6,80.4",30.2,999.0,999.0,999,999,0
999,999999,"77.0,76.9,78.6,78.4,77.9,80.7,81.9,84.7,86.2",17.8,999.0,999.0,999,999,0
999,999999,"83.8,88.1,89.5,87.3,88.4,88.7,90.5",32.1,999.0,999.0,999,999,0
999,999999,"59.2,62.6,66.6,72.8,73.4,74.0",13.1,999.0,999.0,999,999,0
999,999999,"93.4,95.5,98.7,98.9,102.3,108.3,112.7,111.9",10.4,999.0,999.0,999,999,0
999,999999,"105.9,104.5,107.2,110.6,114.2,112.8,113.4",33.4,999.0,999.0,999,999,0
999,999999,"73.8,74.3,75.8,80.5,82.8,80.2,86.4,88.7,88.7",11.5,999.0,999.0,999,999,0
999,999999,"82.6,85.9,85.7,84.8,86.7,193.3,90.2",15.3,999.0,999.0,999,999,0
999,999999,"71.1,73.8,75.7,77.4,74.6,75.8",16.1,999.0,999.0,999,999,0
999,999999,"78.3,81.3,82.5,82.7,82.5",23.8,999.0,999.0,999,999,0
999,999999,"75.9,77.6,78.2,80.1,81.2,83.3,88.9,141.5,91.9,92.3",30.8,999.0,999.0,999,999,0
999,999999,"98.7,99.4,96.2,98.2,100.1,101.3,102.7,102.7,103.4",33.9,999.0,999.0,999,999,0
999,999999,"108.8,110.2,111.6,112.7,199.8,116.7",31.6,999.0,999.0,999,999,0
999,999999,"68.9,69.7,68.5,70.6,73.1,71.8",28.2,999.0,999.0,999,999,0
999,999999,"89.1,88.0,90.3,91.6,91.5",29.8,999.0,999.0,999,999,0
999,999999,"84.8,86.1,84.8,87.0,195.8,91.8,93.5,94.3",25.0,999.0,999.0,999,999,0
999,999999,"87.0,88.5,86.3,86.6,85.3",33.1,999.0,999.0,999,999,0
999,999999,"80.9,156.2,83.0,84.5,84.4,85.9,88.8,90.7,95.3,98.7",16.7,999.0,999.0,999,999,0
999,999999,"79.2,81.3,82.9,82.4,82.9,82.7,85.5,85.6,87.0",27.1,999.0,999.0,999,999,0
999,999999,"70.6,72.9,74.3,74.2,20.1",24.9,999.0,999.0,999,999,0
999,999999,"75.6,73.8,74.5,75.0,77.0",33.9,999.0,999.0,999,999,0
999,999999,"68.5,70.5,71.6,71.3,74.8,78.6,80.4",20.5,999.0,999.0,999,999,0
999,999999,"114.6,112.7,113.1,118.4,118.2,118.9",17.7,999.0,999.0,999,999,0
999,999999,"112.4,114.7,117.5,119.8,119.2,120.8,119.4",21.5,999.0,999.0,999,999,0
999,999999,"109.7,111.0,112.2,111.9,113.0,15.3,114.5,115.5",20.5,999.0,999.0,999,999,0
999,999999,"102.7,103.8,106.0,109.9,109.4,110.5,110.7",31.0,999.0,999.0,999,999,0
999,999999,"105.8,107.0,107.1,110.6,113.5,117.7,119.0",18.4,999.0,999.0,999,999,0
999,999999,"90.9,92.4,92.6,95.1,95.6,96.5,98.1,96.9,97.9,97.0",13.4,999.0,999.0,999,999,0
999,999999,"66.8,67.2,70.3,71.1,71.1,72.5,74.1,75.4,77.0,79.9",29.7,999.0,999.0,999,999,0
999,999999,"108.7,108.7,110.1,107.4,109.7",22.6,999.0,999.0,999,999,0
999,999999,"98.1,99.4,101.3,101.5,101.4,99.6,101.2,100.9,101.2",24.4,999.0,999.0,999,999,0
999,999999,"94.9,96.3,98.3,100.2,100.7,101.3,100.0",23.3,999.0,999.0,999,999,0
999,999999,"108.9,107.6,107.5,109.6,108.0,108.8,109.3,111.3",34.4,999.0,999.0,999,999,0
999,999999,"97.5,98.5,100.7,103.2,105.5,189.8",22.9,999.0,999.0,999,999,0
999,999999,"105.9,184.2,113.1,113.6,27.7,117.6,117.3",12.8,999.0,999.0,999,999,0
999,999999,"111.1,113.2,111.8,116.8,116.1,116.3,117.2,117.8",20.1,999.0,999.0,999,999,0
999,999999,"107.0,110.8,115.4,117.5,113.3,28.5,116.7",29.7,999.0,999.0,999,999,0
999,999999,"90.7,91.0,89.5,88.7,88.9,92.8,95.8,96.5,97.9,99.6",16.7,999.0,999.0,999,999,0
999,999999,"110.1,110.2,111.7,112.7,115.5,109.9,116.5,119.2,119.2",32.5,999.0,999.0,999,999,0
999,999999,"65.2,66.8,66.3,67.4,69.1,70.5",17.6,999.0,999.0,999,999,0
999,999999,"82.8,86.4,87.6,88.0,89.2,90.9,88.5,90.5,93.5,95.5",15.5,999.0,999.0,999,999,0
999,999999,"69.2,77.1,81.4,82.4,83.4,84.7",17.4,999.0,999.0,999,999,0
999,999999,"124.7,83.2,83.1,84.9,85.3,88.9,88.0,89.5,89.9",34.6,999.0,999.0,999,999,0
999,999999,"101.0,102.2,104.1,104.2,106.5,108.1,112.0,115.9",25.7,999.0,999.0,999,999,0
999,999999,"91.7,91.3,89.2,90.9,94.5,95.0,94.5,95.2,96.0,101.0",20.0,999.0,999.0,999,999,0
999,999999,"64.2,65.0,68.5,69.5,72.3,74.9",16.3,999.0,999.0,999,999,0
999,999999,"74.0,74.3,78.6,78.9,79.4,80.8,82.1,86.5,86.9",31.8,999.0,999.0,999,999,0
999,999999,"88.5,88.1,89.3,89.6,90.7,87.8,90.2,92.5,91.4",22.0,999.0,999.0,999,999,0
999,999999,"108.5,109.0,107.6,110.0,111.2,115.4,116.9",32.7,999.0,999.0,999,999,0
999,999999,"69.9,70.6,74.9,75.1,76.8,76.9",10.6,999.0,999.0,999,999,0
999,999999,"89.1,92.4,92.7,94.5,96.8,196.2,98.9,98.8,98.3,98.5",15.4,999.0,999.0,999,999,0
999,999999,"91.1,88.6,91.3,93.1,28.4,93.9",26.4,999.0,999.0,999,999,0
999,999999,"106.4,105.3,105.0,108.0,110.3,108.7,110.0,116.4,113.4,116.1",30.8,999.0,999.0,999,999,0
999,999999,"29.7,97.6,96.7,95.6,96.9,100.4,101.0",34.7,999.0,999.0,999,999,0
999,999999,"86.0,84.5,128.3,87.4,88.7,88.9",19.6,999.0,999.0,999,999,0
999,999999,"77.5,76.4,78.6,76.2,77.3,26.9,82.7,85.8,88.3,87.8",16.0,999.0,999.0,999,999,0
999,999999,"101.5,102.7,103.5,101.7,102.6,101.2,106.7",23.7,999.0,999.0,999,999,0
999,999999,"80.4,83.3,86.6,86.6,88.6",21.8,999.0,999.0,999,999,0
999,999999,"79.3,79.4,85.0,84.4,85.3,85.3,88.1",26.4,999.0,999.0,999,999,0
999,999999,"86.5,89.2,89.5,90.0,90.0,92.1",33.4,999.0,999.0,999,999,0
999,999999,"91.1,95.0,95.4,97.1,99.5,99.4,118.0,100.8,100.2,104.3",28.5,999.0,999.0,999,999,0
999,999999,"90.7,92.4,94.2,94.1,93.6,94.5",31.8,999.0,999.0,999,999,0
999,999999,"76.2,79.7,81.6,81.9,86.7,88.9",11.6,999.0,999.0,999,999,0
999,999999,"107.5,107.9,107.1,106.4,106.8,110.4,113.5",17.0,999.0,999.0,999,999,0
999,999999,"150.7,104.5,106.2,108.3,109.4,115.8,117.5,118.7",27.7,999.0,999.0,999,999,0
999,999999,"80.6,80.2,82.3,83.1,85.6,28.3",19.6,999.0,999.0,999,999,0
999,999999,"69.0,68.2,67.2,68.9,71.5,153.6,75.5,79.1,79.8",25.0,999.0,999.0,999,999,0
999,999999,"92.1,91.5,97.2,101.0,102.0,103.7,104.5,106.2,103.1,104.8",34.6,999.0,999.0,999,999,0
999,999999,"89.8,90.6,91.7,93.4,94.3,96.8,95.2,92.0",28.4,999.0,999.0,999,999,0
999,999999,"57.7,57.1,60.0,60.5,66.9,68.7,71.2",16.7,999.0,999.0,999,999,0
999,999999,"94.1,93.1,92.3,95.9,98.6,28.9,100.4,101.8,103.4",9.7,999.0,999.0,999,999,0
999,999999,"109.2,112.2,114.6,115.0,113.1,112.8,114.5,115.7",33.3,999.0,999.0,999,999,0
999,999999,"80.1,83.6,85.6,86.1,86.4,88.5,93.2,94.5,92.9,92.2",10.6,999.0,999.0,999,999,0
999,999999,"83.4,85.1,85.3,86.4,87.9,92.7",24.6,999.0,999.0,999,999,0
999,999999,"77.6,77.8,80.2,81.0,83.1,84.3,85.1,86.7",27.5,999.0,999.0,999,999,0
999,999999,"96.3,98.6,98.8,99.1,98.1,96.7,97.4,98.9,101.8,106.8",28.0,999.0,999.0,999,999,0
999,999999,"72.9,73.6,77.5,82.6,81.5",9.9,999.0,999.0,999,999,0
999,999999,"77.5,80.1,82.7,82.0,84.1,86.7,85.6",13.4,999.0,999.0,999,999,0
999,999999,"73.5,24.2,79.2,80.5,79.1",29.8,999.0,999.0,999,999,0
999,999999,"82.8,83.8,85.1,87.7,89.5,92.0,93.8",34.7,999.0,999.0,999,999,0
999,999999,"71.0,73.0,76.4,78.8,79.8,80.0,82.0",20.0,999.0,999.0,999,999,0
999,999999,"81.1,122.3,28.9,85.0,88.6,88.6",29.2,999.0,999.0,999,999,0
999,999999,"65.2,68.4,72.5,74.1,77.4,78.9",28.0,999.0,999.0,999,999,0
999,999999,"84.0,82.5,86.5,87.6,86.4",17.5,999.0,999.0,999,999,0
999,999999,"68.6,73.0,75.7,77.7,81.4,78.0,75.6,79.5,81.6",22.6,999.0,999.0,999,999,0
999,999999,"57.0,57.0,59.8,60.8,64.1,66.4,68.6,73.2,74.4,75.8",33.1,999.0,999.0,999,999,0
999,999999,"92.7,95.8,98.1,101.4,104.9,106.7",26.2,999.0,999.0,999,999,0
999,999999,"95.3,96.7,99.9,104.1,104.8,104.9,105.0",21.0,999.0,999.0,999,999,0
999,999999,"24.7,70.3,70.9,72.3,75.7,79.4,81.3,81.6",24.3,999.0,999.0,999,999,0
999,999999,"22.4,84.1,84.3,85.0,87.8,87.9,88.0,88.7,89.2",23.1,999.0,999.0,999,999,0
999,999999,"59.4,62.7,64.2,68.1,70.1",24.0,999.0,999.0,999,999,0
999,999999,"92.2,94.2,96.3,99.9,100.9,102.1,103.9,104.2",19.2,999.0,999.0,999,999,0
999,999999,"83.8,85.8,86.2,88.0,87.3,87.1,87.1,90.2,90.7,126.9",16.7,999.0,999.0,999,999,0
999,999999,"64.6,66.9,69.8,70.1,70.6",22.5,999.0,999.0,999,999,0
999,999999,"79.4,81.6,82.7,84.1,86.6,89.4,90.4,91.5,90.9",26.8,999.0,999.0,999,999,0
999,999999,"64.8,122.8,67.5,70.2,73.4,74.9,77.2",25.4,999.0,999.0,999,999,0
999,999999,"80.2,81.0,79.2,79.5,81.5,84.5",33.9,999.0,999.0,999,999,0
999,999999,"85.1,86.2,85.4,86.5,89.4,89.7,89.3",29.8,999.0,999.0,999,999,0
999,999999,"69.1,74.2,74.8,77.5,79.1,80.5,82.0,79.8,79.9,79.8",15.0,999.0,999.0,999,999,0
999,999999,"65.9,69.7,70.2,74.6,74.4,78.8,79.9",31.4,999.0,999.0,999,999,0
999,999999,"113.9,114.5,113.9,114.2,113.1,114.1,112.7,116.7,117.7,119.0",11.6,999.0,999.0,999,999,0
999,999999,"71.2,71.2,72.8,72.0,71.7,74.4,75.0,72.1",14.0,999.0,999.0,999,999,0
999,999999,"63.6,65.8,66.7,70.0,74.4,76.1,77.3,77.9,78.0",28.0,999.0,999.0,999,999,0
999,999999,"80.6,83.6,85.0,86.0,87.6,90.7,89.7,91.1,89.9,93.1",32.5,999.0,999.0,999,999,0
999,999999,"96.0,95.1,94.2,100.6,102.5,101.3,105.3,107.2,110.4",12.5,999.0,999.0,999,999,0
999,999999,"59.8,62.7,66.3,66.5,69.4,69.8,69.2,70.7",13.1,999.0,999.0,999,999,0
999,999999,"54.5,56.8,58.7,61.3,66.5,71.3,73.8",23.0,999.0,999.0,999,999,0
999,999999,"75.5,76.9,76.7,77.4,80.6,82.8",10.7,999.0,999.0,999,999,0
999,999999,"80.6,82.3,81.8,82.4,86.3,88.3,90.3,94.6",22.9,999.0,999.0,999,999,0
999,999999,"108.5,112.5,113.0,113.2,113.8,116.6,117.4",11.0,999.0,999.0,999,999,0
999,999999,"94.0,97.3,99.4,24.1,102.4,107.6,106.8,108.3,109.6",17.5,999.0,999.0,999,999,0
