model,barcode,power,temperature,boundaryPowerMax,boundaryPowerMin,compressorModel,doza,label
410,410100867049823030410,"59,63,69.5,70,72.5,73,73.5,76",23.3,66.33,82.63,GMCC SZ59C1H,18,1
410,410100867049822960410,"59,66.5,70,71,72.5,73.5,74.5,75.5",23.3,66.33,82.63,GMCC SZ59C1H,18,1
410,410100867049822950410,"60,67,71,71.5,73,74,73.5,75.5",23.4,66.47,82.77,GMCC SZ59C1H,18,1
410,410100867049822940410,"58,67,70.5,71.5,74,74.5,75.5,76",23.4,66.47,82.77,GMCC SZ59C1H,18,1
410,410100867049822890410,"56,68.5,69,71,72.5,73.5,74.5,75.5",23.4,66.47,82.77,GMCC SZ59C1H,18,1
410,410100867049822860410,"60.5,67,69.5,70.5,72,73,74,74.5,75.5,76,77",23.5,66.61,82.91,GMCC SZ59C1H,18,1
410,410100867049822840410,"58,62,71,72,72.5,73,72.5",23.5,66.61,82.91,GMCC SZ59C1H,18,1
410,410100867049812490410,"55,58,63.5,68,70,71,72,71.5",21.5,63.84,80.08,GMCC SZ59C1H,18,1
410,410100867049812440410,"58.5,62.5,68,69,70,70.5,71.5,71,73",21.4,63.7,79.94,GMCC SZ59C1H,18,1
410,410100867049812430410,"59.5,68,70.5,71.5,72,73.5,74.5,73",21.7,64.12,80.36,GMCC SZ59C1H,18,1
410,410100867049812410410,"57.5,65.5,69.5,71,72,72.5,73",21.7,64.12,80.36,GMCC SZ59C1H,18,1
410,410100867049812390410,"56.5,65.5,67.5,68.5,70,70.5,71.5,72,73.5,72.5",21.4,63.7,79.94,GMCC SZ59C1H,18,1
410,410100867049812380410,"59.5,63.5,67.5,69.5,70,71.5,73.5,74,72.5",21.7,64.12,80.36,GMCC SZ59C1H,18,1
410,410100867049812340410,"56,65,67,68.5,69.5,70.5,72,72.5,73.5,73",21.4,63.7,79.94,GMCC SZ59C1H,18,1
410,410100867049812330410,"59,63,64.5,67,68.5,71,72,72.5,74",21.4,63.7,79.94,GMCC SZ59C1H,18,1
410,410100867049812320410,"56.5,64.5,67,69.5,71,70,71,71.5,72.5",21.4,63.7,79.94,GMCC SZ59C1H,18,1
410,410100867049812280410,"55.5,63.5,67,68.5,69.5,70,71,71.5,71,73",21.6,63.98,80.22,GMCC SZ59C1H,18,1
410,410100867049812250410,"63,69.5,70.5,72,71.5,73.5,73,73.5",21.4,63.7,79.94,GMCC SZ59C1H,18,1
410,410100867049812240410,"56.5,63,67.5,68.5,70,71,71.5,71,73",21.5,63.84,80.08,GMCC SZ59C1H,18,1
410,410100867049812230410,"54.5,63.5,67,68,69.5,70,70.5,71.5",21.6,63.98,80.22,GMCC SZ59C1H,18,1
410,410100867049812220410,"53,61,66.5,68.5,70,70.5,71.5",21.4,63.7,79.94,GMCC SZ59C1H,18,1
410,410100867049812200410,"55,61.5,66.5,68.5,69.5,70.5,71,71.5",21.4,63.7,79.94,GMCC SZ59C1H,18,1
410,410100867049812190410,"57.5,63.5,67,69,70,70.5,72.5,73,73.5,74",21.5,63.84,80.08,GMCC SZ59C1H,18,1
410,410100867049812180410,"59,65.5,69,69.5,71.5,72.5,73.5",21.5,63.84,80.08,GMCC SZ59C1H,18,1
410,410100867049812160410,"56.5,63,66,68,69,70,71.5,70.5",21.4,63.7,79.94,GMCC SZ59C1H,18,1
410,410100867049812150410,"60,65.5,69,71,72,73.5,74,75,75.5,75",21.4,63.7,79.94,GMCC SZ59C1H,18,1
410,410100867049812140410,"52,62,66,68,68.5,69,70.5",21.4,63.7,79.94,GMCC SZ59C1H,18,1
410,410100867049812080410,"57.5,59,65,68,69,71,71.5,72,73,73.5",21.4,63.7,79.94,GMCC SZ59C1H,18,1
410,410100867049812060410,"59,67.5,69.5,70,71,71.5,72,72.5,73.5,74",21.5,63.84,80.08,GMCC SZ59C1H,18,1
410,410100867049812030410,"61,67.5,68,70,69.5,70.5,72.5",21.5,63.84,80.08,GMCC SZ59C1H,18,1
410,410100867049812020410,"61,65.5,68,69,69.5,70.5,72,72.5,72,73,72",21.5,63.84,80.08,GMCC SZ59C1H,18,1
410,410100867049812010410,"57.5,66,70,70.5,71,72.5,73.5",21.5,63.84,80.08,GMCC SZ59C1H,18,1
410,410100867049812000410,"54,59,63,65.5,67.5,68,71.5,73,72.5",21.5,63.84,80.08,GMCC SZ59C1H,18,1
410,410100867049811980410,"50,57,65.5,67.5,69.5,70,71,70.5",21.6,63.98,80.22,GMCC SZ59C1H,18,1
410,410100867049811960410,"57.5,63,67.5,69,69.5,71,72.5",21.5,63.84,80.08,GMCC SZ59C1H,18,1
410,410100867049811950410,"56,64,67,70,71.5,71,71.5,72.5,72,72.5",21.5,63.84,80.08,GMCC SZ59C1H,18,1
410,410100867049811940410,"58,63,66.5,67.5,71.5,72,72.5,73",22.4,65.09,81.36,GMCC SZ59C1H,18,1
410,410100867049811920410,"59.5,68,72,72.5,73.5,74",22.4,65.09,81.36,GMCC SZ59C1H,18,1
410,410100867049811910410,"54.5,58.5,63,67.5,68,69.5,70.5,70,71.5,71",21.5,63.84,80.08,GMCC SZ59C1H,18,1
410,410100867049811870410,"57.5,59.5,64,68,69.5,70,71.5,72,73.5",21.6,63.98,80.22,GMCC SZ59C1H,18,1
410,410100867049811860410,"58.5,66,68.5,70,71.5,73.5,72.5",21.6,63.98,80.22,GMCC SZ59C1H,18,1
410,410100867049811840410,"54,67.5,70,71,72,73.5,75.5,73.5",23.1,66.06,82.35,GMCC SZ59C1H,18,1
410,410100867049811820410,"55.5,63.5,67.5,69,69.5,70.5,71.5,73,72.5",22.6,65.36,81.64,GMCC SZ59C1H,18,1
410,410100867049811790410,"55.5,63.5,66.5,68.5,70,72,71.5",21.8,64.26,80.51,GMCC SZ59C1H,18,1
410,410100867049811720410,"58.5,65,68,69,70,70.5,72,73.5",22.4,65.09,81.36,GMCC SZ59C1H,18,1
410,410100867049811700410,"54,60.5,64.5,66.5,67,68.5,69.5,70",22.4,65.09,81.36,GMCC SZ59C1H,18,1
410,410100867049811660410,"57,66,70.5,71,73",22.6,65.36,81.64,GMCC SZ59C1H,18,1
410,410100867049811650410,"57.5,65,67,68.5,69,69.5,70.5,71.5,72.5,72",22.4,65.09,81.36,GMCC SZ59C1H,18,1
410,410100867049811630410,"58,66,67.5,69.5,70,71,71.5,72.5",22.6,65.36,81.64,GMCC SZ59C1H,18,1
410,410100867049811610410,"58.5,66.5,68,70,71,72,72.5,72",22.4,65.09,81.36,GMCC SZ59C1H,18,1
410,410100867049811600410,"56.5,64.5,67.5,69.5,70,71.5,72,73,73.5",22.4,65.09,81.36,GMCC SZ59C1H,18,1
410,410100867049811540410,"51.5,60.5,65,66,67,67.5,69,69.5,70",22.3,64.95,81.21,GMCC SZ59C1H,18,1
410,410100867049811520410,"56,66.5,69.5,70.5,71,72.5,71.5",22.4,65.09,81.36,GMCC SZ59C1H,18,1
410,410100867049811510410,"53,55,60.5,63.5,67,67.5,68,69.5,70",22.5,65.22,81.5,GMCC SZ59C1H,18,1
410,410100867049811440410,"59,66,68.5,70,72,71.5,72,72.5,73,74",22.4,65.09,81.36,GMCC SZ59C1H,18,1
410,410100867049811370410,"55.5,63,65,68,69,68.5,70,70.5,71.5,72,72.5",22.5,65.22,81.5,GMCC SZ59C1H,18,1
410,410100867049811340410,"60,65,67,68.5,69,69.5,70.5,71",22.4,65.09,81.36,GMCC SZ59C1H,18,1
410,410100867049811330410,"59,67,71,72.5,73.5,74,74.5",22.4,65.09,81.36,GMCC SZ59C1H,18,1
410,410100867049811310410,"60,68.5,70.5,72,73,74",22.5,65.22,81.5,GMCC SZ59C1H,18,1
410,410100867049811300410,"62.5,70.5,72,73.5,74,75",22.4,65.09,81.36,GMCC SZ59C1H,18,1
410,410100867049811270410,"54.5,61,63,65,68,69.5",22.6,65.36,81.64,GMCC SZ59C1H,18,1
410,410100867049811250410,"62,67,69,71.5,72.5,73.5,75,74.5,75.5,74.5",22.9,65.78,82.06,GMCC SZ59C1H,18,1
410,410100867049811170410,"53.5,55.5,63,67.5,68.5,71.5,71,71.5,72,72.5",22.5,65.22,81.5,GMCC SZ59C1H,18,1
410,410100867049811120410,"55.5,58.5,64.5,67.5,69.5,70,70.5,72,71,72",22.6,65.36,81.64,GMCC SZ59C1H,18,1
410,410100867049811090410,"54,62,67,69.5,69,70.5,71,72,72.5,74,73",22.8,65.64,81.92,GMCC SZ59C1H,18,1
410,410100867049811070410,"59,66,68.5,70,71,71.5,73,72.5",23.1,66.06,82.35,GMCC SZ59C1H,18,1
410,410100867049811030410,"55,64.5,67,69.5,70,70.5,71.5,72.5,73",22.5,65.22,81.5,GMCC SZ59C1H,18,1
410,410100867049811010410,"59,63.5,69.5,71,72.5,73,74",22.6,65.36,81.64,GMCC SZ59C1H,18,1
410,410100867049811000410,"55,65.5,68.5,71,71.5,72,73.5,74",22.6,65.36,81.64,GMCC SZ59C1H,18,1
410,410100867049810980410,"55,66,69,69.5,70.5,73,72,73",22.6,65.36,81.64,GMCC SZ59C1H,18,1
410,410100867049810940410,"60.5,67,69,69.5,71.5,73,73.5",22.7,65.5,81.78,GMCC SZ59C1H,18,1
410,410100867049810930410,"54.5,58.5,64,68,69.5,72,72.5,72,72.5,73",22.9,65.78,82.06,GMCC SZ59C1H,18,1
410,410100867049810900410,"55.5,66.5,68.5,70.5,72,73,72.5,73,72.5",22.9,65.78,82.06,GMCC SZ59C1H,18,1
410,410100867049810840410,"59.5,67.5,70.5,72,73,74,74.5",22.9,65.78,82.06,GMCC SZ59C1H,18,1
410,410100867049810790410,"57.5,64.5,68,69,71.5,72",22.7,65.5,81.78,GMCC SZ59C1H,18,1
410,410100867049810780410,"59.5,68,69.5,70.5,72.5,71.5,72",22.9,65.78,82.06,GMCC SZ59C1H,18,1
410,410100867049810750410,"58,61.5,68.5,71.5,72,72.5,73.5,74",22.9,65.78,82.06,GMCC SZ59C1H,18,1
410,410100867049810740410,"57,64,66,68,70,71,72,72.5,72,73.5",22.9,65.78,82.06,GMCC SZ59C1H,18,1
410,410100867049810730410,"60,67.5,71,73,74.5,76,76.5,76,76.5",22.9,65.78,82.06,GMCC SZ59C1H,18,1
410,410100867049810700410,"57,62,64.5,67,70.5,71,72.5,73,73.5,73",22.9,65.78,82.06,GMCC SZ59C1H,18,1
410,410100867049810690410,"59.5,64.5,67,68,70.5,71.5,72.5,74.5,74,73.5,75",22.9,65.78,82.06,GMCC SZ59C1H,18,1
410,410100867049811290410,"57,64,67,68.5,69,69.5,70,71,72",22.4,65.09,81.36,GMCC SZ59C1H,18,1
410,410100867049810670410,"53.5,58,60.5,63,67,68.5,70,71,72.5,73,73.5",23.0,65.92,82.21,GMCC SZ59C1H,18,1
410,410100867049810660410,"56.5,60,66,68.5,70,70.5,71.5,72,72.5,73,74",23.0,65.92,82.21,GMCC SZ59C1H,18,1
410,410100867049810640410,"55.5,67,69,71,72,72.5,74",23.1,66.06,82.35,GMCC SZ59C1H,18,1
410,410100867049810620410,"59,67,71,73.5,74,76,76.5,78",23.0,65.92,82.21,GMCC SZ59C1H,18,1
410,410100867049811560410,"58,65.5,68.5,70.5,72,72.5,73,74",22.4,65.09,81.36,GMCC SZ59C1H,18,1
410,410100867049810600410,"55.5,65.5,70,71.5,74,73.5,74.5,75",23.3,66.33,82.63,GMCC SZ59C1H,18,1
410,410100867049810560410,"57.5,63.5,67,69,71,71.5,72,72.5,74.5,76,75.5",23.3,66.33,82.63,GMCC SZ59C1H,18,1
410,410100867049791530410,"56,63,66.5,67.5,69,70,71,70",18.5,59.69,75.83,GMCC SZ59C1H,18,1
410,410100867049791510410,"54,59,61.5,63.5,64,66.5,68,67,67.5",18.6,59.82,75.98,GMCC SZ59C1H,18,1
410,410100867049791490410,"54.5,58.5,66.5,67,68,68.5,69,68.5",18.5,59.69,75.83,GMCC SZ59C1H,18,1
410,410100867049791480410,"53.5,62.5,64.5,65.5,67,67.5,68.5,68",18.5,59.69,75.83,GMCC SZ59C1H,18,1
410,410100867049791460410,"54,59.5,61.5,64,65,67,67.5,68.5,69,68",18.6,59.82,75.98,GMCC SZ59C1H,18,1
410,410100867049791450410,"53,60,63.5,66,66.5,67,67.5,68,70",18.6,59.82,75.98,GMCC SZ59C1H,18,1
410,410100867049791440410,"54.5,61.5,63.5,65,66,67,67.5,68,68.5",18.6,59.82,75.98,GMCC SZ59C1H,18,1
410,410100867049791410410,"54,61,64,65.5,66.5,67.5,69,68.5",19.8,61.49,77.67,GMCC SZ59C1H,18,1
410,410100867049791380410,"57,63.5,65,66.5,67.5,68.5,69.5,70.5",18.8,60.1,76.26,GMCC SZ59C1H,18,1
410,410100867049811040410,"62.5,73.5,75.5,76,77.5,78.5",22.4,65.09,81.36,GMCC SZ59C1H,18,1
410,410100867049791360410,"57,61,64,65.5,67.5,68.5,67.5,68,69.5,70",20.1,61.9,78.1,GMCC SZ59C1H,18,1
410,410100867049791350410,"55,63,66,67.5,69.5,70,68.5,69,71.5",20.4,62.32,78.52,GMCC SZ59C1H,18,1
410,410100867049791340410,"54,62.5,68,68.5,71,70.5,71.5,72",20.4,62.32,78.52,GMCC SZ59C1H,18,1
410,410100867049791300410,"53,56,59.5,65,68.5,67.5,70,69.5,71,70.5",19.1,60.52,76.68,GMCC SZ59C1H,18,1
410,410100867049791290410,"54.5,59.5,63.5,68,67.5,68,68.5,69.5",19.8,61.49,77.67,GMCC SZ59C1H,18,1
410,410100867049822920410,"55.5,60,62,66,67.5,69.5,70,70.5,71,71.5,72,72.5",23.4,66.47,82.77,GMCC SZ59C1H,18,1
410,410100867049791280410,"55,59.5,62.5,66.5,67.5,69,69.5,70",19.0,60.38,76.54,GMCC SZ59C1H,18,1
410,410100867049791270410,"55.5,59,62,65,65.5,67,67.5,68,68.5,69,69.5,70",19.0,60.38,76.54,GMCC SZ59C1H,18,1
410,410100867049791200410,"58,65,67,69.5,71.5,71",19.8,61.49,77.67,GMCC SZ59C1H,18,1
410,410100867049791180410,"50.5,58,62.5,65,66.5,67.5,68",19.8,61.49,77.67,GMCC SZ59C1H,18,1
410,410100867049791160410,"52.5,59,63,66.5,67.5,68,68.5,68",18.9,60.24,76.4,GMCC SZ59C1H,18,1
410,410100867049791150410,"56,63.5,66,66.5,67.5,68.5,69",19.0,60.38,76.54,GMCC SZ59C1H,18,1
410,410100867049791140410,"52.5,63.5,67,68,69,70",19.0,60.38,76.54,GMCC SZ59C1H,18,1
410,410100867049791110410,"56,62,66.5,67.5,68,69,70,69,70,70.5,71",19.1,60.52,76.68,GMCC SZ59C1H,18,1
410,410100867049791090410,"57,62.5,65,66,67,68,68.5,69.5,70,69.5,70",19.0,60.38,76.54,GMCC SZ59C1H,18,1
410,410100867049791080410,"58,60.5,65.5,67,67.5,68.5,69,70,71.5",19.0,60.38,76.54,GMCC SZ59C1H,18,1
410,410100867049791060410,"59.5,64,65.5,66,68,68.5,70,70.5,71,70.5",19.0,60.38,76.54,GMCC SZ59C1H,18,1
410,410100867049791040410,"53.5,57,65,67,69.5,70.5,71",19.1,60.52,76.68,GMCC SZ59C1H,18,1
410,410100867049791030410,"59.5,62.5,67.5,69,69.5,70,71,70.5",19.2,60.65,76.82,GMCC SZ59C1H,18,1
410,410100867049790980410,"51.5,60,64.5,67.5,68,69.5,70",20.0,61.76,77.96,GMCC SZ59C1H,18,1
410,410100867049790950410,"57.5,67.5,66.5,67.5,70,69,70,70.5,72.5",19.8,61.49,77.67,GMCC SZ59C1H,18,1
410,410100867049790910410,"52,59.5,63,64,65,65.5,66.5,66,67.5,68",19.7,61.35,77.53,GMCC SZ59C1H,18,1
410,410100867049790900410,"55.5,65.5,66,68,70,70.5,73,74.5",19.8,61.49,77.67,GMCC SZ59C1H,18,1
410,410100867049790870410,"53,57.5,65,66,66.5,67,68.5",19.8,61.49,77.67,GMCC SZ59C1H,18,1
410,410100867049790860410,"53.5,63.5,65,65.5,66,67.5,68.5,68",19.7,61.35,77.53,GMCC SZ59C1H,18,1
410,410100867049790840410,"57,63.5,66,68,69,70,70.5,70",20.3,62.18,78.38,GMCC SZ59C1H,18,1
410,410100867049790830410,"57.5,65.5,66.5,69,70,71,71.5,73.5,71.5",20.3,62.18,78.38,GMCC SZ59C1H,18,1
410,410100867049790810410,"59.5,66.5,70.5,72.5,73.5,74,75.5,74.5",20.3,62.18,78.38,GMCC SZ59C1H,18,1
410,410100867049790800410,"56.5,63.5,68,69.5,70.5,71.5,72.5",20.3,62.18,78.38,GMCC SZ59C1H,18,1
410,410100867049790790410,"57,64.5,68,70,71.5,72.5,73,73.5",20.3,62.18,78.38,GMCC SZ59C1H,18,1
410,410100867049790780410,"56,62.5,67,66.5,69,69.5,70,71.5,70.5",20.3,62.18,78.38,GMCC SZ59C1H,18,1
410,410100867049790750410,"51,59.5,63.5,66,67,68,68.5,69",19.9,61.62,77.82,GMCC SZ59C1H,18,1
410,410100867049790740410,"53,59.5,64.5,67.5,67,68.5,70,71.5,70.5",20.3,62.18,78.38,GMCC SZ59C1H,18,1
410,410100867049790730410,"55,59.5,63,68,68.5,69.5,70.5,71,71.5",19.9,61.62,77.82,GMCC SZ59C1H,18,1
410,410100867049791420410,"50.5,60.5,65.5,66,67.5,66.5,67.5",18.7,59.96,76.12,GMCC SZ59C1H,18,1
410,410100867049790720410,"54,61,65,65.5,67,67.5,68,69,69.5",20.3,62.18,78.38,GMCC SZ59C1H,18,1
410,410100867049790710410,"55.5,63.5,67,68,69,70,70.5,69",20.3,62.18,78.38,GMCC SZ59C1H,18,1
410,410100867049790690410,"60,67,68.5,70,71,72.5,73.5,73",20.3,62.18,78.38,GMCC SZ59C1H,18,1
410,410100867049810880410,"60,67,69,70.5,71,73,74,72.5",22.6,65.36,81.64,GMCC SZ59C1H,18,1
410,410100867049790680410,"59.5,68,71.5,71,73,73.5",20.3,62.18,78.38,GMCC SZ59C1H,18,1
410,410100867049790670410,"59,66.5,69.5,70.5,72,72.5,73.5",20.3,62.18,78.38,GMCC SZ59C1H,18,1
410,410100867049790660410,"56.5,63.5,67,68.5,69,69.5,70.5,71,72,73",20.3,62.18,78.38,GMCC SZ59C1H,18,1
410,410100867049790630410,"58.5,67,68,69.5,71,72,71.5,73.5,72.5",19.8,61.49,77.67,GMCC SZ59C1H,18,1
410,410100867049790620410,"56,64,67,68,70,69.5,70,71",19.8,61.49,77.67,GMCC SZ59C1H,18,1
410,410100867049790600410,"58.5,63,65.5,68,70.5,70,71.5,71,72.5",19.8,61.49,77.67,GMCC SZ59C1H,18,1
410,410100867049790590410,"56.5,63,67,69,68.5,69,70,72,71,72",19.8,61.49,77.67,GMCC SZ59C1H,18,1
410,410100867049790570410,"50.5,59.5,65,67.5,68.5,69.5,69,69.5",20.2,62.04,78.24,GMCC SZ59C1H,18,1
410,410100867049790560410,"56.5,58,64.5,66.5,69,70.5,71.5,72,72.5,73,72",20.2,62.04,78.24,GMCC SZ59C1H,18,1
410,410100867049790510410,"53,55,58,61.5,62,65,66,66.5,67,68",19.8,61.49,77.67,GMCC SZ59C1H,18,1
410,410100867049790500410,"58.5,63.5,66,67.5,68.5,69,70.5,69.5",19.8,61.49,77.67,GMCC SZ59C1H,18,1
410,410100867049790490410,"57.5,63.5,67,68.5,69.5,70,69,69.5,71.5",19.9,61.62,77.82,GMCC SZ59C1H,18,1
410,410100867049790470410,"57,62.5,65.5,68,67.5,69,70.5,71,70.5,71.5",20.0,61.76,77.96,GMCC SZ59C1H,18,1
410,410100867049790460410,"57,64,66.5,67,68,68.5,69.5,70.5,69",19.9,61.62,77.82,GMCC SZ59C1H,18,1
410,410100867049790450410,"60,64,67,68.5,69,70.5,72,70.5",20.2,62.04,78.24,GMCC SZ59C1H,18,1
410,410100867049790440410,"55.5,63,66,67,68,68.5,70,69",19.9,61.62,77.82,GMCC SZ59C1H,18,1
410,410100867049790400410,"60.5,65,68,68.5,69.5,70.5,70",19.9,61.62,77.82,GMCC SZ59C1H,18,1
410,410100867049790360410,"54.5,65.5,67,67.5,69.5,70,69.5,70.5,71,70.5",19.9,61.62,77.82,GMCC SZ59C1H,18,1
410,410100867049790330410,"58,65,67.5,69.5,70.5,71,72.5",20.2,62.04,78.24,GMCC SZ59C1H,18,1
410,410100867049791470410,"55,62.5,65,66,67,68,68.5,69,69.5",18.5,59.69,75.83,GMCC SZ59C1H,18,1
410,410100867049790320410,"60,64.5,68,69.5,70.5,71.5,70.5",20.1,61.9,78.1,GMCC SZ59C1H,18,1
410,410100867049790300410,"58.5,65,67.5,69.5,70,71,71.5,72",20.0,61.76,77.96,GMCC SZ59C1H,18,1
410,410100867049790290410,"57,64,68,68.5,69,69.5,72",20.1,61.9,78.1,GMCC SZ59C1H,18,1
410,410100867049790280410,"58.5,66,69,71,72,71.5,72.5",20.0,61.76,77.96,GMCC SZ59C1H,18,1
410,410100867049790270410,"60,63,67.5,70.5,71.5,71,72,73",20.0,61.76,77.96,GMCC SZ59C1H,18,1
410,410100867049790260410,"59.5,64.5,66,69,70,72.5,73,71.5",20.1,61.9,78.1,GMCC SZ59C1H,18,1
410,410100867049790550410,"56,62,66,68,69.5,70,71,70.5",20.4,62.32,78.52,GMCC SZ59C1H,18,1
410,410100867049790250410,"57,64.5,66.5,69.5,71,72.5,73",20.1,61.9,78.1,GMCC SZ59C1H,18,1
410,410100867049790240410,"58,65.5,67.5,69,70,70.5,72,72.5,71.5",20.1,61.9,78.1,GMCC SZ59C1H,18,1
410,410100867049790370410,"52.5,63.5,68,68.5,69,69.5,71.5,72.5,73",19.9,61.62,77.82,GMCC SZ59C1H,18,1
410,410100867049790230410,"56.5,62.5,67.5,68.5,71,73",20.2,62.04,78.24,GMCC SZ59C1H,18,1
410,410100867049790210410,"61,68.5,70,71.5,71,72,71.5,72",20.1,61.9,78.1,GMCC SZ59C1H,18,1
410,410100867049790200410,"58,62.5,65.5,66.5,68.5,71.5,72,72.5,72,73",20.1,61.9,78.1,GMCC SZ59C1H,18,1
410,410100867049790150410,"57,61,64,65.5,69.5,71.5,70,71,71.5",20.1,61.9,78.1,GMCC SZ59C1H,18,1
410,410100867049790140410,"55,63.5,67,68,69.5,70.5,71.5",20.1,61.9,78.1,GMCC SZ59C1H,18,1
410,410100867049790130410,"52.5,60.5,64.5,66,68,69,70.5,69",20.1,61.9,78.1,GMCC SZ59C1H,18,1
410,410100867049790120410,"54.5,57.5,63,66,68,69,69.5,70.5",20.1,61.9,78.1,GMCC SZ59C1H,18,1
410,410100867049790110410,"57.5,64.5,67.5,68.5,69,69.5,70.5,71.5",20.2,62.04,78.24,GMCC SZ59C1H,18,1
410,410100867049811970410,"58.5,64.5,69.5,70.5,71.5,72.5,73,74,75",21.5,63.84,80.08,GMCC SZ59C1H,18,1
410,410100867049790100410,"55.5,58,65,68,69.5,70.5,71.5,73,73.5",20.2,62.04,78.24,GMCC SZ59C1H,18,1
410,410100867049790090410,"57,65.5,67.5,68.5,69.5,70,72,70.5",20.2,62.04,78.24,GMCC SZ59C1H,18,1
410,410100867049790060410,"53.5,63,66.5,68.5,69.5,70,72,70",20.5,62.45,78.67,GMCC SZ59C1H,18,1
410,410100867049790050410,"54.5,61.5,65,66.5,67,69,70.5",20.4,62.32,78.52,GMCC SZ59C1H,18,1
410,410100867049790040410,"58,64,67.5,68.5,69,70.5,69.5,70,70.5",20.5,62.45,78.67,GMCC SZ59C1H,18,1
410,410100867049790030410,"57.5,66,67.5,68.5,69.5,70.5,71,72",20.4,62.32,78.52,GMCC SZ59C1H,18,1
410,410100867049790000410,"58.5,66,68,69,70,70.5,72,71",19.9,61.62,77.82,GMCC SZ59C1H,18,1
410,410100867049789950410,"55,60.5,62,67,69,70,71,72",20.4,62.32,78.52,GMCC SZ59C1H,18,1
410,410100867049789930410,"57.5,64,67,67.5,69,70,71,71.5,72",20.0,61.76,77.96,GMCC SZ59C1H,18,1
410,410100867049789920410,"55.5,62,65.5,67.5,68.5,69.5,71,70",20.5,62.45,78.67,GMCC SZ59C1H,18,1
410,410100867049789900410,"54.5,62.5,67,68,68.5,69,70,69.5",20.4,62.32,78.52,GMCC SZ59C1H,18,1
410,410100867049789880410,"53.5,64,68.5,68,70,71,71.5",20.2,62.04,78.24,GMCC SZ59C1H,18,1
410,410100867049789860410,"58,63,67,69,70.5,72,72.5",20.5,62.45,78.67,GMCC SZ59C1H,18,1
410,410100867049789820410,"56.5,64,69,68.5,70.5,73,71.5",20.5,62.45,78.67,GMCC SZ59C1H,18,1
410,410100867049789810410,"54.5,61.5,64.5,66,67.5,69,70,69.5",20.5,62.45,78.67,GMCC SZ59C1H,18,1
410,410100867049789720410,"56,65.5,67.5,69.5,71.5,71,72,72.5",20.3,62.18,78.38,GMCC SZ59C1H,18,1
410,410100867049789650410,"55.5,66.5,68,69,70,71,72,72.5,73.5",20.3,62.18,78.38,GMCC SZ59C1H,18,1
410,410100867049789640410,"49.5,55.5,59.5,62,64,65,65.5,66,67.5",19.7,61.35,77.53,GMCC SZ59C1H,18,1
410,410100867049790070410,"57.5,64,69,70.5,71,71.5,73,72",20.3,62.18,78.38,GMCC SZ59C1H,18,1
410,410100867049789630410,"58,66,68.5,69.5,70.5,72,71.5",19.9,61.62,77.82,GMCC SZ59C1H,18,1
410,410100867049789620410,"62,68,69,69.5,70,71,72.5,72,73",20.2,62.04,78.24,GMCC SZ59C1H,18,1
410,410100867049789610410,"55.5,63.5,67,68,69,70.5,70",19.9,61.62,77.82,GMCC SZ59C1H,18,1
410,410100867049789600410,"56.5,63.5,66.5,68,69,70,71.5,72",20.0,61.76,77.96,GMCC SZ59C1H,18,1
410,410100867049790640410,"58,67.5,69,70,70.5,71.5",19.8,61.49,77.67,GMCC SZ59C1H,18,1
410,410100867049789580410,"55,63,66.5,68.5,68,69,69.5,69",20.0,61.76,77.96,GMCC SZ59C1H,18,1
410,410100867049789570410,"58,68,68.5,69.5,70,71,72,71",19.9,61.62,77.82,GMCC SZ59C1H,18,1
410,410100867049789540410,"53,61,64.5,65.5,67,67.5,68.5,70,69.5",20.0,61.76,77.96,GMCC SZ59C1H,18,1
410,410100867049789530410,"56.5,63,65.5,66,67,68,68.5,69,69.5,70",20.0,61.76,77.96,GMCC SZ59C1H,18,1
410,410100867049789510410,"53.5,61.5,64.5,66.5,67.5,68,69.5,68.5",20.0,61.76,77.96,GMCC SZ59C1H,18,1
410,410100867049789490410,"53.5,61.5,64.5,65.5,66.5,67.5,68.5,67.5",20.0,61.76,77.96,GMCC SZ59C1H,18,1
410,410100867049789480410,"51,63.5,65.5,69,69.5,70,70.5,71.5",20.3,62.18,78.38,GMCC SZ59C1H,18,1
410,410100867049789470410,"49.5,57.5,62.5,63,64.5,65.5,66.5",19.6,61.21,77.39,GMCC SZ59C1H,18,1
410,410100867049789460410,"55,58.5,65,69,70,70.5,71,72.5,73",19.9,61.62,77.82,GMCC SZ59C1H,18,1
410,410100867049789440410,"56,63.5,68.5,70.5,72.5,73,73.5",20.1,61.9,78.1,GMCC SZ59C1H,18,1
410,410100867049789430410,"56.5,63,65,67,68.5,68,69,70,69.5,70.5",19.9,61.62,77.82,GMCC SZ59C1H,18,1
410,410100867049789400410,"53.5,62.5,65.5,66.5,63",20.0,61.76,77.96,GMCC SZ59C1H,18,1
410,410100867049789390410,"52,61,65,68,68.5,70,70.5,70",20.1,61.9,78.1,GMCC SZ59C1H,18,1
410,410100867049771720410,"47.5,53,59,63,63.5,64.5,65.5,66,67",18.3,59.41,75.55,GMCC SZ59C1H,18,1
410,410100867049789360410,"55,61,65.5,67.5,68.5,69,70.5,71,70.5",20.0,61.76,77.96,GMCC SZ59C1H,18,1
410,410100867049772940410,"49,55.5,60.5,63,67.5,67,67.5,68.5,68",20.5,62.45,78.67,GMCC SZ59C1H,18,1
410,410100867049769010410,"58.5,60.5,62,63.5,63,64,64.5,65.5,66,65.5",18.5,59.69,75.83,GMCC SZ59C1H,18,1
410,410100867049771570410,"50.5,57.5,59.5,60,61.5,62.5,63,64,64.5,65,64.5",19.2,60.65,76.82,GMCC SZ59C1H,18,1
410,410100867049767430410,"52,60,62.5,63.5,64.5,64,65.5,67",16.7,57.19,73.28,GMCC SZ59C1H,18,1
410,410100867049771410410,"50.5,63.5,62.5,63,64,65.5,65,65.5",19.3,60.79,76.97,GMCC SZ59C1H,18,1
410,410100867049771390410,"49.5,53,55.5,60.5,62,65.5,64",19.2,60.65,76.82,GMCC SZ59C1H,18,1
410,410100867049791370410,"52.5,59.5,63,64,64.5,65.5,66,66.5,68",18.8,60.1,76.26,GMCC SZ59C1H,18,1
410,410100867049766770410,"51,56.5,60,62,63,63.5,64.5,65.5,66.5",17.1,57.75,73.85,GMCC SZ59C1H,18,1
410,410100867049771360410,"49,57.5,61.5,64,65,65.5,67,67.5",18.5,59.69,75.83,GMCC SZ59C1H,18,1
410,410100867049774460410,"52.5,58,62,63.5,64.5,65,66.5,65.5",17.9,58.85,74.98,GMCC SZ59C1H,18,1
410,410100867049771260410,"57,63,67,68.5,69,70,71,70",19.4,60.93,77.11,GMCC SZ59C1H,18,1
410,410100867049765790410,"54.5,59.5,62.5,64.5,65.5,67,67.5,68.5,69,69.5,69",18.3,59.41,75.55,GMCC SZ59C1H,18,1
410,410100867049767570410,"48.5,57,60.5,62,63.5,64.5,65.5",16.4,56.78,72.86,GMCC SZ59C1H,18,1
410,410100867049774910410,"55,61.5,64,64.5,65,66,67",17.5,58.3,74.42,GMCC SZ59C1H,18,1
410,410100867049771160410,"51,59,64,64.5,66.5,67",19.4,60.93,77.11,GMCC SZ59C1H,18,1
410,410100867049773240410,"65.5,68.5,70,70.5,70,70.5,71,70.5",19.8,61.49,77.67,GMCC SZ59C1H,18,1
410,410100867049771460410,"49,54,59.5,64,65,66,66.5,67",19.2,60.65,76.82,GMCC SZ59C1H,18,1
410,410100867049772100410,"54.5,61.5,65.5,66,66.5,68.5,70,69",18.2,59.27,75.41,GMCC SZ59C1H,18,1
410,410100867049771090410,"51,59,62.5,64,65.5,66.5,67.5,68.5",19.6,61.21,77.39,GMCC SZ59C1H,18,1
410,410100867049766990410,"53,61.5,62.5,64,64.5,65,65.5,67,67.5,67",16.9,57.47,73.57,GMCC SZ59C1H,18,1
410,410100867049771060410,"50,49.5,55.5,60.5,61.5,63.5,65,66.5,67",19.6,61.21,77.39,GMCC SZ59C1H,18,1
410,410100867049769670410,"51.5,59,61,63,64,65,66,66.5,66",17.9,58.85,74.98,GMCC SZ59C1H,18,1
410,410100867049768550410,"42.5,45.5,53.5,56,58.5,58,59.5,60,61",15.7,55.81,71.87,GMCC SZ59C1H,18,1
410,410100261549688460410,"55.5,62.5,65,65.5,66.5,68.5,67.5",18.4,59.55,75.69,GMCC SZ59C1H,18,1
410,410100867049787090410,"58,67.5,69,70,70.5,71,70.5,71,72",20.8,62.87,79.09,GMCC SZ59C1H,18,1
410,410100867049771050410,"53,64,66,66.5,67.5,68,70",19.4,60.93,77.11,GMCC SZ59C1H,18,1
410,410100867049771030410,"52,59,62,64.5,65.5,66.5,67,68,66.5",19.4,60.93,77.11,GMCC SZ59C1H,18,1
410,410100867049770950410,"48.5,51.5,53,57.5,59.5,62,62.5,63.5,64.5",19.5,61.07,77.25,GMCC SZ59C1H,18,1
410,410100867049791240410,"53,62.5,65,66.5,68.5,69.5",18.8,60.1,76.26,GMCC SZ59C1H,18,1
410,410100867049773210410,"55.5,62,66,67.5,67,68,70.5",19.8,61.49,77.67,GMCC SZ59C1H,18,1
410,410100867049770910410,"47,52,56,59,61,61.5,64.5,64,65,66,66.5",19.7,61.35,77.53,GMCC SZ59C1H,18,1
410,410100867049774010410,"54.5,61,64.5,65,65.5,67,68,67",18.2,59.27,75.41,GMCC SZ59C1H,18,1
410,410100867049770890410,"50.5,55,59.5,60.5,62,64,65,65.5,66,66.5",19.8,61.49,77.67,GMCC SZ59C1H,18,1
410,410100867049770880410,"50.5,54,57,60,63,64,64.5,66,66.5,67.5,68,67.5",19.6,61.21,77.39,GMCC SZ59C1H,18,1
410,410100867049770840410,"51,59.5,64,66,67,67.5,68,67.5",19.5,61.07,77.25,GMCC SZ59C1H,18,1
410,410100867049770050410,"53.5,57,65,65.5,66,67,68",18.3,59.41,75.55,GMCC SZ59C1H,18,1
410,410100867049769590410,"52.5,57,60.5,62.5,64,65,66,66.5,67.5,67",18.0,58.99,75.13,GMCC SZ59C1H,18,1
410,410100867049770800410,"50,57,58.5,61.5,63.5,64,64.5,65.5",19.6,61.21,77.39,GMCC SZ59C1H,18,1
410,410100867049770390410,"54.5,56.5,61.5,63.5,66,65.5,67,66",18.4,59.55,75.69,GMCC SZ59C1H,18,1
410,410100867049812260410,"57.5,61.5,64.5,67,69.5,70,71,72,71.5",21.4,63.7,79.94,GMCC SZ59C1H,18,1
410,410100867049770790410,"46.5,56.5,59,61,62.5,63,64.5,65",18.4,59.55,75.69,GMCC SZ59C1H,18,1
410,410100867049765920410,"55,60,64.5,67,68,69,69.5,70.5,71",18.2,59.27,75.41,GMCC SZ59C1H,18,1
410,410100867049768320410,"51,54.5,60.5,62.5,63.5,64,64.5",15.9,56.09,72.15,GMCC SZ59C1H,18,1
410,410100867049770730410,"55.5,59.5,66,66.5,65.5,67,66.5,68.5",19.6,61.21,77.39,GMCC SZ59C1H,18,1
410,410100867049810710410,"60,65,67,68.5,69,69.5,70,70.5,71,72",23.2,66.19,82.49,GMCC SZ59C1H,18,1
410,410100867049770670410,"59,63,64.5,66,67,66.5,68,68.5",19.6,61.21,77.39,GMCC SZ59C1H,18,1
410,410100867049766210410,"51.5,59,64.5,65,65.5,67,68.5",18.2,59.27,75.41,GMCC SZ59C1H,18,1
410,410100867049787020410,"61.5,68.5,72,71.5,72,73,74",20.8,62.87,79.09,GMCC SZ59C1H,18,1
410,410100867049791130410,"53,56,62,65,67,68,69.5,68,69.5,70",19.0,60.38,76.54,GMCC SZ59C1H,18,1
410,410100867049770870410,"53,57,62.5,66.5,68.5,69,69.5",19.6,61.21,77.39,GMCC SZ59C1H,18,1
410,410100867049767800410,"51,57.5,61,66,66.5,67,66.5",18.1,59.13,75.27,GMCC SZ59C1H,18,1
410,410100867049790420410,"57,64.5,67.5,68,70,70.5,71.5",20.0,61.76,77.96,GMCC SZ59C1H,18,1
410,410100867049770640410,"57,63.5,64.5,65,65.5,66,66.5,66,66.5",19.7,61.35,77.53,GMCC SZ59C1H,18,1
410,410100867049767130410,"50,50.5,55,57,59,60,60.5,61.5,62,62.5,63,63.5",16.7,57.19,73.28,GMCC SZ59C1H,18,1
410,410100867049788890410,"52.5,63.5,68,68.5,69.5,71,72",20.1,61.9,78.1,GMCC SZ59C1H,18,1
410,410100867049770600410,"52,55,59,61,62,63.5,64.5,65,65.5,66",19.7,61.35,77.53,GMCC SZ59C1H,18,1
410,410100867049770680410,"55.5,61,63,64,66.5,67,66",19.6,61.21,77.39,GMCC SZ59C1H,18,1
410,410100867049790010410,"59,65,68.5,70.5,71.5,72.5,71",20.3,62.18,78.38,GMCC SZ59C1H,18,1
410,410100867049770560410,"57,63,64.5,65.5,66,67,67.5,68",18.4,59.55,75.69,GMCC SZ59C1H,18,1
410,410100867049770480410,"57,58,63,64.5,65,64.5,65,65.5,66",19.8,61.49,77.67,GMCC SZ59C1H,18,1
410,410100867049811680410,"52.5,57.5,61.5,63.5,65.5,68,69,69.5",21.8,64.26,80.51,GMCC SZ59C1H,18,1
410,410100867049766460410,"54.5,60.5,63,65,66,65,66.5,67.5,68.5",18.2,59.27,75.41,GMCC SZ59C1H,18,1
410,410100867049773030410,"50.5,59.5,63,65.5,66,67,67.5",20.5,62.45,78.67,GMCC SZ59C1H,18,1
410,410100867049770440410,"55,63,64,67.5,68.5,69.5,69",18.4,59.55,75.69,GMCC SZ59C1H,18,1
410,410100867049810890410,"60.5,68.5,69.5,73,71.5,75.5,74,75,75.5",22.6,65.36,81.64,GMCC SZ59C1H,18,1
410,410100867049789940410,"59,66.5,69,71,71.5,72,72.5,74",20.5,62.45,78.67,GMCC SZ59C1H,18,1
410,410100867049770420410,"48.5,54.5,57,58.5,61.5,62.5,64,64.5,65.5",18.3,59.41,75.55,GMCC SZ59C1H,18,1
410,410100867049770400410,"50,57.5,62.5,63,64,65.5,66,65",18.4,59.55,75.69,GMCC SZ59C1H,18,1
410,410100867049768970410,"49,49.5,57.5,62,63.5,64.5,65.5,67",18.6,59.82,75.98,GMCC SZ59C1H,18,1
410,410100867049770360410,"55,61,63,64.5,66,65.5,66.5,67",18.4,59.55,75.69,GMCC SZ59C1H,18,1
410,410100867049770350410,"47,52,59,62,64,63.5,65,64.5",18.5,59.69,75.83,GMCC SZ59C1H,18,1
410,410100867049787960410,"55.5,64.5,66.5,70,70.5,70",20.5,62.45,78.67,GMCC SZ59C1H,18,1
410,410100867049766160410,"55,61,66,67,68,69",18.2,59.27,75.41,GMCC SZ59C1H,18,1
410,410100867049770280410,"46,51,58,61,62.5,63.5,64,65",18.4,59.55,75.69,GMCC SZ59C1H,18,1
410,410100867049775310410,"52,59,61,62,63,63.5,64.5,64",17.1,57.75,73.85,GMCC SZ59C1H,18,1
410,410100867049770270410,"50,57,61.5,62.5,63.5,64.5,65,65.5",18.5,59.69,75.83,GMCC SZ59C1H,18,1
410,410100867049775430410,"52.5,57,62,63.5,64,64.5,66",17.4,58.16,74.28,GMCC SZ59C1H,18,1
410,410100867049770260410,"53.5,61,64,65.5,66.5,67.5,68,68.5",17.9,58.85,74.98,GMCC SZ59C1H,18,1
410,410100261549687980410,"54,60,63,64.5,65,65.5,66,66.5,67,67.5,68",17.7,58.58,74.7,GMCC SZ59C1H,18,1
410,410100867049770210410,"53.5,60.5,63,63.5,65,66.5,67,67.5,67",18.4,59.55,75.69,GMCC SZ59C1H,18,1
410,410100867049771660410,"53.5,60,63.5,65.5,66.5,67.5,68,68.5",18.4,59.55,75.69,GMCC SZ59C1H,18,1
410,410100867049772970410,"58,64,67,68,68.5,70,71,70",20.6,62.59,78.81,GMCC SZ59C1H,18,1
410,410100867049770180410,"51.5,57.5,60.5,62,61.5,62.5,64,64.5,65.5",18.5,59.69,75.83,GMCC SZ59C1H,18,1
410,410100867049791430410,"56.5,62,65.5,66,65.5,67.5,66,67,69",18.6,59.82,75.98,GMCC SZ59C1H,18,1
410,410100867049790180410,"56,69.5,71.5,73,73.5",20.2,62.04,78.24,GMCC SZ59C1H,18,1
410,410100867049767970410,"50.5,54,59,61,63,64,64.5,65,65.5,66",16.0,56.22,72.29,GMCC SZ59C1H,18,1
410,410100867049770160410,"51,63.5,64,66,66.5,67",18.3,59.41,75.55,GMCC SZ59C1H,18,1
410,410100867049770150410,"54.5,60,64,66,67,68,69.5,68.5",17.9,58.85,74.98,GMCC SZ59C1H,18,1
410,410100867049812130410,"59,67.5,69.5,71,72.5,72,72.5,74",21.4,63.7,79.94,GMCC SZ59C1H,18,1
410,410100867049771100410,"54.5,60.5,63.5,65.5,67,69,70.5",19.5,61.07,77.25,GMCC SZ59C1H,18,1
410,410100867049767380410,"49.5,54.5,59.5,61.5,62,63,64",17.1,57.75,73.85,GMCC SZ59C1H,18,1
410,410100867049788100410,"55.5,60,65.5,67,68,68.5,69.5,71",19.6,61.21,77.39,GMCC SZ59C1H,18,1
410,410100867049770100410,"49.5,58,61.5,64.5,67,66.5,67",18.4,59.55,75.69,GMCC SZ59C1H,18,1
410,410100867049771130410,"52,58.5,62,63.5,65.5,66.5,66,67.5",19.4,60.93,77.11,GMCC SZ59C1H,18,1
410,410100867049770010410,"52.5,59.5,64,65,66.5,68,69",18.1,59.13,75.27,GMCC SZ59C1H,18,1
410,410100867049770000410,"54,61,64,65,66.5,67.5,69,67.5",18.1,59.13,75.27,GMCC SZ59C1H,18,1
410,410100867049770460410,"51,56,57,58,59,60,59.5",18.0,58.99,75.13,GMCC SZ59C1H,18,1
410,410100867049810720410,"58.5,61.5,69,70.5,72,73,73.5",22.9,65.78,82.06,GMCC SZ59C1H,18,1
410,410100867049789770410,"57.5,67,69.5,71,71.5,70.5,72,73,72",20.2,62.04,78.24,GMCC SZ59C1H,18,1
410,410100867049767670410,"53,60.5,62.5,63.5,64.5,65.5,66,66.5,67,68,68.5",17.0,57.61,73.71,GMCC SZ59C1H,18,1
410,410100867049769990410,"53,61.5,64.5,65,66,66.5,67,67.5,69",18.4,59.55,75.69,GMCC SZ59C1H,18,1
410,410100867049769970410,"52.5,60.5,64.5,66,67,68,69,68",17.9,58.85,74.98,GMCC SZ59C1H,18,1
410,410100867049767170410,"49.5,54,58.5,63,64,65.5,66",17.0,57.61,73.71,GMCC SZ59C1H,18,1
410,410100867049786760410,"55,60,63,66.5,67.5,68.5,69,71,72,71,71.5",21.2,63.42,79.66,GMCC SZ59C1H,18,1
410,410100867049769960410,"53,59.5,63,65,66.5,67,67.5,68.5,67.5",17.9,58.85,74.98,GMCC SZ59C1H,18,1
410,410100867049791170410,"57.5,62,67.5,67,68,70,71,71.5",18.9,60.24,76.4,GMCC SZ59C1H,18,1
410,410100867049769910410,"52,58,62,64,64.5,65,66.5,65.5",18.3,59.41,75.55,GMCC SZ59C1H,18,1
410,410100867049766600410,"52,64.5,65,65.5,66,67,67.5",18.6,59.82,75.98,GMCC SZ59C1H,18,1
410,410100867049774600410,"54,59,62.5,63,63.5,64.5,66",17.8,58.72,74.84,GMCC SZ59C1H,18,1
410,410100867049769820410,"55.5,62.5,65,67,66.5,68.5,69,68.5",17.9,58.85,74.98,GMCC SZ59C1H,18,1
410,410100867049769660410,"56,61,63.5,65,65.5,67,67.5,69,67",17.9,58.85,74.98,GMCC SZ59C1H,18,1
410,410100867049769760410,"51.5,58,61.5,64,64.5,65.5,67,66.5",18.0,58.99,75.13,GMCC SZ59C1H,18,1
410,410100867049770110410,"50.5,54,61.5,62.5,64,64.5",18.4,59.55,75.69,GMCC SZ59C1H,18,1
410,410100867049775290410,"52.5,57.5,62.5,65,65.5,66.5,67.5,67",17.4,58.16,74.28,GMCC SZ59C1H,18,1
410,410100867049787910410,"54,62,65,66.5,67,68,68.5,69,70",19.8,61.49,77.67,GMCC SZ59C1H,18,1
410,410100867049769690410,"50,55,56.5,57.5,58,58.5,59,59.5,60.5,61",17.9,58.85,74.98,GMCC SZ59C1H,18,1
410,410100867049772200410,"49.5,57,61,62,62.5,64.5,64",17.9,58.85,74.98,GMCC SZ59C1H,18,1
410,410100867049770750410,"55,62,65.5,67,67.5,69,68.5,68",19.6,61.21,77.39,GMCC SZ59C1H,18,1
410,410100867049770220410,"56,62.5,65,66.5,67,69,68",18.0,58.99,75.13,GMCC SZ59C1H,18,1
410,410100867049772810410,"53,60.5,63,65.5,67.5,68,68.5,69,69.5,70,71",20.4,62.32,78.52,GMCC SZ59C1H,18,1
410,410100867049769620410,"55.5,63,67.5,68.5,69.5,71,72,70.5",18.0,58.99,75.13,GMCC SZ59C1H,18,1
410,410100867049771650410,"52.5,58.5,61,63.5,64,65,66,65.5",18.4,59.55,75.69,GMCC SZ59C1H,18,1
410,410100867049769750410,"52,59,62.5,64.5,65,66,67,66.5",17.9,58.85,74.98,GMCC SZ59C1H,18,1
410,410100867049770610410,"53,60.5,62.5,65,66,67,66.5",19.7,61.35,77.53,GMCC SZ59C1H,18,1
410,410100867049766140410,"48,54,56.5,59,59.5,60.5,64,65",18.1,59.13,75.27,GMCC SZ59C1H,18,1
410,410100867049770200410,"55.5,62.5,64.5,65.5,66,67,67.5,67",18.4,59.55,75.69,GMCC SZ59C1H,18,1
410,410100867049769600410,"53,60.5,64,66.5,67.5,68.5,69.5,68",18.0,58.99,75.13,GMCC SZ59C1H,18,1
410,410100867049769560410,"51,52,56.5,61.5,62.5,63.5,64.5,65,67,68",18.0,58.99,75.13,GMCC SZ59C1H,18,1
410,410100867049775280410,"50,56,59.5,62,63.5,63,64,65",17.2,57.89,73.99,GMCC SZ59C1H,18,1
410,410100867049810910410,"50,52.5,57.5,61,63.5,65.5,67,68,68.5",22.9,65.78,82.06,GMCC SZ59C1H,18,1
410,410100867049769360410,"50,50.5,62,63.5,65.5,66,66.5,67.5,67,68.5",18.5,59.69,75.83,GMCC SZ59C1H,18,1
410,410100867049770190410,"56,62,65,66.5,67,68,70,69",17.9,58.85,74.98,GMCC SZ59C1H,18,1
410,410100867049769330410,"51,57,61.5,62,63,64,64.5",18.4,59.55,75.69,GMCC SZ59C1H,18,1
410,410100867049766040410,"49,58,60,62,63.5,64,65.5,66.5,67",18.2,59.27,75.41,GMCC SZ59C1H,18,1
410,410100867049775450410,"50,56,59,61.5,62,63.5,63",16.9,57.47,73.57,GMCC SZ59C1H,18,1
410,410100867049769310410,"57.5,60.5,62.5,63.5,64.5,63.5",18.4,59.55,75.69,GMCC SZ59C1H,18,1
410,410100867049775140410,"52.5,59,63,65,65.5,66.5,67,66",17.2,57.89,73.99,GMCC SZ59C1H,18,1
410,410100867049774540410,"53.5,58.5,61.5,63,64.5,66,65.5",17.9,58.85,74.98,GMCC SZ59C1H,18,1
410,410100867049790020410,"59.5,66,69,71.5,71,72,72.5,73.5",20.3,62.18,78.38,GMCC SZ59C1H,18,1
410,410100867049769300410,"52,59.5,62,63.5,64.5,65.5,67,66",18.4,59.55,75.69,GMCC SZ59C1H,18,1
410,410100867049774900410,"51.5,59,61,64.5,65,65.5,66.5",18.5,59.69,75.83,GMCC SZ59C1H,18,1
410,410100867049789410410,"54,61,65,65.5,67,67.5,68,69,68",20.4,62.32,78.52,GMCC SZ59C1H,18,1
410,410100867049788260410,"53,55,57.5,62.5,66,67,68.5,69.5",22.4,65.09,81.36,GMCC SZ59C1H,18,1
410,410100867049769270410,"53.5,61,63.5,65,65.5,66.5,67.5,67,67.5",18.5,59.69,75.83,GMCC SZ59C1H,18,1
410,410100867049769250410,"50,55.5,60.5,63,64,64.5,65,66.5",18.4,59.55,75.69,GMCC SZ59C1H,18,1
410,410100867049768660410,"53.5,58,60,61.5,62,62.5,63,62.5",15.8,55.95,72.01,GMCC SZ59C1H,18,1
410,410100867049770240410,"50,59.5,62.5,63.5,64,64.5,65.5,64.5,67",18.2,59.27,75.41,GMCC SZ59C1H,18,1
410,410100261549689240410,"50.5,56.5,60.5,62.5,63,65,65.5,66.5",19.6,61.21,77.39,GMCC SZ59C1H,18,1
410,410100867049769640410,"51.5,59,62.5,64,65,66,67,66.5",18.0,58.99,75.13,GMCC SZ59C1H,18,1
410,410100867049774200410,"53,60.5,62.5,64.5,66,66.5,67,68",17.9,58.85,74.98,GMCC SZ59C1H,18,1
410,410100867049766830410,"50,55,60.5,63,64,64.5,65,65.5",17.3,58.02,74.13,GMCC SZ59C1H,18,1
410,410100867049771170410,"53.5,60.5,64,64.5,65.5,65,67.5,66",19.4,60.93,77.11,GMCC SZ59C1H,18,1
410,410100867049769240410,"53.5,60,62,63,63.5,64.5,65.5,66",18.4,59.55,75.69,GMCC SZ59C1H,18,1
410,410100867049772210410,"50,57,60,61,62,63.5,64.5,63.5",17.4,58.16,74.28,GMCC SZ59C1H,18,1
410,410100867049769210410,"54.5,60.5,63,64.5,66,67,67.5,68.5,69",18.5,59.69,75.83,GMCC SZ59C1H,18,1
410,410100867049768780410,"53,59,63.5,65,65.5,66,67.5,66.5",18.7,59.96,76.12,GMCC SZ59C1H,18,1
410,410100867049769290410,"54,60.5,64,65.5,66.5,67,67.5,69",18.5,59.69,75.83,GMCC SZ59C1H,18,1
410,410100867049769630410,"53.5,65,66,67.5,68,69.5,67.5",17.9,58.85,74.98,GMCC SZ59C1H,18,1
410,410100867049771680410,"55,57,62,63.5,65",18.5,59.69,75.83,GMCC SZ59C1H,18,1
410,410100867049765770410,"52.5,60.5,64.5,66,67.5,68.5,69.5,70",18.3,59.41,75.55,GMCC SZ59C1H,18,1
410,410100867049770060410,"54,61,64,65.5,66,67,69,68",18.2,59.27,75.41,GMCC SZ59C1H,18,1
410,410100867049769200410,"50.5,56,57.5,60,62.5,63.5,64.5,65.5,67",18.5,59.69,75.83,GMCC SZ59C1H,18,1
410,410100867049769180410,"53.5,59.5,61.5,66,66.5,67,67.5,68,67.5",18.5,59.69,75.83,GMCC SZ59C1H,18,1
410,410100867049772690410,"54.5,60.5,66.5,67,68.5,69.5",20.5,62.45,78.67,GMCC SZ59C1H,18,1
410,410100867049769930410,"54.5,59.5,62.5,65.5,66.5,68,69",18.1,59.13,75.27,GMCC SZ59C1H,18,1
410,410100867049789980410,"59.5,64,67.5,68.5,70,70.5",20.5,62.45,78.67,GMCC SZ59C1H,18,1
410,410100867049786730410,"58.5,67,68,69.5,70,71.5,72",21.2,63.42,79.66,GMCC SZ59C1H,18,1
410,410100867049769130410,"49.5,51,56,60,62,62.5,63.5,64,65",18.4,59.55,75.69,GMCC SZ59C1H,18,1
410,410100867049770570410,"53.5,56.5,58.5,61.5,63.5,64,65.5,66,66.5,67",19.7,61.35,77.53,GMCC SZ59C1H,18,1
410,410100867049768260410,"48.5,52,57,59.5,60.5,61.5,62,62.5",15.7,55.81,71.87,GMCC SZ59C1H,18,1
410,410100867049788080410,"55,62,65.5,68.5,68,69.5,71,70",22.4,65.09,81.36,GMCC SZ59C1H,18,1
410,410100867049769380410,"50.5,56.5,61,63.5,65,65.5,66.5,68,69,68.5",18.4,59.55,75.69,GMCC SZ59C1H,18,1
410,410100867049769120410,"51.5,59,62,63.5,65,66,66.5,67.5",18.5,59.69,75.83,GMCC SZ59C1H,18,1
410,410100867049769110410,"46.5,53.5,57,58.5,59.5,60,60.5,61,61.5,62.5",18.4,59.55,75.69,GMCC SZ59C1H,18,1
410,410100867049769090410,"50.5,54.5,56,62,65,66,67.5",18.4,59.55,75.69,GMCC SZ59C1H,18,1
410,410100867049775000410,"51.5,59,64,64.5,65,65.5,65,66,66.5,67,67.5,68,68.5,69",17.5,58.3,74.42,GMCC SZ59C1H,18,1
410,410100867049788150410,"52.5,61,63.5,65,67,68,67.5",19.6,61.21,77.39,GMCC SZ59C1H,18,1
410,410100867049769050410,"52,58.5,64.5,65.5,67,68.5,67.5",18.8,60.1,76.26,GMCC SZ59C1H,18,1
410,410100867049769040410,"50.5,62.5,63.5,64.5,65,65.5,66.5",18.5,59.69,75.83,GMCC SZ59C1H,18,1
410,410100867049789710410,"48.5,55.5,60.5,64,65.5,66.5,67.5,68.5",19.7,61.35,77.53,GMCC SZ59C1H,18,1
410,410100867049769030410,"54,59,61,63,63.5,64.5,65.5,67,66.5,65.5",18.5,59.69,75.83,GMCC SZ59C1H,18,1
410,410100867049768490410,"43.5,50,53,55,57.5,59,58.5,59.5",15.7,55.81,71.87,GMCC SZ59C1H,18,1
410,410100867049771400410,"50,55.5,62.5,64,65,66,66.5,66",19.2,60.65,76.82,GMCC SZ59C1H,18,1
410,410100867049811750410,"67.5,70,70.5,71.5,72.5,73.5,74,73.5,74,75",21.6,63.98,80.22,GMCC SZ59C1H,18,1
410,410100867049773900410,"52.5,58.5,61.5,64.5,65,66,67,66,65.5",18.3,59.41,75.55,GMCC SZ59C1H,18,1
410,410100867049770660410,"45,49,53,55.5,60.5,61.5,63,63.5",18.4,59.55,75.69,GMCC SZ59C1H,18,1
410,410100867049770530410,"48,58.5,63,64.5,66,65.5,66,67,68",19.8,61.49,77.67,GMCC SZ59C1H,18,1
410,410100867049771430410,"47.5,53.5,58.5,62.5,63,63.5,64,64.5,66",19.2,60.65,76.82,GMCC SZ59C1H,18,1
410,410100867049769000410,"49,55,58,60.5,61,62,64.5,65",18.5,59.69,75.83,GMCC SZ59C1H,18,1
410,410100867049769530410,"53,54.5,59,61.5,63.5,65,65.5,67,67.5,68",18.1,59.13,75.27,GMCC SZ59C1H,18,1
410,410100867049768950410,"52,63.5,65,66.5,67,67.5,68,68.5",18.5,59.69,75.83,GMCC SZ59C1H,18,1
410,410100867049770830410,"46,53.5,63,63.5,64.5,67,66.5,65.5",19.6,61.21,77.39,GMCC SZ59C1H,18,1
410,410100867049790310410,"58,64.5,66.5,67,68,69.5",20.0,61.76,77.96,GMCC SZ59C1H,18,1
410,410100867049767400410,"54.5,60.5,64.5,65.5,67,68,69,68",16.9,57.47,73.57,GMCC SZ59C1H,18,1
410,410100867049812310410,"58,65.5,67,69,70,71,72",21.4,63.7,79.94,GMCC SZ59C1H,18,1
410,410100867049768920410,"53,60.5,63.5,65,66,66.5,68,67",18.5,59.69,75.83,GMCC SZ59C1H,18,1
410,410100867049772630410,"53.5,61,64,66.5,68.5,70.5",20.6,62.59,78.81,GMCC SZ59C1H,18,1
410,410100867049768900410,"53.5,59.5,63,63.5,64,65,66,65",15.9,56.09,72.15,GMCC SZ59C1H,18,1
410,410100867049774790410,"53.5,60,63.5,64.5,65,66.5,66",17.7,58.58,74.7,GMCC SZ59C1H,18,1
410,410100867049787880410,"56.5,63.5,66.5,68,68.5,69.5,70,71",20.0,61.76,77.96,GMCC SZ59C1H,18,1
410,410100867049769570410,"53,63.5,64,65,66.5,67,67.5,68,67.5",18.1,59.13,75.27,GMCC SZ59C1H,18,1
410,410100867049789120410,"56,63,66.5,68.5,69.5,71,71.5",20.0,61.76,77.96,GMCC SZ59C1H,18,1
410,410100867049768870410,"52.5,56,59.5,62.5,64,65.5,67.5,68,68.5,69",18.7,59.96,76.12,GMCC SZ59C1H,18,1
410,410100867049767730410,"49,54,56.5,58.5,61,62,63.5,64",16.1,56.36,72.44,GMCC SZ59C1H,18,1
410,410100867049768840410,"54,57,59.5,63.5,64.5,65.5,66,66.5,67,67.5",18.5,59.69,75.83,GMCC SZ59C1H,18,1
410,410100867049768810410,"51,58,61.5,66.5,67,67.5",18.5,59.69,75.83,GMCC SZ59C1H,18,1
410,410100867049769190410,"54,62,64,65.5,67,68,69,69.5,69",18.5,59.69,75.83,GMCC SZ59C1H,18,1
410,410100867049770040410,"53.5,56.5,59.5,63,64.5,64,65,66,66.5",18.3,59.41,75.55,GMCC SZ59C1H,18,1
410,410100867049768790410,"52,59.5,62.5,65,66,66.5,68,69",18.8,60.1,76.26,GMCC SZ59C1H,18,1
410,410100867049787200410,"56.5,64.5,68,68.5,69.5,70,70.5,71,72,72.5",20.7,62.73,78.95,GMCC SZ59C1H,18,1
410,410100867049768720410,"51.5,58.5,62.5,63.5,65,65.5,67,66.5",18.7,59.96,76.12,GMCC SZ59C1H,18,1
410,410100867049767990410,"51,54,59,61.5,63,63.5,64,63.5,64.5",16.1,56.36,72.44,GMCC SZ59C1H,18,1
410,410100867049766450410,"52.5,61,62.5,66.5,67.5,69,67",17.3,58.02,74.13,GMCC SZ59C1H,18,1
410,410100867049768670410,"52.5,59,63,64,64.5,65.5,65,66,66.5",18.8,60.1,76.26,GMCC SZ59C1H,18,1
410,410100867049768650410,"51.5,58,63.5,65,66,66.5,67,66.5",18.8,60.1,76.26,GMCC SZ59C1H,18,1
410,410100867049789010410,"54.5,62.5,66,67.5,68.5,70,69.5,71",20.0,61.76,77.96,GMCC SZ59C1H,18,1
410,410100867049768590410,"50,63,64.5,66,68.5,68,67.5,69,68",18.8,60.1,76.26,GMCC SZ59C1H,18,1
410,410100867049787370410,"58,65.5,67,67.5,68.5,69,70,70.5",20.6,62.59,78.81,GMCC SZ59C1H,18,1
410,410100867049789890410,"50,58,62.5,65,66,67.5,66.5,67",19.7,61.35,77.53,GMCC SZ59C1H,18,1
410,410100867049787430410,"52,60,66.5,67.5,68.5,69.5,69",20.5,62.45,78.67,GMCC SZ59C1H,18,1
410,410100867049769800410,"59,62.5,66,67,68,68.5,70,69",18.1,59.13,75.27,GMCC SZ59C1H,18,1
410,410100867049768560410,"50,56,59.5,60.5,61.5,62.5,62",15.7,55.81,71.87,GMCC SZ59C1H,18,1
410,410100867049787820410,"60,65.5,67.5,69,70.5,71,71.5,72.5",20.1,61.9,78.1,GMCC SZ59C1H,18,1
410,410100867049768530410,"54.5,60.5,63.5,64,65,66,65.5",18.8,60.1,76.26,GMCC SZ59C1H,18,1
410,410100867049775120410,"49,56.5,61.5,64,65.5,66,65.5",17.2,57.89,73.99,GMCC SZ59C1H,18,1
410,410100867049768710410,"50,56,59,61,62.5,63.5,64,64.5,65.5,66",18.6,59.82,75.98,GMCC SZ59C1H,18,1
410,410100867049768510410,"53.5,54,56.5,57.5,64,64.5,65",15.9,56.09,72.15,GMCC SZ59C1H,18,1
410,410100867049789020410,"56,66,68.5,70.5,71,72.5,72",20.0,61.76,77.96,GMCC SZ59C1H,18,1
410,410100867049772870410,"56,60.5,65.5,67.5,68.5,69.5,70,71,71.5,72",20.2,62.04,78.24,GMCC SZ59C1H,18,1
410,410100867049768430410,"54.5,59,62,63,64,64.5,65.5,65",16.0,56.22,72.29,GMCC SZ59C1H,18,1
410,410100867049768420410,"53.5,59.5,64.5,65.5,67,67.5,67",15.9,56.09,72.15,GMCC SZ59C1H,18,1
410,410100867049768400410,"55,61.5,65,65.5,66.5,67.5,66.5",16.0,56.22,72.29,GMCC SZ59C1H,18,1
410,410100867049768390410,"52,59.5,66,65,66,67.5,67,67.5,68",18.2,59.27,75.41,GMCC SZ59C1H,18,1
410,410100867049771450410,"45.5,52,57,60,61,62,63.5,63",19.2,60.65,76.82,GMCC SZ59C1H,18,1
410,410100867049767250410,"51,54.5,58,60,63,63.5,64.5,65.5,66.5",16.7,57.19,73.28,GMCC SZ59C1H,18,1
410,410100867049770580410,"53.5,57.5,60,62,65,65.5,66.5,68.5,69,69.5",19.7,61.35,77.53,GMCC SZ59C1H,18,1
410,410100867049770130410,"51.5,59,63,63.5,64,65,65.5,66.5,67",18.3,59.41,75.55,GMCC SZ59C1H,18,1
410,410100867049774360410,"53,60.5,64,65.5,67,67.5,68,66.5",17.8,58.72,74.84,GMCC SZ59C1H,18,1
410,410100867049768380410,"49,56,60.5,64,64.5,64,65.5,64.5",18.1,59.13,75.27,GMCC SZ59C1H,18,1
410,410100867049775080410,"52,59,64,65,66.5,67,68.5,69",17.2,57.89,73.99,GMCC SZ59C1H,18,1
410,410100867049787070410,"57,64,68.5,70.5,71,71.5,72.5,72",20.8,62.87,79.09,GMCC SZ59C1H,18,1
410,410100867049768330410,"53.5,56,63,65.5,66.5,67.5,68,67",18.2,59.27,75.41,GMCC SZ59C1H,18,1
410,410100867049768310410,"45,48,51.5,54.5,57,59,60,60.5,61,61.5,62",15.7,55.81,71.87,GMCC SZ59C1H,18,1
410,410100867049774300410,"50,57,61,64.5,63.5,64.5,65.5,66",17.8,58.72,74.84,GMCC SZ59C1H,18,1
410,410100867049788780410,"57,62,66,67,68,68.5,69,69.5",19.2,60.65,76.82,GMCC SZ59C1H,18,1
410,410100867049812370410,"59.5,68,68.5,69.5,70.5,71.5,73,71.5",21.6,63.98,80.22,GMCC SZ59C1H,18,1
410,410100867049770080410,"52.5,55.5,59,62.5,64,65,65.5,66,67",18.3,59.41,75.55,GMCC SZ59C1H,18,1
410,410100867049766710410,"52,60,65.5,65,65.5,66,66.5,68.5",17.1,57.75,73.85,GMCC SZ59C1H,18,1
410,410100867049768290410,"45,47.5,52,55.5,57,58.5,59,60",15.7,55.81,71.87,GMCC SZ59C1H,18,1
410,410100867049811130410,"55.5,63,69,70,71.5,72.5,72,73,74",22.4,65.09,81.36,GMCC SZ59C1H,18,1
410,410100867049770970410,"51.5,58.5,63,64.5,65,66.5,67.5,68",19.4,60.93,77.11,GMCC SZ59C1H,18,1
410,410100867049775270410,"52,58.5,62,63.5,65,66,69,67.5",17.2,57.89,73.99,GMCC SZ59C1H,18,1
410,410100867049768280410,"49,52.5,57.5,59,59.5,59,59.5,60.5,61,62.5",15.8,55.95,72.01,GMCC SZ59C1H,18,1
410,410100867049775190410,"51.5,58.5,62,62.5,64,64.5,66,65.5",17.2,57.89,73.99,GMCC SZ59C1H,18,1
410,410100867049791520410,"53,54.5,59.5,62,65.5,66,66.5,67,67.5",18.7,59.96,76.12,GMCC SZ59C1H,18,1
410,410100867049766640410,"49,60,63.5,65,67.5,68.5,69,68.5,69.5",18.7,59.96,76.12,GMCC SZ59C1H,18,1
410,410100867049772070410,"52.5,60.5,63.5,64.5,65,66,66.5,67,68",17.9,58.85,74.98,GMCC SZ59C1H,18,1
410,410100867049788190410,"53.5,64.5,68,69.5,71,71.5,71",19.6,61.21,77.39,GMCC SZ59C1H,18,1
410,410100867049768060410,"54.5,58.5,63,64.5,65.5,67,66.5",15.8,55.95,72.01,GMCC SZ59C1H,18,1
410,410100867049768980410,"54,59,63,65,68,67",18.5,59.69,75.83,GMCC SZ59C1H,18,1
410,410100867049772880410,"51.5,59.5,63.5,66.5,68.5,69.5",20.3,62.18,78.38,GMCC SZ59C1H,18,1
410,410100867049766610410,"54.5,55,56,59,60.5,62,63.5,64.5,65.5,65,65.5,66,67,66.5,67.5,67,67.5,68,67.5,68,67",17.1,57.75,73.85,GMCC SZ59C1H,18,1
410,410100867049766220410,"55,62,63.5,64.5,65.5,66,67,68,69,68.5",18.2,59.27,75.41,GMCC SZ59C1H,18,1
410,410100867049773580410,"53.5,62.5,65.5,67.5,68,67.5,68",18.7,59.96,76.12,GMCC SZ59C1H,18,1
410,410100867049786830410,"54,59.5,65,69,70.5,71.5,72,73",21.0,63.15,79.37,GMCC SZ59C1H,18,1
410,410100867049766590410,"49.5,57,60,60.5,63.5,64,64.5,65.5,66,65.5",17.2,57.89,73.99,GMCC SZ59C1H,18,1
410,410100867049767040410,"53.5,60,62.5,63.5,64.5,65.5,66,66.5",17.0,57.61,73.71,GMCC SZ59C1H,18,1
410,410100867049787230410,"54,63,64,68,69,69.5,70,71",20.7,62.73,78.95,GMCC SZ59C1H,18,1
410,410100867049787160410,"57,65.5,69.5,70,71,72.5,73.5,72.5",20.8,62.87,79.09,GMCC SZ59C1H,18,1
410,410100867049770410410,"52,53,58,60,62.5,63,64.5,65,66.5,67,67.5",18.3,59.41,75.55,GMCC SZ59C1H,18,1
410,410100261549689000410,"54.5,62,65.5,67.5,68,70,69.5",19.6,61.21,77.39,GMCC SZ59C1H,18,1
410,410100867049766700410,"52,59.5,61.5,62.5,63.5,64.5,65",17.1,57.75,73.85,GMCC SZ59C1H,18,1
410,410100867049766660410,"48.5,55.5,59.5,61.5,62.5,63.5,65,65.5",17.1,57.75,73.85,GMCC SZ59C1H,18,1
410,410100867049771290410,"53,60,62.5,64.5,66,66.5,67,68.5",19.5,61.07,77.25,GMCC SZ59C1H,18,1
410,410100867049766580410,"55,63.5,64,65.5,66.5,67.5,68",17.4,58.16,74.28,GMCC SZ59C1H,18,1
410,410100867049766570410,"55,61.5,64,68,69,69.5,69",17.3,58.02,74.13,GMCC SZ59C1H,18,1
410,410100867049771220410,"51.5,56,57,62,63,65,66",19.4,60.93,77.11,GMCC SZ59C1H,18,1
410,410100867049811830410,"60.5,65.5,67,70,70.5,72,73,73.5",22.9,65.78,82.06,GMCC SZ59C1H,18,1
410,410100867049766520410,"51.5,58,59.5,62,64,64.5,66,65",18.2,59.27,75.41,GMCC SZ59C1H,18,1
410,410100867049789960410,"55,62.5,66.5,69,69.5,71,72,70.5",20.5,62.45,78.67,GMCC SZ59C1H,18,1
410,410100867049766030410,"56.5,61.5,63,65,66,67,66",18.2,59.27,75.41,GMCC SZ59C1H,18,1
410,410100867049767530410,"53.5,59,62.5,64,63.5,65.5,66,67.5,66",16.5,56.92,73.0,GMCC SZ59C1H,18,1
410,410100867049771840410,"50,53,59.5,62,63,63.5,64.5,65.5,66",18.1,59.13,75.27,GMCC SZ59C1H,18,1
410,410100867049766500410,"51,59,62.5,63,64.5,65.5,66.5,66",18.1,59.13,75.27,GMCC SZ59C1H,18,1
410,410100867049775510410,"52.5,60.5,63.5,65,65.5,66.5,67,66.5",17.3,58.02,74.13,GMCC SZ59C1H,18,1
410,410100261549689250410,"52,59,63,65,64,65,66,65.5,66.5,66",17.4,58.16,74.28,GMCC SZ59C1H,18,1
410,410100867049787680410,"57.5,65,67,67.5,69,70.5,70",20.1,61.9,78.1,GMCC SZ59C1H,18,1
410,410100867049789420410,"57.5,65,69,68.5,70.5,71,71.5,72",20.0,61.76,77.96,GMCC SZ59C1H,18,1
410,410100867049769870410,"52,58.5,63.5,65.5,67.5,68.5,68,68.5,69",17.9,58.85,74.98,GMCC SZ59C1H,18,1
410,410100867049787740410,"54.5,60.5,64,65.5,66.5,67,67.5,69",20.2,62.04,78.24,GMCC SZ59C1H,18,1
410,410100867049768110410,"52,57.5,61.5,63.5,65,66,65.5",15.8,55.95,72.01,GMCC SZ59C1H,18,1
410,410100867049769650410,"51,57,61.5,63,64.5,65.5,66,66.5",17.9,58.85,74.98,GMCC SZ59C1H,18,1
410,410100867049787760410,"55.5,64,67,69,70.5,71.5,71",20.1,61.9,78.1,GMCC SZ59C1H,18,1
410,410100261549687740410,"52.5,58.5,62,63.5,64.5,65,66,67",17.3,58.02,74.13,GMCC SZ59C1H,18,1
410,410100867049766250410,"47,53.5,60,61.5,63.5,66,64.5",18.1,59.13,75.27,GMCC SZ59C1H,18,1
410,410100867049771010410,"55.5,60.5,63.5,64,66.5,67,68,67.5",19.5,61.07,77.25,GMCC SZ59C1H,18,1
410,410100867049790820410,"62.5,69,70,71,72.5,73.5,72.5",20.3,62.18,78.38,GMCC SZ59C1H,18,1
410,410100867049766470410,"52.5,59,62,63.5,64,65,66,66.5,67",17.3,58.02,74.13,GMCC SZ59C1H,18,1
410,410100867049767680410,"50.5,51.5,52.5,52,59,58.5,59.5,61.5,62,62.5",16.7,57.19,73.28,GMCC SZ59C1H,18,1
410,410100867049769260410,"48,57.5,62,64,65.5,66.5,66,67",18.5,59.69,75.83,GMCC SZ59C1H,18,1
410,410100867049765860410,"56,60.5,63,64.5,65.5,66,67.5,68.5,68",18.2,59.27,75.41,GMCC SZ59C1H,18,1
410,410100867049769740410,"53.5,59.5,64.5,66,67,67.5,68,67.5",17.9,58.85,74.98,GMCC SZ59C1H,18,1
410,410100867049766230410,"54,59.5,63,64.5,65.5,66,66.5,67,67.5",18.6,59.82,75.98,GMCC SZ59C1H,18,1
410,410100867049769150410,"46.5,58.5,60.5,62,62.5,63.5,64.5,65",18.4,59.55,75.69,GMCC SZ59C1H,18,1
410,410100261549669310410,"54,61.5,64.5,66.5,67.5,68,69,70,71",17.3,58.02,74.13,GMCC SZ59C1H,18,1
410,410100867049774290410,"50.5,58,62.5,64,65,66,67,67.5",17.8,58.72,74.84,GMCC SZ59C1H,18,1
410,410100867049768640410,"49,55.5,59,60,62,62.5,64,62.5",15.7,55.81,71.87,GMCC SZ59C1H,18,1
410,410100867049767650410,"51,59,63,63.5,64.5,65,65.5,66",16.5,56.92,73.0,GMCC SZ59C1H,18,1
410,410100867049766110410,"53,58.5,64,66.5,67.5,68.5,70,69",18.2,59.27,75.41,GMCC SZ59C1H,18,1
410,410100867049771800410,"51,55,63,64,65.5,66,67",18.1,59.13,75.27,GMCC SZ59C1H,18,1
410,410100867049768130410,"52,59,63,64,64.5,65,66.5,65.5",15.8,55.95,72.01,GMCC SZ59C1H,18,1
410,410100867049766200410,"56,62.5,67,67.5,68,69.5,69",18.2,59.27,75.41,GMCC SZ59C1H,18,1
410,410100867049765870410,"53.5,59.5,64,65.5,66.5,68,68.5",18.3,59.41,75.55,GMCC SZ59C1H,18,1
410,410100867049770250410,"54,59,63.5,65,66,66.5,67,67.5,68.5",17.9,58.85,74.98,GMCC SZ59C1H,18,1
410,410100867049766150410,"54,60,62,63,63.5,64,64.5,65.5",18.2,59.27,75.41,GMCC SZ59C1H,18,1
410,410100867049773730410,"52,56.5,59,62,64,65,66.5,67,67.5,68.5",18.5,59.69,75.83,GMCC SZ59C1H,18,1
410,410100867049766190410,"49,57,63.5,64,64.5,66,67,67.5",18.1,59.13,75.27,GMCC SZ59C1H,18,1
410,410100867049769350410,"52,55.5,63.5,64.5,65.5,66.5,68,66.5",18.4,59.55,75.69,GMCC SZ59C1H,18,1
410,410100867049812170410,"53.5,61,65.5,68,68.5,69.5,70,70.5,71",21.7,64.12,80.36,GMCC SZ59C1H,18,1
410,410100867049766790410,"55,59.5,62.5,63.5,64,64.5,65",17.1,57.75,73.85,GMCC SZ59C1H,18,1
410,410100867049772890410,"47.5,49,55,59.5,61,61.5,62,63,63.5",17.3,58.02,74.13,GMCC SZ59C1H,18,1
410,410100867049771330410,"52,62,64,66,66.5,67.5,68.5,67.5",19.3,60.79,76.97,GMCC SZ59C1H,18,1
410,410100867049767810410,"54,60,62.5,64,65,65.5,66",16.3,56.64,72.72,GMCC SZ59C1H,18,1
410,410100867049771230410,"53,60,62,63,64,64.5,65.5,65,66.5",19.4,60.93,77.11,GMCC SZ59C1H,18,1
410,410100867049769170410,"52,58.5,62,64,67,67.5",18.4,59.55,75.69,GMCC SZ59C1H,18,1
410,410100867049770020410,"52,55,58.5,65.5,64,66,65,67",17.9,58.85,74.98,GMCC SZ59C1H,18,1
410,410100867049787030410,"59,64,68.5,69,69.5,70.5,71",20.9,63.01,79.23,GMCC SZ59C1H,18,1
410,410100867049768940410,"55,63,65,66,67,68,68.5,69,68.5",18.7,59.96,76.12,GMCC SZ59C1H,18,1
410,410100867049766320410,"53,52.5,56.5,59.5,63,62.5,64,65,65.5",18.1,59.13,75.27,GMCC SZ59C1H,18,1
410,410100867049768410410,"56,60,63,64,64.5,65.5,67,65.5",16.1,56.36,72.44,GMCC SZ59C1H,18,1
410,410100867049773720410,"54,57,59,63.5,65,67.5,68,68.5",18.5,59.69,75.83,GMCC SZ59C1H,18,1
410,410100867049767540410,"50,56.5,61,63.5,64,65,65.5,64.5",16.4,56.78,72.86,GMCC SZ59C1H,18,1
410,410100867049765970410,"54.5,59,65.5,67,68.5,69,68.5,69,70",18.2,59.27,75.41,GMCC SZ59C1H,18,1
410,410100867049787810410,"56.5,64.5,68,69,69.5,70,70.5,72,71.5",20.0,61.76,77.96,GMCC SZ59C1H,18,1
410,410100867049766070410,"55.5,63.5,65,65.5,66.5,67.5,68,67",18.2,59.27,75.41,GMCC SZ59C1H,18,1
410,410100867049765930410,"52,57.5,62.5,65,65.5,66.5,68",18.3,59.41,75.55,GMCC SZ59C1H,18,1
410,410100867049768540410,"51.5,56,59.5,62.5,63.5,63,64,65,65.5",15.9,56.09,72.15,GMCC SZ59C1H,18,1
410,410100867049768990410,"55.5,58,63,64.5,65.5,66.5,67,67.5,68,68.5",18.5,59.69,75.83,GMCC SZ59C1H,18,1
410,410100261549687940410,"49.5,56,59,60.5,62,63,63.5,64,65,64.5",17.5,58.3,74.42,GMCC SZ59C1H,18,1
410,410100867049771700410,"53,57.5,60.5,63,64,64.5,65.5",18.4,59.55,75.69,GMCC SZ59C1H,18,1
410,410100867049770810410,"56,58,60,64,65,66,66.5,68,68.5",19.7,61.35,77.53,GMCC SZ59C1H,18,1
410,410100867049788610410,"51.5,58.5,62,65,65.5,66,67,67.5,69",19.0,60.38,76.54,GMCC SZ59C1H,18,1
410,410100867049766180410,"59.5,62.5,63,63.5,65,66,67,66.5",18.2,59.27,75.41,GMCC SZ59C1H,18,1
410,410100867049786990410,"55.5,60,68,70,71.5,72,73,73.5,74,74.5",20.9,63.01,79.23,GMCC SZ59C1H,18,1
410,410100867049769100410,"55,58,62,65.5,66,67,67.5,68,69",18.6,59.82,75.98,GMCC SZ59C1H,18,1
410,410100867049766510410,"52.5,61,61.5,62.5,63.5,65,64,66.5,65,65.5",17.2,57.89,73.99,GMCC SZ59C1H,18,1
410,410100867049765910410,"54,63,64.5,65,65.5,67.5,68",18.4,59.55,75.69,GMCC SZ59C1H,18,1
410,410100867049765900410,"51.5,56,59,60.5,63.5,64,65,66,67.5",18.3,59.41,75.55,GMCC SZ59C1H,18,1
410,410100867049767760410,"53,54.5,58.5,62,66,66.5,68,68.5,69,68.5,69.5",16.5,56.92,73.0,GMCC SZ59C1H,18,1
410,410100867049765890410,"54,61,63,63.5,64.5,65,65.5,66,66.5,67",18.3,59.41,75.55,GMCC SZ59C1H,18,1
410,410100867049773290410,"54,60,62,67,67.5,68,68.5,68",20.1,61.9,78.1,GMCC SZ59C1H,18,1
410,410100261549688590410,"50,57,62,64.5,66.5,66,68,67",19.5,61.07,77.25,GMCC SZ59C1H,18,1
410,410100867049771630410,"51.5,54.5,57.5,61,62,64.5,65.5,66",18.4,59.55,75.69,GMCC SZ59C1H,18,1
410,410100867049788680410,"59,66.5,67.5,69.5,69,69.5,71,70",19.2,60.65,76.82,GMCC SZ59C1H,18,1
410,410100867049765960410,"57,63.5,66,66.5,67.5,68,69,68.5",18.2,59.27,75.41,GMCC SZ59C1H,18,1
410,410100867049766810410,"53.5,60,62.5,63.5,65,65.5,66,65.5",17.0,57.61,73.71,GMCC SZ59C1H,18,1
410,410100867049811850410,"58.5,66.5,68,68.5,69,70.5,71,71.5,72,73",21.5,63.84,80.08,GMCC SZ59C1H,18,1
410,410100867049789370410,"55,63,66.5,67,68,68.5,69.5,70",20.0,61.76,77.96,GMCC SZ59C1H,18,1
410,410100867049772470410,"48.5,52.5,57.5,58,59.5,59,59.5,61.5",17.2,57.89,73.99,GMCC SZ59C1H,18,1
410,410100867049787280410,"56.5,64.5,67,69,70,70.5,71,72",20.6,62.59,78.81,GMCC SZ59C1H,18,1
410,410100867049771420410,"48,60.5,63.5,66,67,66,66.5,67.5",19.2,60.65,76.82,GMCC SZ59C1H,18,1
410,410100867049788420410,"54.5,61,64,65,66,66.5,67.5,68,67,68.5",19.5,61.07,77.25,GMCC SZ59C1H,18,1
410,410100867049770230410,"50.5,52.5,55,60.5,62,63,64.5,65.5,66",18.0,58.99,75.13,GMCC SZ59C1H,18,1
410,410100261549687910410,"56,63,65.5,67,67.5,68,69,69.5,70",20.1,61.9,78.1,GMCC SZ59C1H,18,1
410,410100867049789280410,"58.5,65,68,69,69.5,70,71,69.5",19.9,61.62,77.82,GMCC SZ59C1H,18,1
410,410100867049768800410,"51.5,58.5,61.5,65,64,65,65.5,66.5,67,68",18.6,59.82,75.98,GMCC SZ59C1H,18,1
410,410100867049769710410,"51,58,61.5,63.5,65.5,66,67,66",17.9,58.85,74.98,GMCC SZ59C1H,18,1
410,410100867049789350410,"56,60,65,67,68,69,70,71,70.5",19.9,61.62,77.82,GMCC SZ59C1H,18,1
410,410100867049766170410,"49.5,57,62,65,66.5,67.5,68.5,68",18.1,59.13,75.27,GMCC SZ59C1H,18,1
410,410100867049812270410,"53,55.5,60,66,68.5,70.5,71,72,73",21.6,63.98,80.22,GMCC SZ59C1H,18,1
410,410100867049773440410,"48,55.5,61,63.5,64,65.5,67.5,66.5",19.4,60.93,77.11,GMCC SZ59C1H,18,1
410,410100867049786940410,"56.5,65.5,69,70,71,72,72.5,73",21.3,63.56,79.8,GMCC SZ59C1H,18,1
410,410100867049767490410,"49,57.5,60.5,62.5,63.5,64,66,65.5",16.5,56.92,73.0,GMCC SZ59C1H,18,1
410,410100867049790540410,"57.5,64,67,66.5,69,68.5,70,71,70",19.8,61.49,77.67,GMCC SZ59C1H,18,1
410,410100867049768730410,"51,59,62.5,64.5,65.5,66.5,67.5,66",18.7,59.96,76.12,GMCC SZ59C1H,18,1
410,410100261549687950410,"53,60,62,63,64,65,64.5",17.5,58.3,74.42,GMCC SZ59C1H,18,1
410,410100867049769320410,"53.5,64,65.5,66,66.5,67.5",18.4,59.55,75.69,GMCC SZ59C1H,18,1
410,410100867049774130410,"53.5,60,63.5,65,66,66.5,68,67.5",18.3,59.41,75.55,GMCC SZ59C1H,18,1
410,410100867049769160410,"52.5,59,61.5,63,63.5,64,64.5,65,65.5",18.5,59.69,75.83,GMCC SZ59C1H,18,1
410,410100867049770070410,"53.5,58.5,63.5,66.5,67.5,69,67.5",18.2,59.27,75.41,GMCC SZ59C1H,18,1
410,410100867049767910410,"55,56,60.5,63,66,66.5,67.5,68.5,69.5,70",16.1,56.36,72.44,GMCC SZ59C1H,18,1
410,410100867049766430410,"54,63,65.5,68,68.5,69,69.5,68.5",18.2,59.27,75.41,GMCC SZ59C1H,18,1
410,410100867049769980410,"50.5,55,58.5,64.5,65,66,66.5,67.5",18.4,59.55,75.69,GMCC SZ59C1H,18,1
410,410100867049789660410,"53,60.5,64,65.5,66.5,67.5,69.5,69",20.0,61.76,77.96,GMCC SZ59C1H,18,1
410,410100867049768830410,"52.5,60,62,62.5,63.5,64,65,65.5,66,66.5",18.5,59.69,75.83,GMCC SZ59C1H,18,1
410,410100867049766240410,"48,53.5,56.5,58.5,60,62,63,64,64.5,65",18.1,59.13,75.27,GMCC SZ59C1H,18,1
410,410100867049789160410,"57,62.5,68.5,70,71.5,73,72.5,73.5",20.0,61.76,77.96,GMCC SZ59C1H,18,1
410,410100867049822850410,"54.5,57.5,61,65,67,70,71.5,72,72.5,73.5",23.5,66.61,82.91,GMCC SZ59C1H,18,1
410,410100867049767090410,"55,61,64,65,66,67,69,68.5",16.9,57.47,73.57,GMCC SZ59C1H,18,1
410,410100867049773270410,"49.5,56,63.5,65,66.5,67.5,68.5",19.7,61.35,77.53,GMCC SZ59C1H,18,1
410,410100867049771670410,"53,60.5,64.5,66,67,69,68",19.3,60.79,76.97,GMCC SZ59C1H,18,1
410,410100867049769510410,"51,52,57,62,64.5,66.5,68,67.5",18.1,59.13,75.27,GMCC SZ59C1H,18,1
410,410100867049766900410,"53,59.5,62,62.5,64,64.5,65.5,65,65.5",16.9,57.47,73.57,GMCC SZ59C1H,18,1
410,410100867049768180410,"50,51,54.5,60.5,63.5,64.5,64,64.5",16.1,56.36,72.44,GMCC SZ59C1H,18,1
410,410100867049768770410,"52.5,59.5,64,65,65.5,66.5,68,67,67.5",18.6,59.82,75.98,GMCC SZ59C1H,18,1
410,410100867049769890410,"52.5,61,64.5,66,67,67.5,68.5,68",17.9,58.85,74.98,GMCC SZ59C1H,18,1
410,410100261549688910410,"51.5,54.5,62.5,65,66,66.5,68.5,68",18.2,59.27,75.41,GMCC SZ59C1H,18,1
410,410100867049787780410,"56.5,64.5,69,70,71,71.5,72.5,72",20.1,61.9,78.1,GMCC SZ59C1H,18,1
410,410100867049788200410,"56,62.5,64,65,66,67.5,68,68.5,69,69.5",19.6,61.21,77.39,GMCC SZ59C1H,18,1
410,410100867049770930410,"55.5,63,65,66.5,67.5,68,67.5",19.7,61.35,77.53,GMCC SZ59C1H,18,1
410,410100867049774180410,"50.5,57.5,61,64,65,66,67,66",18.0,58.99,75.13,GMCC SZ59C1H,18,1
410,410100867049790350410,"59,64.5,68.5,70,71.5,73,74",19.9,61.62,77.82,GMCC SZ59C1H,18,1
410,410100867049773750410,"55,57.5,63.5,65,66.5,67,68,69,69.5",18.4,59.55,75.69,GMCC SZ59C1H,18,1
410,410100867049791230410,"54.5,59,64.5,67.5,68,69.5,71",19.7,61.35,77.53,GMCC SZ59C1H,18,1
410,410100867049775480410,"48.5,55,59,60.5,62.5,63,64.5,64",16.9,57.47,73.57,GMCC SZ59C1H,18,1
410,410100867049769790410,"56,62.5,63.5,65,67,67.5,68,69,68",18.1,59.13,75.27,GMCC SZ59C1H,18,1
410,410100867049766650410,"52,57,60.5,62.5,63.5,64.5,64,65,65.5",17.1,57.75,73.85,GMCC SZ59C1H,18,1
410,410100261549689080410,"51.5,59,63,65.5,65,66,67,69,68",18.3,59.41,75.55,GMCC SZ59C1H,18,1
410,410100867049765950410,"51,59,63.5,65,64.5,65.5,67,67.5",18.8,60.1,76.26,GMCC SZ59C1H,18,1
410,410100867049774980410,"49.5,57,62,63,64,64.5,65,65.5",17.9,58.85,74.98,GMCC SZ59C1H,18,1
410,410100261549669320410,"52,54,58,60.5,62,63,64,65,66,66.5",17.3,58.02,74.13,GMCC SZ59C1H,18,1
410,410100867049789500410,"49.5,50,52.5,54.5,55,57,58,58.5,59,60,60.5,61.5,62,62.5,62,62.5,63,63.5",19.9,61.62,77.82,GMCC SZ59C1H,18,1
410,410100867049769770410,"50.5,55,60,64,65.5,66.5,66,67,68",17.9,58.85,74.98,GMCC SZ59C1H,18,1
410,410100867049766630410,"55,61.5,63.5,64,65,66,67,68,68.5",18.6,59.82,75.98,GMCC SZ59C1H,18,1
410,410100867049788020410,"58,65,69,70.5,71,71.5,72,72.5,73",21.8,64.26,80.51,GMCC SZ59C1H,18,1
410,410100867049766750410,"52,57.5,59,62.5,63.5,64,64.5,65,65.5,66,66.5,67",17.1,57.75,73.85,GMCC SZ59C1H,18,1
410,410100867049810650410,"59,65.5,70.5,73.5,74.5,76,76.5",23.2,66.19,82.49,GMCC SZ59C1H,18,1
410,410100867049771000410,"53.5,60,64,65,66,67,67.5",19.4,60.93,77.11,GMCC SZ59C1H,18,1
410,410100867049767900410,"55,61.5,65.5,66.5,67,68,69",16.0,56.22,72.29,GMCC SZ59C1H,18,1
410,410100867049768450410,"57,62.5,66,68,67.5,69,69.5",15.9,56.09,72.15,GMCC SZ59C1H,18,1
410,410100867049772260410,"48.5,57,62,62.5,63.5,64,65,64.5",17.4,58.16,74.28,GMCC SZ59C1H,18,1
410,410100867049765880410,"53,60.5,64.5,66,67,66.5,67,68.5,68",18.2,59.27,75.41,GMCC SZ59C1H,18,1
410,410100867049810960410,"59,63.5,68,69.5,70,70.5,71,73.5,74.5",22.6,65.36,81.64,GMCC SZ59C1H,18,1
410,410100867049766090410,"54,60,64,65.5,66,66.5,67.5,68",18.2,59.27,75.41,GMCC SZ59C1H,18,1
410,410100867049812110410,"61,69,71.5,72,72.5,73,74,75",21.5,63.84,80.08,GMCC SZ59C1H,18,1
410,410100867049766100410,"53.5,61,64,65.5,65,65.5,66.5,67",18.2,59.27,75.41,GMCC SZ59C1H,18,1
410,410100867049812350410,"59.5,68,69,71,71.5,72,73,74",21.4,63.7,79.94,GMCC SZ59C1H,18,1
410,410100867049768860410,"53,56.5,60,63,64,65,66,67,67.5,68,69,69.5",18.5,59.69,75.83,GMCC SZ59C1H,18,1
410,410100867049787190410,"58.5,65,67.5,69,70,71,72,71.5,72.5",20.7,62.73,78.95,GMCC SZ59C1H,18,1
410,410100867049766550410,"52,58.5,61.5,62,62.5,63,63.5,64.5,65.5",17.1,57.75,73.85,GMCC SZ59C1H,18,1
410,410100867049768960410,"50.5,58,61,63,63.5,64.5,65,65.5,66.5",18.5,59.69,75.83,GMCC SZ59C1H,18,1
410,410100867049788090410,"58.5,64.5,66.5,67.5,68,69,70,69.5",19.6,61.21,77.39,GMCC SZ59C1H,18,1
410,410100867049768120410,"54,60.5,63.5,64.5,66,65",15.8,55.95,72.01,GMCC SZ59C1H,18,1
410,410100867049787380410,"56,62.5,63,65.5,66.5,68,68.5,69",20.7,62.73,78.95,GMCC SZ59C1H,18,1
410,410100261549688880410,"54.5,61.5,64,65.5,66.5,67,68,66.5",18.4,59.55,75.69,GMCC SZ59C1H,18,1
410,410100867049786860410,"53.5,57.5,60.5,65.5,67,68,69,70,70.5,71.5",21.1,63.29,79.52,GMCC SZ59C1H,18,1
410,410100867049771280410,"50.5,57.5,62,63.5,64.5,65.5,66.5,66",19.4,60.93,77.11,GMCC SZ59C1H,18,1
410,410100867049768610410,"50,56,58.5,60,61,61.5,62,61.5",15.7,55.81,71.87,GMCC SZ59C1H,18,1
410,410100867049772000410,"48.5,56.5,59,64,65.5,65,65.5",18.2,59.27,75.41,GMCC SZ59C1H,18,1
410,410100867049768270410,"49,54,59,61.5,62.5,62,64",15.8,55.95,72.01,GMCC SZ59C1H,18,1
410,410100867049766960410,"51,58,61.5,62.5,63.5,64,64.5,65.5",17.1,57.75,73.85,GMCC SZ59C1H,18,1
410,410100867049787060410,"57.5,66.5,68.5,69.5,72.5,72",20.8,62.87,79.09,GMCC SZ59C1H,18,1
410,410100261549669440410,"53,59,62.5,64,65,66,66.5,66,66.5",17.3,58.02,74.13,GMCC SZ59C1H,18,1
410,410100867049775300410,"53,59.5,63,65.5,66.5,67,66,66.5,67",17.2,57.89,73.99,GMCC SZ59C1H,18,1
410,410100867049771120410,"52,58.5,61,62.5,63,64,64.5,65,65.5,66.5,67.5",19.4,60.93,77.11,GMCC SZ59C1H,18,1
410,410100867049766130410,"52.5,58.5,61,63,64.5,64,64.5,65.5,66,66.5",18.1,59.13,75.27,GMCC SZ59C1H,18,1
410,410100867049768020410,"54.5,57,60,62,63,63.5,64,64.5,64,64.5",15.9,56.09,72.15,GMCC SZ59C1H,18,1
410,410100867049770170410,"54,60.5,62.5,63.5,64.5,66,65.5,65",18.4,59.55,75.69,GMCC SZ59C1H,18,1
410,410100867049772110410,"54,59.5,62.5,63.5,64.5,65,65.5,66.5",17.6,58.44,74.56,GMCC SZ59C1H,18,1
410,410100867049766940410,"51,58,63,65.5,66.5,67.5,68.5,67.5",17.1,57.75,73.85,GMCC SZ59C1H,18,1
410,410100867049767790410,"49,57.5,62,63,64.5,65.5,66,68",18.1,59.13,75.27,GMCC SZ59C1H,18,1
410,410100867049810830410,"58,67,68,69,70,72,72.5,73,74",22.7,65.5,81.78,GMCC SZ59C1H,18,1
410,410100867049770770410,"51.5,59,63,63.5,65,66,66.5,67.5",19.5,61.07,77.25,GMCC SZ59C1H,18,1
410,410100261549669600410,"51.5,55,57.5,60,61.5,62.5,63,63.5,64.5,64",17.3,58.02,74.13,GMCC SZ59C1H,18,1
410,410100867049770990410,"51.5,57.5,62,63,64.5,65,65.5,67",19.6,61.21,77.39,GMCC SZ59C1H,18,1
410,410100867049768850410,"51.5,60,64,65,67",18.5,59.69,75.83,GMCC SZ59C1H,18,1
410,410100867049772040410,"51,56,58.5,60,62,63,64,64.5,65,66",17.9,58.85,74.98,GMCC SZ59C1H,18,1
410,410100867049810570410,"56.5,62.5,68.5,70.5,72,74,75.5",23.1,66.06,82.35,GMCC SZ59C1H,18,1
410,410100867049771500410,"52,60,65,65.5,67,69,67",19.3,60.79,76.97,GMCC SZ59C1H,18,1
410,410100867049769370410,"49,53.5,57,59,61,62,62.5,64,66,66.5",18.4,59.55,75.69,GMCC SZ59C1H,18,1
410,410100867049772740410,"50.5,59.5,64,66,67,68.5,70",20.5,62.45,78.67,GMCC SZ59C1H,18,1
410,410100867049774370410,"51,59,64,67,66.5,68,68.5,68",17.9,58.85,74.98,GMCC SZ59C1H,18,1
410,410100867049769060410,"52.5,59.5,62.5,63.5,65.5,66.5,66,67",18.6,59.82,75.98,GMCC SZ59C1H,18,1
410,410100867049774650410,"52,58,62,63,63.5,64.5,65.5,65,64.5",17.8,58.72,74.84,GMCC SZ59C1H,18,1
410,410100867049768500410,"51,56,62,63.5,64.5,65,65.5,66.5",15.9,56.09,72.15,GMCC SZ59C1H,18,1
410,410100867049811320410,"60.5,66.5,68,69.5,71.5,72.5,73.5",22.4,65.09,81.36,GMCC SZ59C1H,18,1
410,410100261549688670410,"55,62,66,67,67.5,68,68.5,68",19.9,61.62,77.82,GMCC SZ59C1H,18,1
410,410100867049767940410,"46,52.5,61,62.5,63.5,64,64.5",16.7,57.19,73.28,GMCC SZ59C1H,18,1
410,410100867049769700410,"51,58,61.5,63,64,64.5,66.5,65.5",18.3,59.41,75.55,GMCC SZ59C1H,18,1
410,410100867049769340410,"50,52,54,56,59.5,61.5,62.5,63.5,65.5,66,65.5,67",18.5,59.69,75.83,GMCC SZ59C1H,18,1
410,410100867049766840410,"53.5,59,64,66,65.5,66,67,66.5",17.1,57.75,73.85,GMCC SZ59C1H,18,1
410,410100867049770540410,"50,51.5,56.5,63.5,65.5,67",19.8,61.49,77.67,GMCC SZ59C1H,18,1
410,410100867049766380410,"52,57.5,61.5,64.5,65,65.5,66,68,66.5",17.4,58.16,74.28,GMCC SZ59C1H,18,1
410,410100867049768760410,"51,58.5,61.5,63.5,65,64.5,65,66,66.5,67",15.9,56.09,72.15,GMCC SZ59C1H,18,1
410,410100867049771690410,"52.5,56.5,59.5,60.5,61.5,62.5,63.5,64,65.5",18.3,59.41,75.55,GMCC SZ59C1H,18,1
410,410100867049770650410,"50,59,61,63,64.5,66,67,67.5,68,68.5",19.8,61.49,77.67,GMCC SZ59C1H,18,1
410,410100867049775420410,"52,57.5,60,61,62,63,64,63.5",17.1,57.75,73.85,GMCC SZ59C1H,18,1
410,410100867049768930410,"55.5,62,65.5,66,67,68,67.5,69,68.5",18.5,59.69,75.83,GMCC SZ59C1H,18,1
410,410100867049811770410,"52,55.5,61,63,65.5,67,68,70.5,71,72",22.4,65.09,81.36,GMCC SZ59C1H,18,1
410,410100867049768680410,"51,59.5,64.5,65.5,66.5,67.5,68.5,68",18.6,59.82,75.98,GMCC SZ59C1H,18,1
410,410100261549688890410,"50,58,62,64.5,65,64.5,65.5,67.5,67",18.3,59.41,75.55,GMCC SZ59C1H,18,1
410,410100261549688870410,"52.5,56.5,62,64.5,65,67,67.5",18.3,59.41,75.55,GMCC SZ59C1H,18,1
410,410100867049788350410,"55.5,62,67,68,67.5,68.5,69,69.5",19.4,60.93,77.11,GMCC SZ59C1H,18,1
410,410100867049765840410,"54.5,62.5,64.5,65,66.5,67,67.5,68,69.5,70",18.3,59.41,75.55,GMCC SZ59C1H,18,1
410,410100867049786800410,"51.5,61.5,64.5,67.5,68.5,70.5,71.5,71",21.1,63.29,79.52,GMCC SZ59C1H,18,1
410,410100867049766760410,"51.5,58,61,64.5,65,66,65.5",17.1,57.75,73.85,GMCC SZ59C1H,18,1
410,410100867049810630410,"50.5,62.5,66,67.5,69.5,70.5,72.5,73",23.0,65.92,82.21,GMCC SZ59C1H,18,1
410,410100867049766690410,"54,61.5,62.5,64,65.5,66.5,67",17.1,57.75,73.85,GMCC SZ59C1H,18,1
410,410100261549669650410,"53.5,61.5,62,63.5,64",17.3,58.02,74.13,GMCC SZ59C1H,18,1
410,410100867049765810410,"57,62,65,68,69.5,70.5,71,71.5,72,72.5",18.3,59.41,75.55,GMCC SZ59C1H,18,1
410,410100867049789240410,"55.5,64,67.5,69,69.5,70,70.5",19.9,61.62,77.82,GMCC SZ59C1H,18,1
410,410100867049789990410,"58,64,67.5,69,71,71.5,72.5",20.5,62.45,78.67,GMCC SZ59C1H,18,1
410,410100867049771350410,"51.5,58,61.5,62.5,63.5,64,65.5,66.5",18.5,59.69,75.83,GMCC SZ59C1H,18,1
410,410100867049791500410,"56,64,66,67,67.5,69.5,70",18.5,59.69,75.83,GMCC SZ59C1H,18,1
410,410100867049768170410,"52,57,59.5,60,60.5,61,62,61.5",15.7,55.81,71.87,GMCC SZ59C1H,18,1
410,410100867049769850410,"52.5,56.5,59.5,63,65,66.5,66,67,67.5,68",18.1,59.13,75.27,GMCC SZ59C1H,18,1
410,410100867049788390410,"55,63.5,66,67.5,68,68.5,70,69.5",19.3,60.79,76.97,GMCC SZ59C1H,18,1
410,410100867049769580410,"56.5,63.5,65.5,66,66.5,67.5,68.5,69",18.0,58.99,75.13,GMCC SZ59C1H,18,1
410,410100867049767820410,"51.5,59.5,63.5,66,66.5,67.5,67,68",16.1,56.36,72.44,GMCC SZ59C1H,18,1
410,410100867049770860410,"51,56,59.5,64.5,65,65.5,66.5,67.5,68",19.6,61.21,77.39,GMCC SZ59C1H,18,1
410,410100867049766330410,"47,54,59,60.5,61.5,62.5,64,64.5,65.5",18.1,59.13,75.27,GMCC SZ59C1H,18,1
410,410100867049774270410,"50.5,57.5,62,63.5,64,65.5,66.5,68",17.9,58.85,74.98,GMCC SZ59C1H,18,1
410,410100867049788070410,"56.5,63.5,65,66.5,67.5,68,69.5,69",19.9,61.62,77.82,GMCC SZ59C1H,18,1
410,410100867049769920410,"53,59.5,63,64.5,65.5,66.5,67,66.5",17.9,58.85,74.98,GMCC SZ59C1H,18,1
410,410100261549688580410,"52.5,56.5,59,62,63,64,65,65.5,67.5,68.5",18.5,59.69,75.83,GMCC SZ59C1H,18,1
410,410100867049767920410,"52.5,59,62.5,63.5,64,64.5,65,66,65.5",16.0,56.22,72.29,GMCC SZ59C1H,18,1
410,410100867049767720410,"50.5,55,60,63,64,65,65.5,66.5",16.2,56.5,72.58,GMCC SZ59C1H,18,1
410,410100261549688940410,"50.5,61.5,64.5,65.5,66.5,67.5,68,68.5",18.3,59.41,75.55,GMCC SZ59C1H,18,1
410,410100867049770470410,"53.5,59.5,64,65.5,66.5,67,68,65.5",18.3,59.41,75.55,GMCC SZ59C1H,18,1
410,410100867049765750410,"60.5,65,66,66.5,67.5,69,70.5,68,69",18.4,59.55,75.69,GMCC SZ59C1H,18,1
410,410100261549688990410,"51.5,60,61,66,66.5,67,68,68.5",18.4,59.55,75.69,GMCC SZ59C1H,18,1
410,410100867049812300410,"61.5,65.5,70.5,71.5,72.5,73.5,74",21.4,63.7,79.94,GMCC SZ59C1H,18,1
410,410100867049770290410,"52.5,46.5,53.5,58,59,62,62.5,63.5,64.5",18.5,59.69,75.83,GMCC SZ59C1H,18,1
410,410100867049766970410,"53.5,62",16.9,57.47,73.57,GMCC SZ59C1H,18,1
410,410100867049770920410,"51.5,58,60.5,62.5,63.5,65.5,66.5,66,66.5,67,68",19.5,61.07,77.25,GMCC SZ59C1H,18,1
410,410100867049787390410,"52.5,56.5,60,62,67,68,68.5,69.5,70",20.7,62.73,78.95,GMCC SZ59C1H,18,1
410,410100867049790990410,"53.5,62,65,67.5,69,71,71.5",20.0,61.76,77.96,GMCC SZ59C1H,18,1
410,410100867049770960410,"57,64.5,67,69,70,71,72.5,73",19.5,61.07,77.25,GMCC SZ59C1H,18,1
410,410100867049773300410,"53.5,58,61.5,63.5,69,69.5,70,69.5",19.6,61.21,77.39,GMCC SZ59C1H,18,1
410,410100867049810860410,"57,63,62.5,67,68.5,72,71.5,72.5",22.6,65.36,81.64,GMCC SZ59C1H,18,1
410,410100867049767230410,"49,55.5,61,62,63,63.5,64.5,64,65",16.7,57.19,73.28,GMCC SZ59C1H,18,1
410,410100867049767260410,"50.5,57,62.5,65,65.5,66,65.5,66",16.7,57.19,73.28,GMCC SZ59C1H,18,1
410,410100867049789310410,"54,61,65,69,69.5,70.5,70",19.9,61.62,77.82,GMCC SZ59C1H,18,1
410,410100867049765940410,"52.5,55.5,62,62.5,63.5,64.5,65.5,65",18.3,59.41,75.55,GMCC SZ59C1H,18,1
410,410100867049787420410,"55,59,66,68,69,69.5,71,70.5",20.7,62.73,78.95,GMCC SZ59C1H,18,1
410,410100867049788140410,"53.5,62.5,65,67,68,69,70.5,70",22.4,65.09,81.36,GMCC SZ59C1H,18,1
410,410100867049766440410,"50,49.5,58.5,60.5,59,61.5,64,65,67,66,66.5",17.3,58.02,74.13,GMCC SZ59C1H,18,1
410,410100867049771870410,"52.5,57.5,61.5,63,64.5,66.5,65.5",17.9,58.85,74.98,GMCC SZ59C1H,18,1
410,410100867049773220410,"56,67,67.5,68.5,69.5,70.5",19.8,61.49,77.67,GMCC SZ59C1H,18,1
410,410100867049771140410,"50.5,56.5,58,61,63.5,66.5,67.5,68.5",19.5,61.07,77.25,GMCC SZ59C1H,18,1
410,410100867049768000410,"53,57,63.5,64,65,65.5,65",15.8,55.95,72.01,GMCC SZ59C1H,18,1
410,410100867049775520410,"52,58,61.5,64.5,65,66,65.5",17.3,58.02,74.13,GMCC SZ59C1H,18,1
410,410100867049765820410,"53,60,63.5,65,66.5,67,68.5,68,69",18.3,59.41,75.55,GMCC SZ59C1H,18,1
410,410100867049771340410,"50,52,59,62.5,63.5,64,64.5,65.5",19.3,60.79,76.97,GMCC SZ59C1H,18,1
410,410100867049789550410,"52.5,60.5,64,65.5,66,66.5,67.5,68.5,70",19.9,61.62,77.82,GMCC SZ59C1H,18,1
410,410100867049786680410,"61.5,68,69,70.5,71,73,74,73.5",21.3,63.56,79.8,GMCC SZ59C1H,18,1
410,410100867049767620410,"55,61.5,64,65.5,66,66.5,71,67",16.3,56.64,72.72,GMCC SZ59C1H,18,1
410,410100867049810870410,"62.5,65,67.5,71.5,72,72.5,73,73.5,74",22.9,65.78,82.06,GMCC SZ59C1H,18,1
410,410100867049769520410,"52.5,55.5,59.5,62,63.5,62.5,64,64.5,65.5,66,66.5",18.1,59.13,75.27,GMCC SZ59C1H,18,1
410,410100867049773800410,"49.5,52,55,59.5,61.5,62.5,63,63.5,65,66,66.5",18.6,59.82,75.98,GMCC SZ59C1H,18,1
410,410100867049822990410,"57.5,63,66,70.5,71,73,73.5,74,75,75.5",23.4,66.47,82.77,GMCC SZ59C1H,18,1
410,410100867049769140410,"51.5,59.5,62.5,64,64.5,65,66,67",18.4,59.55,75.69,GMCC SZ59C1H,18,1
410,410100867049767630410,"53.5,59.5,61.5,63,64,64.5,65,65.5",16.2,56.5,72.58,GMCC SZ59C1H,18,1
410,410100867049787450410,"51,58.5,63,65,66,67,68,68.5",20.4,62.32,78.52,GMCC SZ59C1H,18,1
410,410100867049771180410,"49,54,59.5,60.5,61.5,62.5,64.5,66,65",17.9,58.85,74.98,GMCC SZ59C1H,18,1
410,410100867049766730410,"55.5,61,62.5,64.5,65,64.5,65,66",17.1,57.75,73.85,GMCC SZ59C1H,18,1
410,410100867049766560410,"57.5,62.5,64.5,64,64.5,65,66.5,67,66.5",17.2,57.89,73.99,GMCC SZ59C1H,18,1
410,410100867049787340410,"57,64,66.5,68.5,69,70,70.5,71.5",20.6,62.59,78.81,GMCC SZ59C1H,18,1
410,410100867049767710410,"48,55.5,56,58.5,61,61.5,62,63,64.5,65",16.7,57.19,73.28,GMCC SZ59C1H,18,1
410,410100867049811690410,"56.5,61.5,64,66.5,68.5,69.5,70,70.5,71,70.5",22.6,65.36,81.64,GMCC SZ59C1H,18,1
410,410100867049773760410,"53.5,59,62.5,65.5,66.5,67,67.5,68",18.5,59.69,75.83,GMCC SZ59C1H,18,1
410,410100867049766530410,"55,61.5,62,64,65,65.5,66,66.5,67.5",17.2,57.89,73.99,GMCC SZ59C1H,18,1
410,410100867049773810410,"51.5,55.5,58.5,61,64,64.5,66,66.5,68,69",18.5,59.69,75.83,GMCC SZ59C1H,18,1
410,410100867049766740410,"52,57,59.5,62.5,63,64,64.5,65.5,66",18.7,59.96,76.12,GMCC SZ59C1H,18,1
410,410100867049766780410,"52.5,55,61,62,62",17.1,57.75,73.85,GMCC SZ59C1H,18,1
410,410100867049772910410,"53,59,62,64,65,64.5,65,65.5",17.3,58.02,74.13,GMCC SZ59C1H,18,1
410,410100867049772780410,"51.5,57,58.5,61.5,66,67,67.5,68.5,69",20.4,62.32,78.52,GMCC SZ59C1H,18,1
410,410100867049786950410,"57.5,67,69.5,70.5,71.5,72.5",20.9,63.01,79.23,GMCC SZ59C1H,18,1
410,410100867049771320410,"62.5,65,66,66.5,67.5,68,68.5,69.5,68",19.4,60.93,77.11,GMCC SZ59C1H,18,1
410,410100867049766980410,"54,57.5,60.5,64,64.5,65.5,66,66.5,67",17.1,57.75,73.85,GMCC SZ59C1H,18,1
410,410100867049789230410,"57,64.5,69,71,71.5,72.5,73",19.9,61.62,77.82,GMCC SZ59C1H,18,1
410,410100867049812360410,"60.5,69,70.5,71.5,72,72.5,74,74.5,74",21.7,64.12,80.36,GMCC SZ59C1H,18,1
410,410100867049767120410,"50,57,60,62.5,63,62.5,63,63.5,63,63.5,64",17.0,57.61,73.71,GMCC SZ59C1H,18,1
410,410100867049787100410,"56.5,63.5,67,68,70,72.5,71.5",20.8,62.87,79.09,GMCC SZ59C1H,18,1
410,410100867049810990410,"59.5,66,69,70,71,72.5,74,73.5",23.1,66.06,82.35,GMCC SZ59C1H,18,1
410,410100867049767190410,"52,58.5,62,63.5,64,65,65.5,65",16.9,57.47,73.57,GMCC SZ59C1H,18,1
410,410100867049767840410,"54.5,60,62,63,63.5,64,64.5,65.5,66,66.5",17.0,57.61,73.71,GMCC SZ59C1H,18,1
410,410100867049769810410,"52,58.5,61,62,62.5,63.5,64.5,65.5,66.5,66",18.4,59.55,75.69,GMCC SZ59C1H,18,1
410,410100867049787320410,"49,59.5,63,65,66.5,69,69.5,70.5",22.3,64.95,81.21,GMCC SZ59C1H,18,1
410,410100867049768090410,"52,57.5,60.5,62,63.5,64,62.5",15.8,55.95,72.01,GMCC SZ59C1H,18,1
410,410100867049766920410,"57.5,60,65,66,66.5,67,68",17.0,57.61,73.71,GMCC SZ59C1H,18,1
410,410100867049770090410,"57,59.5,65,66,67,67.5,68,68.5",18.3,59.41,75.55,GMCC SZ59C1H,18,1
410,410100867049772950410,"52,57.5,58.5,59.5,60.5,61,61.5,62,63.5",17.3,58.02,74.13,GMCC SZ59C1H,18,1
410,410100867049791400410,"57,65.5,67,68,69.5,70.5,69.5",19.9,61.62,77.82,GMCC SZ59C1H,18,1
410,410100867049766950410,"52.5,58.5,62.5,64,65.5,66,66.5,67.5,67,67.5",16.9,57.47,73.57,GMCC SZ59C1H,18,1
410,410100867049767000410,"54.5,61.5,63.5,64.5,65.5,66.5,67.5",16.9,57.47,73.57,GMCC SZ59C1H,18,1
410,410100867049786640410,"57.5,61.5,67.5,68.5,69.5,70,72,71.5,72",21.3,63.56,79.8,GMCC SZ59C1H,18,1
410,410100867049789450410,"55.5,63,66.5,67.5,68.5,70,70.5",20.0,61.76,77.96,GMCC SZ59C1H,18,1
410,410100867049768010410,"53,58,61.5,63,63.5,64.5,65,64,64.5",15.9,56.09,72.15,GMCC SZ59C1H,18,1
410,410100867049768150410,"52,58,62.5,64.5,65.5,65,66,65.5,66.5,65.5",16.0,56.22,72.29,GMCC SZ59C1H,18,1
410,410100867049765760410,"53.5,60,63.5,65,66,66.5,67,67.5,67",18.4,59.55,75.69,GMCC SZ59C1H,18,1
410,410100867049767860410,"51.5,56,61,63.5,64.5,65.5,66,66.5,67",16.2,56.5,72.58,GMCC SZ59C1H,18,1
410,410100867049767600410,"50.5,57,58.5,62,63,62.5,63.5,64",16.4,56.78,72.86,GMCC SZ59C1H,18,1
410,410100867049766120410,"56,63,65,66,67,68.5,68,68.5",18.2,59.27,75.41,GMCC SZ59C1H,18,1
410,410100867049767080410,"53,60,63.5,65,66,65.5,67",16.9,57.47,73.57,GMCC SZ59C1H,18,1
410,410100867049767140410,"52.5,59,62.5,65,65.5,66,66.5,66,66.5",17.0,57.61,73.71,GMCC SZ59C1H,18,1
410,410100261549669570410,"53,59.5,64.5,65,65.5,66,66.5,67,67.5,68",17.3,58.02,74.13,GMCC SZ59C1H,18,1
410,410100867049772790410,"62.5,65.5,67.5,68,69,69.5,69,69.5",20.5,62.45,78.67,GMCC SZ59C1H,18,1
410,410100867049787870410,"56,62.5,65,65.5,67,68,68.5,69",19.9,61.62,77.82,GMCC SZ59C1H,18,1
410,410100867049771020410,"52.5,60,63,66,67,67.5,69,68",19.4,60.93,77.11,GMCC SZ59C1H,18,1
410,410100867049767210410,"59.5,62.5,63.5,64,64.5,63.5,65",16.9,57.47,73.57,GMCC SZ59C1H,18,1
410,410100867049788360410,"49,62,65.5,66.5,67.5,68.5,69",22.3,64.95,81.21,GMCC SZ59C1H,18,1
410,410100867049767220410,"54,59,61.5,63.5,64,65,66,66.5",17.0,57.61,73.71,GMCC SZ59C1H,18,1
410,410100867049769220410,"51.5,54,59,60,63.5,66.5,67,67.5,68.5,68,67.5",18.4,59.55,75.69,GMCC SZ59C1H,18,1
410,410100867049767030410,"55.5,61.5,64,66,67,68.5,69,68.5",16.9,57.47,73.57,GMCC SZ59C1H,18,1
410,410100867049790380410,"56,57,62,67.5,69,70,71,72,72.5",19.9,61.62,77.82,GMCC SZ59C1H,18,1
410,410100867049767270410,"50.5,58.5,63,65.5,67,68.5,69.5,69",17.0,57.61,73.71,GMCC SZ59C1H,18,1
410,410100867049790650410,"55.5,63.5,66.5,69,70.5,71,72.5,73",20.3,62.18,78.38,GMCC SZ59C1H,18,1
410,410100867049775340410,"53,60.5,66,66.5,67.5,68,67.5",17.1,57.75,73.85,GMCC SZ59C1H,18,1
410,410100867049774490410,"53,59.5,65,65.5,66.5,67.5,68,67.5",18.0,58.99,75.13,GMCC SZ59C1H,18,1
410,410100867049790760410,"51.5,56.5,59.5,64.5,66,67,68,68.5",19.9,61.62,77.82,GMCC SZ59C1H,18,1
410,410100867049772400410,"53,59.5,62,63.5,64.5,65,66,67,68",18.0,58.99,75.13,GMCC SZ59C1H,18,1
410,410100261549688900410,"51,58,61.5,63.5,64.5,65,66,66.5",18.3,59.41,75.55,GMCC SZ59C1H,18,1
410,410100867049789040410,"57,66,68.5,70,70.5,72,72.5,73.5,74,73.5,74",20.0,61.76,77.96,GMCC SZ59C1H,18,1
410,410100867049766880410,"50,55,60.5,64.5,67,66.5,67.5,69.5,69",18.6,59.82,75.98,GMCC SZ59C1H,18,1
410,410100867049767460410,"51.5,58.5,61,62.5,63,64,64.5,64",16.9,57.47,73.57,GMCC SZ59C1H,18,1
410,410100867049765980410,"59,62,66.5,67,67.5,68,68.5,69.5",18.6,59.82,75.98,GMCC SZ59C1H,18,1
410,410100867049768250410,"46,47,51,53,56.5,57,58,59,59.5,60.5",15.7,55.81,71.87,GMCC SZ59C1H,18,1
410,410100867049767390410,"50,54,60,62,63,64.5,65,65.5,66.5",16.9,57.47,73.57,GMCC SZ59C1H,18,1
410,410100867049767500410,"52.5,58.5,61,61.5,63,64.5,64,66",16.2,56.5,72.58,GMCC SZ59C1H,18,1
410,410100867049810800410,"60.5,69,71.5,72,74,74.5,75,75.5,77,76.5",23.2,66.19,82.49,GMCC SZ59C1H,18,1
410,410100867049770320410,"54,62,65,66.5,67.5,68.5,69.5",18.4,59.55,75.69,GMCC SZ59C1H,18,1
410,410100867049767520410,"51.5,57,62.5,64,64.5,66,65,67.5",16.5,56.92,73.0,GMCC SZ59C1H,18,1
410,410100867049773830410,"48.5,57,61.5,63.5,65,66,66.5,67",18.3,59.41,75.55,GMCC SZ59C1H,18,1
410,410100867049811900410,"53.5,66,68.5,69.5,71.5,70.5,72,71.5",21.5,63.84,80.08,GMCC SZ59C1H,18,1
410,410100261549689030410,"50,54.5,57.5,61,62,63,63.5,64,64.5,65.5",18.2,59.27,75.41,GMCC SZ59C1H,18,1
410,410100867049789130410,"55.5,63,65.5,67,68,68.5,69.5,69,69.5",20.0,61.76,77.96,GMCC SZ59C1H,18,1
410,410100867049772490410,"45,47.5,53,56,59.5,61,62",17.2,57.89,73.99,GMCC SZ59C1H,18,1
410,410100867049789670410,"54,62,65,66,67.5,68,69,68.5",19.9,61.62,77.82,GMCC SZ59C1H,18,1
410,410100867049767550410,"51.5,60.5,64.5,65,66.5,67",16.4,56.78,72.86,GMCC SZ59C1H,18,1
410,410100867049768580410,"53.5,59,62,63,63.5,64,63.5",15.8,55.95,72.01,GMCC SZ59C1H,18,1
410,410100867049767060410,"53,63.5,65,65.5,66.5,66",16.8,57.33,73.43,GMCC SZ59C1H,18,1
410,410100867049766080410,"54,62.5,63,64,65,65.5",18.2,59.27,75.41,GMCC SZ59C1H,18,1
410,410100867049787050410,"58,65,70.5,70,71,72.5,73,73.5",20.9,63.01,79.23,GMCC SZ59C1H,18,1
410,410100867049810680410,"52,57.5,60.5,62.5,67,68,69,70,71.5",23.0,65.92,82.21,GMCC SZ59C1H,18,1
410,410100867049765990410,"56,59.5,63.5,65,66,67.5,68,68.5,69,70,69.5",18.2,59.27,75.41,GMCC SZ59C1H,18,1
410,410100867049789380410,"56,63,65,66.5,67.5,68,68.5,69",20.0,61.76,77.96,GMCC SZ59C1H,18,1
410,410100867049787930410,"55,59,65,66.5,67,68.5,69,69.5,71",19.8,61.49,77.67,GMCC SZ59C1H,18,1
410,410100867049768220410,"49.5,54,61,61.5,62,63,62.5,62,64",15.7,55.81,71.87,GMCC SZ59C1H,18,1
410,410100867049769280410,"51,60,62.5,65.5,66,67,67.5,69",18.4,59.55,75.69,GMCC SZ59C1H,18,1
410,410100867049772510410,"53.5,61,63.5,64.5,65,66,66.5,67",17.4,58.16,74.28,GMCC SZ59C1H,18,1
410,410100261549688570410,"53.5,57.5,63,64.5,65,65.5,66.5,67,67.5",18.4,59.55,75.69,GMCC SZ59C1H,18,1
410,410100867049767740410,"51.5,57.5,60,62,63,64,64.5,63.5",16.2,56.5,72.58,GMCC SZ59C1H,18,1
410,410100867049773460410,"50.5,58.5,62.5,64,65,65.5,67.5,68",19.6,61.21,77.39,GMCC SZ59C1H,18,1
410,410100867049771150410,"49.5,52,56,59,60.5,63,64.5,65,66.5,67,67.5",19.6,61.21,77.39,GMCC SZ59C1H,18,1
410,410100867049770310410,"47.5,55,59,61.5,62.5,63.5,64.5,64",18.5,59.69,75.83,GMCC SZ59C1H,18,1
410,410100867049771110410,"52.5,61,65,65.5,66.5,69",19.4,60.93,77.11,GMCC SZ59C1H,18,1
410,410100867049771980410,"50,54,58.5,60.5,61.5,62.5,63,64,65",18.1,59.13,75.27,GMCC SZ59C1H,18,1
410,410100261549687780410,"55,62,64.5,66.5,67.5,68.5,69",16.9,57.47,73.57,GMCC SZ59C1H,18,1
410,410100867049767850410,"51.5,58.5,59.5,60.5,62.5,63.5,64",16.1,56.36,72.44,GMCC SZ59C1H,18,1
410,410100867049769780410,"60,61.5,64,65,66,65.5,66.5,66",18.0,58.99,75.13,GMCC SZ59C1H,18,1
410,410100867049770720410,"48,52.5,63,63.5,65,66,66.5",19.7,61.35,77.53,GMCC SZ59C1H,18,1
410,410100867049767870410,"57.5,59.5,62,63.5,64,65,65.5",16.0,56.22,72.29,GMCC SZ59C1H,18,1
410,410100867049787360410,"59.5,66.5,72,69.5,71.5,72,72.5,73.5,72",20.6,62.59,78.81,GMCC SZ59C1H,18,1
410,410100867049766000410,"53.5,59.5,66,67,67.5,68",18.2,59.27,75.41,GMCC SZ59C1H,18,1
410,410100867049775040410,"52.5,58.5,62.5,65.5,66,67,67.5",17.4,58.16,74.28,GMCC SZ59C1H,18,1
410,410100867049770820410,"50,53,61,64,65.5,66,67,68,69",19.5,61.07,77.25,GMCC SZ59C1H,18,1
410,410100867049788630410,"54.5,62.5,65.5,67,69,70,70.5,72,71",19.5,61.07,77.25,GMCC SZ59C1H,18,1
410,410100867049766060410,"54,57.5,62,65.5,66.5,67.5,68.5",18.2,59.27,75.41,GMCC SZ59C1H,18,1
410,410100867049768030410,"50.5,55,55.5,58.5,62.5,64,64.5,64",15.9,56.09,72.15,GMCC SZ59C1H,18,1
410,410100867049767880410,"51,55.5,57,59,64,64.5,67.5,66.5,66",16.5,56.92,73.0,GMCC SZ59C1H,18,1
410,410100867049767890410,"53.5,58.5,63.5,64.5,66,66.5,66",16.1,56.36,72.44,GMCC SZ59C1H,18,1
410,410100867049787840410,"51.5,58.5,63,64.5,66,67,68.5,67.5,68",19.9,61.62,77.82,GMCC SZ59C1H,18,1
410,410100867049790170410,"53,59.5,64,67,68,69,70,71.5",20.2,62.04,78.24,GMCC SZ59C1H,18,1
410,410100867049773200410,"52.5,61,65,67.5,68,69.5,71,70",19.9,61.62,77.82,GMCC SZ59C1H,18,1
410,410100867049786620410,"57.5,67,68,69,71,71.5,72,72.5",21.4,63.7,79.94,GMCC SZ59C1H,18,1
410,410100867049812120410,"55,65.5,66.5,67,69,70.5,72.5,71,71.5",21.5,63.84,80.08,GMCC SZ59C1H,18,1
410,410100867049767200410,"53,61,62.5,66,65.5,66,67.5,68,66.5",18.2,59.27,75.41,GMCC SZ59C1H,18,1
410,410100867049772660410,"56.5,63.5,66,67.5,68.5,69,70.5",20.6,62.59,78.81,GMCC SZ59C1H,18,1
410,410100867049774170410,"50.5,57.5,61,63.5,64.5,66,66.5,68",20.0,61.76,77.96,GMCC SZ59C1H,18,1
410,410100867049767950410,"58,64,64.5,65.5,66,65.5,66",16.0,56.22,72.29,GMCC SZ59C1H,18,1
410,410100867049773650410,"52,60,63,63.5,64.5,65.5,66.5,65,66",18.7,59.96,76.12,GMCC SZ59C1H,18,1
410,410100867049767960410,"57,60,62.5,63,64,65,64.5",16.5,56.92,73.0,GMCC SZ59C1H,18,1
410,410100867049767660410,"49,55.5,59.5,61.5,62,63,63.5",16.3,56.64,72.72,GMCC SZ59C1H,18,1
410,410100867049812100410,"55.5,61.5,65,67.5,69,70,73,72,73,74.5",21.5,63.84,80.08,GMCC SZ59C1H,18,1
410,410100867049773170410,"55,61,64,67.5,68,68.5,69",20.1,61.9,78.1,GMCC SZ59C1H,18,1
410,410100867049768040410,"59,61,62.5,65,64.5,65,66,67",15.9,56.09,72.15,GMCC SZ59C1H,18,1
410,410100867049768070410,"49.5,56.5,59.5,62.5,64.5,65,65.5",15.9,56.09,72.15,GMCC SZ59C1H,18,1
410,410100867049769020410,"52,54.5,58,60.5,62.5,63.5,65,65.5,66.5,66",18.5,59.69,75.83,GMCC SZ59C1H,18,1
410,410100867049773350410,"55,61.5,64,65,66,66.5,68.5,67.5",19.7,61.35,77.53,GMCC SZ59C1H,18,1
410,410100261549688650410,"52,64,65.5,66,67.5,67,67.5,69",18.4,59.55,75.69,GMCC SZ59C1H,18,1
410,410100867049768050410,"46.5,53,55.5,58,60,60.5,62.5,63,64",16.7,57.19,73.28,GMCC SZ59C1H,18,1
410,410100867049788110410,"57,65,66.5,68,67.5,68,68.5,69",20.0,61.76,77.96,GMCC SZ59C1H,18,1
410,410100867049771300410,"52.5,59,63,63.5,65,66.5,67",19.4,60.93,77.11,GMCC SZ59C1H,18,1
410,410100867049786970410,"58,65,68.5,69,70,71.5,70.5",21.0,63.15,79.37,GMCC SZ59C1H,18,1
410,410100867049773450410,"52.5,65,66.5,67,67.5,69.5,69",20.0,61.76,77.96,GMCC SZ59C1H,18,1
410,410100867049769720410,"49,59.5,63,65,67,67.5,67",17.9,58.85,74.98,GMCC SZ59C1H,18,1
410,410100867049812460410,"58,63,67.5,68,69,70,71.5",21.7,64.12,80.36,GMCC SZ59C1H,18,1
410,410100867049767470410,"54,59,63,64.5,65.5,66,65.5",16.9,57.47,73.57,GMCC SZ59C1H,18,1
410,410100867049812290410,"62.5,69,70,72.5,73,72.5,73.5,74,74.5,74",21.4,63.7,79.94,GMCC SZ59C1H,18,1
410,410100261549688600410,"52,54.5,59,61.5,63.5,64.5,66.5,67,67.5,68",18.5,59.69,75.83,GMCC SZ59C1H,18,1
410,410100867049773500410,"55,60.5,63.5,65,65.5,66.5,66,67,67.5,67,68.5",19.6,61.21,77.39,GMCC SZ59C1H,18,1
410,410100867049767980410,"49.5,61,61.5,62.5,64,64.5,65",15.9,56.09,72.15,GMCC SZ59C1H,18,1
410,410100867049768100410,"53,59,63,64,63.5,64.5,65.5",15.9,56.09,72.15,GMCC SZ59C1H,18,1
410,410100867049768140410,"52,60,61.5,62.5,63,64,65.5,65",15.9,56.09,72.15,GMCC SZ59C1H,18,1
410,410100867049774020410,"55,64,65,66.5,67,68,68.5",18.2,59.27,75.41,GMCC SZ59C1H,18,1
410,410100867049768190410,"48.5,55,59.5,61,62,63",15.7,55.81,71.87,GMCC SZ59C1H,18,1
410,410100867049788330410,"53,59.5,63.5,67,68.5,69",19.6,61.21,77.39,GMCC SZ59C1H,18,1
410,410100867049768740410,"52.5,59,62.5,64,65.5,66,67,67.5,68",18.6,59.82,75.98,GMCC SZ59C1H,18,1
410,410100867049767010410,"53,56,59,64.5,65,66,65.5,66.5,67",16.9,57.47,73.57,GMCC SZ59C1H,18,1
410,410100867049811180410,"56,63,66,67.5,69,70,71,71.5,72,72.5,73",22.4,65.09,81.36,GMCC SZ59C1H,18,1
410,410100867049768230410,"48,52,56.5,59,60,63,63.5,64,64.5",15.7,55.81,71.87,GMCC SZ59C1H,18,1
410,410100867049771730410,"53,58.5,61,63,65,66.5,65,66,66.5",18.2,59.27,75.41,GMCC SZ59C1H,18,1
410,410100867049771770410,"52,55,59,63,65,66.5,66,67,68",19.6,61.21,77.39,GMCC SZ59C1H,18,1
410,410100867049771740410,"55,61,64,64.5,65.5,66,68,67.5",19.3,60.79,76.97,GMCC SZ59C1H,18,1
410,410100867049769950410,"55.5,62.5,64,65,66.5,68,67",18.2,59.27,75.41,GMCC SZ59C1H,18,1
410,410100867049770030410,"53.5,59.5,62,62.5,63.5,64,65,64,65",18.3,59.41,75.55,GMCC SZ59C1H,18,1
410,410100867049775230410,"53,59,61.5,62.5,63,64,65.5,65",17.3,58.02,74.13,GMCC SZ59C1H,18,1
410,410100867049787150410,"56.5,64,68,69.5,70,71,73",20.8,62.87,79.09,GMCC SZ59C1H,18,1
410,410100261549688440410,"51.5,57.5,61,62,62.5,63,64.5,63.5",19.5,61.07,77.25,GMCC SZ59C1H,18,1
410,410100867049788430410,"48.5,53,65.5,69.5,69,70,71.5",22.3,64.95,81.21,GMCC SZ59C1H,18,1
410,410100867049771790410,"56,58.5,63,63.5,64.5,65.5,67,66.5,67.5",18.3,59.41,75.55,GMCC SZ59C1H,18,1
410,410100867049771810410,"53.5,60.5,62,63,64.5,65,66,65,66.5",18.1,59.13,75.27,GMCC SZ59C1H,18,1
410,410100867049787410410,"58,67,68.5,71,72.5,73.5,70.5",20.5,62.45,78.67,GMCC SZ59C1H,18,1
410,410100867049771820410,"53.5,62,64.5,65.5,66,67.5,68,67",18.2,59.27,75.41,GMCC SZ59C1H,18,1
410,410100867049773330410,"58.5,64.5,68.5,69.5,70,71.5,72,71",20.1,61.9,78.1,GMCC SZ59C1H,18,1
410,410100867049791260410,"57.5,61,63.5,66.5,68,68.5,69.5,71.5",19.8,61.49,77.67,GMCC SZ59C1H,18,1
410,410100867049768240410,"52,58.5,62,64,64.5,65",15.7,55.81,71.87,GMCC SZ59C1H,18,1
410,410100867049771850410,"54,56.5,59.5,62,63.5,65.5,64.5,64,66,67",18.4,59.55,75.69,GMCC SZ59C1H,18,1
410,410100867049788720410,"54.5,60.5,63.5,65.5,66,67,67.5,68,67.5,68",19.1,60.52,76.68,GMCC SZ59C1H,18,1
410,410100867049771860410,"51,58,63,64,66,67.5,65.5",18.2,59.27,75.41,GMCC SZ59C1H,18,1
410,410100867049771880410,"54.5,57.5,63,65,66,66.5,67,66.5",18.3,59.41,75.55,GMCC SZ59C1H,18,1
410,410100867049771890410,"49,57,62,63,64,65,66.5",18.2,59.27,75.41,GMCC SZ59C1H,18,1
410,410100867049773780410,"55,62,65.5,66,67.5,68,68.5,69.5",18.3,59.41,75.55,GMCC SZ59C1H,18,1
410,410100867049771900410,"50,55.5,58.5,60.5,62,62.5,63.5,64,65.5",18.3,59.41,75.55,GMCC SZ59C1H,18,1
410,410100867049771910410,"54,59,62.5,63,63.5,64.5,65,66.5",18.0,58.99,75.13,GMCC SZ59C1H,18,1
410,410100867049771920410,"48,54,59,62,63,64,65,66",18.3,59.41,75.55,GMCC SZ59C1H,18,1
410,410100867049773040410,"53,58.5,63,67.5,68.5,69,69.5,70",20.2,62.04,78.24,GMCC SZ59C1H,18,1
410,410100867049771930410,"51.5,62.5,64.5,65.5,66.5,67,67.5,67",18.2,59.27,75.41,GMCC SZ59C1H,18,1
410,410100867049771940410,"53.5,59,62.5,65,66,66.5,67,67.5,68.5,69,69.5",18.0,58.99,75.13,GMCC SZ59C1H,18,1
410,410100867049787170410,"55,62.5,66,68.5,69,69.5,70.5",20.7,62.73,78.95,GMCC SZ59C1H,18,1
410,410100867049772320410,"52,57,61.5,63.5,64,66,65",17.4,58.16,74.28,GMCC SZ59C1H,18,1
410,410100867049787940410,"55,55.5,58,64,66,66.5,67.5",20.1,61.9,78.1,GMCC SZ59C1H,18,1
410,410100867049771950410,"49,56,60.5,62,63,64,65,65.5,66",18.0,58.99,75.13,GMCC SZ59C1H,18,1
410,410100867049811150410,"57.5,64.5,67,68,69,69.5,70.5,72,72.5",23.1,66.06,82.35,GMCC SZ59C1H,18,1
410,410100867049771440410,"46,50,55.5,60,60.5,61,62,62.5,64",19.2,60.65,76.82,GMCC SZ59C1H,18,1
410,410100867049771960410,"49,56,62.5,65,65.5,66.5,67",17.9,58.85,74.98,GMCC SZ59C1H,18,1
410,410100867049771970410,"54.5,60,64,65,65.5,67.5,67",18.1,59.13,75.27,GMCC SZ59C1H,18,1
410,410100867049772010410,"54,60.5,61.5,62.5,63,62.5,63.5,64,64.5",17.9,58.85,74.98,GMCC SZ59C1H,18,1
410,410100867049789140410,"55.5,62.5,66,69,69.5,70,70.5,71,70,72",20.0,61.76,77.96,GMCC SZ59C1H,18,1
410,410100867049771040410,"53,55,60.5,64.5,66.5,67.5,69,68.5",19.4,60.93,77.11,GMCC SZ59C1H,18,1
410,410100867049772030410,"49.5,57.5,61.5,62.5,64,64.5,65.5,66.5",17.9,58.85,74.98,GMCC SZ59C1H,18,1
410,410100867049790190410,"58,66.5,68,67.5,68.5,69,69.5,70,70.5,71",20.1,61.9,78.1,GMCC SZ59C1H,18,1
410,410100867049788480410,"53,61,65.5,66.5,67,68,68.5,69,69.5,68.5,69,69.5,69,68.5",19.4,60.93,77.11,GMCC SZ59C1H,18,1
410,410100867049772390410,"51,57.5,61,62.5,63.5,64,65,64.5",17.7,58.58,74.7,GMCC SZ59C1H,18,1
410,410100867049774400410,"52.5,59,64,65,66,65.5,67.5,67",18.3,59.41,75.55,GMCC SZ59C1H,18,1
410,410100867049789590410,"53.5,61.5,64,67,67.5,68.5,69.5,68.5",20.0,61.76,77.96,GMCC SZ59C1H,18,1
410,410100867049771780410,"54.5,60.5,62,65.5,66.5,66,68",18.0,58.99,75.13,GMCC SZ59C1H,18,1
410,410100867049772080410,"52,58.5,62.5,63.5,64.5,65,65.5",17.7,58.58,74.7,GMCC SZ59C1H,18,1
410,410100867049789520410,"54.5,61.5,64.5,67.5,66.5,67,67.5,66",20.0,61.76,77.96,GMCC SZ59C1H,18,1
410,410100867049768080410,"53,59,62,63.5,64,64.5",15.9,56.09,72.15,GMCC SZ59C1H,18,1
410,410100867049772120410,"49.5,57.5,59.5,61,62,62.5,63,64",17.6,58.44,74.56,GMCC SZ59C1H,18,1
410,410100867049769880410,"52.5,59.5,63.5,64,65,66.5,67.5,67",18.1,59.13,75.27,GMCC SZ59C1H,18,1
410,410100867049788640410,"51,56,61.5,64,65,67.5",19.1,60.52,76.68,GMCC SZ59C1H,18,1
410,410100867049812090410,"59.5,64.5,68,70,71.5,72.5,74.5",21.4,63.7,79.94,GMCC SZ59C1H,18,1
410,410100867049771080410,"54.5,61,64,67,68,67",19.4,60.93,77.11,GMCC SZ59C1H,18,1
410,410100867049771490410,"52.5,61,63,65,65.5,66.5,67,68,68.5",19.4,60.93,77.11,GMCC SZ59C1H,18,1
410,410100867049772130410,"53.5,61,65.5,66.5,68,68.5,69,68",18.2,59.27,75.41,GMCC SZ59C1H,18,1
410,410100867049772140410,"53.5,60,63.5,64,65,65.5,67,65.5",17.9,58.85,74.98,GMCC SZ59C1H,18,1
410,410100867049791120410,"57.5,64.5,67,66,67.5,69,71",19.0,60.38,76.54,GMCC SZ59C1H,18,1
410,410100867049772150410,"52,59.5,63.5,65,65.5,67,66",18.2,59.27,75.41,GMCC SZ59C1H,18,1
410,410100867049772700410,"55,64.5,67.5,69.5,72,72.5,73",20.5,62.45,78.67,GMCC SZ59C1H,18,1
410,410100867049788380410,"54.5,63.5,65,66.5,67,68.5,70,69.5",19.4,60.93,77.11,GMCC SZ59C1H,18,1
410,410100867049772160410,"50,57,60,64,64.5,66,66.5",17.6,58.44,74.56,GMCC SZ59C1H,18,1
410,410100867049772180410,"54,60,65.5,66,67,67.5,68.5,68",17.9,58.85,74.98,GMCC SZ59C1H,18,1
410,410100867049772190410,"55,58.5,62.5,63.5,64.5,65.5,66.5",17.9,58.85,74.98,GMCC SZ59C1H,18,1
410,410100867049769900410,"53.5,61,63,65,65.5,66,68,68.5,68",18.0,58.99,75.13,GMCC SZ59C1H,18,1
410,410100867049772230410,"46,54.5,55,56.5,60,61,62,62.5,63.5,64.5",17.5,58.3,74.42,GMCC SZ59C1H,18,1
410,410100867049773340410,"54.5,60.5,63,64,65,66,66.5",19.7,61.35,77.53,GMCC SZ59C1H,18,1
410,410100867049766680410,"58,65.5,65,66,67.5,68,69.5,70,70.5",17.1,57.75,73.85,GMCC SZ59C1H,18,1
410,410100867049771250410,"47.5,55.5,60.5,62,64,65,66",19.3,60.79,76.97,GMCC SZ59C1H,18,1
410,410100867049772240410,"51,53.5,57,62,62.5,64,64.5,65.5,66,66.5",17.5,58.3,74.42,GMCC SZ59C1H,18,1
410,410100867049786650410,"59,62.5,66,70,70.5,71,72.5,72,71.5,72",21.3,63.56,79.8,GMCC SZ59C1H,18,1
410,410100867049772250410,"54,57.5,60.5,64.5,65.5,66.5,67,66.5",17.5,58.3,74.42,GMCC SZ59C1H,18,1
410,410100867049772270410,"54,59,62.5,63,64.5,65.5,66.5,65.5",17.4,58.16,74.28,GMCC SZ59C1H,18,1
410,410100867049772280410,"50,53.5,57.5,61.5,64.5,65.5,66.5,66",17.5,58.3,74.42,GMCC SZ59C1H,18,1
410,410100867049772420410,"53.5,57,61,63,64,64.5,65,64.5",17.7,58.58,74.7,GMCC SZ59C1H,18,1
410,410100867049772290410,"51,55.5,58,61,63.5,64.5,65",17.5,58.3,74.42,GMCC SZ59C1H,18,1
410,410100867049772300410,"54,60,62.5,63.5,65,65.5,66,67",17.7,58.58,74.7,GMCC SZ59C1H,18,1
410,410100867049772330410,"54,60,62,63.5,64,64.5,66,65",17.4,58.16,74.28,GMCC SZ59C1H,18,1
410,410100867049789070410,"58.5,68.5,70,71,70.5,71.5,72.5",20.0,61.76,77.96,GMCC SZ59C1H,18,1
410,410100867049772340410,"51,55.5,61.5,64,64.5,65.5,66,66.5",17.9,58.85,74.98,GMCC SZ59C1H,18,1
410,410100867049790220410,"57,62.5,69.5,70.5,71,72.5,73.5,74",20.1,61.9,78.1,GMCC SZ59C1H,18,1
410,410100867049772350410,"51,57,60.5,61.5,61,62,62.5,63",17.4,58.16,74.28,GMCC SZ59C1H,18,1
410,410100867049772360410,"51.5,58.5,59.5,61.5,62.5,63.5,64.5,65,65.5",17.7,58.58,74.7,GMCC SZ59C1H,18,1
410,410100867049789830410,"56,62.5,66.5,67.5,69,69.5,70,70.5,71,71.5",20.5,62.45,78.67,GMCC SZ59C1H,18,1
410,410100867049786840410,"57,61,68,70.5,70,71.5,72",21.0,63.15,79.37,GMCC SZ59C1H,18,1
410,410100867049787730410,"58,65.5,68,69.5,70.5,71.5,71",20.1,61.9,78.1,GMCC SZ59C1H,18,1
410,410100867049790580410,"57,63.5,65.5,66.5,67.5,69,69.5,70",19.8,61.49,77.67,GMCC SZ59C1H,18,1
410,410100867049788230410,"52,58.5,63,65,65.5,67,68,67",19.5,61.07,77.25,GMCC SZ59C1H,18,1
410,410100867049788940410,"52,61,63,65,67,67.5,68.5,69,71",20.2,62.04,78.24,GMCC SZ59C1H,18,1
410,410100867049772410410,"50.5,53,60,64,65,65.5,66",17.7,58.58,74.7,GMCC SZ59C1H,18,1
410,410100867049771240410,"54,57.5,62.5,64.5,65.5,66.5,67.5,68,67.5",19.3,60.79,76.97,GMCC SZ59C1H,18,1
410,410100867049772430410,"48,51.5,55.5,58.5,59.5,60,61,61.5,62.5",17.2,57.89,73.99,GMCC SZ59C1H,18,1
410,410100867049772460410,"51.5,59,63.5,65,66,67,68.5",17.7,58.58,74.7,GMCC SZ59C1H,18,1
410,410100867049811480410,"59,68,71,71.5,74,73.5,74.5,74,75.5,75",22.5,65.22,81.5,GMCC SZ59C1H,18,1
410,410100867049772520410,"46.5,53.5,60.5,61,62.5,63.5,62.5,63",17.2,57.89,73.99,GMCC SZ59C1H,18,1
410,410100867049772650410,"52,63,65,66.5,68,69,67.5",20.6,62.59,78.81,GMCC SZ59C1H,18,1
410,410100867049768160410,"50.5,55.5,60,62,63,64,64.5",15.7,55.81,71.87,GMCC SZ59C1H,18,1
410,410100867049772670410,"54.5,57,61,63",20.7,62.73,78.95,GMCC SZ59C1H,18,1
410,410100867049790530410,"58,63,68.5,69,70.5,71.5,72.5,73",19.8,61.49,77.67,GMCC SZ59C1H,18,1
410,410100867049772710410,"55,59,63,64.5,65.5,66.5,66,67,68,68.5,69",20.5,62.45,78.67,GMCC SZ59C1H,18,1
410,410100867049772720410,"52.5,58.5,62,63,64,64.5,65",17.3,58.02,74.13,GMCC SZ59C1H,18,1
410,410100867049772760410,"57.5,60.5,68.5,70,70.5,71.5,70.5",20.5,62.45,78.67,GMCC SZ59C1H,18,1
410,410100867049772770410,"55.5,62.5,63.5,66,67.5,70,69,70.5,71.5",20.4,62.32,78.52,GMCC SZ59C1H,18,1
410,410100867049812500410,"55.5,62.5,64.5,66,67,67.5,68,70,70.5",21.7,64.12,80.36,GMCC SZ59C1H,18,1
410,410100867049772800410,"54,63,65,68,69.5,70,70.5",20.5,62.45,78.67,GMCC SZ59C1H,18,1
410,410100867049772820410,"53,60,63.5,68.5,69.5,70.5,71,71.5,71,71.5,72.5",20.5,62.45,78.67,GMCC SZ59C1H,18,1
410,410100867049772830410,"54.5,57.5,60.5,65,65.5,66.5,68,67.5",20.3,62.18,78.38,GMCC SZ59C1H,18,1
410,410100867049773090410,"54.5,62.5,66,68,68.5,70,71,70.5",20.6,62.59,78.81,GMCC SZ59C1H,18,1
410,410100867049767640410,"54,58,64.5,65.5,67.5,67,66.5",16.2,56.5,72.58,GMCC SZ59C1H,18,1
410,410100867049772840410,"55,59,63,66,67,67.5,69.5,70.5",20.5,62.45,78.67,GMCC SZ59C1H,18,1
410,410100867049772850410,"50.5,60.5,63,66,68,69,68.5",20.3,62.18,78.38,GMCC SZ59C1H,18,1
410,410100867049773150410,"51,59,63,64.5,65.5,66.5,67.5,68",19.9,61.62,77.82,GMCC SZ59C1H,18,1
410,410100867049788520410,"57,63.5,65,67,68.5,69,69.5",19.1,60.52,76.68,GMCC SZ59C1H,18,1
410,410100867049774770410,"54.5,59,61.5,63,65,66,67,68.5",17.7,58.58,74.7,GMCC SZ59C1H,18,1
410,410100867049772900410,"52.5,58,62,66,66.5,67,68.5,69",20.4,62.32,78.52,GMCC SZ59C1H,18,1
410,410100867049774310410,"52.5,60,64,65.5,67.5,68.5,68",17.8,58.72,74.84,GMCC SZ59C1H,18,1
410,410100867049786670410,"57,62.5,66,67.5,69.5,70,71,71.5,72",21.2,63.42,79.66,GMCC SZ59C1H,18,1
410,410100867049786920410,"58.5,64,68.5,69,71.5,71,71.5,73.5,71.5",21.0,63.15,79.37,GMCC SZ59C1H,18,1
410,410100867049772930410,"46,53,58.5,60,61,63.5,64,63.5",18.3,59.41,75.55,GMCC SZ59C1H,18,1
410,410100867049772960410,"56,62.5,65,67,68,69,69.5,69",20.6,62.59,78.81,GMCC SZ59C1H,18,1
410,410100867049772450410,"53,56.5,59,59.5,60.5,61.5,60.5,61,61.5",17.2,57.89,73.99,GMCC SZ59C1H,18,1
410,410100867049788970410,"59.5,65.5,68,69,70.5,71,73,71.5",20.4,62.32,78.52,GMCC SZ59C1H,18,1
410,410100867049772980410,"54.5,59,61.5,66,66.5,69,68.5,69,68.5,68",20.2,62.04,78.24,GMCC SZ59C1H,18,1
410,410100867049767180410,"52.5,60.5,63,64.5,65,65.5,66,66.5",16.9,57.47,73.57,GMCC SZ59C1H,18,1
410,410100867049772990410,"55,65.5,67.5,68.5,70,69.5,70",20.1,61.9,78.1,GMCC SZ59C1H,18,1
410,410100867049773000410,"56,64.5,68,69.5,70.5,71,72.5,71.5,72.5",20.1,61.9,78.1,GMCC SZ59C1H,18,1
410,410100867049773010410,"47,50.5,56,58.5,59.5,60,61,61.5,62.5,63",17.2,57.89,73.99,GMCC SZ59C1H,18,1
410,410100261549688430410,"55,58.5,63,65,67,68,68.5,69,69.5,69",20.1,61.9,78.1,GMCC SZ59C1H,18,1
410,410100867049773020410,"55,62,66,65.5,68,69,69.5,70",20.4,62.32,78.52,GMCC SZ59C1H,18,1
410,410100867049773050410,"55,62,66.5,67,68.5,69,70",20.0,61.76,77.96,GMCC SZ59C1H,18,1
410,410100867049811530410,"56.5,64.5,65.5,70,70.5,71,72.5",22.4,65.09,81.36,GMCC SZ59C1H,18,1
410,410100867049774880410,"52.5,57.5,61,62.5,64,63,64,63.5",17.6,58.44,74.56,GMCC SZ59C1H,18,1
410,410100867049767020410,"51,58.5,61.5,66,67,65,66",16.9,57.47,73.57,GMCC SZ59C1H,18,1
410,410100867049773080410,"53,59,64.5,65,67,69,67",19.9,61.62,77.82,GMCC SZ59C1H,18,1
410,410100867049773100410,"55,62.5,66,67.5,68,68.5,69.5,71",20.1,61.9,78.1,GMCC SZ59C1H,18,1
410,410100867049788560410,"57.5,64.5,67,68.5,69.5,70.5,71.5,71",19.4,60.93,77.11,GMCC SZ59C1H,18,1
410,410100867049773110410,"52.5,55,59,61,62.5,64,65.5,66.5,67.5,68.5,69",20.1,61.9,78.1,GMCC SZ59C1H,18,1
410,410100867049769840410,"48.5,53.5,57,57.5,58,59,59.5,60,59.5",17.9,58.85,74.98,GMCC SZ59C1H,18,1
410,410100867049771520410,"51,58,61,62.5,63.5,65.5,66.5,65.5",19.3,60.79,76.97,GMCC SZ59C1H,18,1
410,410100867049773120410,"57,64,66.5,67.5,68,68.5,69.5,70.5,70,70.5,71.5",19.9,61.62,77.82,GMCC SZ59C1H,18,1
410,410100867049773130410,"55.5,62.5,66.5,67.5,69,71,70.5",19.9,61.62,77.82,GMCC SZ59C1H,18,1
410,410100867049773160410,"53,61,64,65,66,68,67",19.8,61.49,77.67,GMCC SZ59C1H,18,1
410,410100867049775350410,"51.5,58,60.5,62,63,64,65,64.5",17.3,58.02,74.13,GMCC SZ59C1H,18,1
410,410100867049788990410,"56.5,65,66.5,68,68.5,69.5,70,69",20.0,61.76,77.96,GMCC SZ59C1H,18,1
410,410100867049773190410,"52.5,59,64,66,67,68,67.5,69",19.9,61.62,77.82,GMCC SZ59C1H,18,1
410,410100867049773640410,"54.5,58,61,63.5,65,67,67.5,68,67",18.5,59.69,75.83,GMCC SZ59C1H,18,1
410,410100867049810770410,"52.5,62,66,67.5,69,69.5,71,69.5,70",23.1,66.06,82.35,GMCC SZ59C1H,18,1
410,410100867049787330410,"58,65,67,68.5,69,70,70.5,71,71.5",20.6,62.59,78.81,GMCC SZ59C1H,18,1
410,410100867049773250410,"60.5,64.5,66.5,67,62",19.8,61.49,77.67,GMCC SZ59C1H,18,1
410,410100867049773260410,"53,59.5,64,65.5,67.5,67,69,68",19.6,61.21,77.39,GMCC SZ59C1H,18,1
410,410100867049773280410,"55,62,64,65.5,66.5,67.5,68,69,70,70.5",19.6,61.21,77.39,GMCC SZ59C1H,18,1
410,410100867049773320410,"51.5,59.5,62.5,64,65.5,66.5,67.5,66.5,67",19.8,61.49,77.67,GMCC SZ59C1H,18,1
410,410100867049773370410,"54,64,66,66.5,68,68.5,68,69.5,69",20.0,61.76,77.96,GMCC SZ59C1H,18,1
410,410100867049773380410,"53,60.5,63,65,66,66.5,67,67.5,68.5,69,69.5",19.6,61.21,77.39,GMCC SZ59C1H,18,1
410,410100867049773540410,"56,62,64.5,66.5,68,68.5,69,70",19.7,61.35,77.53,GMCC SZ59C1H,18,1
410,410100867049774190410,"55,61,64.5,66,66.5,67,68,67.5,68.5,69,68.5",17.9,58.85,74.98,GMCC SZ59C1H,18,1
410,410100867049789050410,"58,65.5,67,68.5,69,69.5,70,71,70.5",20.0,61.76,77.96,GMCC SZ59C1H,18,1
410,410100867049773400410,"49,57.5,61.5,63.5,64.5,66,66.5,67.5",19.4,60.93,77.11,GMCC SZ59C1H,18,1
410,410100867049810920410,"60.5,65,67,71.5,72,73.5,74.5,75.5",22.7,65.5,81.78,GMCC SZ59C1H,18,1
410,410100867049773410410,"48.5,56,59,62.5,63.5,65,66,67,68.5",19.5,61.07,77.25,GMCC SZ59C1H,18,1
410,410100867049769070410,"52.5,60,63,64.5,65,66,65,66,67",18.4,59.55,75.69,GMCC SZ59C1H,18,1
410,410100867049773550410,"53.5,57.5,61.5,62.5,63,64,65,66.5,66",19.5,61.07,77.25,GMCC SZ59C1H,18,1
410,410100867049811890410,"57.5,60.5,64.5,66.5,68,68.5,70,71,71.5,72,72.5,73.5",21.5,63.84,80.08,GMCC SZ59C1H,18,1
410,410100867049790430410,"55.5,64,66,68,69,70.5,71",19.8,61.49,77.67,GMCC SZ59C1H,18,1
410,410100867049770980410,"50,57.5,60.5,63.5,65.5,66.5,65.5,66,66.5,67.5",19.6,61.21,77.39,GMCC SZ59C1H,18,1
410,410100867049773570410,"48,56,60.5,62.5,64,64.5,65.5,65",19.4,60.93,77.11,GMCC SZ59C1H,18,1
410,410100867049773660410,"53,59.5,64.5,65.5,67,67.5,68.5,69",18.7,59.96,76.12,GMCC SZ59C1H,18,1
410,410100867049790520410,"59.5,63.5,67,69.5,70.5,71.5,72,72.5,73",19.8,61.49,77.67,GMCC SZ59C1H,18,1
410,410100867049770850410,"52,58.5,60.5,63,68,68.5,68",19.6,61.21,77.39,GMCC SZ59C1H,18,1
410,410100867049789090410,"54.5,60.5,65.5,66,67,68.5,68,69,69.5",20.0,61.76,77.96,GMCC SZ59C1H,18,1
410,410100867049773670410,"53,60.5,62.5,63.5,64.5,65,66.5,65.5",18.7,59.96,76.12,GMCC SZ59C1H,18,1
410,410100867049789270410,"56.5,62.5,66.5,68,69.5,70,71.5",19.9,61.62,77.82,GMCC SZ59C1H,18,1
410,410100867049771270410,"50.5,55.5,59.5,62,64.5,65.5,67,68.5,68",19.3,60.79,76.97,GMCC SZ59C1H,18,1
410,410100867049773690410,"52.5,53,61.5,63.5,65.5,66,67.5,66.5,67.5,68,67.5",18.5,59.69,75.83,GMCC SZ59C1H,18,1
410,410100867049773710410,"54.5,58.5,61.5,63.5,64.5,65,68,68.5,69,68",18.5,59.69,75.83,GMCC SZ59C1H,18,1
410,410100867049773740410,"51,60,64,65.5,67.5,68.5,69",18.5,59.69,75.83,GMCC SZ59C1H,18,1
410,410100867049773770410,"49.5,57.5,62.5,65,66,66.5,67,67.5",18.7,59.96,76.12,GMCC SZ59C1H,18,1
410,410100867049810820410,"58.5,60.5,67.5,69.5,70.5,73,73.5,74,74.5",22.9,65.78,82.06,GMCC SZ59C1H,18,1
410,410100867049773790410,"53.5,61.5,63.5,65,65.5,66.5,67.5,68,68.5,69,68.5",18.5,59.69,75.83,GMCC SZ59C1H,18,1
410,410100867049775160410,"53.5,57,64,65,66,66.5,67",17.2,57.89,73.99,GMCC SZ59C1H,18,1
410,410100867049788440410,"55.5,59.5,64.5,65.5,66.5,67.5,68,69,69.5",19.5,61.07,77.25,GMCC SZ59C1H,18,1
410,410100867049773820410,"54,59,63,65.5,66,66.5,68,67,68",18.3,59.41,75.55,GMCC SZ59C1H,18,1
410,410100867049770120410,"53.5,58.5,60,61.5,63.5,64,65,64.5,65,65.5",18.0,58.99,75.13,GMCC SZ59C1H,18,1
410,410100867049766800410,"52,58,61,63,65,65.5,66,67,68,68.5",17.4,58.16,74.28,GMCC SZ59C1H,18,1
410,410100867049773850410,"49.5,55,61,62.5,64,64.5,65.5",18.3,59.41,75.55,GMCC SZ59C1H,18,1
410,410100867049787800410,"56.5,61,66.5,68,68.5,69,69.5,71",20.1,61.9,78.1,GMCC SZ59C1H,18,1
410,410100867049773870410,"50,53,60,64.5,66.5,67,68",18.3,59.41,75.55,GMCC SZ59C1H,18,1
410,410100867049771210410,"54.5,61.5,63.5,64.5,66,67,66.5",19.6,61.21,77.39,GMCC SZ59C1H,18,1
410,410100867049773890410,"53.5,58.5,61.5,64.5,67,67.5,68,69,68",18.2,59.27,75.41,GMCC SZ59C1H,18,1
410,410100867049769940410,"52.5,60,62.5,64,64.5,65.5,66,67",18.3,59.41,75.55,GMCC SZ59C1H,18,1
410,410100867049773910410,"52,57.5,62,63.5,64.5,65.5,67,66",18.2,59.27,75.41,GMCC SZ59C1H,18,1
410,410100867049773920410,"56,62.5,66,66.5,68.5,69.5,69",18.2,59.27,75.41,GMCC SZ59C1H,18,1
410,410100867049773930410,"53,59.5,63,65,66.5,67.5,68,67.5",18.2,59.27,75.41,GMCC SZ59C1H,18,1
410,410100867049773940410,"50,57,61.5,64.5,66,66.5,68,67.5",18.3,59.41,75.55,GMCC SZ59C1H,18,1
410,410100867049765740410,"53.5,61,64.5,65.5,66.5,67.5,68,67,67.5",18.4,59.55,75.69,GMCC SZ59C1H,18,1
410,410100867049773950410,"55,62.5,65.5,65,66,67,67.5,69,68.5",18.3,59.41,75.55,GMCC SZ59C1H,18,1
410,410100867049787830410,"53,59.5,63.5,65.5,66.5,67.5,68,68.5",19.9,61.62,77.82,GMCC SZ59C1H,18,1
410,410100867049773960410,"52.5,60,62.5,64,65.5,66.5,67,68.5,67.5",18.2,59.27,75.41,GMCC SZ59C1H,18,1
410,410100867049774670410,"52.5,58,62.5,64,64.5,65,66.5",17.8,58.72,74.84,GMCC SZ59C1H,18,1
410,410100867049789000410,"55,61.5,67.5,69,70.5,71.5",20.1,61.9,78.1,GMCC SZ59C1H,18,1
410,410100867049773970410,"51,54.5,58,60.5,62.5,64,64.5,65.5,66,67",18.3,59.41,75.55,GMCC SZ59C1H,18,1
410,410100867049773990410,"55.5,60,64.5,65.5,66.5,67.5,68.5,68",18.1,59.13,75.27,GMCC SZ59C1H,18,1
410,410100867049774620410,"51,59,62,64,64.5,65.5,66.5,67.5",17.9,58.85,74.98,GMCC SZ59C1H,18,1
410,410100867049774000410,"56,60.5,66,67,67.5,69,67.5",18.1,59.13,75.27,GMCC SZ59C1H,18,1
410,410100867049775100410,"55.5,62.5,66,67,68.5,68,68.5,69",20.1,61.9,78.1,GMCC SZ59C1H,18,1
410,410100867049767780410,"51.5,55,60.5,63,64,65,66.5,65.5",18.1,59.13,75.27,GMCC SZ59C1H,18,1
410,410100867049775130410,"50,57.5,59.5,60,63.5,63,65",17.6,58.44,74.56,GMCC SZ59C1H,18,1
410,410100867049774030410,"53,61,64,65,68.5,66.5,66",18.1,59.13,75.27,GMCC SZ59C1H,18,1
410,410100867049773390410,"55.5,65.5,68.5,68,68.5,70,70.5",20.4,62.32,78.52,GMCC SZ59C1H,18,1
410,410100867049788770410,"56,64,68.5,68,69,70.5,71,70.5",19.3,60.79,76.97,GMCC SZ59C1H,18,1
410,410100867049773420410,"47,58.5,62.5,64,65,66,67.5,68.5",19.4,60.93,77.11,GMCC SZ59C1H,18,1
410,410100867049774040410,"51.5,58.5,63,65,66.5,68,69,68.5",18.0,58.99,75.13,GMCC SZ59C1H,18,1
410,410100867049770630410,"45.5,52,54.5,57.5,59.5,60.5,61.5,62",18.3,59.41,75.55,GMCC SZ59C1H,18,1
410,410100867049787860410,"52.5,62,65,65.5,67,68.5,69,68",19.9,61.62,77.82,GMCC SZ59C1H,18,1
410,410100867049774050410,"53.5,59,63,64.5,65.5,66,67,66.5",18.1,59.13,75.27,GMCC SZ59C1H,18,1
410,410100867049774060410,"53.5,60,64,65.5,66.5,67,68,67.5",18.0,58.99,75.13,GMCC SZ59C1H,18,1
410,410100867049775070410,"55,62,65,66,67.5,68,69,68",17.4,58.16,74.28,GMCC SZ59C1H,18,1
410,410100867049774070410,"53.5,62,64.5,65.5,66.5,67,69,68",18.0,58.99,75.13,GMCC SZ59C1H,18,1
410,410100867049775370410,"56.5,63,65.5,67,68.5,69,70,69.5",17.8,58.72,74.84,GMCC SZ59C1H,18,1
410,410100867049771370410,"51,59,61.5,63,63.5,64,64.5,66.5,65",19.3,60.79,76.97,GMCC SZ59C1H,18,1
410,410100867049774090410,"55,62.5,65,66.5,67,69,68.5",18.0,58.99,75.13,GMCC SZ59C1H,18,1
410,410100867049774110410,"51.5,58,62,64,66,67,68,68.5",18.0,58.99,75.13,GMCC SZ59C1H,18,1
410,410100867049790610410,"53,58.5,63.5,66.5,67.5,68,69,69.5,70.5,71",19.8,61.49,77.67,GMCC SZ59C1H,18,1
410,410100867049774120410,"52,55.5,62,65,64.5,66.5,67,66",18.0,58.99,75.13,GMCC SZ59C1H,18,1
410,410100867049788980410,"55,61.5,63,65.5,66,66.5,67.5,68,68.5,69.5",20.0,61.76,77.96,GMCC SZ59C1H,18,1
410,410100867049767050410,"56,60.5,63.5,65.5,66,67,65.5",16.9,57.47,73.57,GMCC SZ59C1H,18,1
410,410100867049774140410,"53.5,59.5,62.5,64,65,66,65.5,67,67.5",17.9,58.85,74.98,GMCC SZ59C1H,18,1
410,410100867049766050410,"53,60.5,61.5,62.5,65,66,66.5,67.5,68.5,68",18.2,59.27,75.41,GMCC SZ59C1H,18,1
410,410100867049774150410,"53.5,61,65.5,67,68,68.5,69.5,68,69",17.9,58.85,74.98,GMCC SZ59C1H,18,1
410,410100867049771380410,"54,58,59,61,61.5,62.5,63.5,65.5",19.2,60.65,76.82,GMCC SZ59C1H,18,1
410,410100867049775200410,"55.5,61.5,64.5,65,65.5,66,67,67.5",17.5,58.3,74.42,GMCC SZ59C1H,18,1
410,410100867049775240410,"54,59,63,64,64.5,65,65.5,66",17.1,57.75,73.85,GMCC SZ59C1H,18,1
410,410100867049775500410,"55,61,64.5,65,66,66.5,68,66",17.0,57.61,73.71,GMCC SZ59C1H,18,1
410,410100867049788470410,"54,61.5,63.5,65.5,67,68.5,67.5,67",19.5,61.07,77.25,GMCC SZ59C1H,18,1
410,410100867049774160410,"55.5,62.5,65,67,67.5,69,68,68.5",17.9,58.85,74.98,GMCC SZ59C1H,18,1
410,410100867049772170410,"50.5,55.5,59,61.5,62,63,63.5,65.5",17.5,58.3,74.42,GMCC SZ59C1H,18,1
410,410100867049786790410,"62,65,69,70,70.5,71,72.5,72,72.5,73",21.4,63.7,79.94,GMCC SZ59C1H,18,1
410,410100867049774320410,"53,60.5,64,65.5,66,66.5,67.5,68",17.7,58.58,74.7,GMCC SZ59C1H,18,1
410,410100867049774250410,"56.5,63.5,66,68,69,70.5,70",17.9,58.85,74.98,GMCC SZ59C1H,18,1
410,410100867049774260410,"54,58,63,65,65.5,66.5,67.5,67",17.9,58.85,74.98,GMCC SZ59C1H,18,1
410,410100867049770300410,"50.5,55,59.5,63,63.5,64,65.5,66",18.3,59.41,75.55,GMCC SZ59C1H,18,1
410,410100867049774280410,"51.5,57,62,65.5,66,67.5,68",18.1,59.13,75.27,GMCC SZ59C1H,18,1
410,410100867049768630410,"55,57.5,63.5,66,67,67.5,68.5,69.5",18.7,59.96,76.12,GMCC SZ59C1H,18,1
410,410100867049774230410,"55.5,61.5,64,65,66,66.5,66",17.8,58.72,74.84,GMCC SZ59C1H,18,1
410,410100867049774330410,"58.5,66.5,67.5,69,70.5,72,72.5,73",20.1,61.9,78.1,GMCC SZ59C1H,18,1
410,410100867049774340410,"55,62,64.5,65.5,66.5,67.5,66.5",17.7,58.58,74.7,GMCC SZ59C1H,18,1
410,410100867049773880410,"54.5,59.5,63,65,66,66.5,65.5,66,67.5",18.2,59.27,75.41,GMCC SZ59C1H,18,1
410,410100867049774350410,"53.5,59,63,63.5,65.5,66,67,66.5",17.9,58.85,74.98,GMCC SZ59C1H,18,1
410,410100867049810580410,"56,63.5,68.5,70.5,72.5,73.5",23.1,66.06,82.35,GMCC SZ59C1H,18,1
410,410100867049773230410,"55,60.5,65,66,67,68,69",19.7,61.35,77.53,GMCC SZ59C1H,18,1
410,410100867049774380410,"52.5,64.5,66,67,68,68.5,69,69.5",18.5,59.69,75.83,GMCC SZ59C1H,18,1
410,410100867049774390410,"52.5,59,63.5,65,66,66.5,68,67",17.9,58.85,74.98,GMCC SZ59C1H,18,1
410,410100867049774550410,"50.5,56,61,63,63.5,64,65.5,66.5,67.5",17.9,58.85,74.98,GMCC SZ59C1H,18,1
410,410100867049774220410,"48.5,57.5,61.5,64,65,66,66.5,67.5",17.8,58.72,74.84,GMCC SZ59C1H,18,1
410,410100867049774560410,"52.5,58.5,63,65,66,67,68,67",17.8,58.72,74.84,GMCC SZ59C1H,18,1
410,410100867049788370410,"52,58,61.5,63.5,65.5,66,66.5,68.5,68,67.5",19.4,60.93,77.11,GMCC SZ59C1H,18,1
410,410100867049774580410,"52.5,57.5,60.5,61.5,63,63.5,64.5,65,64.5",17.9,58.85,74.98,GMCC SZ59C1H,18,1
410,410100867049787770410,"56,62.5,66,67,68.5,68,69.5,70",20.1,61.9,78.1,GMCC SZ59C1H,18,1
410,410100867049774610410,"53.5,59,61,62,62.5,63.5,64.5,65",17.9,58.85,74.98,GMCC SZ59C1H,18,1
410,410100867049791220410,"52,56.5,58.5,62.5,63.5,62.5,63.5,64",19.8,61.49,77.67,GMCC SZ59C1H,18,1
410,410100867049774680410,"54.5,60.5,63.5,64.5,65,66,67,66.5",17.8,58.72,74.84,GMCC SZ59C1H,18,1
410,410100867049769400410,"50.5,57.5,61,63,64,64.5,65.5,66,65.5",18.3,59.41,75.55,GMCC SZ59C1H,18,1
410,410100867049774530410,"48.5,55.5,59,61.5,62,63.5,63",17.9,58.85,74.98,GMCC SZ59C1H,18,1
410,410100867049774630410,"51,58.5,62,63,64,65,65.5,66",17.8,58.72,74.84,GMCC SZ59C1H,18,1
410,410100867049774700410,"59,61.5,63,65.5,65,66,65.5",17.9,58.85,74.98,GMCC SZ59C1H,18,1
410,410100867049812070410,"56,65,68,69.5,70,70.5,71.5,72,72.5",21.5,63.84,80.08,GMCC SZ59C1H,18,1
410,410100867049774710410,"52,58.5,61.5,62,63,63.5,65,64",17.7,58.58,74.7,GMCC SZ59C1H,18,1
410,410100867049774720410,"46,55.5,58.5,62,63.5,65,65.5,64.5",17.9,58.85,74.98,GMCC SZ59C1H,18,1
410,410100867049774240410,"53.5,59,64,65,66.5,67,68.5,67",17.9,58.85,74.98,GMCC SZ59C1H,18,1
410,410100867049774730410,"52,57.5,61.5,64.5,66,68,67.5",17.9,58.85,74.98,GMCC SZ59C1H,18,1
410,410100867049772020410,"51.5,58,62,63,64,65.5,66,66.5",18.2,59.27,75.41,GMCC SZ59C1H,18,1
410,410100867049774750410,"53.5,60,63.5,64,65.5,66,67,66.5",17.8,58.72,74.84,GMCC SZ59C1H,18,1
410,410100867049774760410,"53.5,59.5,63,63.5,64.5,65,66.5,65.5",17.8,58.72,74.84,GMCC SZ59C1H,18,1
410,410100867049788030410,"60,66.5,68.5,71.5,71,72,74,72.5",21.7,64.12,80.36,GMCC SZ59C1H,18,1
410,410100867049774780410,"51.5,58.5,62.5,63,63.5,64.5,65.5,65",17.7,58.58,74.7,GMCC SZ59C1H,18,1
410,410100867049811640410,"59,68,70.5,72.5,73.5,74.5,74",22.5,65.22,81.5,GMCC SZ59C1H,18,1
410,410100867049767070410,"49.5,57,60,60.5,61.5,62.5,63.5,64",17.1,57.75,73.85,GMCC SZ59C1H,18,1
410,410100867049773360410,"47,52,58.5,62,63,64,64.5,65.5,67",19.5,61.07,77.25,GMCC SZ59C1H,18,1
410,410100867049774800410,"49,53,58.5,61.5,62.5,64.5,65.5",17.6,58.44,74.56,GMCC SZ59C1H,18,1
410,410100867049766010410,"52.5,59,63.5,66.5,67,67.5,68,67",18.2,59.27,75.41,GMCC SZ59C1H,18,1
410,410100867049774990410,"57.5,63,67,67.5,68,70,71,71.5,72.5",20.1,61.9,78.1,GMCC SZ59C1H,18,1
410,410100867049788280410,"55,61,64,65.5,66,66.5,67.5,68",19.8,61.49,77.67,GMCC SZ59C1H,18,1
410,410100867049811060410,"57,64.5,67,69.5,70.5,71,72,73",22.4,65.09,81.36,GMCC SZ59C1H,18,1
410,410100867049774820410,"53,60.5,64,65,65.5,66.5,67.5,67",17.6,58.44,74.56,GMCC SZ59C1H,18,1
410,410100867049774640410,"52.5,63,64.5,63.5,65,66.5,66",17.8,58.72,74.84,GMCC SZ59C1H,18,1
410,410100867049787290410,"51.5,60.5,67,68,69,70,72.5,71",21.1,63.29,79.52,GMCC SZ59C1H,18,1
410,410100867049768820410,"54,60,63.5,66,65,66,67.5,67",18.6,59.82,75.98,GMCC SZ59C1H,18,1
410,410100867049788180410,"53,57.5,58.5,63,65,65.5,65,66.5,67",19.5,61.07,77.25,GMCC SZ59C1H,18,1
410,410100867049769390410,"52,58,61.5,62.5,63,63.5,64.5,65,65.5",18.4,59.55,75.69,GMCC SZ59C1H,18,1
410,410100867049774830410,"52,60,64.5,66,66.5,67.5,67",18.0,58.99,75.13,GMCC SZ59C1H,18,1
410,410100867049774840410,"53,60,61.5,62.5,64,65.5,65",17.6,58.44,74.56,GMCC SZ59C1H,18,1
410,410100867049774860410,"51.5,59,61,63.5,64.5,65.5,64",17.6,58.44,74.56,GMCC SZ59C1H,18,1
410,410100867049767160410,"54,61.5,64,65,66,66.5,68,66",17.0,57.61,73.71,GMCC SZ59C1H,18,1
410,410100867049768440410,"52,58.5,63,63.5,64,65,65.5,65",16.0,56.22,72.29,GMCC SZ59C1H,18,1
410,410100867049774870410,"52,59,63,64,65.5,67,67.5,66.5",17.5,58.3,74.42,GMCC SZ59C1H,18,1
410,410100867049774890410,"51.5,59.5,62.5,64,64.5,65,65.5,66,66.5",17.6,58.44,74.56,GMCC SZ59C1H,18,1
410,410100867049774920410,"53.5,59,63.5,64,65,65.5,67,66.5",17.8,58.72,74.84,GMCC SZ59C1H,18,1
410,410100867049774940410,"50,57.5,61,61.5,62.5,63.5,65,64",17.8,58.72,74.84,GMCC SZ59C1H,18,1
410,410100867049775440410,"55,61,65,65.5,66,67,67.5,67",17.0,57.61,73.71,GMCC SZ59C1H,18,1
410,410100867049774950410,"55.5,61.5,63.5,64.5,65,66,66.5,66",17.8,58.72,74.84,GMCC SZ59C1H,18,1
410,410100867049774960410,"52.5,57.5,60,62,63.5,64,65.5,66.5,67",17.9,58.85,74.98,GMCC SZ59C1H,18,1
410,410100867049775010410,"51.5,57.5,63,63.5,64,65,65.5,64",17.4,58.16,74.28,GMCC SZ59C1H,18,1
410,410100867049790080410,"57,64,66,67.5,68.5,70,68.5",19.9,61.62,77.82,GMCC SZ59C1H,18,1
410,410100867049775020410,"53.5,60.5,63,63.5,64.5,65,66.5,65.5",17.4,58.16,74.28,GMCC SZ59C1H,18,1
410,410100867049775030410,"54,60,63,63.5,64.5,65,66.5,65,66",17.4,58.16,74.28,GMCC SZ59C1H,18,1
410,410100867049775050410,"52,60,65,66,67.5,68",17.5,58.3,74.42,GMCC SZ59C1H,18,1
410,410100867049767930410,"50,58.5,59,61,62,63,64,65,66",17.0,57.61,73.71,GMCC SZ59C1H,18,1
410,410100867049775060410,"52,58.5,62.5,63,63.5,65,65.5,65",17.2,57.89,73.99,GMCC SZ59C1H,18,1
410,410100867049775090410,"51.5,58.5,63.5,65.5,65,67,66.5,67",17.2,57.89,73.99,GMCC SZ59C1H,18,1
410,410100867049770140410,"55.5,62.5,65.5,66.5,67,68.5,69.5,68.5",17.9,58.85,74.98,GMCC SZ59C1H,18,1
410,410100867049774690410,"53,61.5,64,64.5,65,66.5,67.5,66.5",17.8,58.72,74.84,GMCC SZ59C1H,18,1
410,410100867049775170410,"52.5,60,62.5,63.5,64.5,65.5,66,65.5",17.2,57.89,73.99,GMCC SZ59C1H,18,1
410,410100867049775180410,"52,59.5,62.5,64,65,65.5,66,65.5",17.1,57.75,73.85,GMCC SZ59C1H,18,1
410,410100867049773180410,"58.5,64,66.5,67,68,69.5,71,70.5",19.8,61.49,77.67,GMCC SZ59C1H,18,1
410,410100867049775210410,"52,57.5,60.5,63,64,65,64",17.1,57.75,73.85,GMCC SZ59C1H,18,1
410,410100867049775220410,"52.5,58.5,62,63.5,64,65.5,66.5",20.0,61.76,77.96,GMCC SZ59C1H,18,1
410,410100867049775250410,"53,59,62.5,63.5,64,64.5,66,65",17.1,57.75,73.85,GMCC SZ59C1H,18,1
410,410100867049772060410,"52,58,61.5,64,64.5,65.5,67,66.5",18.2,59.27,75.41,GMCC SZ59C1H,18,1
410,410100867049787220410,"55,62,65.5,67.5,69,68.5,69,70.5",20.7,62.73,78.95,GMCC SZ59C1H,18,1
410,410100867049775260410,"51.5,58.5,61.5,63.5,64,65,66,66.5",17.1,57.75,73.85,GMCC SZ59C1H,18,1
410,410100867049773310410,"54,61.5,64.5,66,66.5,66,68.5,65.5",19.8,61.49,77.67,GMCC SZ59C1H,18,1
410,410100867049775320410,"51,58,61.5,64,65,66,67.5,67",17.2,57.89,73.99,GMCC SZ59C1H,18,1
410,410100867049775330410,"48,53.5,56.5,58,59,60,61,60.5",17.4,58.16,74.28,GMCC SZ59C1H,18,1
410,410100867049788810410,"49.5,56,60.5,63,64.5,64,65.5,67,66.5",19.1,60.52,76.68,GMCC SZ59C1H,18,1
410,410100867049787750410,"59,60,66.5,68,68.5,69,70,70.5,70",20.2,62.04,78.24,GMCC SZ59C1H,18,1
410,410100867049766540410,"55.5,58.5,65.5,65,66.5,67.5,68,68.5,67.5",17.3,58.02,74.13,GMCC SZ59C1H,18,1
410,410100261549687960410,"54,59.5,61,63,63.5,64,65,64.5,65.5,66,66.5",17.7,58.58,74.7,GMCC SZ59C1H,18,1
410,410100867049788880410,"55,58.5,62.5,66,67.5,68.5,69.5,70,71",20.2,62.04,78.24,GMCC SZ59C1H,18,1
410,410100867049774590410,"54.5,59.5,61.5,62.5,63,64,65,64",17.9,58.85,74.98,GMCC SZ59C1H,18,1
410,410100867049775390410,"51.5,59.5,63,64.5,66,66.5,67.5,67",17.4,58.16,74.28,GMCC SZ59C1H,18,1
410,410100867049775400410,"53.5,61.5,64,66,66.5,67.5,68.5",17.0,57.61,73.71,GMCC SZ59C1H,18,1
410,410100867049775410410,"49.5,56,59,60.5,61,62,63.5,63",16.9,57.47,73.57,GMCC SZ59C1H,18,1
410,410100867049775460410,"52,59,62,64.5,65.5,67,66.5",17.0,57.61,73.71,GMCC SZ59C1H,18,1
410,410100867049765780410,"56.5,63.5,65,66.5,67.5,69.5,70,70.5",18.4,59.55,75.69,GMCC SZ59C1H,18,1
410,410100867049775470410,"48,55.5,59.5,61,62.5,63,64,63.5",16.9,57.47,73.57,GMCC SZ59C1H,18,1
410,410100867049775150410,"55,63,66,67.5,68,68.5,69,70",20.1,61.9,78.1,GMCC SZ59C1H,18,1
410,410100867049775490410,"53,60,62,63.5,64,65,66.5,65.5",17.3,58.02,74.13,GMCC SZ59C1H,18,1
410,410100867049772050410,"50.5,57,62,63,65,66,67,66.5",18.2,59.27,75.41,GMCC SZ59C1H,18,1
410,410100867049775650410,"48,53,58,60,61,62,62.5",16.9,57.47,73.57,GMCC SZ59C1H,18,1
410,410100867049790340410,"59.5,66,66.5,68,67.5,69.5,70,70.5,71.5",19.9,61.62,77.82,GMCC SZ59C1H,18,1
410,410100867049775660410,"54.5,61,64,63.5,64.5,66.5,65",17.1,57.75,73.85,GMCC SZ59C1H,18,1
410,410100867049786550410,"58.5,67,68,69.5,68.5,69.5,71,71.5,72,72.5",21.4,63.7,79.94,GMCC SZ59C1H,18,1
410,410100867049786600410,"55.5,62,63,68,68.5,69.5,72,73,74,75",21.3,63.56,79.8,GMCC SZ59C1H,18,1
410,410100867049768210410,"51,59,61.5,62.5,63,64,65,64.5",15.9,56.09,72.15,GMCC SZ59C1H,18,1
410,410100867049786660410,"58.5,63.5,66.5,69,70,71.5,71,73,73.5,73",21.3,63.56,79.8,GMCC SZ59C1H,18,1
410,410100867049786720410,"56.5,64.5,67.5,69,70,70.5,72,70.5",21.2,63.42,79.66,GMCC SZ59C1H,18,1
410,410100867049786690410,"58,67,68.5,70.5,71,71.5,72.5,73,72.5",21.3,63.56,79.8,GMCC SZ59C1H,18,1
410,410100867049786700410,"63.5,67.5,69,70,71,71.5,72.5,73,72.5,73.5",21.3,63.56,79.8,GMCC SZ59C1H,18,1
410,410100867049773140410,"56.5,61.5,62.5,66.5,68.5,68,68.5,69",19.8,61.49,77.67,GMCC SZ59C1H,18,1
410,410100867049786710410,"53,56.5,58.5,66,68,70,71.5",21.2,63.42,79.66,GMCC SZ59C1H,18,1
410,410100867049810810410,"53.5,62,66.5,68,70,69.5,71,72",22.7,65.5,81.78,GMCC SZ59C1H,18,1
410,410100867049786740410,"53,62,65,66,69.5,71,72.5",21.3,63.56,79.8,GMCC SZ59C1H,18,1
410,410100867049786750410,"56,66.5,69.5,71,71.5,72,74.5",21.1,63.29,79.52,GMCC SZ59C1H,18,1
410,410100867049786780410,"54.5,63,68,71.5,72,73.5",21.2,63.42,79.66,GMCC SZ59C1H,18,1
410,410100867049772920410,"55,60.5,64.5,66.5,68,67.5,68.5,68",20.6,62.59,78.81,GMCC SZ59C1H,18,1
410,410100867049786810410,"57,62.5,67,68,69.5,70,70.5,72.5",21.0,63.15,79.37,GMCC SZ59C1H,18,1
410,410100867049775110410,"54,61,64,65,66,67.5,66",17.4,58.16,74.28,GMCC SZ59C1H,18,1
410,410100867049788530410,"53,59,64.5,66,67,67.5,68.5,68",19.4,60.93,77.11,GMCC SZ59C1H,18,1
410,410100867049786820410,"51,60.5,65,68.5,69.5,70.5,70,73",21.0,63.15,79.37,GMCC SZ59C1H,18,1
410,410100867049788750410,"49.5,65,66",19.0,60.38,76.54,GMCC SZ59C1H,18,1
410,410100867049765850410,"52,58.5,62.5,64,64.5,65.5,66,66.5,67.5",18.2,59.27,75.41,GMCC SZ59C1H,18,1
410,410100867049772750410,"55,58,62,65.5,67.5,68,68.5,70,70.5,71.5",20.4,62.32,78.52,GMCC SZ59C1H,18,1
410,410100867049786850410,"52.5,58,63.5,70.5,72,72.5",21.0,63.15,79.37,GMCC SZ59C1H,18,1
410,410100867049786880410,"66,69.5,71,72.5,73,72,73.5,73",21.2,63.42,79.66,GMCC SZ59C1H,18,1
410,410100867049786890410,"54,68.5,70,70.5,71,71.5",21.0,63.15,79.37,GMCC SZ59C1H,18,1
410,410100867049786910410,"62.5,67,68.5,69,70,70.5,71",21.0,63.15,79.37,GMCC SZ59C1H,18,1
410,410100867049773680410,"54,60.5,65,66,67.5,69,70,69.5",18.6,59.82,75.98,GMCC SZ59C1H,18,1
410,410100867049786930410,"51.5,55,58.5,61,67.5,68,70,70.5,71.5,71,73.5",21.0,63.15,79.37,GMCC SZ59C1H,18,1
410,410100867049790880410,"59,67,66.5,68,69.5,70.5,72",19.9,61.62,77.82,GMCC SZ59C1H,18,1
410,410100867049786960410,"57,59,64,66,67,69.5,70.5,71,72",20.9,63.01,79.23,GMCC SZ59C1H,18,1
410,410100867049791190410,"52,54.5,58.5,61.5,65,66,67.5,68",18.9,60.24,76.4,GMCC SZ59C1H,18,1
410,410100867049787000410,"54,62,68,68.5,68,69.5,69,69.5",20.9,63.01,79.23,GMCC SZ59C1H,18,1
410,410100867049811100410,"57,64.5,65.5,68,69.5,70,71,72,73",22.5,65.22,81.5,GMCC SZ59C1H,18,1
410,410100867049787010410,"57,64.5,66,68.5,69.5,70.5,71.5,72.5,73",20.8,62.87,79.09,GMCC SZ59C1H,18,1
410,410100867049787040410,"55,64.5,69,71,71.5,72,71",20.9,63.01,79.23,GMCC SZ59C1H,18,1
410,410100867049767750410,"50,57.5,61.5,63,64.5,66.5,65",16.2,56.5,72.58,GMCC SZ59C1H,18,1
410,410100867049787080410,"57,65,66,68,69,69.5,71,70.5",20.8,62.87,79.09,GMCC SZ59C1H,18,1
410,410100867049787110410,"60,67,69,70,71.5,72,72.5,71.5",20.7,62.73,78.95,GMCC SZ59C1H,18,1
410,410100867049787120410,"56.5,60,65.5,67,68.5,69.5,70.5,71,71.5,72.5",20.8,62.87,79.09,GMCC SZ59C1H,18,1
410,410100867049787130410,"55.5,66,67,68.5,69.5,71,70.5",20.8,62.87,79.09,GMCC SZ59C1H,18,1
410,410100867049787140410,"55.5,62.5,65.5,66.5,68.5,70,69.5",20.8,62.87,79.09,GMCC SZ59C1H,18,1
410,410100867049786900410,"60,63,68,69.5,70,72,71.5,72.5,72,72.5,73",21.0,63.15,79.37,GMCC SZ59C1H,18,1
410,410100867049788250410,"56,59.5,66.5,67.5,69,69.5,70.5,71.5",22.3,64.95,81.21,GMCC SZ59C1H,18,1
410,410100867049787180410,"54,61,65.5,68.5,70,71,70.5,71.5,72.5",20.7,62.73,78.95,GMCC SZ59C1H,18,1
410,410100867049787210410,"56,63.5,65,69,69.5,71,73",20.7,62.73,78.95,GMCC SZ59C1H,18,1
410,410100867049787240410,"55,64,66.5,67,67.5,69,69.5,70",20.7,62.73,78.95,GMCC SZ59C1H,18,1
410,410100867049765830410,"51.5,61.5,63,65,66,66.5,68,68.5",18.3,59.41,75.55,GMCC SZ59C1H,18,1
410,410100867049787250410,"55.5,68.5,69,69.5,71,70",20.7,62.73,78.95,GMCC SZ59C1H,18,1
410,410100867049810610410,"59,67,69,70,72,72.5,73.5,74",23.2,66.19,82.49,GMCC SZ59C1H,18,1
410,410100867049787260410,"59,67,68,68.5,69,69.5,70",20.7,62.73,78.95,GMCC SZ59C1H,18,1
410,410100867049787270410,"55.5,62.5,65.5,66.5,68,69.5,70,70.5,71,70.5",20.7,62.73,78.95,GMCC SZ59C1H,18,1
410,410100867049787310410,"57,61.5,68,68.5,70,71,71.5,72.5",20.7,62.73,78.95,GMCC SZ59C1H,18,1
410,410100867049787350410,"57.5,70.5,71.5,71,73,73.5,72",20.6,62.59,78.81,GMCC SZ59C1H,18,1
410,410100867049771070410,"56.5,62.5,65.5,66,69,68.5,70.5",19.4,60.93,77.11,GMCC SZ59C1H,18,1
410,410100867049787400410,"57,66.5,68,69,69.5,70.5,71.5",20.7,62.73,78.95,GMCC SZ59C1H,18,1
410,410100867049772440410,"52.5,60,61.5,64,64.5,65,66.5",17.7,58.58,74.7,GMCC SZ59C1H,18,1
410,410100867049787440410,"51.5,58,63,65,65.5,68,67.5",20.5,62.45,78.67,GMCC SZ59C1H,18,1
410,410100867049770780410,"63.5,64.5,66,66.5,67.5,68,69,68,69",19.6,61.21,77.39,GMCC SZ59C1H,18,1
410,410100867049787460410,"54,55.5,60.5,66,67.5,68,69.5,71",20.5,62.45,78.67,GMCC SZ59C1H,18,1
410,410100867049787920410,"54.5,62,65.5,67,68.5,69.5,69",19.9,61.62,77.82,GMCC SZ59C1H,18,1
410,410100867049788290410,"53,59,63,63.5,65,65.5,66,65.5",19.5,61.07,77.25,GMCC SZ59C1H,18,1
410,410100867049787500410,"59.5,67.5,69,70,71,72.5,71",20.6,62.59,78.81,GMCC SZ59C1H,18,1
410,410100867049772860410,"54.5,66,67,68,68.5,69.5,70.5,71",20.4,62.32,78.52,GMCC SZ59C1H,18,1
410,410100867049787600410,"53,61,65,66,67.5,68.5,70,71.5",20.5,62.45,78.67,GMCC SZ59C1H,18,1
410,410100867049788580410,"55.5,61.5,65,66.5,67.5,68,69.5,68.5",19.3,60.79,76.97,GMCC SZ59C1H,18,1
410,410100867049766670410,"52,62,64,65,67,67.5,68",17.3,58.02,74.13,GMCC SZ59C1H,18,1
410,410100867049787660410,"59.5,63.5,65.5,67,67.5,68,69,69.5,70,69.5",20.2,62.04,78.24,GMCC SZ59C1H,18,1
410,410100867049768910410,"54.5,61.5,64,66,67,67.5,68,67",18.6,59.82,75.98,GMCC SZ59C1H,18,1
410,410100867049787670410,"56,64.5,66,67.5,69,70,70.5,71.5",20.2,62.04,78.24,GMCC SZ59C1H,18,1
410,410100867049812210410,"60,67,70,72,73,73.5,73,74,75",21.4,63.7,79.94,GMCC SZ59C1H,18,1
410,410100867049788240410,"55,63,66,67,68,69.5,68",19.5,61.07,77.25,GMCC SZ59C1H,18,1
410,410100867049767690410,"54.5,59,61,61.5,62,62.5,63.5,64,63,64",16.7,57.19,73.28,GMCC SZ59C1H,18,1
410,410100867049788300410,"55.5,59,64,66.5,67,69.5,70.5,70,70.5,71.5,70.5",19.6,61.21,77.39,GMCC SZ59C1H,18,1
410,410100867049787710410,"57.5,60.5,63.5,66.5,67.5,68.5,69",20.1,61.9,78.1,GMCC SZ59C1H,18,1
410,410100867049770500410,"50.5,60.5,64.5,65,65.5,66.5,67,67.5,68",19.7,61.35,77.53,GMCC SZ59C1H,18,1
410,410100867049787790410,"57.5,64.5,65.5,67.5,69.5,70.5,72",20.2,62.04,78.24,GMCC SZ59C1H,18,1
410,410100867049787850410,"54,61.5,65,66.5,67,68,68.5,69.5",19.9,61.62,77.82,GMCC SZ59C1H,18,1
410,410100867049787890410,"49,53,56,58,64,65.5,66.5,67.5",19.9,61.62,77.82,GMCC SZ59C1H,18,1
410,410100867049787900410,"53.5,57,61.5,66.5,67.5,68,69,69.5",19.9,61.62,77.82,GMCC SZ59C1H,18,1
410,410100867049787950410,"54,61,65,67,67.5,69.5,70",20.0,61.76,77.96,GMCC SZ59C1H,18,1
410,410100867049787970410,"57,65,67,67.5,69,69.5,70,70.5,71.5,72",19.8,61.49,77.67,GMCC SZ59C1H,18,1
410,410100867049787980410,"60,63,66,67,68.5,69.5,69,71,71.5,71",19.8,61.49,77.67,GMCC SZ59C1H,18,1
410,410100867049788120410,"53,61.5,65.5,66.5,68.5,69.5",19.6,61.21,77.39,GMCC SZ59C1H,18,1
410,410100867049787990410,"55,63.5,66,67,68,68.5,69,70.5",20.1,61.9,78.1,GMCC SZ59C1H,18,1
410,410100867049788000410,"56.5,64.5,68.5,70,71.5,72.5,71,72",21.8,64.26,80.51,GMCC SZ59C1H,18,1
410,410100867049788740410,"51.5,53,53.5,55.5,56,58.5,62,63.5,65.5,64,64.5,65,67,67.5,68",19.1,60.52,76.68,GMCC SZ59C1H,18,1
410,410100867049788010410,"57,63.5,64.5,69.5,71,72.5,74,74.5",21.8,64.26,80.51,GMCC SZ59C1H,18,1
410,410100867049788060410,"55.5,64,65.5,67.5,68.5,69.5,70.5,71.5",22.3,64.95,81.21,GMCC SZ59C1H,18,1
410,410100867049788130410,"53.5,60.5,63,64.5,65.5,66,67,68",20.0,61.76,77.96,GMCC SZ59C1H,18,1
410,410100867049790390410,"57.5,65,67.5,69,71,71.5,72,71.5,73",20.0,61.76,77.96,GMCC SZ59C1H,18,1
410,410100867049788160410,"52.5,60,64,65.5,66.5,66,66.5,67,67.5",20.0,61.76,77.96,GMCC SZ59C1H,18,1
410,410100867049774100410,"53,60,64.5,66.5,67.5,68,69.5,68.5",18.0,58.99,75.13,GMCC SZ59C1H,18,1
410,410100867049768570410,"48.5,53.5,57,60,62.5,64,65,65.5,66,66.5,67",18.8,60.1,76.26,GMCC SZ59C1H,18,1
410,410100867049788170410,"46.5,54.5,59.5,61.5,64.5,65.5,66.5,65.5",19.6,61.21,77.39,GMCC SZ59C1H,18,1
410,410100867049788210410,"55,61,64.5,65.5,66.5,68,67.5",19.6,61.21,77.39,GMCC SZ59C1H,18,1
410,410100867049788220410,"55.5,61.5,65.5,68,67.5,69,69.5",19.5,61.07,77.25,GMCC SZ59C1H,18,1
410,410100867049774660410,"55,57.5,61,62,62.5,63,63.5,64",17.9,58.85,74.98,GMCC SZ59C1H,18,1
410,410100867049788270410,"54.5,61.5,66.5,67.5,69,70,71.5",19.6,61.21,77.39,GMCC SZ59C1H,18,1
410,410100867049788310410,"55.5,62,66,66.5,68,69.5,69",19.6,61.21,77.39,GMCC SZ59C1H,18,1
410,410100867049774740410,"52.5,59.5,64,65,66,66.5",17.8,58.72,74.84,GMCC SZ59C1H,18,1
410,410100867049788320410,"53.5,60,64,66,66.5,67,67.5,68,69.5",19.5,61.07,77.25,GMCC SZ59C1H,18,1
410,410100867049812040410,"58.5,65.5,69.5,70.5,71.5,72,72.5,73,74",21.5,63.84,80.08,GMCC SZ59C1H,18,1
410,410100867049790770410,"55,58,64.5,65.5,67,67.5,68.5,69.5",20.3,62.18,78.38,GMCC SZ59C1H,18,1
410,410100867049771830410,"52,59,60.5,61.5,63.5,64.5,65,66.5,65.5",18.0,58.99,75.13,GMCC SZ59C1H,18,1
410,410100867049788340410,"53.5,60.5,63.5,64.5,65,65.5,66,66.5,67,67.5,68",19.4,60.93,77.11,GMCC SZ59C1H,18,1
410,410100867049786870410,"58,64,66,67,68.5,69.5,70,71,72",21.1,63.29,79.52,GMCC SZ59C1H,18,1
410,410100867049788400410,"56,62.5,66,66.5,67,68.5,69.5,70",19.4,60.93,77.11,GMCC SZ59C1H,18,1
410,410100867049788410410,"54.5,62.5,65,66,67,67.5,68",19.6,61.21,77.39,GMCC SZ59C1H,18,1
410,410100867049766860410,"56,58.5,62.5,65,67,67.5,68,69,68.5",17.1,57.75,73.85,GMCC SZ59C1H,18,1
410,410100867049788450410,"57,65.5,66.5,68,69,69.5,70,70.5,71.5,72",22.4,65.09,81.36,GMCC SZ59C1H,18,1
410,410100867049766850410,"55.5,60,64,64.5,65.5,67,67.5,68",17.1,57.75,73.85,GMCC SZ59C1H,18,1
410,410100867049788460410,"57.5,64.5,66,67,68,69.5,71,70",19.3,60.79,76.97,GMCC SZ59C1H,18,1
410,410100867049788490410,"57.5,67,69,70,71.5,72,73.5,72.5",21.7,64.12,80.36,GMCC SZ59C1H,18,1
410,410100867049788500410,"56,64.5,68,67.5,68.5,69.5,71,70",19.4,60.93,77.11,GMCC SZ59C1H,18,1
410,410100867049773840410,"51,54,58,60,64,65.5,66.5,66,66.5,67,66.5,68.5",18.5,59.69,75.83,GMCC SZ59C1H,18,1
410,410100867049772380410,"50,56.5,61,63,64,64.5,65.5",17.7,58.58,74.7,GMCC SZ59C1H,18,1
410,410100867049788510410,"56.5,64,67.5,68.5,69,70.5,71,70.5",19.6,61.21,77.39,GMCC SZ59C1H,18,1
410,410100867049789340410,"57.5,63.5,67,68,69,70,71.5,70.5",19.9,61.62,77.82,GMCC SZ59C1H,18,1
410,410100867049788540410,"57,65,67,67.5,69,69.5,71,69",19.3,60.79,76.97,GMCC SZ59C1H,18,1
410,410100867049788590410,"51,56,60.5,62.5,64,64.5,65.5,66.5,66",19.1,60.52,76.68,GMCC SZ59C1H,18,1
410,410100867049788600410,"58,64.5,67.5,68.5,70,69.5,70,71",19.6,61.21,77.39,GMCC SZ59C1H,18,1
410,410100867049788730410,"53,62.5,65,65.5,67.5,68,68.5,69",19.4,60.93,77.11,GMCC SZ59C1H,18,1
410,410100867049788790410,"49,51.5,59,64,66,67.5",19.0,60.38,76.54,GMCC SZ59C1H,18,1
410,410100867049788850410,"57,66.5,69,69.5,70.5,71,72,71.5",20.3,62.18,78.38,GMCC SZ59C1H,18,1
410,410100867049788870410,"49,55.5,58,62.5,63,65,66.5,67.5",19.0,60.38,76.54,GMCC SZ59C1H,18,1
410,410100867049765800410,"52,57.5,65.5,67,66.5,67.5,68.5",18.3,59.41,75.55,GMCC SZ59C1H,18,1
410,410100867049767150410,"53.5,60,63,64,65,65.5,66,66.5,67",17.0,57.61,73.71,GMCC SZ59C1H,18,1
410,410100867049788930410,"58,65,68.5,69,70,70.5,71,72.5,71.5",20.4,62.32,78.52,GMCC SZ59C1H,18,1
410,410100867049788950410,"56.5,63.5,65,66,67.5,68.5,69,70",20.0,61.76,77.96,GMCC SZ59C1H,18,1
410,410100867049788960410,"49.5,57,62.5,63.5,65,65.5,66.5,67.5,67",19.0,60.38,76.54,GMCC SZ59C1H,18,1
410,410100867049773070410,"51,52.5,56.5,60.5,62.5,62,65.5,66,65.5,64.5",17.2,57.89,73.99,GMCC SZ59C1H,18,1
410,410100867049789030410,"56,62.5,66,68.5,69.5,69,69.5,70",20.0,61.76,77.96,GMCC SZ59C1H,18,1
410,410100867049789060410,"58,64,65.5,66,67.5,68,68.5,69",20.0,61.76,77.96,GMCC SZ59C1H,18,1
410,410100867049789100410,"55.5,56,62,66,67,67.5,68,69",20.1,61.9,78.1,GMCC SZ59C1H,18,1
410,410100867049789560410,"57.5,59,63,66.5,68,68.5,69,70,70.5",20.0,61.76,77.96,GMCC SZ59C1H,18,1
410,410100867049771990410,"49.5,58,61,63,64,65,65.5,66",18.2,59.27,75.41,GMCC SZ59C1H,18,1
410,410100867049789150410,"55.5,61.5,67,69,69.5,69,70",20.0,61.76,77.96,GMCC SZ59C1H,18,1
410,410100867049766910410,"54,61,64,65.5,66,67,68,67",17.1,57.75,73.85,GMCC SZ59C1H,18,1
410,410100867049789180410,"56.5,63.5,66.5,67.5,68.5,69.5,70.5",20.0,61.76,77.96,GMCC SZ59C1H,18,1
410,410100867049773980410,"52,57.5,62,64,64.5,65,66,66.5",18.3,59.41,75.55,GMCC SZ59C1H,18,1
410,410100867049789200410,"56.5,64.5,67,68,69.5,70.5,72,71",19.9,61.62,77.82,GMCC SZ59C1H,18,1
410,410100867049789210410,"56,63.5,67,68.5,69,70.5,70",19.9,61.62,77.82,GMCC SZ59C1H,18,1
410,410100867049791050410,"53.5,57.5,58.5,62.5,64.5,68,69,69.5,70",19.1,60.52,76.68,GMCC SZ59C1H,18,1
410,410100867049789250410,"58.5,63,67.5,68,68.5,69,70.5,71",19.9,61.62,77.82,GMCC SZ59C1H,18,1
410,410100867049789260410,"56.5,63.5,66.5,67.5,69.5,71,70.5",20.0,61.76,77.96,GMCC SZ59C1H,18,1
410,410100867049789290410,"56.5,63.5,68,67.5,70,69.5,70.5,70",19.9,61.62,77.82,GMCC SZ59C1H,18,1
410,410100867049766620410,"53.5,61,63,63.5,66,65.5,67,66.5",17.1,57.75,73.85,GMCC SZ59C1H,18,1
410,410100867049774080410,"53,60.5,65,66,66.5,68.5,68",18.0,58.99,75.13,GMCC SZ59C1H,18,1
410,410100867049789300410,"57,63.5,66,67,68.5,69,70,69",19.9,61.62,77.82,GMCC SZ59C1H,18,1
410,410100867049771310410,"52,60,64,66,67.5,68,68.5,69,70",19.6,61.21,77.39,GMCC SZ59C1H,18,1
410,410100867049789320410,"57,65.5,69,70,72,71.5,73,73.5,72.5",19.9,61.62,77.82,GMCC SZ59C1H,18,1
410,410100867049789330410,"56.5,63.5,66.5,67.5,68.5,69,70.5,70",19.9,61.62,77.82,GMCC SZ59C1H,18,1
410,410100867049788570410,"43,44,43,44.5,46.5,48,47,42",19.1,60.52,76.68,NS,NS,0
410,410100867049769680410,"49.5,54,56.5,56,57,57.5,59,58",17.9,58.85,74.98,NS,NS,0
410,410100867049772310410,"59,59.5,58.5,57.5,57,55.5",17.5,58.3,74.42,NS,NS,0
410,410100867049766870410,"54.5,55,54,53,53.5,54,53,52.5",17.1,57.75,73.85,NS,NS,0
410,410100867049769730410,"47.5,51,54.5,55,56,56.5,58,57.5",17.9,58.85,74.98,NS,NS,0
410,410100261549669280410,"65,70.5,75,77.5,77,78.5,80,79.5",18.3,59.41,75.55,NS,NS,0
410,410100261549669880410,"62,66.5,70,73,74.5,75.5,77.5,75.5",18.2,59.27,75.41,NS,NS,0
410,410100261549689060410,"63,66,71.5,73.5,76,77.5,78.5,79",18.3,59.41,75.55,NS,NS,0
410,410100867049766020410,"71,76.5,78.5,80,80.5,82.5",18.2,59.27,75.41,NS,NS,0
410,410100867049775640410,"51.5,54,54.5,55.5,56.5,57.5,57",16.9,57.47,73.57,NS,NS,0
410,410100867049786770410,"64,70,71.5,73.5,74.5,76,77,78.5,78,79,80",21.2,63.42,79.66,NS,NS,0
410,410100867049771620410,"46.5,51,55,56.5,58,59.5,59",19.2,60.65,76.82,NS,NS,0
999,999999,"71.7,73.3,73.7,15.3,79.3,79.5,82.5,84.7",9.5,999.0,999.0,999,999,0
999,999999,"49.5,55.5,56.8,22.9,65.7,65.6,68.0,68.3,72.2,77.9",9.7,999.0,999.0,999,999,0
999,999999,"68.5,67.0,69.3,128.1,71.1,73.7,73.4,78.7,79.6",9.8,999.0,999.0,999,999,0
999,999999,"69.9,70.5,73.7,75.1,76.9,78.5",10.4,999.0,999.0,999,999,0
999,999999,"93.4,93.1,93.4,93.5,93.8,95.0,104.5,105.0,106.4,110.0",10.7,999.0,999.0,999,999,0
999,999999,"60.6,61.2,68.6,69.1,70.1",10.7,999.0,999.0,999,999,0
999,999999,"78.8,78.4,81.7,84.1,91.4,94.5,93.6,95.6,96.6,97.2",10.3,999.0,999.0,999,999,0
999,999999,"90.4,93.3,164.7,93.4,94.6,97.5",10.6,999.0,999.0,999,999,0
999,999999,"88.7,88.9,96.0,98.2,128.8,100.0,101.2,103.1,108.2",11.2,999.0,999.0,999,999,0
999,999999,"64.3,66.6,69.3,74.3,77.0",10.5,999.0,999.0,999,999,0
999,999999,"93.4,98.7,100.1,102.5,105.2,105.2,106.5",10.8,999.0,999.0,999,999,0
999,999999,"84.2,83.8,85.3,88.3,89.8,91.9,29.6,94.3",11.2,999.0,999.0,999,999,0
999,999999,"106.1,107.3,25.5,107.8,109.0,112.6,114.3,113.8,114.4",11.3,999.0,999.0,999,999,0
999,999999,"110.6,63.9,68.8,73.9,75.6,76.0,77.5",11.4,999.0,999.0,999,999,0
999,999999,"89.7,16.0,92.5,150.1,105.1,111.9,111.9,116.9",11.0,999.0,999.0,999,999,0
999,999999,"97.1,97.4,97.9,99.0,97.8,101.5,104.2",11.8,999.0,999.0,999,999,0
999,999999,"93.9,95.7,96.0,95.6,95.4,100.4",11.4,999.0,999.0,999,999,0
999,999999,"89.6,90.6,91.4,90.7,90.4,91.1",11.6,999.0,999.0,999,999,0
999,999999,"81.8,82.1,84.2,85.5,85.3",11.8,999.0,999.0,999,999,0
999,999999,"87.0,86.4,95.6,96.5,98.7,100.1,101.5",12.3,999.0,999.0,999,999,0
999,999999,"102.8,102.5,104.1,104.3,105.6,109.1,108.0,109.5,107.5",11.9,999.0,999.0,999,999,0
999,999999,"85.5,87.1,89.0,89.1,96.6,97.8,98.4",12.1,999.0,999.0,999,999,0
999,999999,"104.3,107.1,108.5,107.1,110.1,187.7,110.5,112.8",12.2,999.0,999.0,999,999,0
999,999999,"72.4,70.8,70.5,72.0,70.1,70.3,71.2,73.8,77.3,78.3",12.4,999.0,999.0,999,999,0
999,999999,"66.3,67.6,74.3,77.0,76.4,80.7,82.0,85.7,86.5",12.4,999.0,999.0,999,999,0
999,999999,"77.4,84.3,141.2,86.7,93.6,93.1,98.3",12.1,999.0,999.0,999,999,0
999,999999,"59.1,61.3,61.3,67.2,67.0,66.8,71.4,72.9,73.9,75.2",12.7,999.0,999.0,999,999,0
999,999999,"90.2,87.5,87.6,89.2,90.1,91.4",12.5,999.0,999.0,999,999,0
999,999999,"108.3,106.5,110.7,112.1,112.6,114.9,116.7,119.9",13.2,999.0,999.0,999,999,0
999,999999,"61.1,62.8,65.1,73.1,79.8,80.3,86.2,86.0,88.2,88.3",12.9,999.0,999.0,999,999,0
999,999999,"79.5,80.8,82.9,83.2,83.7,83.8,87.5",13.2,999.0,999.0,999,999,0
999,999999,"85.2,86.2,86.4,87.2,90.1,90.8",13.4,999.0,999.0,999,999,0
999,999999,"73.0,74.7,75.9,79.9,81.1,82.2,88.0,88.3,91.5",12.8,999.0,999.0,999,999,0
999,999999,"111.2,112.3,30.0,113.9,113.6",13.1,999.0,999.0,999,999,0
999,999999,"94.6,97.8,103.1,106.1,106.7,150.5",12.9,999.0,999.0,999,999,0
999,999999,"65.8,71.1,72.6,72.9,82.6,84.5",13.5,999.0,999.0,999,999,0
999,999999,"140.6,84.1,83.7,84.0,88.6",13.6,999.0,999.0,999,999,0
999,999999,"104.2,108.8,109.9,112.7,112.4,112.8,114.4",13.3,999.0,999.0,999,999,0
999,999999,"67.4,70.1,74.9,81.0,81.1,83.4,84.5,85.5,87.1,87.6",13.8,999.0,999.0,999,999,0
999,999999,"101.3,102.3,103.2,103.5,103.5",13.9,999.0,999.0,999,999,0
999,999999,"127.7,86.9,87.1,88.3,91.0",14.4,999.0,999.0,999,999,0
999,999999,"87.4,87.5,91.2,92.5,92.6,94.0,95.7,97.2,105.5,104.3",14.2,999.0,999.0,999,999,0
999,999999,"68.1,68.4,70.7,69.6,71.0,73.9,75.1",14.2,999.0,999.0,999,999,0
999,999999,"66.2,72.7,73.9,74.9,80.1",14.1,999.0,999.0,999,999,0
999,999999,"92.2,90.4,94.2,94.4,93.9,95.3,98.1,98.8,99.9",14.5,999.0,999.0,999,999,0
999,999999,"68.7,69.0,70.3,71.4,75.3,76.0",14.6,999.0,999.0,999,999,0
999,999999,"56.5,59.1,63.2,184.9,71.3,73.1",15.1,999.0,999.0,999,999,0
999,999999,"48.7,49.0,52.4,56.0,63.5,63.5,72.1,74.5,78.7",14.8,999.0,999.0,999,999,0
999,999999,"59.2,61.8,175.0,69.1,69.9,70.5",14.9,999.0,999.0,999,999,0
999,999999,"65.6,66.8,67.7,67.3,69.8,75.8,82.8,83.4",14.9,999.0,999.0,999,999,0
999,999999,"69.5,143.6,74.1,76.1,73.6,74.8,76.6,82.7,85.3",15.2,999.0,999.0,999,999,0
999,999999,"90.8,90.8,185.3,91.5,93.5",15.0,999.0,999.0,999,999,0
999,999999,"90.3,91.6,92.0,97.8,104.4,105.3,106.4,113.9",15.2,999.0,999.0,999,999,0
999,999999,"82.4,83.4,83.4,90.9,91.0",15.8,999.0,999.0,999,999,0
999,999999,"102.4,103.2,102.9,103.3,103.5,105.3,106.3",15.6,999.0,999.0,999,999,0
999,999999,"76.5,78.1,109.0,79.5,80.1,87.7,88.8,88.9",15.8,999.0,999.0,999,999,0
999,999999,"94.7,97.7,100.5,102.3,102.9",16.1,999.0,999.0,999,999,0
999,999999,"48.0,48.1,48.9,50.2,55.7,56.6,61.5,70.0",16.0,999.0,999.0,999,999,0
999,999999,"90.4,91.7,92.8,93.0,94.6,95.5,95.7,99.2,99.8,101.6",15.4,999.0,999.0,999,999,0
999,999999,"91.1,91.7,92.7,94.1,105.8,105.3",16.3,999.0,999.0,999,999,0
999,999999,"72.9,74.1,76.1,82.2,83.8,85.1,89.0,91.3",15.7,999.0,999.0,999,999,0
999,999999,"90.0,93.4,101.1,100.7,102.3,104.6,104.4,106.4",15.8,999.0,999.0,999,999,0
999,999999,"89.1,91.6,92.4,90.8,91.1,91.4,94.8,98.4,102.2",16.7,999.0,999.0,999,999,0
999,999999,"69.2,72.2,73.5,73.6,72.5,75.6,76.1",16.2,999.0,999.0,999,999,0
999,999999,"105.1,106.7,105.3,105.8,105.7,106.4,107.5,109.9,116.4",16.7,999.0,999.0,999,999,0
999,999999,"64.2,64.4,67.7,75.5,76.1,78.3",16.8,999.0,999.0,999,999,0
999,999999,"80.1,78.6,79.4,78.2,79.0,76.0,79.1,80.3,81.5,82.3",16.8,999.0,999.0,999,999,0
999,999999,"65.7,70.1,71.5,71.1,72.4,76.7,82.2,83.5,84.8",16.8,999.0,999.0,999,999,0
999,999999,"102.5,104.5,19.1,108.4,111.6,112.0,114.1,115.7",16.3,999.0,999.0,999,999,0
999,999999,"66.4,68.0,75.1,76.5,83.9",16.5,999.0,999.0,999,999,0
999,999999,"105.2,105.7,20.2,107.0,107.8,110.3,119.3,119.4",17.3,999.0,999.0,999,999,0
999,999999,"81.6,85.0,86.7,91.9,92.1,92.1,95.7,96.2,95.9,94.5",17.1,999.0,999.0,999,999,0
999,999999,"75.2,75.0,77.2,78.5,78.3,80.6,83.1,85.6,87.8,88.4",17.3,999.0,999.0,999,999,0
999,999999,"76.1,76.7,78.4,85.3,85.2",17.3,999.0,999.0,999,999,0
999,999999,"62.3,62.7,67.6,70.4,71.4",16.9,999.0,999.0,999,999,0
999,999999,"94.7,194.7,96.2,98.1,100.0,100.6",17.8,999.0,999.0,999,999,0
999,999999,"95.6,96.5,98.1,107.4,108.9,109.7,110.3,110.9,112.1,116.3",17.2,999.0,999.0,999,999,0
999,999999,"109.5,113.0,112.0,129.6,111.2,115.0,119.6",17.8,999.0,999.0,999,999,0
999,999999,"127.5,80.6,80.5,82.1,83.7,91.6,91.8",17.3,999.0,999.0,999,999,0
999,999999,"87.6,90.2,170.6,95.1,96.6",17.5,999.0,999.0,999,999,0
999,999999,"96.9,103.3,105.4,111.6,118.0",17.6,999.0,999.0,999,999,0
999,999999,"60.8,61.8,61.3,68.6,70.6,75.3,81.5",17.6,999.0,999.0,999,999,0
999,999999,"77.9,79.4,79.2,80.9,81.2,83.6,84.4,84.9,83.5,84.6",18.0,999.0,999.0,999,999,0
999,999999,"85.7,86.0,93.0,101.2,102.1,102.4,103.3",18.1,999.0,999.0,999,999,0
999,999999,"103.0,102.8,104.7,107.4,109.0,110.2,110.1",17.9,999.0,999.0,999,999,0
999,999999,"93.4,141.1,95.7,95.9,96.0",18.9,999.0,999.0,999,999,0
999,999999,"73.1,73.7,75.0,78.9,82.2,82.4",18.1,999.0,999.0,999,999,0
999,999999,"77.8,83.0,83.3,88.9,89.9,94.1",18.5,999.0,999.0,999,999,0
999,999999,"42.7,43.9,50.2,55.2,56.2,61.0,66.2,65.3,66.9,71.9",18.6,999.0,999.0,999,999,0
999,999999,"113.0,111.9,110.5,110.9,112.5,115.2",18.5,999.0,999.0,999,999,0
999,999999,"72.8,72.5,73.4,80.4,80.6,84.0,90.9,91.1",18.5,999.0,999.0,999,999,0
999,999999,"90.3,91.8,91.8,93.6,94.8",18.9,999.0,999.0,999,999,0
999,999999,"85.0,88.6,90.8,91.0,93.2,93.1",19.4,999.0,999.0,999,999,0
999,999999,"37.7,38.9,40.5,47.1,49.2,51.4,54.7,61.1,63.9,70.5",19.2,999.0,999.0,999,999,0
999,999999,"63.6,64.5,71.7,73.3,75.2,83.0,85.2",19.1,999.0,999.0,999,999,0
999,999999,"110.0,109.1,110.8,111.3,113.4,113.9,29.7,115.4",19.2,999.0,999.0,999,999,0
999,999999,"79.3,80.0,85.5,88.5,88.8,90.6",19.3,999.0,999.0,999,999,0
999,999999,"98.0,118.9,98.7,101.8,107.5,108.6,108.2,108.6,111.1,111.6",19.8,999.0,999.0,999,999,0
999,999999,"77.1,78.1,79.4,86.4,92.2,94.3,98.3",19.4,999.0,999.0,999,999,0
999,999999,"99.7,99.9,102.2,103.0,104.8",19.8,999.0,999.0,999,999,0
999,999999,"66.8,69.5,69.4,68.8,69.8,75.3,73.4,75.1",20.4,999.0,999.0,999,999,0
999,999999,"81.3,79.5,83.2,85.3,93.4,94.8,98.5,99.8,101.7",20.4,999.0,999.0,999,999,0
999,999999,"96.5,102.0,100.6,103.4,103.8",19.9,999.0,999.0,999,999,0
999,999999,"47.9,24.5,50.4,141.6,56.9,65.7,68.9,69.3,72.2",20.1,999.0,999.0,999,999,0
999,999999,"105.6,106.3,107.2,108.8,112.5,112.7,114.1,117.9,118.5,118.2",20.4,999.0,999.0,999,999,0
999,999999,"80.5,87.4,89.6,90.3,96.3,99.2,99.6",20.6,999.0,999.0,999,999,0
999,999999,"55.2,66.3,67.6,74.3,75.8,75.9,78.8,78.5,80.3,85.1",21.0,999.0,999.0,999,999,0
999,999999,"103.4,105.0,106.7,107.3,107.7,109.7,111.5,21.1,114.6,115.3",20.7,999.0,999.0,999,999,0
999,999999,"68.5,71.0,70.9,73.0,73.4,73.8",21.3,999.0,999.0,999,999,0
999,999999,"75.0,82.2,84.1,85.0,85.1,87.3,89.2,93.1,93.1",21.2,999.0,999.0,999,999,0
999,999999,"67.0,67.7,74.4,78.4,77.1,79.0,78.8,81.3",21.4,999.0,999.0,999,999,0
999,999999,"104.4,104.8,109.1,109.0,109.2,109.4,175.7,114.4,119.0",20.7,999.0,999.0,999,999,0
999,999999,"96.4,99.1,99.4,100.8,101.2,102.2,104.1,102.5,109.0,110.2",21.0,999.0,999.0,999,999,0
999,999999,"16.8,96.3,103.0,105.9,105.6",21.1,999.0,999.0,999,999,0
999,999999,"65.3,73.1,75.1,75.4,77.4,79.1",21.4,999.0,999.0,999,999,0
999,999999,"109.2,110.0,109.5,111.7,112.7,113.2,115.4",21.1,999.0,999.0,999,999,0
999,999999,"85.0,90.3,90.5,92.2,93.1",21.7,999.0,999.0,999,999,0
999,999999,"96.4,95.7,96.8,102.8,101.4,105.2,106.6,106.9,107.2",22.1,999.0,999.0,999,999,0
999,999999,"58.9,69.8,71.5,72.7,73.2,75.1,77.2,77.8,77.8",21.7,999.0,999.0,999,999,0
999,999999,"81.6,88.1,87.6,87.9,88.4,89.1,140.0,92.6,92.9,98.0",21.9,999.0,999.0,999,999,0
999,999999,"61.4,19.9,70.6,70.6,71.1,73.9,75.3,76.7,79.0,85.1",22.0,999.0,999.0,999,999,0
999,999999,"53.9,56.0,63.0,65.0,63.7,66.4,70.3,75.8,76.0",22.4,999.0,999.0,999,999,0
999,999999,"87.0,87.9,96.7,97.7,97.7,100.6,101.0",21.9,999.0,999.0,999,999,0
999,999999,"116.7,101.9,103.2,105.9,106.5",22.4,999.0,999.0,999,999,0
999,999999,"87.7,91.8,95.3,97.0,96.7,98.1",22.9,999.0,999.0,999,999,0
999,999999,"73.9,73.6,75.0,78.0,79.5,80.1,80.3,82.8,87.0,89.1",22.9,999.0,999.0,999,999,0
999,999999,"82.8,84.6,86.0,86.4,87.3,88.6,90.9",22.7,999.0,999.0,999,999,0
999,999999,"98.3,100.4,103.5,104.1,105.2",22.7,999.0,999.0,999,999,0
999,999999,"87.3,87.1,89.4,92.7,95.1,95.6,97.7,99.1,98.1",23.2,999.0,999.0,999,999,0
999,999999,"76.5,74.7,72.8,71.6,74.3,80.3",22.4,999.0,999.0,999,999,0
999,999999,"105.0,106.8,108.7,108.5,112.6,111.7,113.5",22.7,999.0,999.0,999,999,0
999,999999,"76.6,77.8,77.8,78.7,86.4,93.7",23.3,999.0,999.0,999,999,0
999,999999,"109.3,113.6,112.2,114.7,117.7,116.7",23.0,999.0,999.0,999,999,0
999,999999,"66.5,69.8,71.7,72.8,78.0,81.7",23.7,999.0,999.0,999,999,0
999,999999,"96.3,97.0,97.5,168.1,102.9",23.4,999.0,999.0,999,999,0
999,999999,"64.4,66.6,67.4,73.3,74.0,75.5,80.9,81.3,83.5",23.4,999.0,999.0,999,999,0
999,999999,"103.6,103.5,102.3,102.1,105.1,106.3,110.8",23.4,999.0,999.0,999,999,0
999,999999,"86.4,91.6,23.0,92.6,93.6,94.7,94.4,96.1",23.6,999.0,999.0,999,999,0
999,999999,"85.6,87.3,87.6,89.4,90.3,91.7,91.0,157.9,92.6",23.5,999.0,999.0,999,999,0
999,999999,"110.5,109.1,110.0,110.9,115.1,117.4",23.9,999.0,999.0,999,999,0
999,999999,"82.3,84.0,85.1,88.1,93.5,170.5,98.5",24.4,999.0,999.0,999,999,0
999,999999,"72.2,72.4,74.2,75.5,82.8,84.3,86.6,96.9,98.0",23.9,999.0,999.0,999,999,0
999,999999,"63.2,64.6,66.3,67.3,69.7,75.2,76.3",24.0,999.0,999.0,999,999,0
999,999999,"48.9,49.8,57.6,62.0,69.2,71.6,71.3,74.1,23.3,74.9",24.3,999.0,999.0,999,999,0
999,999999,"98.2,98.0,100.1,104.7,107.0,112.2",24.1,999.0,999.0,999,999,0
999,999999,"103.4,102.2,102.2,102.5,102.6",24.3,999.0,999.0,999,999,0
999,999999,"64.7,20.1,71.9,72.7,72.8",24.5,999.0,999.0,999,999,0
999,999999,"78.0,81.2,82.9,83.9,84.0,84.3,90.1,93.5,93.4",24.5,999.0,999.0,999,999,0
999,999999,"86.3,88.1,24.3,92.2,91.5",24.5,999.0,999.0,999,999,0
999,999999,"46.7,50.4,63.0,63.0,65.4,68.0,71.9,71.0,74.3,76.3",25.2,999.0,999.0,999,999,0
999,999999,"85.2,86.4,86.9,86.8,91.3,91.4,93.6,96.8,95.9",24.9,999.0,999.0,999,999,0
999,999999,"46.3,51.7,57.7,61.9,67.2,68.8,70.6",25.4,999.0,999.0,999,999,0
999,999999,"57.3,59.5,68.3,71.7,74.5,80.3",24.7,999.0,999.0,999,999,0
999,999999,"81.6,82.8,84.1,84.5,88.7",25.1,999.0,999.0,999,999,0
999,999999,"46.5,47.5,47.7,49.5,56.1,57.1,59.8,67.1,74.1",25.3,999.0,999.0,999,999,0
999,999999,"87.1,86.9,17.5,89.5,90.5,90.3,91.5,94.3,99.0,100.2",25.9,999.0,999.0,999,999,0
999,999999,"84.7,86.4,90.6,91.7,92.0,98.1,185.6,103.4",25.4,999.0,999.0,999,999,0
999,999999,"113.9,112.9,113.5,114.9,117.2,116.8",25.2,999.0,999.0,999,999,0
999,999999,"100.5,101.5,105.3,105.2,106.5,113.3",25.6,999.0,999.0,999,999,0
999,999999,"70.5,73.5,75.9,80.9,81.6,82.8",25.7,999.0,999.0,999,999,0
999,999999,"80.5,81.5,84.0,85.0,93.0,93.2",26.2,999.0,999.0,999,999,0
999,999999,"79.7,81.7,85.6,87.6,90.1,98.8",25.9,999.0,999.0,999,999,0
999,999999,"110.2,107.9,107.7,109.5,110.9,111.5,111.9",25.7,999.0,999.0,999,999,0
999,999999,"93.7,93.8,97.2,100.1,102.1,102.5,103.0,103.1",26.4,999.0,999.0,999,999,0
999,999999,"100.5,101.9,102.1,102.4,102.9,109.6,110.7",26.8,999.0,999.0,999,999,0
999,999999,"94.0,98.0,103.1,101.8,107.6",27.0,999.0,999.0,999,999,0
999,999999,"83.6,83.4,85.3,87.2,88.0,89.7,89.6,92.4,178.5",26.6,999.0,999.0,999,999,0
999,999999,"91.9,90.7,97.0,101.7,102.8",27.1,999.0,999.0,999,999,0
999,999999,"61.1,62.8,64.1,65.5,190.7,65.4,69.1,76.6,77.0",26.8,999.0,999.0,999,999,0
999,999999,"47.7,112.8,49.3,55.8,64.8,67.2,68.8,71.5,72.3",26.8,999.0,999.0,999,999,0
999,999999,"69.1,75.2,80.6,82.2,84.9",26.6,999.0,999.0,999,999,0
999,999999,"85.1,87.7,87.4,87.9,93.7,93.6,93.3,93.6,93.2",26.9,999.0,999.0,999,999,0
999,999999,"78.3,78.6,80.0,89.2,88.1",27.4,999.0,999.0,999,999,0
999,999999,"99.5,104.8,106.6,108.3,110.3,116.9",27.0,999.0,999.0,999,999,0
999,999999,"59.3,61.1,61.2,62.4,63.9,66.9,69.8,70.3,78.4",27.9,999.0,999.0,999,999,0
999,999999,"76.8,76.9,83.0,85.5,88.0,88.4",27.1,999.0,999.0,999,999,0
999,999999,"108.9,108.6,108.5,108.0,109.2,109.5,111.6,113.0",27.9,999.0,999.0,999,999,0
999,999999,"104.0,104.7,106.2,108.2,109.3,110.0,112.5,112.5,113.8,119.1",27.6,999.0,999.0,999,999,0
999,999999,"83.5,82.6,84.0,85.8,85.9,87.4,87.8,90.6,91.2,92.1",27.9,999.0,999.0,999,999,0
999,999999,"64.0,65.6,66.4,66.8,70.0,72.4,74.2,197.2,75.5,77.7",28.0,999.0,999.0,999,999,0
999,999999,"93.5,93.3,95.1,97.3,97.4,98.6,99.9,100.0,100.3,111.2",27.9,999.0,999.0,999,999,0
999,999999,"79.4,92.3,92.9,97.3,98.1,106.1,110.8,194.9",28.1,999.0,999.0,999,999,0
999,999999,"99.1,100.5,101.4,107.8,109.1,109.2",28.1,999.0,999.0,999,999,0
999,999999,"108.7,110.0,108.6,107.2,107.3",27.9,999.0,999.0,999,999,0
999,999999,"84.9,86.2,93.8,93.1,93.9,92.6,101.7,101.7,103.2",28.2,999.0,999.0,999,999,0
999,999999,"66.5,192.8,67.0,67.2,68.1,74.3",28.2,999.0,999.0,999,999,0
999,999999,"111.5,112.8,114.4,113.9,115.4,115.8,116.0,117.2,118.0,118.2",29.1,999.0,999.0,999,999,0
999,999999,"83.6,90.5,93.7,94.6,96.5,96.7",28.3,999.0,999.0,999,999,0
999,999999,"74.0,74.5,75.6,76.9,76.6,82.5,87.3,89.5",29.2,999.0,999.0,999,999,0
999,999999,"88.8,88.4,91.6,92.4,93.2,92.1",29.3,999.0,999.0,999,999,0
999,999999,"82.5,84.3,89.0,90.5,93.1,94.9,95.9,99.4",28.8,999.0,999.0,999,999,0
999,999999,"92.2,93.1,95.1,97.5,102.0,102.6,104.1",29.1,999.0,999.0,999,999,0
999,999999,"92.1,92.9,93.9,94.3,95.6,96.3,98.6,103.0,103.0",29.3,999.0,999.0,999,999,0
999,999999,"67.0,74.9,76.4,77.3,81.0",28.8,999.0,999.0,999,999,0
999,999999,"64.8,65.6,73.4,83.6,88.4,89.9,92.8,93.4,93.7",29.2,999.0,999.0,999,999,0
999,999999,"66.9,67.9,68.3,70.8,73.2,72.5,73.3,74.9,75.0,75.4",29.8,999.0,999.0,999,999,0
999,999999,"61.4,62.8,66.9,67.7,70.5,73.6,76.5",29.7,999.0,999.0,999,999,0
999,999999,"68.1,74.0,79.2,80.4,89.6,90.1,91.9,91.6,93.1",29.5,999.0,999.0,999,999,0
999,999999,"87.3,97.3,98.6,96.7,98.6,100.8,100.9,190.1,107.2",30.3,999.0,999.0,999,999,0
999,999999,"113.6,79.7,86.3,86.2,86.7",29.7,999.0,999.0,999,999,0
999,999999,"76.1,78.6,79.1,79.2,79.3,79.6,86.9,93.9",30.3,999.0,999.0,999,999,0
999,999999,"140.7,62.6,64.2,64.2,70.5,71.1",30.1,999.0,999.0,999,999,0
999,999999,"102.9,104.1,104.9,105.4,106.7,106.9,107.8,109.8,110.9,116.0",30.1,999.0,999.0,999,999,0
999,999999,"78.4,86.0,85.9,88.9,92.0,96.3,98.1,97.9,104.4",30.3,999.0,999.0,999,999,0
999,999999,"99.0,99.8,100.1,100.7,100.4,102.1,104.0",30.7,999.0,999.0,999,999,0
999,999999,"97.1,99.7,99.9,98.7,19.6,100.2,108.2",30.4,999.0,999.0,999,999,0
999,999999,"105.9,110.6,112.4,112.5,113.9,115.9",30.4,999.0,999.0,999,999,0
999,999999,"67.4,70.0,71.8,18.2,71.6,73.4,75.2,79.8,173.2",30.8,999.0,999.0,999,999,0
999,999999,"86.1,86.7,89.0,22.7,90.9,92.2",30.7,999.0,999.0,999,999,0
999,999999,"98.7,103.5,103.5,104.2,105.2,106.5,27.0",30.7,999.0,999.0,999,999,0
999,999999,"199.4,92.1,90.2,90.9,92.2,93.3,94.9",30.7,999.0,999.0,999,999,0
999,999999,"77.5,80.9,89.9,93.4,20.6,96.7,98.2,99.9,100.1,101.0",30.8,999.0,999.0,999,999,0
999,999999,"56.2,57.9,66.1,64.0,64.6,64.6,72.7",31.7,999.0,999.0,999,999,0
999,999999,"88.6,89.1,95.8,101.3,102.5,108.1,108.4,110.7,113.1,114.9",31.5,999.0,999.0,999,999,0
999,999999,"54.4,57.5,59.5,61.1,61.9,62.4,64.6,72.3,74.8",31.3,999.0,999.0,999,999,0
999,999999,"74.5,80.0,79.7,80.0,80.5,84.7,86.5,89.2",31.1,999.0,999.0,999,999,0
999,999999,"65.1,66.5,67.7,68.5,72.5,78.0,89.3,94.1",31.7,999.0,999.0,999,999,0
999,999999,"85.5,86.9,92.6,91.2,151.7,91.5,91.7,93.5,95.2,98.8",31.3,999.0,999.0,999,999,0
999,999999,"82.3,87.3,87.8,88.9,89.7,91.3,98.6,101.9,101.9",31.7,999.0,999.0,999,999,0
999,999999,"103.1,107.9,110.8,110.5,111.2",31.7,999.0,999.0,999,999,0
999,999999,"84.9,87.5,94.2,95.7,96.7,97.7",31.7,999.0,999.0,999,999,0
999,999999,"48.9,106.0,56.2,56.9,58.0,69.6,68.6,76.2,77.7,79.0",31.8,999.0,999.0,999,999,0
999,999999,"90.1,97.5,98.5,100.0,101.3,103.2",31.7,999.0,999.0,999,999,0
999,999999,"90.5,89.4,90.2,90.8,91.3,91.6,97.5",32.3,999.0,999.0,999,999,0
999,999999,"57.9,58.9,23.2,62.5,69.4,71.9,73.4,76.2",32.7,999.0,999.0,999,999,0
999,999999,"93.6,94.9,95.7,102.8,104.3,105.8,106.1,106.9,112.3",32.6,999.0,999.0,999,999,0
999,999999,"66.4,66.5,68.5,70.1,70.8,72.5,76.5,77.5",32.9,999.0,999.0,999,999,0
999,999999,"79.0,28.0,81.0,82.3,83.3,92.0",33.0,999.0,999.0,999,999,0
999,999999,"103.3,104.2,104.0,104.7,105.6,106.3,113.1",32.8,999.0,999.0,999,999,0
999,999999,"54.7,57.8,59.1,66.0,67.5,75.8,75.8,80.2,81.5",32.8,999.0,999.0,999,999,0
999,999999,"81.8,83.2,87.9,86.1,87.9,95.1",33.1,999.0,999.0,999,999,0
999,999999,"99.4,100.9,103.5,102.9,104.5,137.1,106.5",33.1,999.0,999.0,999,999,0
999,999999,"54.9,55.9,54.9,59.8,66.4,67.6,68.9,71.7",33.0,999.0,999.0,999,999,0
999,999999,"114.0,18.3,117.4,117.5,119.3,119.7",33.3,999.0,999.0,999,999,0
999,999999,"47.2,20.7,52.9,121.6,64.4,69.7,72.1",33.4,999.0,999.0,999,999,0
999,999999,"101.8,102.3,109.7,111.7,112.4,113.4,111.7,114.1,113.6,114.2",33.0,999.0,999.0,999,999,0
999,999999,"90.6,91.3,93.0,98.1,100.6,100.8",33.3,999.0,999.0,999,999,0
999,999999,"61.6,62.7,62.6,66.8,162.2",33.4,999.0,999.0,999,999,0
999,999999,"72.3,71.9,80.6,79.5,80.4,82.9,86.1",33.6,999.0,999.0,999,999,0
999,999999,"96.5,96.0,95.7,96.8,18.9,96.9,96.6,96.7",33.8,999.0,999.0,999,999,0
999,999999,"112.7,114.9,115.6,114.8,116.1,118.1,118.4",33.6,999.0,999.0,999,999,0
999,999999,"21.7,70.3,74.4,74.8,75.6,77.5,77.7,78.1",34.5,999.0,999.0,999,999,0
999,999999,"55.1,57.6,59.6,57.0,63.2,65.0,70.4,19.8",33.8,999.0,999.0,999,999,0
999,999999,"90.7,99.5,99.6,101.5,101.9",34.5,999.0,999.0,999,999,0
999,999999,"83.0,83.3,82.8,87.1,87.8,86.6,93.1,94.8,96.4,97.7",34.9,999.0,999.0,999,999,0
999,999999,"79.4,80.1,78.8,78.7,80.1",35.0,999.0,999.0,999,999,0
999,999999,"99.0,101.9,103.9,106.6,112.5",34.7,999.0,999.0,999,999,0
999,999999,"88.7,88.3,89.2,22.6,98.6",34.3,999.0,999.0,999,999,0
999,999999,"95.0,93.7,96.5,98.4,98.6,104.1,104.4,104.9",34.6,999.0,999.0,999,999,0
999,999999,"63.8,64.9,65.1,68.7,69.5,76.6,77.5,77.8,79.4",34.5,999.0,999.0,999,999,0
999,999999,"96.0,98.0,100.5,101.4,102.6,18.4,107.2,109.4",10.3,999.0,999.0,999,999,0
999,999999,"109.6,108.1,106.4,107.1,108.1,108.9",10.5,999.0,999.0,999,999,0
999,999999,"63.4,69.1,69.2,73.8,75.8,76.2",10.1,999.0,999.0,999,999,0
999,999999,"114.2,109.8,116.6,117.5,119.7",10.2,999.0,999.0,999,999,0
999,999999,"86.5,86.7,86.1,92.6,91.9,92.1,92.7,99.8,99.4",10.2,999.0,999.0,999,999,0
999,999999,"79.5,81.6,82.1,83.5,84.9,88.0,92.0,93.3,93.4,93.9",10.1,999.0,999.0,999,999,0
999,999999,"83.6,83.5,82.1,84.6,86.0,87.4,87.8,87.5",10.2,999.0,999.0,999,999,0
999,999999,"91.8,92.9,104.0,107.1,108.6,110.2,112.1,111.9,113.5",11.0,999.0,999.0,999,999,0
999,999999,"47.1,45.6,47.6,52.0,53.5,61.1,68.6,71.0,131.3",10.8,999.0,999.0,999,999,0
999,999999,"90.0,91.2,89.8,89.6,90.4,90.6,94.4",11.4,999.0,999.0,999,999,0
999,999999,"67.7,71.0,73.0,73.6,73.9,72.5,73.9,75.6,75.8,77.4",10.8,999.0,999.0,999,999,0
999,999999,"72.4,73.1,74.4,79.4,79.5,80.2,85.7,85.5",10.8,999.0,999.0,999,999,0
999,999999,"63.6,64.3,72.3,189.5,79.0,80.2,82.5,15.9",11.2,999.0,999.0,999,999,0
999,999999,"97.9,98.2,98.1,98.9,100.0",11.2,999.0,999.0,999,999,0
999,999999,"111.3,141.8,116.5,117.1,117.7,117.6,118.7",11.8,999.0,999.0,999,999,0
999,999999,"73.2,74.6,75.9,74.8,76.6,78.9,80.6,84.2",11.3,999.0,999.0,999,999,0
999,999999,"95.5,95.8,96.9,98.5,103.7",11.6,999.0,999.0,999,999,0
999,999999,"109.1,110.2,113.4,113.5,113.8",12.0,999.0,999.0,999,999,0
999,999999,"91.7,93.6,93.5,93.6,96.1,99.8,102.1,104.3,105.5",11.5,999.0,999.0,999,999,0
999,999999,"74.8,82.1,83.6,82.8,83.7,83.9,85.9,87.2",11.8,999.0,999.0,999,999,0
999,999999,"159.6,97.2,98.0,97.7,97.8",11.6,999.0,999.0,999,999,0
999,999999,"84.3,84.5,87.1,89.0,91.1,93.8,96.3,99.8",11.8,999.0,999.0,999,999,0
999,999999,"79.3,79.8,83.3,88.8,90.3,92.0,92.5,92.6,93.7,93.8",12.1,999.0,999.0,999,999,0
999,999999,"81.0,81.9,83.0,83.2,82.6,82.8,85.4,86.2",12.1,999.0,999.0,999,999,0
999,999999,"77.4,78.3,87.4,95.2,95.6,101.7,104.6,110.9,112.4",12.1,999.0,999.0,999,999,0
999,999999,"96.6,96.1,98.4,99.6,100.6,101.6",12.3,999.0,999.0,999,999,0
999,999999,"64.6,65.8,71.1,73.2,72.4,72.8,76.3",13.0,999.0,999.0,999,999,0
999,999999,"83.1,85.0,86.3,88.1,88.9,96.9,99.5",12.5,999.0,999.0,999,999,0
999,999999,"84.9,85.9,87.3,90.3,91.6,92.5,93.5",12.3,999.0,999.0,999,999,0
999,999999,"77.3,77.6,80.3,89.5,91.1,101.1,96.4,103.0,103.1,106.9",13.0,999.0,999.0,999,999,0
999,999999,"76.5,77.7,79.4,82.8,85.6,85.5",12.9,999.0,999.0,999,999,0
999,999999,"87.4,86.8,172.5,85.0,88.2",12.7,999.0,999.0,999,999,0
999,999999,"88.4,92.9,93.6,99.7,100.9,104.3,107.5,109.2",13.4,999.0,999.0,999,999,0
999,999999,"92.1,96.7,96.7,101.1,102.5,106.9",12.9,999.0,999.0,999,999,0
999,999999,"78.4,80.3,84.3,81.9,85.3,85.9",13.5,999.0,999.0,999,999,0
999,999999,"70.2,74.1,75.4,78.7,90.7,96.3,28.2",13.2,999.0,999.0,999,999,0
999,999999,"107.8,109.0,114.3,115.0,199.0",13.6,999.0,999.0,999,999,0
999,999999,"75.7,84.3,89.2,90.2,88.5,93.6,93.4,98.5",13.3,999.0,999.0,999,999,0
999,999999,"106.4,106.4,107.0,108.0,108.7,108.9,110.2,113.8",14.2,999.0,999.0,999,999,0
999,999999,"73.0,26.3,76.7,78.0,79.0,79.7,88.0",13.9,999.0,999.0,999,999,0
999,999999,"70.6,74.4,75.8,77.1,77.7,78.1,78.8",14.4,999.0,999.0,999,999,0
999,999999,"21.2,65.5,65.5,66.8,72.2",14.0,999.0,999.0,999,999,0
999,999999,"69.6,72.5,74.0,74.3,76.1,74.7,77.4,79.4,80.1",14.2,999.0,999.0,999,999,0
999,999999,"75.8,75.4,76.9,75.4,75.7,82.0,82.1,83.0",14.3,999.0,999.0,999,999,0
999,999999,"66.0,65.3,65.8,69.3,70.1,82.1,83.8,85.3,86.3,89.9",14.4,999.0,999.0,999,999,0
999,999999,"86.8,89.0,88.7,90.2,92.1,97.3,98.8,103.5,104.6,105.5",14.1,999.0,999.0,999,999,0
999,999999,"66.7,70.4,70.6,69.2,75.9,75.7,76.4,77.7,82.1,84.9",14.3,999.0,999.0,999,999,0
999,999999,"90.2,90.7,90.5,96.5,97.5,100.9,103.0",14.9,999.0,999.0,999,999,0
999,999999,"78.9,78.9,80.7,77.8,79.2,83.6,83.7,86.2,87.2,86.7",14.8,999.0,999.0,999,999,0
999,999999,"103.5,104.5,104.2,101.4,101.6",14.7,999.0,999.0,999,999,0
999,999999,"90.9,92.7,93.8,94.3,94.8,94.8",15.3,999.0,999.0,999,999,0
999,999999,"79.2,80.0,80.9,93.5,94.2,95.6,95.1,96.9,101.7,102.2",15.3,999.0,999.0,999,999,0
999,999999,"72.5,73.2,75.0,75.0,76.8,84.7",14.8,999.0,999.0,999,999,0
999,999999,"65.8,66.2,66.2,66.7,68.0,68.1,68.8,68.9,70.6",15.3,999.0,999.0,999,999,0
999,999999,"100.6,103.0,103.1,103.0,103.8,105.0,105.0,105.6,105.2",15.1,999.0,999.0,999,999,0
999,999999,"63.2,65.5,72.1,74.8,75.7,78.3,79.8,80.9,82.9,94.1",15.8,999.0,999.0,999,999,0
999,999999,"81.3,82.8,86.2,86.0,88.1",15.1,999.0,999.0,999,999,0
999,999999,"68.6,70.3,76.0,78.0,80.1",16.0,999.0,999.0,999,999,0
999,999999,"74.0,78.3,78.2,84.6,85.1",15.4,999.0,999.0,999,999,0
999,999999,"86.7,86.5,90.9,95.5,96.5",15.7,999.0,999.0,999,999,0
999,999999,"75.1,75.6,77.1,75.8,77.4",15.7,999.0,999.0,999,999,0
999,999999,"86.3,87.6,91.0,96.3,97.6,100.0,101.6,107.8,109.8",16.2,999.0,999.0,999,999,0
999,999999,"73.9,74.2,83.6,89.8,93.0,98.7,100.2,101.3",15.8,999.0,999.0,999,999,0
999,999999,"98.0,98.4,99.0,98.7,98.8,99.1,103.4,105.3,106.2",15.9,999.0,999.0,999,999,0
999,999999,"80.2,82.9,84.2,84.1,85.0,88.9,90.2,24.4,90.4",16.4,999.0,999.0,999,999,0
999,999999,"73.8,85.6,92.9,92.5,98.4,101.7,104.6,104.1,105.3",16.6,999.0,999.0,999,999,0
999,999999,"63.0,62.9,65.8,67.7,69.4,71.1,73.4,74.8,77.9,77.7",16.7,999.0,999.0,999,999,0
999,999999,"87.2,87.5,95.8,99.9,100.7,102.5,102.0,104.7,106.4",16.3,999.0,999.0,999,999,0
999,999999,"80.2,80.1,79.9,15.7,79.3,78.3,79.1,79.4",16.6,999.0,999.0,999,999,0
999,999999,"69.5,70.5,70.5,72.7,77.9,78.4,80.2",17.1,999.0,999.0,999,999,0
999,999999,"112.3,114.6,115.3,115.4,116.8,116.4,116.9,117.6",17.0,999.0,999.0,999,999,0
999,999999,"62.4,62.0,63.6,63.8,65.0,159.8,68.5,74.6,75.2",17.3,999.0,999.0,999,999,0
999,999999,"56.8,60.0,60.0,60.0,66.2,68.0,69.2,73.3,75.4,88.0",17.3,999.0,999.0,999,999,0
999,999999,"70.0,71.3,72.7,73.2,73.7,74.2,75.1,76.5,77.0",17.1,999.0,999.0,999,999,0
999,999999,"80.7,83.5,84.5,85.2,84.9,91.8",17.1,999.0,999.0,999,999,0
999,999999,"97.0,96.4,100.5,100.3,98.8",17.7,999.0,999.0,999,999,0
999,999999,"88.7,89.6,89.5,97.3,100.1",17.1,999.0,999.0,999,999,0
999,999999,"143.1,68.5,15.9,69.1,75.6",17.7,999.0,999.0,999,999,0
999,999999,"107.8,110.5,111.2,111.1,111.3,112.1,113.6,114.2,115.6,116.6",18.0,999.0,999.0,999,999,0
999,999999,"72.2,70.9,125.6,76.6,85.4",18.1,999.0,999.0,999,999,0
999,999999,"117.5,117.5,116.4,115.7,117.4,118.2,119.2",17.7,999.0,999.0,999,999,0
999,999999,"61.5,63.2,100.2,63.1,67.8,73.6,74.2,73.9,75.4",17.7,999.0,999.0,999,999,0
999,999999,"63.9,71.8,70.9,74.7,75.3,82.6,83.8,83.5",18.1,999.0,999.0,999,999,0
999,999999,"64.5,64.9,67.7,74.0,75.7,75.3,77.3",18.5,999.0,999.0,999,999,0
999,999999,"90.8,91.0,91.3,94.9,95.9,98.5,98.3,98.2,99.0,105.8",18.2,999.0,999.0,999,999,0
999,999999,"69.6,71.8,71.8,73.2,71.6",18.0,999.0,999.0,999,999,0
999,999999,"94.5,95.8,96.0,96.7,101.7",18.8,999.0,999.0,999,999,0
999,999999,"85.9,95.1,95.8,99.5,101.2",18.5,999.0,999.0,999,999,0
999,999999,"66.8,65.5,65.5,66.6,66.4,71.7",18.9,999.0,999.0,999,999,0
999,999999,"72.7,73.0,74.1,74.6,75.4,76.6,79.1,77.5",19.2,999.0,999.0,999,999,0
999,999999,"103.0,103.2,104.3,104.4,108.5,108.6,108.4,113.1,113.9,113.9",18.7,999.0,999.0,999,999,0
999,999999,"110.0,111.5,111.9,112.4,113.0,113.2",19.6,999.0,999.0,999,999,0
999,999999,"99.4,108.0,112.4,114.2,114.0",18.8,999.0,999.0,999,999,0
999,999999,"18.0,71.9,73.4,75.3,76.5,85.3,85.7,86.6,90.1",19.5,999.0,999.0,999,999,0
999,999999,"73.0,73.7,79.1,80.9,83.1,83.6,120.6,88.7",19.3,999.0,999.0,999,999,0
999,999999,"97.7,98.6,106.1,17.5,114.5,133.1,117.7",19.3,999.0,999.0,999,999,0
999,999999,"68.7,72.3,73.3,73.2,75.2,76.5,77.1",19.5,999.0,999.0,999,999,0
999,999999,"61.4,62.1,64.8,70.2,76.7,83.5,84.4,85.8,87.7",19.8,999.0,999.0,999,999,0
999,999999,"83.7,85.6,87.6,89.1,29.5,98.3,105.7",19.9,999.0,999.0,999,999,0
999,999999,"58.7,64.5,65.6,67.5,68.6,72.6",20.2,999.0,999.0,999,999,0
999,999999,"98.8,99.8,102.0,103.6,106.9",19.8,999.0,999.0,999,999,0
999,999999,"109.5,111.4,110.2,111.3,111.6,164.6,113.4",20.1,999.0,999.0,999,999,0
999,999999,"65.3,71.8,77.3,77.7,78.1,80.0,81.8,92.0",19.9,999.0,999.0,999,999,0
999,999999,"106.3,106.0,104.0,106.3,104.8,105.4,110.0,110.4",20.6,999.0,999.0,999,999,0
999,999999,"62.8,63.6,64.7,71.7,73.1,75.6",20.8,999.0,999.0,999,999,0
999,999999,"56.9,56.9,58.3,60.4,60.3,62.1,61.7,61.1,69.5,70.6",20.4,999.0,999.0,999,999,0
999,999999,"69.0,70.1,69.9,76.1,77.9,78.7",20.4,999.0,999.0,999,999,0
999,999999,"61.6,65.7,70.7,72.1,72.5,72.8,75.8,77.1,79.7",20.9,999.0,999.0,999,999,0
999,999999,"76.2,76.5,77.5,77.5,77.9,80.5",21.3,999.0,999.0,999,999,0
999,999999,"67.1,71.4,78.6,79.0,81.5,81.3,83.9,84.0,85.8,88.3",21.2,999.0,999.0,999,999,0
999,999999,"103.4,104.8,104.4,103.9,103.8,105.2,107.1,105.9,107.0",20.9,999.0,999.0,999,999,0
999,999999,"99.9,100.0,100.9,102.8,106.7,21.3",21.3,999.0,999.0,999,999,0
999,999999,"75.9,76.6,78.4,21.5,82.0",21.6,999.0,999.0,999,999,0
999,999999,"97.5,98.6,102.3,104.2,106.5,108.3,109.6",21.3,999.0,999.0,999,999,0
999,999999,"85.8,87.7,94.7,98.1,98.5,106.4,107.1,107.9,107.5,107.8",21.0,999.0,999.0,999,999,0
999,999999,"67.4,67.9,70.4,70.1,72.6,75.1,76.6,81.4,83.2,82.8",21.7,999.0,999.0,999,999,0
999,999999,"115.7,116.6,118.3,119.8,118.9",22.0,999.0,999.0,999,999,0
999,999999,"66.6,69.5,74.3,75.0,76.5,78.3,15.5,96.5,100.5,106.4",21.9,999.0,999.0,999,999,0
999,999999,"84.3,86.0,89.3,92.7,92.5",21.6,999.0,999.0,999,999,0
999,999999,"66.9,68.5,75.8,79.2,80.3,84.3",21.4,999.0,999.0,999,999,0
999,999999,"64.8,177.5,70.9,72.5,72.5,71.0,70.9,71.3",22.3,999.0,999.0,999,999,0
999,999999,"111.6,112.3,111.9,112.7,113.8,116.1,116.4",21.7,999.0,999.0,999,999,0
999,999999,"142.3,103.4,103.7,102.4,102.4,108.8",22.6,999.0,999.0,999,999,0
999,999999,"70.1,75.4,75.6,76.6,77.2,78.8",22.2,999.0,999.0,999,999,0
999,999999,"85.6,87.0,88.4,89.5,92.1",22.0,999.0,999.0,999,999,0
999,999999,"97.6,98.7,101.5,102.1,104.8,105.3",22.6,999.0,999.0,999,999,0
999,999999,"97.1,98.1,169.2,101.4,104.1,106.2,26.5,109.6",22.4,999.0,999.0,999,999,0
999,999999,"59.7,61.8,62.8,63.8,62.8,63.5,73.7",22.3,999.0,999.0,999,999,0
999,999999,"110.1,111.6,114.7,114.8,115.5,115.2,116.1,117.8,118.3,118.0",22.4,999.0,999.0,999,999,0
999,999999,"80.4,83.5,86.1,91.5,102.1",23.2,999.0,999.0,999,999,0
999,999999,"99.8,100.7,102.6,103.5,103.3",23.4,999.0,999.0,999,999,0
999,999999,"77.7,77.6,78.6,79.7,79.2,20.7,80.7",23.2,999.0,999.0,999,999,0
999,999999,"93.2,94.9,95.1,106.8,107.0,107.3,109.0",22.7,999.0,999.0,999,999,0
999,999999,"89.0,91.4,91.5,91.9,93.9,94.8,95.2,96.4,99.3",23.6,999.0,999.0,999,999,0
999,999999,"111.4,112.3,175.3,113.5,114.7,114.1,114.6,115.5",23.9,999.0,999.0,999,999,0
999,999999,"81.6,82.8,18.9,85.1,87.5",23.0,999.0,999.0,999,999,0
999,999999,"80.2,81.7,82.2,83.6,20.7,90.1,92.6,93.4,95.2",23.3,999.0,999.0,999,999,0
999,999999,"102.6,104.4,105.2,107.2,109.5",24.0,999.0,999.0,999,999,0
999,999999,"101.5,101.7,106.4,110.9,116.4",24.0,999.0,999.0,999,999,0
999,999999,"103.2,108.4,106.9,109.5,111.2,110.7,112.6,112.3",24.0,999.0,999.0,999,999,0
999,999999,"69.7,71.5,71.0,77.5,81.6,83.3,83.6,87.6,94.4,95.2",24.1,999.0,999.0,999,999,0
999,999999,"108.7,22.6,111.0,114.8,115.5,114.5",24.2,999.0,999.0,999,999,0
999,999999,"106.7,107.5,111.4,110.7,113.5,113.5,155.8,116.3,117.3",23.7,999.0,999.0,999,999,0
999,999999,"80.1,155.2,82.5,86.2,91.6,93.4,96.0,97.9",24.7,999.0,999.0,999,999,0
999,999999,"54.0,61.2,65.0,64.9,69.2,72.8,74.6,77.3",24.5,999.0,999.0,999,999,0
999,999999,"85.6,86.8,94.5,94.4,94.3",24.3,999.0,999.0,999,999,0
999,999999,"97.3,100.1,152.2,104.8,111.4,111.4,113.2",24.9,999.0,999.0,999,999,0
999,999999,"81.2,28.8,90.1,90.3,100.8",24.5,999.0,999.0,999,999,0
999,999999,"56.9,57.5,60.3,60.2,61.6,69.3,71.1,18.3,70.3",24.7,999.0,999.0,999,999,0
999,999999,"91.3,94.6,101.6,102.2,102.3,102.2",24.9,999.0,999.0,999,999,0
999,999999,"93.8,93.9,99.1,101.4,102.5,105.4,110.0,110.8,112.6",25.1,999.0,999.0,999,999,0
999,999999,"68.9,69.2,68.8,67.6,73.7,76.4,77.0,78.8",25.4,999.0,999.0,999,999,0
999,999999,"94.6,96.2,96.7,98.4,103.4,103.5,103.5,105.8",25.6,999.0,999.0,999,999,0
999,999999,"64.2,63.8,65.1,68.3,67.5,68.1,73.0,77.1,78.9,79.0",25.4,999.0,999.0,999,999,0
999,999999,"82.5,88.6,91.1,91.6,95.3,100.0",25.8,999.0,999.0,999,999,0
999,999999,"67.2,69.7,73.9,74.1,76.0",25.7,999.0,999.0,999,999,0
999,999999,"84.0,88.1,89.5,91.6,96.4,97.8,104.8",25.3,999.0,999.0,999,999,0
999,999999,"71.4,71.8,74.1,75.5,83.1,84.5",25.7,999.0,999.0,999,999,0
999,999999,"66.6,71.9,73.5,74.1,75.6,75.3,76.4,77.1",25.4,999.0,999.0,999,999,0
999,999999,"93.7,94.2,102.9,110.7,112.9,114.1,114.8,115.1,114.5",25.7,999.0,999.0,999,999,0
999,999999,"78.4,79.1,80.3,80.8,83.2,83.3",26.5,999.0,999.0,999,999,0
999,999999,"78.0,78.8,80.8,79.4,80.2,80.7,81.0",25.9,999.0,999.0,999,999,0
999,999999,"56.1,59.1,58.9,59.8,59.6,67.6,70.3,76.5,149.7,81.1",26.4,999.0,999.0,999,999,0
999,999999,"56.8,58.2,58.8,66.1,65.9,67.1,76.9,80.1,82.0,81.5",25.8,999.0,999.0,999,999,0
999,999999,"29.9,104.1,105.5,107.1,109.0,108.8,109.4,114.4",26.4,999.0,999.0,999,999,0
999,999999,"113.8,17.7,115.9,114.7,116.3",26.5,999.0,999.0,999,999,0
999,999999,"74.8,75.3,128.8,76.7,80.9,82.0,80.7,81.9",26.7,999.0,999.0,999,999,0
999,999999,"108.8,141.1,112.5,113.3,27.5,118.4",26.8,999.0,999.0,999,999,0
999,999999,"83.7,84.2,84.4,84.4,84.7,92.0,92.1",26.9,999.0,999.0,999,999,0
999,999999,"118.3,70.6,71.1,72.9,77.5,85.6,87.2,90.6",26.7,999.0,999.0,999,999,0
999,999999,"77.0,80.6,168.8,84.2,86.3,90.1,91.8",27.0,999.0,999.0,999,999,0
999,999999,"77.4,79.2,88.5,88.7,88.9",26.9,999.0,999.0,999,999,0
999,999999,"80.1,81.4,82.4,82.4,81.9,85.8,86.8",27.0,999.0,999.0,999,999,0
999,999999,"69.0,70.0,128.5,74.7,76.1,77.7,80.4",27.1,999.0,999.0,999,999,0
999,999999,"88.0,100.9,100.5,102.1,103.8,103.2,137.8,105.6,106.4,110.0",27.7,999.0,999.0,999,999,0
999,999999,"102.7,104.0,108.2,109.0,110.0,21.7,110.7",27.4,999.0,999.0,999,999,0
999,999999,"94.5,95.9,97.5,96.3,102.2,104.6,110.1,112.0,114.4",27.7,999.0,999.0,999,999,0
999,999999,"97.8,98.6,104.1,104.3,105.4,106.5",27.2,999.0,999.0,999,999,0
999,999999,"99.7,102.6,103.2,105.1,105.0,186.7",28.2,999.0,999.0,999,999,0
999,999999,"79.0,84.4,92.7,96.3,99.4",27.8,999.0,999.0,999,999,0
999,999999,"96.8,97.3,99.3,107.1,113.8,117.3",28.1,999.0,999.0,999,999,0
999,999999,"59.7,62.3,60.8,60.4,60.9,64.7,67.0,68.1,71.0",27.8,999.0,999.0,999,999,0
999,999999,"21.7,75.5,76.8,76.1,73.2,74.1",28.5,999.0,999.0,999,999,0
999,999999,"85.7,92.9,92.7,92.8,93.5,94.0,94.3,94.0,92.6",27.9,999.0,999.0,999,999,0
999,999999,"76.1,76.7,128.6,81.3,84.4,84.7,83.2",28.4,999.0,999.0,999,999,0
999,999999,"64.1,64.3,66.2,175.0,81.7,82.2,82.3",29.0,999.0,999.0,999,999,0
999,999999,"84.9,164.1,91.8,93.5,100.0",28.6,999.0,999.0,999,999,0
999,999999,"86.0,87.2,88.0,92.9,97.0,98.4,101.0,102.1,101.7,106.0",29.1,999.0,999.0,999,999,0
999,999999,"87.5,87.1,88.6,92.1,93.7",28.3,999.0,999.0,999,999,0
999,999999,"63.1,64.2,63.1,71.7,76.4,146.2,76.5,78.1",28.8,999.0,999.0,999,999,0
999,999999,"68.9,69.0,73.5,105.5,74.3,75.3,75.2,82.4,82.6,89.5",28.5,999.0,999.0,999,999,0
999,999999,"100.4,103.6,104.7,106.1,107.3,107.5,110.0",28.7,999.0,999.0,999,999,0
999,999999,"99.3,100.6,107.2,111.5,113.7",29.3,999.0,999.0,999,999,0
999,999999,"54.9,55.4,57.0,59.3,59.8,59.9,60.9,62.9,69.8,73.0",28.9,999.0,999.0,999,999,0
999,999999,"102.6,105.1,104.9,106.0,104.8",29.5,999.0,999.0,999,999,0
999,999999,"79.1,81.0,84.0,84.1,84.8,87.5",29.4,999.0,999.0,999,999,0
999,999999,"108.3,107.9,109.9,110.7,111.2,111.5,112.5,116.9,118.7",29.9,999.0,999.0,999,999,0
999,999999,"82.5,82.5,86.8,87.8,89.0,93.2,94.0,95.0,103.2",29.7,999.0,999.0,999,999,0
999,999999,"85.2,85.6,86.1,87.4,88.3",29.7,999.0,999.0,999,999,0
999,999999,"78.4,86.8,87.2,90.4,92.0,93.6",30.0,999.0,999.0,999,999,0
999,999999,"103.4,108.1,108.4,108.0,107.5,106.3,107.6,112.8,115.6",30.2,999.0,999.0,999,999,0
999,999999,"105.6,106.2,107.2,112.1,112.2,117.1,118.2",30.2,999.0,999.0,999,999,0
999,999999,"67.3,69.7,70.4,73.8,73.5,76.4,77.7,78.6,78.3",30.2,999.0,999.0,999,999,0
999,999999,"86.1,86.6,88.6,88.9,90.4,89.3,93.3,99.5",30.2,999.0,999.0,999,999,0
999,999999,"17.4,77.8,79.5,80.2,81.3",30.9,999.0,999.0,999,999,0
999,999999,"104.3,112.7,113.2,114.7,115.7,116.3,116.5",31.0,999.0,999.0,999,999,0
999,999999,"99.5,97.1,98.3,98.9,110.8,115.4",30.6,999.0,999.0,999,999,0
999,999999,"74.7,75.7,74.9,78.9,78.0,79.4,106.9,86.6",30.9,999.0,999.0,999,999,0
999,999999,"94.6,93.3,93.8,104.4,107.0,108.8,109.2,113.8,115.6",30.5,999.0,999.0,999,999,0
999,999999,"111.8,111.7,115.0,115.7,117.0,118.9",30.5,999.0,999.0,999,999,0
999,999999,"72.6,73.8,78.3,82.0,82.1,85.6",30.7,999.0,999.0,999,999,0
999,999999,"70.2,70.7,72.1,78.1,121.2,83.7,84.9,86.7",31.4,999.0,999.0,999,999,0
999,999999,"52.3,53.8,53.8,59.6,69.0,75.0,73.8,76.2",31.1,999.0,999.0,999,999,0
999,999999,"88.8,88.9,91.1,92.2,92.7,91.9,94.4",31.4,999.0,999.0,999,999,0
999,999999,"93.3,98.5,100.9,101.5,101.3,106.8,179.2,107.8,109.3",31.8,999.0,999.0,999,999,0
999,999999,"91.6,93.4,96.1,97.9,99.6,99.9,101.5,104.7,105.7",31.1,999.0,999.0,999,999,0
999,999999,"60.2,61.6,73.1,75.8,81.6,83.0,82.2,84.7,86.4,85.7",31.4,999.0,999.0,999,999,0
999,999999,"70.3,72.1,74.6,83.5,85.2,85.0,85.9,87.2,90.2,92.7",31.6,999.0,999.0,999,999,0
999,999999,"61.1,64.8,66.6,65.7,67.7,69.1,75.2,80.6,81.7",32.0,999.0,999.0,999,999,0
999,999999,"111.9,112.4,113.5,113.2,113.6,189.8,118.2,118.3",32.2,999.0,999.0,999,999,0
999,999999,"99.4,100.0,105.4,107.1,182.1,115.8",32.0,999.0,999.0,999,999,0
999,999999,"95.3,95.8,96.4,97.1,99.6,100.1,103.6,105.9",32.0,999.0,999.0,999,999,0
999,999999,"70.7,78.3,79.7,80.1,79.0",32.3,999.0,999.0,999,999,0
999,999999,"64.2,68.5,69.7,74.1,74.1,73.3,73.5",32.7,999.0,999.0,999,999,0
999,999999,"195.3,69.7,74.0,75.3,77.9,77.6,78.7",32.6,999.0,999.0,999,999,0
999,999999,"104.3,105.3,112.8,136.7,113.9",33.0,999.0,999.0,999,999,0
999,999999,"95.8,96.1,99.1,99.9,101.9,102.1,103.0,107.0,114.0",32.6,999.0,999.0,999,999,0
999,999999,"109.5,111.4,113.2,114.8,116.2,116.9",32.6,999.0,999.0,999,999,0
999,999999,"93.7,93.8,94.5,94.4,94.9,96.0,102.9,104.0,105.7",33.2,999.0,999.0,999,999,0
999,999999,"66.2,72.8,73.2,74.4,79.6",33.3,999.0,999.0,999,999,0
999,999999,"69.8,72.8,73.2,81.5,85.2,102.9,86.5,93.9,95.1,95.7",32.9,999.0,999.0,999,999,0
999,999999,"82.7,83.2,90.3,93.4,94.8,98.9,100.1,101.0,99.3",33.5,999.0,999.0,999,999,0
999,999999,"81.4,83.3,83.8,84.8,86.8,87.1,89.9,93.0",33.6,999.0,999.0,999,999,0
999,999999,"98.6,100.1,100.4,101.9,102.0,106.5,109.4,111.6",33.6,999.0,999.0,999,999,0
999,999999,"73.0,73.1,77.0,77.4,78.2,83.6,87.1,88.3,89.1",33.2,999.0,999.0,999,999,0
999,999999,"72.0,72.8,77.2,174.0,78.9,80.0",33.1,999.0,999.0,999,999,0
999,999999,"89.7,90.2,90.6,99.7,100.0,100.5,101.3,105.6",33.7,999.0,999.0,999,999,0
999,999999,"64.0,66.7,66.8,68.6,71.5,73.0,75.6,77.2,77.7,80.8",33.3,999.0,999.0,999,999,0
999,999999,"87.1,88.9,94.1,93.8,94.2",33.5,999.0,999.0,999,999,0
999,999999,"61.9,66.5,66.6,71.5,76.6,76.3,74.9,76.7,75.6,76.2",33.5,999.0,999.0,999,999,0
999,999999,"52.4,51.9,55.9,63.9,64.2,63.7,66.6,69.0,74.1,76.5",34.0,999.0,999.0,999,999,0
999,999999,"52.9,55.7,54.8,67.1,69.0,68.7,75.4,75.6,75.4",33.7,999.0,999.0,999,999,0
999,999999,"66.3,135.3,69.8,77.2,77.9,82.8,83.6,84.4",34.1,999.0,999.0,999,999,0
999,999999,"93.0,94.8,96.7,97.3,98.3,99.8,102.7,103.3,103.3,105.3",34.2,999.0,999.0,999,999,0
999,999999,"103.2,102.9,104.8,20.0,107.4,107.6,106.3",34.8,999.0,999.0,999,999,0
999,999999,"77.3,78.4,81.6,86.0,90.6,93.0",34.1,999.0,999.0,999,999,0
999,999999,"64.1,66.4,67.3,67.5,69.3,71.6,73.0,73.5,75.1,75.4",34.5,999.0,999.0,999,999,0
999,999999,"85.8,84.6,84.6,88.7,90.7,92.1,99.4,199.9,108.5,109.2",34.4,999.0,999.0,999,999,0
999,999999,"162.5,98.0,98.4,103.6,105.2",34.8,999.0,999.0,999,999,0
999,999999,"27.3,70.2,70.0,73.4,73.8,80.2,81.6,82.1",35.3,999.0,999.0,999,999,0
999,999999,"84.7,85.1,86.8,86.9,87.6,91.3,92.3,98.5,102.5,108.1",19.9,999.0,999.0,999,999,0
999,999999,"103.9,107.1,107.2,108.4,110.1,110.6",29.0,999.0,999.0,999,999,0
999,999999,"71.1,72.7,73.0,71.8,25.8",19.9,999.0,999.0,999,999,0
999,999999,"105.3,107.6,109.2,111.9,26.5",11.6,999.0,999.0,999,999,0
999,999999,"60.7,62.5,62.2,62.2,72.6,73.1,81.8,82.8,84.3",21.0,999.0,999.0,999,999,0
999,999999,"94.0,95.3,97.4,97.8,99.5,102.2,102.9,103.7,106.0,106.6",17.1,999.0,999.0,999,999,0
999,999999,"106.1,107.1,107.8,114.4,114.8,115.0,114.4",29.2,999.0,999.0,999,999,0
999,999999,"80.1,83.9,85.8,92.6,93.1,102.1,105.4,107.4,110.0",11.9,999.0,999.0,999,999,0
999,999999,"74.0,75.9,80.5,80.4,84.1,90.1,91.5,92.3,96.3",19.9,999.0,999.0,999,999,0
999,999999,"75.2,75.2,77.0,78.4,89.8,90.7,90.8,90.9",22.4,999.0,999.0,999,999,0
999,999999,"97.6,97.6,99.8,100.0,102.4,103.3,106.4,106.0",31.4,999.0,999.0,999,999,0
999,999999,"87.6,88.4,93.8,93.8,93.2,94.7,101.0,102.7",31.3,999.0,999.0,999,999,0
999,999999,"76.7,75.8,78.3,91.1,90.7,91.6,93.0,93.6",17.7,999.0,999.0,999,999,0
999,999999,"75.9,78.3,82.3,85.0,85.8,87.7,97.9,102.1,109.7,114.8",30.5,999.0,999.0,999,999,0
999,999999,"73.1,73.6,75.2,75.4,73.8,75.1,74.8,78.1",18.5,999.0,999.0,999,999,0
999,999999,"85.6,86.8,87.2,93.7,95.3,93.7,94.2,98.2",22.6,999.0,999.0,999,999,0
999,999999,"73.5,75.0,75.0,76.0,78.1,81.1,81.5",19.8,999.0,999.0,999,999,0
999,999999,"107.2,108.7,113.5,113.1,114.1,114.5,114.9,116.1",21.2,999.0,999.0,999,999,0
999,999999,"56.7,56.7,57.2,57.6,58.6,65.6,66.4,68.4,71.5,75.9",25.4,999.0,999.0,999,999,0
999,999999,"73.6,73.8,76.2,79.7,81.7,84.3",22.7,999.0,999.0,999,999,0
999,999999,"63.5,64.4,64.0,67.6,27.8,69.7,78.3,79.7",25.2,999.0,999.0,999,999,0
999,999999,"100.2,101.0,104.3,104.8,105.1,107.3,109.5,119.6",15.4,999.0,999.0,999,999,0
999,999999,"113.5,112.3,110.4,116.7,117.6,118.0",11.0,999.0,999.0,999,999,0
999,999999,"84.7,86.4,29.2,87.6,89.1,90.7",19.5,999.0,999.0,999,999,0
999,999999,"89.6,96.3,102.9,103.8,105.2,107.6,110.4,113.2,118.7,118.2",33.7,999.0,999.0,999,999,0
999,999999,"65.3,66.0,161.0,69.2,69.0,72.2",25.8,999.0,999.0,999,999,0
999,999999,"98.3,96.3,98.8,99.5,99.0,101.9,105.9,106.0,106.4,106.6",14.3,999.0,999.0,999,999,0
999,999999,"44.8,49.0,53.3,59.2,61.0,60.6,67.9,69.4,76.0,76.2",23.0,999.0,999.0,999,999,0
999,999999,"68.0,66.9,67.7,70.4,143.7,77.6,81.3",29.1,999.0,999.0,999,999,0
999,999999,"80.5,83.4,84.1,88.8,96.3,97.1,105.1,106.2,107.8,110.4",28.9,999.0,999.0,999,999,0
999,999999,"87.2,185.0,94.0,97.2,97.1,97.8,98.1,98.5,100.2,103.8",13.0,999.0,999.0,999,999,0
999,999999,"71.9,73.2,73.8,74.3,73.8,74.4,77.3",26.2,999.0,999.0,999,999,0
999,999999,"59.7,58.1,59.5,22.5,117.8,71.0,72.7,74.1",30.5,999.0,999.0,999,999,0
999,999999,"103.1,104.1,110.5,111.9,112.9",15.9,999.0,999.0,999,999,0
999,999999,"107.3,109.6,110.7,109.9,112.1,113.6,114.3,115.8,116.1,116.7",12.1,999.0,999.0,999,999,0
999,999999,"69.2,69.1,69.2,70.5,71.8,73.3,75.1",10.1,999.0,999.0,999,999,0
999,999999,"101.7,103.1,107.0,108.0,115.0,114.5,115.7,115.2",33.0,999.0,999.0,999,999,0
999,999999,"64.4,66.7,67.9,68.5,68.9,70.2,72.1,78.6,78.3,80.8",19.3,999.0,999.0,999,999,0
999,999999,"23.9,105.9,106.1,107.9,108.1",14.9,999.0,999.0,999,999,0
999,999999,"111.4,116.3,117.4,117.9,119.4",32.6,999.0,999.0,999,999,0
999,999999,"53.9,55.5,58.5,63.8,174.8,72.5,72.3,74.6,75.9,76.7",15.4,999.0,999.0,999,999,0
999,999999,"98.3,97.3,99.2,101.4,103.6,110.1,110.7,110.7,112.5,111.6",26.8,999.0,999.0,999,999,0
999,999999,"79.4,80.8,82.4,89.1,91.3,94.6,95.7,98.3",33.0,999.0,999.0,999,999,0
999,999999,"79.8,81.3,83.4,84.7,86.0,86.3,86.1,93.8,95.1",28.3,999.0,999.0,999,999,0
999,999999,"56.7,55.2,56.4,63.9,64.4,66.5,68.1,69.8,71.4,79.9",31.4,999.0,999.0,999,999,0
999,999999,"110.5,110.2,112.2,111.6,113.5,113.9,114.0",11.6,999.0,999.0,999,999,0
999,999999,"75.4,81.3,80.0,81.4,82.0,83.3,91.4,93.5,96.8,98.8",29.3,999.0,999.0,999,999,0
999,999999,"87.1,85.6,16.4,87.0,88.5,89.2,89.9",29.4,999.0,999.0,999,999,0
999,999999,"78.8,80.1,81.8,79.9,79.3,81.1,81.3,81.8,26.2,89.5",27.9,999.0,999.0,999,999,0
999,999999,"96.6,99.6,106.4,108.6,116.0,117.2,117.2,119.0",29.4,999.0,999.0,999,999,0
999,999999,"103.3,103.2,103.2,104.1,105.8,110.1,111.9,119.7",15.2,999.0,999.0,999,999,0
999,999999,"92.2,96.8,98.0,102.2,118.3,111.7,113.6,115.2,115.6",21.3,999.0,999.0,999,999,0
999,999999,"85.6,27.5,89.3,90.2,122.9,91.3,107.3",15.6,999.0,999.0,999,999,0
999,999999,"56.9,56.9,55.6,60.0,66.2,73.6,75.3,75.2,75.1",34.5,999.0,999.0,999,999,0
999,999999,"69.3,70.4,72.6,74.2,75.9,77.2,79.0,79.7",17.1,999.0,999.0,999,999,0
999,999999,"67.3,68.9,71.4,71.8,72.2",22.7,999.0,999.0,999,999,0
999,999999,"108.9,110.3,116.9,117.6,117.7,117.6,118.8",33.2,999.0,999.0,999,999,0
999,999999,"61.1,62.6,66.4,70.4,70.8,71.9,74.4",15.1,999.0,999.0,999,999,0
999,999999,"86.1,87.4,90.2,90.1,95.8,95.8",23.4,999.0,999.0,999,999,0
999,999999,"74.6,77.5,78.8,77.4,80.3,85.4,90.0,91.3",11.9,999.0,999.0,999,999,0
999,999999,"97.5,97.6,102.6,102.7,107.0,110.4",18.0,999.0,999.0,999,999,0
999,999999,"88.0,89.2,89.6,91.4,94.1,95.8,97.8,98.5,132.9",26.6,999.0,999.0,999,999,0
999,999999,"95.6,96.7,99.1,99.4,102.3,101.8,102.4,104.2",12.1,999.0,999.0,999,999,0
999,999999,"79.7,80.7,81.8,82.0,94.8,94.6",24.0,999.0,999.0,999,999,0
999,999999,"66.5,73.7,73.3,74.8,75.2",18.6,999.0,999.0,999,999,0
999,999999,"67.8,70.6,71.4,73.3,72.8,73.0,74.1,72.8,73.4",16.6,999.0,999.0,999,999,0
999,999999,"63.8,68.2,69.7,69.0,180.6",11.4,999.0,999.0,999,999,0
999,999999,"100.9,25.4,103.8,104.9,104.7,103.7,105.0,105.8",34.5,999.0,999.0,999,999,0
999,999999,"87.8,89.0,89.7,96.6,98.1,99.0,103.1",11.8,999.0,999.0,999,999,0
999,999999,"58.4,60.2,60.0,60.8,62.0,65.9,63.9,69.5,72.3,74.6",19.3,999.0,999.0,999,999,0
999,999999,"74.0,195.4,74.5,75.9,80.9,82.4,83.6,84.5,84.7,84.8",15.2,999.0,999.0,999,999,0
999,999999,"105.6,106.6,106.8,110.4,110.3,112.7,114.5,117.9,118.8",23.0,999.0,999.0,999,999,0
999,999999,"82.8,83.6,85.0,86.2,87.6,88.8,92.7,92.5,93.8",19.2,999.0,999.0,999,999,0
999,999999,"97.5,99.5,100.7,103.1,107.1,108.5",18.9,999.0,999.0,999,999,0
999,999999,"102.9,102.2,103.6,104.2,104.6,105.8,104.3,104.3",22.0,999.0,999.0,999,999,0
999,999999,"90.6,91.5,19.7,99.1,99.4,101.5,102.9,104.0,105.7",28.9,999.0,999.0,999,999,0
999,999999,"25.0,104.6,105.9,106.7,107.4,108.2,114.2",30.9,999.0,999.0,999,999,0
999,999999,"80.1,80.7,25.1,89.4,90.2,94.1,104.0,104.9,107.4,110.6",27.2,999.0,999.0,999,999,0
999,999999,"89.8,93.2,93.9,94.7,97.9",11.2,999.0,999.0,999,999,0
999,999999,"95.5,96.5,96.2,99.5,101.4,102.9,105.2",28.1,999.0,999.0,999,999,0
999,999999,"80.5,81.6,83.1,84.6,85.9,88.3",12.9,999.0,999.0,999,999,0
999,999999,"25.7,89.7,99.5,106.7,106.2,107.1",30.4,999.0,999.0,999,999,0
999,999999,"101.7,106.3,108.3,109.9,111.1,111.1,113.4,119.1",17.6,999.0,999.0,999,999,0
999,999999,"80.8,80.9,86.2,90.4,90.5,95.0,101.5,103.2,103.7,111.4",26.7,999.0,999.0,999,999,0
999,999999,"74.9,77.0,123.7,84.1,85.6,87.5,86.5",14.9,999.0,999.0,999,999,0
999,999999,"63.4,69.4,73.5,75.0,133.5,76.3",21.2,999.0,999.0,999,999,0
999,999999,"86.9,88.5,89.7,96.2,96.8,95.6,97.7,99.4",24.0,999.0,999.0,999,999,0
999,999999,"73.2,75.2,75.2,76.3,77.8,80.9,82.1,84.4,86.8,91.1",9.7,999.0,999.0,999,999,0
999,999999,"78.4,79.2,79.8,78.6,78.8,80.1,80.2,81.1,82.9,84.7",24.0,999.0,999.0,999,999,0
999,999999,"106.4,181.4,111.8,112.3,113.1,116.8,118.2,118.2",15.8,999.0,999.0,999,999,0
999,999999,"72.4,73.4,77.6,83.5,84.5,84.4,16.7",20.6,999.0,999.0,999,999,0
999,999999,"72.5,73.8,74.4,74.9,75.8",11.4,999.0,999.0,999,999,0
999,999999,"92.9,94.2,96.6,97.6,99.7,100.6",15.7,999.0,999.0,999,999,0
999,999999,"94.5,98.1,99.1,101.1,103.1",32.6,999.0,999.0,999,999,0
999,999999,"83.4,84.0,85.6,86.3,88.1,90.4",28.8,999.0,999.0,999,999,0
999,999999,"94.5,95.3,97.2,99.9,101.9,103.2",25.4,999.0,999.0,999,999,0
999,999999,"79.6,85.4,85.4,91.0,90.2,91.5,94.2,95.2,95.7",31.3,999.0,999.0,999,999,0
999,999999,"79.1,87.1,136.9,94.6,97.3,96.7,107.2,114.6",14.1,999.0,999.0,999,999,0
999,999999,"92.1,90.6,94.3,96.9,96.3,101.2,101.5,104.5,104.3,105.2",25.9,999.0,999.0,999,999,0
999,999999,"95.1,96.1,101.2,102.4,104.5,107.4,107.0,117.9",30.1,999.0,999.0,999,999,0
999,999999,"88.9,89.3,91.2,92.9,97.4,96.4,102.5",29.4,999.0,999.0,999,999,0
999,999999,"92.5,93.7,94.5,97.6,126.7,100.8",33.6,999.0,999.0,999,999,0
999,999999,"76.5,79.7,79.5,81.3,81.8,82.2",11.8,999.0,999.0,999,999,0
999,999999,"59.9,63.4,66.4,67.7,69.4,71.6,71.8,70.7,70.9,70.6",19.8,999.0,999.0,999,999,0
999,999999,"115.1,116.1,116.1,117.3,117.6",15.3,999.0,999.0,999,999,0
999,999999,"148.2,92.4,93.5,92.0,93.9",11.6,999.0,999.0,999,999,0
999,999999,"75.6,77.1,79.8,81.5,81.5,82.4,82.5,82.8",31.0,999.0,999.0,999,999,0
999,999999,"106.5,197.6,105.8,107.0,107.7,112.0",31.4,999.0,999.0,999,999,0
999,999999,"64.3,64.2,65.5,66.6,77.3",31.3,999.0,999.0,999,999,0
999,999999,"72.7,74.5,76.2,76.4,79.1,86.2,91.1",10.5,999.0,999.0,999,999,0
999,999999,"88.2,89.9,90.6,92.3,93.8,96.7",29.3,999.0,999.0,999,999,0
999,999999,"99.6,100.2,100.4,110.2,109.9,109.5,111.4",14.1,999.0,999.0,999,999,0
999,999999,"70.8,71.4,71.1,71.5,74.6,76.2,82.1",31.7,999.0,999.0,999,999,0
999,999999,"64.4,69.0,149.9,79.2,80.2,84.9",30.8,999.0,999.0,999,999,0
999,999999,"86.6,87.0,94.3,98.4,99.5,107.1",33.3,999.0,999.0,999,999,0
999,999999,"63.4,63.6,65.0,65.6,67.0,69.5,69.6,73.5",18.5,999.0,999.0,999,999,0
999,999999,"92.3,92.6,101.5,104.2,104.1,110.4",22.0,999.0,999.0,999,999,0
999,999999,"29.1,106.2,106.7,110.1,110.4,116.5",15.2,999.0,999.0,999,999,0
999,999999,"92.1,95.1,96.3,103.3,105.4,106.7,108.0,109.8",13.0,999.0,999.0,999,999,0
999,999999,"104.9,106.3,107.3,109.0,108.5,109.7,110.0,110.8",25.7,999.0,999.0,999,999,0
999,999999,"69.6,70.8,79.0,81.9,83.4,83.2,84.7,85.1",31.7,999.0,999.0,999,999,0
999,999999,"72.6,76.3,76.6,76.7,80.1,83.4,85.1",10.5,999.0,999.0,999,999,0
999,999999,"98.6,98.2,101.5,104.0,108.2,113.5,113.6,115.3,116.6",28.3,999.0,999.0,999,999,0
999,999999,"105.3,105.6,106.7,110.2,112.3,115.4",23.2,999.0,999.0,999,999,0
999,999999,"71.0,72.4,81.3,80.0,79.6,81.1,81.9,82.3",34.1,999.0,999.0,999,999,0
999,999999,"75.2,78.9,80.5,80.8,81.4",14.4,999.0,999.0,999,999,0
999,999999,"106.1,107.5,115.0,115.4,115.4,116.1,117.1,119.6",25.4,999.0,999.0,999,999,0
999,999999,"70.1,75.8,77.6,79.6,80.9,80.6,80.7,81.5",11.0,999.0,999.0,999,999,0
999,999999,"83.3,84.4,91.9,93.8,95.3,99.6,100.8",15.3,999.0,999.0,999,999,0
999,999999,"90.8,94.8,96.2,96.9,98.0,99.2,99.3",16.7,999.0,999.0,999,999,0
999,999999,"98.3,99.1,100.9,103.3,106.7,105.5,106.8,113.1",19.3,999.0,999.0,999,999,0
999,999999,"20.1,67.4,69.2,72.3,78.6",17.1,999.0,999.0,999,999,0
999,999999,"88.3,87.3,89.6,91.6,92.6,93.8,95.2,96.6,97.9",11.2,999.0,999.0,999,999,0
999,999999,"71.8,73.8,74.4,76.0,82.9,82.9,83.7,84.8,84.0,92.5",19.5,999.0,999.0,999,999,0
999,999999,"65.6,66.8,68.9,69.9,15.6,70.0,79.3,80.6,83.0,83.3",23.2,999.0,999.0,999,999,0
999,999999,"69.5,69.7,70.2,73.8,76.5,76.1,79.9",33.7,999.0,999.0,999,999,0
999,999999,"96.4,97.7,98.5,99.6,103.1,111.9",23.4,999.0,999.0,999,999,0
999,999999,"110.8,110.9,111.9,113.4,113.4,114.0,115.6,114.3,117.5",32.0,999.0,999.0,999,999,0
999,999999,"83.1,89.7,90.3,93.1,92.0,91.8,92.5",16.7,999.0,999.0,999,999,0
999,999999,"92.7,93.8,96.9,97.7,98.3,100.5,102.1",23.5,999.0,999.0,999,999,0
999,999999,"81.2,80.8,82.2,82.9,84.2,84.7,85.1,84.7",34.8,999.0,999.0,999,999,0
999,999999,"86.7,93.3,93.2,95.2,96.0,95.6,100.3,101.2,102.9,103.7",17.6,999.0,999.0,999,999,0
999,999999,"82.7,88.7,90.3,89.9,93.1",24.2,999.0,999.0,999,999,0
999,999999,"81.6,81.8,82.6,90.0,91.9,92.8,94.6,101.9",25.7,999.0,999.0,999,999,0
999,999999,"59.9,61.1,64.2,63.6,63.3,72.0,73.7,74.9,76.1",26.9,999.0,999.0,999,999,0
999,999999,"100.4,102.2,103.4,104.9,107.5,105.7",14.2,999.0,999.0,999,999,0
999,999999,"59.8,58.8,58.5,67.9,69.7,69.1,71.3",22.4,999.0,999.0,999,999,0
999,999999,"86.7,87.4,86.4,91.3,92.1,90.5",10.8,999.0,999.0,999,999,0
999,999999,"80.5,81.0,87.9,88.9,129.1,97.2",33.5,999.0,999.0,999,999,0
999,999999,"87.9,88.2,88.0,89.6,89.5,95.9,97.1,98.4",33.1,999.0,999.0,999,999,0
999,999999,"79.7,80.0,80.7,88.4,89.1,88.9,89.6,88.2",14.4,999.0,999.0,999,999,0
999,999999,"83.7,85.4,85.8,86.6,174.9,93.7,90.7,90.4,93.4",12.5,999.0,999.0,999,999,0
999,999999,"91.9,95.2,95.5,97.1,97.5,99.4,101.5,104.0,108.0",23.4,999.0,999.0,999,999,0
999,999999,"97.0,96.7,97.0,96.9,98.0,98.4",30.3,999.0,999.0,999,999,0
999,999999,"82.7,82.7,83.2,88.1,90.6,93.3,96.2,95.1",17.7,999.0,999.0,999,999,0
999,999999,"95.1,97.3,97.1,98.0,105.9,107.5,108.5,108.5,109.2",12.0,999.0,999.0,999,999,0
999,999999,"66.1,67.9,69.1,70.8,71.0,85.1,90.8,91.5,93.3,92.4",26.8,999.0,999.0,999,999,0
999,999999,"109.0,110.0,113.2,114.2,115.5,114.6",12.8,999.0,999.0,999,999,0
999,999999,"80.7,82.1,85.0,86.4,87.7",14.8,999.0,999.0,999,999,0
999,999999,"64.4,67.0,68.5,74.5,76.1,77.8,84.0",25.3,999.0,999.0,999,999,0
999,999999,"97.3,98.9,98.4,99.4,101.3",15.8,999.0,999.0,999,999,0
999,999999,"91.0,99.6,99.3,100.4,100.7,100.5,102.4,103.2,104.9",31.1,999.0,999.0,999,999,0
999,999999,"61.4,62.8,63.0,69.8,70.1,151.6,73.2,76.5,76.9",14.2,999.0,999.0,999,999,0
999,999999,"61.1,62.7,68.6,71.4,72.2,71.3",19.4,999.0,999.0,999,999,0
999,999999,"65.5,67.5,72.8,78.2,80.0,82.1,82.8,82.9,83.2,84.1",26.9,999.0,999.0,999,999,0
999,999999,"63.6,65.5,66.2,67.3,67.7,70.5,72.2,77.4,77.6",21.2,999.0,999.0,999,999,0
999,999999,"158.6,86.7,87.5,86.7,88.0,89.2,90.9,91.3",31.5,999.0,999.0,999,999,0
999,999999,"101.1,102.2,104.1,104.4,105.4,105.5,106.4,106.2,107.1",32.6,999.0,999.0,999,999,0
999,999999,"86.4,85.4,86.4,93.4,99.3",12.9,999.0,999.0,999,999,0
999,999999,"29.7,92.5,101.1,106.0,107.5,108.9",29.7,999.0,999.0,999,999,0
999,999999,"59.8,59.9,64.7,67.6,69.1,72.4",32.9,999.0,999.0,999,999,0
999,999999,"74.1,73.6,76.6,76.6,81.8,82.4,83.8,86.6,86.5",20.4,999.0,999.0,999,999,0
999,999999,"102.0,103.3,105.0,106.5,107.5",28.1,999.0,999.0,999,999,0
999,999999,"77.9,79.0,80.0,79.7,81.7,84.2,91.1,92.2,94.1,94.6",31.4,999.0,999.0,999,999,0
999,999999,"48.7,57.0,58.4,62.1,69.6,70.5,71.9",22.7,999.0,999.0,999,999,0
999,999999,"86.9,87.5,88.5,89.9,89.9,92.2,93.5",10.2,999.0,999.0,999,999,0
999,999999,"111.0,111.8,114.0,116.2,116.3,116.4,117.3,117.9",10.7,999.0,999.0,999,999,0
999,999999,"79.7,79.6,80.8,88.3,89.8,93.3,93.8",31.3,999.0,999.0,999,999,0
999,999999,"64.1,65.7,66.4,194.9,77.3",10.2,999.0,999.0,999,999,0
999,999999,"92.6,93.8,95.3,96.1,96.6,96.7,96.7,95.8,100.4",24.5,999.0,999.0,999,999,0
999,999999,"78.9,78.4,102.7,85.1,85.8",21.3,999.0,999.0,999,999,0
999,999999,"80.3,84.1,84.6,92.2,98.6,99.3",13.4,999.0,999.0,999,999,0
999,999999,"58.6,62.5,65.2,69.2,70.6,75.7,112.9",23.7,999.0,999.0,999,999,0
999,999999,"95.6,98.9,100.5,99.3,99.9,109.6,109.3,109.9,112.6,115.0",30.4,999.0,999.0,999,999,0
999,999999,"61.2,62.3,63.5,64.2,71.9,73.6",11.0,999.0,999.0,999,999,0
999,999999,"71.9,71.2,73.6,81.7,82.4,83.5",19.3,999.0,999.0,999,999,0
999,999999,"63.1,178.3,71.2,70.4,71.0",14.2,999.0,999.0,999,999,0
999,999999,"85.3,86.3,88.0,94.3,94.7,93.5,95.2,94.7,101.0,105.4",23.2,999.0,999.0,999,999,0
999,999999,"91.3,92.8,99.4,101.6,102.2,108.2,109.0,108.8,109.9",30.7,999.0,999.0,999,999,0
999,999999,"28.4,60.7,59.5,59.7,60.4,63.9,69.4,71.9",27.9,999.0,999.0,999,999,0
999,999999,"77.3,78.1,78.6,78.5,119.3,84.1,87.0,92.3",16.7,999.0,999.0,999,999,0
999,999999,"87.4,87.7,87.0,88.2,88.9,88.3,27.7",20.1,999.0,999.0,999,999,0
999,999999,"75.8,76.3,77.9,78.3,78.5,85.7,88.2,90.3,92.8",33.1,999.0,999.0,999,999,0
999,999999,"103.7,105.1,104.1,105.6,106.5,111.1,117.9,118.5,119.5",33.6,999.0,999.0,999,999,0
999,999999,"65.1,65.4,73.1,74.1,79.0,81.4",15.0,999.0,999.0,999,999,0
999,999999,"96.1,101.9,104.1,103.2,103.0",19.2,999.0,999.0,999,999,0
999,999999,"62.3,63.3,69.1,68.7,68.9,67.7,70.2",24.0,999.0,999.0,999,999,0
999,999999,"81.4,83.1,84.9,88.6,93.5,95.2",31.8,999.0,999.0,999,999,0
999,999999,"76.2,79.4,79.4,87.8,89.7,91.7,91.2",33.2,999.0,999.0,999,999,0
999,999999,"81.3,85.9,84.5,83.8,85.3",25.3,999.0,999.0,999,999,0
