model,barcode,power,temperature,boundaryPowerMax,boundaryPowerMin,compressorModel,doza,label
411,411100243149263710411,"50,50.5,50,58,55,55.5,56,55.5,55",18.5,47.42,63.12,GMCC SZ59C1H,15,1
411,411100243149263680411,"45,46.5,49,51,52.5,51.5,52.5,52,52.5",18.4,47.32,63.02,GMCC SZ59C1H,15,1
411,411100243149263670411,"47.5,54,52.5,54.5,55,54,55,56",18.5,47.42,63.12,GMCC SZ59C1H,15,1
411,411100243149263650411,"46.5,49.5,54,55.5,55,54.5,55",18.4,47.32,63.02,GMCC SZ59C1H,15,1
411,411100243149263640411,"46,46.5,50.5,53.5,55,56,54,55",18.4,47.32,63.02,GMCC SZ59C1H,15,1
411,411100243149263630411,"48,51.5,53,53.5,55,54.5,54,56",18.5,47.42,63.12,GMCC SZ59C1H,15,1
411,411100243149263590411,"47,51,53,54.5,55,54.5,55",18.7,47.63,63.34,GMCC SZ59C1H,15,1
411,411100243149263580411,"49,49.5,51.5,54.5,55.5,56,56.5,57.5,56.5,57,57.5",18.5,47.42,63.12,GMCC SZ59C1H,15,1
411,411100243149263570411,"47,50.5,52.5,55,55.5",18.6,47.53,63.23,GMCC SZ59C1H,15,1
411,411100243149263520411,"46.5,49,52,52.5,53.5,52.5",18.8,47.73,63.45,GMCC SZ59C1H,15,1
411,411100243149263500411,"47.5,52,54.5,55.5,55,56.5,55.5",18.6,47.53,63.23,GMCC SZ59C1H,15,1
411,411100243149263460411,"45,49,49.5,51.5,52.5,52,52.5,51.5,53",18.8,47.73,63.45,GMCC SZ59C1H,15,1
411,411100243149263400411,"41.5,44.5,47,48,47.5,48,49.5",15.7,44.56,60.1,GMCC SZ59C1H,15,1
411,411100243149263390411,"42.5,44.5,46,46.5,47.5,48.5,48",15.7,44.56,60.1,GMCC SZ59C1H,15,1
411,411100243149263360411,"48,52.5,54.5,54,55,53.5,54",15.8,44.66,60.21,GMCC SZ59C1H,15,1
411,411100243149263350411,"43.5,46,48,47.5,46.5,48.5,48,48.5,47.5,47",15.7,44.56,60.1,GMCC SZ59C1H,15,1
411,411100243149263330411,"44,48.5,49,49.5,50,50.5,50",15.7,44.56,60.1,GMCC SZ59C1H,15,1
411,411100243149263290411,"47,50,53.5,54.5,54,55,54.5,54",16.1,44.97,60.54,GMCC SZ59C1H,15,1
411,411100243149263280411,"47,51,54,54.5,55.5,55,54.5",15.9,44.76,60.32,GMCC SZ59C1H,15,1
411,411100243149263270411,"46.5,54.5",16.9,45.79,61.4,GMCC SZ59C1H,15,1
411,411100243149263550411,"45,47.5,47,50,51,51.5,52,53,52,52.5,53,52.5",18.6,47.53,63.23,GMCC SZ59C1H,15,1
411,411100243149263260411,"47,51,53,54,53,54,52,54.5",16.0,44.87,60.43,GMCC SZ59C1H,15,1
411,411100243149263250411,"47,47.5,51,49.5,52,55.5,55,55.5",16.0,44.87,60.43,GMCC SZ59C1H,15,1
411,411100243149263230411,"48.5,52.5,53,53.5,55.5,55,54.5",16.0,44.87,60.43,GMCC SZ59C1H,15,1
411,411100243149263210411,"48,51.5,55,55.5,56,55.5,55",16.3,45.17,60.75,GMCC SZ59C1H,15,1
411,411100243149263190411,"46,49.5,53.5,53,54,54.5,53.5",16.0,44.87,60.43,GMCC SZ59C1H,15,1
411,411100243149263170411,"52,49,49.5,52,53.5,55,55.5,55,54.5",16.1,44.97,60.54,GMCC SZ59C1H,15,1
411,411100243149263060411,"47,50,52,55,54.5,55,55.5,56",16.9,45.79,61.4,GMCC SZ59C1H,15,1
411,411100243149263000411,"52,51,53.5,55.5,55",16.7,45.58,61.18,GMCC SZ59C1H,15,1
411,411100243149262990411,"48,49,50.5,51,52,53.5,52.5,51.5,53",16.8,45.68,61.29,GMCC SZ59C1H,15,1
411,411100243149262970411,"49.5,52,54.5,54,55,54.5,55,54.5,55,54.5",16.7,45.58,61.18,GMCC SZ59C1H,15,1
411,411100243149262950411,"46.5,50.5,51.5,52.5,53,54,53.5,52",16.8,45.68,61.29,GMCC SZ59C1H,15,1
411,411100243149263620411,"48,54,54.5,55.5,55,54.5,56",18.4,47.32,63.02,GMCC SZ59C1H,15,1
411,411100243149262930411,"46.5,51.5,55,56.5,56,55,55.5,55",16.9,45.79,61.4,GMCC SZ59C1H,15,1
411,411100243149262910411,"45.5,50.5,51,52,53,52.5,53,52.5",16.9,45.79,61.4,GMCC SZ59C1H,15,1
411,411100243149262900411,"47.5,52.5,57,57.5,56.5,56,55,57",16.9,45.79,61.4,GMCC SZ59C1H,15,1
411,411100243149262880411,"44.5,51.5,52,51.5,51,54,53",17.1,45.99,61.61,GMCC SZ59C1H,15,1
411,411100243149262870411,"44.5,47,48.5,51.5,52.5,53.5,54.5",17.1,45.99,61.61,GMCC SZ59C1H,15,1
411,411100243149262860411,"47.5,50.5,53,54,55,54",17.0,45.89,61.51,GMCC SZ59C1H,15,1
411,411100243149262830411,"47,51,56,56.5,58,56.5,57",17.1,45.99,61.61,GMCC SZ59C1H,15,1
411,411100243149262820411,"46,49,55.5,51.5,50,51.5,51,49.5",17.1,45.99,61.61,GMCC SZ59C1H,15,1
411,411100243149262810411,"49,51,56.5,57,58,57.5,57,58",17.2,46.09,61.72,GMCC SZ59C1H,15,1
411,411100243149262770411,"46,50,52.5,53.5,54.5,54",17.1,45.99,61.61,GMCC SZ59C1H,15,1
411,411100243149262700411,"47,49.5,50.5,52,52.5,54,53.5",18.1,47.01,62.69,GMCC SZ59C1H,15,1
411,411100243149262660411,"45.5,48.5,50,52,54,54.5,53",18.1,47.01,62.69,GMCC SZ59C1H,15,1
411,411100243149262650411,"47.5,49.5,51,53,54,54.5",18.1,47.01,62.69,GMCC SZ59C1H,15,1
411,411100243149262640411,"46.5,48.5,52.5,52,52.5,53.5,53,53.5",18.1,47.01,62.69,GMCC SZ59C1H,15,1
411,411100243149262620411,"46.5,53.5,54.5,56,55,54,56",18.2,47.12,62.8,GMCC SZ59C1H,15,1
411,411100243149262590411,"47.5,53,54.5,53.5,55,55.5,54",18.2,47.12,62.8,GMCC SZ59C1H,15,1
411,411100243149262570411,"45,49,55,52.5,53.5,55.5,55,57.5,57",18.6,47.53,63.23,GMCC SZ59C1H,15,1
411,411100243149262560411,"47,50.5,52,53,53.5,54,54.5,54,54.5,55.5",18.2,47.12,62.8,GMCC SZ59C1H,15,1
411,411100243149263300411,"45.5,49,50,53,53.5,52.5,53,51.5",16.3,45.17,60.75,GMCC SZ59C1H,15,1
411,411100243149262550411,"48,52,52.5,56,57.5,57,56.5,55,56.5",18.3,47.22,62.91,GMCC SZ59C1H,15,1
411,411100243149262540411,"50.5,53.5,57,57.5,60,57,57.5",18.4,47.32,63.02,GMCC SZ59C1H,15,1
411,411100243149262490411,"48,56.5,55.5,56,58.5,57.5,57,56.5",18.6,47.53,63.23,GMCC SZ59C1H,15,1
411,411100243149262470411,"48.5,49,53.5,53,52.5,52,52.5,53,52.5,52",18.7,47.63,63.34,GMCC SZ59C1H,15,1
411,411100243149262460411,"46,53.5,54.5,54,53.5,54,55",18.9,47.83,63.55,GMCC SZ59C1H,15,1
411,411100243149262430411,"48.5,55,56,56.5,55.5,55,56",18.9,47.83,63.55,GMCC SZ59C1H,15,1
411,411100243149262840411,"47,51.5,54,55.5,57,56.5,56",18.7,47.63,63.34,GMCC SZ59C1H,15,1
411,411100243149262420411,"46.5,53.5,55,55.5,56,55,56",18.9,47.83,63.55,GMCC SZ59C1H,15,1
411,411100243149262410411,"52,54.5,56,56.5,57,56",19.8,48.75,64.53,GMCC SZ59C1H,15,1
411,411100243149262400411,"50,53.5,54.5,56,56.5,55.5,56,56.5,57,57.5",18.9,47.83,63.55,GMCC SZ59C1H,15,1
411,411100243149262390411,"47.5,50,53,55.5,56,56.5",18.9,47.83,63.55,GMCC SZ59C1H,15,1
411,411100243149262370411,"49.5,54.5,55.5,56,58,57.5,58",19.0,47.94,63.66,GMCC SZ59C1H,15,1
411,411100243149262250411,"47.5,52,54,53,54,54.5,55,55.5,55,56,57",19.6,48.55,64.31,GMCC SZ59C1H,15,1
411,411100243149262240411,"49,52.5,53,56,55.5,55,56,55.5",19.7,48.65,64.42,GMCC SZ59C1H,15,1
411,411100243149262230411,"53,54,55.5,57.5,58,59.5",19.8,48.75,64.53,GMCC SZ59C1H,15,1
411,411100243149262220411,"46.5,54.5,57,57.5,56,58,57.5,57",19.8,48.75,64.53,GMCC SZ59C1H,15,1
411,411100243149262190411,"48.5,52,54,56,56.5,58,57.5,58,58.5",20.1,49.06,64.85,GMCC SZ59C1H,15,1
411,411100243149262170411,"48.5,57.5,58,59",19.8,48.75,64.53,GMCC SZ59C1H,15,1
411,411100243149262120411,"48.5,58.5,58,57.5,57,57.5,58",20.0,48.96,64.74,GMCC SZ59C1H,15,1
411,411100243149262100411,"51.5,56,54.5,55,56,57.5,58,58.5",20.1,49.06,64.85,GMCC SZ59C1H,15,1
411,411100243149262080411,"48.5,53,54.5,57,57.5,57,58.5,57",20.2,49.16,64.96,GMCC SZ59C1H,15,1
411,411100243149263340411,"44,47,49.5,50.5,50",15.7,44.56,60.1,GMCC SZ59C1H,15,1
411,411100243149262050411,"48.5,47,48.5,51.5,54.5,56,57.5,56.5,55.5,56",20.2,49.16,64.96,GMCC SZ59C1H,15,1
411,411100243149262030411,"51,55.5,57.5,59.5,60.5,61",20.2,49.16,64.96,GMCC SZ59C1H,15,1
411,411100243149262020411,"51,55.5,56.5,60,59.5,57.5,58.5,61",20.3,49.27,65.06,GMCC SZ59C1H,15,1
411,411100243149261980411,"55,59,60.5,61,61.5,61,61.5,62",20.4,49.37,65.17,GMCC SZ59C1H,15,1
411,411100243149261960411,"48.5,52,55,56,57,57.5,57,57.5",20.4,49.37,65.17,GMCC SZ59C1H,15,1
411,411100243149261860411,"48,54,56.5,57.5,58.5,57.5,58,59,58.5",20.2,49.16,64.96,GMCC SZ59C1H,15,1
411,411100243149261850411,"52,54.5,57.5,59,58,57.5",20.0,48.96,64.74,GMCC SZ59C1H,15,1
411,411100243149261840411,"52,55.5,59,59.5,61,60",20.0,48.96,64.74,GMCC SZ59C1H,15,1
411,411100243149261820411,"48,53,56,56.5,57,58.5,58.5",20.0,48.96,64.74,GMCC SZ59C1H,15,1
411,411100243149262480411,"46.5,49.5,52,55.5,57,56.5,55.5,56.5,57.5",20.2,49.16,64.96,GMCC SZ59C1H,15,1
411,411100243149261810411,"51.5,57,55.5,57,56.5,56,58.5,57,58",20.0,48.96,64.74,GMCC SZ59C1H,15,1
411,411100243149261780411,"51.5,54,55,56,57.5,56.5,57.5,56.5",19.9,48.86,64.63,GMCC SZ59C1H,15,1
411,411100243149261770411,"51.5,54,57,57.5,58,59.5,58",20.0,48.96,64.74,GMCC SZ59C1H,15,1
411,411100243149261750411,"49.5,55,57,57.5,58.5,59,58.5",20.0,48.96,64.74,GMCC SZ59C1H,15,1
411,411100243149261990411,"53.5,54,58.5,60,59,58.5,59.5,58.5,59.5",20.4,49.37,65.17,GMCC SZ59C1H,15,1
411,411100243149261740411,"49,58,59,59.5,60,60.5,58",19.9,48.86,64.63,GMCC SZ59C1H,15,1
411,411100243149261700411,"49.5,54.5,58,59.5,58.5,59,59.5,58.5",20.0,48.96,64.74,GMCC SZ59C1H,15,1
411,411100243149261690411,"49,54,56.5,58.5,57.5,58,59,58",20.3,49.27,65.06,GMCC SZ59C1H,15,1
411,411100243149262450411,"48,56,54,56.5,56,57,56,56.5",19.8,48.75,64.53,GMCC SZ59C1H,15,1
411,411100243149261680411,"49.5,54,57,59.5,59,58,59,58.5",20.1,49.06,64.85,GMCC SZ59C1H,15,1
411,411100243149263120411,"48,47,51,53,54.5,54,55",16.4,45.28,60.86,GMCC SZ59C1H,15,1
411,411100243149261660411,"51,55.5,56,57.5,58,57.5,57",19.4,48.35,64.09,GMCC SZ59C1H,15,1
411,411100243149261640411,"52,56.5,57.5,59,58.5,59.5,60.5,60,59.5,60,59.5,60.5,61,60.5,61,61.5",20.3,49.27,65.06,GMCC SZ59C1H,15,1
411,411100243149261630411,"47.5,51.5,52,54.5,54,53.5,54.5,55.5",19.1,48.04,63.77,GMCC SZ59C1H,15,1
411,411100243149261600411,"49,51,52.5,54,53,54,54.5,53.5",19.1,48.04,63.77,GMCC SZ59C1H,15,1
411,411100243149261570411,"48.5,51.5,51,53,52.5,53,52.5",19.0,47.94,63.66,GMCC SZ59C1H,15,1
411,411100243149261560411,"49,50.5,52,50.5,51.5,52,51.5",19.0,47.94,63.66,GMCC SZ59C1H,15,1
411,411100243149261520411,"50,55,56.5,58,57,58,56.5",19.3,48.24,63.99,GMCC SZ59C1H,15,1
411,411100243149261480411,"54.5,58.5,55.5,57,56.5,58,56",19.3,48.24,63.99,GMCC SZ59C1H,15,1
411,411100243149261470411,"47,53,56.5,56,57.5,56.5,59,57,56",19.5,48.45,64.2,GMCC SZ59C1H,15,1
411,411100243149261460411,"48.5,53.5,54.5,56.5,56,57.5,56",19.6,48.55,64.31,GMCC SZ59C1H,15,1
411,411100243149261430411,"52,54,56,57,56.5,56,55.5",19.7,48.65,64.42,GMCC SZ59C1H,15,1
411,411100243149262670411,"47.5,50.5,55.5,56.5,55.5,56,56.5",18.2,47.12,62.8,GMCC SZ59C1H,15,1
411,411100243149261410411,"51,53,56.5,57,58,57",19.6,48.55,64.31,GMCC SZ59C1H,15,1
411,411100243149261390411,"48,50.5,55.5,55,54.5,53.5,54",19.7,48.65,64.42,GMCC SZ59C1H,15,1
411,411100243149261380411,"50,56.5,57,59.5,58,57.5,58,57.5,58,59,57.5",19.7,48.65,64.42,GMCC SZ59C1H,15,1
411,411100243149261830411,"51.5,53,55,56,58.5,58,58.5,59",20.0,48.96,64.74,GMCC SZ59C1H,15,1
411,411100243149261370411,"51.5,54,55,56,55,57,57.5,57,58.5,58",19.8,48.75,64.53,GMCC SZ59C1H,15,1
411,411100243149261360411,"48.5,55.5,57,58.5,58,57.5,57,58",19.8,48.75,64.53,GMCC SZ59C1H,15,1
411,411100243149261330411,"50.5,58,58.5,59,59.5,58.5,60.5,62",19.9,48.86,64.63,GMCC SZ59C1H,15,1
411,411100243149261300411,"50,55,55.5,56.5,55.5,55,57,56",20.1,49.06,64.85,GMCC SZ59C1H,15,1
411,411100243149261260411,"48.5,52.5,51.5,53,54.5,55,54.5",20.1,49.06,64.85,GMCC SZ59C1H,15,1
411,411100243149261200411,"49.5,52.5,57.5,58.5",20.5,49.47,65.28,GMCC SZ59C1H,15,1
411,411100243149261180411,"54.5,51.5,54.5,58.5,61,61.5,59,60.5,61",20.5,49.47,65.28,GMCC SZ59C1H,15,1
411,411100243149261150411,"47.5,53,56.5,59,58.5,59.5,60,58.5",20.8,49.78,65.6,GMCC SZ59C1H,15,1
411,411100243149261130411,"53,55.5,59.5,59,60,59",21.1,50.08,65.93,GMCC SZ59C1H,15,1
411,411100243149261100411,"49,52.5,55,56.5,56,57,56.5,55.5,56.5,58",20.7,49.68,65.5,GMCC SZ59C1H,15,1
411,411100243149261090411,"56,56.5,57.5,57,57.5",20.9,49.88,65.71,GMCC SZ59C1H,15,1
411,411100243149263700411,"50,51.5,52,52.5,53.5,54,52.5",18.4,47.32,63.02,GMCC SZ59C1H,15,1
411,411100243149261070411,"52.5,56.5,56,58.5,57.5,57,57.5",20.8,49.78,65.6,GMCC SZ59C1H,15,1
411,411100243149262800411,"48.5,49,54.5,55,53.5,55.5,55",17.1,45.99,61.61,GMCC SZ59C1H,15,1
411,411100243149261060411,"50,54.5,56,56.5,57,56",20.9,49.88,65.71,GMCC SZ59C1H,15,1
411,411100243149261010411,"49.5,54,57,58,59.5,58,58.5,59.5,58.5,59.5",21.0,49.98,65.82,GMCC SZ59C1H,15,1
411,411100243149261310411,"48,52.5,50,54,55.5,56,55.5,56,56.5",20.1,49.06,64.85,GMCC SZ59C1H,15,1
411,411100243149261000411,"48,51.5,55.5,56,56.5,57.5,58,58.5",21.0,49.98,65.82,GMCC SZ59C1H,15,1
411,411100243149263490411,"47.5,50,53,53.5,54.5,56.5,58,55",18.6,47.53,63.23,GMCC SZ59C1H,15,1
411,411100243149260990411,"52.5,54,57,59,60,59.5,60.5,61",21.3,50.29,66.14,GMCC SZ59C1H,15,1
411,411100243149260970411,"47.5,51,53.5,55.5,59.5,60.5,59.5,58.5,59",21.1,50.08,65.93,GMCC SZ59C1H,15,1
411,411100243149260960411,"49,53.5,57,58,57.5,59,58",21.2,50.19,66.03,GMCC SZ59C1H,15,1
411,411100243149260950411,"46.5,50.5,54,56,57,58,59",21.1,50.08,65.93,GMCC SZ59C1H,15,1
411,411100243149260940411,"50,51,56,58,57.5,60,60.5,61,60.5,61",21.1,50.08,65.93,GMCC SZ59C1H,15,1
411,411100243149260930411,"51,51.5,56,56.5,58,57.5,56.5,57.5",21.4,50.39,66.25,GMCC SZ59C1H,15,1
411,411100243149260920411,"56.5,59.5,58,59.5,59,59.5,60",21.3,50.29,66.14,GMCC SZ59C1H,15,1
411,411100243149260830411,"50,53,56,57.5,56.5,57,58,58.5,58,59",21.7,50.7,66.57,GMCC SZ59C1H,15,1
411,411100243149260820411,"53.5,55.5,55,57,57.5,58.5",21.5,50.49,66.36,GMCC SZ59C1H,15,1
411,411100243149260810411,"50.5,52.5,59,60,59.5,60.5,60,62",21.4,50.39,66.25,GMCC SZ59C1H,15,1
411,411100243149260750411,"52.5,54.5,55.5,57,58,58.5,58",21.4,50.39,66.25,GMCC SZ59C1H,15,1
411,411100243149260730411,"50,52.5,54,57.5,61,61.5,59,60,59.5",21.6,50.6,66.47,GMCC SZ59C1H,15,1
411,411100243149260710411,"49.5,57,57.5,60,59.5,60,61,60.5,61",21.5,50.49,66.36,GMCC SZ59C1H,15,1
411,411100243149260700411,"48,53,56.5,57,59,58,58.5,59.5,59",21.5,50.49,66.36,GMCC SZ59C1H,15,1
411,411100243149260690411,"51,52,55.5,58.5,59.5,60,59.5,61.5",21.6,50.6,66.47,GMCC SZ59C1H,15,1
411,411100243149260610411,"54,54.5,57,59,58,58.5,58,58.5",22.4,51.42,67.33,GMCC SZ59C1H,15,1
411,411100243149260600411,"54,54.5,58,57.5,58,58.5,59.5,59",22.4,51.42,67.33,GMCC SZ59C1H,15,1
411,411100243149260590411,"47.5,49.5,52.5,53.5,54,55,55.5",22.4,51.42,67.33,GMCC SZ59C1H,15,1
411,411100243149261720411,"49,53,55.5,56.5,57,56,57,56",19.9,48.86,64.63,GMCC SZ59C1H,15,1
411,411100243149260580411,"50.5,53.5,56.5,57.5,59.5,60.5,60",21.8,50.8,66.68,GMCC SZ59C1H,15,1
411,411100243149260540411,"47.5,52,56.5,57,58,57,56.5,58",22.4,51.42,67.33,GMCC SZ59C1H,15,1
411,411100243149260470411,"47.5,53,58,58.5,59.5,60,61,60,58.5,59",22.4,51.42,67.33,GMCC SZ59C1H,15,1
411,411100243149260460411,"48.5,53,57.5,57,56.5,57,57.5,58",20.2,49.16,64.96,GMCC SZ59C1H,15,1
411,411100243149262790411,"48,49.5,53,54.5,55,54,54.5",17.1,45.99,61.61,GMCC SZ59C1H,15,1
411,411100243149260440411,"51.5,54,56.5,58,61,60,60.5,61,60.5,61",22.4,51.42,67.33,GMCC SZ59C1H,15,1
411,411100243149260400411,"49.5,56,56.5,57,58,57",22.6,51.62,67.54,GMCC SZ59C1H,15,1
411,411100243149260390411,"52.5,55,58.5,61,59.5,60,61",22.4,51.42,67.33,GMCC SZ59C1H,15,1
411,411100243149260370411,"47,51,54,55.5,56,56.5,57,55.5,56,56.5",22.6,51.62,67.54,GMCC SZ59C1H,15,1
411,411100243149263320411,"44.5,49.5,49,50,48",15.7,44.56,60.1,GMCC SZ59C1H,15,1
411,411100243149261210411,"48,55,57.5,59,56.5,57,57.5,56.5",20.5,49.47,65.28,GMCC SZ59C1H,15,1
411,411100243149260360411,"49.5,57.5,59,61,60,61,61.5,60,61.5",22.7,51.72,67.65,GMCC SZ59C1H,15,1
411,411100243149260350411,"50.5,54,55,57,57.5,58,57",22.6,51.62,67.54,GMCC SZ59C1H,15,1
411,411100243149263130411,"47,51,50,50.5,51,52,52.5,52,52.5",16.3,45.17,60.75,GMCC SZ59C1H,15,1
411,411100243149260320411,"49.5,51.5,56.5,54.5,56.5,58,55.5",22.6,51.62,67.54,GMCC SZ59C1H,15,1
411,411100243149260310411,"51,55.5,59.5,59,58.5,59,60,60.5",23.0,52.03,67.98,GMCC SZ59C1H,15,1
411,411100243149260300411,"50,54.5,55.5,56,55,56,56.5",22.7,51.72,67.65,GMCC SZ59C1H,15,1
411,411100243149260280411,"50.5,54.5,59,58,57.5,57,57.5",22.9,51.93,67.87,GMCC SZ59C1H,15,1
411,411100243149260270411,"54.5,59.5,60,61,62,61.5,61,63.5,62.5",23.3,52.34,68.3,GMCC SZ59C1H,15,1
411,411100243149260260411,"46.5,54,55,54.5,55.5,56.5",23.1,52.13,68.08,GMCC SZ59C1H,15,1
411,411100243149260250411,"50,56.5,56,57.5,58.5,60,58.5,61,60",23.0,52.03,67.98,GMCC SZ59C1H,15,1
411,411100243149260240411,"51,55.5,59,58.5,59.5,60,59.5,61",23.2,52.23,68.19,GMCC SZ59C1H,15,1
411,411100243149263560411,"48.5,52.5,54,53,55,54.5,53.5,55.5,54.5",18.6,47.53,63.23,GMCC SZ59C1H,15,1
411,411100243149260230411,"49,55,59.5,59,60,60.5",23.1,52.13,68.08,GMCC SZ59C1H,15,1
411,411100243149260220411,"50,55,57.5,58,58.5,59,59.5,59,59.5",23.1,52.13,68.08,GMCC SZ59C1H,15,1
411,411100243149260190411,"50.5,56,56.5,57.5,58,57.5,58,58.5",23.3,52.34,68.3,GMCC SZ59C1H,15,1
411,411100243149263090411,"48,51,52,53,54,54.5,55.5,56,57",16.9,45.79,61.4,GMCC SZ59C1H,15,1
411,411100243149260180411,"52,56.5,58,59,59.5,60,60.5",23.3,52.34,68.3,GMCC SZ59C1H,15,1
411,411100243149262110411,"48,54.5,55,56,56.5,56",20.0,48.96,64.74,GMCC SZ59C1H,15,1
411,411100243149260140411,"50.5,57,56.5,58.5,59,59.5,60.5",23.8,52.85,68.84,GMCC SZ59C1H,15,1
411,411100243149260090411,"52,53.5,56,57,58.5,58,57,58,57.5",23.8,52.85,68.84,GMCC SZ59C1H,15,1
411,411100243149260070411,"45.5,50.5,54,56.5,57,58,57,57.5,57,57.5",23.8,52.85,68.84,GMCC SZ59C1H,15,1
411,411100243149261080411,"50.5,54,56.5,58,57,60,56",20.7,49.68,65.5,GMCC SZ59C1H,15,1
411,411100243149260060411,"52,55,58,57.5,58,59,59.5,59",24.0,53.05,69.05,GMCC SZ59C1H,15,1
411,411100117149847560411,"52.5,53.5,55,54.5,55,56,55.5,56.5",21.4,50.39,66.25,GMCC SZ59C1H,15,1
411,411100117149847550411,"52.5,53.5,54.5,55.5,56,57.5,57",21.4,50.39,66.25,GMCC SZ59C1H,15,1
411,411100117149847440411,"49.5,49,52,53.5,54,55.5,56.5,57,57.5",21.1,50.08,65.93,GMCC SZ59C1H,15,1
411,411100117149847430411,"45.5,50.5,51,53,54,56,57,55.5,56.5",21.1,50.08,65.93,GMCC SZ59C1H,15,1
411,411100243149260630411,"50.5,52,57,60,59.5,59,59.5,60",22.4,51.42,67.33,GMCC SZ59C1H,15,1
411,411100117150058250411,"53,54.5,57.5,60,60.5,61",23.5,52.54,68.51,GMCC SZ59C1H,15,1
411,411100117150058570411,"55,56,58,57.5,58,58.5,58",22.0,51.01,66.9,GMCC SZ59C1H,15,1
411,411100117149847170411,"47.5,53,55,55.5,57,56,57.5,58",20.8,49.78,65.6,GMCC SZ59C1H,15,1
411,411100117149847330411,"49,55.5,58.5,57.5,58,57.5,58,58.5,59",20.6,49.57,65.39,GMCC SZ59C1H,15,1
411,411100243149260850411,"47.5,48.5,51.5,53.5,54,54.5,56",21.4,50.39,66.25,GMCC SZ59C1H,15,1
411,411100117149847820411,"50,55,58,59,60,60.5,61,60.5,61",21.5,50.49,66.36,GMCC SZ59C1H,15,1
411,411100117149847310411,"48,52,56,57,57.5,58,58.5",20.7,49.68,65.5,GMCC SZ59C1H,15,1
411,411100243149262290411,"45,51.5,49.5,51,51.5,52,52.5,52,52.5",19.6,48.55,64.31,GMCC SZ59C1H,15,1
411,411100117149844860411,"52.5,57,59,59.5,58.5,59.5,58",23.5,52.54,68.51,GMCC SZ59C1H,15,1
411,411100117149847290411,"48.5,54.5,56,57,55.5,56,57,57.5",22.1,51.11,67.01,GMCC SZ59C1H,15,1
411,411100243149259350411,"47,50,49.5,51.5,53,54.5,53",19.7,48.65,64.42,GMCC SZ59C1H,15,1
411,411100243149259980411,"48.5,54.5,56,55,55.5,56.5,57.5,57",20.3,49.27,65.06,GMCC SZ59C1H,15,1
411,411100243149262600411,"51.5,55.5,55,55.5,58,55",18.2,47.12,62.8,GMCC SZ59C1H,15,1
411,411100117149847270411,"54.5,60.5,61,60,59,60,59",20.7,49.68,65.5,GMCC SZ59C1H,15,1
411,411100117149847240411,"49,59,62.5,63,62.5,63,62,61",20.8,49.78,65.6,GMCC SZ59C1H,15,1
411,411100243149263310411,"48,51,53.5,53,55,54,53,53.5",15.9,44.76,60.32,GMCC SZ59C1H,15,1
411,411100243149258790411,"47.5,49,53.5,55,56,54.5,56,57",20.8,49.78,65.6,GMCC SZ59C1H,15,1
411,411100117149847230411,"51.5,59.5,60,59.5,60,61,60",20.7,49.68,65.5,GMCC SZ59C1H,15,1
411,411100117149847400411,"48,51.5,55.5,56.5,57,58,59,58,57.5",20.7,49.68,65.5,GMCC SZ59C1H,15,1
411,411100243149258720411,"50.5,54.5,57,56,58,57.5,57",20.4,49.37,65.17,GMCC SZ59C1H,15,1
411,411100243149259530411,"47,52,54.5,56,54.5,55.5,56,56.5",20.3,49.27,65.06,GMCC SZ59C1H,15,1
411,411100243149259600411,"47.5,50,50.5,53.5,54.5,53.5,54,53.5,54.5",20.3,49.27,65.06,GMCC SZ59C1H,15,1
411,411100117149847150411,"51.5,59.5,58.5,58,58.5,59,58.5",21.0,49.98,65.82,GMCC SZ59C1H,15,1
411,411100117150058640411,"50,54.5,56,57.5,57,58.5,59,57.5",23.4,52.44,68.41,GMCC SZ59C1H,15,1
411,411100117149846620411,"55.5,60,59,59.5,62,61.5,62,61.5,61,63",22.3,51.31,67.22,GMCC SZ59C1H,15,1
411,411100243149261970411,"49,52,54,55,56,57,56.5,57.5,57,57.5,57",20.5,49.47,65.28,GMCC SZ59C1H,15,1
411,411100117149846300411,"49.5,58,57,58,57.5,58,59,61",22.5,51.52,67.44,GMCC SZ59C1H,15,1
411,411100117149847080411,"50,54,58,58.5,60,63.5",21.1,50.08,65.93,GMCC SZ59C1H,15,1
411,411100117150057860411,"55.5,58.5,58,60,59,59.5,60.5",23.7,52.75,68.73,GMCC SZ59C1H,15,1
411,411100117149846600411,"49,58.5,59,59.5,60,59.5,60,60.5",22.3,51.31,67.22,GMCC SZ59C1H,15,1
411,411100117149844660411,"52.5,56,59,58,58.5,58,59,59.5",23.4,52.44,68.41,GMCC SZ59C1H,15,1
411,411100117149846960411,"53.5,55,56,56.5,57,57.5,58,58.5,58",21.9,50.9,66.79,GMCC SZ59C1H,15,1
411,411100243149260780411,"50,55,58.5,60.5,60,59.5,59,59.5",21.4,50.39,66.25,GMCC SZ59C1H,15,1
411,411100117149846650411,"51,56.5,59.5,61,60.5,61,62",22.3,51.31,67.22,GMCC SZ59C1H,15,1
411,411100117149846950411,"46.5,49.5,51.5,52.5,53.5,54.5,55,55.5,56",21.9,50.9,66.79,GMCC SZ59C1H,15,1
411,411100117150057980411,"54.5,58,62,61,61.5,62.5,61.5",24.2,53.26,69.27,GMCC SZ59C1H,15,1
411,411100117149846930411,"46,49.5,52,52.5,52,56,56.5,56,57,57.5,58",21.9,50.9,66.79,GMCC SZ59C1H,15,1
411,411100243149258830411,"46.5,51,53,52.5,53.5,54,54.5,55.5",20.3,49.27,65.06,GMCC SZ59C1H,15,1
411,411100117149845610411,"51.5,56.5,58.5,59,60,59.5,61",23.2,52.23,68.19,GMCC SZ59C1H,15,1
411,411100117149847370411,"52.5,52,53,54,55.5,57.5,55.5",20.7,49.68,65.5,GMCC SZ59C1H,15,1
411,411100243149262010411,"48.5,53.5,55,56,57,57.5,58",20.4,49.37,65.17,GMCC SZ59C1H,15,1
411,411100117149846900411,"45,51,55.5,53.5,55,55.5,56,57,56",21.8,50.8,66.68,GMCC SZ59C1H,15,1
411,411100117149846530411,"47.5,53.5,58,57.5,56,56.5,57",22.1,51.11,67.01,GMCC SZ59C1H,15,1
411,411100243149261550411,"49.5,56,55.5,57,58,56.5,57.5,57,56.5",19.2,48.14,63.88,GMCC SZ59C1H,15,1
411,411100117149846890411,"50.5,52,53.5,54,54.5,55,56",21.9,50.9,66.79,GMCC SZ59C1H,15,1
411,411100117149845550411,"55.5,57,60,61.5,62,60.5,62,61",23.1,52.13,68.08,GMCC SZ59C1H,15,1
411,411100243149263850411,"50.5,51.5,52.5,55,53.5,54.5,54,55.5",18.3,47.22,62.91,GMCC SZ59C1H,15,1
411,411100117149847040411,"51,60.5,59,60,60.5,61.5",21.2,50.19,66.03,GMCC SZ59C1H,15,1
411,411100243149258640411,"50.5,56.5,59,58.5,59,60.5,59",20.9,49.88,65.71,GMCC SZ59C1H,15,1
411,411100117149846800411,"49.5,59,60,61,60,60.5,61,61.5,60.5",22.1,51.11,67.01,GMCC SZ59C1H,15,1
411,411100243149262270411,"48.5,50.5,51.5,55.5,56.5,57.5,55.5,58,56",19.7,48.65,64.42,GMCC SZ59C1H,15,1
411,411100117150057700411,"51.5,57,58.5,57.5,58,60,59",24.1,53.16,69.16,GMCC SZ59C1H,15,1
411,411100243149259010411,"46,48.5,51,50,51.5,53.5,52",20.2,49.16,64.96,GMCC SZ59C1H,15,1
411,411100117149846780411,"48.5,57,60.5,59,61.5,60.5,62,59",22.1,51.11,67.01,GMCC SZ59C1H,15,1
411,411100117149846770411,"48,55.5,57,57.5,58,58.5,59,58",22.1,51.11,67.01,GMCC SZ59C1H,15,1
411,411100243149259570411,"44.5,51,52.5,55,54,53.5,54,53.5",19.7,48.65,64.42,GMCC SZ59C1H,15,1
411,411100117149846760411,"55,56,59,59.5,58.5,60,60.5",22.1,51.11,67.01,GMCC SZ59C1H,15,1
411,411100117149846880411,"52.5,57.5,61.5,62,62.5,61,60",22.1,51.11,67.01,GMCC SZ59C1H,15,1
411,411100117149846750411,"49,57.5,59,59.5,60,61.5,61",22.1,51.11,67.01,GMCC SZ59C1H,15,1
411,411100117149846740411,"54.5,59.5,60.5,61.5,61",22.1,51.11,67.01,GMCC SZ59C1H,15,1
411,411100117150058420411,"53,58,61,60.5,61,61.5,62",24.3,53.36,69.38,GMCC SZ59C1H,15,1
411,411100243149259880411,"52,52.5,56,60,61.5,62.5,63,64",24.3,53.36,69.38,GMCC SZ59C1H,15,1
411,411100117149847260411,"49,56,59.5,60,61,61.5,60.5,60",22.3,51.31,67.22,GMCC SZ59C1H,15,1
411,411100117149846720411,"48.5,59,57.5,58.5,59.5,58.5",22.1,51.11,67.01,GMCC SZ59C1H,15,1
411,411100117149846690411,"53,58,59.5,58.5,59,58.5,60,60.5",22.3,51.31,67.22,GMCC SZ59C1H,15,1
411,411100243149263180411,"47,51,52,53,53.5,52.5,53",16.1,44.97,60.54,GMCC SZ59C1H,15,1
411,411100117149844850411,"50.5,50,53.5,56,58,57.5,59,57.5",21.9,50.9,66.79,GMCC SZ59C1H,15,1
411,411100243149259060411,"48,52,54,55,56.5,55.5",20.2,49.16,64.96,GMCC SZ59C1H,15,1
411,411100117149847180411,"49,54,56,58,57.5,56.5,59,60",20.8,49.78,65.6,GMCC SZ59C1H,15,1
411,411100117149846660411,"50.5,49,52.5,53,55.5,56.5,56,57,57.5",22.2,51.21,67.11,GMCC SZ59C1H,15,1
411,411100243149259100411,"50.5,53.5,55.5,57,58.5,59,58.5",20.2,49.16,64.96,GMCC SZ59C1H,15,1
411,411100117149846640411,"51.5,59,60,59,60,59,58.5,61.5",22.3,51.31,67.22,GMCC SZ59C1H,15,1
411,411100243149261760411,"48,51,55,56.5,56,57",20.0,48.96,64.74,GMCC SZ59C1H,15,1
411,411100117149846040411,"49.5,54,56,58,58.5,59,58.5",23.1,52.13,68.08,GMCC SZ59C1H,15,1
411,411100243149261320411,"52.5,56,59,59.5,59,59.5",19.9,48.86,64.63,GMCC SZ59C1H,15,1
411,411100243149260510411,"50.5,55.5,53.5,55.5,58,57.5,58,57.5,58",22.4,51.42,67.33,GMCC SZ59C1H,15,1
411,411100117149846630411,"48,56.5,60,58.5,59.5,60.5,60,59.5",22.2,51.21,67.11,GMCC SZ59C1H,15,1
411,411100117149844810411,"54,61,61.5,62,61,61.5,62.5,61",23.6,52.64,68.62,GMCC SZ59C1H,15,1
411,411100117149845990411,"52,58.5,60.5,61,61.5,60.5",22.9,51.93,67.87,GMCC SZ59C1H,15,1
411,411100117149847450411,"48,53,54.5,56,55.5,56,57.5,58.5",21.7,50.7,66.57,GMCC SZ59C1H,15,1
411,411100117149846820411,"54,57.5,57,57.5,58.5,59,60.5,60",22.1,51.11,67.01,GMCC SZ59C1H,15,1
411,411100117149845730411,"52.5,51.5,54.5,55.5,56,56.5,57",23.1,52.13,68.08,GMCC SZ59C1H,15,1
411,411100243149259210411,"47.5,51.5,53.5,54.5,54,54.5,56,57.5",20.3,49.27,65.06,GMCC SZ59C1H,15,1
411,411100117149846700411,"50.5,54.5,58,60.5,61,60.5,61",22.3,51.31,67.22,GMCC SZ59C1H,15,1
411,411100243149263470411,"46,51.5,53,54,54.5,54,54.5,55",18.7,47.63,63.34,GMCC SZ59C1H,15,1
411,411100117149846540411,"50.5,56.5,61,60.5,60,61,62,61.5",22.3,51.31,67.22,GMCC SZ59C1H,15,1
411,411100243149260870411,"48,54.5,56.5,57.5,58,57.5,58.5,59",21.6,50.6,66.47,GMCC SZ59C1H,15,1
411,411100243149259960411,"50.5,56.5,58,58.5,57.5,58,58.5,59,58.5",20.2,49.16,64.96,GMCC SZ59C1H,15,1
411,411100243149263510411,"45,47,50,51,51.5,52,53",16.0,44.87,60.43,GMCC SZ59C1H,15,1
411,411100117149846420411,"55.5,59.5,61.5,62.5,63.5,63",23.1,52.13,68.08,GMCC SZ59C1H,15,1
411,411100243149262260411,"53,56.5,58,58.5,58,59.5,58.5",19.8,48.75,64.53,GMCC SZ59C1H,15,1
411,411100243149262040411,"47,48,48.5,52.5,53,55.5,55,56.5,55",20.2,49.16,64.96,GMCC SZ59C1H,15,1
411,411100117150057600411,"53,57.5,58,59,58.5,59,60,59.5,60,60.5,60,59.5,60,60.5,61",24.3,53.36,69.38,GMCC SZ59C1H,15,1
411,411100117149846380411,"57,59,59.5,60,59.5,60",22.3,51.31,67.22,GMCC SZ59C1H,15,1
411,411100117150058560411,"50,51.5,52,53,55.5,56.5,56,54.5",21.9,50.9,66.79,GMCC SZ59C1H,15,1
411,411100117150057950411,"52,55,57,57.5,58.5,59,60",24.1,53.16,69.16,GMCC SZ59C1H,15,1
411,411100117149847500411,"50,52,55,55.5,57,58,59,58,61",21.6,50.6,66.47,GMCC SZ59C1H,15,1
411,411100243149260550411,"49,51,55,54.5,55.5,56.5,56,56.5",22.4,51.42,67.33,GMCC SZ59C1H,15,1
411,411100117149847490411,"49,55,59.5,58.5,57,57.5,58.5,60,59.5",21.7,50.7,66.57,GMCC SZ59C1H,15,1
411,411100117149846360411,"51,57.5,58.5,58",22.8,51.82,67.76,GMCC SZ59C1H,15,1
411,411100243149258570411,"52.5,55.5,60,60.5,59.5,57,57.5,61,60,61",21.1,50.08,65.93,GMCC SZ59C1H,15,1
411,411100243149263600411,"49,46.5,48.5,50,50.5,52,52.5,52",18.5,47.42,63.12,GMCC SZ59C1H,15,1
411,411100243149261800411,"47,54,55,55.5,55,55.5,55",20.0,48.96,64.74,GMCC SZ59C1H,15,1
411,411100117149846340411,"53,57.5,59.5,60.5,59.5,60,60.5,61",22.4,51.42,67.33,GMCC SZ59C1H,15,1
411,411100243149261400411,"49.5,54.5,55,55.5,56.5,55.5,56,56.5,56",19.8,48.75,64.53,GMCC SZ59C1H,15,1
411,411100117149847020411,"52,56.5,60,60.5,59.5,60.5,62,61",22.1,51.11,67.01,GMCC SZ59C1H,15,1
411,411100117149846310411,"53.5,55.5,58.5,59,60.5,59.5",22.9,51.93,67.87,GMCC SZ59C1H,15,1
411,411100117149847220411,"49,56,60.5,57.5,57,56.5,58",20.7,49.68,65.5,GMCC SZ59C1H,15,1
411,411100243149259420411,"56,57,58,58.5,57.5",19.9,48.86,64.63,GMCC SZ59C1H,15,1
411,411100117149846370411,"54.5,58,59,59.5,61,60",22.3,51.31,67.22,GMCC SZ59C1H,15,1
411,411100243149262510411,"51.5,54.5,55,57,58,55.5,57.5,58.5,56.5,57",18.6,47.53,63.23,GMCC SZ59C1H,15,1
411,411100117149847340411,"54,56.5,57.5,57,57.5,57,58,57",20.6,49.57,65.39,GMCC SZ59C1H,15,1
411,411100117150057660411,"51.5,55.5,58,59,59.5,58.5,59,60",24.2,53.26,69.27,GMCC SZ59C1H,15,1
411,411100243149259290411,"51,55.5,60,59.5,57.5,58,62.5,57",20.2,49.16,64.96,GMCC SZ59C1H,15,1
411,411100117149846250411,"51.5,58,60,60.5,62.5,60.5",22.7,51.72,67.65,GMCC SZ59C1H,15,1
411,411100117149847250411,"51,51.5,58,59.5,58.5,59,60,59,59.5",22.3,51.31,67.22,GMCC SZ59C1H,15,1
411,411100243149261490411,"49.5,56.5,56,56.5,57,56",19.4,48.35,64.09,GMCC SZ59C1H,15,1
411,411100243149259640411,"50.5,52,54.5,55,55.5,57.5,58.5,56",20.4,49.37,65.17,GMCC SZ59C1H,15,1
411,411100117149846240411,"51,57,59.5,62.5,60.5,61.5,62,63,62.5",23.2,52.23,68.19,GMCC SZ59C1H,15,1
411,411100243149260660411,"48.5,55.5,57,58.5,59,59.5,60,60.5,61",21.5,50.49,66.36,GMCC SZ59C1H,15,1
411,411100117149846330411,"53,57,59.5,59,60,60.5,61",22.5,51.52,67.44,GMCC SZ59C1H,15,1
411,411100243149260430411,"49.5,51.5,53.5,55,55.5,56.5,57,59,58.5,60",22.5,51.52,67.44,GMCC SZ59C1H,15,1
411,411100117150057370411,"53.5,57.5,60,61,61.5,62.5,61.5",24.8,53.87,69.92,GMCC SZ59C1H,15,1
411,411100117149846230411,"53.5,57,61.5,62.5,63,63.5,63,64.5,64",22.9,51.93,67.87,GMCC SZ59C1H,15,1
411,411100243149263920411,"44.5,50.5,50,51,52.5,54,53.5,53,53.5",18.4,47.32,63.02,GMCC SZ59C1H,15,1
411,411100243149262150411,"51,54,58.5,56.5,57.5,57,57.5,58",19.8,48.75,64.53,GMCC SZ59C1H,15,1
411,411100117150057570411,"52,58,59,59.5,60,61.5,61",24.4,53.46,69.49,GMCC SZ59C1H,15,1
411,411100243149261440411,"49.5,54,56.5,56,56.5,55.5,57,56",19.5,48.45,64.2,GMCC SZ59C1H,15,1
411,411100117149845170411,"54,58,61.5,62,62.5,63,62.5",24.6,53.67,69.7,GMCC SZ59C1H,15,1
411,411100243149261170411,"52,55,56.5,57,57.5,56.5,58,57.5",20.5,49.47,65.28,GMCC SZ59C1H,15,1
411,411100117149846200411,"53,54.5,55.5,57,58,59,59.5,59",22.9,51.93,67.87,GMCC SZ59C1H,15,1
411,411100243149262750411,"47.5,52.5,53.5,54.5,55,55.5",17.3,46.2,61.83,GMCC SZ59C1H,15,1
411,411100117149846730411,"49.5,57.5,60,59,60,60.5,61.5",22.3,51.31,67.22,GMCC SZ59C1H,15,1
411,411100243149259370411,"48.5,52,54,56,55.5,57,56.5",19.7,48.65,64.42,GMCC SZ59C1H,15,1
411,411100117150057740411,"53,56,58,57.5,58,59,59.5",24.0,53.05,69.05,GMCC SZ59C1H,15,1
411,411100243149259620411,"47.5,51.5,57,58,56,57,56.5,58",20.0,48.96,64.74,GMCC SZ59C1H,15,1
411,411100117149847510411,"46.5,51,52,53.5,54.5,54,53.5",21.6,50.6,66.47,GMCC SZ59C1H,15,1
411,411100117149846170411,"51,52.5,54.5,55.5,56,56.5,57",23.1,52.13,68.08,GMCC SZ59C1H,15,1
411,411100243149258890411,"53,56,57.5,57,56,57.5,58.5",20.3,49.27,65.06,GMCC SZ59C1H,15,1
411,411100117149845240411,"49,54.5,56.5,57.5,58.5,60.5",24.8,53.87,69.92,GMCC SZ59C1H,15,1
411,411100117149846570411,"54,56,58.5,60,60.5,61,60.5,61",22.3,51.31,67.22,GMCC SZ59C1H,15,1
411,411100117149845850411,"56.5,60.5,61.5,64,63.5,64.5,64,65,64.5",23.2,52.23,68.19,GMCC SZ59C1H,15,1
411,411100117149845660411,"51.5,59,61,60.5,62,61.5",23.1,52.13,68.08,GMCC SZ59C1H,15,1
411,411100243149260130411,"54.5,58,59,60,60.5,61,61.5,60.5",24.0,53.05,69.05,GMCC SZ59C1H,15,1
411,411100243149258760411,"49.5,52.5,55.5,56,55.5,56,56.5,55.5",20.4,49.37,65.17,GMCC SZ59C1H,15,1
411,411100117149845150411,"55,58,60.5,61,61.5,63,62",24.5,53.56,69.59,GMCC SZ59C1H,15,1
411,411100243149258600411,"50.5,53.5,57,57.5,60,58.5",21.0,49.98,65.82,GMCC SZ59C1H,15,1
411,411100117150057680411,"49.5,53,56.5,58,57,58,58.5,59",24.2,53.26,69.27,GMCC SZ59C1H,15,1
411,411100243149258970411,"44,44.5,46,51.5,52.5,53,52.5,53,53.5,52",20.3,49.27,65.06,GMCC SZ59C1H,15,1
411,411100117149845130411,"53.5,62,63.5,62.5,63,62.5,65,64.5",24.4,53.46,69.49,GMCC SZ59C1H,15,1
411,411100243149262160411,"47,52,53.5,56,55.5,56.5,56",20.3,49.27,65.06,GMCC SZ59C1H,15,1
411,411100117149845080411,"52.5,57.5,60,61.5,60.5,61.5,62.5,62",24.4,53.46,69.49,GMCC SZ59C1H,15,1
411,411100243149261940411,"52,54,56.5,58.5,58,58.5,59.5",20.5,49.47,65.28,GMCC SZ59C1H,15,1
411,411100243149261900411,"51,52.5,57.5,58.5,59,60,58.5,59.5,60,59.5",20.3,49.27,65.06,GMCC SZ59C1H,15,1
411,411100117149847540411,"49,53,55,55.5,56,56.5,58",21.6,50.6,66.47,GMCC SZ59C1H,15,1
411,411100117149845970411,"55.5,59.5,61.5,61,62.5,62,62.5",22.9,51.93,67.87,GMCC SZ59C1H,15,1
411,411100117149847130411,"49.5,55.5,58.5,60.5,62,61",22.3,51.31,67.22,GMCC SZ59C1H,15,1
411,411100243149259090411,"50.5,51,53.5,55,55.5,56,56.5,58",20.1,49.06,64.85,GMCC SZ59C1H,15,1
411,411100117149845110411,"53,56.5,62.5,60.5,60,61.5,63",24.3,53.36,69.38,GMCC SZ59C1H,15,1
411,411100117149846010411,"50,51,53.5,55,56.5,56,56.5",23.1,52.13,68.08,GMCC SZ59C1H,15,1
411,411100117149845330411,"51,52.5,59,57,57.5,59,59.5",23.6,52.64,68.62,GMCC SZ59C1H,15,1
411,411100117149845340411,"49,59,61,60.5,62,62.5",23.9,52.95,68.95,GMCC SZ59C1H,15,1
411,411100117149845890411,"54.5,58.5,62.5,63.5,63,64.5,63.5",23.2,52.23,68.19,GMCC SZ59C1H,15,1
411,411100117149844800411,"51.5,54,55,56.5,56,60,58.5,57.5",21.9,50.9,66.79,GMCC SZ59C1H,15,1
411,411100117149844770411,"54,58,60.5,61.5,61,61.5,62.5,62",23.4,52.44,68.41,GMCC SZ59C1H,15,1
411,411100117150058150411,"55,58.5,60.5,61,62,63,63.5",23.7,52.75,68.73,GMCC SZ59C1H,15,1
411,411100117149845410411,"55,59,61,62,62.5,63.5,63",24.5,53.56,69.59,GMCC SZ59C1H,15,1
411,411100243149258500411,"48,51.5,53,55.5,56.5,57.5,56,56.5,57.5,58",21.2,50.19,66.03,GMCC SZ59C1H,15,1
411,411100243149259520411,"50,50.5,58,58.5,59.5,57.5,58.5,61",19.7,48.65,64.42,GMCC SZ59C1H,15,1
411,411100117149845810411,"49.5,56.5,60.5,61,60",23.3,52.34,68.3,GMCC SZ59C1H,15,1
411,411100117149844690411,"51,55,56,57.5,58.5,59",23.4,52.44,68.41,GMCC SZ59C1H,15,1
411,411100117149844740411,"55,55.5,59,60,60.5,60,61.5,62.5,61.5",23.4,52.44,68.41,GMCC SZ59C1H,15,1
411,411100243149260890411,"53.5,57.5,60,59,59.5,60,60.5,60",21.7,50.7,66.57,GMCC SZ59C1H,15,1
411,411100243149259970411,"47.5,54,53,55,55.5,56,55.5,57,58",20.3,49.27,65.06,GMCC SZ59C1H,15,1
411,411100243149259890411,"54.5,57.5,58.5,59,59.5,60,61,61.5",24.3,53.36,69.38,GMCC SZ59C1H,15,1
411,411100117149847090411,"48.5,53.5,55.5,59,58,59,60,59.5,59",21.3,50.29,66.14,GMCC SZ59C1H,15,1
411,411100117149844830411,"53,54,55.5,54.5,57,56",21.9,50.9,66.79,GMCC SZ59C1H,15,1
411,411100117149847470411,"48.5,51.5,53.5,54,54.5,55.5,56,56.5,56,57",21.6,50.6,66.47,GMCC SZ59C1H,15,1
411,411100117149845720411,"53.5,56.5,57.5,60,60.5,60,60.5,60,61.5",23.3,52.34,68.3,GMCC SZ59C1H,15,1
411,411100243149263140411,"47.5,49,52,54,54.5,54,54.5",16.4,45.28,60.86,GMCC SZ59C1H,15,1
411,411100117149846400411,"49,53.5,57,56,56.5,57.5,58.5,59",22.3,51.31,67.22,GMCC SZ59C1H,15,1
411,411100117149845710411,"54.5,61.5,62,61.5,63,63.5,63",23.2,52.23,68.19,GMCC SZ59C1H,15,1
411,411100117149847460411,"52,53,57,59,56.5,60,59.5,58.5,59.5",21.7,50.7,66.57,GMCC SZ59C1H,15,1
411,411100117149845530411,"52,57,57.5,58.5,59,59.5,60,60.5",23.2,52.23,68.19,GMCC SZ59C1H,15,1
411,411100243149262890411,"47,49,52,53.5,54,54.5,54,53",16.9,45.79,61.4,GMCC SZ59C1H,15,1
411,411100117149846450411,"48.5,54.5,55,57.5,58,57.5,58.5,60.5",22.2,51.21,67.11,GMCC SZ59C1H,15,1
411,411100117149846810411,"47.5,52.5,55.5,57,56.5,57.5,58.5,57.5",22.1,51.11,67.01,GMCC SZ59C1H,15,1
411,411100117149844820411,"53.5,57,58.5,59,59.5,60,61,62",23.5,52.54,68.51,GMCC SZ59C1H,15,1
411,411100117149846190411,"53,60.5,63,62,63.5,62.5",23.1,52.13,68.08,GMCC SZ59C1H,15,1
411,411100117149845670411,"53.5,58,60,62.5,62,61",23.1,52.13,68.08,GMCC SZ59C1H,15,1
411,411100117149845640411,"53.5,55.5,60.5,61.5,60.5,61.5",22.9,51.93,67.87,GMCC SZ59C1H,15,1
411,411100117149846060411,"53,59.5,63,63.5,64,65.5,64",23.1,52.13,68.08,GMCC SZ59C1H,15,1
411,411100117149846610411,"47,58,60.5,61,60,61.5,62.5,61",22.3,51.31,67.22,GMCC SZ59C1H,15,1
411,411100117150058450411,"53,54.5,56.5,58,57.5,59,59.5,59",22.7,51.72,67.65,GMCC SZ59C1H,15,1
411,411100117149847320411,"54,57,60,58,58.5,59.5,60.5,59.5,58.5",22.1,51.11,67.01,GMCC SZ59C1H,15,1
411,411100117150057270411,"51,56.5,59.5,60,60.5,61.5,62,63",25.1,54.18,70.24,GMCC SZ59C1H,15,1
411,411100243149258810411,"48,52.5,53,54.5,55.5,54,55,56,57",20.5,49.47,65.28,GMCC SZ59C1H,15,1
411,411100117150058440411,"53.5,55.5,59.5,60,60.5,61,60",23.7,52.75,68.73,GMCC SZ59C1H,15,1
411,411100117149846130411,"57.5,59.5,58.5,58,60,58.5",23.2,52.23,68.19,GMCC SZ59C1H,15,1
411,411100117149844700411,"51.5,56,58.5,59.5,60,59.5",23.4,52.44,68.41,GMCC SZ59C1H,15,1
411,411100243149263030411,"48,53.5,53,54,54.5,54,55,56.5",16.9,45.79,61.4,GMCC SZ59C1H,15,1
411,411100243149262920411,"48.5,50,51,54,54.5,55,55.5",17.0,45.89,61.51,GMCC SZ59C1H,15,1
411,411100117149846790411,"51,58.5,59.5,59,59.5,60.5,60,61.5,60",22.3,51.31,67.22,GMCC SZ59C1H,15,1
411,411100117149845350411,"53,58.5,60,60.5,61,60,60.5,61.5",23.5,52.54,68.51,GMCC SZ59C1H,15,1
411,411100243149258930411,"49,51,54,55,55.5,57",20.3,49.27,65.06,GMCC SZ59C1H,15,1
411,411100243149259630411,"47,47.5,50,51.5,55,54.5,55,56",20.1,49.06,64.85,GMCC SZ59C1H,15,1
411,411100243149262760411,"43.5,47.5,48,50,51.5,52.5,52,54,55,53,54",17.2,46.09,61.72,GMCC SZ59C1H,15,1
411,411100243149259670411,"48.5,51,52,55,54.5,56,57.5,56.5,56",20.1,49.06,64.85,GMCC SZ59C1H,15,1
411,411100243149261710411,"48.5,50.5,55,57.5,56.5,57.5,56.5,57,56.5",20.0,48.96,64.74,GMCC SZ59C1H,15,1
411,411100117149845560411,"56,62,63.5,63",23.9,52.95,68.95,GMCC SZ59C1H,15,1
411,411100117149845820411,"53,58,59,60,61,60.5,61,63",23.3,52.34,68.3,GMCC SZ59C1H,15,1
411,411100243149260200411,"50,55.5,57.5,58.5,59.5,59,60,60.5,59.5",23.3,52.34,68.3,GMCC SZ59C1H,15,1
411,411100117149845120411,"51,54.5,58,58.5,60,59,60,61",24.6,53.67,69.7,GMCC SZ59C1H,15,1
411,411100243149261030411,"51,55,58.5,60,59.5,60,60.5,61,60.5",20.9,49.88,65.71,GMCC SZ59C1H,15,1
411,411100117149845190411,"54,60,62.5,62,61.5,62,61",24.4,53.46,69.49,GMCC SZ59C1H,15,1
411,411100117149844900411,"53.5,57.5,58,58.5,59.5,58",23.6,52.64,68.62,GMCC SZ59C1H,15,1
411,411100117149845460411,"52,57.5,60,62.5,61.5,62,61,61.5,62",23.3,52.34,68.3,GMCC SZ59C1H,15,1
411,411100243149262780411,"49,51,51.5,53.5,54.5,53.5,54,53",17.3,46.2,61.83,GMCC SZ59C1H,15,1
411,411100117149846490411,"52,56,58.5,59.5,58.5,59.5,60.5",22.1,51.11,67.01,GMCC SZ59C1H,15,1
411,411100117149845770411,"50,54,57,58,58.5,60",22.9,51.93,67.87,GMCC SZ59C1H,15,1
411,411100243149259190411,"48,52.5,55.5,56.5,57,57.5,59.5,57.5",20.0,48.96,64.74,GMCC SZ59C1H,15,1
411,411100243149263980411,"46.5,49.5,50.5,51.5,52.5,53,54,55",18.4,47.32,63.02,GMCC SZ59C1H,15,1
411,411100243149263690411,"46,48,49,51,54,56,55,55.5,56.5",18.4,47.32,63.02,GMCC SZ59C1H,15,1
411,411100117149845230411,"51.5,58,60.5,60,59.5,60,61,60",23.9,52.95,68.95,GMCC SZ59C1H,15,1
411,411100117149845870411,"51.5,56,59,58.5,59,60,59",23.3,52.34,68.3,GMCC SZ59C1H,15,1
411,411100117149847480411,"50,53.5,56.5,57,58,57",21.6,50.6,66.47,GMCC SZ59C1H,15,1
411,411100117149847070411,"53,58,60.5,60,61.5,60,62.5,61.5",21.3,50.29,66.14,GMCC SZ59C1H,15,1
411,411100117149844970411,"56,58,61.5,61,61.5,61,60.5",23.5,52.54,68.51,GMCC SZ59C1H,15,1
411,411100117149846160411,"53,56.5,60.5,61,62,62.5,64",23.1,52.13,68.08,GMCC SZ59C1H,15,1
411,411100243149262070411,"56,55.5,58.5,59,58,57.5,58.5,58,61,60",20.1,49.06,64.85,GMCC SZ59C1H,15,1
411,411100117149845310411,"54.5,58,61.5,61,62.5,63,60.5,61,62,62.5,63.5,64,63.5,62.5,63.5,62.5,65,63.5,65.5",23.6,52.64,68.62,GMCC SZ59C1H,15,1
411,411100117149844760411,"51.5,60,62,63,62.5,63",23.5,52.54,68.51,GMCC SZ59C1H,15,1
411,411100117149844950411,"50.5,53,56,57,55.5,56.5,57,56",23.6,52.64,68.62,GMCC SZ59C1H,15,1
411,411100117149847630411,"48.5,52.5,53.5,54.5,55.5,56.5,58",21.4,50.39,66.25,GMCC SZ59C1H,15,1
411,411100117149844910411,"49,53.5,56.5,58.5,58,58.5,59.5",23.5,52.54,68.51,GMCC SZ59C1H,15,1
411,411100117150057530411,"53.5,60.5,61.5,60.5,60,61.5,62,63",24.3,53.36,69.38,GMCC SZ59C1H,15,1
411,411100117149846560411,"58,57,59,58.5,62,60.5,59,59.5",22.3,51.31,67.22,GMCC SZ59C1H,15,1
411,411100243149258580411,"50,54,59,57.5,57,58.5,59,60",21.0,49.98,65.82,GMCC SZ59C1H,15,1
411,411100117149846070411,"55.5,60.5,59.5,60,62,61,60.5",23.1,52.13,68.08,GMCC SZ59C1H,15,1
411,411100117149845510411,"51.5,55.5,59,59.5,60,61,59.5,62",23.9,52.95,68.95,GMCC SZ59C1H,15,1
411,411100117150057620411,"51,56,57.5,58.5,59,60,60.5",24.1,53.16,69.16,GMCC SZ59C1H,15,1
411,411100243149260620411,"48,51,54.5,55.5,56.5,57.5,58,59.5,60",21.8,50.8,66.68,GMCC SZ59C1H,15,1
411,411100117149847160411,"48.5,55.5,56.5,58.5,58,58.5,58",20.8,49.78,65.6,GMCC SZ59C1H,15,1
411,411100117149845210411,"57,62,63.5,61.5,63,62.5,62",24.4,53.46,69.49,GMCC SZ59C1H,15,1
411,411100117149844930411,"52,53.5,54,55.5,56.5,57,57.5,56.5,57",23.6,52.64,68.62,GMCC SZ59C1H,15,1
411,411100117149845070411,"56,62,63,62,62.5,63.5",24.6,53.67,69.7,GMCC SZ59C1H,15,1
411,411100117149847730411,"51.5,57,58,58.5,59,58.5,59,59.5,59",21.4,50.39,66.25,GMCC SZ59C1H,15,1
411,411100243149261040411,"54.5,56,57.5,56.5,55.5,56,56.5,57",20.8,49.78,65.6,GMCC SZ59C1H,15,1
411,411100243149258370411,"47.5,52.5,54.5,56,55.5,58,56.5",20.1,49.06,64.85,GMCC SZ59C1H,15,1
411,411100243149259500411,"45,47.5,48.5,52.5,53.5,54.5,55,54",20.3,49.27,65.06,GMCC SZ59C1H,15,1
411,411100243149259040411,"47,49.5,53.5,55,55.5,56",20.2,49.16,64.96,GMCC SZ59C1H,15,1
411,411100117149844940411,"54,58,60.5,61,60.5,61,62,61.5",23.4,52.44,68.41,GMCC SZ59C1H,15,1
411,411100117149844990411,"50,58,61,62,61.5,62.5,61.5",23.4,52.44,68.41,GMCC SZ59C1H,15,1
411,411100117150057380411,"51,55,61,62.5,63,62",24.8,53.87,69.92,GMCC SZ59C1H,15,1
411,411100117149847520411,"52,56.5,57.5,58,57.5,56.5,57.5,58,59.5",21.5,50.49,66.36,GMCC SZ59C1H,15,1
411,411100117149845290411,"51.5,53,53.5,56.5,57.5,59,57,59.5,60.5,60",23.9,52.95,68.95,GMCC SZ59C1H,15,1
411,411100117149846140411,"56,61,62.5,63.5,64,64.5,63.5",23.1,52.13,68.08,GMCC SZ59C1H,15,1
411,411100117149845090411,"52.5,58,61,61.5,62,61.5,62.5,64",24.4,53.46,69.49,GMCC SZ59C1H,15,1
411,411100243149258490411,"50.5,56.5,58.5,60,58.5,61.5,59,61.5",21.0,49.98,65.82,GMCC SZ59C1H,15,1
411,411100243149261160411,"51,58.5,60,61,59,62,60,60.5",20.5,49.47,65.28,GMCC SZ59C1H,15,1
411,411100117149846350411,"55.5,60,59.5,60,61,62,60.5",22.5,51.52,67.44,GMCC SZ59C1H,15,1
411,411100117149844790411,"50,57.5,58.5,58,59,60,61",23.5,52.54,68.51,GMCC SZ59C1H,15,1
411,411100117149846270411,"49.5,56,58.5,59,60,63.5,63,61.5",22.8,51.82,67.76,GMCC SZ59C1H,15,1
411,411100117149845360411,"51,58,60,60.5,59.5,60.5,62,61",24.5,53.56,69.59,GMCC SZ59C1H,15,1
411,411100243149260980411,"50,50.5,59.5,59,56.5,57.5,58,58.5",21.0,49.98,65.82,GMCC SZ59C1H,15,1
411,411100117149845280411,"52,54,56.5,57,58",23.9,52.95,68.95,GMCC SZ59C1H,15,1
411,411100243149262690411,"47.5,52.5,53,53.5,52.5,53.5,53",18.2,47.12,62.8,GMCC SZ59C1H,15,1
411,411100117149847830411,"47.5,50.5,54.5,55.5,55,56",21.5,50.49,66.36,GMCC SZ59C1H,15,1
411,411100117149845680411,"50.5,53,55.5,58.5,59,60,58.5,60",23.4,52.44,68.41,GMCC SZ59C1H,15,1
411,411100117150058000411,"53,58.5,61,61.5,60.5,61.5,62",24.0,53.05,69.05,GMCC SZ59C1H,15,1
411,411100117149845370411,"51.5,52.5,59,61.5,62,61.5,62",23.3,52.34,68.3,GMCC SZ59C1H,15,1
411,411100243149262140411,"52.5,55.5,57.5,57,58.5,57,57.5,55.5",20.1,49.06,64.85,GMCC SZ59C1H,15,1
411,411100243149263020411,"49.5,51.5,55,53,54,55,54",17.0,45.89,61.51,GMCC SZ59C1H,15,1
411,411100243149260120411,"52,61.5",24.0,53.05,69.05,GMCC SZ59C1H,15,1
411,411100117149845430411,"51,53.5,57.5,58.5,59,61,60",23.9,52.95,68.95,GMCC SZ59C1H,15,1
411,411100117150057970411,"56.5,61.5,62.5,62,64.5,63.5,64",24.1,53.16,69.16,GMCC SZ59C1H,15,1
411,411100243149262180411,"54,54.5,55.5,56.5,57,57.5,56.5",20.1,49.06,64.85,GMCC SZ59C1H,15,1
411,411100117149846430411,"49,53.5,55.5,57,58,57,57.5,58.5,57.5,58,58.5",22.2,51.21,67.11,GMCC SZ59C1H,15,1
411,411100117149844720411,"54,57,58.5,59.5,60,59.5",23.4,52.44,68.41,GMCC SZ59C1H,15,1
411,411100117149845450411,"52.5,55,57,58,57,58,58.5,58",23.7,52.75,68.73,GMCC SZ59C1H,15,1
411,411100117149845790411,"57.5,60,60.5,62,61.5,61",23.3,52.34,68.3,GMCC SZ59C1H,15,1
411,411100117149846050411,"52.5,53,56,59,59.5,60,59.5,59,60",23.1,52.13,68.08,GMCC SZ59C1H,15,1
411,411100243149258510411,"50.5,55.5,57,57.5,57,58,57.5,59.5",21.1,50.08,65.93,GMCC SZ59C1H,15,1
411,411100243149259860411,"51,53.5,59.5,61.5,60,61,59.5",24.3,53.36,69.38,GMCC SZ59C1H,15,1
411,411100117149845620411,"51.5,57,59.5,59,60,59.5,61,60",22.9,51.93,67.87,GMCC SZ59C1H,15,1
411,411100117149846260411,"51.5,59,59.5,60.5,59.5,61,60.5",22.6,51.62,67.54,GMCC SZ59C1H,15,1
411,411100243149262090411,"51.5,55.5,58.5,57.5,58,59",20.1,49.06,64.85,GMCC SZ59C1H,15,1
411,411100117149845750411,"52.5,61,61.5,59,60.5,63",23.2,52.23,68.19,GMCC SZ59C1H,15,1
411,411100243149258690411,"49,47,52,53,52.5,53.5,54.5,56.5,55",20.4,49.37,65.17,GMCC SZ59C1H,15,1
411,411100243149260210411,"52.5,59,60,59,59.5,60,58,58.5",23.4,52.44,68.41,GMCC SZ59C1H,15,1
411,411100117149847390411,"46.5,47.5,53,55.5,57.5,55.5,56,56.5,57",20.6,49.57,65.39,GMCC SZ59C1H,15,1
411,411100117149845220411,"54,59,61,60.5,61,62,61.5",24.4,53.46,69.49,GMCC SZ59C1H,15,1
411,411100117149845500411,"51,56,60.5,61.5,60.5,61,62",23.9,52.95,68.95,GMCC SZ59C1H,15,1
411,411100117149845780411,"54,59.5,60.5,61,60.5,61,62,60.5,61.5",23.4,52.44,68.41,GMCC SZ59C1H,15,1
411,411100117149845540411,"54,55,57,57.5,58.5,59,59.5,60.5,60,59.5,60,59.5,60,59,60.5,61,60.5",23.6,52.64,68.62,GMCC SZ59C1H,15,1
411,411100243149260290411,"49.5,50.5,51.5,53.5,55.5,60.5,56.5,57.5,58.5,59.5,59,60",23.4,52.44,68.41,GMCC SZ59C1H,15,1
411,411100117149845470411,"52.5,57,60,60.5,59.5,62,61.5",23.4,52.44,68.41,GMCC SZ59C1H,15,1
411,411100117149845580411,"54,58.5,60,60.5,61,61.5,61,62.5",23.9,52.95,68.95,GMCC SZ59C1H,15,1
411,411100117149847010411,"52,56.5,57.5,61,60.5,59.5,61,61.5",21.3,50.29,66.14,GMCC SZ59C1H,15,1
411,411100117149845570411,"54.5,60,62,61.5,61,61.5,62,61",23.9,52.95,68.95,GMCC SZ59C1H,15,1
411,411100243149262940411,"43.5,48,50.5,52,51.5,52",17.0,45.89,61.51,GMCC SZ59C1H,15,1
411,411100117149845590411,"50,54.5,56,56.5,57,58,57",23.5,52.54,68.51,GMCC SZ59C1H,15,1
411,411100117149845690411,"53.5,56.5,60,60.5,59.5,61,60",23.1,52.13,68.08,GMCC SZ59C1H,15,1
411,411100117149846840411,"49,54.5,56,56.5,57.5,58.5",22.1,51.11,67.01,GMCC SZ59C1H,15,1
411,411100243149261890411,"48,53.5,54.5,55.5,57,57.5,57,56",19.9,48.86,64.63,GMCC SZ59C1H,15,1
411,411100117149846220411,"51,56.5,62,64.5,62",23.0,52.03,67.98,GMCC SZ59C1H,15,1
411,411100117149846470411,"53,56.5,59.5,57,59.5,58,60,60.5,59.5",22.2,51.21,67.11,GMCC SZ59C1H,15,1
411,411100117149846860411,"52.5,57,59,60.5,60,61.5,59.5",22.0,51.01,66.9,GMCC SZ59C1H,15,1
411,411100117149845840411,"53,58.5,61.5,63,61.5,63.5,62.5",23.4,52.44,68.41,GMCC SZ59C1H,15,1
411,411100117149844880411,"52,55,56,56.5,55.5,56.5,57,57.5,56",23.5,52.54,68.51,GMCC SZ59C1H,15,1
411,411100243149262630411,"47,50.5,52,53,54,53.5,54,55",18.2,47.12,62.8,GMCC SZ59C1H,15,1
411,411100117149845830411,"52,55,58,59.5,62,61",23.2,52.23,68.19,GMCC SZ59C1H,15,1
411,411100117149845300411,"48.5,54,53,54,55,56,56.5",23.9,52.95,68.95,GMCC SZ59C1H,15,1
411,411100117149844710411,"51,55.5,58.5,59,59.5,60,61,59.5",23.4,52.44,68.41,GMCC SZ59C1H,15,1
411,411100243149262200411,"51.5,57,60,59.5,60,62,61.5",20.1,49.06,64.85,GMCC SZ59C1H,15,1
411,411100117149846550411,"51.5,58,57.5,58.5,59,58.5,59,59.5",22.3,51.31,67.22,GMCC SZ59C1H,15,1
411,411100243149259000411,"47.5,50,51.5,52,52.5,54,53",20.4,49.37,65.17,GMCC SZ59C1H,15,1
411,411100243149260100411,"49.5,53,56.5,55.5,56,56.5,57.5,58",23.8,52.85,68.84,GMCC SZ59C1H,15,1
411,411100117149845700411,"55.5,62,62.5,62,62.5,63",23.3,52.34,68.3,GMCC SZ59C1H,15,1
411,411100117149845900411,"54,59,61,62,61.5,62,62.5,62",23.2,52.23,68.19,GMCC SZ59C1H,15,1
411,411100117149847190411,"52,58.5,61,60,60.5,61,60,59.5",20.7,49.68,65.5,GMCC SZ59C1H,15,1
411,411100117149846920411,"48,50.5,52,54.5,57,58,58.5,57.5,58,58.5",21.8,50.8,66.68,GMCC SZ59C1H,15,1
411,411100243149261120411,"51,53.5,55,58.5,59,60,58.5,59.5",20.7,49.68,65.5,GMCC SZ59C1H,15,1
411,411100243149263240411,"45.5,48.5,48,49.5,50.5,52,51,50,52.5",16.5,45.38,60.97,GMCC SZ59C1H,15,1
411,411100117150057710411,"49.5,55.5,58,57,58.5,60,59",24.3,53.36,69.38,GMCC SZ59C1H,15,1
411,411100243149263200411,"46.5,52.5,54,54.5,54,55",16.3,45.17,60.75,GMCC SZ59C1H,15,1
411,411100117149846280411,"60,62.5,60.5,61.5,61,64,62,63",22.6,51.62,67.54,GMCC SZ59C1H,15,1
411,411100243149259720411,"45.5,49,51.5,50.5,52,53.5,54.5,54",20.2,49.16,64.96,GMCC SZ59C1H,15,1
411,411100243149261790411,"51.5,55,55.5,56,55",19.9,48.86,64.63,GMCC SZ59C1H,15,1
411,411100117149845910411,"55,62.5,64.5,63,61.5,64,62.5,63.5,64",23.1,52.13,68.08,GMCC SZ59C1H,15,1
411,411100117149846510411,"52,55,57.5,58.5,57,56.5,56,56.5,57,58",22.3,51.31,67.22,GMCC SZ59C1H,15,1
411,411100117149845050411,"50.5,57,59.5,60,60.5,61,62",24.6,53.67,69.7,GMCC SZ59C1H,15,1
411,411100117150057580411,"52,56.5,60,60.5,62,62.5,63.5,63",24.3,53.36,69.38,GMCC SZ59C1H,15,1
411,411100243149258880411,"49.5,50,52.5,53.5,56,56.5,55.5,56",20.8,49.78,65.6,GMCC SZ59C1H,15,1
411,411100243149263540411,"46.5,50,54,54.5,55.5,56,55.5",18.6,47.53,63.23,GMCC SZ59C1H,15,1
411,411100243149260900411,"49,54.5,59.5,58.5,59.5,60,60.5",21.3,50.29,66.14,GMCC SZ59C1H,15,1
411,411100117150058510411,"52,58.5,57,57.5,58.5,59,58,59",22.1,51.11,67.01,GMCC SZ59C1H,15,1
411,411100117149845060411,"50,53,56,57.5,58,58.5,58",23.6,52.64,68.62,GMCC SZ59C1H,15,1
411,411100243149260170411,"56,59.5,61.5,60.5,61,60.5,61.5",23.5,52.54,68.51,GMCC SZ59C1H,15,1
411,411100117150058500411,"52.5,57.5,59.5,60.5,58.5,59.5,60,61",22.1,51.11,67.01,GMCC SZ59C1H,15,1
411,411100117149845930411,"54,58.5,62,62.5,61.5,62.5,63,62",23.1,52.13,68.08,GMCC SZ59C1H,15,1
411,411100117149845940411,"53.5,58,59.5,60.5,60,60.5,61",23.1,52.13,68.08,GMCC SZ59C1H,15,1
411,411100117149845480411,"53.5,61,62.5,60.5,61.5,60.5,62",23.5,52.54,68.51,GMCC SZ59C1H,15,1
411,411100117149845960411,"53,58.5,60.5,60,61,61.5,62.5",23.1,52.13,68.08,GMCC SZ59C1H,15,1
411,411100117149846850411,"49.5,55,57,57.5,58,57.5,58,57.5",22.0,51.01,66.9,GMCC SZ59C1H,15,1
411,411100243149259140411,"49,53,56.5,56,55.5,56,57.5",20.0,48.96,64.74,GMCC SZ59C1H,15,1
411,411100117149846020411,"51.5,57.5,60.5,61,63,63.5,63",24.3,53.36,69.38,GMCC SZ59C1H,15,1
411,411100243149260450411,"50,55.5,56.5,58.5,59,59.5,60,59.5",24.3,53.36,69.38,GMCC SZ59C1H,15,1
411,411100117149845140411,"53,55.5,57.5,58,59,58.5",24.4,53.46,69.49,GMCC SZ59C1H,15,1
411,411100117149846030411,"53.5,57.5,60.5,59.5,61,63,64,65",23.1,52.13,68.08,GMCC SZ59C1H,15,1
411,411100117149847280411,"48.5,52.5,55,55.5,57.5,56.5,57.5,57",20.7,49.68,65.5,GMCC SZ59C1H,15,1
411,411100117149847590411,"48,52,54,55.5,54.5,55,56,56.5",21.5,50.49,66.36,GMCC SZ59C1H,15,1
411,411100117150058280411,"55.5,59.5,60,59.5,61.5,62,62.5,60.5",22.8,51.82,67.76,GMCC SZ59C1H,15,1
411,411100117149847610411,"50.5,51.5,53,56,57,57.5,56.5",21.5,50.49,66.36,GMCC SZ59C1H,15,1
411,411100117149847620411,"50,53.5,52.5,54,53.5,55,55.5,56.5,55",21.4,50.39,66.25,GMCC SZ59C1H,15,1
411,411100243149258340411,"54.5,57,58,57,58.5,58,60,59",21.5,50.49,66.36,GMCC SZ59C1H,15,1
411,411100243149263910411,"48.5,53,54,53.5,54,55,54.5",18.4,47.32,63.02,GMCC SZ59C1H,15,1
411,411100117149847640411,"45,48,52,52.5,53.5,54.5",21.4,50.39,66.25,GMCC SZ59C1H,15,1
411,411100117149847650411,"47.5,49.5,54,55,56,56.5,56",21.3,50.29,66.14,GMCC SZ59C1H,15,1
411,411100243149262350411,"45.5,48,53.5,55,56.5,57,57.5",19.1,48.04,63.77,GMCC SZ59C1H,15,1
411,411100117149845880411,"55.5,61.5,62.5,63,63.5,64.5,64",23.2,52.23,68.19,GMCC SZ59C1H,15,1
411,411100243149258780411,"47,52.5,53,54,55,56,56.5,57.5",20.4,49.37,65.17,GMCC SZ59C1H,15,1
411,411100243149258800411,"47,54,51.5,53.5,54.5,54,55.5,56",20.8,49.78,65.6,GMCC SZ59C1H,15,1
411,411100117149847660411,"47.5,53,55.5,56.5,57,58,56.5",21.3,50.29,66.14,GMCC SZ59C1H,15,1
411,411100243149260330411,"52.5,53.5,56,57,56,56.5,57.5",22.6,51.62,67.54,GMCC SZ59C1H,15,1
411,411100117149847670411,"49,57.5,56,58,58.5,60,59",21.3,50.29,66.14,GMCC SZ59C1H,15,1
411,411100243149262580411,"46.5,48.5,52,53.5,54,55,53.5",18.2,47.12,62.8,GMCC SZ59C1H,15,1
411,411100117150057790411,"49.5,54.5,55.5,56.5,57.5,58.5,60",23.9,52.95,68.95,GMCC SZ59C1H,15,1
411,411100117149847680411,"47.5,49,50.5,53,53.5,54.5,55,55.5,56.5",21.2,50.19,66.03,GMCC SZ59C1H,15,1
411,411100117149847690411,"47,48.5,49,50,51.5,53.5,54.5,55,55.5",21.6,50.6,66.47,GMCC SZ59C1H,15,1
411,411100117150058050411,"58,59,60,60.5,62,62.5,61.5",24.1,53.16,69.16,GMCC SZ59C1H,15,1
411,411100117149847700411,"48,52.5,54,55.5,56,56.5,57",21.3,50.29,66.14,GMCC SZ59C1H,15,1
411,411100117149847720411,"47.5,52,53.5,54.5,55,54.5,55.5",21.3,50.29,66.14,GMCC SZ59C1H,15,1
411,411100117149847800411,"48.5,56,57.5,58,59,58,59",21.5,50.49,66.36,GMCC SZ59C1H,15,1
411,411100243149259030411,"45,48,50.5,51.5,52,52.5,53,55",20.2,49.16,64.96,GMCC SZ59C1H,15,1
411,411100117149845040411,"53.5,55.5,59.5,60,59.5,61,61.5,61",24.6,53.67,69.7,GMCC SZ59C1H,15,1
411,411100117149847810411,"51.5,56.5,57.5,59,60,60.5,61",21.5,50.49,66.36,GMCC SZ59C1H,15,1
411,411100243149262210411,"59.5,60,61,60.5,61,60.5",19.8,48.75,64.53,GMCC SZ59C1H,15,1
411,411100243149260760411,"49,52.5,54,55.5,56,56.5,57,57.5,58,58.5",21.4,50.39,66.25,GMCC SZ59C1H,15,1
411,411100243149259160411,"48.5,57,55.5,57,56.5,57,58.5",20.0,48.96,64.74,GMCC SZ59C1H,15,1
411,411100117149846440411,"52.5,52,53.5,57.5,58.5,58,57.5,58",22.2,51.21,67.11,GMCC SZ59C1H,15,1
411,411100117149845740411,"50.5,56,56.5,58,57,58,57.5,59,60",22.9,51.93,67.87,GMCC SZ59C1H,15,1
411,411100117150057280411,"49.5,54,57.5,60,59,60.5,60",25.1,54.18,70.24,GMCC SZ59C1H,15,1
411,411100117149847360411,"46.5,50.5,53,52,53,52.5,53.5,53,54,55.5",20.7,49.68,65.5,GMCC SZ59C1H,15,1
411,411100243149258740411,"47.5,49,49.5,56,52.5,53.5,52.5,55",20.8,49.78,65.6,GMCC SZ59C1H,15,1
411,411100117149846320411,"49.5,54.5,55.5,56,57,58,57.5,58,58.5",22.4,51.42,67.33,GMCC SZ59C1H,15,1
411,411100243149263610411,"47,45,46,49,51.5,53.5,53,52.5",18.6,47.53,63.23,GMCC SZ59C1H,15,1
411,411100117149847120411,"50.5,53.5,55.5,59.5,58.5,59.5,59",21.0,49.98,65.82,GMCC SZ59C1H,15,1
411,411100243149259650411,"48,54.5,55,56.5,57,58,59.5,58.5",20.4,49.37,65.17,GMCC SZ59C1H,15,1
411,411100117149847580411,"47.5,53,51.5,53,52.5,53,55.5,54.5",21.0,49.98,65.82,GMCC SZ59C1H,15,1
411,411100243149263530411,"45,48,50,51,51.5,51,51.5",18.6,47.53,63.23,GMCC SZ59C1H,15,1
411,411100243149259250411,"48.5,51.5,55,55.5,55,56,57,56.5",19.7,48.65,64.42,GMCC SZ59C1H,15,1
411,411100243149263160411,"47,49.5,55,56,56.5",16.3,45.17,60.75,GMCC SZ59C1H,15,1
411,411100117150058160411,"51.5,55,55.5,57.5,59,58,58.5,59,59.5",23.8,52.85,68.84,GMCC SZ59C1H,15,1
411,411100243149261350411,"49,54.5,57.5,57,57.5,58.5,58",19.9,48.86,64.63,GMCC SZ59C1H,15,1
411,411100243149258840411,"51,54,54.5,56,57,56.5",20.4,49.37,65.17,GMCC SZ59C1H,15,1
411,411100117150057400411,"54.5,60.5,61.5,62,63,62,62.5",24.7,53.77,69.81,GMCC SZ59C1H,15,1
411,411100117150057410411,"53,57.5,59.5,60.5,61,62,62.5,63.5",24.7,53.77,69.81,GMCC SZ59C1H,15,1
411,411100243149259910411,"49,53.5,56.5,59,60,60.5,61,61.5,62.5",24.1,53.16,69.16,GMCC SZ59C1H,15,1
411,411100117150057420411,"54,58,59.5,60,61.5,60",24.7,53.77,69.81,GMCC SZ59C1H,15,1
411,411100117149845950411,"51,55.5,60.5,61.5,62.5,62",23.3,52.34,68.3,GMCC SZ59C1H,15,1
411,411100117150057440411,"54,55.5,59.5,60,61,61.5",24.8,53.87,69.92,GMCC SZ59C1H,15,1
411,411100243149262500411,"45.5,52.5,53,54.5,54,53.5,54,53.5,54",18.7,47.63,63.34,GMCC SZ59C1H,15,1
411,411100117149845490411,"52.5,57,61,60.5,59,59.5,60.5,61",23.1,52.13,68.08,GMCC SZ59C1H,15,1
411,411100243149260340411,"50,54,57,58,58.5,59.5,59",22.9,51.93,67.87,GMCC SZ59C1H,15,1
411,411100117150057500411,"54,61,62.5,61.5,62,63,64,62.5",24.4,53.46,69.49,GMCC SZ59C1H,15,1
411,411100117150057630411,"51.5,58.5,62,61,61.5,62,63",24.3,53.36,69.38,GMCC SZ59C1H,15,1
411,411100243149262130411,"55.5,56.5,58,59,60,58",20.2,49.16,64.96,GMCC SZ59C1H,15,1
411,411100117150057520411,"52.5,57,59.5,60.5,61,62,61.5",24.4,53.46,69.49,GMCC SZ59C1H,15,1
411,411100117150057960411,"53,58.5,60,60.5,60,60.5,61,60",24.1,53.16,69.16,GMCC SZ59C1H,15,1
411,411100117150057550411,"51.5,56.5,59.5,60,59.5,61",24.3,53.36,69.38,GMCC SZ59C1H,15,1
411,411100243149258440411,"50.5,54,56,56.5,56,56.5,57.5,56.5",21.5,50.49,66.36,GMCC SZ59C1H,15,1
411,411100117150057560411,"50.5,57.5,59,60.5,59.5,61.5,60",24.3,53.36,69.38,GMCC SZ59C1H,15,1
411,411100243149262530411,"46.5,53.5,52.5,53.5,54.5,55,55.5,54.5",18.3,47.22,62.91,GMCC SZ59C1H,15,1
411,411100243149263450411,"46,49,51.5,52,53.5,53,53.5,52.5",15.7,44.56,60.1,GMCC SZ59C1H,15,1
411,411100243149261670411,"50.5,52.5,55.5,60,60.5,60",20.1,49.06,64.85,GMCC SZ59C1H,15,1
411,411100117149847100411,"47.5,55,57,56.5,58,57.5,59.5,58.5",21.1,50.08,65.93,GMCC SZ59C1H,15,1
411,411100117150057640411,"51.5,56,58.5,59,60,59.5",24.1,53.16,69.16,GMCC SZ59C1H,15,1
411,411100117150057670411,"49,54.5,57,58,59,60,59.5",24.4,53.46,69.49,GMCC SZ59C1H,15,1
411,411100243149258540411,"47,52.5,56,56.5,57,58,59,57.5",21.2,50.19,66.03,GMCC SZ59C1H,15,1
411,411100117150057690411,"49.5,54,57.5,58.5,59,59.5,59",24.1,53.16,69.16,GMCC SZ59C1H,15,1
411,411100243149262520411,"46,50,52,54.5,54,52.5,54,54.5",18.4,47.32,63.02,GMCC SZ59C1H,15,1
411,411100243149258470411,"46.5,50,51,52.5,53,54.5,53.5",21.1,50.08,65.93,GMCC SZ59C1H,15,1
411,411100117149845920411,"57,58.5,63.5,62.5,63,64.5,64",23.1,52.13,68.08,GMCC SZ59C1H,15,1
411,411100117150057720411,"52,57,58.5,59,61,60,61",24.0,53.05,69.05,GMCC SZ59C1H,15,1
411,411100243149263720411,"46,47,49.5,51,52,55,54.5,55",18.4,47.32,63.02,GMCC SZ59C1H,15,1
411,411100243149259200411,"46.5,52,52.5,56,55.5,56.5,57,57.5",20.8,49.78,65.6,GMCC SZ59C1H,15,1
411,411100243149260160411,"49.5,55,56,57.5,58.5,59,60",23.4,52.44,68.41,GMCC SZ59C1H,15,1
411,411100117150057730411,"55,57.5,60.5,60,59.5,60,61,61.5",24.0,53.05,69.05,GMCC SZ59C1H,15,1
411,411100243149258820411,"49.5,54,57.5,58,58.5,59,58",20.4,49.37,65.17,GMCC SZ59C1H,15,1
411,411100117149846180411,"57,61.5,62.5,61.5,63,64,65",23.0,52.03,67.98,GMCC SZ59C1H,15,1
411,411100117150057760411,"56.5,58.5,60,60.5,61.5,62.5",24.0,53.05,69.05,GMCC SZ59C1H,15,1
411,411100243149258650411,"51.5,58.5,59.5,58.5,60,61,59.5",20.6,49.57,65.39,GMCC SZ59C1H,15,1
411,411100117149845520411,"55.5,56.5,62,61.5,60,62,60.5",23.2,52.23,68.19,GMCC SZ59C1H,15,1
411,411100117150057770411,"52,55.5,59,60.5,60,61,62,61.5",24.4,53.46,69.49,GMCC SZ59C1H,15,1
411,411100243149262280411,"50,50.5,51.5,52,55,54,55.5,55",19.6,48.55,64.31,GMCC SZ59C1H,15,1
411,411100117150057780411,"53,59,61,61.5,62.5,63,63.5",23.9,52.95,68.95,GMCC SZ59C1H,15,1
411,411100243149260720411,"55,56.5,58.5,60,61,60.5,61.5,63",21.4,50.39,66.25,GMCC SZ59C1H,15,1
411,411100243149258460411,"48.5,53,56,56.5,57.5,57",21.4,50.39,66.25,GMCC SZ59C1H,15,1
411,411100117150057490411,"57,59.5,61.5,61,60.5,62,62.5,61.5",24.4,53.46,69.49,GMCC SZ59C1H,15,1
411,411100243149259430411,"48.5,52.5,54,55,56,57,57.5",20.3,49.27,65.06,GMCC SZ59C1H,15,1
411,411100117149844780411,"57.5,64,66,65,66,66.5,66,65.5",23.5,52.54,68.51,GMCC SZ59C1H,15,1
411,411100243149259110411,"48.5,52,54.5,55.5,56,56.5,56,58",20.0,48.96,64.74,GMCC SZ59C1H,15,1
411,411100117149845160411,"61.5,62.5,64,64.5,65,64.5,64",24.3,53.36,69.38,GMCC SZ59C1H,15,1
411,411100117150057830411,"49.5,54.5,58,59,60,59.5",23.7,52.75,68.73,GMCC SZ59C1H,15,1
411,411100243149259730411,"49.5,52,55,54.5,55.5,55,56,56.5",20.2,49.16,64.96,GMCC SZ59C1H,15,1
411,411100117149845390411,"54.5,60,61.5,62.5,62,61.5,62.5,64,62.5",23.3,52.34,68.3,GMCC SZ59C1H,15,1
411,411100243149259510411,"48.5,54,55,56.5,56,58,56.5",20.0,48.96,64.74,GMCC SZ59C1H,15,1
411,411100243149261880411,"51.5,55,56.5,58,60.5,60,58.5,59.5,60",20.3,49.27,65.06,GMCC SZ59C1H,15,1
411,411100243149260800411,"50,51.5,53.5,55,57.5,59,58.5,59.5,59,59.5,59",21.4,50.39,66.25,GMCC SZ59C1H,15,1
411,411100117150057910411,"49.5,54.5,57,60.5,59.5,62,62.5,60.5",24.2,53.26,69.27,GMCC SZ59C1H,15,1
411,411100243149262310411,"45,48,52.5,53.5,56,57.5,57,58,58.5",19.6,48.55,64.31,GMCC SZ59C1H,15,1
411,411100243149261450411,"49.5,51.5,54,56,56.5,58",19.5,48.45,64.2,GMCC SZ59C1H,15,1
411,411100243149261110411,"49.5,55,57,58,59,58,58.5,58,58.5",20.8,49.78,65.6,GMCC SZ59C1H,15,1
411,411100117149844870411,"52.5,56,60,59,58.5,60.5,59.5",23.4,52.44,68.41,GMCC SZ59C1H,15,1
411,411100243149259280411,"51,57,56.5,57,57.5,58.5,59.5,58",20.1,49.06,64.85,GMCC SZ59C1H,15,1
411,411100243149262060411,"50.5,53.5,53,59.5,58.5,59,60,60.5,60",20.1,49.06,64.85,GMCC SZ59C1H,15,1
411,411100117149847410411,"55,54.5,58.5,57.5,59.5,60,60.5",20.8,49.78,65.6,GMCC SZ59C1H,15,1
411,411100117150057930411,"54,56.5,59.5,58.5,59,60,60.5,61.5",24.2,53.26,69.27,GMCC SZ59C1H,15,1
411,411100243149262850411,"48,48.5,51.5,52.5,55,56,55.5,56.5,55.5",17.3,46.2,61.83,GMCC SZ59C1H,15,1
411,411100243149259780411,"45.5,47.5,49.5,50,51.5,52,52.5,53",20.2,49.16,64.96,GMCC SZ59C1H,15,1
411,411100117150057990411,"58.5,61.5,63,61,62,63,62.5",24.0,53.05,69.05,GMCC SZ59C1H,15,1
411,411100243149260410411,"51,58,57.5,60,60.5,61.5,60,60.5,61.5",22.4,51.42,67.33,GMCC SZ59C1H,15,1
411,411100243149258550411,"50.5,53,55.5,58,56,57.5,58.5,58,58.5",21.1,50.08,65.93,GMCC SZ59C1H,15,1
411,411100117149846290411,"49.5,54.5,56.5,57,57.5,59.5,57,58,57",22.6,51.62,67.54,GMCC SZ59C1H,15,1
411,411100117150058070411,"51,56.5,58,59,59.5,58.5",24.1,53.16,69.16,GMCC SZ59C1H,15,1
411,411100243149262000411,"50.5,52,55.5,57,58.5,58,58.5",20.3,49.27,65.06,GMCC SZ59C1H,15,1
411,411100243149258360411,"53,55.5,59,57,58,60,58.5,59",21.4,50.39,66.25,GMCC SZ59C1H,15,1
411,411100117150058090411,"52.5,56.5,58.5,60.5,60,60.5,60,60.5,62,61.5,61,60.5",23.9,52.95,68.95,GMCC SZ59C1H,15,1
411,411100117150058120411,"57.5,59.5,60.5,61,61.5,62",23.8,52.85,68.84,GMCC SZ59C1H,15,1
411,411100117150058130411,"53,56.5,59,60,61,61.5,62,61.5",23.7,52.75,68.73,GMCC SZ59C1H,15,1
411,411100117149846460411,"50,53.5,57,58,58.5,59",22.0,51.01,66.9,GMCC SZ59C1H,15,1
411,411100117150058170411,"49,54.5,57,59,57.5,58,59.5,59",23.6,52.64,68.62,GMCC SZ59C1H,15,1
411,411100117150058480411,"56.5,57,60.5,61,61.5,62.5",22.2,51.21,67.11,GMCC SZ59C1H,15,1
411,411100243149261020411,"51.5,53.5,58,58.5,59,58.5,59,59.5,60,59.5,60",20.9,49.88,65.71,GMCC SZ59C1H,15,1
411,411100117150058380411,"56.5,58,61.5,62,62.5,63.5,65.5,62.5",22.7,51.72,67.65,GMCC SZ59C1H,15,1
411,411100117150058270411,"55,60,61.5,63,61,61.5,61",22.7,51.72,67.65,GMCC SZ59C1H,15,1
411,411100117150058290411,"53.5,57.5,60,59.5,60,59.5,60.5,61",22.7,51.72,67.65,GMCC SZ59C1H,15,1
411,411100117150058370411,"51.5,55,53,57,60.5,58.5,59,60,61",22.7,51.72,67.65,GMCC SZ59C1H,15,1
411,411100243149259830411,"53,62,60.5,62,63,62",24.3,53.36,69.38,GMCC SZ59C1H,15,1
411,411100243149260670411,"47.5,52.5,53.5,55,56.5,57,57.5,56.5,57.5",21.6,50.6,66.47,GMCC SZ59C1H,15,1
411,411100243149258920411,"46.5,52.5,56.5,57,57.5,58,58.5,59",20.3,49.27,65.06,GMCC SZ59C1H,15,1
411,411100117149844960411,"51,52,61",23.5,52.54,68.51,GMCC SZ59C1H,15,1
411,411100117149845270411,"50.5,56.5,60,60.5,61.5,61,61.5,61",24.5,53.56,69.59,GMCC SZ59C1H,15,1
411,411100117150058460411,"54,57,62,61,62.5,63.5,64",22.3,51.31,67.22,GMCC SZ59C1H,15,1
411,411100243149260080411,"47,52,57,56.5,57.5,58.5,59,60",23.8,52.85,68.84,GMCC SZ59C1H,15,1
411,411100243149259070411,"49,52.5,56.5,56,56.5,57.5,56.5",20.3,49.27,65.06,GMCC SZ59C1H,15,1
411,411100243149261730411,"47.5,56.5,57,58,60,59.5,58.5,59",19.9,48.86,64.63,GMCC SZ59C1H,15,1
411,411100243149259990411,"47.5,52,53.5,54.5,55.5,56.5,56,56.5",20.2,49.16,64.96,GMCC SZ59C1H,15,1
411,411100243149258980411,"48.5,53.5,55,55.5,56,55.5,56,56.5",20.3,49.27,65.06,GMCC SZ59C1H,15,1
411,411100243149260770411,"47,54,56.5,55.5,56,57.5,58",21.7,50.7,66.57,GMCC SZ59C1H,15,1
411,411100243149260650411,"51.5,54,56.5,57.5,58.5,57.5,58",22.4,51.42,67.33,GMCC SZ59C1H,15,1
411,411100117150058520411,"52.5,55,60,59.5,58,59,60,59.5",22.1,51.11,67.01,GMCC SZ59C1H,15,1
411,411100117150058530411,"49.5,53,56,55.5,56,56.5,57,56.5",22.0,51.01,66.9,GMCC SZ59C1H,15,1
411,411100117150058550411,"51,53.5,54,56.5,57,57.5,58",21.9,50.9,66.79,GMCC SZ59C1H,15,1
411,411100117150058630411,"50.5,55.5,58,58.5,58,60,61,60.5",23.4,52.44,68.41,GMCC SZ59C1H,15,1
411,411100117149846680411,"49.5,58,59.5,60.5,60,60.5,61,60.5",22.3,51.31,67.22,GMCC SZ59C1H,15,1
411,411100243149258940411,"50,51,56,56.5,57.5,58",20.3,49.27,65.06,GMCC SZ59C1H,15,1
411,411100117149846000411,"51,57,58.5,59.5,59",23.1,52.13,68.08,GMCC SZ59C1H,15,1
411,411100243149258730411,"47,54,54.5,55.5,56,57,58,57.5",20.4,49.37,65.17,GMCC SZ59C1H,15,1
411,411100243149258350411,"49,54.5,55,56.5,58,59,57.5",21.2,50.19,66.03,GMCC SZ59C1H,15,1
411,411100117149846940411,"49.5,53,54.5,56,55.5,57.5,56.5",22.0,51.01,66.9,GMCC SZ59C1H,15,1
411,411100243149258400411,"49,54,56,57.5,59,57,57.5,58",21.2,50.19,66.03,GMCC SZ59C1H,15,1
411,411100117149846080411,"48,55.5,56.5,57,59.5,61,60.5,60",23.1,52.13,68.08,GMCC SZ59C1H,15,1
411,411100243149258870411,"48,51,56,56.5,56,59",20.3,49.27,65.06,GMCC SZ59C1H,15,1
411,411100243149258420411,"50,55,55.5,58,57.5,58.5,59",21.2,50.19,66.03,GMCC SZ59C1H,15,1
411,411100243149258480411,"51,53,55,56,56.5,57.5,59",21.0,49.98,65.82,GMCC SZ59C1H,15,1
411,411100243149258520411,"46,52,54,55.5,56.5,57,57.5,56.5",20.9,49.88,65.71,GMCC SZ59C1H,15,1
411,411100243149259340411,"51,55,54.5,55,55.5,54.5,55,55.5",20.1,49.06,64.85,GMCC SZ59C1H,15,1
411,411100243149263010411,"45,49.5,52,50.5,51,51.5,53",16.7,45.58,61.18,GMCC SZ59C1H,15,1
411,411100243149258610411,"48.5,49,51.5,52,53,54.5,54,55",20.7,49.68,65.5,GMCC SZ59C1H,15,1
411,411100243149261140411,"49.5,48,50,51.5,54,59.5,58.5,57.5,59",22.3,51.31,67.22,GMCC SZ59C1H,15,1
411,411100117149846870411,"49.5,55,57,57.5,58,57.5,58",22.1,51.11,67.01,GMCC SZ59C1H,15,1
411,411100117149845600411,"53.5,57.5,62,62.5,61,61.5,62,63.5",22.9,51.93,67.87,GMCC SZ59C1H,15,1
411,411100243149258630411,"48,53,55,55.5,56.5,57.5,57,58.5",21.6,50.6,66.47,GMCC SZ59C1H,15,1
411,411100243149261420411,"48.5,51.5,53.5,55.5,55,56,55.5",19.6,48.55,64.31,GMCC SZ59C1H,15,1
411,411100117149844730411,"51,56,60,58,57.5,58.5,59.5,59",23.4,52.44,68.41,GMCC SZ59C1H,15,1
411,411100243149258660411,"48.5,52.5,54.5,55.5,56,55.5,56,58",20.6,49.57,65.39,GMCC SZ59C1H,15,1
411,411100243149258670411,"49,51.5,53.5,56,57,58,57,57.5,58.5",20.5,49.47,65.28,GMCC SZ59C1H,15,1
411,411100117149847570411,"49,51,52.5,54,55,56,55",21.5,50.49,66.36,GMCC SZ59C1H,15,1
411,411100243149258680411,"48,51,54.5,56,56.5,58,57",20.4,49.37,65.17,GMCC SZ59C1H,15,1
411,411100117149846710411,"50,52,53,54.5,56,57,57.5,58,58.5",22.2,51.21,67.11,GMCC SZ59C1H,15,1
411,411100243149258700411,"46.5,53.5,53,54,55.5,56,57,55",20.4,49.37,65.17,GMCC SZ59C1H,15,1
411,411100243149263660411,"46.5,49,51,52,53.5,53,54.5,52.5",15.8,44.66,60.21,GMCC SZ59C1H,15,1
411,411100243149258710411,"48,52,54,56,55,55.5",20.4,49.37,65.17,GMCC SZ59C1H,15,1
411,411100243149259950411,"50.5,58,59.5,59,60,59,60.5,61",24.0,53.05,69.05,GMCC SZ59C1H,15,1
411,411100243149258770411,"49.5,57.5,58,59,59.5,58.5",21.2,50.19,66.03,GMCC SZ59C1H,15,1
411,411100243149258850411,"48.5,53.5,54,54.5,55,56,56.5",20.2,49.16,64.96,GMCC SZ59C1H,15,1
411,411100243149263220411,"45,47.5,50,51,51.5,52,51.5,52",16.2,45.07,60.64,GMCC SZ59C1H,15,1
411,411100243149261340411,"44.5,50,52,54,53.5,54,54.5",19.9,48.86,64.63,GMCC SZ59C1H,15,1
411,411100243149259940411,"53,56,56.5,57.5,58,60,59,60.5,61",24.1,53.16,69.16,GMCC SZ59C1H,15,1
411,411100117149846910411,"47,50.5,54,54.5,56.5,56,56.5,57,58,58.5",21.9,50.9,66.79,GMCC SZ59C1H,15,1
411,411100243149258860411,"53.5,55,57,57.5,58.5,59.5",20.3,49.27,65.06,GMCC SZ59C1H,15,1
411,411100243149259180411,"45.5,48,51,52.5,53,54,55.5,54.5",20.4,49.37,65.17,GMCC SZ59C1H,15,1
411,411100117149845760411,"52,58,61,60,60.5,61.5,62.5,62",23.4,52.44,68.41,GMCC SZ59C1H,15,1
411,411100243149258900411,"47.5,53,52,54,54.5,55,54.5",20.4,49.37,65.17,GMCC SZ59C1H,15,1
411,411100243149258910411,"50,51.5,54,58,57.5,57,56",20.3,49.27,65.06,GMCC SZ59C1H,15,1
411,411100243149261050411,"51,53,55,58,58.5,59,59.5,58.5",20.9,49.88,65.71,GMCC SZ59C1H,15,1
411,411100243149258960411,"44,47,52.5,51.5,52,52.5,53.5,54.5",20.2,49.16,64.96,GMCC SZ59C1H,15,1
411,411100117149847110411,"50.5,55.5,55,57,56.5,57,58,59",21.1,50.08,65.93,GMCC SZ59C1H,15,1
411,411100117149847600411,"51,50.5,54.5,57,56.5,57,58,57.5,59",21.5,50.49,66.36,GMCC SZ59C1H,15,1
411,411100243149258990411,"45.5,48,51,51.5,53.5,54.5,55,54",20.4,49.37,65.17,GMCC SZ59C1H,15,1
411,411100243149259840411,"53,55,58,63,63.5,63,63.5,64",24.3,53.36,69.38,GMCC SZ59C1H,15,1
411,411100243149259130411,"49,55.5,57,59,58,58.5,60,58.5",20.1,49.06,64.85,GMCC SZ59C1H,15,1
411,411100243149259150411,"49,48.5,51,53,54,54.5,55,57,57.5,57",19.9,48.86,64.63,GMCC SZ59C1H,15,1
411,411100243149259170411,"45.5,52.5,56.5,57.5,59,58",20.4,49.37,65.17,GMCC SZ59C1H,15,1
411,411100243149258390411,"46,53,55.5,55,56,56.5",18.7,47.63,63.34,GMCC SZ59C1H,15,1
411,411100243149259220411,"47,53,53.5,55.5,55,56,58.5",20.3,49.27,65.06,GMCC SZ59C1H,15,1
411,411100117150058470411,"54.5,56.5,59.5,60.5,59,59.5,60.5,61",22.2,51.21,67.11,GMCC SZ59C1H,15,1
411,411100243149259230411,"50.5,54,55,56.5,56,58,56.5,57,57.5",20.0,48.96,64.74,GMCC SZ59C1H,15,1
411,411100243149260530411,"51.5,54,55.5,57,57.5,57,57.5,58",22.4,51.42,67.33,GMCC SZ59C1H,15,1
411,411100243149259240411,"45.5,49.5,52.5,56.5,55,56,57.5,56.5",20.3,49.27,65.06,GMCC SZ59C1H,15,1
411,411100243149259260411,"48,56,55,56.5,57,56,57.5,58",19.9,48.86,64.63,GMCC SZ59C1H,15,1
411,411100243149259270411,"46.5,49,52.5,54.5,54,55",21.1,50.08,65.93,GMCC SZ59C1H,15,1
411,411100243149259540411,"46.5,48.5,50.5,53,51.5,52.5,53,53.5,53",19.8,48.75,64.53,GMCC SZ59C1H,15,1
411,411100243149259300411,"46,50,51.5,53.5,53,54.5,55.5,56",20.2,49.16,64.96,GMCC SZ59C1H,15,1
411,411100243149260740411,"47,51,53,56.5,55,55.5,56,56.5,57",21.4,50.39,66.25,GMCC SZ59C1H,15,1
411,411100243149259310411,"49,52,56,58,56,57,58,56.5",19.7,48.65,64.42,GMCC SZ59C1H,15,1
411,411100243149259400411,"49,51.5,59.5,57.5,59,56,59",19.7,48.65,64.42,GMCC SZ59C1H,15,1
411,411100243149260000411,"51,56,60.5,61,61.5,62,63,63",24.0,53.05,69.05,GMCC SZ59C1H,15,1
411,411100117149847030411,"56,55,57.5,58,57.5,58.5,59,58.5",21.2,50.19,66.03,GMCC SZ59C1H,15,1
411,411100243149259450411,"48,50,51,54,54.5,55,56,56.5,56,56.5",20.4,49.37,65.17,GMCC SZ59C1H,15,1
411,411100243149259460411,"46.5,50.5,53,53.5,54.5,54,54.5",20.3,49.27,65.06,GMCC SZ59C1H,15,1
411,411100243149259470411,"46.5,48.5,49.5,51,53,53.5,54.5,55,56",20.3,49.27,65.06,GMCC SZ59C1H,15,1
411,411100243149262440411,"46.5,52,55.5,55,55.5,56.5,56",19.8,48.75,64.53,GMCC SZ59C1H,15,1
411,411100243149259480411,"49.5,56,55.5,57.5,57,57.5,58.5,58",20.2,49.16,64.96,GMCC SZ59C1H,15,1
411,411100117149846410411,"49.5,57,57.5,58.5,58,59.5,59,58",22.0,51.01,66.9,GMCC SZ59C1H,15,1
411,411100117149846390411,"51,53.5,55.5,56.5,56,57,58.5,57",22.2,51.21,67.11,GMCC SZ59C1H,15,1
411,411100243149259580411,"52.5,57,55.5,57,57.5,57,57.5,59",20.2,49.16,64.96,GMCC SZ59C1H,15,1
411,411100243149259740411,"48,49.5,51.5,55,57.5,56.5,56,57,58",20.2,49.16,64.96,GMCC SZ59C1H,15,1
411,411100243149259590411,"48.5,52.5,55,57,58,59.5",20.4,49.37,65.17,GMCC SZ59C1H,15,1
411,411100117150058010411,"54.5,60.5,61,62.5,61,62,62.5,62",24.1,53.16,69.16,GMCC SZ59C1H,15,1
411,411100243149259610411,"50.5,53.5,56.5,57.5,57,57.5,56.5",19.7,48.65,64.42,GMCC SZ59C1H,15,1
411,411100243149260040411,"54.5,55,60,60.5,61,60.5,61.5,63,61.5",24.2,53.26,69.27,GMCC SZ59C1H,15,1
411,411100243149259660411,"50.5,52.5,54.5,56,55.5,56.5,56",20.1,49.06,64.85,GMCC SZ59C1H,15,1
411,411100243149259680411,"53.5,55,56,56.5,56,57,57.5,57,58",20.1,49.06,64.85,GMCC SZ59C1H,15,1
411,411100243149259690411,"47.5,51,56.5,54,54.5,56,57,56.5,57.5",20.1,49.06,64.85,GMCC SZ59C1H,15,1
411,411100243149260680411,"48,54.5,56.5,57,58,58.5,57.5",21.5,50.49,66.36,GMCC SZ59C1H,15,1
411,411100243149260010411,"52,58,58.5,59,60.5,61.5,62,63",24.0,53.05,69.05,GMCC SZ59C1H,15,1
411,411100117149846590411,"50,57,59,57.5,58,59,60",22.3,51.31,67.22,GMCC SZ59C1H,15,1
411,411100243149259700411,"48,51.5,53.5,54,54.5,55.5,56,55",19.8,48.75,64.53,GMCC SZ59C1H,15,1
411,411100243149259550411,"47.5,53,56.5,57.5,57,57.5,58",20.4,49.37,65.17,GMCC SZ59C1H,15,1
411,411100243149259710411,"46.5,48,50,51.5,54.5,55,55.5,56.5,56,56.5,57",20.2,49.16,64.96,GMCC SZ59C1H,15,1
411,411100243149262610411,"46,53,53.5,54,55,54",18.2,47.12,62.8,GMCC SZ59C1H,15,1
411,411100243149259850411,"50.5,54.5,57,58,58.5,59.5,60,60.5,61",24.3,53.36,69.38,GMCC SZ59C1H,15,1
411,411100117149847200411,"51,53.5,55.5,56,56.5,57.5,58.5,59,58,58.5",21.1,50.08,65.93,GMCC SZ59C1H,15,1
411,411100243149259870411,"57.5,60.5,61.5,61,63,61.5,62.5,62",24.2,53.26,69.27,GMCC SZ59C1H,15,1
411,411100117150057750411,"52.5,56.5,59,60,60.5,61,62,62.5",24.0,53.05,69.05,GMCC SZ59C1H,15,1
411,411100243149259920411,"55,57.5,60,60.5,59.5,60.5,61",24.3,53.36,69.38,GMCC SZ59C1H,15,1
411,411100243149259930411,"49.5,53,56,57,58.5,59.5,60,59,61.5,60",24.0,53.05,69.05,GMCC SZ59C1H,15,1
411,411100117149847530411,"47,51,54.5,55,54,56,55.5,54.5,56,54.5,55.5,56,55,55.5",21.4,50.39,66.25,GMCC SZ59C1H,15,1
411,411100243149261500411,"50,55.5,56,58,57.5,58.5,57,58.5",19.5,48.45,64.2,GMCC SZ59C1H,15,1
411,411100243149260030411,"52,59.5,61.5,63,62.5,63,62.5,63.5",24.0,53.05,69.05,GMCC SZ59C1H,15,1
411,411100243149260050411,"48,55.5,59,59.5,60,61.5,61,62,61.5",24.0,53.05,69.05,GMCC SZ59C1H,15,1
411,411100243149260420411,"53.5,60.5,63,65,66,65",20.2,49.16,64.96,NS,NS,0
411,411100117150057810411,"63,65.5,67,68.5,70,69.5",23.9,52.95,68.95,NS,NS,0
999,999999,"9.9,10.6,26.5,8.7,16.3,16.3,18.0,19.0,17.8",21.6,999.0,999.0,999,999,0
999,999999,"63.7,64.7,22.4,66.4,65.7,66.7,69.4",16.8,999.0,999.0,999,999,0
999,999999,"14.9,14.7,14.5,15.0,18.3,24.5,22.1,26.8,28.4,28.0",22.0,999.0,999.0,999,999,0
999,999999,"60.1,64.5,156.3,17.5,75.4,75.2,72.9,74.2,76.9",25.5,999.0,999.0,999,999,0
999,999999,"74.2,76.6,76.2,81.7,81.7",20.1,999.0,999.0,999,999,0
999,999999,"1.2,7.2,10.1,11.9,12.7,13.7,15.0,22.8,24.8",24.8,999.0,999.0,999,999,0
999,999999,"7.9,6.6,5.0,6.5,5.2,6.8",22.8,999.0,999.0,999,999,0
999,999999,"79.2,113.9,84.4,88.7,90.6,91.4,93.0,97.7",22.1,999.0,999.0,999,999,0
999,999999,"60.7,66.1,68.7,72.8,72.7,72.8,71.0,72.1",17.2,999.0,999.0,999,999,0
999,999999,"51.9,52.9,52.1,51.0,50.1,51.2,53.8",29.7,999.0,999.0,999,999,0
999,999999,"83.1,84.6,84.5,89.7,90.3,145.9",11.3,999.0,999.0,999,999,0
999,999999,"116.2,115.5,118.1,118.7,119.7,120.3,120.1,119.1,119.4,118.4",29.2,999.0,999.0,999,999,0
999,999999,"174.4,5.2,4.8,5.6,6.9,7.9,8.0,7.7",26.1,999.0,999.0,999,999,0
999,999999,"107.2,108.1,108.0,108.4,108.6,110.4,109.8,109.4,110.9,114.9",18.5,999.0,999.0,999,999,0
999,999999,"36.3,36.3,40.3,41.9,43.6,43.2,43.5,44.8,44.6",22.5,999.0,999.0,999,999,0
999,999999,"1.3,2.8,1.7,0.8,0.4,2.0,4.3",23.5,999.0,999.0,999,999,0
999,999999,"33.7,36.2,37.1,40.1,40.7,198.5,37.7",34.4,999.0,999.0,999,999,0
999,999999,"104.4,105.4,105.4,103.5,102.7,102.1",12.7,999.0,999.0,999,999,0
999,999999,"1.8,0,0,0,0",16.3,999.0,999.0,999,999,0
999,999999,"6.5,6.7,9.9,14.5,14.8",25.5,999.0,999.0,999,999,0
999,999999,"19.0,22.6,22.5,23.7,24.4",34.0,999.0,999.0,999,999,0
999,999999,"17.7,19.0,20.9,24.5,190.7,24.6,22.8,33.7,33.6",34.4,999.0,999.0,999,999,0
999,999999,"0,0,0,0,0",12.6,999.0,999.0,999,999,0
999,999999,"45.5,45.2,45.3,44.9,44.2,44.8,44.9",20.5,999.0,999.0,999,999,0
999,999999,"76.8,77.1,76.4,82.3,82.6,19.6",17.2,999.0,999.0,999,999,0
999,999999,"28.4,133.7,0,7.4,10.6",30.7,999.0,999.0,999,999,0
999,999999,"36.0,36.4,37.8,38.1,42.1,40.9,41.6,41.2",35.1,999.0,999.0,999,999,0
999,999999,"87.5,88.8,89.0,86.9,93.0",31.0,999.0,999.0,999,999,0
999,999999,"103.4,105.8,107.9,107.6,107.0",19.8,999.0,999.0,999,999,0
999,999999,"14.2,20.9,19.1,19.0,18.7,18.6,18.3,23.2,24.4",18.6,999.0,999.0,999,999,0
999,999999,"23.5,24.4,24.2,24.2,22.9,131.7,26.1",32.2,999.0,999.0,999,999,0
999,999999,"1.2,0,0.9,1.1,2.5",18.9,999.0,999.0,999,999,0
999,999999,"40.8,42.4,45.3,47.1,47.1,47.7,49.1,49.9,51.7",29.3,999.0,999.0,999,999,0
999,999999,"76.1,77.4,79.7,78.4,79.0,80.0,78.7,77.8,77.6,78.5",27.2,999.0,999.0,999,999,0
999,999999,"70.2,70.5,72.3,76.9,76.8,75.4,77.3,77.3",10.4,999.0,999.0,999,999,0
999,999999,"3.4,4.6,4.0,0,0,0",18.1,999.0,999.0,999,999,0
999,999999,"5.9,6.8,7.2,6.3,7.6",25.5,999.0,999.0,999,999,0
999,999999,"82.2,87.4,88.5,87.9,87.6,87.5",16.7,999.0,999.0,999,999,0
999,999999,"70.9,72.4,73.6,74.4,73.7,75.9,80.8",30.9,999.0,999.0,999,999,0
999,999999,"58.3,64.1,71.0,72.6,76.5,77.1",16.4,999.0,999.0,999,999,0
999,999999,"0.9,7.9,11.4,12.8,13.7",23.0,999.0,999.0,999,999,0
999,999999,"64.2,65.8,74.7,75.5,75.3",19.0,999.0,999.0,999,999,0
999,999999,"58.8,57.6,57.9,58.2,57.2,59.1",33.6,999.0,999.0,999,999,0
999,999999,"73.3,75.1,76.3,77.9,81.3,86.7",28.7,999.0,999.0,999,999,0
999,999999,"78.2,76.8,80.2,80.4,85.9,85.0,86.5,86.9,87.0,129.0",13.3,999.0,999.0,999,999,0
999,999999,"98.2,99.3,101.8,104.2,105.2",17.9,999.0,999.0,999,999,0
999,999999,"55.6,55.8,57.7,59.1,60.4,59.1",9.9,999.0,999.0,999,999,0
999,999999,"59.2,57.8,59.9,61.2,63.5,63.8",11.5,999.0,999.0,999,999,0
999,999999,"1.6,5.3,6.7,6.7,7.4,8.7",26.0,999.0,999.0,999,999,0
999,999999,"63.8,66.4,65.2,65.7,64.3,21.2,67.5,68.8,72.4",12.4,999.0,999.0,999,999,0
999,999999,"75.3,75.8,79.5,78.5,78.8,78.6,80.4",17.5,999.0,999.0,999,999,0
999,999999,"75.4,76.3,77.7,79.3,83.8,21.3,88.6",28.2,999.0,999.0,999,999,0
999,999999,"65.9,71.0,76.0,77.4,77.9,79.3,79.1",22.8,999.0,999.0,999,999,0
999,999999,"6.3,4.3,3.2,7.4,7.8,10.0,8.5",25.7,999.0,999.0,999,999,0
999,999999,"84.6,84.8,87.0,87.6,93.1,93.9",29.1,999.0,999.0,999,999,0
999,999999,"70.8,75.1,77.4,80.5,84.6,86.1,90.2,91.6",15.2,999.0,999.0,999,999,0
999,999999,"105.7,107.4,108.4,191.0,109.9",25.0,999.0,999.0,999,999,0
999,999999,"78.8,80.5,84.7,174.7,84.5,84.3",12.2,999.0,999.0,999,999,0
999,999999,"121.9,120.9,121.7,122.5,123.0,124.4,126.5,127.4",30.2,999.0,999.0,999,999,0
999,999999,"86.8,90.4,87.9,93.1,134.3,93.4",17.5,999.0,999.0,999,999,0
999,999999,"3.7,8.2,11.2,12.8,12.6",34.8,999.0,999.0,999,999,0
999,999999,"3.9,2.4,3.2,1.0,1.0,3.5,1.7,0,0,0.1",11.3,999.0,999.0,999,999,0
999,999999,"16.9,18.1,19.5,20.3,21.7,24.5,26.2,26.3,27.3,28.9",17.0,999.0,999.0,999,999,0
999,999999,"29.3,30.5,37.3,37.6,40.2,41.6,128.3,41.7,42.2",33.4,999.0,999.0,999,999,0
999,999999,"94.9,97.0,100.9,102.6,103.4,106.9",17.8,999.0,999.0,999,999,0
999,999999,"74.7,74.6,74.3,73.0,72.7",14.3,999.0,999.0,999,999,0
999,999999,"50.9,49.2,48.1,48.0,46.9,48.7,49.0",29.8,999.0,999.0,999,999,0
999,999999,"88.1,87.9,89.1,130.5,92.4,95.4,97.7,100.8",15.0,999.0,999.0,999,999,0
999,999999,"126.6,127.2,128.5,21.5,130.3,130.4",33.7,999.0,999.0,999,999,0
999,999999,"27.2,28.8,29.1,29.4,28.3",23.8,999.0,999.0,999,999,0
999,999999,"8.8,11.3,11.5,12.8,14.7,178.7,18.9,18.6,17.0,21.4",19.7,999.0,999.0,999,999,0
999,999999,"15.2,17.6,20.3,22.0,21.5,21.5,22.4,22.5",19.2,999.0,999.0,999,999,0
999,999999,"6.1,4.0,5.1,10.9,12.9,13.5",12.8,999.0,999.0,999,999,0
999,999999,"0,0.4,1.7,0,0,0.9,4.0,5.9,8.8",14.4,999.0,999.0,999,999,0
999,999999,"16.2,14.9,16.2,17.5,19.7,23.4",16.2,999.0,999.0,999,999,0
999,999999,"7.4,11.1,13.2,14.0,14.4,19.6,19.5,19.4",15.0,999.0,999.0,999,999,0
999,999999,"12.0,15.4,23.0,24.9,25.7,27.0,29.6,28.2,27.9,27.8",12.1,999.0,999.0,999,999,0
999,999999,"100.0,101.1,101.1,99.2,98.0",17.3,999.0,999.0,999,999,0
999,999999,"27.1,26.8,32.7,34.6,41.5,25.1,44.1,45.4",30.5,999.0,999.0,999,999,0
999,999999,"23.2,26.1,26.9,26.8,28.3,27.2,29.5,30.7",31.3,999.0,999.0,999,999,0
999,999999,"100.5,98.1,99.6,97.0,99.6,107.2",25.2,999.0,999.0,999,999,0
999,999999,"61.0,60.8,64.7,67.4,69.1,68.5,67.0,66.0",18.1,999.0,999.0,999,999,0
999,999999,"8.9,9.2,16.1,15.7,17.7,23.9,24.0,21.0,20.0,20.1",32.8,999.0,999.0,999,999,0
999,999999,"93.6,95.0,95.6,100.8,100.5",27.5,999.0,999.0,999,999,0
999,999999,"22.5,24.0,26.5,26.5,26.9,34.6,37.0,38.1",16.7,999.0,999.0,999,999,0
999,999999,"94.8,94.9,97.3,97.2,95.8,94.9,98.2",19.1,999.0,999.0,999,999,0
999,999999,"74.6,74.2,76.7,77.1,85.0,87.4,87.1,25.0,87.8",28.4,999.0,999.0,999,999,0
999,999999,"8.5,11.4,12.9,19.1,25.2,26.4,27.6,27.2",26.3,999.0,999.0,999,999,0
999,999999,"1.1,0,0,0,0.8,1.7,1.3,0,0,0",16.4,999.0,999.0,999,999,0
999,999999,"34.1,34.2,37.1,37.7,36.3,35.2",13.2,999.0,999.0,999,999,0
999,999999,"12.6,196.4,17.1,19.0,23.7,23.1,25.1,24.7",23.4,999.0,999.0,999,999,0
999,999999,"41.5,42.5,21.5,45.6,45.1,45.1,42.9,48.2,52.6,53.3",32.0,999.0,999.0,999,999,0
999,999999,"21.2,25.2,25.4,25.8,27.8,32.0,35.5",20.7,999.0,999.0,999,999,0
999,999999,"14.6,11.9,16.2,18.0,20.2,22.0",17.7,999.0,999.0,999,999,0
999,999999,"50.8,51.4,156.3,53.3,53.3,53.1",28.2,999.0,999.0,999,999,0
999,999999,"20.3,21.5,24.5,27.2,27.9,26.5,25.6,25.5,27.9",19.5,999.0,999.0,999,999,0
999,999999,"90.3,90.4,90.3,90.0,89.2",18.9,999.0,999.0,999,999,0
999,999999,"88.8,91.6,92.4,92.1,90.6,93.0",17.8,999.0,999.0,999,999,0
999,999999,"57.2,57.4,56.2,55.0,55.7,55.5",28.8,999.0,999.0,999,999,0
999,999999,"74.9,77.2,78.4,78.2,24.2,75.7",11.5,999.0,999.0,999,999,0
999,999999,"102.5,102.7,104.2,109.7,109.3,110.0,110.6,113.3,117.1,117.5",34.5,999.0,999.0,999,999,0
999,999999,"10.3,8.8,12.9,12.6,15.2,16.3,20.2,18.5,19.5,18.7",28.5,999.0,999.0,999,999,0
999,999999,"88.7,91.2,160.8,93.5,95.4",11.5,999.0,999.0,999,999,0
999,999999,"1.6,0,3.3,2.9,2.3,2.6,188.3,6.4,6.0",16.9,999.0,999.0,999,999,0
999,999999,"34.8,34.1,35.1,33.6,39.3",18.0,999.0,999.0,999,999,0
999,999999,"75.2,73.3,74.3,75.5,79.1,82.3,84.4,83.4,84.6",15.5,999.0,999.0,999,999,0
999,999999,"4.7,7.4,5.9,5.4,8.4,6.8,8.5,7.1,7.3",15.4,999.0,999.0,999,999,0
999,999999,"118.9,123.6,125.8,172.4,127.7,127.7,129.3",33.0,999.0,999.0,999,999,0
999,999999,"17.3,17.4,18.2,18.7,20.8",18.6,999.0,999.0,999,999,0
999,999999,"63.0,67.6,67.8,70.1,72.1",23.0,999.0,999.0,999,999,0
999,999999,"75.8,76.1,75.2,74.9,75.9,77.4,80.2,80.8",23.6,999.0,999.0,999,999,0
999,999999,"53.1,53.9,55.0,55.4,53.4,55.5,54.1,52.3",27.1,999.0,999.0,999,999,0
999,999999,"20.7,22.9,25.9,25.1,24.6",18.5,999.0,999.0,999,999,0
999,999999,"94.0,97.2,96.7,98.5,99.3,100.5,101.7,100.6,102.4",12.8,999.0,999.0,999,999,0
999,999999,"44.5,47.2,50.8,49.3,52.0",31.7,999.0,999.0,999,999,0
999,999999,"0,0,0.3,5.7,7.5,6.5,12.5,13.2,17.5,18.4",12.7,999.0,999.0,999,999,0
999,999999,"122.4,124.0,125.5,128.2,129.5,129.4,128.6",35.1,999.0,999.0,999,999,0
999,999999,"89.0,91.0,91.5,92.5,93.5,95.1",33.9,999.0,999.0,999,999,0
999,999999,"89.3,90.3,93.8,99.0,98.1,99.2,98.1,97.1,99.0,101.4",21.9,999.0,999.0,999,999,0
999,999999,"59.6,59.1,62.5,62.6,64.7,65.9,65.6,68.3",14.6,999.0,999.0,999,999,0
999,999999,"78.4,78.8,77.1,76.9,78.8,86.2,86.0,84.7,84.4",31.8,999.0,999.0,999,999,0
999,999999,"61.3,64.0,68.9,77.5,80.4,83.8,87.3",27.5,999.0,999.0,999,999,0
999,999999,"22.6,24.7,27.4,115.0,29.4,32.3",17.0,999.0,999.0,999,999,0
999,999999,"84.1,86.3,88.1,89.4,92.0,94.0,93.6,93.8,94.3,94.9",25.8,999.0,999.0,999,999,0
999,999999,"107.1,157.9,107.8,113.1,111.1,114.0,113.8",33.3,999.0,999.0,999,999,0
999,999999,"108.9,109.9,165.7,115.4,115.2,115.7,115.3,115.7",33.1,999.0,999.0,999,999,0
999,999999,"8.7,7.5,12.2,11.6,16.3",26.4,999.0,999.0,999,999,0
999,999999,"107.2,108.9,151.0,112.4,119.6,121.1,120.8",30.8,999.0,999.0,999,999,0
999,999999,"63.7,66.6,67.0,68.3,68.6,74.1,75.5,77.1,77.5,77.2",22.8,999.0,999.0,999,999,0
999,999999,"0,153.4,0,2.6,4.1",18.4,999.0,999.0,999,999,0
999,999999,"42.7,119.9,45.2,46.8,47.8,53.3,59.4,59.1,59.8",13.3,999.0,999.0,999,999,0
999,999999,"67.0,65.8,67.6,68.4,69.2",21.1,999.0,999.0,999,999,0
999,999999,"48.0,49.1,48.7,51.1,56.4",31.6,999.0,999.0,999,999,0
999,999999,"14.0,15.2,14.2,19.1,23.6,25.1,25.7,25.7,26.5",12.1,999.0,999.0,999,999,0
999,999999,"101.5,102.1,109.4,113.8,115.0,115.4,116.8,117.4,115.0",23.8,999.0,999.0,999,999,0
999,999999,"97.9,100.6,103.7,106.5,105.6,104.7,103.6",15.9,999.0,999.0,999,999,0
999,999999,"110.6,114.8,118.3,119.5,118.9,119.8,120.2",29.4,999.0,999.0,999,999,0
999,999999,"48.6,49.5,50.6,52.3,51.8,56.4,56.6,58.4,59.7,62.6",11.9,999.0,999.0,999,999,0
999,999999,"77.5,78.7,78.5,78.7,78.3,79.3,81.7,80.5",11.8,999.0,999.0,999,999,0
999,999999,"9.6,9.5,11.8,15.6,16.7,21.1",11.5,999.0,999.0,999,999,0
999,999999,"78.6,78.3,77.6,77.9,81.4,169.8",16.8,999.0,999.0,999,999,0
999,999999,"87.4,88.2,89.0,89.3,90.0",31.2,999.0,999.0,999,999,0
999,999999,"30.7,182.0,32.7,31.5,31.6,31.6",33.2,999.0,999.0,999,999,0
999,999999,"98.0,96.3,96.0,99.4,100.1,99.4,101.5,106.6,108.6",19.3,999.0,999.0,999,999,0
999,999999,"0,0,0,0,0,0,0,0,0,0",9.9,999.0,999.0,999,999,0
999,999999,"8.4,11.6,13.7,13.1,15.5",11.7,999.0,999.0,999,999,0
999,999999,"99.9,99.3,133.5,105.2,105.7,104.4",12.4,999.0,999.0,999,999,0
999,999999,"121.4,122.1,118.7,119.9,120.4,121.1,122.0,129.2,128.6,129.5",32.6,999.0,999.0,999,999,0
999,999999,"9.2,13.9,18.2,18.9,17.7,26.5,25.7,24.3,25.5,27.0",10.9,999.0,999.0,999,999,0
999,999999,"36.3,35.6,39.0,40.0,40.6,39.9",27.2,999.0,999.0,999,999,0
999,999999,"63.9,65.1,65.1,191.3,67.9",10.5,999.0,999.0,999,999,0
999,999999,"93.3,92.7,96.1,96.0,95.7,97.0,97.4",21.8,999.0,999.0,999,999,0
999,999999,"59.0,59.2,64.5,66.1,67.0,68.5,67.5,65.7,68.9,72.2",14.2,999.0,999.0,999,999,0
999,999999,"48.1,47.3,178.8,50.1,54.9,55.6,57.9,60.1,59.5,62.3",11.2,999.0,999.0,999,999,0
999,999999,"51.1,53.8,54.5,54.9,54.8,58.3",31.6,999.0,999.0,999,999,0
999,999999,"26.5,27.6,26.7,27.2,33.0",20.6,999.0,999.0,999,999,0
999,999999,"68.1,69.3,69.1,67.9,69.1,67.2,71.2,72.5",10.2,999.0,999.0,999,999,0
999,999999,"115.6,114.6,118.5,117.3,118.1,116.9,124.4",32.3,999.0,999.0,999,999,0
999,999999,"26.9,28.0,30.0,32.0,36.6,36.5",26.0,999.0,999.0,999,999,0
999,999999,"82.0,82.7,77.8,78.7,78.1,80.2,80.8,82.3",16.0,999.0,999.0,999,999,0
999,999999,"90.4,90.6,95.5,96.9,94.7,98.4,99.0,102.1,105.0,114.4",21.1,999.0,999.0,999,999,0
999,999999,"12.6,14.0,17.1,17.9,18.6",16.6,999.0,999.0,999,999,0
999,999999,"45.6,48.3,49.0,48.6,47.5,47.6",27.7,999.0,999.0,999,999,0
999,999999,"59.0,59.2,21.1,62.5,66.7,66.7,72.9,76.9,79.9",13.3,999.0,999.0,999,999,0
999,999999,"44.0,44.0,45.9,45.6,45.4,46.5",28.5,999.0,999.0,999,999,0
999,999999,"48.4,49.4,56.9,57.0,57.5,57.6,59.0",31.9,999.0,999.0,999,999,0
999,999999,"56.4,57.1,55.7,58.4,60.6,58.5,60.2",12.4,999.0,999.0,999,999,0
999,999999,"51.8,57.9,58.4,59.5,58.7,59.7",11.2,999.0,999.0,999,999,0
999,999999,"37.2,36.4,38.3,37.9,39.0,43.6,50.8,144.4",29.9,999.0,999.0,999,999,0
999,999999,"57.2,57.7,59.8,62.7,65.6,68.7,16.7,69.2,69.3",20.7,999.0,999.0,999,999,0
999,999999,"71.4,75.2,75.9,74.1,73.9,73.5,73.6",14.1,999.0,999.0,999,999,0
999,999999,"64.9,67.4,67.1,74.9,72.6,73.2,77.0",26.0,999.0,999.0,999,999,0
999,999999,"50.4,116.0,50.3,51.9,53.1,53.7,56.4",33.9,999.0,999.0,999,999,0
999,999999,"96.0,93.8,92.3,97.3,98.5,100.7,99.5",21.7,999.0,999.0,999,999,0
999,999999,"83.0,81.6,84.1,86.2,85.5,89.6",21.2,999.0,999.0,999,999,0
999,999999,"101.3,107.6,108.2,179.7,109.5,111.5,116.7,117.9",27.4,999.0,999.0,999,999,0
999,999999,"26.2,30.5,34.8,33.6,37.0,35.9,35.2,39.5,40.3,39.7",22.7,999.0,999.0,999,999,0
999,999999,"100.1,99.6,100.0,101.5,103.9,188.7,111.0,111.5",28.1,999.0,999.0,999,999,0
999,999999,"81.3,109.9,82.8,81.6,81.8,87.9,87.2,88.0",24.9,999.0,999.0,999,999,0
999,999999,"5.1,8.3,9.5,13.0,11.4,11.3",21.9,999.0,999.0,999,999,0
999,999999,"1.5,1.2,0.9,0,1.7,1.4,25.8,2.7,3.1",23.8,999.0,999.0,999,999,0
999,999999,"89.5,88.8,92.8,93.0,94.3,96.5,96.7,98.9,104.1",29.5,999.0,999.0,999,999,0
999,999999,"47.6,49.4,49.6,48.0,125.8",25.2,999.0,999.0,999,999,0
999,999999,"0.3,0,0,0.1,1.4,10.1,7.9,6.3,6.8,7.8",12.5,999.0,999.0,999,999,0
999,999999,"28.8,16.9,32.4,33.1,32.8",30.5,999.0,999.0,999,999,0
999,999999,"92.3,91.7,92.1,92.6,92.3",24.5,999.0,999.0,999,999,0
999,999999,"0,3.3,4.0,4.9,4.4,3.3",21.0,999.0,999.0,999,999,0
999,999999,"61.8,63.6,65.8,67.0,69.6,69.6,69.1,74.3,73.9,73.8",17.1,999.0,999.0,999,999,0
999,999999,"115.1,116.0,117.9,117.4,118.7,118.5,119.3,118.9,120.8",31.0,999.0,999.0,999,999,0
999,999999,"67.2,71.7,77.5,80.6,81.8,80.9,82.3,80.5,78.7",26.4,999.0,999.0,999,999,0
999,999999,"21.5,24.5,24.6,30.0,29.7,28.3,26.4,27.4,35.0",34.2,999.0,999.0,999,999,0
999,999999,"28.4,27.8,29.0,30.2,31.6,32.0,31.5",22.4,999.0,999.0,999,999,0
999,999999,"12.9,13.4,134.9,16.7,21.7,23.5,21.2,21.3",25.5,999.0,999.0,999,999,0
999,999999,"0,0,0,0,0",12.7,999.0,999.0,999,999,0
999,999999,"112.2,111.0,110.7,111.8,115.8,114.5,115.4,116.2,196.5,117.3",21.2,999.0,999.0,999,999,0
999,999999,"82.4,83.1,92.1,93.2,93.6,93.8,94.7,93.7,96.6,98.3",34.5,999.0,999.0,999,999,0
999,999999,"106.2,106.7,115.8,113.2,114.4,116.3,117.5",24.4,999.0,999.0,999,999,0
999,999999,"62.9,61.8,63.1,69.7,72.2",19.5,999.0,999.0,999,999,0
999,999999,"106.4,110.0,110.0,108.8,108.9,108.8,113.6",25.6,999.0,999.0,999,999,0
999,999999,"5.7,5.7,7.5,9.1,8.8,7.5,14.9,19.4",21.3,999.0,999.0,999,999,0
999,999999,"0,0,1.1,5.8,9.5,13.9,17.2,17.8,19.0",31.2,999.0,999.0,999,999,0
999,999999,"71.2,72.4,77.0,76.5,77.4,80.6,84.8,83.5,85.0",17.9,999.0,999.0,999,999,0
999,999999,"119.3,120.3,149.5,125.0,126.3,125.8,124.5,123.2,123.6",34.4,999.0,999.0,999,999,0
999,999999,"102.1,105.0,104.3,104.0,175.4,104.8",26.2,999.0,999.0,999,999,0
999,999999,"105.4,103.4,103.4,104.8,104.3,106.8",26.7,999.0,999.0,999,999,0
999,999999,"91.6,93.1,94.4,97.0,97.5",29.5,999.0,999.0,999,999,0
999,999999,"95.9,94.6,96.1,98.6,105.4,105.9,105.5,106.9,108.4",33.2,999.0,999.0,999,999,0
999,999999,"74.5,74.6,75.6,75.2,78.4",17.1,999.0,999.0,999,999,0
999,999999,"21.9,20.6,21.1,21.1,22.4,22.8",33.0,999.0,999.0,999,999,0
999,999999,"25.1,27.1,27.6,27.2,26.9,26.8",21.0,999.0,999.0,999,999,0
999,999999,"10.6,16.0,17.4,16.4,16.3,14.9,13.8,18.2,20.2,23.0",10.4,999.0,999.0,999,999,0
999,999999,"60.2,61.2,59.3,61.4,68.3,67.1,69.5,72.8,74.1,74.4",22.1,999.0,999.0,999,999,0
999,999999,"8.7,9.1,8.5,8.5,14.4,20.4,23.0,24.0",15.5,999.0,999.0,999,999,0
999,999999,"20.1,107.6,23.3,26.0,29.4",14.7,999.0,999.0,999,999,0
999,999999,"0,28.7,0,0,0,0",10.9,999.0,999.0,999,999,0
999,999999,"3.2,6.0,7.2,6.3,5.0",20.4,999.0,999.0,999,999,0
999,999999,"17.8,22.9,23.4,24.4,24.7",24.7,999.0,999.0,999,999,0
999,999999,"98.7,100.1,102.0,100.6,100.7,101.2",32.2,999.0,999.0,999,999,0
999,999999,"8.7,6.9,5.9,11.9,12.1,11.9,12.6,12.6,13.5",20.4,999.0,999.0,999,999,0
999,999999,"78.5,81.7,80.1,81.8,82.7,85.9,87.8,86.6,91.5",33.5,999.0,999.0,999,999,0
999,999999,"0,0,0,0.1,0.7,1.6,2.4,4.4,5.4,5.6",22.8,999.0,999.0,999,999,0
999,999999,"30.9,32.5,31.2,29.4,37.3,36.0,37.2",12.0,999.0,999.0,999,999,0
999,999999,"89.2,88.0,88.7,92.9,93.1,93.0,95.0,100.5,101.7",13.2,999.0,999.0,999,999,0
999,999999,"105.3,108.5,109.9,110.4,111.1,111.0,112.2",29.9,999.0,999.0,999,999,0
999,999999,"97.7,98.5,98.2,98.6,98.6",23.8,999.0,999.0,999,999,0
999,999999,"4.0,7.5,12.4,12.8,14.1,16.4,15.3",21.2,999.0,999.0,999,999,0
999,999999,"95.3,94.7,94.8,96.3,97.7,100.1,104.6",34.8,999.0,999.0,999,999,0
999,999999,"3.2,5.0,3.3,3.3,4.9,8.2,10.2,16.2,19.1",28.9,999.0,999.0,999,999,0
999,999999,"13.9,14.3,16.2,17.6,22.3,21.3",13.2,999.0,999.0,999,999,0
999,999999,"85.1,86.2,83.8,88.3,88.7,89.2,90.5",16.0,999.0,999.0,999,999,0
999,999999,"103.5,101.7,102.1,103.2,108.0,110.1,109.8,108.8",21.5,999.0,999.0,999,999,0
999,999999,"84.7,86.2,86.4,85.7,86.7,87.0,85.9,90.6",19.2,999.0,999.0,999,999,0
999,999999,"42.4,41.0,41.0,42.8,47.1,49.0,50.3",28.5,999.0,999.0,999,999,0
999,999999,"88.8,88.2,86.2,87.2,86.8",10.8,999.0,999.0,999,999,0
999,999999,"18.9,20.7,20.0,20.2,21.4,25.3,28.8,27.5",20.8,999.0,999.0,999,999,0
999,999999,"5.8,5.3,7.9,11.2,12.5,13.7",20.0,999.0,999.0,999,999,0
999,999999,"23.4,161.5,27.8,31.9,32.0",19.1,999.0,999.0,999,999,0
999,999999,"94.3,95.3,99.0,100.4,102.2,100.0,102.8,104.1",25.9,999.0,999.0,999,999,0
999,999999,"104.7,105.4,110.1,112.0,113.1,114.0,113.7,118.0",24.9,999.0,999.0,999,999,0
999,999999,"84.3,82.2,83.5,81.8,83.8,84.0,86.0,87.4,89.7,148.6",27.3,999.0,999.0,999,999,0
999,999999,"30.5,31.6,31.5,29.7,27.1,37.0,37.4",24.2,999.0,999.0,999,999,0
999,999999,"71.3,69.5,70.3,70.5,70.3,69.9,77.2,76.0",28.8,999.0,999.0,999,999,0
999,999999,"8.7,13.1,10.7,14.6,14.3,15.9",29.5,999.0,999.0,999,999,0
999,999999,"57.1,57.3,61.2,61.4,59.5,67.2,105.8",10.8,999.0,999.0,999,999,0
999,999999,"13.8,15.6,17.4,18.9,20.9,21.4,22.1,22.2,21.5",23.0,999.0,999.0,999,999,0
999,999999,"71.6,72.2,71.6,72.2,72.3,72.6,79.8,81.3",20.4,999.0,999.0,999,999,0
999,999999,"71.5,72.7,75.3,77.0,77.3,79.0,77.5,78.7,82.2,83.2",17.7,999.0,999.0,999,999,0
999,999999,"80.2,83.5,82.1,83.9,84.6,86.1,89.8,91.5,24.3",14.0,999.0,999.0,999,999,0
999,999999,"19.2,20.4,23.9,23.9,24.3,25.2",16.7,999.0,999.0,999,999,0
999,999999,"96.2,100.1,98.9,104.0,110.2,197.1",26.3,999.0,999.0,999,999,0
999,999999,"28.6,32.8,32.8,34.8,35.7,41.4,40.8,41.5,41.8",32.2,999.0,999.0,999,999,0
999,999999,"28.2,28.5,31.7,31.0,31.5,31.2,37.1",14.3,999.0,999.0,999,999,0
999,999999,"22.0,21.4,20.9,22.7,22.7",32.3,999.0,999.0,999,999,0
999,999999,"86.1,87.2,86.1,85.5,86.4",29.4,999.0,999.0,999,999,0
999,999999,"147.5,7.5,8.3,9.4,9.7,12.3,15.2,16.6,18.1,17.2",14.7,999.0,999.0,999,999,0
999,999999,"37.1,36.4,37.7,41.8,43.1,46.4,117.7",26.4,999.0,999.0,999,999,0
999,999999,"98.2,98.8,97.0,97.7,98.2,98.1,98.9,97.5,99.3,100.5",25.0,999.0,999.0,999,999,0
999,999999,"21.1,20.7,20.3,21.0,23.2,18.7,28.7,29.7,30.0,30.4",24.0,999.0,999.0,999,999,0
999,999999,"79.4,79.6,77.5,79.4,78.4,80.0,81.5,21.6,81.5,82.7",24.9,999.0,999.0,999,999,0
999,999999,"42.1,44.8,46.3,46.5,48.0,49.4,49.9,47.7,47.8,49.3",29.2,999.0,999.0,999,999,0
999,999999,"30.9,29.6,30.9,31.7,34.0,34.8,36.0,38.3,40.4,40.4",13.9,999.0,999.0,999,999,0
999,999999,"16.6,90.1,89.4,87.5,92.0",22.1,999.0,999.0,999,999,0
999,999999,"28.1,12.4,15.5,16.1,17.1,19.4",21.5,999.0,999.0,999,999,0
999,999999,"70.0,74.3,72.9,74.3,72.7,74.1",19.8,999.0,999.0,999,999,0
999,999999,"95.6,95.8,95.5,98.3,99.1,98.9,100.8,108.9,111.7,111.8",24.0,999.0,999.0,999,999,0
999,999999,"95.0,94.4,93.6,95.2,98.4,97.2,26.0,100.0,102.2,103.8",33.9,999.0,999.0,999,999,0
999,999999,"12.4,11.6,16.7,16.8,17.2,21.4,173.3",29.2,999.0,999.0,999,999,0
999,999999,"108.3,108.6,114.3,112.3,115.0,116.4,115.3",20.1,999.0,999.0,999,999,0
999,999999,"14.7,22.5,25.5,28.4,26.4,18.8",25.6,999.0,999.0,999,999,0
999,999999,"71.4,71.7,72.1,72.5,77.1,78.6,80.9",22.1,999.0,999.0,999,999,0
999,999999,"116.6,118.4,117.4,120.2,121.9,122.3",28.4,999.0,999.0,999,999,0
999,999999,"68.2,70.1,70.5,73.5,79.6,79.4",30.3,999.0,999.0,999,999,0
999,999999,"118.7,118.9,121.6,122.5,122.9,122.8,121.3,121.7,122.5",34.7,999.0,999.0,999,999,0
999,999999,"1.0,5.3,9.0,10.8,11.6",15.9,999.0,999.0,999,999,0
999,999999,"21.3,19.8,20.5,22.2,22.3,22.8,21.3,24.5",15.2,999.0,999.0,999,999,0
999,999999,"0.1,0,0,0,0,0,0.7,1.7",20.3,999.0,999.0,999,999,0
999,999999,"32.8,32.9,33.2,37.9,37.5,43.3,44.0,49.9",23.6,999.0,999.0,999,999,0
999,999999,"16.4,16.1,16.1,16.5,20.6,24.9,27.2,28.3,27.8",24.5,999.0,999.0,999,999,0
999,999999,"14.5,14.8,16.4,17.3,16.0,20.3,17.8,25.5,24.0,25.9",13.3,999.0,999.0,999,999,0
999,999999,"112.3,115.3,113.5,113.3,111.0,109.7,112.3,191.8,113.1,119.1",23.0,999.0,999.0,999,999,0
999,999999,"21.9,23.0,22.8,24.3,25.4,29.9",15.6,999.0,999.0,999,999,0
999,999999,"79.0,81.5,82.3,24.1,82.8,84.1,87.1,87.4",32.0,999.0,999.0,999,999,0
999,999999,"0,0,0,0.3,0,0,7.1,13.3,14.8",26.6,999.0,999.0,999,999,0
999,999999,"98.3,98.6,101.9,106.2,106.6,106.9,111.6,111.8,116.2,117.0",31.5,999.0,999.0,999,999,0
999,999999,"91.0,94.6,93.4,139.6,92.1",22.6,999.0,999.0,999,999,0
999,999999,"43.2,44.6,47.1,162.1,46.6,47.6,49.1",27.1,999.0,999.0,999,999,0
999,999999,"25.5,25.5,26.0,27.0,35.7,38.7",13.7,999.0,999.0,999,999,0
999,999999,"1.1,3.6,3.2,7.3,11.9,15.8",29.5,999.0,999.0,999,999,0
999,999999,"8.1,7.1,7.0,8.7,11.0,11.5,11.4,10.4,9.4",22.1,999.0,999.0,999,999,0
999,999999,"6.5,7.8,9.3,9.1,8.4,9.8",13.6,999.0,999.0,999,999,0
999,999999,"18.4,19.5,19.6,21.3,24.4,24.6",20.1,999.0,999.0,999,999,0
999,999999,"5.4,4.6,5.5,4.6,2.9,1.9,5.7,5.3",14.9,999.0,999.0,999,999,0
999,999999,"31.9,33.8,41.8,40.4,42.0,41.3,42.2",24.6,999.0,999.0,999,999,0
999,999999,"1.1,0,0,0,0,0,0.7,0,0,0",19.5,999.0,999.0,999,999,0
999,999999,"88.3,89.9,91.7,93.3,96.4,96.8,104.2,104.7,105.1",20.8,999.0,999.0,999,999,0
999,999999,"81.2,83.3,82.2,84.0,84.8,86.2",28.0,999.0,999.0,999,999,0
999,999999,"3.7,5.9,9.7,10.5,12.1",16.1,999.0,999.0,999,999,0
999,999999,"25.4,26.5,28.2,27.3,30.6,30.9,37.6,37.8,38.3",28.0,999.0,999.0,999,999,0
999,999999,"6.9,10.5,13.7,13.0,28.8,13.1,13.6,13.9",33.3,999.0,999.0,999,999,0
999,999999,"43.6,44.9,44.3,46.5,48.1,49.4,112.0",33.0,999.0,999.0,999,999,0
999,999999,"32.3,33.5,33.2,33.5,35.9,38.5,37.8",27.0,999.0,999.0,999,999,0
999,999999,"90.7,91.3,90.8,92.2,93.5,93.6,95.0,97.9,98.5,98.4",33.2,999.0,999.0,999,999,0
999,999999,"20.9,19.9,20.8,22.8,29.2",15.7,999.0,999.0,999,999,0
999,999999,"116.9,118.5,119.7,121.0,122.4,124.7,123.6",26.4,999.0,999.0,999,999,0
999,999999,"25.2,72.3,73.9,75.0,75.8,76.8,78.5",24.0,999.0,999.0,999,999,0
999,999999,"81.0,81.6,82.6,87.3,87.0,90.0,89.9,91.9,94.5,102.7",29.7,999.0,999.0,999,999,0
999,999999,"0.4,0,0,0.3,0,0,0",10.4,999.0,999.0,999,999,0
999,999999,"22.2,114.1,114.1,112.4,113.8",33.2,999.0,999.0,999,999,0
999,999999,"97.5,99.0,98.1,97.3,97.4,97.8,99.5",21.2,999.0,999.0,999,999,0
999,999999,"73.7,72.3,70.9,71.3,76.3,77.7",21.9,999.0,999.0,999,999,0
999,999999,"4.6,6.4,10.8,11.2,13.0,13.0,12.6",19.4,999.0,999.0,999,999,0
999,999999,"91.2,91.6,92.4,93.5,97.0,97.7,19.8",32.1,999.0,999.0,999,999,0
999,999999,"0,0,3.4,3.5,3.8,13.8,14.0,16.0",25.5,999.0,999.0,999,999,0
999,999999,"40.0,41.0,42.6,41.8,45.5,48.2,51.5,50.9,51.6,50.6",24.9,999.0,999.0,999,999,0
999,999999,"91.7,93.2,92.2,92.5,101.1",22.8,999.0,999.0,999,999,0
999,999999,"3.6,5.6,5.7,6.1,4.3,7.2,10.0",13.6,999.0,999.0,999,999,0
999,999999,"26.0,25.9,33.2,33.0,35.1,37.4,37.5,36.4,41.7,41.8",26.5,999.0,999.0,999,999,0
999,999999,"76.0,76.1,79.3,81.1,195.4,81.8,79.3,79.6",21.1,999.0,999.0,999,999,0
999,999999,"19.7,22.6,25.7,24.5,26.9,28.4,27.0,30.4,25.8,25.3",21.8,999.0,999.0,999,999,0
999,999999,"23.9,27.3,28.1,27.7,27.1,29.4",17.4,999.0,999.0,999,999,0
999,999999,"73.7,74.9,75.5,77.0,78.7,79.8,81.1,82.0",23.3,999.0,999.0,999,999,0
999,999999,"28.1,26.2,28.1,28.2,30.4",30.0,999.0,999.0,999,999,0
999,999999,"54.6,55.5,55.8,58.4,61.1,63.4,65.8,66.2,67.0",14.2,999.0,999.0,999,999,0
999,999999,"16.9,17.2,17.9,19.3,23.3,30.1,29.9,28.9,33.9",31.2,999.0,999.0,999,999,0
999,999999,"76.6,75.0,77.8,78.7,77.9",16.3,999.0,999.0,999,999,0
999,999999,"0,0,0,1.2,0.9,1.5,0,0,0,0",12.9,999.0,999.0,999,999,0
999,999999,"71.8,73.6,74.6,29.2,79.8",19.0,999.0,999.0,999,999,0
999,999999,"108.5,109.6,111.7,111.7,113.0,116.6,117.9,117.6",34.1,999.0,999.0,999,999,0
999,999999,"92.1,93.0,92.8,92.1,123.6,103.9,102.3,104.4",28.7,999.0,999.0,999,999,0
999,999999,"22.1,25.6,26.1,27.5,28.3,28.7,30.4,30.8",23.6,999.0,999.0,999,999,0
999,999999,"90.5,96.5,96.9,97.6,99.3,98.8,100.4,100.9",25.7,999.0,999.0,999,999,0
999,999999,"85.8,90.3,92.0,93.7,94.3,96.5,101.0,104.5,148.6",11.0,999.0,999.0,999,999,0
999,999999,"77.5,80.8,80.9,125.9,80.8,80.9,79.1",13.2,999.0,999.0,999,999,0
999,999999,"61.7,63.4,64.5,64.3,65.5,66.2",13.0,999.0,999.0,999,999,0
999,999999,"83.5,83.5,84.7,85.8,117.5",26.8,999.0,999.0,999,999,0
999,999999,"72.8,73.5,79.2,123.9,75.9,76.2",23.8,999.0,999.0,999,999,0
999,999999,"164.6,0.4,0.6,2.0,3.2,3.6",24.4,999.0,999.0,999,999,0
999,999999,"40.7,42.5,42.3,43.8,45.2",19.1,999.0,999.0,999,999,0
999,999999,"87.2,88.6,91.0,91.9,92.4,90.7,90.3,90.8",32.0,999.0,999.0,999,999,0
999,999999,"64.2,64.0,67.5,67.9,73.4,75.0",19.8,999.0,999.0,999,999,0
999,999999,"84.0,83.4,85.9,86.5,88.2,15.8,86.6,89.1",15.5,999.0,999.0,999,999,0
999,999999,"98.8,100.3,107.1,109.5,111.6,110.9",34.2,999.0,999.0,999,999,0
999,999999,"0,2.3,3.6,6.6,6.2,11.4,10.1,10.9,15.7,16.8",33.0,999.0,999.0,999,999,0
999,999999,"0.3,0,0,0,0,0.5,2.8,2.7,3.0,7.0",22.6,999.0,999.0,999,999,0
999,999999,"90.3,89.9,89.2,92.2,92.9,94.6",27.8,999.0,999.0,999,999,0
999,999999,"80.1,82.5,82.6,84.2,85.0,87.4,87.0",14.2,999.0,999.0,999,999,0
999,999999,"176.4,52.9,15.8,53.2,51.6",34.4,999.0,999.0,999,999,0
999,999999,"9.6,9.3,9.9,10.2,12.1",27.5,999.0,999.0,999,999,0
999,999999,"76.2,77.5,79.8,160.9,80.7",30.5,999.0,999.0,999,999,0
999,999999,"0,0,0,0,0,2.6,137.7,3.7",12.9,999.0,999.0,999,999,0
999,999999,"15.8,17.4,18.1,146.7,19.1,19.0,17.5,16.0",10.5,999.0,999.0,999,999,0
999,999999,"27.1,31.0,31.8,32.0,33.6,34.5,33.7,37.2,37.5",26.4,999.0,999.0,999,999,0
999,999999,"81.5,81.9,83.3,84.8,84.3,85.0",9.9,999.0,999.0,999,999,0
999,999999,"168.4,1.3,0,0,0,0.6,0,0,0",10.9,999.0,999.0,999,999,0
999,999999,"49.0,50.3,51.1,29.0,51.5,56.1",29.6,999.0,999.0,999,999,0
999,999999,"70.3,69.9,69.7,70.5,72.3",20.0,999.0,999.0,999,999,0
999,999999,"114.6,105.1,105.3,105.8,108.5,107.2,108.3",32.1,999.0,999.0,999,999,0
999,999999,"41.0,41.0,42.3,42.0,40.8,39.8,41.2",28.2,999.0,999.0,999,999,0
999,999999,"84.9,86.4,85.6,86.1,86.2,86.4,88.4,88.4",31.6,999.0,999.0,999,999,0
999,999999,"111.2,116.1,119.4,119.2,120.6,118.3,122.3",27.0,999.0,999.0,999,999,0
999,999999,"81.8,81.7,115.7,84.3,87.5,86.8,86.2",19.4,999.0,999.0,999,999,0
999,999999,"13.2,15.7,17.3,17.8,18.8,17.8",13.7,999.0,999.0,999,999,0
999,999999,"88.9,96.9,97.4,97.3,98.3,98.8,98.6,98.5,100.7,100.3",31.6,999.0,999.0,999,999,0
999,999999,"53.5,59.4,57.2,60.9,63.8,63.6",16.4,999.0,999.0,999,999,0
999,999999,"51.9,54.9,55.1,58.3,58.4,58.8,60.5,61.4,62.8,64.5",14.6,999.0,999.0,999,999,0
999,999999,"72.7,73.0,75.0,73.7,72.3,71.9,71.7,76.3,79.1",13.5,999.0,999.0,999,999,0
999,999999,"17.7,19.5,20.0,129.7,19.4,19.8",12.1,999.0,999.0,999,999,0
999,999999,"5.9,7.2,21.7,14.9,13.9,19.1,20.1,21.8",17.7,999.0,999.0,999,999,0
999,999999,"82.4,83.9,83.8,86.9,92.1,93.5,93.6",29.7,999.0,999.0,999,999,0
999,999999,"45.9,46.1,46.3,47.9,47.0,46.9,46.8,48.6,49.2",29.1,999.0,999.0,999,999,0
999,999999,"141.2,57.2,57.0,61.9,62.8",13.0,999.0,999.0,999,999,0
999,999999,"0,0,0,0.2,0.1,0.1,0,4.4,5.6,7.7",27.2,999.0,999.0,999,999,0
999,999999,"118.1,117.7,115.6,118.2,118.7,116.0,115.8,117.1",33.0,999.0,999.0,999,999,0
999,999999,"18.4,19.0,22.0,22.5,23.1,25.5,25.9,25.7,25.6",10.9,999.0,999.0,999,999,0
999,999999,"14.6,14.2,17.7,19.9,24.3,29.3",13.5,999.0,999.0,999,999,0
999,999999,"66.4,70.4,69.4,71.0,71.0,72.4,76.5,75.6",26.4,999.0,999.0,999,999,0
999,999999,"31.5,31.7,32.4,33.6,35.8,39.0,38.2",27.5,999.0,999.0,999,999,0
999,999999,"78.4,76.9,78.8,80.2,195.6,84.4,87.1,85.9,86.9",23.8,999.0,999.0,999,999,0
999,999999,"98.0,97.7,96.7,96.2,97.3",16.6,999.0,999.0,999,999,0
999,999999,"99.5,99.3,99.1,101.3,100.1,101.4,100.9,102.8",23.8,999.0,999.0,999,999,0
999,999999,"104.0,105.7,110.2,109.8,112.0,111.1",22.8,999.0,999.0,999,999,0
999,999999,"48.2,49.2,51.0,51.3,51.0",32.5,999.0,999.0,999,999,0
999,999999,"93.7,90.9,92.1,93.4,95.0",11.1,999.0,999.0,999,999,0
999,999999,"4.7,7.7,7.9,184.9,16.0,15.9",18.0,999.0,999.0,999,999,0
999,999999,"27.1,27.5,31.7,32.8,33.6,32.3,32.5",31.7,999.0,999.0,999,999,0
999,999999,"56.7,57.4,59.5,64.7,67.4",16.6,999.0,999.0,999,999,0
999,999999,"19.9,21.0,21.3,22.8,22.5,24.2,29.0,34.1,34.8",15.2,999.0,999.0,999,999,0
999,999999,"60.2,58.3,59.8,61.1,62.4,62.1",11.7,999.0,999.0,999,999,0
999,999999,"75.2,76.5,76.3,76.5,76.7",25.5,999.0,999.0,999,999,0
999,999999,"61.8,64.5,190.0,67.5,68.2",13.7,999.0,999.0,999,999,0
999,999999,"0.7,0,2.3,1.6,3.3",22.6,999.0,999.0,999,999,0
