model,barcode,power,temperature,boundaryPowerMax,boundaryPowerMin,compressorModel,doza,label
551,551100532249916330551,"78.5,79.5,80.5,86,85,86.5,89,90,93",21.6,81.66,97.83,GMCC SZ65F1H,38,1
551,551100532249916010551,"81,79,82.5,83,86,88,87,90",21.6,81.66,97.83,GMCC SZ65F1H,38,1
551,551100532249915990551,"75.5,81,82,84,85,87.5,89,88.5,89",21.5,81.42,97.61,GMCC SZ65F1H,38,1
551,551100532249915600551,"79,77,80,84,83,85.5,89,89.5",21.7,81.89,98.06,GMCC SZ65F1H,38,1
551,551100532249915140551,"79.5,81.5,82.5,84,85,89.5,90.5,91.5",21.7,81.89,98.06,GMCC SZ65F1H,38,1
551,551100532249914370551,"73,77,77.5,79.5,82,83.5,85.5,88",20.2,78.36,94.63,GMCC SZ65F1H,38,1
551,551100532249914240551,"74,77,78,81,84.5,85.5,86",20.2,78.36,94.63,GMCC SZ65F1H,38,1
551,551100532249914210551,"78,77.5,78.5,80.5,82,81.5,84,84.5",20.1,78.13,94.4,GMCC SZ65F1H,38,1
551,551100532249914140551,"82,83,82.5,82,83,81,81.5",20.1,78.13,94.4,GMCC SZ65F1H,38,1
551,551100532249914090551,"74.5,76,77.5,79,80.5,85.5,86.5,87.5",20.2,78.36,94.63,GMCC SZ65F1H,38,1
551,551100532249913970551,"73.5,74.5,75.5,76,76.5,77,77.5,78,79.5,80,80.5,81.5,83,81.5,83.5,83,85",20.1,78.13,94.4,GMCC SZ65F1H,38,1
551,551100532249913900551,"73,76.5,77,77.5,78,79.5,80,81,81.5,83,84,85.5,86",20.1,78.13,94.4,GMCC SZ65F1H,38,1
551,551100532249913660551,"75.5,74.5,75,77.5,79,80,80.5,82.5",20.2,78.36,94.63,GMCC SZ65F1H,38,1
551,551100532249878060551,"79,81,82,85,87,89,88.5,89.5,91",20.9,80.01,96.23,GMCC SZ65F1H,38,1
551,551100532249880890551,"72,76.5,75.5,79,78.5,79,80.5,83",20.4,78.83,95.08,GMCC SZ65F1H,38,1
551,551100532249879820551,"79,81,82.5,84.5,83.5,84,87,86,86.5,90,89.5",20.6,79.3,95.54,GMCC SZ65F1H,38,1
551,551100532249876820551,"72.5,75.5,78,81,82.5,83.5,85.5,86.5,88",21.2,80.72,96.92,GMCC SZ65F1H,38,1
551,551100532249914470551,"76,77.5,78.5,80,81,80.5,84.5,86.5",20.3,78.6,94.86,GMCC SZ65F1H,38,1
551,551100532249913870551,"77,85.5",20.1,78.13,94.4,GMCC SZ65F1H,38,1
551,551100532249876300551,"79,79.5,80.5,81.5,84,85,86,87.5,89",21.1,80.48,96.69,GMCC SZ65F1H,38,1
551,551100532249877150551,"80,79.5,81,82.5,84,86,87,86.5,87.5,89",21.1,80.48,96.69,GMCC SZ65F1H,38,1
551,551100532249874350551,"79.5,80.5,82,84,83,86,89.5,87",21.4,81.19,97.38,GMCC SZ65F1H,38,1
551,551100532249913150551,"74,75,75.5,77,80,81,82,83.5,84.5,86.5,87.5,89",20.2,78.36,94.63,GMCC SZ65F1H,38,1
551,551100532249914390551,"77,77.5,79,82.5,84.5,86,87.5,88",20.3,78.6,94.86,GMCC SZ65F1H,38,1
551,551100532249879900551,"80.5,83,85.5,83,85.5,87.5,90,89",20.6,79.3,95.54,GMCC SZ65F1H,38,1
551,551100532249877030551,"79,82.5,84,85,84.5,86.5,88.5,90,92",21.1,80.48,96.69,GMCC SZ65F1H,38,1
551,551100532249916000551,"76,78.5,80.5,79.5,85,85.5,88,90",21.5,81.42,97.61,GMCC SZ65F1H,38,1
551,551100532249874790551,"78.5,80,80.5,85,85.5,88.5,89",21.1,80.48,96.69,GMCC SZ65F1H,38,1
551,551100532249877220551,"68,79,80,80.5,83.5,85,86,87.5",21.2,80.72,96.92,GMCC SZ65F1H,38,1
551,551100532249913360551,"73,75.5,81.5,81,82.5,85,86,85,87",20.2,78.36,94.63,GMCC SZ65F1H,38,1
551,551100532249915820551,"77,78.5,81,82,86,87,90,91.5,92",21.6,81.66,97.83,GMCC SZ65F1H,38,1
551,551100532249876900551,"81,80.5,83.5,82,84,86,88,88.5",21.1,80.48,96.69,GMCC SZ65F1H,38,1
551,551100532249914840551,"76.5,80.5,78.5,81,83,86,88",21.9,82.37,98.52,GMCC SZ65F1H,38,1
551,551100532249874210551,"79,78.5,80.5,84.5,86,87.5,90.5",21.6,81.66,97.83,GMCC SZ65F1H,38,1
551,551100532249876920551,"75.5,77.5,78.5,79.5,84,85.5,88,89,91",21.2,80.72,96.92,GMCC SZ65F1H,38,1
551,551100532249880570551,"81,82.5,84,86.5,86,87,88.5,91,89.5",20.6,79.3,95.54,GMCC SZ65F1H,38,1
551,551100532249874390551,"80.5,78.5,81,82,80,84.5,86,88.5,87.5",21.5,81.42,97.61,GMCC SZ65F1H,38,1
551,551100532249878890551,"82,81,83.5,85.5,89.5,92.5,91",21.1,80.48,96.69,GMCC SZ65F1H,38,1
551,551100149549842450551,"78.5,80,81.5,82,85,87,86.5,87,88.5",21.1,80.48,96.69,GMCC SZ65F1H,38,1
551,551100532249879830551,"80.5,80,80.5,81,83,83.5,85.5,87",20.5,79.07,95.31,GMCC SZ65F1H,38,1
551,551100532249875480551,"77,78.5,80.5,82,84,85.5,86,88,90",21.1,80.48,96.69,GMCC SZ65F1H,38,1
551,551100532249878930551,"77.5,78,83,85,87.5,88.5,90.5",21.1,80.48,96.69,GMCC SZ65F1H,38,1
551,551100532249914520551,"76.5,77.5,79.5,82,84.5,87",20.3,78.6,94.86,GMCC SZ65F1H,38,1
551,551100532249880250551,"78,77.5,78.5,80,83.5,84.5,85.5,86.5,87",21.0,80.25,96.46,GMCC SZ65F1H,38,1
551,551100532249875090551,"70.5,75,81,82,83.5,86,85.5,88.5",21.1,80.48,96.69,GMCC SZ65F1H,38,1
551,551100149549841830551,"77.5,80,81.5,84,85.5,87,88.5",21.2,80.72,96.92,GMCC SZ65F1H,38,1
551,551100532249873500551,"76.5,82,84,86,85.5,89,91,92.5",21.5,81.42,97.61,GMCC SZ65F1H,38,1
551,551100532249877610551,"78.5,82,83,86.5,87.5,89,90,92",21.1,80.48,96.69,GMCC SZ65F1H,38,1
551,551100532249874180551,"77.5,78,78.5,80.5,82,82.5,84,87,88.5",21.6,81.66,97.83,GMCC SZ65F1H,38,1
551,551100532249914080551,"74.5,78,80,83,82.5,84,85,87.5,88",20.1,78.13,94.4,GMCC SZ65F1H,38,1
551,551100532249881540551,"76.5,78,82,84,86.5,87,87.5,90",21.6,81.66,97.83,GMCC SZ65F1H,38,1
551,551100532249876740551,"71.5,78.5,79.5,81.5,82.5,85,87.5,88.5,90.5,91",21.3,80.95,97.15,GMCC SZ65F1H,38,1
551,551100532249875570551,"77.5,71.5,76,78.5,80,81.5,83,84.5,85.5",21.2,80.72,96.92,GMCC SZ65F1H,38,1
551,551100532249875060551,"76,79,80,81.5,83,84.5,88,91.5",21.1,80.48,96.69,GMCC SZ65F1H,38,1
551,551100532249877730551,"79,81,84.5,85,84.5,86.5,87.5",20.9,80.01,96.23,GMCC SZ65F1H,38,1
551,551100532249877800551,"76.5,80,84,85,85.5,86.5,87.5,88,89",20.9,80.01,96.23,GMCC SZ65F1H,38,1
551,551100532249877870551,"78,80,79.5,85,85.5,86.5,87.5,87",20.9,80.01,96.23,GMCC SZ65F1H,38,1
551,551100532249877910551,"81.5,82.5,83.5,84.5,87.5,86.5,87,88,87,88,87.5,88.5",20.9,80.01,96.23,GMCC SZ65F1H,38,1
551,551100532249877930551,"78.5,84,84.5,85,86.5,90,89.5,90.5",20.9,80.01,96.23,GMCC SZ65F1H,38,1
551,551100532249877940551,"77.5,80,81.5,85.5,84.5,88.5,89.5",21.1,80.48,96.69,GMCC SZ65F1H,38,1
551,551100532249914010551,"75.5,76.5,78,79.5,80.5,85.5",20.1,78.13,94.4,GMCC SZ65F1H,38,1
551,551100532249877990551,"77.5,90",20.9,80.01,96.23,GMCC SZ65F1H,38,1
551,551100532249878100551,"77,79,80.5,83,83.5,86,87,88",20.8,79.77,96.0,GMCC SZ65F1H,38,1
551,551100532249879880551,"78.5,81.5,83.5,83,81.5,82.5,84.5,86.5,89,88",20.6,79.3,95.54,GMCC SZ65F1H,38,1
551,551100532249912720551,"79,80.5,82.5,84.5,86.5,86,87,89",20.1,78.13,94.4,GMCC SZ65F1H,38,1
551,551100532249879010551,"79,78,78.5,79.5,83,84.5,87,86.5",21.0,80.25,96.46,GMCC SZ65F1H,38,1
551,551100532249875050551,"74,78,79,81.5,85.5,86,86.5,89",21.1,80.48,96.69,GMCC SZ65F1H,38,1
551,551100532249878950551,"76.5,80.5,83,85,87.5,89,91,92.5,91.5",21.0,80.25,96.46,GMCC SZ65F1H,38,1
551,551100532249878960551,"78,79.5,83,84,86,87.5,90.5,89.5",21.0,80.25,96.46,GMCC SZ65F1H,38,1
551,551100532249879020551,"77.5,78,79.5,81.5,82.5,84,86.5,88",21.0,80.25,96.46,GMCC SZ65F1H,38,1
551,551100532249874940551,"72.5,78.5,80.5,82,83.5,85.5,88,89",21.2,80.72,96.92,GMCC SZ65F1H,38,1
551,551100532249879850551,"78,80,82,81.5,84,83.5,88.5,88",20.6,79.3,95.54,GMCC SZ65F1H,38,1
551,551100532249880240551,"79,80,81,83,85,87,88.5,90.5,89.5",21.1,80.48,96.69,GMCC SZ65F1H,38,1
551,551100532249915770551,"75.5,80,82.5,83.5,85,86.5,88,90.5",21.5,81.42,97.61,GMCC SZ65F1H,38,1
551,551100532249878170551,"77.5,84.5,83,84,85.5,87.5,88,89,90",20.9,80.01,96.23,GMCC SZ65F1H,38,1
551,551100532249880220551,"78.5,81,83,81.5,83.5,85.5,88,87",20.6,79.3,95.54,GMCC SZ65F1H,38,1
551,551100532249879620551,"77.5,78.5,80.5,82,83.5,84.5,86,87,89,88",20.6,79.3,95.54,GMCC SZ65F1H,38,1
551,551100532249880450551,"77.5,78.5,80,83,85,87,88",20.5,79.07,95.31,GMCC SZ65F1H,38,1
551,551100532249879740551,"78,79.5,82,84,88,91,90.5",20.5,79.07,95.31,GMCC SZ65F1H,38,1
551,551100532249880740551,"76.5,78,80.5,82.5,83,83.5,85,84.5",20.4,78.83,95.08,GMCC SZ65F1H,38,1
551,551100532249877760551,"75.5,81,83,85.5,85,88.5,87.5",20.9,80.01,96.23,GMCC SZ65F1H,38,1
551,551100532249880810551,"79,83.5,83,84,85.5,87,90,91.5",20.6,79.3,95.54,GMCC SZ65F1H,38,1
551,551100532249880900551,"70,74,79,80.5,82.5,84.5,85,86.5",20.4,78.83,95.08,GMCC SZ65F1H,38,1
551,551100532249880930551,"76,76.5,79.5,80,83,85,86.5,89",20.5,79.07,95.31,GMCC SZ65F1H,38,1
551,551100532249878000551,"77,78.5,80.5,82.5,83.5,84,85,87.5",21.0,80.25,96.46,GMCC SZ65F1H,38,1
551,551100532249913410551,"65,71.5,73.5,75,78,81,82",20.1,78.13,94.4,GMCC SZ65F1H,38,1
551,551100532249915890551,"77,80,81.5,84,85.5,89,90.5,91.5",21.5,81.42,97.61,GMCC SZ65F1H,38,1
551,551100532249914060551,"73.5,77,81,82,83,84,85,84,86.5,87",20.1,78.13,94.4,GMCC SZ65F1H,38,1
551,551100532249876800551,"72,75.5,77.5,80,81.5,84,85.5,86.5",21.2,80.72,96.92,GMCC SZ65F1H,38,1
551,551100532249880800551,"79.5,81.5,83,85.5,87.5,88.5,89.5,92.5",20.5,79.07,95.31,GMCC SZ65F1H,38,1
551,551100532249875030551,"78,74.5,73,79.5,81,83.5,85,86,88",21.1,80.48,96.69,GMCC SZ65F1H,38,1
551,551100532249913090551,"65.5,73.5,78,80.5,81.5,85,84.5",20.1,78.13,94.4,GMCC SZ65F1H,38,1
551,551100532249913160551,"74.5,74,75.5,76,80.5,82,83,82.5,84.5,86.5",20.1,78.13,94.4,GMCC SZ65F1H,38,1
551,551100532249913190551,"74.5,76.5,77.5,80,83,85,85.5",20.1,78.13,94.4,GMCC SZ65F1H,38,1
551,551100532249916420551,"78.5,81.5,82,84,86,86.5,88,87.5",21.5,81.42,97.61,GMCC SZ65F1H,38,1
551,551100532249916410551,"83,85,88,89,91.5,93,96,95",21.5,81.42,97.61,GMCC SZ65F1H,38,1
551,551100532249916400551,"81.5,82,85.5,87.5,88.5,89.5,91.5,94",21.5,81.42,97.61,GMCC SZ65F1H,38,1
551,551100532249916350551,"80,81,82.5,84.5,87,90.5,91.5,90",21.5,81.42,97.61,GMCC SZ65F1H,38,1
551,551100532249916340551,"76.5,81.5,84,84.5,86.5,89.5,92,90.5",21.5,81.42,97.61,GMCC SZ65F1H,38,1
551,551100532249916310551,"76,76.5,79,81.5,84,84.5",21.5,81.42,97.61,GMCC SZ65F1H,38,1
551,551100532249916290551,"75.5,80,80.5,82,83,84,81,87",21.5,81.42,97.61,GMCC SZ65F1H,38,1
551,551100532249916280551,"77,80.5,83,85,87,87.5",21.5,81.42,97.61,GMCC SZ65F1H,38,1
551,551100532249916270551,"70.5,77,80.5,82,83,84,87,86,87",21.5,81.42,97.61,GMCC SZ65F1H,38,1
551,551100532249916260551,"79,78.5,83,83.5,85,87.5,89,91",21.5,81.42,97.61,GMCC SZ65F1H,38,1
551,551100532249916250551,"81.5,82.5,83.5,84.5,85,87.5,91,91.5",21.6,81.66,97.83,GMCC SZ65F1H,38,1
551,551100532249916210551,"81.5,84.5,85.5,87,88,91,91.5",21.5,81.42,97.61,GMCC SZ65F1H,38,1
551,551100532249916180551,"80.5,81.5,82.5,86,86.5,90,91.5",21.5,81.42,97.61,GMCC SZ65F1H,38,1
551,551100532249916170551,"80,83,84,87.5,88,90,90.5,91.5",21.5,81.42,97.61,GMCC SZ65F1H,38,1
551,551100532249916160551,"80,77,81.5,82,85,86.5,88,88.5",21.5,81.42,97.61,GMCC SZ65F1H,38,1
551,551100532249916140551,"76,79.5,80,81,85,84.5,88,87.5",21.5,81.42,97.61,GMCC SZ65F1H,38,1
551,551100532249916110551,"79.5,82,82.5,83,83.5,84.5,87.5,89,91.5",21.5,81.42,97.61,GMCC SZ65F1H,38,1
551,551100532249916090551,"78.5,79,83,82,85.5,84,87,87.5,88,89.5",21.8,82.13,98.29,GMCC SZ65F1H,38,1
551,551100532249916080551,"78.5,79.5,80.5,83,85.5,88,89.5,89",21.5,81.42,97.61,GMCC SZ65F1H,38,1
551,551100532249916060551,"72.5,82,81.5,83,84,87,87.5",21.8,82.13,98.29,GMCC SZ65F1H,38,1
551,551100532249916050551,"76.5,80.5,82,85,86.5,87.5,88",21.6,81.66,97.83,GMCC SZ65F1H,38,1
551,551100532249916040551,"80,77.5,82.5,79.5,82.5,85,85.5,88,88.5,90",21.6,81.66,97.83,GMCC SZ65F1H,38,1
551,551100532249915970551,"77,77.5,79,81,84,87.5,89,89.5",21.7,81.89,98.06,GMCC SZ65F1H,38,1
551,551100532249915950551,"82,81,82.5,83.5,83,86.5,87,88,87.5",21.5,81.42,97.61,GMCC SZ65F1H,38,1
551,551100532249915930551,"72.5,79,80.5,83,85,85.5,88.5,90.5",21.5,81.42,97.61,GMCC SZ65F1H,38,1
551,551100532249915910551,"77,78,80,81.5,85,84,87,87.5",21.5,81.42,97.61,GMCC SZ65F1H,38,1
551,551100532249915860551,"79.5,81.5,82.5,85,86.5,90,92.5,91",21.5,81.42,97.61,GMCC SZ65F1H,38,1
551,551100532249915850551,"79.5,79.5,79,79,78,78,79.5,79.5,81.5,81.5,83.5,83.5,84,84,85,85,85.5,85.5,85,85,87.5,87.5,89,89,91,91,90.5,90.5",21.6,81.66,97.83,GMCC SZ65F1H,38,1
551,551100532249915840551,"79.5,81.5,83.5,86,86.5,87.5,89.5,92,90.5",21.6,81.66,97.83,GMCC SZ65F1H,38,1
551,551100532249915810551,"79.5,80.5,81.5,84,87,88,90.5,91",21.5,81.42,97.61,GMCC SZ65F1H,38,1
551,551100532249915740551,"75.5,80,81,82.5,83,86,85,89",21.5,81.42,97.61,GMCC SZ65F1H,38,1
551,551100532249915690551,"78.5,80.5,82,84.5,86,87.5,89.5,90",21.5,81.42,97.61,GMCC SZ65F1H,38,1
551,551100532249915680551,"78,81.5,82.5,84,84.5,86.5,89,88.5",21.6,81.66,97.83,GMCC SZ65F1H,38,1
551,551100532249915670551,"81,81.5,83,84,86.5,85.5,87.5,90,93.5,94,96.5",21.5,81.42,97.61,GMCC SZ65F1H,38,1
551,551100532249915660551,"78.5,80,81.5,84.5,86,87.5,90.5,90",21.5,81.42,97.61,GMCC SZ65F1H,38,1
551,551100532249915650551,"76,78.5,79,81,83.5,84,84.5,87.5,86",21.5,81.42,97.61,GMCC SZ65F1H,38,1
551,551100532249915640551,"79.5,81.5,85.5,87.5,88,91,92.5",21.5,81.42,97.61,GMCC SZ65F1H,38,1
551,551100532249915630551,"79,81,82.5,85,88,91,91.5",21.6,81.66,97.83,GMCC SZ65F1H,38,1
551,551100532249915620551,"80,83,84,87.5,87,89,91.5,90.5,92",21.6,81.66,97.83,GMCC SZ65F1H,38,1
551,551100532249915590551,"76.5,80.5,80,81.5,83.5,85,86.5,88.5,90.5",21.7,81.89,98.06,GMCC SZ65F1H,38,1
551,551100532249915580551,"85.5,87,85.5,89.5,91,91.5,93,93.5",21.6,81.66,97.83,GMCC SZ65F1H,38,1
551,551100532249915570551,"78,79.5,81,82,84,85.5,85,86,87.5",21.6,81.66,97.83,GMCC SZ65F1H,38,1
551,551100532249915540551,"81,80.5,82.5,83.5,85,87.5,89,91",21.6,81.66,97.83,GMCC SZ65F1H,38,1
551,551100532249915520551,"77,81.5,85,87,88,92.5,93.5",21.6,81.66,97.83,GMCC SZ65F1H,38,1
551,551100532249915510551,"77,79.5,82.5,85,85.5,89,90.5,91,91.5",21.7,81.89,98.06,GMCC SZ65F1H,38,1
551,551100532249915500551,"77,81.5,83.5,86,87.5,90.5,92.5,91",21.6,81.66,97.83,GMCC SZ65F1H,38,1
551,551100532249915490551,"79,81.5,83.5,87,87.5,88,89,88.5",21.6,81.66,97.83,GMCC SZ65F1H,38,1
551,551100532249915480551,"79.5,74,81,83,84.5,87.5,89.5,89,92",21.7,81.89,98.06,GMCC SZ65F1H,38,1
551,551100532249915460551,"76,78.5,81,85,86.5,89,93,92.5",21.6,81.66,97.83,GMCC SZ65F1H,38,1
551,551100532249915450551,"75.5,79,79.5,81.5,84.5,87.5,87",21.6,81.66,97.83,GMCC SZ65F1H,38,1
551,551100532249915420551,"76.5,76,77.5,77,82.5,84.5,87.5,84.5,88",21.7,81.89,98.06,GMCC SZ65F1H,38,1
551,551100532249915410551,"75,79.5,81,82.5,83.5,85,87,86.5,88.5,90.5",21.7,81.89,98.06,GMCC SZ65F1H,38,1
551,551100532249915400551,"76,75,80,79.5,83,82,83.5,84.5,85,86.5",20.1,78.13,94.4,GMCC SZ65F1H,38,1
551,551100532249915390551,"77.5,78,82.5,84.5,86.5,88,88.5,90,91,91.5",21.8,82.13,98.29,GMCC SZ65F1H,38,1
551,551100532249915360551,"74.5,77,79.5,81,82,83.5,87,84,85.5",21.7,81.89,98.06,GMCC SZ65F1H,38,1
551,551100532249915350551,"78.5,81,82,82.5,84.5,86,87.5,89",21.7,81.89,98.06,GMCC SZ65F1H,38,1
551,551100532249915340551,"78,77,79,80.5,81.5,82.5,85,86,88",21.7,81.89,98.06,GMCC SZ65F1H,38,1
551,551100532249915320551,"75.5,79,83.5,84,87.5,86.5,88.5,90.5,92.5",21.7,81.89,98.06,GMCC SZ65F1H,38,1
551,551100532249915290551,"73.5,80,82,83.5,87.5,86.5",21.7,81.89,98.06,GMCC SZ65F1H,38,1
551,551100532249915280551,"77.5,80,80.5,86,90,92.5,92",21.7,81.89,98.06,GMCC SZ65F1H,38,1
551,551100532249915270551,"76,77.5,77,79,83,83.5,87,87.5",21.7,81.89,98.06,GMCC SZ65F1H,38,1
551,551100532249915260551,"69.5,76.5,77,80,81.5,82,85.5,86.5",21.7,81.89,98.06,GMCC SZ65F1H,38,1
551,551100532249915250551,"76.5,79.5,80,81.5,84,86.5,89,91",21.7,81.89,98.06,GMCC SZ65F1H,38,1
551,551100532249915240551,"79.5,84,86.5,89,90,92.5,93,94,94.5",21.7,81.89,98.06,GMCC SZ65F1H,38,1
551,551100532249915230551,"74,76.5,80,82,80.5,84,87,90.5,90",21.7,81.89,98.06,GMCC SZ65F1H,38,1
551,551100532249915220551,"78.5,81,82.5,85,88.5,88,90.5,91",21.7,81.89,98.06,GMCC SZ65F1H,38,1
551,551100532249915210551,"73.5,81,85.5,86.5,88.5,91.5,92",21.7,81.89,98.06,GMCC SZ65F1H,38,1
551,551100532249915190551,"77.5,78,81,82,85,84.5,89,89.5,92.5",21.8,82.13,98.29,GMCC SZ65F1H,38,1
551,551100532249915370551,"79.5,80.5,79.5,82.5,84,85.5,87.5,89.5,90",21.6,81.66,97.83,GMCC SZ65F1H,38,1
551,551100532249915180551,"80.5,78,83.5,85,87,88.5,89,90.5,94",21.8,82.13,98.29,GMCC SZ65F1H,38,1
551,551100532249915170551,"78.5,82.5,82,84.5,85.5,88,89.5,91.5,92.5",21.7,81.89,98.06,GMCC SZ65F1H,38,1
551,551100532249915160551,"80.5,82.5,81.5,84.5,85.5,89,91,91.5",21.7,81.89,98.06,GMCC SZ65F1H,38,1
551,551100532249915150551,"80,74.5,80,82,84,86.5,87,90.5,89",21.7,81.89,98.06,GMCC SZ65F1H,38,1
551,551100532249915130551,"78.5,85,86.5,88.5,89,90.5,90,91,92",21.8,82.13,98.29,GMCC SZ65F1H,38,1
551,551100532249915110551,"74,78,81.5,83.5,86.5,87.5,88.5,89,90",21.8,82.13,98.29,GMCC SZ65F1H,38,1
551,551100532249915090551,"72,77,76,78,79.5,80,82,84",20.1,78.13,94.4,GMCC SZ65F1H,38,1
551,551100532249915070551,"69,76,75.5,79,79.5,81.5,81,80.5,84.5",20.1,78.13,94.4,GMCC SZ65F1H,38,1
551,551100532249915060551,"80.5,78.5,80.5,82,87,90.5,91,93,93.5,94.5",21.7,81.89,98.06,GMCC SZ65F1H,38,1
551,551100532249915050551,"80,84.5,89.5,94,92,92.5,94.5",21.8,82.13,98.29,GMCC SZ65F1H,38,1
551,551100532249915030551,"78.5,81,79,86,86.5,87.5,89.5,90,92",21.8,82.13,98.29,GMCC SZ65F1H,38,1
551,551100532249915010551,"77,82.5,84,85.5,87,89,90.5",21.8,82.13,98.29,GMCC SZ65F1H,38,1
551,551100532249915000551,"73,82,84.5,85,86.5,88,92,91.5",21.8,82.13,98.29,GMCC SZ65F1H,38,1
551,551100532249914970551,"80,83.5,85,88,88.5,88,90,90.5,91.5,93",21.8,82.13,98.29,GMCC SZ65F1H,38,1
551,551100532249914940551,"73.5,76.5,77,78,79.5,83.5,87.5,88",21.8,82.13,98.29,GMCC SZ65F1H,38,1
551,551100532249914930551,"71,77.5,81,84,86,88,88.5,89.5,92.5",21.8,82.13,98.29,GMCC SZ65F1H,38,1
551,551100532249914910551,"79,78.5,81,81.5,84.5,87.5,90.5",21.8,82.13,98.29,GMCC SZ65F1H,38,1
551,551100532249914850551,"76,78,80,83.5,84.5,88,90,91",21.8,82.13,98.29,GMCC SZ65F1H,38,1
551,551100532249915800551,"78,78.5,77,79.5,85.5,86,88,87.5,89",21.7,81.89,98.06,GMCC SZ65F1H,38,1
551,551100532249914830551,"76.5,78,79,81,84.5,87,89.5,91.5",21.9,82.37,98.52,GMCC SZ65F1H,38,1
551,551100532249914800551,"71,76.5,80.5,81.5,83,84,87,87.5,88",21.8,82.13,98.29,GMCC SZ65F1H,38,1
551,551100532249914760551,"76,78.5,79.5,81.5,83,86.5,87,88.5",20.1,78.13,94.4,GMCC SZ65F1H,38,1
551,551100532249914690551,"72,74,76.5,78,80,82.5,85,84.5",20.1,78.13,94.4,GMCC SZ65F1H,38,1
551,551100532249914660551,"74,77,72.5,75,77,79,82,81",20.1,78.13,94.4,GMCC SZ65F1H,38,1
551,551100532249914610551,"74.5,73.5,77,78.5,80,83.5,84,85",20.2,78.36,94.63,GMCC SZ65F1H,38,1
551,551100532249914580551,"75.5,77.5,79,81.5,82.5,83,84.5,86,85.5,88",20.2,78.36,94.63,GMCC SZ65F1H,38,1
551,551100532249914570551,"72.5,76.5,74.5,76,78.5,82.5,84,84.5",20.1,78.13,94.4,GMCC SZ65F1H,38,1
551,551100532249914560551,"78.5,81.5,82,83.5,84,86,88.5,91",20.1,78.13,94.4,GMCC SZ65F1H,38,1
551,551100532249914540551,"73.5,76.5,78.5,79.5,82,85,84,85.5,88.5",20.1,78.13,94.4,GMCC SZ65F1H,38,1
551,551100532249914510551,"73,77,76.5,79,80,83,85.5,87.5",20.2,78.36,94.63,GMCC SZ65F1H,38,1
551,551100532249914500551,"76.5,75,78.5,79,81,82.5,84.5",20.3,78.6,94.86,GMCC SZ65F1H,38,1
551,551100532249914480551,"75,78.5,77,78,82,81,83.5,84",20.3,78.6,94.86,GMCC SZ65F1H,38,1
551,551100532249914460551,"73.5,75.5,80,82.5,84.5,85.5,87.5,90.5,89.5",20.3,78.6,94.86,GMCC SZ65F1H,38,1
551,551100532249914450551,"73,75.5,76.5,78.5,82,83,84.5,86.5,84.5",20.2,78.36,94.63,GMCC SZ65F1H,38,1
551,551100532249916220551,"82,83,83.5,87.5,88.5,91.5,91",21.5,81.42,97.61,GMCC SZ65F1H,38,1
551,551100532249914430551,"77.5,78,78.5,81.5,84,85,87",20.2,78.36,94.63,GMCC SZ65F1H,38,1
551,551100532249914420551,"77,78.5,82,83.5,84,86.5,87",20.2,78.36,94.63,GMCC SZ65F1H,38,1
551,551100532249914410551,"77.5,78,82,84,85.5,88,89.5",20.3,78.6,94.86,GMCC SZ65F1H,38,1
551,551100532249914380551,"76.5,77.5,78,80.5,79.5,81,81.5,83,82",20.2,78.36,94.63,GMCC SZ65F1H,38,1
551,551100532249914360551,"79,79.5,82.5,82,83.5,84.5,85.5,86.5,88",20.2,78.36,94.63,GMCC SZ65F1H,38,1
551,551100532249914330551,"77,78,77.5,79,81,83,85.5,83.5,84.5",20.2,78.36,94.63,GMCC SZ65F1H,38,1
551,551100532249914320551,"77,79,82,83,86.5,89",20.2,78.36,94.63,GMCC SZ65F1H,38,1
551,551100532249914280551,"78,81,82,82.5,85.5,84,85,87,88",20.1,78.13,94.4,GMCC SZ65F1H,38,1
551,551100532249914260551,"74,75.5,77.5,78,81,81.5,83,84.5",20.2,78.36,94.63,GMCC SZ65F1H,38,1
551,551100532249914230551,"75,76.5,78.5,80.5,81.5,83.5,85,86.5",20.2,78.36,94.63,GMCC SZ65F1H,38,1
551,551100532249914220551,"74,72.5,77,74.5,77.5,79,80.5,81.5,82,83,84.5,85",20.1,78.13,94.4,GMCC SZ65F1H,38,1
551,551100532249914200551,"76.5,78.5,79.5,82.5,84,85.5",20.1,78.13,94.4,GMCC SZ65F1H,38,1
551,551100532249914120551,"76.5,77.5,81,81.5,84.5,85.5,87",20.1,78.13,94.4,GMCC SZ65F1H,38,1
551,551100532249914110551,"78.5,78,81,82.5,83.5,85.5,86,87,89",20.2,78.36,94.63,GMCC SZ65F1H,38,1
551,551100532249914070551,"76.5,79,82.5,82,84.5,86,86.5,87,88",20.2,78.36,94.63,GMCC SZ65F1H,38,1
551,551100532249914050551,"73,77.5,79,80.5,83.5,86",20.1,78.13,94.4,GMCC SZ65F1H,38,1
551,551100532249914040551,"74.5,76.5,80,81.5,84.5,85,87,89.5",20.1,78.13,94.4,GMCC SZ65F1H,38,1
551,551100532249914030551,"74.5,76,79,79.5,80,81.5,82.5",20.1,78.13,94.4,GMCC SZ65F1H,38,1
551,551100532249914020551,"75.5,78,78.5,80.5,81,82,82.5,83,85,84.5,83.5",20.2,78.36,94.63,GMCC SZ65F1H,38,1
551,551100532249914000551,"77,73.5,75,77,78,80,82,84,86,88",20.2,78.36,94.63,GMCC SZ65F1H,38,1
551,551100532249913990551,"73,76.5,77.5,79.5,81,83,83.5,85,87",20.2,78.36,94.63,GMCC SZ65F1H,38,1
551,551100532249913960551,"73.5,77.5,78.5,80,82,83.5,84.5,87.5",20.2,78.36,94.63,GMCC SZ65F1H,38,1
551,551100532249913950551,"76.5,75.5,76,76.5,77.5,79,80.5,83.5,85",20.1,78.13,94.4,GMCC SZ65F1H,38,1
551,551100532249913930551,"78.5,77.5,81,84,85,86,88",20.1,78.13,94.4,GMCC SZ65F1H,38,1
551,551100532249913920551,"73,76.5,79.5,85,85.5,86.5,87",20.1,78.13,94.4,GMCC SZ65F1H,38,1
551,551100532249913910551,"72,75,78.5,79.5,80.5,81.5,83.5,85,86.5",20.1,78.13,94.4,GMCC SZ65F1H,38,1
551,551100532249913890551,"71.5,75,77.5,79,80,82,83,85.5,86,86.5,86",20.2,78.36,94.63,GMCC SZ65F1H,38,1
551,551100532249913880551,"78,77.5,79.5,80.5,82.5,84,83,84.5,85,86.5",20.2,78.36,94.63,GMCC SZ65F1H,38,1
551,551100532249913860551,"78,79.5,80,81.5,82,83.5,86,85",20.2,78.36,94.63,GMCC SZ65F1H,38,1
551,551100532249916200551,"76,79.5,80.5,83,83.5,88,87.5,87",21.5,81.42,97.61,GMCC SZ65F1H,38,1
551,551100532249913830551,"71,73,75,77,78,79.5,81.5,82.5,85",20.2,78.36,94.63,GMCC SZ65F1H,38,1
551,551100532249915530551,"78.5,81.5,85.5,90.5,93.5,95,97",21.6,81.66,97.83,GMCC SZ65F1H,38,1
551,551100532249913820551,"78,77,76.5,79.5,81,82,83,84.5,85.5",20.2,78.36,94.63,GMCC SZ65F1H,38,1
551,551100532249913800551,"77,78,80,82.5,83,83.5,85,86,86.5",20.2,78.36,94.63,GMCC SZ65F1H,38,1
551,551100532249913790551,"79.5,80,81,82,85.5,87,86.5",20.2,78.36,94.63,GMCC SZ65F1H,38,1
551,551100532249913780551,"73,76,76.5,77,80,81.5,82,85,87,87.5,88",20.1,78.13,94.4,GMCC SZ65F1H,38,1
551,551100532249913770551,"74,75.5,76,78,79,80,80.5,82,83.5",20.1,78.13,94.4,GMCC SZ65F1H,38,1
551,551100532249913760551,"76.5,77,79.5,79,83,81.5,84,85,85.5",20.2,78.36,94.63,GMCC SZ65F1H,38,1
551,551100532249913750551,"80.5,79,82,84.5,83,86.5,87,87.5,88",20.1,78.13,94.4,GMCC SZ65F1H,38,1
551,551100532249913740551,"76,72,74,76,77,82.5,84,84.5,85,86",20.2,78.36,94.63,GMCC SZ65F1H,38,1
551,551100532249913730551,"73.5,77.5,76,77,79.5,82.5,83,84,83.5",20.1,78.13,94.4,GMCC SZ65F1H,38,1
551,551100532249913720551,"76,77.5,78.5,80.5,83,85,87,86",20.1,78.13,94.4,GMCC SZ65F1H,38,1
551,551100532249913700551,"75.5,77.5,78.5,78,80.5,83,82",20.1,78.13,94.4,GMCC SZ65F1H,38,1
551,551100532249913690551,"74.5,75,79,80.5,82.5,83,86,84",20.1,78.13,94.4,GMCC SZ65F1H,38,1
551,551100532249913670551,"74.5,76.5,78.5,79.5,80.5,81,83.5,84.5",20.1,78.13,94.4,GMCC SZ65F1H,38,1
551,551100532249915710551,"75.5,79,81,84,83.5,86.5,88,87.5",21.6,81.66,97.83,GMCC SZ65F1H,38,1
551,551100532249913650551,"72.5,75,78,81,82,85.5,84.5,86.5",20.2,78.36,94.63,GMCC SZ65F1H,38,1
551,551100532249913640551,"75.5,77,77.5,79,80.5,83.5,87",20.2,78.36,94.63,GMCC SZ65F1H,38,1
551,551100532249913630551,"75,77.5,78,80,80.5,82.5,84,85,86.5,86",20.2,78.36,94.63,GMCC SZ65F1H,38,1
551,551100532249913610551,"76.5,80,81.5,83,83.5,84,84.5,87.5",20.2,78.36,94.63,GMCC SZ65F1H,38,1
551,551100532249913580551,"79,80.5,83.5,82.5,83,84,86,87.5,88.5",20.2,78.36,94.63,GMCC SZ65F1H,38,1
551,551100532249913560551,"76.5,78.5,79,82.5,84.5,86.5,87.5,89.5",20.2,78.36,94.63,GMCC SZ65F1H,38,1
551,551100532249913550551,"75.5,78,80,82.5,83,85.5,86.5,88.5",20.2,78.36,94.63,GMCC SZ65F1H,38,1
551,551100532249913490551,"76,72,74.5,77.5,80,80.5,83,83.5,86,87.5",20.3,78.6,94.86,GMCC SZ65F1H,38,1
551,551100532249913470551,"75,76.5,76,79.5,81,82.5,83,83.5,85,87",20.2,78.36,94.63,GMCC SZ65F1H,38,1
551,551100532249913460551,"79,80,79.5,83.5,84,85,86.5,88",20.2,78.36,94.63,GMCC SZ65F1H,38,1
551,551100532249913450551,"73,77,79,80,81.5,84,83.5",20.2,78.36,94.63,GMCC SZ65F1H,38,1
551,551100532249913440551,"74,78.5,79,80.5,82.5,84,86.5,86",20.2,78.36,94.63,GMCC SZ65F1H,38,1
551,551100532249914590551,"74.5,79,80,81.5,82,82.5,84.5,85,88",20.1,78.13,94.4,GMCC SZ65F1H,38,1
551,551100532249913430551,"77,80,79.5,82,83.5,86.5",20.2,78.36,94.63,GMCC SZ65F1H,38,1
551,551100532249913400551,"72,78,80,84,85.5,89,88",20.3,78.6,94.86,GMCC SZ65F1H,38,1
551,551100532249913370551,"69.5,77.5,79.5,80,79,81.5,83.5,84.5,84",20.2,78.36,94.63,GMCC SZ65F1H,38,1
551,551100532249913350551,"75.5,72.5,74,78,80.5,79,80,83.5,84.5",20.2,78.36,94.63,GMCC SZ65F1H,38,1
551,551100532249913340551,"74,71,75.5,77,81,81.5,85,85.5,87",20.2,78.36,94.63,GMCC SZ65F1H,38,1
551,551100532249913330551,"73.5,78,77,79,81,82.5,83,84,84.5",20.2,78.36,94.63,GMCC SZ65F1H,38,1
551,551100532249913310551,"74.5,77.5,79,82,84,85,87,87.5",20.1,78.13,94.4,GMCC SZ65F1H,38,1
551,551100532249877670551,"81.5,83,84,86,87.5,90.5,90",21.2,80.72,96.92,GMCC SZ65F1H,38,1
551,551100532249876970551,"77,74,76,76.5,78.5,81,83,84.5,86.5,86",21.2,80.72,96.92,GMCC SZ65F1H,38,1
551,551100149549842340551,"79.5,81.5,80.5,82,83,85,88,88.5,89",21.1,80.48,96.69,GMCC SZ65F1H,38,1
551,551100532249877660551,"77.5,75.5,83,84,86,86.5,88.5,89",21.1,80.48,96.69,GMCC SZ65F1H,38,1
551,551100532249877110551,"77.5,78.5,80.5,83.5,85.5,87.5,88.5,91",21.2,80.72,96.92,GMCC SZ65F1H,38,1
551,551100532249878260551,"77,78,81,82,82.5,85,85.5,86,89",20.8,79.77,96.0,GMCC SZ65F1H,38,1
551,551100532249877640551,"80.5,81,83,84,86.5,87,89,91.5,90.5",21.1,80.48,96.69,GMCC SZ65F1H,38,1
551,551100532249875180551,"75,80.5,82.5,83.5,84,87,89.5,89",21.1,80.48,96.69,GMCC SZ65F1H,38,1
551,551100532249877550551,"78,77,80.5,82,82.5,85,85.5,86",20.9,80.01,96.23,GMCC SZ65F1H,38,1
551,551100532249877540551,"76.5,78.5,79.5,81.5,82.5,85,84,87.5,86.5",21.0,80.25,96.46,GMCC SZ65F1H,38,1
551,551100532249877520551,"73.5,79,78.5,79,82,81.5,84.5,85.5,87",21.1,80.48,96.69,GMCC SZ65F1H,38,1
551,551100532249877490551,"72.5,76.5,78,79.5,82.5,81,81.5,83.5,87.5",21.0,80.25,96.46,GMCC SZ65F1H,38,1
551,551100532249879170551,"76,76.5,79.5,82,85,84.5,86.5,87",20.9,80.01,96.23,GMCC SZ65F1H,38,1
551,551100532249877480551,"77.5,78,80.5,82,84,87.5,89,88.5",21.0,80.25,96.46,GMCC SZ65F1H,38,1
551,551100532249913390551,"75.5,76.5,79,81.5,83,84,86,87",20.3,78.6,94.86,GMCC SZ65F1H,38,1
551,551100532249881760551,"75.5,77,80,82,81.5,82.5,85.5,89,88",21.5,81.42,97.61,GMCC SZ65F1H,38,1
551,551100532249876760551,"73.5,77,78,78.5,82.5,84,85.5,86,88",21.3,80.95,97.15,GMCC SZ65F1H,38,1
551,551100149549842100551,"80.5,82.5,82,83.5,83,86,85.5,88.5,90",21.1,80.48,96.69,GMCC SZ65F1H,38,1
551,551100532249877440551,"82.5,83,82,82.5,83.5,86,87,89,88.5",21.1,80.48,96.69,GMCC SZ65F1H,38,1
551,551100532249874360551,"77,79,78.5,80,81.5,84.5,88,86",21.4,81.19,97.38,GMCC SZ65F1H,38,1
551,551100532249877420551,"74,76.5,80,81,83,84.5,85,86.5,88",21.0,80.25,96.46,GMCC SZ65F1H,38,1
551,551100532249877400551,"72,76.5,78,80,83,85,86.5,89.5,87.5",21.1,80.48,96.69,GMCC SZ65F1H,38,1
551,551100532249875880551,"78.5,80,82,82.5,84,84.5,85.5,85,87,89",21.1,80.48,96.69,GMCC SZ65F1H,38,1
551,551100532249877380551,"78,78.5,81,84.5,85,87,89.5,90.5,91.5",21.1,80.48,96.69,GMCC SZ65F1H,38,1
551,551100532249878270551,"71,76.5,79,84,85,87,87.5",20.8,79.77,96.0,GMCC SZ65F1H,38,1
551,551100532249913500551,"75,77,79.5,83,85.5,88,87.5",20.3,78.6,94.86,GMCC SZ65F1H,38,1
551,551100532249877350551,"79,82,84.5,86.5,88,89,91.5,90.5",21.1,80.48,96.69,GMCC SZ65F1H,38,1
551,551100532249877320551,"80,81.5,81,82,85,84.5,86.5,87.5,91.5",21.2,80.72,96.92,GMCC SZ65F1H,38,1
551,551100532249882820551,"75,73.5,74,77,78.5,81.5,83.5,86.5",21.2,80.72,96.92,GMCC SZ65F1H,38,1
551,551100532249877300551,"75.5,77,80,81.5,84.5,85.5,86.5,89,88.5",21.1,80.48,96.69,GMCC SZ65F1H,38,1
551,551100149549842370551,"74,76.5,79.5,77.5,81,85,84,86.5",21.1,80.48,96.69,GMCC SZ65F1H,38,1
551,551100532249877270551,"77,78.5,80.5,82.5,84,87,89.5,89,91,90.5",21.1,80.48,96.69,GMCC SZ65F1H,38,1
551,551100532249878840551,"78,79.5,83.5,86.5,90.5,88,88.5,88",21.2,80.72,96.92,GMCC SZ65F1H,38,1
551,551100532249912550551,"76.5,78.5,77,80,81.5,82.5,83.5,85",20.2,78.36,94.63,GMCC SZ65F1H,38,1
551,551100532249877260551,"77,79.5,82,86.5,89.5,91,94,93.5",21.1,80.48,96.69,GMCC SZ65F1H,38,1
551,551100532249879750551,"79.5,81,83,84.5,85.5,86.5,89.5,89",20.6,79.3,95.54,GMCC SZ65F1H,38,1
551,551100532249914190551,"77,78,80.5,81,81.5,82,84,81,84,84.5",20.2,78.36,94.63,GMCC SZ65F1H,38,1
551,551100532249877510551,"76.5,79,81,82,83.5,86,87,87.5",21.0,80.25,96.46,GMCC SZ65F1H,38,1
551,551100532249877190551,"76.5,82,84,85,85.5,87.5,89",21.2,80.72,96.92,GMCC SZ65F1H,38,1
551,551100149549843050551,"76.5,79.5,83,84,85,88,86.5",21.0,80.25,96.46,GMCC SZ65F1H,38,1
551,551100532249877120551,"75,77,79.5,80,81.5,83.5,86.5,89",21.2,80.72,96.92,GMCC SZ65F1H,38,1
551,551100532249877100551,"78.5,82,83.5,85,84.5,87.5,89,89.5,92.5",21.2,80.72,96.92,GMCC SZ65F1H,38,1
551,551100532249877070551,"76,80.5,81,82,83.5,85.5,88,87.5,89.5,90.5",21.1,80.48,96.69,GMCC SZ65F1H,38,1
551,551100532249875740551,"75.5,77,77.5,79.5,82,84,87.5,86",21.1,80.48,96.69,GMCC SZ65F1H,38,1
551,551100532249879090551,"74.5,77,78,81,83.5,85,86.5,87.5",20.9,80.01,96.23,GMCC SZ65F1H,38,1
551,551100532249877020551,"77.5,80,80.5,85,87,89.5,92,93,92.5",21.1,80.48,96.69,GMCC SZ65F1H,38,1
551,551100532249877010551,"76.5,78.5,80,79,81,82.5,85.5,86.5,86",21.4,81.19,97.38,GMCC SZ65F1H,38,1
551,551100149549842150551,"75.5,78.5,77.5,80.5,83,84.5,85.5,87",21.1,80.48,96.69,GMCC SZ65F1H,38,1
551,551100532249876980551,"75,79,82.5,84,85.5,87.5,88,86.5",21.2,80.72,96.92,GMCC SZ65F1H,38,1
551,551100532249877580551,"78.5,79,80,83,85.5,88,90.5,91",21.1,80.48,96.69,GMCC SZ65F1H,38,1
551,551100532249876880551,"73,77,77.5,80.5,84,85.5,87",21.2,80.72,96.92,GMCC SZ65F1H,38,1
551,551100532249915560551,"76,72.5,78,81.5,85.5,86,87.5,89.5,92",21.6,81.66,97.83,GMCC SZ65F1H,38,1
551,551100532249876860551,"75.5,81,81.5,84,85,87,88.5,89",21.3,80.95,97.15,GMCC SZ65F1H,38,1
551,551100532249882110551,"73.5,77,78,80,81,83,84,86.5,85",21.3,80.95,97.15,GMCC SZ65F1H,38,1
551,551100149549842860551,"78,79.5,81.5,82,83.5,84.5,87",21.0,80.25,96.46,GMCC SZ65F1H,38,1
551,551100532249877290551,"80,81,82,84.5,87,89,90,89.5",21.1,80.48,96.69,GMCC SZ65F1H,38,1
551,551100532249878110551,"80.5,82.5,83.5,85.5,87,88.5,90",20.8,79.77,96.0,GMCC SZ65F1H,38,1
551,551100532249876730551,"75,78,79.5,81,83,86,89.5,91",21.3,80.95,97.15,GMCC SZ65F1H,38,1
551,551100149549842880551,"82,81.5,82.5,81,79.5,85,85.5,87.5",21.0,80.25,96.46,GMCC SZ65F1H,38,1
551,551100532249876690551,"82.5,85,85.5,90,91,92,91.5",21.3,80.95,97.15,GMCC SZ65F1H,38,1
551,551100532249876670551,"76.5,78,80.5,82,85.5,86.5,88,90.5",21.4,81.19,97.38,GMCC SZ65F1H,38,1
551,551100149549842610551,"78,80,79,79.5,81.5,83,85,86",21.1,80.48,96.69,GMCC SZ65F1H,38,1
551,551100532249876620551,"76,79,82,83,84.5,86.5,90.5,89.5",21.4,81.19,97.38,GMCC SZ65F1H,38,1
551,551100532249876580551,"76.5,79,82.5,86.5,88,90.5,93.5,94.5,95",21.4,81.19,97.38,GMCC SZ65F1H,38,1
551,551100532249876570551,"77,80.5,81.5,83.5,86.5,87,90,93,92",21.4,81.19,97.38,GMCC SZ65F1H,38,1
551,551100532249913260551,"72,75,78.5,79,81.5,82.5,86.5,85",20.1,78.13,94.4,GMCC SZ65F1H,38,1
551,551100532249915720551,"80,82.5,84,86.5,88,90,92,92.5",21.5,81.42,97.61,GMCC SZ65F1H,38,1
551,551100532249876480551,"74.5,72.5,79.5,81.5,84,86,87,89.5",21.5,81.42,97.61,GMCC SZ65F1H,38,1
551,551100149549843270551,"75.5,77,78,80,80.5,82,84.5,83.5",20.9,80.01,96.23,GMCC SZ65F1H,38,1
551,551100532249876440551,"80.5,82.5,83.5,84,86,88,89.5,90.5,91.5",21.5,81.42,97.61,GMCC SZ65F1H,38,1
551,551100532249881920551,"75,77,78.5,81.5,82,86,86.5,87",21.5,81.42,97.61,GMCC SZ65F1H,38,1
551,551100532249876410551,"80.5,82.5,82,84,86,86.5,89.5",21.5,81.42,97.61,GMCC SZ65F1H,38,1
551,551100532249873720551,"78.5,79.5,81.5,84,83,85,88,90",21.5,81.42,97.61,GMCC SZ65F1H,38,1
551,551100532249915330551,"78,76,78,79,81.5,82.5,86,86.5,89.5",21.8,82.13,98.29,GMCC SZ65F1H,38,1
551,551100532249913080551,"74.5,76.5,76,80,82,83.5,83",20.1,78.13,94.4,GMCC SZ65F1H,38,1
551,551100532249915730551,"83,84,83,85.5,88,88.5,91.5,92",21.6,81.66,97.83,GMCC SZ65F1H,38,1
551,551100149549842900551,"79,81.5,83,81,83,85,86,86.5",21.1,80.48,96.69,GMCC SZ65F1H,38,1
551,551100532249914900551,"76,79.5,78.5,82.5,86,87.5,90.5,94.5",21.8,82.13,98.29,GMCC SZ65F1H,38,1
551,551100532249880550551,"81,83,84,86,86.5",20.7,79.54,95.77,GMCC SZ65F1H,38,1
551,551100532249912940551,"73,72.5,75,77,79,81.5,82,83,84.5,84,84.5,85",20.1,78.13,94.4,GMCC SZ65F1H,38,1
551,551100532249915040551,"79.5,85,90.5,91,92.5,93,93.5",21.7,81.89,98.06,GMCC SZ65F1H,38,1
551,551100532249876330551,"77,78.5,80.5,82,85,88,89,90",21.6,81.66,97.83,GMCC SZ65F1H,38,1
551,551100149549842170551,"74.5,76,79.5,81,82,83,84,86,86.5",21.0,80.25,96.46,GMCC SZ65F1H,38,1
551,551100532249915760551,"78.5,80.5,81.5,84,83.5,84.5,85.5,86,89,90.5",21.6,81.66,97.83,GMCC SZ65F1H,38,1
551,551100532249914980551,"76,80.5,80,83.5,84,87,87.5,89.5,90",21.8,82.13,98.29,GMCC SZ65F1H,38,1
551,551100532249876030551,"69,75,76.5,78.5,79.5,81.5,82,83.5,81",21.0,80.25,96.46,GMCC SZ65F1H,38,1
551,551100532249914350551,"75.5,76.5,78,81.5,82.5,84.5,87",20.2,78.36,94.63,GMCC SZ65F1H,38,1
551,551100149549842210551,"78,79,81.5,82,85,87.5,88",21.1,80.48,96.69,GMCC SZ65F1H,38,1
551,551100149549841870551,"75,75.5,75,77.5,77,80.5,82.5,83.5",21.2,80.72,96.92,GMCC SZ65F1H,38,1
551,551100532249882230551,"75.5,70.5,77,78,81.5,82.5,84.5,88",21.5,81.42,97.61,GMCC SZ65F1H,38,1
551,551100532249875990551,"77,74,77.5,78,79.5,79,83.5,84.5,86,86.5",21.1,80.48,96.69,GMCC SZ65F1H,38,1
551,551100532249877040551,"79.5,80,83,83.5,85.5,88.5,92.5,91.5",21.1,80.48,96.69,GMCC SZ65F1H,38,1
551,551100532249880760551,"79,80.5,82.5,82,85,85.5,87,88",20.5,79.07,95.31,GMCC SZ65F1H,38,1
551,551100532249875950551,"77.5,80,80.5,81.5,83.5,87,85.5",21.0,80.25,96.46,GMCC SZ65F1H,38,1
551,551100532249877240551,"77,82,86.5,90.5,91.5,92,93.5,93,93.5",21.1,80.48,96.69,GMCC SZ65F1H,38,1
551,551100532249876750551,"79,80,82.5,86,87,89,89.5,90.5,92",21.3,80.95,97.15,GMCC SZ65F1H,38,1
551,551100532249875940551,"77.5,79,81.5,84.5,87.5,89",21.1,80.48,96.69,GMCC SZ65F1H,38,1
551,551100149549841930551,"75,78.5,81.5,82.5,83.5,84,85.5,87",21.2,80.72,96.92,GMCC SZ65F1H,38,1
551,551100532249880380551,"80.5,83,82.5,81.5,83,86.5,88.5,87",21.0,80.25,96.46,GMCC SZ65F1H,38,1
551,551100532249875280551,"75.5,77,80.5,81,83,86.5,87,89.5,89",21.0,80.25,96.46,GMCC SZ65F1H,38,1
551,551100532249882020551,"74,73,78,77.5,78.5,79,80,81,81.5,82,84,83.5",21.4,81.19,97.38,GMCC SZ65F1H,38,1
551,551100532249880510551,"76.5,78.5,82,83,84,86,87.5,87",20.5,79.07,95.31,GMCC SZ65F1H,38,1
551,551100532249875870551,"79,80.5,81.5,83.5,85,88.5,90,90.5",21.1,80.48,96.69,GMCC SZ65F1H,38,1
551,551100532249879260551,"76.5,77,81.5,80,81.5,83.5,86.5,86",20.8,79.77,96.0,GMCC SZ65F1H,38,1
551,551100532249875850551,"74.5,77.5,78,84.5,84,87,88,89.5",21.1,80.48,96.69,GMCC SZ65F1H,38,1
551,551100532249875830551,"77.5,80.5,82,82.5,85,87,89,87.5",21.1,80.48,96.69,GMCC SZ65F1H,38,1
551,551100149549842270551,"78,80,79,83,83.5,85.5,89,88,89",21.0,80.25,96.46,GMCC SZ65F1H,38,1
551,551100532249874380551,"79.5,78,78.5,81,82,83,84.5,85",21.4,81.19,97.38,GMCC SZ65F1H,38,1
551,551100532249879000551,"79,78,81.5,81,82.5,84.5,85.5,86",21.0,80.25,96.46,GMCC SZ65F1H,38,1
551,551100149549842470551,"76.5,79,81,83,83.5,85.5,88,86.5,87.5,88.5",21.0,80.25,96.46,GMCC SZ65F1H,38,1
551,551100532249880260551,"82,81.5,82.5,84,85.5,86,87.5,91.5",21.1,80.48,96.69,GMCC SZ65F1H,38,1
551,551100532249876520551,"76,80,81.5,82.5,85.5,85,86.5,87.5,86.5,88,89.5",21.4,81.19,97.38,GMCC SZ65F1H,38,1
551,551100149549842800551,"79.5,78.5,80.5,82,83,87,88",21.0,80.25,96.46,GMCC SZ65F1H,38,1
551,551100532249882800551,"74,74.5,78,79,79.5,80.5,82,84,86.5",21.3,80.95,97.15,GMCC SZ65F1H,38,1
551,551100532249877160551,"75,78,81.5,83,85.5,88,89,89.5",21.1,80.48,96.69,GMCC SZ65F1H,38,1
551,551100532249877080551,"81.5,81,82,84,86.5,88.5,91.5,94",21.2,80.72,96.92,GMCC SZ65F1H,38,1
551,551100532249877600551,"79,79.5,83,86,88,91,94",21.2,80.72,96.92,GMCC SZ65F1H,38,1
551,551100532249875760551,"79,80,83.5,84.5,85.5,87,88.5",21.1,80.48,96.69,GMCC SZ65F1H,38,1
551,551100532249877430551,"76,77.5,81.5,83,85,88,89.5,90.5",21.0,80.25,96.46,GMCC SZ65F1H,38,1
551,551100532249875730551,"74,75,79.5,80.5,82,83,84,85.5,86.5",21.1,80.48,96.69,GMCC SZ65F1H,38,1
551,551100532249875690551,"75,79.5,77,78,82.5,83.5,84,87,86,86.5,87",21.1,80.48,96.69,GMCC SZ65F1H,38,1
551,551100532249880830551,"74.5,70.5,78.5,79.5,80,82,83.5,85",20.4,78.83,95.08,GMCC SZ65F1H,38,1
551,551100532249875670551,"75,78,82,82.5,85,86.5,87,87.5,88,89",21.1,80.48,96.69,GMCC SZ65F1H,38,1
551,551100532249875630551,"80,78.5,80.5,82,84,84.5,85.5,85",21.1,80.48,96.69,GMCC SZ65F1H,38,1
551,551100532249916300551,"79,81.5,83,85.5,87,89.5,89,90,91",21.5,81.42,97.61,GMCC SZ65F1H,38,1
551,551100532249875590551,"74.5,77.5,80,80.5,83,82.5,85",21.1,80.48,96.69,GMCC SZ65F1H,38,1
551,551100532249875580551,"75,78.5,79.5,80,82,82.5,84,86.5",21.1,80.48,96.69,GMCC SZ65F1H,38,1
551,551100532249876010551,"72.5,74.5,78.5,80.5,83,84,84.5,85.5,87.5",21.1,80.48,96.69,GMCC SZ65F1H,38,1
551,551100532249879140551,"78.5,80.5,83.5,86,87.5,88.5,89",20.8,79.77,96.0,GMCC SZ65F1H,38,1
551,551100532249875550551,"75.5,77,77.5,83,83.5,86.5,87,88.5,90",21.1,80.48,96.69,GMCC SZ65F1H,38,1
551,551100532249916370551,"78,77,81,85,84.5,87.5,88.5,89.5",21.5,81.42,97.61,GMCC SZ65F1H,38,1
551,551100532249875510551,"74,79,82,84.5,85,88,89.5,88.5",21.1,80.48,96.69,GMCC SZ65F1H,38,1
551,551100532249914960551,"77,80,83.5,85,85.5,86.5,88.5,90.5,91,92.5",21.8,82.13,98.29,GMCC SZ65F1H,38,1
551,551100532249882070551,"73.5,75.5,78,80,81,80.5,84,83",21.4,81.19,97.38,GMCC SZ65F1H,38,1
551,551100532249875960551,"75,77.5,79.5,81.5,83,85,85.5",21.1,80.48,96.69,GMCC SZ65F1H,38,1
551,551100532249875470551,"76,77,79.5,81,83.5,85,88.5,87.5",21.1,80.48,96.69,GMCC SZ65F1H,38,1
551,551100532249914950551,"77.5,77,79.5,80,81,82.5,84.5,86.5,88.5,91",21.8,82.13,98.29,GMCC SZ65F1H,38,1
551,551100532249914290551,"77,78.5,79.5,81.5,83.5,83,86,87.5",20.2,78.36,94.63,GMCC SZ65F1H,38,1
551,551100532249875380551,"73.5,78.5,81,85,87,89,91",21.2,80.72,96.92,GMCC SZ65F1H,38,1
551,551100532249875350551,"77.5,75.5,77.5,80.5,84.5,85,87.5,88,90",21.1,80.48,96.69,GMCC SZ65F1H,38,1
551,551100532249874880551,"77.5,80,81.5,84,86,89,87",21.2,80.72,96.92,GMCC SZ65F1H,38,1
551,551100149549842580551,"79.5,78.5,80.5,82,83.5,84,85.5,86.5,87",21.0,80.25,96.46,GMCC SZ65F1H,38,1
551,551100532249875340551,"77,72.5,80.5,78.5,84,85.5,87.5,89,89.5",21.1,80.48,96.69,GMCC SZ65F1H,38,1
551,551100532249916120551,"78,78.5,80.5,83,84.5,85.5,89.5,88",21.4,81.19,97.38,GMCC SZ65F1H,38,1
551,551100532249875140551,"76,78,81,81.5,84,87,88.5,89,91",21.1,80.48,96.69,GMCC SZ65F1H,38,1
551,551100532249875320551,"77.5,74.5,76.5,78.5,82.5,81.5,84,86.5,87.5,86.5",21.0,80.25,96.46,GMCC SZ65F1H,38,1
551,551100532249882650551,"77.5,76.5,80,82,84,87.5,89",21.3,80.95,97.15,GMCC SZ65F1H,38,1
551,551100532249877140551,"74.5,78,79.5,81.5,82.5,84.5,85.5,86.5",21.2,80.72,96.92,GMCC SZ65F1H,38,1
551,551100532249874060551,"74.5,74.5,80,80,84,84,88,88,90,90,91.5,91.5,94,94,92.5,92.5",21.6,81.66,97.83,GMCC SZ65F1H,38,1
551,551100532249881660551,"74.5,77.5,78.5,81,83.5,86,87.5",21.4,81.19,97.38,GMCC SZ65F1H,38,1
551,551100532249875290551,"76,75.5,77,79,81,82.5,83.5,85,86,87.5",21.1,80.48,96.69,GMCC SZ65F1H,38,1
551,551100532249875270551,"78.5,82,83.5,85.5,89.5,91,92.5",21.1,80.48,96.69,GMCC SZ65F1H,38,1
551,551100532249876840551,"75,77.5,81,82.5,83.5,85.5,87,89.5",21.2,80.72,96.92,GMCC SZ65F1H,38,1
551,551100532249880170551,"80,82.5,82,83,84.5,86.5,87.5,86",20.8,79.77,96.0,GMCC SZ65F1H,38,1
551,551100532249875240551,"76,78,81,83.5,84,85.5,88.5,88",21.0,80.25,96.46,GMCC SZ65F1H,38,1
551,551100532249914270551,"76.5,78,79,81,83.5,86.5,85.5",20.3,78.6,94.86,GMCC SZ65F1H,38,1
551,551100532249874460551,"74,78,80.5,82,83.5,83,85.5,88,88.5",21.3,80.95,97.15,GMCC SZ65F1H,38,1
551,551100532249875220551,"76.5,76,79,78.5,80.5,82.5,84,87,88.5,90",21.1,80.48,96.69,GMCC SZ65F1H,38,1
551,551100532249879270551,"77.5,78,78.5,79.5,81.5,83.5,85,85.5",20.8,79.77,96.0,GMCC SZ65F1H,38,1
551,551100149549841950551,"77.5,78.5,78,80,80.5,83,85.5,87.5,88.5,91",21.1,80.48,96.69,GMCC SZ65F1H,38,1
551,551100532249880340551,"79,81.5,83,84.5,85.5,86.5,86",20.8,79.77,96.0,GMCC SZ65F1H,38,1
551,551100532249882540551,"75,76,77,80,83.5,84,86,85.5",21.4,81.19,97.38,GMCC SZ65F1H,38,1
551,551100532249875100551,"75.5,79,81.5,86,87.5,89,87",21.1,80.48,96.69,GMCC SZ65F1H,38,1
551,551100532249876530551,"77.5,75.5,79,82.5,84,89.5,90",21.4,81.19,97.38,GMCC SZ65F1H,38,1
551,551100532249882410551,"77.5,79,78,78.5,81,82.5,85,86",21.4,81.19,97.38,GMCC SZ65F1H,38,1
551,551100532249875040551,"75.5,74.5,80,82.5,86,88,90.5,91.5",21.1,80.48,96.69,GMCC SZ65F1H,38,1
551,551100149549842260551,"71.5,74.5,75.5,76.5,77.5,79.5,83,82.5",21.0,80.25,96.46,GMCC SZ65F1H,38,1
551,551100149549843220551,"80,76.5,78.5,80.5,82.5,84,83,84",21.0,80.25,96.46,GMCC SZ65F1H,38,1
551,551100149549842000551,"81,80,82,88,87,89.5,90.5",21.1,80.48,96.69,GMCC SZ65F1H,38,1
551,551100532249876600551,"76,79,80.5,81.5,85,86,87.5,88",21.4,81.19,97.38,GMCC SZ65F1H,38,1
551,551100149549842990551,"76.5,78,79.5,82.5,83.5,84.5,85.5,87.5",21.1,80.48,96.69,GMCC SZ65F1H,38,1
551,551100532249875010551,"77.5,77,80,81.5,82,84.5,84,88.5",21.1,80.48,96.69,GMCC SZ65F1H,38,1
551,551100532249874980551,"74,78,78.5,82.5,82,85.5,87,88,89",21.1,80.48,96.69,GMCC SZ65F1H,38,1
551,551100532249875710551,"71,72,74,77,79.5,81,83,85,86.5",21.2,80.72,96.92,GMCC SZ65F1H,38,1
551,551100532249874830551,"75.5,78,81.5,82,85,87.5,88",21.2,80.72,96.92,GMCC SZ65F1H,38,1
551,551100532249874690551,"75,79.5,80.5,84,82,83.5,85.5,86",21.2,80.72,96.92,GMCC SZ65F1H,38,1
551,551100532249874870551,"73.5,79.5,82,82.5,84,85.5,88.5,87,90,91.5",21.1,80.48,96.69,GMCC SZ65F1H,38,1
551,551100532249879040551,"80.5,81.5,80,82,85,87,89.5,88",21.0,80.25,96.46,GMCC SZ65F1H,38,1
551,551100532249879080551,"78,81,80.5,84,85.5,88,89.5,91.5",20.9,80.01,96.23,GMCC SZ65F1H,38,1
551,551100532249874810551,"73,78.5,80,82,84,85.5,88,87.5",21.1,80.48,96.69,GMCC SZ65F1H,38,1
551,551100532249874410551,"77,80.5,81.5,83,87,88.5,90",21.3,80.95,97.15,GMCC SZ65F1H,38,1
551,551100532249881630551,"74.5,77,79,81,82.5,84.5,87.5,89.5",21.4,81.19,97.38,GMCC SZ65F1H,38,1
551,551100532249874800551,"73,76,81,82.5,84.5,82.5,87,89.5",21.2,80.72,96.92,GMCC SZ65F1H,38,1
551,551100532249880100551,"81.5,82.5,84.5,84,86,86.5,89,88",20.6,79.3,95.54,GMCC SZ65F1H,38,1
551,551100532249874820551,"76.5,78.5,79,83,84,86,88,89.5,90",21.1,80.48,96.69,GMCC SZ65F1H,38,1
551,551100532249874780551,"76,78,80.5,81,83,85.5,89,88.5",21.1,80.48,96.69,GMCC SZ65F1H,38,1
551,551100532249873470551,"78.5,80,80.5,84,87,84.5,89,92",21.5,81.42,97.61,GMCC SZ65F1H,38,1
551,551100532249874770551,"76.5,74,79.5,82,84,85.5,86,88.5",21.2,80.72,96.92,GMCC SZ65F1H,38,1
551,551100532249882570551,"79,78,78.5,80,82.5,83.5,85,85.5",21.3,80.95,97.15,GMCC SZ65F1H,38,1
551,551100532249874760551,"74,78.5,81,82,84,86,89.5,89",21.1,80.48,96.69,GMCC SZ65F1H,38,1
551,551100532249874720551,"76,77,78,80,82.5,84,87.5,86",21.2,80.72,96.92,GMCC SZ65F1H,38,1
551,551100532249878990551,"78,81.5,80.5,82,84,87,89,88.5",21.0,80.25,96.46,GMCC SZ65F1H,38,1
551,551100532249874710551,"80,81,81.5,82.5,85.5,88.5,88,88.5",21.1,80.48,96.69,GMCC SZ65F1H,38,1
551,551100532249875720551,"78,77.5,81,83.5,86,87,88.5,90.5",21.1,80.48,96.69,GMCC SZ65F1H,38,1
551,551100532249875560551,"79,77,77.5,79.5,80.5,84.5,84,86,86.5",21.1,80.48,96.69,GMCC SZ65F1H,38,1
551,551100532249883290551,"75.5,78,79,81.5,82,86,86.5,89",21.5,81.42,97.61,GMCC SZ65F1H,38,1
551,551100532249875610551,"77.5,77,79,80.5,82,82.5,83.5,85.5,86",21.1,80.48,96.69,GMCC SZ65F1H,38,1
551,551100532249879790551,"77,79.5,79,80.5,82,83.5,86,85",20.5,79.07,95.31,GMCC SZ65F1H,38,1
551,551100532249913710551,"68,73,76.5,79.5,81.5,82.5,83.5,84.5",20.2,78.36,94.63,GMCC SZ65F1H,38,1
551,551100532249874630551,"72.5,77.5,78,81.5,82,83,83.5,86.5",21.1,80.48,96.69,GMCC SZ65F1H,38,1
551,551100532249875970551,"71.5,75,75.5,78,79,81,82.5,82",21.1,80.48,96.69,GMCC SZ65F1H,38,1
551,551100532249882750551,"82,85,83.5,84,86,87.5,90,89.5",20.8,79.77,96.0,GMCC SZ65F1H,38,1
551,551100532249914620551,"70,75,77,78.5,80,82.5,85,83.5",20.1,78.13,94.4,GMCC SZ65F1H,38,1
551,551100532249874560551,"73,74,76,79.5,81,84,85.5,86.5",21.2,80.72,96.92,GMCC SZ65F1H,38,1
551,551100532249880500551,"77,78.5,79.5,81.5,82.5,85,87,86",20.5,79.07,95.31,GMCC SZ65F1H,38,1
551,551100149549842870551,"75.5,79.5,80.5,81.5,84.5,85,85.5",21.0,80.25,96.46,GMCC SZ65F1H,38,1
551,551100149549842720551,"77.5,80,81.5,84,84.5,86.5,87",21.0,80.25,96.46,GMCC SZ65F1H,38,1
551,551100532249882550551,"78.5,80,81,83,84,85.5,88,87",20.9,80.01,96.23,GMCC SZ65F1H,38,1
551,551100532249877630551,"80.5,81.5,82.5,84.5,88.5,90.5,88.5",21.1,80.48,96.69,GMCC SZ65F1H,38,1
551,551100532249878140551,"77,81.5,82,83.5,85,86,85.5,87",20.8,79.77,96.0,GMCC SZ65F1H,38,1
551,551100149549842850551,"75.5,80.5,81,83,86,86.5,87",21.0,80.25,96.46,GMCC SZ65F1H,38,1
551,551100532249913040551,"78.5,81,82.5,84,86,88,89.5,89",20.1,78.13,94.4,GMCC SZ65F1H,38,1
551,551100149549843020551,"77,78.5,82,84.5,85,88,86.5",21.2,80.72,96.92,GMCC SZ65F1H,38,1
551,551100532249879990551,"79.5,81,82,85.5,85,88,89.5,88.5,90.5,91.5",21.2,80.72,96.92,GMCC SZ65F1H,38,1
551,551100532249877210551,"78,80.5,79,81,81.5,83,84.5,86",21.1,80.48,96.69,GMCC SZ65F1H,38,1
551,551100532249914300551,"76.5,78,81,82,83,85,84.5",20.2,78.36,94.63,GMCC SZ65F1H,38,1
551,551100532249878860551,"78,77,76,80.5,81,85.5,87.5,91",21.1,80.48,96.69,GMCC SZ65F1H,38,1
551,551100149549842670551,"77.5,81,82,83.5,84.5,87.5,87",21.0,80.25,96.46,GMCC SZ65F1H,38,1
551,551100532249880860551,"78,80.5,79.5,82,85,87,87.5,88.5,89.5",20.4,78.83,95.08,GMCC SZ65F1H,38,1
551,551100149549842410551,"76.5,72,78,79,80.5,81,83.5,86,85.5",21.0,80.25,96.46,GMCC SZ65F1H,38,1
551,551100532249877130551,"78,83,85,88,88.5,89,91",21.1,80.48,96.69,GMCC SZ65F1H,38,1
551,551100532249877860551,"78,77.5,79.5,81,82,82.5,85.5,87,88.5",21.0,80.25,96.46,GMCC SZ65F1H,38,1
551,551100532249877890551,"77,79,82,81.5,82,83.5,84,86.5,87",21.0,80.25,96.46,GMCC SZ65F1H,38,1
551,551100532249913840551,"77.5,80,79.5,83,85,86.5,87,87.5",20.1,78.13,94.4,GMCC SZ65F1H,38,1
551,551100149549842750551,"77,78.5,80,82,84,83.5,84,86,89",21.0,80.25,96.46,GMCC SZ65F1H,38,1
551,551100532249878920551,"77,80.5,81.5,83,85,87,88",21.1,80.48,96.69,GMCC SZ65F1H,38,1
551,551100149549842730551,"79,78.5,82.5,84.5,85.5,87.5,86.5",21.1,80.48,96.69,GMCC SZ65F1H,38,1
551,551100532249875450551,"72.5,79.5,80,82,84,82,86,85.5,88.5",21.1,80.48,96.69,GMCC SZ65F1H,38,1
551,551100532249877780551,"79,80.5,82,84,83,84,86.5,85.5,88",20.9,80.01,96.23,GMCC SZ65F1H,38,1
551,551100532249873490551,"82,80,83,82,85,86.5,89,88",21.5,81.42,97.61,GMCC SZ65F1H,38,1
551,551100532249915960551,"76.5,81.5,80.5,81,83.5,84,86,85.5",21.5,81.42,97.61,GMCC SZ65F1H,38,1
551,551100532249874110551,"74.5,77,77.5,80,81,81.5,82.5,86,87.5",21.6,81.66,97.83,GMCC SZ65F1H,38,1
551,551100532249876680551,"77.5,80.5,82,83,86,87.5,89.5,88",21.5,81.42,97.61,GMCC SZ65F1H,38,1
551,551100532249878010551,"79.5,79,82,83,86.5,86,89.5,89,90.5",21.0,80.25,96.46,GMCC SZ65F1H,38,1
551,551100532249879910551,"80,82.5,84,86,86.5,88,90.5,89.5",20.7,79.54,95.77,GMCC SZ65F1H,38,1
551,551100532249874600551,"75,76.5,78.5,80.5,82,85,86",21.2,80.72,96.92,GMCC SZ65F1H,38,1
551,551100532249876700551,"77,78.5,81.5,82.5,84,88.5,89.5",21.3,80.95,97.15,GMCC SZ65F1H,38,1
551,551100532249880460551,"78,79,79.5,80,83.5,84,82.5,85.5,85",20.5,79.07,95.31,GMCC SZ65F1H,38,1
551,551100532249875210551,"72.5,78,80,82,83,84,85.5,87.5,88",21.1,80.48,96.69,GMCC SZ65F1H,38,1
551,551100532249915780551,"79.5,81,80,84,86,88,91,89.5",21.6,81.66,97.83,GMCC SZ65F1H,38,1
551,551100532249873450551,"78,78.5,80.5,82,83.5,86.5,86",21.6,81.66,97.83,GMCC SZ65F1H,38,1
551,551100532249883440551,"77.5,79,80.5,84.5,87,89,91",21.4,81.19,97.38,GMCC SZ65F1H,38,1
551,551100532249873560551,"77,80,82.5,84,86.5,87.5,88.5,89.5,90.5",21.5,81.42,97.61,GMCC SZ65F1H,38,1
551,551100532249875230551,"78.5,80.5,84.5,86,89,89.5,90,91",21.0,80.25,96.46,GMCC SZ65F1H,38,1
551,551100532249875310551,"76,85,87.5,90,89",21.1,80.48,96.69,GMCC SZ65F1H,38,1
551,551100532249876830551,"74.5,76,77.5,80.5,83,83.5,84.5,85,86.5",21.2,80.72,96.92,GMCC SZ65F1H,38,1
551,551100532249880050551,"74,78.5,79,81.5,83,85.5,88",21.3,80.95,97.15,GMCC SZ65F1H,38,1
551,551100532249882130551,"77,78.5,80.5,81.5,83,83.5,85,86,87,88.5",21.4,81.19,97.38,GMCC SZ65F1H,38,1
551,551100149549843300551,"72.5,74,74.5,75,77,78.5,81,82",20.8,79.77,96.0,GMCC SZ65F1H,38,1
551,551100532249874270551,"76,75,79,80.5,83,83.5,84,85.5,87,88.5",21.4,81.19,97.38,GMCC SZ65F1H,38,1
551,551100149549842540551,"77,79,80,83,83.5,85,88,85.5",21.0,80.25,96.46,GMCC SZ65F1H,38,1
551,551100532249883360551,"74.5,76.5,77.5,80,82,84,86.5,86,88.5",21.5,81.42,97.61,GMCC SZ65F1H,38,1
551,551100532249874670551,"75,76,79,80.5,80,82.5,85,86.5",21.1,80.48,96.69,GMCC SZ65F1H,38,1
551,551100532249876870551,"70.5,78,78.5,83.5,86.5,86,88",21.2,80.72,96.92,GMCC SZ65F1H,38,1
551,551100532249874570551,"78.5,79,80.5,81.5,82.5,85,85.5,87,89,89.5",21.2,80.72,96.92,GMCC SZ65F1H,38,1
551,551100149549842820551,"74.5,76.5,78.5,77,81,81.5,84,88,88.5",21.0,80.25,96.46,GMCC SZ65F1H,38,1
551,551100532249914100551,"78.5,74,77,81,83.5,86.5,87,86.5",20.2,78.36,94.63,GMCC SZ65F1H,38,1
551,551100532249875300551,"76.5,79.5,81,83,87,88.5,88,91",21.1,80.48,96.69,GMCC SZ65F1H,38,1
551,551100532249882300551,"76,77,78,80,81.5,83,83.5,85",21.4,81.19,97.38,GMCC SZ65F1H,38,1
551,551100149549842460551,"77.5,74.5,79,78.5,85,85.5,87,88.5,89",21.1,80.48,96.69,GMCC SZ65F1H,38,1
551,551100532249875110551,"77,76,79,81.5,82.5,83,85.5,86.5,87",21.2,80.72,96.92,GMCC SZ65F1H,38,1
551,551100149549841810551,"80,82,85,89.5,88.5,90,92.5,91.5",21.2,80.72,96.92,GMCC SZ65F1H,38,1
551,551100532249874400551,"74,76,78,79,82.5,83.5,86,85.5",21.4,81.19,97.38,GMCC SZ65F1H,38,1
551,551100149549842400551,"77,81,81.5,83.5,82.5,86,88,89.5",21.5,81.42,97.61,GMCC SZ65F1H,38,1
551,551100532249876770551,"78.5,80.5,80,83,83.5,84,86.5,87,88",21.3,80.95,97.15,GMCC SZ65F1H,38,1
551,551100532249881780551,"77,76,79.5,84.5,84,87,87.5,90,92",21.6,81.66,97.83,GMCC SZ65F1H,38,1
551,551100532249881290551,"74.5,77.5,78.5,81.5,82.5,85,84.5,87.5,87",21.6,81.66,97.83,GMCC SZ65F1H,38,1
551,551100532249914440551,"77,79,82,83,84.5,86.5,87,89.5",20.3,78.6,94.86,GMCC SZ65F1H,38,1
551,551100149549842380551,"74.5,74,75.5,78,79.5,81,82,83,84,84.5",21.1,80.48,96.69,GMCC SZ65F1H,38,1
551,551100532249876500551,"75.5,78,80.5,83,81,85,87.5",21.5,81.42,97.61,GMCC SZ65F1H,38,1
551,551100532249878880551,"78,79.5,81.5,84,83.5,84.5,86.5,87.5",21.1,80.48,96.69,GMCC SZ65F1H,38,1
551,551100532249874700551,"78,79,80.5,82.5,84,83.5,84.5,86.5,87.5",21.2,80.72,96.92,GMCC SZ65F1H,38,1
551,551100532249882770551,"71,73.5,74.5,77.5,81,83.5,83,84,84.5",21.2,80.72,96.92,GMCC SZ65F1H,38,1
551,551100532249876020551,"73.5,75.5,77,78,80,80.5,81.5,82,83.5,83",21.1,80.48,96.69,GMCC SZ65F1H,38,1
551,551100532249874950551,"75.5,77.5,76,79.5,81.5,82.5,85,87.5,88",21.1,80.48,96.69,GMCC SZ65F1H,38,1
551,551100532249914490551,"76,78,79,78.5,80,81.5,82.5,84",20.1,78.13,94.4,GMCC SZ65F1H,38,1
551,551100532249875910551,"73.5,78.5,77.5,79,81,80.5,88,88.5",21.1,80.48,96.69,GMCC SZ65F1H,38,1
551,551100532249882950551,"78.5,78,79,79.5,81,83,83.5",21.2,80.72,96.92,GMCC SZ65F1H,38,1
551,551100149549842390551,"76,78,79,82.5,86,86.5,87.5",21.1,80.48,96.69,GMCC SZ65F1H,38,1
551,551100149549843480551,"77,79,82,83.5,85.5,86.5,87.5",20.9,80.01,96.23,GMCC SZ65F1H,38,1
551,551100149549843810551,"75,78,78.5,80.5,82,83.5,84,85,86.5,88.5",21.1,80.48,96.69,GMCC SZ65F1H,38,1
551,551100532249915700551,"78,78.5,81,84.5,86,86.5,88,90,90.5,91",21.6,81.66,97.83,GMCC SZ65F1H,38,1
551,551100532249879760551,"75,78.5,79.5,80,81.5,82.5,84.5,85,86,88,88.5",20.5,79.07,95.31,GMCC SZ65F1H,38,1
551,551100532249874340551,"75.5,79,80,84.5,81.5,83.5,84.5,87",21.4,81.19,97.38,GMCC SZ65F1H,38,1
551,551100532249913050551,"71,71.5,73,77,78.5,79.5,81",20.1,78.13,94.4,GMCC SZ65F1H,38,1
551,551100532249878300551,"72,74.5,78.5,80.5,83.5,84,85,87.5",20.8,79.77,96.0,GMCC SZ65F1H,38,1
551,551100532249883270551,"77.5,79,78.5,82,83.5,85,88.5,89.5",21.6,81.66,97.83,GMCC SZ65F1H,38,1
551,551100532249876560551,"77.5,79.5,81.5,84,86,88.5,91,93,91",21.4,81.19,97.38,GMCC SZ65F1H,38,1
551,551100532249876090551,"73.5,76,77.5,79.5,80,81.5,83,85,85.5,87",21.0,80.25,96.46,GMCC SZ65F1H,38,1
551,551100532249881700551,"74.5,77,78,80,82.5,83,84.5,87,86.5",21.5,81.42,97.61,GMCC SZ65F1H,38,1
551,551100149549842840551,"76.5,75.5,77,78.5,80,82,84.5,84",21.0,80.25,96.46,GMCC SZ65F1H,38,1
551,551100149549843190551,"73.5,79,78.5,81,82.5,83,84,85.5",21.0,80.25,96.46,GMCC SZ65F1H,38,1
551,551100532249882660551,"76.5,78,77.5,82,84,85.5,84",21.3,80.95,97.15,GMCC SZ65F1H,38,1
551,551100532249876940551,"77,80.5,82,83,84.5,88.5,90,89.5",21.1,80.48,96.69,GMCC SZ65F1H,38,1
551,551100149549841680551,"77,80.5,81.5,83.5,84.5,87.5,89.5,89",21.3,80.95,97.15,GMCC SZ65F1H,38,1
551,551100532249881720551,"77.5,79,80.5,83.5,85.5,88.5,91,89.5",21.4,81.19,97.38,GMCC SZ65F1H,38,1
551,551100532249876550551,"77.5,80,82.5,83,82.5,87,88.5,89,88.5",21.4,81.19,97.38,GMCC SZ65F1H,38,1
551,551100149549842230551,"74.5,77,78.5,81,82.5,83.5,84.5,86.5,88,88.5",21.1,80.48,96.69,GMCC SZ65F1H,38,1
551,551100149549842920551,"76.5,74,75,79,80.5,82.5,84,85.5,87.5",21.0,80.25,96.46,GMCC SZ65F1H,38,1
551,551100532249876540551,"76,78,79.5,83.5,85.5,87.5,90,91",21.4,81.19,97.38,GMCC SZ65F1H,38,1
551,551100149549842130551,"79,80,81.5,81,82.5,85.5,87.5,88",21.0,80.25,96.46,GMCC SZ65F1H,38,1
551,551100149549843140551,"76,75.5,77,78.5,79,81,82.5,85.5,86",21.2,80.72,96.92,GMCC SZ65F1H,38,1
551,551100532249878380551,"77.5,78.5,83.5,83,86.5,87,88,91",20.8,79.77,96.0,GMCC SZ65F1H,38,1
551,551100532249883080551,"73,78,78.5,80.5,83,84.5,85",21.3,80.95,97.15,GMCC SZ65F1H,38,1
551,551100149549841690551,"79,80,81.5,84,86,89,88,87.5",21.3,80.95,97.15,GMCC SZ65F1H,38,1
551,551100149549842310551,"75,72.5,75,78,81.5,82.5,85,87",21.0,80.25,96.46,GMCC SZ65F1H,38,1
551,551100532249877280551,"79,82,84,83,87,86.5,87,89.5,90",21.1,80.48,96.69,GMCC SZ65F1H,38,1
551,551100532249883420551,"76.5,80,80.5,81.5,85,86,87.5",21.5,81.42,97.61,GMCC SZ65F1H,38,1
551,551100149549842760551,"78.5,79.5,81.5,83.5,85.5,86.5,87.5,89,90.5",21.0,80.25,96.46,GMCC SZ65F1H,38,1
551,551100532249875920551,"75.5,77.5,78.5,80.5,82.5,85,84.5",21.1,80.48,96.69,GMCC SZ65F1H,38,1
551,551100532249876890551,"74.5,77,76.5,77.5,80.5,83,84",21.1,80.48,96.69,GMCC SZ65F1H,38,1
551,551100532249913120551,"78,77.5,80.5,82.5,84.5,84,86,88.5",20.1,78.13,94.4,GMCC SZ65F1H,38,1
551,551100532249876340551,"73,74.5,78,80.5,82.5,85.5,88.5,90",21.6,81.66,97.83,GMCC SZ65F1H,38,1
551,551100532249874650551,"76,77.5,80,81,83,85,86",21.2,80.72,96.92,GMCC SZ65F1H,38,1
551,551100532249876130551,"71,69.5,74,75.5,76.5,79.5,82,83,83.5",21.1,80.48,96.69,GMCC SZ65F1H,38,1
551,551100532249916360551,"80,82,84,86.5,88.5,89,88",21.5,81.42,97.61,GMCC SZ65F1H,38,1
551,551100149549843100551,"73,78.5,79,82,82.5,85.5,86.5,87.5",21.0,80.25,96.46,GMCC SZ65F1H,38,1
551,551100532249874440551,"77,80.5,81.5,82.5,82,85,85.5,87,91,91.5",21.3,80.95,97.15,GMCC SZ65F1H,38,1
551,551100532249876910551,"80,82.5,85,86,87,89.5,91,93,93.5",21.1,80.48,96.69,GMCC SZ65F1H,38,1
551,551100532249877650551,"78,79.5,78.5,83,82.5,85,85.5,87.5,89.5,89",21.1,80.48,96.69,GMCC SZ65F1H,38,1
551,551100532249875770551,"75,77,81.5,83,84,86.5,85.5,87.5,88",21.1,80.48,96.69,GMCC SZ65F1H,38,1
551,551100149549842940551,"74,75.5,78,80,80.5,82.5,84,84.5",21.0,80.25,96.46,GMCC SZ65F1H,38,1
551,551100149549842300551,"75,77,78.5,80.5,82.5,85,83.5",21.1,80.48,96.69,GMCC SZ65F1H,38,1
551,551100149549841890551,"74.5,74.5,76.5,76.5,78,78,79.5,79.5,80.5,80.5,84.5,84.5,86,86",21.2,80.72,96.92,GMCC SZ65F1H,38,1
551,551100532249874140551,"81,73,81.5,86,87.5,88.5,91.5,93.5,93",21.6,81.66,97.83,GMCC SZ65F1H,38,1
551,551100532249913510551,"72,79,78,80.5,82,83.5,84,85.5",20.2,78.36,94.63,GMCC SZ65F1H,38,1
551,551100149549841970551,"78,77.5,78,78.5,80.5,81.5,83,85",21.4,81.19,97.38,GMCC SZ65F1H,38,1
551,551100532249875020551,"80.5,77.5,81,84,84.5,84,86,88.5,89.5",21.1,80.48,96.69,GMCC SZ65F1H,38,1
551,551100532249878700551,"80.5,80,83,83.5,85.5,88,91,89.5",21.2,80.72,96.92,GMCC SZ65F1H,38,1
551,551100149549843280551,"76.5,77.5,79.5,81,82,85,84.5",21.0,80.25,96.46,GMCC SZ65F1H,38,1
551,551100532249875160551,"77.5,79,83,83.5,82.5,84.5,87.5,88.5,89.5,91.5",21.1,80.48,96.69,GMCC SZ65F1H,38,1
551,551100149549842060551,"81.5,84,86,88,88.5,88,90,90.5,91",21.1,80.48,96.69,GMCC SZ65F1H,38,1
551,551100532249880600551,"78,77.5,80,82.5,82,83,83.5,84.5,85",20.5,79.07,95.31,GMCC SZ65F1H,38,1
551,551100532249875620551,"78,80.5,80,83,84.5,85.5,86,87,87.5",21.2,80.72,96.92,GMCC SZ65F1H,38,1
551,551100532249881240551,"72.5,75,80.5,80,80.5,82.5,84.5,86.5",20.5,79.07,95.31,GMCC SZ65F1H,38,1
551,551100532249877090551,"77.5,80.5,83.5,86,85.5,87.5,89.5,91",21.2,80.72,96.92,GMCC SZ65F1H,38,1
551,551100149549842680551,"77,79.5,80,81,82,84,85,86",21.0,80.25,96.46,GMCC SZ65F1H,38,1
551,551100532249913230551,"76,75,76,81,80.5,82,84,85.5,88",20.2,78.36,94.63,GMCC SZ65F1H,38,1
551,551100149549842650551,"76,79,78,80.5,81.5,82.5,85,84,87.5",21.1,80.48,96.69,GMCC SZ65F1H,38,1
551,551100532249874290551,"80,80.5,82,83.5,84,85.5,86,85,86.5",21.5,81.42,97.61,GMCC SZ65F1H,38,1
551,551100149549843230551,"77,79,78.5,79.5,83.5,84.5,86.5,85.5",21.0,80.25,96.46,GMCC SZ65F1H,38,1
551,551100532249875750551,"78,79.5,78.5,79.5,81.5,83.5,85.5,85,86,87.5",21.1,80.48,96.69,GMCC SZ65F1H,38,1
551,551100149549843040551,"75,78,80,81,83,85,86.5,87",21.0,80.25,96.46,GMCC SZ65F1H,38,1
551,551100532249880330551,"74.5,77.5,78.5,80,79,80.5,81,83,85,85.5",20.5,79.07,95.31,GMCC SZ65F1H,38,1
551,551100149549842620551,"74.5,77,77.5,80.5,81.5,83.5,84",21.1,80.48,96.69,GMCC SZ65F1H,38,1
551,551100532249879600551,"78.5,81,82.5,84.5,85,87.5,86",20.7,79.54,95.77,GMCC SZ65F1H,38,1
551,551100149549842290551,"77,80.5,80,82.5,84,87,88,89",21.1,80.48,96.69,GMCC SZ65F1H,38,1
551,551100532249915100551,"79,84.5,86,88.5,93,94,96,96.5",21.8,82.13,98.29,GMCC SZ65F1H,38,1
551,551100532249874470551,"76.5,73.5,79,80.5,82,82.5,85.5,87,87.5",21.3,80.95,97.15,GMCC SZ65F1H,38,1
551,551100532249879110551,"78.5,79.5,80,83,85.5,86.5,90.5,88.5",20.9,80.01,96.23,GMCC SZ65F1H,38,1
551,551100532249876400551,"77.5,77,79,82.5,84,85.5,87.5,88.5,91,93",21.5,81.42,97.61,GMCC SZ65F1H,38,1
551,551100532249880230551,"82,81.5,82,83,85,86.5,88",21.1,80.48,96.69,GMCC SZ65F1H,38,1
551,551100532249882100551,"78,77.5,79.5,77.5,80,82,84.5,85,87",21.3,80.95,97.15,GMCC SZ65F1H,38,1
551,551100532249873650551,"78.5,80,81,82.5,83,85.5,87,90,89.5",21.5,81.42,97.61,GMCC SZ65F1H,38,1
551,551100149549841960551,"75.5,76,81,82,83,85.5,87,87.5,89,90.5,91",21.1,80.48,96.69,GMCC SZ65F1H,38,1
551,551100532249880110551,"80.5,82,82.5,84,86,87.5,86,90",20.7,79.54,95.77,GMCC SZ65F1H,38,1
551,551100532249915870551,"76.5,78,79,80.5,83,85.5,87,86",21.5,81.42,97.61,GMCC SZ65F1H,38,1
551,551100532249877410551,"80,81.5,83,83.5,84,87.5,90,88.5",21.1,80.48,96.69,GMCC SZ65F1H,38,1
551,551100532249914160551,"78,80,81,83.5,84.5,86,88,87.5",20.2,78.36,94.63,GMCC SZ65F1H,38,1
551,551100532249880870551,"74.5,79.5,76,80.5,82.5,85,84.5,86,87,88",20.4,78.83,95.08,GMCC SZ65F1H,38,1
551,551100532249916100551,"79.5,80.5,82.5,85,86.5,88,90,90.5,92,92.5",21.6,81.66,97.83,GMCC SZ65F1H,38,1
551,551100532249912580551,"75.5,79,80.5,84,85,87,87.5,89,89.5",20.2,78.36,94.63,GMCC SZ65F1H,38,1
551,551100149549842240551,"74,76.5,79.5,80.5,81.5,82.5,84.5,85.5,86.5",21.0,80.25,96.46,GMCC SZ65F1H,38,1
551,551100532249875700551,"78,80,82.5,83.5,85,84,86.5,87,86.5,88",21.1,80.48,96.69,GMCC SZ65F1H,38,1
551,551100149549841840551,"76.5,76,78.5,81.5,82,84,87,86.5",21.2,80.72,96.92,GMCC SZ65F1H,38,1
551,551100532249914820551,"72.5,78,81,84.5,85.5,88,90,92.5",21.8,82.13,98.29,GMCC SZ65F1H,38,1
551,551100532249874000551,"74.5,83,83.5,86,85.5,87.5,89,89.5",21.6,81.66,97.83,GMCC SZ65F1H,38,1
551,551100532249878620551,"74,75,81.5,85,87.5,89,91.5,91,93",21.3,80.95,97.15,GMCC SZ65F1H,38,1
551,551100532249874580551,"73,80.5,80,81.5,82,83.5,85.5,87",21.2,80.72,96.92,GMCC SZ65F1H,38,1
551,551100149549842910551,"75.5,76.5,79.5,78,82,84,86.5",21.1,80.48,96.69,GMCC SZ65F1H,38,1
551,551100532249913200551,"74.5,75,77,78,79.5,83.5,84.5",20.1,78.13,94.4,GMCC SZ65F1H,38,1
551,551100149549843410551,"77.5,81,81.5,82,84,85.5",20.8,79.77,96.0,GMCC SZ65F1H,38,1
551,551100532249874070551,"74.5,79,82,85.5,87.5,88.5,91.5",21.7,81.89,98.06,GMCC SZ65F1H,38,1
551,551100149549841660551,"80,79.5,81,84,85,86.5,88.5,87.5",21.3,80.95,97.15,GMCC SZ65F1H,38,1
551,551100532249875440551,"78.5,76,77.5,80,81.5,82,84,85.5,87,87.5,88.5",21.1,80.48,96.69,GMCC SZ65F1H,38,1
551,551100532249874550551,"76,77.5,81,82.5,86,86.5,87.5,89",21.3,80.95,97.15,GMCC SZ65F1H,38,1
551,551100532249879070551,"79.5,80,83,84,86.5,89,88.5",20.9,80.01,96.23,GMCC SZ65F1H,38,1
551,551100532249879300551,"76.5,79.5,80.5,82.5,83,86,86.5",20.8,79.77,96.0,GMCC SZ65F1H,38,1
551,551100532249874680551,"72.5,76.5,80,83,82,85,87.5,88",21.1,80.48,96.69,GMCC SZ65F1H,38,1
551,551100149549842040551,"79.5,76,80,82,83,85,86.5,87.5,88,89.5",21.0,80.25,96.46,GMCC SZ65F1H,38,1
551,551100149549842630551,"75.5,76,78.5,80,81.5,84.5,86.5,87.5",21.1,80.48,96.69,GMCC SZ65F1H,38,1
551,551100532249874260551,"80.5,77.5,82,83,84.5,87,89.5,89",21.6,81.66,97.83,GMCC SZ65F1H,38,1
551,551100532249875930551,"68.5,72.5,73,76.5,77,80.5,81,82,83.5",21.1,80.48,96.69,GMCC SZ65F1H,38,1
551,551100149549841700551,"80.5,81.5,84,84.5,87.5,89,91,91.5,90",21.3,80.95,97.15,GMCC SZ65F1H,38,1
551,551100149549842120551,"78.5,80.5,80,81,83.5,86,88.5,88",21.1,80.48,96.69,GMCC SZ65F1H,38,1
551,551100532249880180551,"79,78,81,84.5,83.5,85,86,88,87",20.6,79.3,95.54,GMCC SZ65F1H,38,1
551,551100149549841750551,"79,80.5,83,84.5,85,88.5,90.5,92",21.2,80.72,96.92,GMCC SZ65F1H,38,1
551,551100532249880780551,"77.5,76,74.5,77,79.5,79,80,83",20.4,78.83,95.08,GMCC SZ65F1H,38,1
551,551100532249912700551,"70.5,78,82,83,84,84.5",20.2,78.36,94.63,GMCC SZ65F1H,38,1
551,551100149549841880551,"76,77.5,80,81,84.5,84,87,86.5",21.2,80.72,96.92,GMCC SZ65F1H,38,1
551,551100532249875840551,"76.5,78.5,81,83,85,87,88.5,90",21.1,80.48,96.69,GMCC SZ65F1H,38,1
551,551100532249873700551,"79.5,80,80.5,82.5,85,87,85",21.5,81.42,97.61,GMCC SZ65F1H,38,1
551,551100149549842430551,"76.5,77.5,77,80,81.5,81,82.5,84.5,83.5,86.5",21.1,80.48,96.69,GMCC SZ65F1H,38,1
551,551100532249881800551,"79.5,82.5,83.5,85,86.5,88,89,90",21.6,81.66,97.83,GMCC SZ65F1H,38,1
551,551100532249916380551,"81.5,80,82,80,85,87.5,89,90.5,91,92.5",21.5,81.42,97.61,GMCC SZ65F1H,38,1
551,551100532249875660551,"78.5,76.5,78,80.5,82,82.5,85,86,87",21.1,80.48,96.69,GMCC SZ65F1H,38,1
551,551100149549843120551,"78,80.5,82,84,86,88,90.5,90",21.0,80.25,96.46,GMCC SZ65F1H,38,1
551,551100532249913850551,"77.5,79.5,80.5,81,83,84,86.5,84.5",20.2,78.36,94.63,GMCC SZ65F1H,38,1
551,551100532249874890551,"76.5,78,80,81,82.5,84.5,85,85.5,86",21.1,80.48,96.69,GMCC SZ65F1H,38,1
551,551100532249874160551,"73.5,75,79,80.5,82.5,84,85,86.5,88.5",21.6,81.66,97.83,GMCC SZ65F1H,38,1
551,551100532249880920551,"74,77,77.5,80,81,83.5",20.4,78.83,95.08,GMCC SZ65F1H,38,1
551,551100532249879050551,"77.5,79.5,80.5,83.5,85,86.5,88.5,89",21.0,80.25,96.46,GMCC SZ65F1H,38,1
551,551100532249912770551,"73,79,81,82.5,85,86,87.5",20.1,78.13,94.4,GMCC SZ65F1H,38,1
551,551100532249877560551,"76.5,78,79,84,85,86,87,87.5,89",21.1,80.48,96.69,GMCC SZ65F1H,38,1
551,551100532249875400551,"79,81.5,83.5,85.5,86.5,89,90.5,88.5",21.1,80.48,96.69,GMCC SZ65F1H,38,1
551,551100149549841790551,"74.5,75,76.5,79,79.5,82.5,83.5,86",21.2,80.72,96.92,GMCC SZ65F1H,38,1
551,551100149549841710551,"80.5,80,81,81.5,85,86.5,88,87.5",21.3,80.95,97.15,GMCC SZ65F1H,38,1
551,551100149549841730551,"76,76.5,79.5,82,83.5,84.5,86,88,87",21.2,80.72,96.92,GMCC SZ65F1H,38,1
551,551100532249877170551,"77.5,78.5,81,83,86,88,89.5,88.5",21.1,80.48,96.69,GMCC SZ65F1H,38,1
551,551100149549841740551,"79,80.5,79.5,83.5,85,86.5,89,89.5",21.2,80.72,96.92,GMCC SZ65F1H,38,1
551,551100149549841920551,"73.5,75,75.5,79,81,82.5,83,85,86,86.5",21.1,80.48,96.69,GMCC SZ65F1H,38,1
551,551100532249913590551,"75.5,76.5,77.5,77,81,82.5,84.5,83.5",20.2,78.36,94.63,GMCC SZ65F1H,38,1
551,551100532249876000551,"75,77,80.5,81.5,83,85.5,86",21.1,80.48,96.69,GMCC SZ65F1H,38,1
551,551100149549843010551,"74.5,76,78.5,79,81,84.5,83.5",21.0,80.25,96.46,GMCC SZ65F1H,38,1
551,551100532249876450551,"73.5,77,78.5,81,83,83.5,86.5,87.5",21.5,81.42,97.61,GMCC SZ65F1H,38,1
551,551100532249881380551,"80,85,83.5,84.5,87,88,89,91.5,93",21.6,81.66,97.83,GMCC SZ65F1H,38,1
551,551100149549842520551,"78,74,77,76,80.5,83,83.5,84.5,87.5",21.1,80.48,96.69,GMCC SZ65F1H,38,1
551,551100532249877880551,"75,77.5,80.5,81,85,83.5",21.0,80.25,96.46,GMCC SZ65F1H,38,1
551,551100532249913520551,"77.5,78,80,82,83.5,85.5,87,87.5,87",20.2,78.36,94.63,GMCC SZ65F1H,38,1
551,551100532249877620551,"77.5,81,82,83,86.5,87,89.5,88.5",21.1,80.48,96.69,GMCC SZ65F1H,38,1
551,551100532249874840551,"79.5,81,82,83,85,86.5,88.5,86.5",21.2,80.72,96.92,GMCC SZ65F1H,38,1
551,551100149549841760551,"74.5,78,79,82,83.5,85,88.5,88",21.2,80.72,96.92,GMCC SZ65F1H,38,1
551,551100532249880120551,"79.5,80.5,81,84,86,85.5,88.5,89",20.7,79.54,95.77,GMCC SZ65F1H,38,1
551,551100532249877360551,"78,79.5,82.5,83,86,87.5,89,87.5",21.1,80.48,96.69,GMCC SZ65F1H,38,1
551,551100532249915880551,"75,77.5,80,82,84,85.5,86,89.5,88,89",21.5,81.42,97.61,GMCC SZ65F1H,38,1
551,551100149549842350551,"80.5,83,84,85,87.5,88.5,89,91",21.1,80.48,96.69,GMCC SZ65F1H,38,1
551,551100532249879230551,"80.5,81,80.5,81,82.5,84.5,86.5,86",20.7,79.54,95.77,GMCC SZ65F1H,38,1
551,551100149549842830551,"77.5,78,78.5,79,81.5,82.5,84.5,85",21.0,80.25,96.46,GMCC SZ65F1H,38,1
551,551100149549842980551,"73.5,76.5,77.5,79,82,82.5,83,83.5,84.5",21.1,80.48,96.69,GMCC SZ65F1H,38,1
551,551100532249877810551,"78,78.5,82,81.5,83.5,85,87,89.5",21.1,80.48,96.69,GMCC SZ65F1H,38,1
551,551100532249877310551,"76.5,81,82.5,85.5,87,88,88.5,89",21.1,80.48,96.69,GMCC SZ65F1H,38,1
551,551100149549842180551,"73,75,76.5,78.5,79.5,81,82,83.5,88,87.5",21.0,80.25,96.46,GMCC SZ65F1H,38,1
551,551100532249875330551,"79.5,81.5,82.5,84,86,88.5,88,89.5,90",21.0,80.25,96.46,GMCC SZ65F1H,38,1
551,551100149549841990551,"76,77.5,79.5,80,82.5,83,84.5,86.5,88.5,91,92",21.1,80.48,96.69,GMCC SZ65F1H,38,1
551,551100532249876990551,"77,78,80,81,82,85,84.5,89.5,86.5",21.2,80.72,96.92,GMCC SZ65F1H,38,1
551,551100149549842200551,"70,77.5,79.5,81,81.5,83,86,85",21.0,80.25,96.46,GMCC SZ65F1H,38,1
551,551100532249876370551,"72,80,78,80,81,82,83.5,85.5,86.5,87.5",21.6,81.66,97.83,GMCC SZ65F1H,38,1
551,551100532249882910551,"81,79,81,83,85,86,89.5,89,88.5",21.3,80.95,97.15,GMCC SZ65F1H,38,1
551,551100149549842570551,"79,78.5,81,81.5,82.5,83,85,86.5,87,88",21.1,80.48,96.69,GMCC SZ65F1H,38,1
551,551100532249874660551,"74,77.5,79.5,82.5,83.5,86,86.5,87.5",21.2,80.72,96.92,GMCC SZ65F1H,38,1
551,551100532249880980551,"70.5,74.5,78,81,80,81,82,83,84.5,86.5",20.4,78.83,95.08,GMCC SZ65F1H,38,1
551,551100532249875430551,"73,76.5,77,82,83,85,86,87,87.5,88.5",21.0,80.25,96.46,GMCC SZ65F1H,38,1
551,551100532249874240551,"75.5,79.5,82.5,86.5,89.5,90",21.5,81.42,97.61,GMCC SZ65F1H,38,1
551,551100532249916430551,"76.5,80,82.5,85.5,88,89,88",21.5,81.42,97.61,GMCC SZ65F1H,38,1
551,551100532249882960551,"73.5,78,80,81.5,83.5,85,86.5,87.5,87",21.3,80.95,97.15,GMCC SZ65F1H,38,1
551,551100532249916320551,"77,80.5,78.5,80,82,84,87,88.5",21.5,81.42,97.61,GMCC SZ65F1H,38,1
551,551100532249875080551,"73,79,81.5,85.5,88,89.5,90.5,93",21.1,80.48,96.69,GMCC SZ65F1H,38,1
551,551100532249914550551,"69.5,75,74.5,76.5,77.5,79,81,82",20.1,78.13,94.4,GMCC SZ65F1H,38,1
551,551100532249882460551,"76,81,82.5,83.5,86,86.5,90",21.5,81.42,97.61,GMCC SZ65F1H,38,1
551,551100149549841800551,"75.5,77,79.5,81.5,82,83,84.5,85.5",21.6,81.66,97.83,GMCC SZ65F1H,38,1
551,551100149549842790551,"78,79,79.5,81,84.5,86,87",21.0,80.25,96.46,GMCC SZ65F1H,38,1
551,551100532249880470551,"76.5,78.5,81.5,80.5,83.5,85,85.5,87",20.5,79.07,95.31,GMCC SZ65F1H,38,1
551,551100149549843360551,"76,79,79.5,79,80.5,82,83.5,84",20.8,79.77,96.0,GMCC SZ65F1H,38,1
551,551100149549842080551,"81.5,85,87.5,90.5,92,94.5,93.5",21.0,80.25,96.46,GMCC SZ65F1H,38,1
551,551100149549842810551,"78,77,79,82,83.5,84.5,87,87.5,89.5",21.0,80.25,96.46,GMCC SZ65F1H,38,1
551,551100532249873590551,"73.5,77.5,79,81,82,85,87",21.6,81.66,97.83,GMCC SZ65F1H,38,1
551,551100532249877570551,"78.5,80,83,85,85.5,87,91,90.5",21.0,80.25,96.46,GMCC SZ65F1H,38,1
551,551100532249876660551,"76,79,81,82.5,86.5,86,88.5,89,89.5",21.3,80.95,97.15,GMCC SZ65F1H,38,1
551,551100532249876390551,"76.5,79,80,82,83,83.5,85,87",21.6,81.66,97.83,GMCC SZ65F1H,38,1
551,551100532249879200551,"77.5,78,77,78,81,81.5,82,85",21.1,80.48,96.69,GMCC SZ65F1H,38,1
551,551100532249879450551,"77.5,81.5,82.5,86.5,87,88.5,93,91.5",20.7,79.54,95.77,GMCC SZ65F1H,38,1
551,551100532249880270551,"82,81.5,84,83.5,85.5,86,88.5,88,90.5,92",21.2,80.72,96.92,GMCC SZ65F1H,38,1
551,551100532249876320551,"76,78,82.5,81,83.5,84.5,87,88,89.5,90.5",21.6,81.66,97.83,GMCC SZ65F1H,38,1
551,551100149549843250551,"77.5,79,80.5,84,85,84.5,85.5,86.5,88,87.5",20.9,80.01,96.23,GMCC SZ65F1H,38,1
551,551100149549843000551,"73,75,77.5,77,79,80,82,85,83.5",21.2,80.72,96.92,GMCC SZ65F1H,38,1
551,551100532249877820551,"77,79.5,78,82,82.5,84,84.5,85.5,86,86.5,88.5,87.5",20.9,80.01,96.23,GMCC SZ65F1H,38,1
551,551100532249883380551,"77.5,79,81,82,85.5,86.5,89.5,89",21.5,81.42,97.61,GMCC SZ65F1H,38,1
551,551100532249914920551,"79,82.5,83.5,84.5,85.5,88.5,90.5,92.5",21.9,82.37,98.52,GMCC SZ65F1H,38,1
551,551100532249874370551,"76,78.5,79.5,81.5,83.5,85.5,86.5,87",21.4,81.19,97.38,GMCC SZ65F1H,38,1
551,551100149549843690551,"74,78.5,79.5,80,80.5,82.5,83,85.5,88,87.5",21.1,80.48,96.69,GMCC SZ65F1H,38,1
551,551100532249881260551,"80,83,85.5,87,88.5,91.5,93,93.5",21.7,81.89,98.06,GMCC SZ65F1H,38,1
551,551100532249881670551,"73,76.5,78,83.5,85,89,89.5,89",21.5,81.42,97.61,GMCC SZ65F1H,38,1
551,551100532249875810551,"75.5,77.5,78.5,80,81,83,84",21.1,80.48,96.69,GMCC SZ65F1H,38,1
551,551100532249873640551,"78,78.5,82,83,82.5,84,86.5,88.5,88",21.5,81.42,97.61,GMCC SZ65F1H,38,1
551,551100532249914180551,"73.5,74,79.5,82,80.5,83,84,86.5,87.5",20.1,78.13,94.4,GMCC SZ65F1H,38,1
551,551100149549842740551,"79,77.5,79.5,82,84.5,86,87.5,87,87.5,89.5",21.0,80.25,96.46,GMCC SZ65F1H,38,1
551,551100532249876420551,"75.5,80,81,79.5,83.5,83,86,87.5,90,91",21.5,81.42,97.61,GMCC SZ65F1H,38,1
551,551100532249874480551,"77.5,79.5,80.5,83.5,84,87.5,88.5,89",21.2,80.72,96.92,GMCC SZ65F1H,38,1
551,551100532249916440551,"83.5,86.5,88,90,92.5",21.5,81.42,97.61,GMCC SZ65F1H,38,1
551,551100149549841940551,"75.5,78.5,78,83.5,85.5,87.5,89.5,91,91.5,92",21.1,80.48,96.69,GMCC SZ65F1H,38,1
551,551100149549843160551,"78,78.5,82,84,85,87,90",21.0,80.25,96.46,GMCC SZ65F1H,38,1
551,551100149549842930551,"78.5,79,80.5,82,83.5,86,85.5",21.0,80.25,96.46,GMCC SZ65F1H,38,1
551,551100532249877180551,"79,81.5,80.5,82.5,83,84.5,87,86.5,87",21.1,80.48,96.69,GMCC SZ65F1H,38,1
551,551100532249877340551,"80.5,81,83.5,87,88,89.5,90.5,92",21.1,80.48,96.69,GMCC SZ65F1H,38,1
551,551100149549842960551,"75.5,80,79.5,80,82.5,84,85,86,88,88.5,89,89.5",21.1,80.48,96.69,GMCC SZ65F1H,38,1
551,551100149549842770551,"80,81,84,85,86.5,87.5",21.0,80.25,96.46,GMCC SZ65F1H,38,1
551,551100149549842110551,"76.5,78,80,80.5,84,84.5,85.5,87",21.5,81.42,97.61,GMCC SZ65F1H,38,1
551,551100149549842220551,"77,76,77,77.5,79,81.5,84.5,84,85.5",21.0,80.25,96.46,GMCC SZ65F1H,38,1
551,551100532249881410551,"78,80.5,79.5,80,81.5,84,85.5,86.5,87.5",21.6,81.66,97.83,GMCC SZ65F1H,38,1
551,551100532249874620551,"74,74.5,75.5,79.5,83.5,83,83.5,85.5,86,87.5",21.2,80.72,96.92,GMCC SZ65F1H,38,1
551,551100532249874610551,"76,81,83.5,83,84.5,87.5,89,88.5",21.2,80.72,96.92,GMCC SZ65F1H,38,1
551,551100149549842970551,"81.5,82,83.5,85,87.5,88.5,90",21.0,80.25,96.46,GMCC SZ65F1H,38,1
551,551100532249881060551,"72.5,77.5,76.5,79,82,83,85,85.5,86.5,84.5",20.4,78.83,95.08,GMCC SZ65F1H,38,1
551,551100532249874930551,"78,81.5,80,82.5,85.5,86.5,88,89,90.5",21.2,80.72,96.92,GMCC SZ65F1H,38,1
551,551100149549842160551,"78,79.5,81,81.5,83.5,86.5,88,88.5",21.0,80.25,96.46,GMCC SZ65F1H,38,1
551,551100532249882280551,"73,77.5,78,80.5,82,84.5,87,86",21.4,81.19,97.38,GMCC SZ65F1H,38,1
551,551100149549842690551,"73,77,78,82.5,84,87,85",21.1,80.48,96.69,GMCC SZ65F1H,38,1
551,551100532249874850551,"74.5,75,78.5,83,84.5,84,89,89.5",21.2,80.72,96.92,GMCC SZ65F1H,38,1
551,551100532249880970551,"71,74,77,82,84.5,85,86.5",20.4,78.83,95.08,GMCC SZ65F1H,38,1
551,551100532249873730551,"80,81.5,83.5,85,87.5,89,91,90",21.5,81.42,97.61,GMCC SZ65F1H,38,1
551,551100532249874990551,"73.5,76.5,82,80.5,82.5,82,84.5,85",21.2,80.72,96.92,GMCC SZ65F1H,38,1
551,551100149549843260551,"74,75.5,78,81,82,82.5,84",20.9,80.01,96.23,GMCC SZ65F1H,38,1
551,551100532249877200551,"82,79.5,84.5,85,86.5,88,89.5,91",21.1,80.48,96.69,GMCC SZ65F1H,38,1
551,551100149549843060551,"76.5,79.5,82.5,83.5,86,87.5,87",20.9,80.01,96.23,GMCC SZ65F1H,38,1
551,551100532249882350551,"72.5,74,74.5,78.5,81,84.5,85,87,88",21.4,81.19,97.38,GMCC SZ65F1H,38,1
551,551100149549843080551,"75,78.5,81.5,82.5,83.5,87,89,87",20.9,80.01,96.23,GMCC SZ65F1H,38,1
551,551100149549843090551,"67.5,71.5,73.5,74.5,78,77.5,79.5,80.5,82",21.1,80.48,96.69,GMCC SZ65F1H,38,1
551,551100149549843130551,"75,79,79.5,80.5,83,84.5,87,86.5",20.9,80.01,96.23,GMCC SZ65F1H,38,1
551,551100149549842280551,"72.5,74,78.5,79.5,81.5,84.5,85.5,87.5",21.0,80.25,96.46,GMCC SZ65F1H,38,1
551,551100532249913810551,"77,78,78.5,80.5,82.5,83,85.5,88",20.2,78.36,94.63,GMCC SZ65F1H,38,1
551,551100532249878030551,"76,79,80.5,83.5,87,86,88.5,91,91.5",21.0,80.25,96.46,GMCC SZ65F1H,38,1
551,551100149549843310551,"74,75.5,74,74.5,76,77.5,79,80.5,81.5",20.8,79.77,96.0,GMCC SZ65F1H,38,1
551,551100532249875190551,"74.5,76,77.5,77,78,79,82,83,84.5,85.5",21.0,80.25,96.46,GMCC SZ65F1H,38,1
551,551100532249914530551,"71,75,76,79,78.5,79.5,80,80.5,81.5",20.1,78.13,94.4,GMCC SZ65F1H,38,1
551,551100532249873710551,"77.5,78,78.5,81,83,88.5,86",21.5,81.42,97.61,GMCC SZ65F1H,38,1
551,551100532249915080551,"79,76,79,82.5,85.5,86.5,88,90,93,93.5,94",21.8,82.13,98.29,GMCC SZ65F1H,38,1
551,551100532249882150551,"76.5,79.5,81.5,84,84.5,85.5,87,86.5",21.5,81.42,97.61,GMCC SZ65F1H,38,1
551,551100532249873550551,"77,77.5,79,82,84,83.5,86.5,85.5,87.5",21.5,81.42,97.61,GMCC SZ65F1H,38,1
551,551100532249916150551,"81,84,86,89,90.5,89",21.5,81.42,97.61,GMCC SZ65F1H,38,1
551,551100149549843240551,"75,80,81,82,85.5,88.5,89,88.5",21.0,80.25,96.46,GMCC SZ65F1H,38,1
551,551100532249873610551,"79.5,80.5,81.5,84.5,85,87.5,89.5,89",21.5,81.42,97.61,GMCC SZ65F1H,38,1
551,551100532249877000551,"78.5,75.5,77.5,78,79.5,84,86,87.5,88.5",21.1,80.48,96.69,GMCC SZ65F1H,38,1
551,551100149549843170551,"70.5,73.5,74.5,78,78.5,80.5",20.8,79.77,96.0,GMCC SZ65F1H,38,1
551,551100532249881980551,"74,77,78.5,81,80.5,83,85,86.5",21.4,81.19,97.38,GMCC SZ65F1H,38,1
551,551100532249881560551,"70,73,79,80,83,84,84.5,85.5,86.5",21.6,81.66,97.83,GMCC SZ65F1H,38,1
551,551100532249875650551,"75.5,79.5,81,83,85,85.5,87.5,88.5",21.1,80.48,96.69,GMCC SZ65F1H,38,1
551,551100149549843180551,"79,80.5,81.5,83,84,86,82.5",21.0,80.25,96.46,GMCC SZ65F1H,38,1
551,551100532249877230551,"79,80.5,82,84.5,85.5,87.5,89.5",21.1,80.48,96.69,GMCC SZ65F1H,38,1
551,551100532249873660551,"80,83,81,82,82.5,84.5,86.5,88,89",21.5,81.42,97.61,GMCC SZ65F1H,38,1
551,551100149549842010551,"77,79,82.5,83,85.5,86,87.5,87",21.3,80.95,97.15,GMCC SZ65F1H,38,1
551,551100532249914990551,"76,77,77.5,80,81.5,82.5,84,86.5,87.5",21.8,82.13,98.29,GMCC SZ65F1H,38,1
551,551100149549843200551,"77.5,78.5,80,80.5,83,84,86,86.5,86",20.9,80.01,96.23,GMCC SZ65F1H,38,1
551,551100149549842090551,"81,79,83,85,85.5,87.5,90.5,91",21.1,80.48,96.69,GMCC SZ65F1H,38,1
551,551100532249875540551,"76.5,79.5,80,81.5,83,85,86,89,87.5",21.1,80.48,96.69,GMCC SZ65F1H,38,1
551,551100532249915750551,"79,81.5,81,82.5,83,85,88,88.5,92,93.5",21.5,81.42,97.61,GMCC SZ65F1H,38,1
551,551100532249874860551,"76,78,80,82,85,87,90,89.5",21.2,80.72,96.92,GMCC SZ65F1H,38,1
551,551100532249874970551,"73.5,75,78.5,80,82,83,85.5,86,87",21.1,80.48,96.69,GMCC SZ65F1H,38,1
551,551100532249874090551,"77.5,78.5,81.5,83,84,85.5,87,89,88.5,90,90.5",21.6,81.66,97.83,GMCC SZ65F1H,38,1
551,551100149549843210551,"74.5,77.5,78.5,80.5,84,84.5,85,84",21.0,80.25,96.46,GMCC SZ65F1H,38,1
551,551100532249877530551,"77.5,80,81.5,82.5,84.5,84,85.5,85",21.0,80.25,96.46,GMCC SZ65F1H,38,1
551,551100532249874450551,"76.5,79.5,80.5,81.5,83.5,86.5,87,88",21.4,81.19,97.38,GMCC SZ65F1H,38,1
551,551100532249881360551,"77.5,80,82.5,83.5,86,86.5,90,91",21.7,81.89,98.06,GMCC SZ65F1H,38,1
551,551100532249873780551,"81,80.5,83.5,85,86.5,86,88,88.5,89.5",21.5,81.42,97.61,GMCC SZ65F1H,38,1
551,551100149549843400551,"75.5,79,80.5,82.5,84.5,85,87.5,88",20.9,80.01,96.23,GMCC SZ65F1H,38,1
551,551100532249881750551,"76,79,79.5,83,86,87.5",21.4,81.19,97.38,GMCC SZ65F1H,38,1
551,551100532249874430551,"79,75.5,79,79.5,80,80.5,84.5,85.5,87,87.5",21.3,80.95,97.15,GMCC SZ65F1H,38,1
551,551100532249916240551,"79,75,78,75.5,79,81,82.5,83.5,86,85,86.5,87",21.5,81.42,97.61,GMCC SZ65F1H,38,1
551,551100532249874300551,"79,81,83,84.5,85.5,84.5,86.5,89.5",21.4,81.19,97.38,GMCC SZ65F1H,38,1
551,551100149549843420551,"76,76.5,77.5,78,79,81,82",20.8,79.77,96.0,GMCC SZ65F1H,38,1
551,551100149549842420551,"73,72.5,77.5,81,82,83.5,85,87",21.1,80.48,96.69,GMCC SZ65F1H,38,1
551,551100532249876930551,"78.5,80,82.5,83.5,85,87,87.5,88",21.2,80.72,96.92,GMCC SZ65F1H,38,1
551,551100532249881230551,"76.5,79,81,83.5,85,87.5,89.5",21.7,81.89,98.06,GMCC SZ65F1H,38,1
551,551100532249882490551,"75.5,79,81,83,85,86.5",21.3,80.95,97.15,GMCC SZ65F1H,38,1
551,551100149549842480551,"80.5,75.5,79,79.5,83,84,87,87.5",21.1,80.48,96.69,GMCC SZ65F1H,38,1
551,551100532249874960551,"77.5,78.5,80,84.5,86.5,87.5,88.5,89,89.5",21.1,80.48,96.69,GMCC SZ65F1H,38,1
551,551100532249878690551,"81,80.5,82.5,84.5,85.5,87.5,89,90,89.5,91",21.1,80.48,96.69,GMCC SZ65F1H,38,1
551,551100532249873530551,"74.5,80.5,81,83,84.5,86.5,89,88",21.5,81.42,97.61,GMCC SZ65F1H,38,1
551,551100532249874420551,"78.5,81.5,83.5,84.5,85,88.5,89",21.4,81.19,97.38,GMCC SZ65F1H,38,1
551,551100532249875390551,"81,84.5,85.5,87.5,89,90",21.1,80.48,96.69,GMCC SZ65F1H,38,1
551,551100532249877460551,"76.5,74.5,77.5,79.5,83,81,83,84,85,86.5",21.0,80.25,96.46,GMCC SZ65F1H,38,1
551,551100532249875200551,"78,84.5,83.5,82.5,88,89.5,88",21.1,80.48,96.69,GMCC SZ65F1H,38,1
551,551100532249874730551,"76,79.5,80.5,82,83,85,87,88.5,91.5",21.1,80.48,96.69,GMCC SZ65F1H,38,1
551,551100532249878820551,"73.5,77,78.5,82.5,82,82.5,85.5,84.5",20.8,79.77,96.0,GMCC SZ65F1H,38,1
551,551100532249913380551,"75,71.5,77.5,76,79,78.5,80.5,81,82,85,85.5,87",20.3,78.6,94.86,GMCC SZ65F1H,38,1
551,551100532249876650551,"77,79,81,84.5,82.5,84.5,86,87.5,87,88",21.3,80.95,97.15,GMCC SZ65F1H,38,1
551,551100532249915940551,"77.5,75.5,81,81.5,84,85,85.5,86,88",21.5,81.42,97.61,GMCC SZ65F1H,38,1
551,551100532249873480551,"81,83.5,82.5,85,85.5,86,87.5,90.5,89",21.5,81.42,97.61,GMCC SZ65F1H,38,1
551,551100532249875500551,"76.5,74,78.5,80,84,84.5,88,89",21.1,80.48,96.69,GMCC SZ65F1H,38,1
551,551100532249881550551,"76,77,78,79,80,84,86,86.5",21.6,81.66,97.83,GMCC SZ65F1H,38,1
551,551100149549842330551,"74.5,76,78,77.5,80.5,83.5,84.5,87.5,88.5,87.5",21.1,80.48,96.69,GMCC SZ65F1H,38,1
551,551100532249873520551,"82.5,81,84,85.5,89.5,90,91,92",21.5,81.42,97.61,GMCC SZ65F1H,38,1
551,551100532249878770551,"80,79.5,81,84.5,86.5,87.5,88.5,90.5",21.2,80.72,96.92,GMCC SZ65F1H,38,1
551,551100532249879590551,"77.5,81,80.5,82.5,84.5,86.5,87.5,89",20.7,79.54,95.77,GMCC SZ65F1H,38,1
551,551100532249873570551,"76,79,83.5,85,86,88,91.5,90.5",21.5,81.42,97.61,GMCC SZ65F1H,38,1
551,551100532249873600551,"72.5,77.5,80,81.5,83.5,84.5,85.5,86.5,86,87",21.5,81.42,97.61,GMCC SZ65F1H,38,1
551,551100532249913290551,"79,78.5,81.5,83,83.5,87,86.5,88.5,89.5,90.5",20.2,78.36,94.63,GMCC SZ65F1H,38,1
551,551100149549841860551,"77,79,80.5,79.5,82,83,84,86.5,85",21.2,80.72,96.92,GMCC SZ65F1H,38,1
551,551100532249880400551,"79,80.5,81,83,84.5,85.5,88.5,87",20.7,79.54,95.77,GMCC SZ65F1H,38,1
551,551100532249875460551,"79.5,81.5,83,86,86.5,88.5,89.5,90.5",21.1,80.48,96.69,GMCC SZ65F1H,38,1
551,551100532249873670551,"78,71.5,76,79.5,80,82,83.5,84.5",21.5,81.42,97.61,GMCC SZ65F1H,38,1
551,551100532249874740551,"76,78,79.5,80.5,82,85,86.5,87",21.1,80.48,96.69,GMCC SZ65F1H,38,1
551,551100532249874510551,"78,79.5,81,84,86,87.5,88.5",21.4,81.19,97.38,GMCC SZ65F1H,38,1
551,551100532249873680551,"76,77.5,79.5,78.5,81.5,82,85,86",21.5,81.42,97.61,GMCC SZ65F1H,38,1
551,551100532249913140551,"74,79.5,80.5,82.5,83,85,86.5,87",20.2,78.36,94.63,GMCC SZ65F1H,38,1
551,551100149549841720551,"79,82,85,86,88.5,90.5,90",21.3,80.95,97.15,GMCC SZ65F1H,38,1
551,551100532249873690551,"72,77,79.5,82.5,86,85,87,87.5",21.5,81.42,97.61,GMCC SZ65F1H,38,1
551,551100532249876070551,"75,75.5,77.5,78.5,79,81.5,84",21.1,80.48,96.69,GMCC SZ65F1H,38,1
551,551100532249878220551,"78,77.5,79,82,83.5,86.5,87",20.8,79.77,96.0,GMCC SZ65F1H,38,1
551,551100532249882990551,"79,80,82.5,82,84.5,85.5,86.5,88.5",21.3,80.95,97.15,GMCC SZ65F1H,38,1
551,551100532249883340551,"72.5,76,76.5,79.5,80.5,83.5,84.5,86.5",21.5,81.42,97.61,GMCC SZ65F1H,38,1
551,551100532249874100551,"76.5,77,78.5,80,82,84.5,87,85.5,87,89",21.6,81.66,97.83,GMCC SZ65F1H,38,1
551,551100149549842030551,"80,81,83.5,85.5,87,88.5,87,88",21.1,80.48,96.69,GMCC SZ65F1H,38,1
551,551100532249874130551,"78,79,81.5,82,85,86.5,87.5,91.5,91",21.6,81.66,97.83,GMCC SZ65F1H,38,1
551,551100532249875900551,"77.5,83.5,82,83,86.5,86,87.5,87,89",21.0,80.25,96.46,GMCC SZ65F1H,38,1
551,551100532249876710551,"75,74.5,76,80,82,84.5,83.5,87,88",21.4,81.19,97.38,GMCC SZ65F1H,38,1
551,551100532249879310551,"76.5,76.5,77.5,77.5,80,80,81,81,81.5,81.5,82.5,82.5,84.5,84.5,85,85",21.0,80.25,96.46,GMCC SZ65F1H,38,1
551,551100532249873510551,"80.5,81,82.5,85,86,89,90,91",21.5,81.42,97.61,GMCC SZ65F1H,38,1
551,551100532249915310551,"81,81.5,83,86.5,89,90,91,93,94",21.8,82.13,98.29,GMCC SZ65F1H,38,1
551,551100532249879460551,"82,85,86,89,90.5,90,92",20.7,79.54,95.77,GMCC SZ65F1H,38,1
551,551100532249873620551,"81,79.5,80.5,83.5,85.5,87.5,89.5,90.5,94",21.5,81.42,97.61,GMCC SZ65F1H,38,1
551,551100149549841780551,"78.5,77,81,82.5,83.5,85.5,89,91.5",21.2,80.72,96.92,GMCC SZ65F1H,38,1
551,551100532249878070551,"77.5,78,80.5,82,82.5,84.5,85,88.5",20.9,80.01,96.23,GMCC SZ65F1H,38,1
551,551100532249875860551,"78.5,79,78,79.5,80.5,82.5,83,85.5,86.5,89",21.0,80.25,96.46,GMCC SZ65F1H,38,1
551,551100532249874040551,"69.5,76.5,76,76.5,79,80.5,83,85,86.5",21.5,81.42,97.61,GMCC SZ65F1H,38,1
551,551100532249874120551,"77,78,79.5,82.5,88.5,88,90",21.6,81.66,97.83,GMCC SZ65F1H,38,1
551,551100532249879480551,"80,81,82.5,85.5,88.5,90,92.5,93.5",20.7,79.54,95.77,GMCC SZ65F1H,38,1
551,551100532249878610551,"74.5,77.5,78.5,81,83,82,86,86.5,88,89,91",21.3,80.95,97.15,GMCC SZ65F1H,38,1
551,551100532249882610551,"79.5,75.5,80.5,81.5,83.5,86.5,86,86.5",21.3,80.95,97.15,GMCC SZ65F1H,38,1
551,551100532249877050551,"78.5,81.5,83.5,83,87.5,89.5,92.5,92",21.1,80.48,96.69,GMCC SZ65F1H,38,1
551,551100532249875070551,"76.5,79,83.5,85,84.5,86,87.5,88.5,87.5",21.1,80.48,96.69,GMCC SZ65F1H,38,1
551,551100532249878910551,"79.5,77.5,78,80,81.5,80,84.5,85,87.5",21.1,80.48,96.69,GMCC SZ65F1H,38,1
551,551100149549842190551,"73,75.5,76.5,78.5,82,83.5,88.5,87.5",21.0,80.25,96.46,GMCC SZ65F1H,38,1
551,551100532249876630551,"76,79,80.5,81.5,82,85,85.5,89,90.5",21.4,81.19,97.38,GMCC SZ65F1H,38,1
551,551100532249876960551,"74.5,76,79,81,83,83.5,84,88,90.5",21.1,80.48,96.69,GMCC SZ65F1H,38,1
551,551100532249874230551,"73.5,75.5,81.5,83.5,84,87,88.5,89.5",21.6,81.66,97.83,GMCC SZ65F1H,38,1
551,551100532249874250551,"76,78.5,79,81.5,83.5,85.5,87.5,88",21.4,81.19,97.38,GMCC SZ65F1H,38,1
551,551100532249877500551,"75.5,76.5,78,79,79.5,79,80,83,83.5,85",21.0,80.25,96.46,GMCC SZ65F1H,38,1
551,551100532249874280551,"77,78.5,80,81.5,82.5,85,85.5,87",21.5,81.42,97.61,GMCC SZ65F1H,38,1
551,551100532249915200551,"77.5,81.5,82.5,85,84.5,88,89.5,92",21.7,81.89,98.06,GMCC SZ65F1H,38,1
551,551100532249878090551,"79.5,77.5,81.5,82.5,84.5,86.5,89.5,87",20.8,79.77,96.0,GMCC SZ65F1H,38,1
551,551100532249881850551,"74,76.5,76,78,82,83,83.5,85",21.5,81.42,97.61,GMCC SZ65F1H,38,1
551,551100532249874310551,"76.5,77,79.5,82,84,87,88,89.5",21.4,81.19,97.38,GMCC SZ65F1H,38,1
551,551100532249882700551,"78,80.5,82,83.5,85,87.5,87",21.3,80.95,97.15,GMCC SZ65F1H,38,1
551,551100532249882840551,"78,78.5,80.5,82,84,84.5",21.3,80.95,97.15,GMCC SZ65F1H,38,1
551,551100532249875890551,"76.5,81,78.5,81,80.5,82,83.5,84,86.5",21.1,80.48,96.69,GMCC SZ65F1H,38,1
551,551100532249874330551,"74,79,77.5,79,81.5,84.5,87,89.5,88",21.5,81.42,97.61,GMCC SZ65F1H,38,1
551,551100532249877450551,"74.5,77.5,80.5,85.5,87,88.5,92.5,89.5",21.0,80.25,96.46,GMCC SZ65F1H,38,1
551,551100532249874150551,"77,78,79.5,80,83,85.5,88.5,90.5,90",21.6,81.66,97.83,GMCC SZ65F1H,38,1
551,551100532249876350551,"78,81.5,79.5,82.5,84.5,84,85,87,88.5,89",21.6,81.66,97.83,GMCC SZ65F1H,38,1
551,551100532249915920551,"80,80.5,81.5,84,85.5,87.5,89.5,89",21.6,81.66,97.83,GMCC SZ65F1H,38,1
551,551100532249874170551,"72,77,80,84.5,85.5,88.5,91",21.5,81.42,97.61,GMCC SZ65F1H,38,1
551,551100149549842710551,"75,76.5,78,80.5,79.5,81,83,84.5,86.5",21.1,80.48,96.69,GMCC SZ65F1H,38,1
551,551100532249873540551,"82,81,83.5,85.5,87,88,90.5,89.5",21.5,81.42,97.61,GMCC SZ65F1H,38,1
551,551100532249914150551,"77,79,80,80.5,84,87,88,89,89.5",20.2,78.36,94.63,GMCC SZ65F1H,38,1
551,551100532249883200551,"68,73.5,72,76.5,78,79.5,80.5,83,85",21.3,80.95,97.15,GMCC SZ65F1H,38,1
551,551100149549843500551,"75.5,77.5,80,82.5,83.5,84.5,85.5,86.5",21.1,80.48,96.69,GMCC SZ65F1H,38,1
551,551100532249874590551,"76,73,77,79.5,85.5,83.5,85.5,86.5,89.5",21.2,80.72,96.92,GMCC SZ65F1H,38,1
551,551100532249874490551,"80.5,82.5,85.5,86,86.5,87,90.5",21.5,81.42,97.61,GMCC SZ65F1H,38,1
551,551100532249874520551,"76,79,80,82,83,86.5,87.5,88",21.2,80.72,96.92,GMCC SZ65F1H,38,1
551,551100532249913480551,"77,81,81.5,83.5,84,86.5,87,88.5,87,89.5,90.5",20.3,78.6,94.86,GMCC SZ65F1H,38,1
551,551100532249912690551,"74.5,77,79,81,84.5,83,85,86,85,87",20.2,78.36,94.63,GMCC SZ65F1H,38,1
551,551100532249874900551,"76.5,77,77.5,79.5,82,82.5,85.5,86.5,87",21.1,80.48,96.69,GMCC SZ65F1H,38,1
551,551100532249876950551,"76,77,79.5,82.5,85.5,88,90.5,94",21.1,80.48,96.69,GMCC SZ65F1H,38,1
551,551100532249882210551,"77,78,78.5,80.5,82,84,83.5,86,85.5",21.4,81.19,97.38,GMCC SZ65F1H,38,1
551,551100532249915440551,"76.5,77,81,84,85,88,88.5,89.5,90",21.6,81.66,97.83,GMCC SZ65F1H,38,1
551,551100532249874530551,"71,77,79,80.5,82.5,84.5,88,86.5",21.2,80.72,96.92,GMCC SZ65F1H,38,1
551,551100532249880140551,"78.5,80,81,83.5,84,87.5,87,88,90,89.5,90,91",20.6,79.3,95.54,GMCC SZ65F1H,38,1
551,551100532249914310551,"76,79,80,78.5,79.5,82.5,83,85.5",20.1,78.13,94.4,GMCC SZ65F1H,38,1
551,551100532249874540551,"82.5,82.5,83,83,85,85,87.5,87.5,89.5,89.5,93,93,91.5,91.5",21.5,81.42,97.61,GMCC SZ65F1H,38,1
551,551100532249915430551,"71.5,78,78.5,80.5,82.5,84.5,87,90.5",21.7,81.89,98.06,GMCC SZ65F1H,38,1
551,551100532249877680551,"80.5,82,81.5,83,83.5,85,86,88,87.5",21.1,80.48,96.69,GMCC SZ65F1H,38,1
551,551100532249877690551,"79.5,81.5,83,84,87,88,90,89,91",21.1,80.48,96.69,GMCC SZ65F1H,38,1
551,551100532249878660551,"76,77.5,78.5,80.5,84,87,87.5,90.5",21.3,80.95,97.15,GMCC SZ65F1H,38,1
551,551100532249873740551,"77.5,79,78.5,82,82.5,83,85,88",21.5,81.42,97.61,GMCC SZ65F1H,38,1
551,551100532249877710551,"79.5,83.5,86,88.5,89,90.5,92,92.5",21.1,80.48,96.69,GMCC SZ65F1H,38,1
551,551100149549842590551,"77.5,80,79,80.5,81.5,83.5,85.5,85",21.1,80.48,96.69,GMCC SZ65F1H,38,1
551,551100532249877720551,"76,78.5,81,84,88",20.9,80.01,96.23,GMCC SZ65F1H,38,1
551,551100532249882180551,"78.5,79,81.5,80.5,81,82,83.5,85,88.5",21.4,81.19,97.38,GMCC SZ65F1H,38,1
551,551100532249876780551,"76,78.5,82,81,83.5,85,85.5,86.5,85",21.4,81.19,97.38,GMCC SZ65F1H,38,1
551,551100532249877740551,"73,79.5,80,80.5,84,85.5,86.5,87.5,90",21.1,80.48,96.69,GMCC SZ65F1H,38,1
551,551100532249879330551,"79.5,83,81.5,82.5,86,88,89.5,88",20.7,79.54,95.77,GMCC SZ65F1H,38,1
551,551100532249882000551,"77,78,79,80.5,82.5,84,85,88",21.5,81.42,97.61,GMCC SZ65F1H,38,1
551,551100532249879580551,"80,83,84.5,87,88,90,91.5,93.5,92",21.6,81.66,97.83,GMCC SZ65F1H,38,1
551,551100532249877750551,"77.5,80.5,85.5,87,88,90,89",20.9,80.01,96.23,GMCC SZ65F1H,38,1
551,551100532249912760551,"74,76.5,77,80,81.5,82,83,84.5,85",20.1,78.13,94.4,GMCC SZ65F1H,38,1
551,551100532249882880551,"71.5,76,77,77.5,78.5,81.5,83.5,84.5",21.2,80.72,96.92,GMCC SZ65F1H,38,1
551,551100532249876430551,"73.5,70.5,71.5,75,77.5,78.5,79.5,80,79.5,81.5,82.5,83.5",21.1,80.48,96.69,GMCC SZ65F1H,38,1
551,551100532249875800551,"77.5,79.5,81.5,85.5,86.5,89,88.5",21.1,80.48,96.69,GMCC SZ65F1H,38,1
551,551100532249877790551,"79.5,80.5,82.5,82,81.5,84,85,86,85.5,89,87",20.9,80.01,96.23,GMCC SZ65F1H,38,1
551,551100532249879370551,"77.5,81,82.5,86,86.5,87,89,89.5",20.7,79.54,95.77,GMCC SZ65F1H,38,1
551,551100149549843150551,"77,78,79.5,81.5,83.5,86,85.5,86.5,88.5",21.0,80.25,96.46,GMCC SZ65F1H,38,1
551,551100532249877830551,"78.5,78.5,84,84,84.5,84.5,85,85,86.5,86.5,87.5,87.5,88.5,88.5",20.9,80.01,96.23,GMCC SZ65F1H,38,1
551,551100532249881790551,"77,78,80,79.5,81.5,83.5,86,85.5",20.9,80.01,96.23,GMCC SZ65F1H,38,1
551,551100532249882530551,"74.5,77,80,81.5,83,83.5",21.3,80.95,97.15,GMCC SZ65F1H,38,1
551,551100532249877840551,"80.5,83.5,82,83.5,86,87,88,89.5,88",20.9,80.01,96.23,GMCC SZ65F1H,38,1
551,551100532249877850551,"81.5,84,81.5,83.5,85.5,87,89,91,91.5",21.0,80.25,96.46,GMCC SZ65F1H,38,1
551,551100149549842780551,"74,78.5,80,85,85.5,86.5",21.0,80.25,96.46,GMCC SZ65F1H,38,1
551,551100149549841910551,"74.5,75.5,77.5,79,82,83,84,87,89",21.2,80.72,96.92,GMCC SZ65F1H,38,1
551,551100532249877900551,"77.5,80.5,83.5,84,85,89",20.9,80.01,96.23,GMCC SZ65F1H,38,1
551,551100532249877920551,"79.5,79.5,78.5,78.5,81.5,81.5,83.5,83.5,85,85,84.5,84.5,87.5,87.5,88.5,88.5",21.2,80.72,96.92,GMCC SZ65F1H,38,1
551,551100532249877950551,"80.5,81,81.5,84.5,87,88.5,90,91,91.5,92",21.1,80.48,96.69,GMCC SZ65F1H,38,1
551,551100532249877960551,"77.5,80,80.5,82.5,83,84.5,85.5,88.5,87.5",21.0,80.25,96.46,GMCC SZ65F1H,38,1
551,551100532249877970551,"77.5,78,80.5,83,84.5,87,88.5,90,91.5",20.9,80.01,96.23,GMCC SZ65F1H,38,1
551,551100532249877980551,"87.5,90,89,89.5,88,87,87.5,87,86.5",20.9,80.01,96.23,GMCC SZ65F1H,38,1
551,551100149549843370551,"78,77,79.5,82.5,83,86.5,90",21.0,80.25,96.46,GMCC SZ65F1H,38,1
551,551100149549842360551,"74,76.5,76,78,80,83,84",21.1,80.48,96.69,GMCC SZ65F1H,38,1
551,551100532249880280551,"80.5,80,81,82.5,83.5,84.5,85.5,86,87",21.1,80.48,96.69,GMCC SZ65F1H,38,1
551,551100532249878020551,"79,75.5,79,80.5,82,83.5,87.5",21.1,80.48,96.69,GMCC SZ65F1H,38,1
551,551100532249883350551,"76.5,77.5,80,80.5,81,85,86,85",21.5,81.42,97.61,GMCC SZ65F1H,38,1
551,551100532249878050551,"75.5,78,79.5,81.5,87.5,89,88.5,90",20.9,80.01,96.23,GMCC SZ65F1H,38,1
551,551100149549843030551,"76.5,78.5,81.5,80.5,82.5,83,83.5,84.5,86",21.0,80.25,96.46,GMCC SZ65F1H,38,1
551,551100532249878120551,"80,81.5,81,83,86,88.5,91.5,90",20.8,79.77,96.0,GMCC SZ65F1H,38,1
551,551100532249881810551,"74.5,74,77.5,79,80.5,82.5,85,87.5",21.5,81.42,97.61,GMCC SZ65F1H,38,1
551,551100532249913420551,"79.5,76,79.5,84,81,83,82,84",20.2,78.36,94.63,GMCC SZ65F1H,38,1
551,551100532249913220551,"81.5,78,83.5,87.5,88.5,91.5,93.5",20.2,78.36,94.63,GMCC SZ65F1H,38,1
551,551100532249878130551,"75.5,79,82,84.5,85,85.5,88,89",20.8,79.77,96.0,GMCC SZ65F1H,38,1
551,551100532249873630551,"82,82.5,83,86,88,88.5,88,89.5,91.5",21.5,81.42,97.61,GMCC SZ65F1H,38,1
551,551100532249878150551,"77,79.5,83,83.5,84.5,87,87.5",20.8,79.77,96.0,GMCC SZ65F1H,38,1
551,551100532249878160551,"75,78.5,79.5,81,82.5,82,86,83.5,85",20.8,79.77,96.0,GMCC SZ65F1H,38,1
551,551100532249878180551,"74,74.5,76,79,80.5,82.5,82,84.5,84,87",20.8,79.77,96.0,GMCC SZ65F1H,38,1
551,551100532249878200551,"73.5,76,78.5,79,79.5,82,84.5,85",20.8,79.77,96.0,GMCC SZ65F1H,38,1
551,551100532249878210551,"72.5,74.5,76,79.5,81.5,79.5,80.5,82.5,85.5",20.8,79.77,96.0,GMCC SZ65F1H,38,1
551,551100532249878230551,"75,78,81.5,82.5,84,84.5,86,87",20.8,79.77,96.0,GMCC SZ65F1H,38,1
551,551100532249875360551,"76.5,75.5,77.5,79,81.5,84,84.5,86,87",21.1,80.48,96.69,GMCC SZ65F1H,38,1
551,551100532249878240551,"78.5,75.5,79,79.5,81.5,83,83.5,85,87.5",20.8,79.77,96.0,GMCC SZ65F1H,38,1
551,551100532249914890551,"74.5,70.5,71,72.5,74.5,76.5,78.5",20.1,78.13,94.4,GMCC SZ65F1H,38,1
551,551100532249878250551,"79.5,80,81,83.5,84.5,85,86.5,88.5,91",21.1,80.48,96.69,GMCC SZ65F1H,38,1
551,551100532249878290551,"76.5,75.5,79,82,83,85.5,84.5,85.5,87.5",20.8,79.77,96.0,GMCC SZ65F1H,38,1
551,551100532249916450551,"79,80,81,83,85.5,88,89.5,89",21.5,81.42,97.61,GMCC SZ65F1H,38,1
551,551100532249878340551,"77.5,79,82.5,85,86.5,88.5,90.5,91",20.8,79.77,96.0,GMCC SZ65F1H,38,1
551,551100532249878350551,"77,76,78,82,84,87.5,88.5",20.8,79.77,96.0,GMCC SZ65F1H,38,1
551,551100149549842600551,"73.5,77,77.5,76.5,80,81.5,82.5,83.5,86,87.5",21.1,80.48,96.69,GMCC SZ65F1H,38,1
551,551100532249880820551,"72.5,77,76.5,77.5,78.5,81,84,85.5,87.5",20.4,78.83,95.08,GMCC SZ65F1H,38,1
551,551100532249878390551,"76,75,76.5,80,82,83,84.5,86.5",20.8,79.77,96.0,GMCC SZ65F1H,38,1
551,551100532249878410551,"75.5,79,81,82.5,84.5,86.5,86",20.8,79.77,96.0,GMCC SZ65F1H,38,1
551,551100532249878420551,"72.5,75.5,78,80,81.5,84,83.5,83,84.5",20.8,79.77,96.0,GMCC SZ65F1H,38,1
551,551100532249878480551,"75,79,83,84.5,87,88",20.9,80.01,96.23,GMCC SZ65F1H,38,1
551,551100532249913100551,"76.5,77,79,81,82.5,83,84.5,86,86.5,88.5",20.1,78.13,94.4,GMCC SZ65F1H,38,1
551,551100532249879560551,"80,85,84.5,85.5,87.5,88,89,92,91,92.5",20.6,79.3,95.54,GMCC SZ65F1H,38,1
551,551100532249879660551,"80,82,83,83.5,86,88.5,90",20.7,79.54,95.77,GMCC SZ65F1H,38,1
551,551100149549842700551,"79.5,80,81,82.5,83,83.5,85.5,87",21.1,80.48,96.69,GMCC SZ65F1H,38,1
551,551100532249882580551,"77.5,78,79.5,82.5,83.5,85.5,84.5",21.3,80.95,97.15,GMCC SZ65F1H,38,1
551,551100532249882370551,"74.5,78,81,81.5,83.5,85,87.5,85",21.3,80.95,97.15,GMCC SZ65F1H,38,1
551,551100532249878630551,"74,76,81.5,83.5,85,86.5,88.5,91.5",21.3,80.95,97.15,GMCC SZ65F1H,38,1
551,551100532249913980551,"73.5,75,79,79.5,81.5,82.5,83.5,85",20.2,78.36,94.63,GMCC SZ65F1H,38,1
551,551100532249878830551,"75.5,79.5,81.5,83.5,85.5,87.5,89.5,88",21.1,80.48,96.69,GMCC SZ65F1H,38,1
551,551100532249880840551,"79.5,78.5,81.5,84.5,85,86,87.5,88.5",20.5,79.07,95.31,GMCC SZ65F1H,38,1
551,551100532249874750551,"72.5,77.5,78,80.5,84,86,89,89.5",21.1,80.48,96.69,GMCC SZ65F1H,38,1
551,551100532249878670551,"76.5,73.5,74.5,79,81.5,82,84,86.5,87.5,88",21.3,80.95,97.15,GMCC SZ65F1H,38,1
551,551100532249915300551,"78,81,82,85,87.5,90.5,89.5",21.7,81.89,98.06,GMCC SZ65F1H,38,1
551,551100532249882970551,"76,76.5,78,78.5,80.5,81,81.5,82",21.3,80.95,97.15,GMCC SZ65F1H,38,1
551,551100532249878750551,"79.5,79.5,82.5,82.5,83,83,83.5,83.5,85,85,87,87,87.5,87.5,89,89,89.5,89.5",21.1,80.48,96.69,GMCC SZ65F1H,38,1
551,551100532249878760551,"83,79,85,86,87,89,90.5,92,91.5,94,95",21.2,80.72,96.92,GMCC SZ65F1H,38,1
551,551100532249914130551,"80,80.5,82.5,85.5,84,86,87,88",20.2,78.36,94.63,GMCC SZ65F1H,38,1
551,551100532249882260551,"77.5,79,80,82.5,84,86,88",21.4,81.19,97.38,GMCC SZ65F1H,38,1
551,551100532249875600551,"78,77,77.5,80.5,81.5,85,86,90",21.1,80.48,96.69,GMCC SZ65F1H,38,1
551,551100532249878780551,"77.5,78,80,82.5,81,83,85,86,88,89.5,92",21.2,80.72,96.92,GMCC SZ65F1H,38,1
551,551100532249875420551,"78.5,81,84,85,86,89,90,91",21.1,80.48,96.69,GMCC SZ65F1H,38,1
551,551100532249878790551,"76,74.5,78,81,82.5,87.5,88,90.5,90",21.2,80.72,96.92,GMCC SZ65F1H,38,1
551,551100532249875170551,"78.5,70.5,77.5,74.5,79,82,84,85,86,88.5,90",21.0,80.25,96.46,GMCC SZ65F1H,38,1
551,551100532249878810551,"78.5,81.5,84,85,87.5,90.5,90",21.1,80.48,96.69,GMCC SZ65F1H,38,1
551,551100532249878850551,"80,82,81.5,82.5,83,86.5,87",20.8,79.77,96.0,GMCC SZ65F1H,38,1
551,551100532249878870551,"83.5,84,85,87.5,90.5,91,92",21.1,80.48,96.69,GMCC SZ65F1H,38,1
551,551100532249883100551,"74.5,76,77,79.5,80.5,82,83,84.5,83.5",21.2,80.72,96.92,GMCC SZ65F1H,38,1
551,551100532249913600551,"76.5,77.5,80,82,81.5,82.5,85.5,87",20.2,78.36,94.63,GMCC SZ65F1H,38,1
551,551100532249878900551,"78,79.5,79,80.5,81,83,85.5,85",21.1,80.48,96.69,GMCC SZ65F1H,38,1
551,551100532249876380551,"78.5,78,77.5,79,81.5,79.5,82.5,84.5,87,88",21.1,80.48,96.69,GMCC SZ65F1H,38,1
551,551100532249878970551,"76,79,80,81,82.5,83.5,87,88",21.0,80.25,96.46,GMCC SZ65F1H,38,1
551,551100532249880700551,"76,78.5,80,81.5,83.5,85,84",20.4,78.83,95.08,GMCC SZ65F1H,38,1
551,551100532249877590551,"78.5,79,79.5,83.5,85,86.5,87.5,89",21.1,80.48,96.69,GMCC SZ65F1H,38,1
551,551100532249879030551,"80,80.5,84,85.5,86,87,89.5",21.1,80.48,96.69,GMCC SZ65F1H,38,1
551,551100532249875250551,"72.5,75.5,76.5,80.5,84,85.5,88,87.5",21.1,80.48,96.69,GMCC SZ65F1H,38,1
551,551100532249879100551,"76.5,78,79.5,81,83.5,85,85.5,87.5",20.9,80.01,96.23,GMCC SZ65F1H,38,1
551,551100532249912950551,"73,73.5,80,84,83,85.5,86.5",20.1,78.13,94.4,GMCC SZ65F1H,38,1
551,551100532249914400551,"77,79,80.5,81,82.5,83.5,84.5,85,86",20.1,78.13,94.4,GMCC SZ65F1H,38,1
551,551100532249879120551,"83,81.5,81,85.5,85,88.5,89.5,91",20.9,80.01,96.23,GMCC SZ65F1H,38,1
551,551100532249882510551,"78,79.5,77.5,78.5,80,83,83.5,84.5",20.5,79.07,95.31,GMCC SZ65F1H,38,1
551,551100532249881860551,"76.5,73.5,76,78,84,85.5,89,88",21.5,81.42,97.61,GMCC SZ65F1H,38,1
551,551100532249879150551,"76,79,81,79.5,81,84,86,87",20.9,80.01,96.23,GMCC SZ65F1H,38,1
551,551100532249879160551,"77,80.5,82,82.5,85,86.5,88.5,88",21.0,80.25,96.46,GMCC SZ65F1H,38,1
551,551100532249879180551,"79,82,83.5,86,87,89.5,91.5",21.1,80.48,96.69,GMCC SZ65F1H,38,1
551,551100532249879210551,"80.5,79.5,81,83,83.5,86,88.5,87.5",20.8,79.77,96.0,GMCC SZ65F1H,38,1
551,551100532249879220551,"76,78,79.5,81.5,84,85.5,86",20.8,79.77,96.0,GMCC SZ65F1H,38,1
551,551100149549843340551,"77.5,77,79.5,81,83,84,86.5,87",20.9,80.01,96.23,GMCC SZ65F1H,38,1
551,551100532249879240551,"80.5,83,83.5,86,88,89.5,90.5",20.9,80.01,96.23,GMCC SZ65F1H,38,1
551,551100532249879290551,"79.5,77.5,80,81.5,84.5,85.5,86.5,86",20.7,79.54,95.77,GMCC SZ65F1H,38,1
551,551100532249879320551,"78,82.5,81.5,82,84.5,86.5,88,87.5",20.7,79.54,95.77,GMCC SZ65F1H,38,1
551,551100532249879360551,"77.5,76.5,80.5,81.5,83,85,85.5,86.5",20.8,79.77,96.0,GMCC SZ65F1H,38,1
551,551100532249879380551,"81,80.5,82,83,83.5,84,86",20.7,79.54,95.77,GMCC SZ65F1H,38,1
551,551100532249916390551,"79.5,79,81,82.5,83,84,86.5,87.5,88",21.5,81.42,97.61,GMCC SZ65F1H,38,1
551,551100532249879390551,"75,77.5,79,80,81,83,85,86.5,84.5",20.7,79.54,95.77,GMCC SZ65F1H,38,1
551,551100532249877470551,"75.5,77,78,81.5,80,82,81.5,84,86",21.0,80.25,96.46,GMCC SZ65F1H,38,1
551,551100532249878740551,"75.5,78,80,81,81.5,84.5,86.5,88",21.2,80.72,96.92,GMCC SZ65F1H,38,1
551,551100532249882480551,"75.5,72.5,75.5,75,78,81,84,83.5,86,87",21.3,80.95,97.15,GMCC SZ65F1H,38,1
551,551100532249879400551,"77.5,79,79.5,83,84,86.5,87.5,88",20.9,80.01,96.23,GMCC SZ65F1H,38,1
551,551100532249879420551,"81,82,85.5,87,88,89.5,90,92",20.7,79.54,95.77,GMCC SZ65F1H,38,1
551,551100532249879510551,"76,80.5,81.5,84.5,86,85.5,86.5",21.2,80.72,96.92,GMCC SZ65F1H,38,1
551,551100532249915120551,"75,79,80,83,84,86,89,89.5,90.5,91,91.5",21.8,82.13,98.29,GMCC SZ65F1H,38,1
551,551100532249879430551,"77.5,80,82.5,85.5,87,90.5,91.5",20.7,79.54,95.77,GMCC SZ65F1H,38,1
551,551100532249913620551,"76,77.5,79.5,81,81.5,83,83.5,84.5,86,87",20.2,78.36,94.63,GMCC SZ65F1H,38,1
551,551100532249877060551,"78,80,83,87.5,88,89.5,92.5",21.1,80.48,96.69,GMCC SZ65F1H,38,1
551,551100532249877330551,"78,80,84,85,86,88,90.5",21.1,80.48,96.69,GMCC SZ65F1H,38,1
551,551100532249879440551,"82,84,85,86.5,88.5,89.5,92,91",20.7,79.54,95.77,GMCC SZ65F1H,38,1
551,551100532249876790551,"76.5,80,82,83.5,86,86.5,89,88",21.3,80.95,97.15,GMCC SZ65F1H,38,1
551,551100532249876590551,"75.5,80,81.5,83.5,87,87.5,91,92,91",21.4,81.19,97.38,GMCC SZ65F1H,38,1
551,551100532249912840551,"78,79,81,82,84.5,85.5,88.5,91",20.1,78.13,94.4,GMCC SZ65F1H,38,1
551,551100532249879470551,"74,76,77,78.5,80,81,84,83.5",20.9,80.01,96.23,GMCC SZ65F1H,38,1
551,551100532249879500551,"77.5,80.5,83,85,88.5,90.5,91",20.7,79.54,95.77,GMCC SZ65F1H,38,1
551,551100532249879520551,"80.5,79,80.5,82,84.5,85,89.5,87",20.7,79.54,95.77,GMCC SZ65F1H,38,1
551,551100532249882850551,"76,79.5,81,82,81.5,82.5,86.5,86",21.5,81.42,97.61,GMCC SZ65F1H,38,1
551,551100532249879530551,"77,79,81.5,84,87,90,89",20.7,79.54,95.77,GMCC SZ65F1H,38,1
551,551100532249879540551,"80,82,83.5,86,88.5,90,89",20.7,79.54,95.77,GMCC SZ65F1H,38,1
551,551100149549842660551,"77,77.5,79.5,80.5,81.5,83,86,87",21.0,80.25,96.46,GMCC SZ65F1H,38,1
551,551100532249879550551,"80.5,83.5,84,83.5,85.5,88,89.5,89",20.7,79.54,95.77,GMCC SZ65F1H,38,1
551,551100532249879250551,"77.5,80,83,82,83.5,86,87.5,88.5",20.8,79.77,96.0,GMCC SZ65F1H,38,1
551,551100149549843330551,"73.5,75,79,76.5,78.5,81,80",20.8,79.77,96.0,GMCC SZ65F1H,38,1
551,551100532249878510551,"73.5,77,79,80.5,80,84.5,85",20.8,79.77,96.0,GMCC SZ65F1H,38,1
551,551100532249883000551,"70.5,75,76.5,77.5,78,81.5,84.5,84",21.2,80.72,96.92,GMCC SZ65F1H,38,1
551,551100532249879570551,"79,83,86.5,89,90,90.5,92,91.5",20.6,79.3,95.54,GMCC SZ65F1H,38,1
551,551100532249874910551,"75.5,79.5,81.5,85.5,87.5,89.5,91",21.1,80.48,96.69,GMCC SZ65F1H,38,1
551,551100532249875780551,"77.5,78.5,80.5,82,83.5,84,87,85.5",21.1,80.48,96.69,GMCC SZ65F1H,38,1
551,551100532249881990551,"73.5,77,78.5,80.5,81.5,82,86.5",21.5,81.42,97.61,GMCC SZ65F1H,38,1
551,551100532249877370551,"78.5,81.5,82.5,84.5,87,89.5,92.5,91",21.1,80.48,96.69,GMCC SZ65F1H,38,1
551,551100532249879710551,"75.5,78,81.5,82,83,84.5,86,88",20.5,79.07,95.31,GMCC SZ65F1H,38,1
551,551100532249878190551,"78.5,80,84.5,87.5,88.5,89.5,90",20.8,79.77,96.0,GMCC SZ65F1H,38,1
551,551100532249879630551,"79,81,82.5,83.5,85.5,87.5,89,90.5",20.7,79.54,95.77,GMCC SZ65F1H,38,1
551,551100532249914340551,"72.5,75,78.5,80.5,81,82.5",20.2,78.36,94.63,GMCC SZ65F1H,38,1
551,551100149549842640551,"74,74.5,78,81.5,84,85,86.5",21.1,80.48,96.69,GMCC SZ65F1H,38,1
551,551100532249878940551,"79.5,80.5,82,85,86,88,89,89.5",21.0,80.25,96.46,GMCC SZ65F1H,38,1
551,551100532249879700551,"76,79.5,81.5,84,85,88,87.5,90",21.1,80.48,96.69,GMCC SZ65F1H,38,1
551,551100532249879640551,"81,83.5,85.5,88.5,89.5,94,92",20.7,79.54,95.77,GMCC SZ65F1H,38,1
551,551100532249879670551,"78,77.5,76.5,78.5,81,79.5,78.5,79,81,82,83,83.5,83,85,84.5,86.5,84.5,85.5,86.5,85,87,86.5",20.7,79.54,95.77,GMCC SZ65F1H,38,1
551,551100532249879680551,"77.5,80,80.5,82,90.5,89",20.6,79.3,95.54,GMCC SZ65F1H,38,1
551,551100532249881120551,"70,74.5,75,77,80,81,82,83",20.4,78.83,95.08,GMCC SZ65F1H,38,1
551,551100532249879720551,"74,78.5,80,82,85,85.5,88.5,88,90.5,91",20.5,79.07,95.31,GMCC SZ65F1H,38,1
551,551100149549841980551,"80,78.5,80.5,82,84,87.5,90,92.5,92",21.1,80.48,96.69,GMCC SZ65F1H,38,1
551,551100532249880020551,"80.5,82,84.5,83.5,85.5,86.5,87.5,86.5",21.2,80.72,96.92,GMCC SZ65F1H,38,1
551,551100532249879730551,"77.5,79,78.5,81.5,84.5,87.5,91",20.6,79.3,95.54,GMCC SZ65F1H,38,1
551,551100532249879810551,"74.5,78,80.5,81.5,84,84.5,86.5,86",20.5,79.07,95.31,GMCC SZ65F1H,38,1
551,551100532249915900551,"76,78,82,82.5,84.5,86,88,90",21.5,81.42,97.61,GMCC SZ65F1H,38,1
551,551100532249879770551,"77.5,79,78.5,80.5,80,82.5,82,83,84.5,85.5",20.5,79.07,95.31,GMCC SZ65F1H,38,1
551,551100532249882240551,"77.5,78,79,80,80.5,82,83.5,86.5",21.4,81.19,97.38,GMCC SZ65F1H,38,1
551,551100532249879780551,"78.5,74,78.5,80,83,82.5,84,86,87.5",20.5,79.07,95.31,GMCC SZ65F1H,38,1
551,551100532249879840551,"80,82.5,83.5,84.5,86,86.5,89,87",20.7,79.54,95.77,GMCC SZ65F1H,38,1
551,551100532249873750551,"72.5,74.5,80.5,82,82.5,84",21.5,81.42,97.61,GMCC SZ65F1H,38,1
551,551100532249880880551,"76,78.5,80.5,82,84.5,87.5,88.5,89",20.5,79.07,95.31,GMCC SZ65F1H,38,1
551,551100532249879860551,"78,79,81.5,81,82.5,83.5,85,86,85,86,87",20.6,79.3,95.54,GMCC SZ65F1H,38,1
551,551100532249880690551,"79.5,77.5,80,80.5,82.5,83.5,85,87,89.5",20.6,79.3,95.54,GMCC SZ65F1H,38,1
551,551100532249879870551,"78.5,79,80,82,83.5,87,86",20.8,79.77,96.0,GMCC SZ65F1H,38,1
551,551100532249879890551,"80,83,80.5,81.5,84,84.5,86,89.5,89,90",20.6,79.3,95.54,GMCC SZ65F1H,38,1
551,551100532249879920551,"78.5,80.5,81,82,83.5,85.5,88,87.5",20.8,79.77,96.0,GMCC SZ65F1H,38,1
551,551100149549842140551,"78.5,79.5,81,81.5,84,86,87.5,89",21.0,80.25,96.46,GMCC SZ65F1H,38,1
551,551100532249879930551,"77.5,80,82,83,83.5,85,87.5,87",21.2,80.72,96.92,GMCC SZ65F1H,38,1
551,551100532249879940551,"80,79.5,82,83.5,85,87.5,87",21.2,80.72,96.92,GMCC SZ65F1H,38,1
551,551100532249913530551,"75.5,77.5,79,80.5,81,81.5,82,82.5,84,83.5",20.2,78.36,94.63,GMCC SZ65F1H,38,1
551,551100532249879950551,"78,81.5,84,85,88.5,88,89.5",21.2,80.72,96.92,GMCC SZ65F1H,38,1
551,551100149549842510551,"74,79.5,81,82,84.5,85,86",21.1,80.48,96.69,GMCC SZ65F1H,38,1
551,551100532249882680551,"76,78.5,79.5,80,81,82,82.5,83.5,85.5",21.3,80.95,97.15,GMCC SZ65F1H,38,1
551,551100532249912810551,"78.5,82.5,83,84,85,86,87,88.5,89.5,90",20.2,78.36,94.63,GMCC SZ65F1H,38,1
551,551100532249879970551,"79.5,81,82.5,85.5,86,88.5,87.5,89",21.2,80.72,96.92,GMCC SZ65F1H,38,1
551,551100532249874220551,"79.5,81.5,82.5,82,84.5,85,86.5,86,89,88.5",21.5,81.42,97.61,GMCC SZ65F1H,38,1
551,551100532249879980551,"75,78,78.5,80,83,84,85,87",21.2,80.72,96.92,GMCC SZ65F1H,38,1
551,551100532249880000551,"78.5,78.5,0.5,0.5,77.5,77.5,80.5,80.5,81,81,82,82,84.5,84.5,0,0,0.5,0.5,85,85,87.5,87.5,88,88,87.5,87.5,88.5,88.5",21.2,80.72,96.92,GMCC SZ65F1H,38,1
551,551100532249880010551,"77,79,80,82.5,85.5,86.5,86",21.2,80.72,96.92,GMCC SZ65F1H,38,1
551,551100532249882450551,"78.5,79.5,81,82,84,86.5,87.5,89.5",21.4,81.19,97.38,GMCC SZ65F1H,38,1
551,551100532249880040551,"78.5,80,80.5,83,86.5,89,91,90",21.2,80.72,96.92,GMCC SZ65F1H,38,1
551,551100532249880070551,"75.5,77.5,79.5,82.5,85.5,86.5,87",21.2,80.72,96.92,GMCC SZ65F1H,38,1
551,551100532249878800551,"78,82,82.5,86,87.5,89.5,90,92",21.5,81.42,97.61,GMCC SZ65F1H,38,1
551,551100532249880080551,"71.5,78.5,80.5,81.5,84,86.5,87.5,86.5",21.3,80.95,97.15,GMCC SZ65F1H,38,1
551,551100532249874320551,"78,79.5,82,83.5,85.5,86,85,86.5,88",21.5,81.42,97.61,GMCC SZ65F1H,38,1
551,551100532249880090551,"83.5,81.5,85,86.5,87,89,91,90.5",20.7,79.54,95.77,GMCC SZ65F1H,38,1
551,551100532249876640551,"76.5,78.5,80.5,83,85,88.5,89,89.5,91.5",21.4,81.19,97.38,GMCC SZ65F1H,38,1
551,551100532249880130551,"77.5,78,80,81,82,83.5,84.5,85,85.5,87,87.5",20.6,79.3,95.54,GMCC SZ65F1H,38,1
551,551100532249880150551,"81.5,82.5,81,83,83.5,87.5,90,87.5",20.7,79.54,95.77,GMCC SZ65F1H,38,1
551,551100149549842250551,"73,75.5,76.5,78,81,83,84,85,85.5",21.1,80.48,96.69,GMCC SZ65F1H,38,1
551,551100532249879130551,"78,77,79.5,81.5,82.5,85,86.5,87",20.8,79.77,96.0,GMCC SZ65F1H,38,1
551,551100532249880190551,"77,80.5,82.5,80.5,83,85,88,86",20.7,79.54,95.77,GMCC SZ65F1H,38,1
551,551100532249880210551,"80.5,81,81.5,83.5,85,85.5,88.5,86",20.7,79.54,95.77,GMCC SZ65F1H,38,1
551,551100149549842050551,"78,77,79,81.5,87,89.5,92,93",21.1,80.48,96.69,GMCC SZ65F1H,38,1
551,551100532249880290551,"77.5,80.5,82.5,84.5,85,86.5,86",21.0,80.25,96.46,GMCC SZ65F1H,38,1
551,551100532249876850551,"74,78.5,80,82,83,86.5,87,86.5",21.2,80.72,96.92,GMCC SZ65F1H,38,1
551,551100532249880300551,"80,81.5,83,84,86,87.5,90,90.5",21.0,80.25,96.46,GMCC SZ65F1H,38,1
551,551100532249883310551,"78.5,80,82.5,86.5,87.5",21.6,81.66,97.83,GMCC SZ65F1H,38,1
551,551100532249880310551,"76,79,80.5,81.5,83,84.5,85",20.8,79.77,96.0,GMCC SZ65F1H,38,1
551,551100532249880320551,"80,80.5,82,83,85,86.5,88,89",21.0,80.25,96.46,GMCC SZ65F1H,38,1
551,551100532249882430551,"75,78.5,81,83,84.5,85.5,87,87.5,88.5",21.5,81.42,97.61,GMCC SZ65F1H,38,1
551,551100532249882830551,"73.5,80,82.5,84.5,87.5,89,88.5",21.3,80.95,97.15,GMCC SZ65F1H,38,1
551,551100149549843070551,"75,75.5,78.5,80.5,79.5,81.5,82,85.5,84",21.0,80.25,96.46,GMCC SZ65F1H,38,1
551,551100532249880350551,"79,79.5,82,84,86,89,87",20.7,79.54,95.77,GMCC SZ65F1H,38,1
551,551100532249880370551,"80.5,81.5,83,85,85.5,89,90,91",21.0,80.25,96.46,GMCC SZ65F1H,38,1
551,551100532249879280551,"76.5,81,80.5,81,83,85.5,87,88",20.8,79.77,96.0,GMCC SZ65F1H,38,1
551,551100532249880390551,"81,83,82,80.5,82.5,85,86.5,85.5",20.9,80.01,96.23,GMCC SZ65F1H,38,1
551,551100532249916190551,"75.5,80.5,83.5,86,89,90.5,91.5",21.5,81.42,97.61,GMCC SZ65F1H,38,1
551,551100532249880420551,"80,80.5,82.5,85,86,88,87.5",20.6,79.3,95.54,GMCC SZ65F1H,38,1
551,551100149549842550551,"77,78,78.5,80.5,82,83.5,84,84.5,85.5",21.1,80.48,96.69,GMCC SZ65F1H,38,1
551,551100149549842950551,"76,78.5,80.5,81,82,84,86,86.5",21.0,80.25,96.46,GMCC SZ65F1H,38,1
551,551100149549841770551,"75,76,80,82,84,86.5,86",21.2,80.72,96.92,GMCC SZ65F1H,38,1
551,551100532249881350551,"78,78.5,81,83.5,86.5,87.5,90,90.5,90",21.6,81.66,97.83,GMCC SZ65F1H,38,1
551,551100532249882760551,"75.5,78.5,79.5,79,82,82.5,83.5,85.5,86",21.3,80.95,97.15,GMCC SZ65F1H,38,1
551,551100532249880440551,"79,82,84.5,86.5,86,87,86,86.5",20.5,79.07,95.31,GMCC SZ65F1H,38,1
551,551100532249881570551,"72.5,76.5,78,82,81.5,85.5,87,88.5,90,89.5,89",21.4,81.19,97.38,GMCC SZ65F1H,38,1
551,551100532249880530551,"76,77,78,79.5,76.5,77.5,81.5,83,82.5",20.5,79.07,95.31,GMCC SZ65F1H,38,1
551,551100532249913070551,"69.5,75,79.5,82,83.5,85",20.1,78.13,94.4,GMCC SZ65F1H,38,1
551,551100532249880540551,"77.5,79.5,80,81.5,81,83,84.5,85",20.5,79.07,95.31,GMCC SZ65F1H,38,1
551,551100532249880560551,"79,80,82,84.5,85.5,86,87,86.5",20.5,79.07,95.31,GMCC SZ65F1H,38,1
551,551100532249880580551,"78.5,81,82,84,84.5,87,86.5",20.5,79.07,95.31,GMCC SZ65F1H,38,1
551,551100532249881690551,"73,77,81,83.5,85,87.5,90,89.5",21.5,81.42,97.61,GMCC SZ65F1H,38,1
551,551100532249880610551,"75.5,81.5,82,82.5,85,86,86.5",20.5,79.07,95.31,GMCC SZ65F1H,38,1
551,551100532249875000551,"70.5,78,79,82,83.5,84.5,86,89",21.1,80.48,96.69,GMCC SZ65F1H,38,1
551,551100532249881470551,"75.5,77.5,79,83,85.5,88,87.5,90.5",21.6,81.66,97.83,GMCC SZ65F1H,38,1
551,551100532249880630551,"74.5,75,77,78.5,80,82,83.5,84,84.5",20.5,79.07,95.31,GMCC SZ65F1H,38,1
551,551100532249880640551,"77.5,75,78.5,79.5,81.5,83.5,84.5,86",20.4,78.83,95.08,GMCC SZ65F1H,38,1
551,551100532249875680551,"79.5,81,84,83.5,86.5,85.5,87.5,86.5,88.5,90,89.5",21.1,80.48,96.69,GMCC SZ65F1H,38,1
551,551100532249882440551,"74.5,77.5,78.5,79,84,83.5,85.5,86.5",21.3,80.95,97.15,GMCC SZ65F1H,38,1
551,551100149549842890551,"79.5,75,83,82,84,84.5,87,89.5",21.1,80.48,96.69,GMCC SZ65F1H,38,1
551,551100532249912850551,"75.5,77.5,79.5,84,83,85,86.5,87",20.1,78.13,94.4,GMCC SZ65F1H,38,1
551,551100532249880650551,"79.5,80,82.5,83,84.5,87,89.5,88",20.6,79.3,95.54,GMCC SZ65F1H,38,1
551,551100532249913680551,"73,77,79,80,81,80.5,85,87",20.1,78.13,94.4,GMCC SZ65F1H,38,1
551,551100532249880660551,"79,81.5,84.5,85.5,89,88.5,90",20.5,79.07,95.31,GMCC SZ65F1H,38,1
551,551100532249882090551,"71.5,77.5,76.5,78,80,80.5,81,82,83.5,84,86,85.5",21.4,81.19,97.38,GMCC SZ65F1H,38,1
551,551100532249879490551,"78.5,81.5,83.5,84.5,85.5,87.5,89,90",20.7,79.54,95.77,GMCC SZ65F1H,38,1
551,551100532249880670551,"79.5,81.5,82,83,85,85.5,89.5,88",20.5,79.07,95.31,GMCC SZ65F1H,38,1
551,551100532249880710551,"77,81.5,82.5,86,86.5,89,88",20.4,78.83,95.08,GMCC SZ65F1H,38,1
551,551100532249880030551,"80.5,81.5,83,87,88,88.5,90.5,90",21.3,80.95,97.15,GMCC SZ65F1H,38,1
551,551100532249882630551,"73.5,74.5,78.5,80,79.5,82.5,83.5,84,86",21.3,80.95,97.15,GMCC SZ65F1H,38,1
551,551100532249880720551,"75.5,77,78,79,84,84.5,85.5,87.5",20.4,78.83,95.08,GMCC SZ65F1H,38,1
551,551100532249880730551,"78.5,77.5,80,82,84.5,86,85",20.5,79.07,95.31,GMCC SZ65F1H,38,1
551,551100532249916130551,"80,81.5,82,85.5,88,90.5,89",21.5,81.42,97.61,GMCC SZ65F1H,38,1
551,551100532249916070551,"81.5,83.5,84,87.5,89,91.5,89",21.6,81.66,97.83,GMCC SZ65F1H,38,1
551,551100532249880750551,"77.5,76,77.5,80.5,82,83,83.5,84,84.5,86.5",20.4,78.83,95.08,GMCC SZ65F1H,38,1
551,551100532249877390551,"76,79,81,82.5,83.5,87.5,86.5,89",21.0,80.25,96.46,GMCC SZ65F1H,38,1
551,551100532249880770551,"77.5,76,80,82,83.5,84.5,86,88.5,89.5",20.5,79.07,95.31,GMCC SZ65F1H,38,1
551,551100532249880790551,"77,78.5,79,80,82.5,84,85.5,83",20.5,79.07,95.31,GMCC SZ65F1H,38,1
551,551100532249912660551,"76.5,77.5,78,80.5,86,88,88.5",20.2,78.36,94.63,GMCC SZ65F1H,38,1
551,551100532249915380551,"77.5,80.5,83,82.5,82,86,89,90.5",21.6,81.66,97.83,GMCC SZ65F1H,38,1
551,551100532249881370551,"72.5,77,76.5,78.5,80,81.5,84,85.5,86.5,87,88,91",21.6,81.66,97.83,GMCC SZ65F1H,38,1
551,551100532249880200551,"80,81,82.5,82,83.5,84.5,86,87,88.5,87.5",20.7,79.54,95.77,GMCC SZ65F1H,38,1
551,551100532249880850551,"73,75.5,76,78,79,80,81,83,84",20.4,78.83,95.08,GMCC SZ65F1H,38,1
551,551100532249915610551,"73,76,74,76,77,78.5,80,79.5,81,81.5,80.5",20.1,78.13,94.4,GMCC SZ65F1H,38,1
551,551100532249913180551,"76,76.5,80,82,85.5,88,89",20.1,78.13,94.4,GMCC SZ65F1H,38,1
551,551100532249914250551,"77.5,78.5,82.5,84,83.5,84.5,88,89.5,90",20.2,78.36,94.63,GMCC SZ65F1H,38,1
551,551100532249880940551,"75.5,78,79.5,82,83.5,84.5,86.5,85,86",20.4,78.83,95.08,GMCC SZ65F1H,38,1
551,551100532249915980551,"79.5,78.5,79,79.5,83,85.5,88,88.5,90",21.5,81.42,97.61,GMCC SZ65F1H,38,1
551,551100532249875640551,"75,80.5,82.5,83,85.5,87.5,88.5,87.5",21.1,80.48,96.69,GMCC SZ65F1H,38,1
551,551100532249878280551,"74.5,76,79.5,82.5,85,86,89,90.5",20.8,79.77,96.0,GMCC SZ65F1H,38,1
551,551100532249880950551,"75,78,81,82.5,83.5,86.5,87,85.5",20.4,78.83,95.08,GMCC SZ65F1H,38,1
551,551100532249883370551,"78.5,80.5,82.5,84,85.5,88.5,90,88",21.5,81.42,97.61,GMCC SZ65F1H,38,1
551,551100532249878310551,"73,74,76,77.5,78.5,81.5,80,81",20.8,79.77,96.0,GMCC SZ65F1H,38,1
551,551100532249916030551,"79,80.5,81,83,85,86,87,87.5",21.6,81.66,97.83,GMCC SZ65F1H,38,1
551,551100532249880960551,"73.5,76.5,77.5,79,81,83.5,86",20.4,78.83,95.08,GMCC SZ65F1H,38,1
551,551100532249875980551,"77,75.5,77,78.5,81,83.5,83",21.1,80.48,96.69,GMCC SZ65F1H,38,1
551,551100532249880990551,"67.5,70,72,77,78.5,80,84",20.4,78.83,95.08,GMCC SZ65F1H,38,1
551,551100532249880620551,"77.5,74,78.5,79.5,81,82,83,86",20.5,79.07,95.31,GMCC SZ65F1H,38,1
551,551100532249881050551,"75.5,77,79,81,82.5,81.5,84.5,85",20.5,79.07,95.31,GMCC SZ65F1H,38,1
551,551100532249874500551,"80,83,82,82.5,85.5,88,87.5",21.3,80.95,97.15,GMCC SZ65F1H,38,1
551,551100532249881160551,"72,72.5,75.5,76.5,76,78.5,80.5,82.5",20.4,78.83,95.08,GMCC SZ65F1H,38,1
551,551100532249881190551,"79.5,79,82,85,86,86.5,88.5,90.5,91.5,91",21.7,81.89,98.06,GMCC SZ65F1H,38,1
551,551100532249915790551,"76,78,79.5,83,84,86.5,87,91",21.7,81.89,98.06,GMCC SZ65F1H,38,1
551,551100532249912970551,"74,75.5,78,79.5,79,81.5,82",20.1,78.13,94.4,GMCC SZ65F1H,38,1
551,551100532249881270551,"79.5,84,87.5,89,92,93.5",21.6,81.66,97.83,GMCC SZ65F1H,38,1
551,551100532249881280551,"79.5,80,83.5,82.5,84.5,86.5,88.5,87.5",21.7,81.89,98.06,GMCC SZ65F1H,38,1
551,551100149549841850551,"76,76.5,77.5,78,80,81,82.5,86,85,86",21.5,81.42,97.61,GMCC SZ65F1H,38,1
551,551100149549843460551,"78.5,80,82.5,81.5,84.5,85,87,88.5",21.0,80.25,96.46,GMCC SZ65F1H,38,1
551,551100532249880520551,"79,78.5,77,82,81,83,83.5,86,86.5,88.5",20.5,79.07,95.31,GMCC SZ65F1H,38,1
551,551100532249881300551,"76.5,82.5,81.5,84,86,87.5,88.5",21.6,81.66,97.83,GMCC SZ65F1H,38,1
551,551100532249881330551,"80,83.5,83,83.5,86.5,89.5,90.5,92",21.7,81.89,98.06,GMCC SZ65F1H,38,1
551,551100532249879410551,"78,81,83,85.5,86,89,91.5,89.5,90.5",20.7,79.54,95.77,GMCC SZ65F1H,38,1
551,551100532249881340551,"82,80,83,86,87,89,90.5,92,94",21.6,81.66,97.83,GMCC SZ65F1H,38,1
551,551100532249879340551,"77.5,81,80.5,81.5,83.5,86.5,87.5,86.5",21.1,80.48,96.69,GMCC SZ65F1H,38,1
551,551100532249881390551,"79,82,84.5,86,88,89,90.5,92.5",21.5,81.42,97.61,GMCC SZ65F1H,38,1
551,551100532249881400551,"80.5,81,82,83,84.5,86.5,88.5",21.6,81.66,97.83,GMCC SZ65F1H,38,1
551,551100532249881770551,"75,76,77.5,81,84,84.5,85.5,87.5,89.5",21.6,81.66,97.83,GMCC SZ65F1H,38,1
551,551100532249881450551,"75,77.5,76.5,78.5,81,82.5,83,85,87",21.6,81.66,97.83,GMCC SZ65F1H,38,1
551,551100532249881590551,"84.5,90,88.5,90,89.5,91.5,89.5",21.6,81.66,97.83,GMCC SZ65F1H,38,1
551,551100532249879350551,"77,78.5,79,80,82.5,84.5,84",20.7,79.54,95.77,GMCC SZ65F1H,38,1
551,551100532249912890551,"73,75,78,79.5,81.5,84.5,87,87.5",20.1,78.13,94.4,GMCC SZ65F1H,38,1
551,551100532249876720551,"75,80.5,81.5,82.5,85,85.5,88,89",21.3,80.95,97.15,GMCC SZ65F1H,38,1
551,551100532249881460551,"77,80.5,82,83.5,85,87,89.5,89",21.6,81.66,97.83,GMCC SZ65F1H,38,1
551,551100532249882060551,"74,76,77,78,81,81.5,83,81.5,86",21.4,81.19,97.38,GMCC SZ65F1H,38,1
551,551100532249883040551,"74,78.5,79.5,79,79.5,82,82.5,84.5,85",21.2,80.72,96.92,GMCC SZ65F1H,38,1
551,551100532249881480551,"75.5,80.5,81.5,84.5,87,88,90",21.6,81.66,97.83,GMCC SZ65F1H,38,1
551,551100149549842500551,"79.5,81,84,85.5,88,89,89.5",21.0,80.25,96.46,GMCC SZ65F1H,38,1
551,551100532249881490551,"75.5,78,74,79.5,81,82.5,87.5,90.5,92",21.6,81.66,97.83,GMCC SZ65F1H,38,1
551,551100532249881500551,"75.5,77,79,82.5,83,85.5,87.5,90,88.5",21.6,81.66,97.83,GMCC SZ65F1H,38,1
551,551100532249881510551,"77,78,78.5,79,82,83,86,88,87",21.5,81.42,97.61,GMCC SZ65F1H,38,1
551,551100532249876490551,"73.5,76.5,77.5,80,84,85.5,87,88",21.5,81.42,97.61,GMCC SZ65F1H,38,1
551,551100532249875260551,"79,79.5,81,83.5,85,87.5,88,89.5,88",21.0,80.25,96.46,GMCC SZ65F1H,38,1
551,551100532249879960551,"80.5,79.5,80,83.5,84.5,87,90.5,91.5",21.2,80.72,96.92,GMCC SZ65F1H,38,1
551,551100532249878650551,"76.5,78,81,80.5,83.5,84,87,86,90",21.3,80.95,97.15,GMCC SZ65F1H,38,1
551,551100532249881530551,"75,76,78,80,81,83,85,85.5",21.5,81.42,97.61,GMCC SZ65F1H,38,1
551,551100532249914650551,"79,77,79,79.5,82,84,87.5,84",20.2,78.36,94.63,GMCC SZ65F1H,38,1
551,551100532249881600551,"74.5,80,81,82.5,84.5,86,87.5,88",21.5,81.42,97.61,GMCC SZ65F1H,38,1
551,551100532249881620551,"75.5,73.5,76,78,79,81,84,84.5,85.5,87,88",21.4,81.19,97.38,GMCC SZ65F1H,38,1
551,551100532249881640551,"77.5,78.5,82.5,84.5,85,86.5",21.5,81.42,97.61,GMCC SZ65F1H,38,1
551,551100532249881520551,"77,78.5,80.5,82.5,84.5,86.5,87.5,88.5,91,92",21.7,81.89,98.06,GMCC SZ65F1H,38,1
551,551100532249881650551,"76.5,79,78,81,84,86,88,90",21.4,81.19,97.38,GMCC SZ65F1H,38,1
551,551100532249875410551,"76,78,81.5,82.5,84,85.5,86,85.5",21.1,80.48,96.69,GMCC SZ65F1H,38,1
551,551100532249882160551,"76.5,78.5,79,81,83.5,86.5,87.5,87,87.5,88.5",21.4,81.19,97.38,GMCC SZ65F1H,38,1
551,551100532249875530551,"80.5,79.5,80,82,84,86.5,87,88",21.1,80.48,96.69,GMCC SZ65F1H,38,1
551,551100532249881680551,"76.5,79,81.5,84,85,86.5,87,88.5,90.5,92,92.5",21.4,81.19,97.38,GMCC SZ65F1H,38,1
551,551100532249881710551,"74.5,77,78.5,80.5,82,84,84.5,85.5,86.5",21.4,81.19,97.38,GMCC SZ65F1H,38,1
551,551100532249913320551,"73.5,75,80.5,81,86,85.5",20.2,78.36,94.63,GMCC SZ65F1H,38,1
551,551100149549842560551,"74.5,76.5,79.5,81.5,83,85,88,86",21.1,80.48,96.69,GMCC SZ65F1H,38,1
551,551100532249881730551,"75.5,76,78,80.5,82.5,84.5,86,87.5,88.5",21.5,81.42,97.61,GMCC SZ65F1H,38,1
551,551100532249883300551,"76.5,78,81,82.5,85.5,87.5,88.5,91",21.5,81.42,97.61,GMCC SZ65F1H,38,1
551,551100532249881820551,"73.5,75.5,76.5,78,79.5,81,84,85",21.5,81.42,97.61,GMCC SZ65F1H,38,1
551,551100532249912530551,"71.5,71.5,71.5,71.5,71.5,71.5,71.5,71.5,71.5,71.5,71.5,71.5,71.5,71.5,71.5,71.5,71.5,71.5,71.5,71.5,71.5,71.5,71.5,71.5,71.5,71.5,71.5,71.5,71.5,71.5,71.5,71.5,71.5,71.5,71.5,71.5,71.5,71.5,71.5,71.5,71.5,71.5,71.5,71.5,71.5,71.5,71.5,71.5,71.5,71.5,71.5,71.5,71.5,71.5,71.5,71.5,71.5,71.5,71.5,71.5,71.5,71.5,71.5,71.5,71.5,71.5,71.5,71.5,71.5,71.5,71.5,71.5,71.5,71.5,71.5,71.5,71.5,71.5,71.5,71.5,71.5,71.5,71.5,71.5,71.5,71.5,71.5,71.5,71.5,71.5,71.5,71.5,71.5,71.5,71.5,71.5,71.5,71.5,71.5,73.5,73.5,73.5,73.5,73.5,73.5,73.5,73.5,73.5,73.5,73.5,73.5,73.5,73.5,73.5,73.5,73.5,73.5,73.5,73.5,73.5,73.5,73.5,73.5,73.5,73.5,73.5,73.5,73.5,73.5,73.5,73.5,73.5,73.5,73.5,73.5,73.5,73.5,73.5,73.5,73.5,73.5,73.5,73.5,73.5,73.5,73.5,73.5,73.5,73.5,73.5,73.5,73.5,73.5,73.5,73.5,73.5,73.5,73.5,73.5,73.5,73.5,73.5,73.5,73.5,73.5,73.5,73.5,73.5,73.5,73.5,73.5,73.5,73.5,73.5,73.5,73.5,73.5,73.5,73.5,73.5,73.5,73.5,73.5,73.5,73.5,73.5,73.5,73.5,73.5,73.5,73.5,73.5,73.5,73.5,73.5,73.5,73.5,73.5,79.5,79.5,79.5,79.5,79.5,79.5,79.5,79.5,79.5,79.5,79.5,79.5,79.5,79.5,79.5,79.5,79.5,79.5,79.5,79.5,79.5,79.5,79.5,79.5,79.5,79.5,79.5,79.5,79.5,79.5,79.5,79.5,79.5,79.5,79.5,79.5,79.5,79.5,79.5,79.5,79.5,79.5,79.5,79.5,79.5,79.5,79.5,79.5,79.5,79.5,79.5,79.5,79.5,79.5,79.5,79.5,79.5,79.5,79.5,79.5,79.5,79.5,79.5,79.5,79.5,79.5,79.5,79.5,79.5,79.5,79.5,79.5,79.5,79.5,79.5,79.5,79.5,79.5,79.5,79.5,79.5,79.5,79.5,79.5,79.5,79.5,79.5,79.5,79.5,79.5,79.5,79.5,79.5,79.5,79.5,79.5,79.5,79.5,79.5,80.5,80.5,80.5,80.5,80.5,80.5,80.5,80.5,80.5,80.5,80.5,80.5,80.5,80.5,80.5,80.5,80.5,80.5,80.5,80.5,80.5,80.5,80.5,80.5,80.5,80.5,80.5,80.5,80.5,80.5,80.5,80.5,80.5,80.5,80.5,80.5,80.5,80.5,80.5,80.5,80.5,80.5,80.5,80.5,80.5,80.5,80.5,80.5,80.5,80.5,80.5,80.5,80.5,80.5,80.5,80.5,80.5,80.5,80.5,80.5,80.5,80.5,80.5,80.5,80.5,80.5,80.5,80.5,80.5,80.5,80.5,80.5,80.5,80.5,80.5,80.5,80.5,80.5,80.5,80.5,80.5,80.5,80.5,80.5,80.5,80.5,80.5,80.5,80.5,80.5,80.5,80.5,80.5,80.5,80.5,80.5,80.5,80.5,80.5,83,83,83,83,83,83,83,83,83,83,83,83,83,83,83,83,83,83,83,83,83,83,83,83,83,83,83,83,83,83,83,83,83,83,83,83,83,83,83,83,83,83,83,83,83,83,83,83,83,83,83,83,83,83,83,83,83,83,83,83,83,83,83,83,83,83,83,83,83,83,83,83,83,83,83,83,83,83,83,83,83,83,83,83,83,83,83,83,83,83,83,83,83,83,83,83,83,83,83,85.5,85.5,85.5,85.5,85.5,85.5,85.5,85.5,85.5,85.5,85.5,85.5,85.5,85.5,85.5,85.5,85.5,85.5,85.5,85.5,85.5,85.5,85.5,85.5,85.5,85.5,85.5,85.5,85.5,85.5,85.5,85.5,85.5,85.5,85.5,85.5,85.5,85.5,85.5,85.5,85.5,85.5,85.5,85.5,85.5,85.5,85.5,85.5,85.5,85.5,85.5,85.5,85.5,85.5,85.5,85.5,85.5,85.5,85.5,85.5,85.5,85.5,85.5,85.5,85.5,85.5,85.5,85.5,85.5,85.5,85.5,85.5,85.5,85.5,85.5,85.5,85.5,85.5,85.5,85.5,85.5,85.5,85.5,85.5,85.5,85.5,85.5,85.5,85.5,85.5,85.5,85.5,85.5,85.5,85.5,85.5,85.5,85.5,85.5,86.5,86.5,86.5,86.5,86.5,86.5,86.5,86.5,86.5,86.5,86.5,86.5,86.5,86.5,86.5,86.5,86.5,86.5,86.5,86.5,86.5,86.5,86.5,86.5,86.5,86.5,86.5,86.5,86.5,86.5,86.5,86.5,86.5,86.5,86.5,86.5,86.5,86.5,86.5,86.5,86.5,86.5,86.5,86.5,86.5,86.5,86.5,86.5,86.5,86.5,86.5,86.5,86.5,86.5,86.5,86.5,86.5,86.5,86.5,86.5,86.5,86.5,86.5,86.5,86.5,86.5,86.5,86.5,86.5,86.5,86.5,86.5,86.5,86.5,86.5,86.5,86.5,86.5,86.5,86.5,86.5,86.5,86.5,86.5,86.5,86.5,86.5,86.5,86.5,86.5,86.5,86.5,86.5,86.5,86.5,86.5,86.5,86.5,86.5,87.5,87.5,87.5,87.5,87.5,87.5,87.5,87.5,87.5,87.5,87.5,87.5,87.5,87.5,87.5,87.5,87.5,87.5,87.5,87.5,87.5,87.5,87.5,87.5,87.5,87.5,87.5,87.5,87.5,87.5,87.5,87.5,87.5,87.5,87.5,87.5,87.5,87.5,87.5,87.5,87.5,87.5,87.5,87.5,87.5,87.5,87.5,87.5,87.5,87.5,87.5,87.5,87.5,87.5,87.5,87.5,87.5,87.5,87.5,87.5,87.5,87.5,87.5,87.5,87.5,87.5,87.5,87.5,87.5,87.5,87.5,87.5,87.5,87.5,87.5,87.5,87.5,87.5,87.5,87.5,87.5,87.5,87.5,87.5,87.5,87.5,87.5,87.5,87.5,87.5,87.5,87.5,87.5,87.5,87.5,87.5,87.5,87.5,87.5",20.2,78.36,94.63,GMCC SZ65F1H,38,1
551,551100532249881830551,"75,80,82,83.5,85.5,87,88.5,90",21.5,81.42,97.61,GMCC SZ65F1H,38,1
551,551100532249878980551,"76.5,77,80,81,81.5,83.5,85.5,85",21.0,80.25,96.46,GMCC SZ65F1H,38,1
551,551100532249881870551,"77,76,77,78.5,81.5,83.5,86.5,87,87.5,89.5",21.5,81.42,97.61,GMCC SZ65F1H,38,1
551,551100532249881880551,"76,82.5,84,86,86.5,87.5,89.5,90.5,92",21.5,81.42,97.61,GMCC SZ65F1H,38,1
551,551100532249883320551,"82,81.5,83.5,85.5,88.5,91",21.5,81.42,97.61,GMCC SZ65F1H,38,1
551,551100532249881890551,"74,77,80,81.5,84,85.5,87.5,89.5",21.4,81.19,97.38,GMCC SZ65F1H,38,1
551,551100532249881900551,"76,77,78.5,80.5,81,82.5,83.5,85.5,87,86.5",21.5,81.42,97.61,GMCC SZ65F1H,38,1
551,551100532249881950551,"75,77.5,79.5,83,82.5,84.5,87,87.5",21.6,81.66,97.83,GMCC SZ65F1H,38,1
551,551100532249913570551,"71,74,76,78.5,81,82.5,79.5,81.5,82.5,84.5",20.2,78.36,94.63,GMCC SZ65F1H,38,1
551,551100532249881910551,"76,71,79,78.5,80.5,81,82.5,84,85.5",21.5,81.42,97.61,GMCC SZ65F1H,38,1
551,551100532249881940551,"76,78,79.5,81.5,83,85,88,86",21.4,81.19,97.38,GMCC SZ65F1H,38,1
551,551100532249882010551,"69.5,75.5,75,79,80,83.5,85.5,86.5,87,89,88.5",21.4,81.19,97.38,GMCC SZ65F1H,38,1
551,551100532249875150551,"76,78,81,83.5,84.5,88.5,86.5,90.5,89",21.1,80.48,96.69,GMCC SZ65F1H,38,1
551,551100532249912910551,"72.5,75,76,77.5,78,79,81.5,82,85",20.1,78.13,94.4,GMCC SZ65F1H,38,1
551,551100149549841900551,"73.5,77.5,79,80.5,83,84,86.5,87",21.2,80.72,96.92,GMCC SZ65F1H,38,1
551,551100532249882030551,"76,79.5,81,83,83.5,85.5,88.5,89",21.4,81.19,97.38,GMCC SZ65F1H,38,1
551,551100532249882040551,"79,76,78.5,79,80,81,81.5,85,88,89.5",21.4,81.19,97.38,GMCC SZ65F1H,38,1
551,551100532249913540551,"71.5,76,75.5,77.5,80.5,79.5,81.5,83,82,83.5,84.5,85.5",20.2,78.36,94.63,GMCC SZ65F1H,38,1
551,551100532249879800551,"76,79.5,77.5,81,81.5,84.5,84,85.5,87.5",20.5,79.07,95.31,GMCC SZ65F1H,38,1
551,551100532249876610551,"73.5,77,79.5,81,84.5,86.5,88,89.5,91.5",21.5,81.42,97.61,GMCC SZ65F1H,38,1
551,551100532249882050551,"75.5,78.5,77,80,80.5,81.5,85,84,87,88.5",21.4,81.19,97.38,GMCC SZ65F1H,38,1
551,551100532249882140551,"75,77,76,77.5,78,79.5,80.5,81,83,84.5,83.5",21.4,81.19,97.38,GMCC SZ65F1H,38,1
551,551100532249882080551,"76.5,73,76,79.5,80.5,81.5,82,84.5,86,86.5,88",21.4,81.19,97.38,GMCC SZ65F1H,38,1
551,551100532249878730551,"80,80.5,82,81,83.5,85.5,88.5,87,87.5",21.2,80.72,96.92,GMCC SZ65F1H,38,1
551,551100532249913240551,"78,76.5,78.5,80.5,84,86,87,88",20.2,78.36,94.63,GMCC SZ65F1H,38,1
551,551100532249882120551,"76,75.5,77,78.5,80.5,82.5,83.5,84.5,85.5",21.3,80.95,97.15,GMCC SZ65F1H,38,1
551,551100532249882170551,"75,77.5,79,78.5,79,80.5,81.5,82,82.5,83.5,85",21.4,81.19,97.38,GMCC SZ65F1H,38,1
551,551100149549842440551,"75,73,79,78,80,81.5,82.5,83.5,86.5,86,87.5",21.1,80.48,96.69,GMCC SZ65F1H,38,1
551,551100532249882190551,"75.5,79.5,80,82,83.5,84,86.5,85,85.5,87",21.4,81.19,97.38,GMCC SZ65F1H,38,1
551,551100532249882200551,"75,77,78,79.5,82.5,82,84,83.5,85,85.5",21.4,81.19,97.38,GMCC SZ65F1H,38,1
551,551100532249878080551,"71.5,76,78.5,79.5,78,83,87,90,90.5",21.0,80.25,96.46,GMCC SZ65F1H,38,1
551,551100532249882310551,"76,77,77.5,80.5,82,82.5,85.5,86,87.5",21.4,81.19,97.38,GMCC SZ65F1H,38,1
551,551100532249882250551,"76,77,77.5,81,83,84",21.4,81.19,97.38,GMCC SZ65F1H,38,1
551,551100532249882270551,"76,77.5,77,80,79.5,83,84,85",21.4,81.19,97.38,GMCC SZ65F1H,38,1
551,551100532249882290551,"68.5,76,77,79,78.5,80.5,81.5,80.5,83,84.5",21.3,80.95,97.15,GMCC SZ65F1H,38,1
551,551100532249882320551,"73.5,77,78,76.5,79.5,81,84.5,85,84.5",21.5,81.42,97.61,GMCC SZ65F1H,38,1
551,551100532249876810551,"78.5,77,77.5,81.5,83.5,87,88.5,92,93",21.2,80.72,96.92,GMCC SZ65F1H,38,1
551,551100532249882330551,"69,76.5,71,77,78.5,80,84,85.5,86,87.5",21.4,81.19,97.38,GMCC SZ65F1H,38,1
551,551100532249881320551,"80.5,77.5,81,80,84.5,85,89,92,93.5",21.6,81.66,97.83,GMCC SZ65F1H,38,1
551,551100532249882340551,"75,76.5,77,78.5,81,82.5,86.5,85.5",21.4,81.19,97.38,GMCC SZ65F1H,38,1
551,551100532249882360551,"78.5,77,78,79,80.5,80,83,84,84.5,86.5,87",21.4,81.19,97.38,GMCC SZ65F1H,38,1
551,551100532249882380551,"79.5,78,81,80.5,81.5,82.5,85,83.5",21.3,80.95,97.15,GMCC SZ65F1H,38,1
551,551100532249875490551,"76,79,82.5,83,85,87,85.5,88",21.1,80.48,96.69,GMCC SZ65F1H,38,1
551,551100532249881580551,"75.5,78,79,80,82,84.5,86,88",21.6,81.66,97.83,GMCC SZ65F1H,38,1
551,551100532249880480551,"79.5,79,81,82.5,86,86.5,86",20.5,79.07,95.31,GMCC SZ65F1H,38,1
551,551100532249882810551,"75.5,70.5,74.5,77.5,78,79.5,81,84",21.2,80.72,96.92,GMCC SZ65F1H,38,1
551,551100532249882400551,"67,73.5,74,75.5,77.5,81,82,83,83.5",21.5,81.42,97.61,GMCC SZ65F1H,38,1
551,551100532249873580551,"78,79.5,81.5,82.5,83.5,84.5,87,89.5,90,90.5",21.5,81.42,97.61,GMCC SZ65F1H,38,1
551,551100532249882420551,"76,78,79.5,79,81.5,83,85,85.5,86",21.3,80.95,97.15,GMCC SZ65F1H,38,1
551,551100532249882470551,"74,78.5,82.5,83,84.5,85.5,85,87,87.5,87",21.4,81.19,97.38,GMCC SZ65F1H,38,1
551,551100149549842070551,"77.5,79,80.5,82.5,85,85.5,86.5,87,88.5,90.5",21.0,80.25,96.46,GMCC SZ65F1H,38,1
551,551100532249882500551,"75.5,79,79.5,83,84,85,86.5,88,87.5",21.3,80.95,97.15,GMCC SZ65F1H,38,1
551,551100532249882520551,"76.5,79,81,83.5,85.5,87,87.5",20.5,79.07,95.31,GMCC SZ65F1H,38,1
551,551100149549843440551,"75,77,78.5,80.5,82.5,84.5,86,85.5",21.5,81.42,97.61,GMCC SZ65F1H,38,1
551,551100532249882560551,"76.5,77.5,79,79.5,81.5,83.5,84,85.5,86",21.3,80.95,97.15,GMCC SZ65F1H,38,1
551,551100532249881840551,"75,78,80,83,87,86.5",21.4,81.19,97.38,GMCC SZ65F1H,38,1
551,551100532249882590551,"75.5,75,78,79.5,83,83.5,85.5,87.5",21.3,80.95,97.15,GMCC SZ65F1H,38,1
551,551100532249882600551,"77.5,78,80.5,81,83,84.5,86.5,88",21.3,80.95,97.15,GMCC SZ65F1H,38,1
551,551100532249881420551,"75,80,79,83,84,84.5,87.5,91",21.6,81.66,97.83,GMCC SZ65F1H,38,1
551,551100532249882620551,"78,81,82.5,86,87,90,89,90.5",21.3,80.95,97.15,GMCC SZ65F1H,38,1
551,551100532249882900551,"71,74.5,79.5,80.5,82,83,85,84",21.2,80.72,96.92,GMCC SZ65F1H,38,1
551,551100532249882640551,"77.5,80,81,81.5,82.5,85.5,87,89.5",21.3,80.95,97.15,GMCC SZ65F1H,38,1
551,551100532249882670551,"79,80,81,82.5,84.5,85,86.5,86",20.8,79.77,96.0,GMCC SZ65F1H,38,1
551,551100532249882690551,"78.5,80.5,81,83.5,85,86,88,88.5",21.3,80.95,97.15,GMCC SZ65F1H,38,1
551,551100532249882720551,"79,75.5,78,79,81,82.5,84.5,83.5",21.3,80.95,97.15,GMCC SZ65F1H,38,1
551,551100532249882710551,"75.5,76.5,77.5,79,81,82.5,84.5,85,86",21.3,80.95,97.15,GMCC SZ65F1H,38,1
551,551100532249882730551,"81,81.5,85,86.5,88,90.5,88.5",20.9,80.01,96.23,GMCC SZ65F1H,38,1
551,551100532249882740551,"76.5,78,79,81,81.5,83.5,84,83.5",20.5,79.07,95.31,GMCC SZ65F1H,38,1
551,551100532249882780551,"76.5,78.5,80,82.5,83.5,85.5,88,87.5",21.3,80.95,97.15,GMCC SZ65F1H,38,1
551,551100532249915830551,"81.5,83.5,85,86.5,87.5,89,92.5,91.5",21.6,81.66,97.83,GMCC SZ65F1H,38,1
551,551100532249882790551,"78.5,75.5,82,84,87,87.5,88,89",21.2,80.72,96.92,GMCC SZ65F1H,38,1
551,551100532249882860551,"76,77,78,78.5,77.5,81.5,82,83,84",21.3,80.95,97.15,GMCC SZ65F1H,38,1
551,551100532249882930551,"74.5,72,76.5,78,79.5,80.5,81.5,82.5,83,84",21.2,80.72,96.92,GMCC SZ65F1H,38,1
551,551100532249883050551,"76,78.5,80.5,81.5,82.5,83.5,84,85.5,86.5",21.2,80.72,96.92,GMCC SZ65F1H,38,1
551,551100532249883110551,"78,78.5,79.5,82,82.5,83.5,85.5,87.5,89.5",21.3,80.95,97.15,GMCC SZ65F1H,38,1
551,551100532249883260551,"75,79,80,81.5,84.5,86.5,87,88,88.5,89.5",21.6,81.66,97.83,GMCC SZ65F1H,38,1
551,551100532249883280551,"78,80.5,82.5,82,85,87.5,89.5,91.5",21.5,81.42,97.61,GMCC SZ65F1H,38,1
551,551100532249877770551,"79.5,78,79,81,85,86.5,87,86.5,89",20.9,80.01,96.23,GMCC SZ65F1H,38,1
551,551100532249883330551,"76,78.5,81.5,82,83.5,84,88,88.5",21.5,81.42,97.61,GMCC SZ65F1H,38,1
551,551100532249883390551,"80.5,81.5,83,85.5,85,88.5,91.5,90",21.4,81.19,97.38,GMCC SZ65F1H,38,1
551,551100532249883430551,"77.5,78.5,80.5,83.5,85,88.5,90,89.5",21.4,81.19,97.38,GMCC SZ65F1H,38,1
551,551100149549843110551,"71.5,75,78,81.5,83.5,84,84.5,87",21.2,80.72,96.92,GMCC SZ65F1H,38,1
551,551100532249912540551,"73.5,74.5,80,83,85.5,86.5",20.2,78.36,94.63,GMCC SZ65F1H,38,1
551,551100532249912590551,"74.5,77,84.5,84,82,85,86",20.2,78.36,94.63,GMCC SZ65F1H,38,1
551,551100532249912650551,"75,77.5,82.5,83.5,85.5,87,88.5,88",20.1,78.13,94.4,GMCC SZ65F1H,38,1
551,551100532249878720551,"76,76.5,77,80.5,83,84.5,85.5,87.5",21.2,80.72,96.92,GMCC SZ65F1H,38,1
551,551100532249912740551,"73.5,78,78.5,80.5,82.5,83.5,85,86,87",20.1,78.13,94.4,GMCC SZ65F1H,38,1
551,551100532249879060551,"80,79.5,80,83,84,86,88.5,89.5",21.0,80.25,96.46,GMCC SZ65F1H,38,1
551,551100532249912630551,"70.5,76.5,79.5,81.5,83.5,85,88,88.5",20.1,78.13,94.4,GMCC SZ65F1H,38,1
551,551100532249912750551,"75,72,76.5,76,78,82.5,83.5",20.1,78.13,94.4,GMCC SZ65F1H,38,1
551,551100532249912790551,"75,72.5,74.5,75,79,79.5,80.5,82,83,83.5,85,84.5",20.1,78.13,94.4,GMCC SZ65F1H,38,1
551,551100532249915470551,"75,79.5,80.5,81.5,85,89,89.5,87.5,90.5",21.6,81.66,97.83,GMCC SZ65F1H,38,1
551,551100532249874920551,"75.5,73.5,78,80,80.5,83,84.5,86,90",21.1,80.48,96.69,GMCC SZ65F1H,38,1
551,551100149549842490551,"77,76.5,79.5,81.5,84.5,85.5,87.5,89,90",21.0,80.25,96.46,GMCC SZ65F1H,38,1
551,551100532249912800551,"78,75.5,80,81.5,82,83,83.5,86",20.2,78.36,94.63,GMCC SZ65F1H,38,1
551,551100532249875820551,"76,81,82,83,86.5,90.5",21.1,80.48,96.69,GMCC SZ65F1H,38,1
551,551100532249912820551,"73.5,75.5,80,82.5,85,85.5,87,88.5",20.1,78.13,94.4,GMCC SZ65F1H,38,1
551,551100532249875790551,"78.5,79.5,81.5,82.5,84.5,86,85.5",21.1,80.48,96.69,GMCC SZ65F1H,38,1
551,551100532249878040551,"79.5,78,81,82,84.5,86,87,88,89",20.9,80.01,96.23,GMCC SZ65F1H,38,1
551,551100532249912830551,"76.5,78,81,82.5,87,88,89.5,90.5,91.5",20.1,78.13,94.4,GMCC SZ65F1H,38,1
551,551100532249880590551,"78.5,79,80,83.5,84,86,85.5",20.6,79.3,95.54,GMCC SZ65F1H,38,1
551,551100532249912870551,"74.5,78,78.5,79,81,83,85.5,85",20.1,78.13,94.4,GMCC SZ65F1H,38,1
551,551100532249912880551,"72.5,74,75,77,77.5,77,79,81,83.5",20.1,78.13,94.4,GMCC SZ65F1H,38,1
551,551100532249912900551,"72.5,74.5,78,79.5,81,83.5,84,83.5,84.5",20.1,78.13,94.4,GMCC SZ65F1H,38,1
551,551100149549843290551,"76,76.5,79,81.5,82,84.5,85.5,88,87.5",21.0,80.25,96.46,GMCC SZ65F1H,38,1
551,551100532249912930551,"73.5,76,75.5,78,79,78,80,82.5,81",20.1,78.13,94.4,GMCC SZ65F1H,38,1
551,551100532249915550551,"76.5,80.5,80,84,85,88.5,88,89,93",21.6,81.66,97.83,GMCC SZ65F1H,38,1
551,551100532249912960551,"72,73.5,76,78,77.5,78.5,81.5,82.5,84.5",20.1,78.13,94.4,GMCC SZ65F1H,38,1
551,551100532249912980551,"71.5,80.5,81.5,82,84.5,85.5,88,87",20.1,78.13,94.4,GMCC SZ65F1H,38,1
551,551100532249913000551,"71,74.5,76,79.5,83,84.5,85,85.5",20.1,78.13,94.4,GMCC SZ65F1H,38,1
551,551100532249875520551,"76.5,79,81,82,84,86,87,88.5,89,88.5",21.0,80.25,96.46,GMCC SZ65F1H,38,1
551,551100532249913010551,"75.5,79,81.5,84,85,88,87.5",20.1,78.13,94.4,GMCC SZ65F1H,38,1
551,551100532249913020551,"70.5,74,75,77.5,79.5,80.5,82,84.5,85.5",20.1,78.13,94.4,GMCC SZ65F1H,38,1
551,551100532249913030551,"73.5,73,76.5,78,80,79.5,81,83",20.1,78.13,94.4,GMCC SZ65F1H,38,1
551,551100532249877250551,"80.5,79,82.5,84.5,85,87,88.5,89,89.5",21.1,80.48,96.69,GMCC SZ65F1H,38,1
551,551100532249881430551,"76.5,78.5,82,83,86,88,89.5,89",21.6,81.66,97.83,GMCC SZ65F1H,38,1
551,551100532249913060551,"75,77.5,78.5,81,81.5,82.5,84.5",20.1,78.13,94.4,GMCC SZ65F1H,38,1
551,551100532249881970551,"76.5,77.5,77,79,80.5,82.5,84.5,86,86.5,87.5",21.5,81.42,97.61,GMCC SZ65F1H,38,1
551,551100532249913130551,"74.5,75,77.5,80.5,81.5,82,82.5,85.5",20.1,78.13,94.4,GMCC SZ65F1H,38,1
551,551100532249913170551,"74,75.5,81.5,85,86,87,88,86.5",20.2,78.36,94.63,GMCC SZ65F1H,38,1
551,551100532249913210551,"78,77.5,81.5,83,84.5,85.5,86.5,87,88.5",20.1,78.13,94.4,GMCC SZ65F1H,38,1
551,551100149549843430551,"78,79,81.5,82.5,85,87.5,88.5",21.0,80.25,96.46,GMCC SZ65F1H,38,1
551,551100532249878500551,"71.5,79.5,81.5,82,84.5,87,86.5",20.8,79.77,96.0,GMCC SZ65F1H,38,1
551,551100532249913250551,"76.5,77.5,82.5,82,84,86,89,88.5",20.2,78.36,94.63,GMCC SZ65F1H,38,1
551,551100532249913280551,"78,79,81.5,82.5,82,82.5,85,86.5,86",20.1,78.13,94.4,GMCC SZ65F1H,38,1
551,551100532249913300551,"75,72.5,79,80,80.5,82,82.5,84.5,87.5,87",20.2,78.36,94.63,GMCC SZ65F1H,38,1
551,551100532249874640551,"78.5,79,78.5,79,77,78.5,78,76.5,77.5",21.1,80.48,96.69,NS,NS,0
551,551100532249881740551,"73,74,72.5",21.5,81.42,97.61,NS,NS,0
551,551100532249879650551,"86,83.5,85.5,88,90,91.5,92,94,99",20.5,79.07,95.31,NS,NS,0
551,551100532249913110551,"64,68,71,71.5,71,71.5,74,73",20.1,78.13,94.4,NS,NS,0
551,551100532249882390551,"76.5,75.5,77.5,79.5,79,80,79.5,80.5",21.3,80.95,97.15,NS,NS,0
999,999999,"57.3,59.3,62.1,61.5,67.2,69.5,74.8,76.1,75.2,74.4",10.0,999.0,999.0,999,999,0
999,999999,"62.3,64.4,64.5,64.3,67.8,68.5,70.8,70.8,71.6",9.9,999.0,999.0,999,999,0
999,999999,"86.5,86.3,89.5,90.3,92.7,95.0,97.3,98.3,98.2,100.8",9.9,999.0,999.0,999,999,0
999,999999,"74.8,77.5,80.8,82.4,82.9,84.5",10.1,999.0,999.0,999,999,0
999,999999,"98.1,98.1,102.1,95.9,97.1,128.3,96.6,97.2,98.1,102.0",10.4,999.0,999.0,999,999,0
999,999999,"99.1,98.1,98.6,100.1,99.6,96.9,100.9,101.5",10.4,999.0,999.0,999,999,0
999,999999,"61.2,63.7,64.5,63.0,64.2,66.2,66.6,69.6,69.7,70.8",10.1,999.0,999.0,999,999,0
999,999999,"80.6,84.3,85.6,85.3,88.5,91.7,94.4,93.6,96.0",10.5,999.0,999.0,999,999,0
999,999999,"111.7,112.1,111.4,112.4,112.6",11.1,999.0,999.0,999,999,0
999,999999,"98.6,101.2,102.9,104.5,105.0,107.4,108.9,110.9,109.6,112.0",10.5,999.0,999.0,999,999,0
999,999999,"111.3,112.2,113.6,113.4,115.6,118.0,118.5",11.2,999.0,999.0,999,999,0
999,999999,"95.7,98.8,100.8,101.3,196.7,101.5,105.7,107.2,109.0",10.6,999.0,999.0,999,999,0
999,999999,"72.2,72.1,73.3,74.2,77.2",11.6,999.0,999.0,999,999,0
999,999999,"95.9,98.9,101.1,104.6,105.5,106.0,108.0",11.7,999.0,999.0,999,999,0
999,999999,"85.2,88.5,90.1,89.7,93.5,95.0,97.4,98.9,97.9,101.9",11.7,999.0,999.0,999,999,0
999,999999,"112.2,113.0,113.0,114.4,117.6,119.3",11.9,999.0,999.0,999,999,0
999,999999,"96.5,95.0,99.0,99.5,99.3,100.4",12.0,999.0,999.0,999,999,0
999,999999,"72.1,168.3,74.2,74.0,74.7",11.2,999.0,999.0,999,999,0
999,999999,"79.7,80.9,84.7,88.6,90.4,98.5,100.6,27.6,103.2",11.6,999.0,999.0,999,999,0
999,999999,"91.1,92.7,91.0,91.6,15.3,93.6,94.3,96.4",11.4,999.0,999.0,999,999,0
999,999999,"104.4,103.2,105.1,107.5,111.4,110.2,109.7,110.8",12.2,999.0,999.0,999,999,0
999,999999,"76.8,76.6,78.0,79.1,80.9,82.6,83.8,85.1,88.1,91.0",11.7,999.0,999.0,999,999,0
999,999999,"107.2,110.0,111.9,117.8,118.8",12.2,999.0,999.0,999,999,0
999,999999,"115.2,115.2,28.5,115.4,117.6,118.7,119.2,117.2,119.7,119.2",12.5,999.0,999.0,999,999,0
999,999999,"86.0,87.2,87.9,86.3,87.4,87.1,89.8",12.6,999.0,999.0,999,999,0
999,999999,"78.4,81.9,82.8,83.3,145.3,82.6",12.5,999.0,999.0,999,999,0
999,999999,"61.3,63.7,64.3,70.3,74.0",12.9,999.0,999.0,999,999,0
999,999999,"106.9,108.2,110.8,113.7,114.0,117.3",12.2,999.0,999.0,999,999,0
999,999999,"63.5,66.1,73.0,74.3,77.5,83.0,86.8,88.6,90.6",13.1,999.0,999.0,999,999,0
999,999999,"101.7,102.9,105.0,107.8,109.3,110.5",13.1,999.0,999.0,999,999,0
999,999999,"80.4,81.9,82.1,84.6,86.9,88.1,89.0,89.3,92.2",12.6,999.0,999.0,999,999,0
999,999999,"62.3,65.3,68.3,69.6,72.0",12.9,999.0,999.0,999,999,0
999,999999,"105.8,106.2,108.0,110.1,111.6,114.3,114.5,115.7",13.6,999.0,999.0,999,999,0
999,999999,"70.9,71.5,15.9,75.1,77.4,79.6",13.4,999.0,999.0,999,999,0
999,999999,"66.4,28.8,69.3,68.0,70.4",13.5,999.0,999.0,999,999,0
999,999999,"84.5,85.4,85.8,88.6,88.6,110.4,93.1,92.8",14.0,999.0,999.0,999,999,0
999,999999,"70.3,71.6,75.6,77.0,78.2,79.3",13.9,999.0,999.0,999,999,0
999,999999,"104.1,106.1,107.8,108.7,107.2",13.6,999.0,999.0,999,999,0
999,999999,"78.1,80.3,15.9,85.9,86.4,89.8,92.6,96.7,99.1,103.1",13.5,999.0,999.0,999,999,0
999,999999,"82.2,81.8,81.7,80.3,82.1,83.3,84.2,85.6",14.0,999.0,999.0,999,999,0
999,999999,"60.9,62.0,63.1,64.8,69.0,71.7,72.2",14.0,999.0,999.0,999,999,0
999,999999,"63.6,71.2,182.0,72.8,75.4,81.1,82.7,82.6,85.6",14.5,999.0,999.0,999,999,0
999,999999,"89.9,91.1,93.6,94.2,95.9,96.2,96.4,101.8",14.1,999.0,999.0,999,999,0
999,999999,"97.7,98.9,99.7,102.5,152.0,103.2,106.1,109.1,109.9,110.1",14.5,999.0,999.0,999,999,0
999,999999,"81.7,85.1,91.7,94.5,95.6,97.8,98.2",14.8,999.0,999.0,999,999,0
999,999999,"57.4,58.1,58.9,60.5,62.9,67.7,72.2",14.5,999.0,999.0,999,999,0
999,999999,"86.6,85.6,87.3,89.5,91.6",14.7,999.0,999.0,999,999,0
999,999999,"89.5,90.1,91.3,93.1,94.9",14.8,999.0,999.0,999,999,0
999,999999,"86.1,87.7,89.2,90.8,92.0,96.0,28.2",15.0,999.0,999.0,999,999,0
999,999999,"80.4,83.1,81.8,83.6,86.4,87.9,145.3",14.7,999.0,999.0,999,999,0
999,999999,"91.1,93.8,98.3,98.0,99.3,100.3,102.4,103.7,103.7,103.6",14.6,999.0,999.0,999,999,0
999,999999,"83.6,79.7,81.2,24.5,88.2,88.8,88.1,89.8",14.7,999.0,999.0,999,999,0
999,999999,"101.4,101.7,102.0,103.7,104.7,106.7",15.2,999.0,999.0,999,999,0
999,999999,"112.4,115.1,116.2,117.1,18.7,118.2",15.7,999.0,999.0,999,999,0
999,999999,"98.3,96.7,99.5,101.1,104.1,105.8,107.8,109.5,112.5",15.3,999.0,999.0,999,999,0
999,999999,"75.8,79.6,78.5,78.3,79.4,80.7,82.9,85.3",15.9,999.0,999.0,999,999,0
999,999999,"99.5,97.9,98.3,100.5,104.1,105.9,107.9,109.3,110.5,114.2",15.2,999.0,999.0,999,999,0
999,999999,"94.4,94.7,92.9,93.5,94.3",15.3,999.0,999.0,999,999,0
999,999999,"104.3,102.1,105.7,105.9,106.9,179.3,112.3,117.0",15.5,999.0,999.0,999,999,0
999,999999,"104.1,106.2,109.2,111.7,189.2",15.9,999.0,999.0,999,999,0
999,999999,"84.2,87.5,196.2,91.3,91.3",15.5,999.0,999.0,999,999,0
999,999999,"69.5,73.0,75.0,73.7,75.5,76.5,77.2",16.3,999.0,999.0,999,999,0
999,999999,"109.9,112.2,112.4,112.5,113.0",15.8,999.0,999.0,999,999,0
999,999999,"86.1,87.4,86.5,85.9,88.1,88.3,89.0,90.6,91.4,89.5",16.7,999.0,999.0,999,999,0
999,999999,"89.7,92.0,92.7,92.6,94.5,97.8,101.0,100.0,101.4",16.4,999.0,999.0,999,999,0
999,999999,"68.6,67.9,68.5,70.9,73.2,76.3,79.7,81.9,83.8",16.3,999.0,999.0,999,999,0
999,999999,"67.9,67.1,68.9,69.8,71.4,71.1,70.1",16.8,999.0,999.0,999,999,0
999,999999,"70.3,71.4,71.9,75.6,77.1,77.0",16.2,999.0,999.0,999,999,0
999,999999,"80.8,83.5,83.6,85.1,86.7,83.9,85.7,88.8,89.9,90.9",16.7,999.0,999.0,999,999,0
999,999999,"96.8,96.9,98.1,97.2,100.0,101.7,20.1",17.0,999.0,999.0,999,999,0
999,999999,"81.3,86.8,88.7,21.9,89.8",16.7,999.0,999.0,999,999,0
999,999999,"87.0,88.0,87.9,89.4,93.1,93.8,96.6",17.0,999.0,999.0,999,999,0
999,999999,"71.8,74.2,74.0,74.8,74.9",17.0,999.0,999.0,999,999,0
999,999999,"75.3,77.4,79.2,79.1,79.0,78.8,81.2,86.2,86.3,87.9",17.6,999.0,999.0,999,999,0
999,999999,"102.5,103.0,104.8,104.2,103.7,105.1",17.5,999.0,999.0,999,999,0
999,999999,"92.0,93.8,91.6,93.7,96.8,99.8,98.9,102.0,103.5",18.0,999.0,999.0,999,999,0
999,999999,"103.6,107.4,110.8,110.3,109.5,110.8,111.7",17.6,999.0,999.0,999,999,0
999,999999,"102.6,143.5,105.8,108.3,110.7,112.2,112.6,115.1,117.9,119.3",18.1,999.0,999.0,999,999,0
999,999999,"98.1,99.4,101.1,101.9,103.9,108.5,122.1,110.6,111.2,111.1",18.2,999.0,999.0,999,999,0
999,999999,"82.1,82.9,83.8,83.3,86.0,89.3,89.9,92.8,93.2,95.7",18.0,999.0,999.0,999,999,0
999,999999,"94.8,93.4,95.3,96.5,100.4",18.4,999.0,999.0,999,999,0
999,999999,"61.6,63.2,71.7,72.7,72.2,73.5,74.1,74.3,76.3,76.4",18.4,999.0,999.0,999,999,0
999,999999,"57.9,56.0,57.4,155.3,62.5,63.8,70.1,69.9,72.4",17.8,999.0,999.0,999,999,0
999,999999,"93.3,96.5,25.8,98.5,101.0",18.1,999.0,999.0,999,999,0
999,999999,"60.6,63.5,66.0,68.4,70.2,73.8,76.0,77.7,81.8",18.9,999.0,999.0,999,999,0
999,999999,"78.3,79.5,84.5,86.1,88.2,88.4,87.8,88.2",18.8,999.0,999.0,999,999,0
999,999999,"106.1,107.7,110.7,111.0,110.6,113.7",19.1,999.0,999.0,999,999,0
999,999999,"66.6,180.2,68.4,72.6,74.3",18.3,999.0,999.0,999,999,0
999,999999,"88.9,93.5,96.1,95.3,94.7,98.5",18.9,999.0,999.0,999,999,0
999,999999,"96.1,95.3,94.4,96.6,97.5,99.2",18.4,999.0,999.0,999,999,0
999,999999,"89.2,87.7,86.8,86.6,86.8",19.3,999.0,999.0,999,999,0
999,999999,"101.8,103.0,104.3,106.7,198.5,109.4,109.5",18.9,999.0,999.0,999,999,0
999,999999,"67.9,66.6,65.9,66.3,67.4,72.7,74.0,74.8",19.1,999.0,999.0,999,999,0
999,999999,"74.5,73.8,29.4,70.6,73.3,72.5,74.0,77.3",19.4,999.0,999.0,999,999,0
999,999999,"95.4,98.5,100.0,19.7,101.5,106.4",19.7,999.0,999.0,999,999,0
999,999999,"68.5,68.6,70.6,71.2,73.9,72.3,75.4,74.5,79.0,81.3",19.4,999.0,999.0,999,999,0
999,999999,"109.3,110.2,110.2,110.2,110.8,111.6,112.7,114.7,117.0,117.1",19.1,999.0,999.0,999,999,0
999,999999,"73.5,76.0,77.3,77.9,78.9,80.2",20.1,999.0,999.0,999,999,0
999,999999,"76.3,77.4,79.9,81.7,81.6",20.1,999.0,999.0,999,999,0
999,999999,"117.0,116.9,117.7,118.5,118.4",19.5,999.0,999.0,999,999,0
999,999999,"66.3,68.8,68.4,71.9,73.6,73.4",20.1,999.0,999.0,999,999,0
999,999999,"89.4,88.9,91.5,94.3,104.2,105.5,106.9,109.4,111.4",20.6,999.0,999.0,999,999,0
999,999999,"66.3,67.3,70.1,71.5,74.7,76.6",20.0,999.0,999.0,999,999,0
999,999999,"89.4,87.7,88.5,87.2,86.7,88.3,88.8,91.9",20.5,999.0,999.0,999,999,0
999,999999,"94.9,172.8,99.2,98.0,98.8,99.3,103.0",20.8,999.0,999.0,999,999,0
999,999999,"70.4,74.2,74.9,76.7,76.4,76.7,77.4,74.6",20.1,999.0,999.0,999,999,0
999,999999,"73.8,74.9,77.0,80.2,78.7,80.2",20.6,999.0,999.0,999,999,0
999,999999,"87.0,89.8,150.5,98.0,100.0,98.1",20.7,999.0,999.0,999,999,0
999,999999,"103.1,102.1,103.9,111.3,114.9",20.8,999.0,999.0,999,999,0
999,999999,"88.1,87.7,89.6,90.3,93.9,97.1,98.3,99.2",21.2,999.0,999.0,999,999,0
999,999999,"67.5,68.0,68.2,69.3,69.5,72.7,73.7,76.6,78.2,80.2",21.0,999.0,999.0,999,999,0
999,999999,"74.6,75.8,77.5,78.8,79.1,80.9,80.7,81.2",21.4,999.0,999.0,999,999,0
999,999999,"103.6,106.2,108.8,111.2,112.8",21.5,999.0,999.0,999,999,0
999,999999,"97.1,98.9,99.7,104.0,103.9,106.0,107.1,109.8,107.5",21.1,999.0,999.0,999,999,0
999,999999,"72.1,72.5,73.9,77.8,77.7,199.3,81.7,80.9",21.4,999.0,999.0,999,999,0
999,999999,"107.1,107.4,108.7,109.5,111.9,112.9,113.9,115.9,119.0",21.9,999.0,999.0,999,999,0
999,999999,"112.4,18.0,113.5,115.8,115.1,114.4,114.9",21.8,999.0,999.0,999,999,0
999,999999,"103.3,106.5,111.1,112.8,115.8,117.5,116.6,117.4,116.9,117.0",21.8,999.0,999.0,999,999,0
999,999999,"92.8,95.5,97.3,97.3,101.1,101.3,103.0,106.7,104.8,105.8",21.7,999.0,999.0,999,999,0
999,999999,"105.1,104.7,106.3,106.8,108.7,109.5,109.1,111.2,112.8",21.5,999.0,999.0,999,999,0
999,999999,"68.1,68.2,71.5,71.7,73.7,74.5,74.4,75.6,76.0,78.6",21.9,999.0,999.0,999,999,0
999,999999,"64.9,66.8,70.3,70.8,72.6,73.1,74.0",21.7,999.0,999.0,999,999,0
999,999999,"107.9,108.5,111.4,181.9,113.2",22.3,999.0,999.0,999,999,0
999,999999,"74.4,79.3,80.0,75.6,78.3,81.0,83.9,84.9,86.7",22.1,999.0,999.0,999,999,0
999,999999,"58.3,60.9,61.7,64.4,63.9,64.7,67.8,74.6,76.2",22.4,999.0,999.0,999,999,0
999,999999,"69.5,69.6,70.2,73.0,76.5,77.7,77.5,78.0",22.1,999.0,999.0,999,999,0
999,999999,"104.4,168.8,108.2,110.4,112.8",22.3,999.0,999.0,999,999,0
999,999999,"76.6,77.0,75.7,76.3,78.2",22.8,999.0,999.0,999,999,0
999,999999,"102.6,104.9,105.8,107.1,105.8,22.9,108.4",22.6,999.0,999.0,999,999,0
999,999999,"59.3,61.2,65.9,70.9,71.5,73.0,75.1,76.2,78.2",22.5,999.0,999.0,999,999,0
999,999999,"102.5,102.8,102.0,101.5,104.6,106.7,107.6,108.8",22.6,999.0,999.0,999,999,0
999,999999,"118.6,118.9,119.5,118.5,118.1,119.6,118.9,116.5",22.7,999.0,999.0,999,999,0
999,999999,"79.3,80.6,84.4,86.7,82.7,81.1,84.6,88.5,93.0,94.9",23.0,999.0,999.0,999,999,0
999,999999,"15.5,98.2,99.8,103.0,105.8,105.5,107.5,107.6,107.3",23.1,999.0,999.0,999,999,0
999,999999,"91.0,93.4,93.6,92.3,93.3,94.1",23.5,999.0,999.0,999,999,0
999,999999,"62.3,64.4,67.4,68.9,70.5,66.9,71.5,73.4,20.5,77.6",23.2,999.0,999.0,999,999,0
999,999999,"66.2,67.4,69.7,72.4,72.2,74.0,77.2",23.2,999.0,999.0,999,999,0
999,999999,"62.4,66.3,67.7,68.8,69.9,73.4,74.5,73.4,72.7,74.9",23.8,999.0,999.0,999,999,0
999,999999,"106.1,106.9,107.2,109.9,111.9,113.2,115.3,116.5,115.3",23.9,999.0,999.0,999,999,0
999,999999,"95.5,100.9,104.3,105.7,106.6,107.9,107.3,108.2,110.8",23.8,999.0,999.0,999,999,0
999,999999,"61.5,61.1,63.4,65.3,68.5,70.1",23.7,999.0,999.0,999,999,0
999,999999,"106.3,107.3,107.3,108.9,108.8,111.5,113.6,112.7",23.7,999.0,999.0,999,999,0
999,999999,"107.1,104.7,105.9,106.8,109.6,110.2",24.0,999.0,999.0,999,999,0
999,999999,"110.3,111.6,112.7,114.2,115.5,116.0,117.3",24.1,999.0,999.0,999,999,0
999,999999,"81.0,82.7,85.2,86.5,20.6,91.1,93.3,94.6,97.1,97.6",24.5,999.0,999.0,999,999,0
999,999999,"106.8,108.0,107.2,109.2,116.3,118.1",24.5,999.0,999.0,999,999,0
999,999999,"70.2,73.1,76.5,78.0,80.1",24.8,999.0,999.0,999,999,0
999,999999,"71.0,73.8,74.9,76.8,80.7,81.6,84.0,86.6",24.3,999.0,999.0,999,999,0
999,999999,"64.6,66.5,70.7,73.1,75.8,78.7",25.3,999.0,999.0,999,999,0
999,999999,"53.2,54.7,57.6,70.6,70.6",25.3,999.0,999.0,999,999,0
999,999999,"81.8,83.0,83.5,84.7,85.9,91.2,91.2,90.4,91.5,121.5",25.3,999.0,999.0,999,999,0
999,999999,"69.6,74.3,78.5,78.6,82.5,85.6,86.8,90.7,94.6",25.4,999.0,999.0,999,999,0
999,999999,"56.5,60.1,59.3,28.8,66.3,68.5,69.0,70.4,72.7,73.2",25.5,999.0,999.0,999,999,0
999,999999,"112.0,113.0,115.4,116.7,116.3,117.9",25.4,999.0,999.0,999,999,0
999,999999,"102.3,102.9,105.0,104.9,107.8,109.2",25.6,999.0,999.0,999,999,0
999,999999,"84.5,87.3,88.5,91.7,93.3,93.2,96.0,99.9",25.6,999.0,999.0,999,999,0
999,999999,"84.0,86.7,85.0,85.7,87.4,91.2",25.3,999.0,999.0,999,999,0
999,999999,"88.8,89.8,91.9,94.6,97.4,99.4,102.2",25.5,999.0,999.0,999,999,0
999,999999,"77.4,75.6,75.6,77.9,78.7,81.1,83.2,82.8,84.9,87.8",25.9,999.0,999.0,999,999,0
999,999999,"112.7,113.5,116.2,116.8,196.2",26.1,999.0,999.0,999,999,0
999,999999,"94.5,96.8,100.2,101.4,101.7,103.0,103.9",26.3,999.0,999.0,999,999,0
999,999999,"85.9,88.4,89.3,90.9,93.8,96.3",25.8,999.0,999.0,999,999,0
999,999999,"79.9,79.9,82.5,83.3,84.3,87.0,87.9,91.2",26.4,999.0,999.0,999,999,0
999,999999,"88.5,91.1,90.7,92.6,93.7,96.5,99.1",26.3,999.0,999.0,999,999,0
999,999999,"96.6,99.3,98.0,101.9,104.0,105.1,105.7",26.5,999.0,999.0,999,999,0
999,999999,"77.2,78.5,78.3,82.5,83.1,83.5",26.5,999.0,999.0,999,999,0
999,999999,"63.9,63.1,64.4,29.5,63.6,63.9,66.2,70.0,80.9",26.7,999.0,999.0,999,999,0
999,999999,"71.8,73.1,74.3,78.3,80.7,82.4,81.0,79.6",26.9,999.0,999.0,999,999,0
999,999999,"94.6,96.0,95.5,98.8,102.6",27.1,999.0,999.0,999,999,0
999,999999,"57.5,58.9,61.5,62.3,63.4,25.6,68.9,69.2,71.7",26.9,999.0,999.0,999,999,0
999,999999,"58.4,60.2,60.8,59.7,64.0,63.5,65.3,67.5,70.9",26.6,999.0,999.0,999,999,0
999,999999,"75.0,75.8,77.2,79.1,81.1,79.2,79.9,15.0",27.1,999.0,999.0,999,999,0
999,999999,"93.8,94.9,96.0,96.5,99.3,101.1,102.1,103.0",27.7,999.0,999.0,999,999,0
999,999999,"96.6,98.1,98.0,100.4,99.8,101.7,104.0,103.2",27.6,999.0,999.0,999,999,0
999,999999,"93.9,95.1,97.7,99.5,99.1,199.1,104.9,107.8,109.0",27.3,999.0,999.0,999,999,0
999,999999,"105.6,107.7,107.2,108.1,110.0",27.6,999.0,999.0,999,999,0
999,999999,"75.5,77.4,77.7,79.1,77.6,78.8,79.7,83.9,84.7",27.2,999.0,999.0,999,999,0
999,999999,"72.4,76.9,77.3,79.9,80.2,84.1,84.8",27.4,999.0,999.0,999,999,0
999,999999,"90.9,90.4,92.3,92.7,95.5,97.1",27.5,999.0,999.0,999,999,0
999,999999,"80.8,83.1,86.6,87.5,87.0,20.4,90.5,91.1,92.4,91.6",27.8,999.0,999.0,999,999,0
999,999999,"74.6,76.3,79.1,82.5,85.5",27.6,999.0,999.0,999,999,0
999,999999,"100.1,102.4,105.7,106.8,104.6,105.2,105.0,105.8",27.7,999.0,999.0,999,999,0
999,999999,"19.1,177.8,60.7,60.7,65.1,68.4,71.3,72.6",28.6,999.0,999.0,999,999,0
999,999999,"97.1,101.2,106.0,106.9,107.7,109.3,105.2,113.1",27.8,999.0,999.0,999,999,0
999,999999,"66.2,65.1,64.2,68.3,70.9,70.3,74.1,74.1,77.0",28.7,999.0,999.0,999,999,0
999,999999,"64.8,65.6,23.1,70.0,71.8,75.7",28.3,999.0,999.0,999,999,0
999,999999,"79.7,82.4,83.2,84.9,85.6,88.9,89.1",28.9,999.0,999.0,999,999,0
999,999999,"78.1,78.0,80.2,80.9,83.4,86.3,86.6",28.7,999.0,999.0,999,999,0
999,999999,"190.3,71.9,74.1,73.1,74.8,76.5",28.9,999.0,999.0,999,999,0
999,999999,"81.5,83.2,86.5,148.5,92.3,93.9,94.5",29.1,999.0,999.0,999,999,0
999,999999,"64.0,66.4,69.0,70.9,72.1,72.2",29.3,999.0,999.0,999,999,0
999,999999,"75.4,16.1,75.8,76.5,76.3,76.3,77.8,78.8,80.4",28.9,999.0,999.0,999,999,0
999,999999,"103.4,105.8,107.2,109.7,108.1,107.7,107.1,109.6,109.7,114.7",29.4,999.0,999.0,999,999,0
999,999999,"85.0,174.9,87.4,88.1,92.0,93.6,93.4,95.3",29.0,999.0,999.0,999,999,0
999,999999,"76.8,78.1,79.0,187.5,81.6,83.6,83.8,84.8",29.3,999.0,999.0,999,999,0
999,999999,"78.5,80.3,81.6,81.7,80.7,82.7,81.3",29.3,999.0,999.0,999,999,0
999,999999,"82.8,15.1,89.4,90.3,91.6",29.4,999.0,999.0,999,999,0
999,999999,"85.9,88.0,89.5,90.7,93.1,96.5,99.4,101.1",29.9,999.0,999.0,999,999,0
999,999999,"107.2,109.5,115.9,22.6,118.1",30.3,999.0,999.0,999,999,0
999,999999,"85.6,87.8,88.3,90.7,92.2,94.5,94.9,95.8,96.8,97.7",29.7,999.0,999.0,999,999,0
999,999999,"107.7,108.0,109.7,110.4,113.3,113.1,113.8,114.1,114.0",29.8,999.0,999.0,999,999,0
999,999999,"99.4,100.2,100.0,100.9,102.4,104.2",29.8,999.0,999.0,999,999,0
999,999999,"71.0,73.1,73.8,74.5,75.3,76.6,77.1,79.2",30.2,999.0,999.0,999,999,0
999,999999,"106.3,108.2,109.3,22.4,113.7",30.3,999.0,999.0,999,999,0
999,999999,"101.6,102.9,106.8,111.4,111.9,114.1,114.9",30.3,999.0,999.0,999,999,0
999,999999,"75.6,69.9,70.9,71.0,75.0,75.2,77.5,24.2",30.4,999.0,999.0,999,999,0
999,999999,"56.8,60.2,61.2,61.8,65.8,70.2,70.2",30.3,999.0,999.0,999,999,0
999,999999,"89.8,89.7,87.8,88.8,89.8,92.9,95.3",31.1,999.0,999.0,999,999,0
999,999999,"105.4,107.7,109.6,108.4,112.6,113.1,115.4",30.6,999.0,999.0,999,999,0
999,999999,"69.7,71.5,74.4,78.4,79.2,78.9,83.0,83.4,85.3",30.8,999.0,999.0,999,999,0
999,999999,"96.2,96.5,97.3,97.7,99.2",31.1,999.0,999.0,999,999,0
999,999999,"81.6,79.5,78.7,80.7,81.2",31.1,999.0,999.0,999,999,0
999,999999,"95.5,96.3,99.3,99.3,184.3,102.2,102.4,103.6,98.7",31.2,999.0,999.0,999,999,0
999,999999,"109.2,111.8,113.3,113.6,115.6,117.0",31.3,999.0,999.0,999,999,0
999,999999,"78.6,83.0,141.5,91.4,91.2,91.7,94.4",31.3,999.0,999.0,999,999,0
999,999999,"63.7,100.1,67.6,67.8,70.9,72.7,72.7,74.5,77.8,76.6",31.7,999.0,999.0,999,999,0
999,999999,"113.1,112.7,112.6,113.5,113.3,16.3",31.8,999.0,999.0,999,999,0
999,999999,"86.5,88.1,89.4,88.7,21.6,87.5,90.1,91.6,92.4,94.3",31.6,999.0,999.0,999,999,0
999,999999,"106.8,106.8,110.9,111.0,113.0,110.0,111.0,111.8",31.7,999.0,999.0,999,999,0
999,999999,"85.5,167.4,92.1,92.4,94.8,93.3,94.8,95.5,95.4,98.3",31.7,999.0,999.0,999,999,0
999,999999,"69.1,72.3,73.0,72.4,72.9,72.6,79.4,82.0",31.9,999.0,999.0,999,999,0
999,999999,"100.0,101.5,103.5,106.7,109.6,111.7,112.9,114.1,114.3",32.1,999.0,999.0,999,999,0
999,999999,"80.9,82.0,84.4,87.1,88.3,89.3,89.1",32.2,999.0,999.0,999,999,0
999,999999,"101.3,103.3,106.1,108.0,110.0",31.9,999.0,999.0,999,999,0
999,999999,"69.5,71.4,70.5,72.8,72.9,24.9,77.0,77.1,78.5,78.1",32.9,999.0,999.0,999,999,0
999,999999,"94.2,99.5,100.6,103.2,103.0,104.0,104.9,105.1,107.4,107.7",32.5,999.0,999.0,999,999,0
999,999999,"93.1,93.2,95.1,96.3,96.4,101.1,101.2",32.7,999.0,999.0,999,999,0
999,999999,"103.0,106.0,106.4,106.8,107.5,109.8,109.6,109.7,111.0,114.5",32.9,999.0,999.0,999,999,0
999,999999,"93.6,96.4,98.2,97.6,98.1,99.4,100.8,101.6,103.1",33.0,999.0,999.0,999,999,0
999,999999,"94.8,92.6,94.2,94.2,96.5,95.3,101.6,102.8,104.7,104.8",32.9,999.0,999.0,999,999,0
999,999999,"73.0,102.8,77.6,79.1,78.1,79.8,81.2,81.2",32.5,999.0,999.0,999,999,0
999,999999,"65.4,69.9,72.7,72.8,75.6,79.5,80.6",33.4,999.0,999.0,999,999,0
999,999999,"53.3,55.1,55.9,60.4,63.4,63.2,66.7,68.9,71.7,73.9",32.9,999.0,999.0,999,999,0
999,999999,"71.2,72.6,75.4,76.2,21.5,80.8,82.0,82.5",33.5,999.0,999.0,999,999,0
999,999999,"85.3,86.6,89.8,91.0,94.0,95.5",33.8,999.0,999.0,999,999,0
999,999999,"162.9,94.7,97.4,98.2,98.9,101.5",33.3,999.0,999.0,999,999,0
999,999999,"75.6,75.2,77.6,81.7,82.6,85.3,86.6,87.3,85.8,87.3",33.6,999.0,999.0,999,999,0
999,999999,"79.3,81.2,80.9,80.7,81.1,80.6,83.1,86.0,87.2",33.6,999.0,999.0,999,999,0
999,999999,"103.8,104.7,107.6,108.6,108.2,111.5,110.5,110.9",34.1,999.0,999.0,999,999,0
999,999999,"96.8,99.0,101.3,104.5,155.1,107.9,108.2,112.2,115.2",33.7,999.0,999.0,999,999,0
999,999999,"100.1,102.6,104.9,106.2,110.0,110.9,112.3",34.0,999.0,999.0,999,999,0
999,999999,"98.2,99.9,103.6,101.7,105.9",33.6,999.0,999.0,999,999,0
999,999999,"84.9,83.0,87.8,89.8,91.4,92.3,93.5,94.9",33.7,999.0,999.0,999,999,0
999,999999,"85.0,85.9,85.9,87.0,87.3,91.0",33.9,999.0,999.0,999,999,0
999,999999,"61.6,65.9,68.1,67.7,69.6,19.4,72.2,73.8,74.6",34.2,999.0,999.0,999,999,0
999,999999,"77.2,78.6,81.6,83.3,83.1,83.8,83.6,85.1",34.1,999.0,999.0,999,999,0
999,999999,"72.1,72.1,72.4,74.8,76.6,76.2",34.9,999.0,999.0,999,999,0
999,999999,"70.7,71.1,72.2,71.1,71.4,71.8,76.3,77.8",34.6,999.0,999.0,999,999,0
999,999999,"56.8,60.7,62.4,64.6,129.1,66.4,66.2,69.3,70.3,70.3",34.6,999.0,999.0,999,999,0
999,999999,"99.9,103.0,101.8,103.9,110.6,111.2,112.1,112.2,113.9",34.5,999.0,999.0,999,999,0
999,999999,"94.1,95.2,96.9,99.0,98.7,102.3,105.3,106.4,107.8",10.3,999.0,999.0,999,999,0
999,999999,"95.2,99.2,99.9,100.8,102.2",10.5,999.0,999.0,999,999,0
999,999999,"64.9,67.4,69.6,72.1,72.3,75.2,78.6,80.6,83.6,84.0",10.1,999.0,999.0,999,999,0
999,999999,"61.1,64.5,69.4,69.4,69.2,71.5",10.3,999.0,999.0,999,999,0
999,999999,"53.4,59.8,62.5,64.7,64.1,67.1,68.3,72.0",10.0,999.0,999.0,999,999,0
999,999999,"94.4,93.5,95.6,98.2,97.8,98.9,99.7",10.2,999.0,999.0,999,999,0
999,999999,"111.6,114.3,113.8,114.0,115.0,117.9,119.3,119.0",10.2,999.0,999.0,999,999,0
999,999999,"84.0,85.2,86.2,87.4,91.3",10.8,999.0,999.0,999,999,0
999,999999,"85.1,84.2,85.7,89.5,90.2,90.1,89.3,90.6,93.1",10.8,999.0,999.0,999,999,0
999,999999,"85.7,88.8,89.1,91.4,91.0,96.0,98.2",10.7,999.0,999.0,999,999,0
999,999999,"78.3,80.0,82.1,82.9,84.0,87.8",10.6,999.0,999.0,999,999,0
999,999999,"77.9,79.1,79.0,80.9,81.8",10.8,999.0,999.0,999,999,0
999,999999,"87.8,90.7,93.6,92.8,93.0,94.3,95.2,98.0,100.1",11.7,999.0,999.0,999,999,0
999,999999,"82.8,83.0,84.1,88.1,91.0,91.8",11.3,999.0,999.0,999,999,0
999,999999,"67.7,70.8,72.1,73.5,73.0,72.9,76.5",11.7,999.0,999.0,999,999,0
999,999999,"72.9,26.7,75.3,75.1,120.2",11.5,999.0,999.0,999,999,0
999,999999,"63.3,64.5,63.3,66.2,68.2,67.8,70.5,70.5,71.3,74.3",11.9,999.0,999.0,999,999,0
999,999999,"105.5,106.9,106.7,107.3,109.2,109.9",12.0,999.0,999.0,999,999,0
999,999999,"89.7,91.1,92.0,97.0,97.2",12.1,999.0,999.0,999,999,0
999,999999,"114.6,129.7,115.4,118.0,119.1",11.7,999.0,999.0,999,999,0
999,999999,"78.8,80.3,81.9,83.5,84.4,83.1,82.4",12.1,999.0,999.0,999,999,0
999,999999,"65.7,67.1,72.0,74.4,76.3,76.9",12.5,999.0,999.0,999,999,0
999,999999,"80.9,83.9,87.3,87.5,90.4",12.6,999.0,999.0,999,999,0
999,999999,"85.2,83.8,84.1,87.3,91.1,91.2,94.5,97.8,98.7",12.7,999.0,999.0,999,999,0
999,999999,"81.3,80.8,82.4,83.8,159.0,87.3,87.3,88.7",12.6,999.0,999.0,999,999,0
999,999999,"94.1,95.2,95.9,98.9,99.3",12.6,999.0,999.0,999,999,0
999,999999,"99.1,102.4,104.5,105.9,108.7,109.7",12.5,999.0,999.0,999,999,0
999,999999,"95.4,96.1,98.3,99.4,102.0,103.9,104.1,103.2",12.7,999.0,999.0,999,999,0
999,999999,"88.4,89.1,91.1,92.7,93.2,94.0,93.8",12.8,999.0,999.0,999,999,0
999,999999,"135.3,99.1,102.3,105.1,107.4,109.2,111.0,111.1,112.7,113.9",12.9,999.0,999.0,999,999,0
999,999999,"100.9,101.4,102.5,104.0,102.8",13.2,999.0,999.0,999,999,0
999,999999,"107.7,111.0,113.8,115.3,115.4,116.4,117.1",12.9,999.0,999.0,999,999,0
999,999999,"67.5,67.8,69.4,72.5,71.5,74.6,75.5,76.7,77.3",13.2,999.0,999.0,999,999,0
999,999999,"78.0,79.7,81.8,84.2,85.3,85.0,86.0,86.4",13.3,999.0,999.0,999,999,0
999,999999,"66.6,68.6,67.8,67.4,66.6,70.4,70.9",13.5,999.0,999.0,999,999,0
999,999999,"90.5,91.5,94.7,97.8,99.3,100.1,101.3,102.8",13.8,999.0,999.0,999,999,0
999,999999,"102.1,101.0,101.8,117.7,105.3,108.0,109.6,112.1,115.8,117.0",14.1,999.0,999.0,999,999,0
999,999999,"100.2,101.0,104.3,105.0,106.1,105.1,101.2,104.7,103.7",13.6,999.0,999.0,999,999,0
999,999999,"72.3,76.1,77.8,79.2,80.7,84.1,87.5",13.4,999.0,999.0,999,999,0
999,999999,"97.7,95.5,98.2,100.7,101.4,103.8",13.5,999.0,999.0,999,999,0
999,999999,"77.3,79.4,80.0,80.3,80.2,83.1,85.9,89.8,93.4,93.2",14.2,999.0,999.0,999,999,0
999,999999,"62.5,62.3,64.6,67.9,70.5",14.5,999.0,999.0,999,999,0
999,999999,"66.5,67.3,67.5,69.7,70.5,76.2,78.5,80.1,80.6,80.5",13.8,999.0,999.0,999,999,0
999,999999,"89.6,92.6,94.4,95.0,96.9",14.6,999.0,999.0,999,999,0
999,999999,"73.2,73.8,73.5,73.1,76.4,77.2,81.8",13.9,999.0,999.0,999,999,0
999,999999,"72.8,72.2,71.8,77.3,79.4,81.3,81.8,85.1,86.3",14.3,999.0,999.0,999,999,0
999,999999,"77.2,82.4,82.9,81.2,81.2,83.1,84.0",14.4,999.0,999.0,999,999,0
999,999999,"87.4,91.6,93.4,95.4,96.7,95.5,97.3,98.6,98.4,17.2",15.0,999.0,999.0,999,999,0
999,999999,"77.1,78.5,79.9,79.0,80.6",14.8,999.0,999.0,999,999,0
999,999999,"89.1,90.3,92.5,94.2,95.0,95.3,99.5",14.4,999.0,999.0,999,999,0
999,999999,"25.5,70.7,72.5,73.3,75.0",14.8,999.0,999.0,999,999,0
999,999999,"102.9,104.0,103.7,105.7,106.7,108.6",15.1,999.0,999.0,999,999,0
999,999999,"105.1,104.9,22.3,110.9,116.6,115.8,118.0",15.2,999.0,999.0,999,999,0
999,999999,"77.5,156.3,80.9,81.1,81.3,84.1",14.9,999.0,999.0,999,999,0
999,999999,"104.3,27.9,105.8,105.9,109.8",14.9,999.0,999.0,999,999,0
999,999999,"75.5,76.8,79.6,78.9,77.6,78.6",15.0,999.0,999.0,999,999,0
999,999999,"20.4,83.4,85.0,82.7,84.6,85.0,85.8,83.5",15.3,999.0,999.0,999,999,0
999,999999,"96.5,96.6,97.0,99.3,97.2,99.8,100.6,101.3",15.5,999.0,999.0,999,999,0
999,999999,"51.7,52.8,53.4,55.4,57.1,129.0,62.5,66.0,68.3,73.8",16.2,999.0,999.0,999,999,0
999,999999,"58.4,60.0,61.8,64.0,65.6,65.7,67.9,70.1",15.6,999.0,999.0,999,999,0
999,999999,"77.0,75.6,76.7,78.1,81.5,82.9,84.3,87.2",15.6,999.0,999.0,999,999,0
999,999999,"110.0,113.9,115.5,117.5,116.7",15.8,999.0,999.0,999,999,0
999,999999,"80.4,81.6,81.7,85.3,87.0,85.6,87.4,89.0",15.7,999.0,999.0,999,999,0
999,999999,"91.8,95.9,95.0,94.2,96.1,97.9,102.5,104.6,105.3,108.5",15.9,999.0,999.0,999,999,0
999,999999,"90.1,89.7,91.4,92.2,90.5,92.9,93.5,97.7,99.3",16.7,999.0,999.0,999,999,0
999,999999,"79.5,82.7,85.1,104.8,86.9,88.1",16.2,999.0,999.0,999,999,0
999,999999,"82.8,85.0,109.1,87.9,90.4,91.5,94.4,95.9",16.3,999.0,999.0,999,999,0
999,999999,"109.4,110.6,113.6,115.0,115.6,116.1,117.9",16.8,999.0,999.0,999,999,0
999,999999,"57.1,59.5,60.7,63.4,64.7,65.4,68.9,72.1",17.3,999.0,999.0,999,999,0
999,999999,"68.0,67.7,68.7,70.8,72.9,74.8,75.1,77.8",17.2,999.0,999.0,999,999,0
999,999999,"90.5,91.9,93.9,96.5,96.4,99.3",16.9,999.0,999.0,999,999,0
999,999999,"71.1,70.6,70.6,71.4,73.7,75.2",17.2,999.0,999.0,999,999,0
999,999999,"64.7,68.5,68.1,68.6,70.5,74.2,25.0",17.1,999.0,999.0,999,999,0
999,999999,"66.6,67.1,68.1,71.5,74.2,73.2,74.9,73.7",17.0,999.0,999.0,999,999,0
999,999999,"83.5,22.1,86.4,89.9,90.5,92.3,91.5,88.7,89.5",17.3,999.0,999.0,999,999,0
999,999999,"98.7,100.7,101.4,102.2,105.9",17.6,999.0,999.0,999,999,0
999,999999,"83.6,84.9,82.0,86.1,89.8,92.7,92.4,90.8,95.1,97.6",17.1,999.0,999.0,999,999,0
999,999999,"64.3,63.9,66.0,70.3,71.8,73.6,75.3,78.1,78.3",17.3,999.0,999.0,999,999,0
999,999999,"104.7,106.1,110.2,110.7,112.5,116.4,117.1,116.8,117.0,118.9",17.7,999.0,999.0,999,999,0
999,999999,"86.9,90.0,90.6,92.5,94.2,92.8,94.7,97.6,98.8",17.9,999.0,999.0,999,999,0
999,999999,"102.3,103.5,104.5,109.0,110.8,112.3,196.2,114.8,117.2,119.7",18.4,999.0,999.0,999,999,0
999,999999,"88.2,89.4,88.5,90.3,89.8,90.6,92.8,95.4",18.1,999.0,999.0,999,999,0
999,999999,"109.6,109.3,107.4,106.9,110.6,116.1,116.4,116.2",18.1,999.0,999.0,999,999,0
999,999999,"84.9,86.6,90.1,91.5,94.7",18.8,999.0,999.0,999,999,0
999,999999,"108.3,110.6,109.2,110.6,110.6",18.6,999.0,999.0,999,999,0
999,999999,"102.7,104.1,107.0,16.8,112.3,114.6",18.5,999.0,999.0,999,999,0
999,999999,"69.6,68.9,72.1,75.6,77.5,76.5,77.0",18.6,999.0,999.0,999,999,0
999,999999,"89.5,90.3,91.3,91.3,97.0,98.9,98.7,96.4",18.6,999.0,999.0,999,999,0
999,999999,"109.2,108.9,110.6,111.2,110.4,114.1",18.5,999.0,999.0,999,999,0
999,999999,"95.2,97.4,98.5,164.2,102.4,103.3,104.1,104.4",18.8,999.0,999.0,999,999,0
999,999999,"66.1,24.0,139.7,73.7,71.7",18.6,999.0,999.0,999,999,0
999,999999,"77.8,77.3,78.8,80.3,81.8,83.5,136.9,91.3,93.5",18.8,999.0,999.0,999,999,0
999,999999,"109.4,124.8,112.6,115.2,115.0,116.4,117.5",18.9,999.0,999.0,999,999,0
999,999999,"110.2,112.4,21.2,114.9,118.8,118.6",19.5,999.0,999.0,999,999,0
999,999999,"69.6,70.9,23.9,75.2,77.3,77.3,80.6,81.4",19.1,999.0,999.0,999,999,0
999,999999,"86.8,89.7,89.5,90.8,90.9,93.6,97.3,99.2,102.1",19.3,999.0,999.0,999,999,0
999,999999,"82.2,84.9,84.5,84.0,84.6,85.3,88.5,15.6",20.0,999.0,999.0,999,999,0
999,999999,"90.2,89.1,88.6,89.9,90.1",19.6,999.0,999.0,999,999,0
999,999999,"89.6,90.6,91.3,91.8,91.1,92.2,94.2,98.1,96.9,99.2",20.0,999.0,999.0,999,999,0
999,999999,"81.9,83.4,85.0,84.9,88.0,28.4,92.8,94.8,97.7,99.6",19.5,999.0,999.0,999,999,0
999,999999,"95.1,96.8,96.4,98.8,99.7,102.9,105.3,109.2,110.4,110.6",19.7,999.0,999.0,999,999,0
999,999999,"94.0,94.7,92.9,92.4,92.6,94.9",20.6,999.0,999.0,999,999,0
999,999999,"73.4,78.0,80.1,82.1,78.5",20.3,999.0,999.0,999,999,0
999,999999,"57.7,58.4,59.8,63.4,67.2,71.2",20.0,999.0,999.0,999,999,0
999,999999,"77.0,80.9,83.7,85.1,84.2,87.0,90.0",19.9,999.0,999.0,999,999,0
999,999999,"82.4,82.1,82.1,82.4,85.3,90.6,92.2,93.8",20.6,999.0,999.0,999,999,0
999,999999,"91.4,92.8,94.4,97.0,97.3,100.4,99.7,102.2",20.5,999.0,999.0,999,999,0
999,999999,"94.3,93.3,94.3,96.2,96.6,100.1,102.8,103.3,103.4,105.1",20.7,999.0,999.0,999,999,0
999,999999,"90.0,91.7,94.7,98.5,99.9,103.2,104.6,105.8",20.6,999.0,999.0,999,999,0
999,999999,"103.3,105.8,105.4,105.2,105.4,108.3,108.7,107.4",20.7,999.0,999.0,999,999,0
999,999999,"79.4,82.4,85.0,87.1,88.5,91.6",21.4,999.0,999.0,999,999,0
999,999999,"60.6,62.1,63.6,118.6,68.7,69.1,73.2,74.9",20.8,999.0,999.0,999,999,0
999,999999,"74.9,26.4,81.3,83.5,86.3,86.8,88.5,89.9,90.9",20.7,999.0,999.0,999,999,0
999,999999,"103.9,106.6,107.9,108.3,109.4,112.3",21.7,999.0,999.0,999,999,0
999,999999,"72.2,75.6,77.6,79.1,23.6,84.3,85.9,88.2,90.5,91.1",21.4,999.0,999.0,999,999,0
999,999999,"66.8,65.9,100.5,69.7,70.6",21.0,999.0,999.0,999,999,0
999,999999,"66.3,68.8,69.8,69.6,71.7,73.7,74.4,72.9",21.3,999.0,999.0,999,999,0
999,999999,"163.2,69.7,72.4,75.0,76.3,77.5,79.8",22.1,999.0,999.0,999,999,0
999,999999,"64.3,65.3,66.2,67.2,67.5,73.1,76.1,78.0,82.5",22.1,999.0,999.0,999,999,0
999,999999,"64.4,64.1,180.3,74.1,75.4,76.3",22.2,999.0,999.0,999,999,0
999,999999,"89.9,87.9,91.3,90.3,95.0,98.0,102.0,104.0",21.8,999.0,999.0,999,999,0
999,999999,"114.4,116.3,116.6,116.9,119.2,118.4",22.5,999.0,999.0,999,999,0
999,999999,"85.2,87.2,87.1,88.5,90.1,92.6,93.0",22.5,999.0,999.0,999,999,0
999,999999,"88.6,88.7,88.2,88.1,87.7,88.9",22.7,999.0,999.0,999,999,0
999,999999,"67.5,68.2,69.8,68.1,71.7,73.0,71.6,75.4",22.2,999.0,999.0,999,999,0
999,999999,"102.4,103.2,104.3,106.4,108.4,110.1,112.1,113.7,117.1",22.6,999.0,999.0,999,999,0
999,999999,"96.6,97.8,98.7,94.9,96.0,98.4,101.3",22.8,999.0,999.0,999,999,0
999,999999,"77.4,79.2,80.3,79.9,81.6,85.3,87.8,89.7,90.2,94.2",23.1,999.0,999.0,999,999,0
999,999999,"80.7,81.7,86.2,84.6,86.7,88.5,92.9,97.2,97.8",23.0,999.0,999.0,999,999,0
999,999999,"58.8,61.4,62.8,63.2,66.1,69.2,70.5,120.5,75.6",22.8,999.0,999.0,999,999,0
999,999999,"101.4,103.3,104.7,104.6,107.3,107.5,108.3,110.4,112.9,115.3",22.7,999.0,999.0,999,999,0
999,999999,"74.4,73.7,75.8,76.3,76.4,77.3,77.4,77.0,77.5",23.2,999.0,999.0,999,999,0
999,999999,"80.5,20.6,80.6,84.4,84.2",23.2,999.0,999.0,999,999,0
999,999999,"106.1,158.4,107.9,111.6,112.9,114.7,114.6",23.5,999.0,999.0,999,999,0
999,999999,"98.8,98.1,98.5,99.2,27.0,104.2",23.5,999.0,999.0,999,999,0
999,999999,"96.1,97.7,100.5,100.2,110.0,104.3,112.2,114.8,117.4",23.7,999.0,999.0,999,999,0
999,999999,"113.7,114.1,114.1,113.1,114.1,117.2",23.8,999.0,999.0,999,999,0
999,999999,"59.8,62.7,66.9,67.8,68.4,71.4,73.1,75.8,189.3,78.1",23.4,999.0,999.0,999,999,0
999,999999,"73.0,76.3,75.8,74.6,73.7,73.4",23.6,999.0,999.0,999,999,0
999,999999,"105.1,107.3,106.8,108.1,110.0,111.4,115.1,116.1",23.4,999.0,999.0,999,999,0
999,999999,"90.1,94.0,100.5,101.8,105.3,106.9",23.8,999.0,999.0,999,999,0
999,999999,"84.8,87.1,84.8,89.1,90.7,90.3,91.9,91.5,93.9,95.2",24.0,999.0,999.0,999,999,0
999,999999,"76.5,81.5,83.7,82.4,82.8,84.9",24.3,999.0,999.0,999,999,0
999,999999,"105.2,108.2,109.2,110.4,115.2,116.6,116.5",24.2,999.0,999.0,999,999,0
999,999999,"85.0,88.7,88.4,90.7,96.0,96.5,98.6,99.5,100.9",24.7,999.0,999.0,999,999,0
999,999999,"97.6,95.8,99.1,98.6,98.5,101.6,101.1,101.2,102.5",24.9,999.0,999.0,999,999,0
999,999999,"74.6,76.8,179.2,76.4,80.6,79.7,82.6,84.2",24.6,999.0,999.0,999,999,0
999,999999,"55.4,58.3,61.2,63.1,64.6,67.9,69.2,72.5,73.0,74.1",24.9,999.0,999.0,999,999,0
999,999999,"80.1,83.6,83.0,84.4,86.3,89.5",25.0,999.0,999.0,999,999,0
999,999999,"89.1,90.8,93.3,93.5,96.0,95.5,96.9",25.3,999.0,999.0,999,999,0
999,999999,"68.0,70.7,71.2,72.1,73.4,75.2,76.2,77.2",24.6,999.0,999.0,999,999,0
999,999999,"81.2,83.0,83.3,83.8,86.7,88.9",25.4,999.0,999.0,999,999,0
999,999999,"95.1,95.9,87.7,87.0,89.0",25.6,999.0,999.0,999,999,0
999,999999,"111.2,113.4,115.8,116.9,116.6,121.1,119.5,116.9",25.7,999.0,999.0,999,999,0
999,999999,"105.1,96.2,99.4,100.2,102.2,102.7,103.6,103.3",25.4,999.0,999.0,999,999,0
999,999999,"81.1,80.2,80.8,81.5,83.6,83.6,85.1,86.5,87.0",25.7,999.0,999.0,999,999,0
999,999999,"94.4,95.0,96.3,101.4,103.2,104.5,107.0,109.7,109.3,111.4",25.5,999.0,999.0,999,999,0
999,999999,"104.6,104.9,105.3,107.8,107.9,109.6,185.9,108.3",26.1,999.0,999.0,999,999,0
999,999999,"82.3,116.1,89.7,91.8,92.4",26.0,999.0,999.0,999,999,0
999,999999,"62.7,65.1,67.2,67.8,71.2,74.0,74.8",25.7,999.0,999.0,999,999,0
999,999999,"83.7,89.6,89.7,93.8,95.6,97.4,101.3",25.8,999.0,999.0,999,999,0
999,999999,"108.3,109.9,114.6,116.5,117.3",25.9,999.0,999.0,999,999,0
999,999999,"68.4,71.8,73.2,74.7,75.5,77.0,79.0,79.7,81.4,81.3",26.6,999.0,999.0,999,999,0
999,999999,"94.2,95.3,95.7,96.7,97.2,98.4,100.0",26.6,999.0,999.0,999,999,0
999,999999,"88.6,89.4,90.7,93.7,96.7,101.2",26.4,999.0,999.0,999,999,0
999,999999,"83.7,83.9,82.5,82.9,85.0,87.0,88.9,95.9,97.5",26.6,999.0,999.0,999,999,0
999,999999,"75.1,80.3,81.4,81.3,82.5,83.7,86.0",26.8,999.0,999.0,999,999,0
999,999999,"79.2,79.4,81.0,83.5,82.5,83.7,83.5,84.6,86.0",26.7,999.0,999.0,999,999,0
999,999999,"77.4,81.3,83.5,84.7,86.4,89.6,92.2,90.4,94.8,97.8",26.7,999.0,999.0,999,999,0
999,999999,"79.6,80.1,80.2,82.0,83.1,84.9,85.3,87.7",26.5,999.0,999.0,999,999,0
999,999999,"68.9,71.8,74.6,71.6,73.8,76.5,78.6,78.9,81.1,79.8",27.0,999.0,999.0,999,999,0
999,999999,"81.1,81.8,82.9,85.1,88.0,92.4,93.4,96.7,99.1",26.8,999.0,999.0,999,999,0
999,999999,"88.1,89.8,91.2,92.1,93.8,95.4",26.7,999.0,999.0,999,999,0
999,999999,"70.7,72.2,73.1,74.4,83.2,84.8,87.0,89.7",26.9,999.0,999.0,999,999,0
999,999999,"102.6,105.3,106.7,109.6,108.3",27.7,999.0,999.0,999,999,0
999,999999,"97.3,29.2,97.5,99.9,103.4,105.8",27.7,999.0,999.0,999,999,0
999,999999,"92.1,92.6,94.4,93.6,96.1,95.2,95.9,97.4",27.6,999.0,999.0,999,999,0
999,999999,"84.0,83.5,85.4,88.6,89.7,91.0,94.5,94.6,94.1",27.5,999.0,999.0,999,999,0
999,999999,"62.3,65.2,66.6,70.4,72.3,73.6,77.7,79.0,79.2",27.4,999.0,999.0,999,999,0
999,999999,"65.8,67.5,70.2,73.7,77.0",27.5,999.0,999.0,999,999,0
999,999999,"85.1,85.8,87.0,89.8,89.8,91.7,94.8,95.5,96.0",28.0,999.0,999.0,999,999,0
999,999999,"109.8,110.2,109.6,111.9,110.7,113.7,114.8,112.7",28.2,999.0,999.0,999,999,0
999,999999,"97.8,99.7,99.9,103.8,103.5,104.0,106.3,170.0,106.6,107.8",27.8,999.0,999.0,999,999,0
999,999999,"86.2,87.9,87.1,85.5,85.2,86.6,88.3",27.8,999.0,999.0,999,999,0
999,999999,"102.2,104.2,105.3,107.0,106.5,110.9,113.0,114.9,114.8",28.1,999.0,999.0,999,999,0
999,999999,"68.2,69.7,70.7,71.1,74.5,75.0,77.9,78.9",28.2,999.0,999.0,999,999,0
999,999999,"82.4,83.0,82.3,83.4,86.0,87.0,87.7,89.6,91.5",29.1,999.0,999.0,999,999,0
999,999999,"93.4,94.2,97.3,101.5,104.3,106.4",28.6,999.0,999.0,999,999,0
999,999999,"99.0,101.9,104.2,106.3,106.7,106.4,106.5,106.8,105.8",28.3,999.0,999.0,999,999,0
999,999999,"77.8,81.9,84.2,90.2,92.7,92.9",29.4,999.0,999.0,999,999,0
999,999999,"78.2,80.1,82.4,29.3,83.6",29.5,999.0,999.0,999,999,0
999,999999,"89.5,93.1,96.5,96.2,19.6,98.8,102.1,103.8,104.8",29.4,999.0,999.0,999,999,0
999,999999,"108.1,109.0,109.3,110.7,112.6,115.4",28.9,999.0,999.0,999,999,0
999,999999,"158.1,91.0,94.8,98.3,100.5,104.4,105.3,113.1,116.6,117.6",29.0,999.0,999.0,999,999,0
999,999999,"77.5,79.2,19.4,80.7,80.5,80.7",29.5,999.0,999.0,999,999,0
999,999999,"82.4,86.0,86.6,85.8,84.3,87.2,87.5",29.9,999.0,999.0,999,999,0
999,999999,"77.9,80.4,84.1,86.2,88.8,91.1,91.6,86.6",30.1,999.0,999.0,999,999,0
999,999999,"108.2,110.6,113.5,117.2,116.5,114.8,116.7",30.2,999.0,999.0,999,999,0
999,999999,"82.6,82.9,88.0,89.9,90.1,90.7,89.7",29.4,999.0,999.0,999,999,0
999,999999,"78.5,81.9,82.1,83.3,85.4,85.9,87.0,86.1,86.2,87.9",29.9,999.0,999.0,999,999,0
999,999999,"105.8,106.9,108.4,109.5,109.2,109.7,114.7",30.0,999.0,999.0,999,999,0
999,999999,"97.8,99.7,102.1,103.2,106.2",30.1,999.0,999.0,999,999,0
999,999999,"84.2,85.0,86.8,91.2,90.8,92.1,92.9,176.5,96.4,96.9",30.0,999.0,999.0,999,999,0
999,999999,"66.3,66.0,67.1,68.4,72.5",29.9,999.0,999.0,999,999,0
999,999999,"86.2,86.1,87.4,89.5,89.7,93.8,97.0,99.3",30.6,999.0,999.0,999,999,0
999,999999,"61.3,62.7,63.2,148.4,64.6,67.0,71.3,70.2,70.6,74.2",30.8,999.0,999.0,999,999,0
999,999999,"93.7,93.9,175.8,98.9,99.6,100.4,22.8",30.2,999.0,999.0,999,999,0
999,999999,"89.8,91.4,93.1,95.4,96.3,97.9,97.3,94.4",31.2,999.0,999.0,999,999,0
999,999999,"90.1,89.8,108.1,91.9,92.0",31.0,999.0,999.0,999,999,0
999,999999,"97.3,98.9,99.8,103.1,103.8,102.9,18.1,102.6",31.2,999.0,999.0,999,999,0
999,999999,"89.1,89.8,89.9,91.7,23.2",31.3,999.0,999.0,999,999,0
999,999999,"64.4,64.9,64.7,64.5,63.8,65.4,70.4,73.5,73.0,73.2",31.4,999.0,999.0,999,999,0
999,999999,"77.6,80.5,81.7,81.5,82.7,86.4",30.7,999.0,999.0,999,999,0
999,999999,"55.6,58.0,60.6,60.6,63.2,64.6,66.0,66.7,68.1,70.0",31.6,999.0,999.0,999,999,0
999,999999,"68.8,69.2,72.3,73.5,76.9,78.3,76.7,79.1",31.2,999.0,999.0,999,999,0
999,999999,"112.0,114.3,114.2,116.1,115.8,116.9",31.8,999.0,999.0,999,999,0
999,999999,"87.9,87.9,88.8,88.1,82.8,84.2,89.0,91.5,89.5",32.0,999.0,999.0,999,999,0
999,999999,"58.2,60.5,62.6,64.5,65.4,70.4,73.7,75.7",31.7,999.0,999.0,999,999,0
999,999999,"68.9,69.8,164.8,71.6,72.4,74.6,78.5,80.2,82.3",31.8,999.0,999.0,999,999,0
999,999999,"67.5,68.9,70.8,70.5,71.0",31.8,999.0,999.0,999,999,0
999,999999,"80.0,134.5,83.6,84.9,86.8,88.1,90.5,92.5,91.2",32.3,999.0,999.0,999,999,0
999,999999,"79.8,78.5,80.5,81.1,81.9,83.2,84.5,88.5",32.3,999.0,999.0,999,999,0
999,999999,"71.6,73.7,72.8,73.3,73.8,75.0,75.2",32.3,999.0,999.0,999,999,0
999,999999,"158.2,105.2,105.4,107.5,108.3,109.4,110.4,114.4,112.3,114.9",32.1,999.0,999.0,999,999,0
999,999999,"76.8,79.5,81.7,83.0,84.3,83.4,84.5,86.6,89.3",32.2,999.0,999.0,999,999,0
999,999999,"86.3,86.2,88.8,88.6,90.4,92.7",32.2,999.0,999.0,999,999,0
999,999999,"90.2,90.2,91.1,92.3,92.4,91.0,94.1,95.4,99.7,99.7",32.8,999.0,999.0,999,999,0
999,999999,"84.9,85.8,88.4,90.1,90.7,93.3",32.3,999.0,999.0,999,999,0
999,999999,"113.5,115.8,114.4,117.4,115.7,118.0,118.8,119.0,117.3",32.4,999.0,999.0,999,999,0
999,999999,"71.5,73.2,71.5,73.0,73.9,76.7,79.6,81.0",32.8,999.0,999.0,999,999,0
999,999999,"85.2,84.3,88.2,89.2,91.2,93.2",33.2,999.0,999.0,999,999,0
999,999999,"15.0,87.9,89.0,89.8,91.7,94.1,93.7,97.4,100.1",33.1,999.0,999.0,999,999,0
999,999999,"98.5,98.5,99.5,101.2,102.1,104.0,105.2,106.6",33.6,999.0,999.0,999,999,0
999,999999,"60.1,60.6,62.0,64.2,64.4,64.0,65.4,70.5,72.8,74.7",32.8,999.0,999.0,999,999,0
999,999999,"79.8,80.9,85.8,86.4,84.9,85.7,85.2",33.2,999.0,999.0,999,999,0
999,999999,"73.0,74.0,75.5,77.0,78.4,81.0,83.3,135.7",33.4,999.0,999.0,999,999,0
999,999999,"102.7,105.9,105.3,106.7,108.5,107.9,111.7",33.7,999.0,999.0,999,999,0
999,999999,"96.3,96.7,98.7,102.1,105.3",33.5,999.0,999.0,999,999,0
999,999999,"109.7,106.9,106.5,106.5,106.8,108.3,108.0,109.0,109.5",34.2,999.0,999.0,999,999,0
999,999999,"109.6,111.2,111.8,112.9,112.6,114.8,113.9,116.0,118.0",33.5,999.0,999.0,999,999,0
999,999999,"101.4,103.8,108.1,110.8,110.8,113.4,114.4,115.4",34.1,999.0,999.0,999,999,0
999,999999,"106.8,107.7,108.3,109.7,113.1,115.5,116.9,119.5,118.6,116.3",34.0,999.0,999.0,999,999,0
999,999999,"87.2,88.9,90.0,91.2,91.3",34.4,999.0,999.0,999,999,0
999,999999,"106.0,106.5,107.3,107.4,109.9,113.4,112.8",33.9,999.0,999.0,999,999,0
999,999999,"95.0,95.8,97.8,101.4,102.9,105.9,104.9,106.1,109.0",34.7,999.0,999.0,999,999,0
999,999999,"66.9,72.8,73.7,75.2,75.4,76.8,79.0",34.7,999.0,999.0,999,999,0
999,999999,"64.5,65.6,66.5,67.8,68.8,69.8,69.5,71.1,74.4,78.7",34.5,999.0,999.0,999,999,0
999,999999,"112.8,114.5,117.8,118.3,118.3,118.7",35.0,999.0,999.0,999,999,0
999,999999,"93.9,96.3,98.5,98.3,99.5",35.1,999.0,999.0,999,999,0
999,999999,"75.1,77.7,80.1,79.5,83.8,83.3,83.6",34.9,999.0,999.0,999,999,0
999,999999,"71.0,75.3,76.6,78.4,81.7,82.9,84.2,87.2,87.8,90.7",20.0,999.0,999.0,999,999,0
999,999999,"72.4,73.5,73.9,76.1,78.2",28.2,999.0,999.0,999,999,0
999,999999,"108.0,111.3,110.5,112.2,115.9,120.2,120.7,119.4,117.3",20.0,999.0,999.0,999,999,0
999,999999,"66.9,65.6,66.1,68.9,69.2,68.8,71.1,72.4,72.2,72.7",12.1,999.0,999.0,999,999,0
999,999999,"87.4,88.6,91.9,91.4,93.0,93.9,96.1,97.1",20.6,999.0,999.0,999,999,0
999,999999,"112.6,116.4,114.4,114.0,114.7,116.9",17.0,999.0,999.0,999,999,0
999,999999,"66.0,65.3,66.9,70.8,73.6,72.8,73.1",28.9,999.0,999.0,999,999,0
999,999999,"89.3,89.6,91.8,92.5,92.5,90.4",12.2,999.0,999.0,999,999,0
999,999999,"80.9,80.5,79.2,79.0,82.1,83.2,86.1,86.2,90.1,86.8",20.0,999.0,999.0,999,999,0
999,999999,"74.8,75.2,77.4,78.4,78.7,78.9,81.1",21.7,999.0,999.0,999,999,0
999,999999,"70.1,71.0,71.6,74.0,178.0",32.0,999.0,999.0,999,999,0
999,999999,"102.8,102.8,28.8,103.6,102.4,106.2,109.4,165.9,110.3",31.3,999.0,999.0,999,999,0
999,999999,"79.0,81.0,83.9,83.9,83.1,82.2,84.2",18.4,999.0,999.0,999,999,0
999,999999,"65.6,68.9,71.4,74.0,76.2,77.4",31.0,999.0,999.0,999,999,0
999,999999,"75.7,74.4,74.9,75.9,160.9,78.7",18.3,999.0,999.0,999,999,0
999,999999,"102.8,102.3,102.6,156.9,108.2",22.5,999.0,999.0,999,999,0
999,999999,"98.4,98.7,105.5,107.8,109.3,111.6,114.3,115.5,119.2,118.3",19.5,999.0,999.0,999,999,0
999,999999,"70.2,74.6,76.5,78.7,79.0,81.2,84.9,86.6,88.0",20.7,999.0,999.0,999,999,0
999,999999,"92.3,92.0,93.5,94.5,96.4,97.8,99.2,100.7",25.4,999.0,999.0,999,999,0
999,999999,"99.0,100.6,194.7,105.1,110.2,110.1,111.3",22.6,999.0,999.0,999,999,0
999,999999,"88.6,90.9,89.9,89.6,89.2,87.1,85.2,86.2,86.5,88.6",25.3,999.0,999.0,999,999,0
999,999999,"98.1,99.2,100.8,102.8,106.5,111.1,112.3,112.9",16.2,999.0,999.0,999,999,0
999,999999,"99.2,103.0,106.6,107.8,109.9,111.6,114.1,119.3",10.8,999.0,999.0,999,999,0
999,999999,"88.0,89.1,89.1,95.0,99.1,100.1,101.2,103.7,103.5,103.2",19.5,999.0,999.0,999,999,0
999,999999,"67.5,67.9,68.8,69.7,70.2,71.6,71.5,71.5",34.0,999.0,999.0,999,999,0
999,999999,"66.2,69.4,22.5,71.9,70.9,74.3",26.6,999.0,999.0,999,999,0
999,999999,"68.3,69.7,71.0,70.6,75.2,76.6,80.2,83.9",14.6,999.0,999.0,999,999,0
999,999999,"75.1,78.7,80.3,79.0,79.5,82.8,83.0,103.8",23.7,999.0,999.0,999,999,0
999,999999,"83.6,84.3,84.3,85.1,87.1,86.9,188.5,85.2,84.1,82.6",28.9,999.0,999.0,999,999,0
999,999999,"96.4,99.1,101.6,100.7,103.1,105.0,105.0,28.2,109.5,111.9",29.0,999.0,999.0,999,999,0
999,999999,"101.3,102.0,102.7,145.1,105.1",12.5,999.0,999.0,999,999,0
999,999999,"97.9,99.0,98.3,100.6,103.7,180.8,110.5",26.3,999.0,999.0,999,999,0
999,999999,"99.3,100.6,102.8,105.3,106.3,103.8,106.4,108.3,110.3",31.2,999.0,999.0,999,999,0
999,999999,"61.5,62.6,68.1,72.6,74.2,73.9,75.5,78.4,78.7,77.7",15.9,999.0,999.0,999,999,0
999,999999,"80.4,83.1,82.9,81.6,81.9",11.7,999.0,999.0,999,999,0
999,999999,"74.6,74.8,76.3,78.3,79.9",10.1,999.0,999.0,999,999,0
999,999999,"75.4,73.6,77.3,78.7,78.1,84.4,86.6,20.9,87.7",33.3,999.0,999.0,999,999,0
999,999999,"101.8,104.6,107.7,111.1,112.3",19.1,999.0,999.0,999,999,0
999,999999,"66.1,67.7,68.8,71.5,73.6",15.0,999.0,999.0,999,999,0
999,999999,"102.1,104.3,105.2,105.1,109.8",32.2,999.0,999.0,999,999,0
999,999999,"97.0,99.0,101.0,102.4,102.1,104.7,131.4,105.3,106.4",15.5,999.0,999.0,999,999,0
999,999999,"68.5,68.4,71.3,71.4,71.9",26.9,999.0,999.0,999,999,0
999,999999,"92.5,92.9,92.9,93.9,94.1,95.6,97.1,98.8,102.1",32.2,999.0,999.0,999,999,0
999,999999,"29.7,99.8,99.5,100.1,99.1,100.7",28.7,999.0,999.0,999,999,0
999,999999,"77.5,83.7,86.0,86.5,87.0",31.6,999.0,999.0,999,999,0
999,999999,"99.1,99.7,101.9,105.3,106.6,110.2",12.1,999.0,999.0,999,999,0
999,999999,"60.8,61.5,61.7,62.8,61.6,64.3,65.8,70.1",29.1,999.0,999.0,999,999,0
999,999999,"89.4,88.9,96.0,97.1,98.9,99.6,99.6,100.8",29.9,999.0,999.0,999,999,0
999,999999,"98.6,99.8,101.7,101.4,18.2,105.8,108.7,108.7,111.5",27.3,999.0,999.0,999,999,0
999,999999,"65.0,68.0,69.5,70.5,26.2",29.9,999.0,999.0,999,999,0
999,999999,"77.9,79.7,80.7,80.2,83.0,82.8,84.7,85.1,87.7,87.9",14.6,999.0,999.0,999,999,0
999,999999,"96.3,100.7,102.9,105.9,107.6",21.7,999.0,999.0,999,999,0
999,999999,"82.2,83.5,84.1,84.7,86.3,90.0,92.4,92.1,93.5",15.3,999.0,999.0,999,999,0
999,999999,"77.7,79.9,81.1,79.9,81.4,81.9,83.2,87.1",33.9,999.0,999.0,999,999,0
999,999999,"90.9,91.0,95.4,96.2,98.9,161.4,98.5,97.9",17.2,999.0,999.0,999,999,0
999,999999,"99.0,100.4,102.9,105.1,145.9,108.9,110.4,111.3,109.5",22.6,999.0,999.0,999,999,0
999,999999,"60.9,63.2,65.9,67.8,69.1,70.0,71.8",33.2,999.0,999.0,999,999,0
999,999999,"72.3,74.5,74.8,73.3,75.3,79.7,79.3,77.2",15.3,999.0,999.0,999,999,0
999,999999,"78.3,80.5,88.1,86.2,88.9,91.0,92.4,95.6",23.5,999.0,999.0,999,999,0
999,999999,"84.4,85.4,85.3,85.4,88.5,89.3,91.9,86.4",12.2,999.0,999.0,999,999,0
999,999999,"55.5,60.8,66.2,68.7,70.9,71.3,74.1",17.7,999.0,999.0,999,999,0
999,999999,"61.0,61.6,62.4,64.7,67.1,66.8,67.9,70.1,71.6",26.7,999.0,999.0,999,999,0
999,999999,"78.3,80.5,85.9,88.2,89.3,88.3",12.7,999.0,999.0,999,999,0
999,999999,"71.0,69.8,70.6,73.1,74.3,77.5,79.9,81.3,82.4,85.6",23.4,999.0,999.0,999,999,0
999,999999,"81.3,81.7,83.0,86.3,91.5,94.7,95.2,98.0,100.6",18.9,999.0,999.0,999,999,0
999,999999,"63.9,65.2,68.5,69.5,71.5,74.5",16.2,999.0,999.0,999,999,0
999,999999,"82.3,84.9,88.3,91.3,92.3,90.9,92.9,94.7,97.9",11.7,999.0,999.0,999,999,0
999,999999,"115.5,118.2,112.5,113.7,115.6",33.6,999.0,999.0,999,999,0
999,999999,"113.4,113.4,113.5,108.8,110.5,111.1,114.9,115.5",11.7,999.0,999.0,999,999,0
999,999999,"69.7,70.4,68.8,69.5,73.3,73.9,138.7,78.8",19.3,999.0,999.0,999,999,0
999,999999,"78.6,80.4,81.7,83.7,86.6",15.2,999.0,999.0,999,999,0
999,999999,"73.7,73.7,77.3,79.3,80.7,15.0,85.4,85.2,89.4,92.4",23.7,999.0,999.0,999,999,0
999,999999,"69.3,70.0,70.5,69.7,73.5,75.6,76.8,27.5",18.8,999.0,999.0,999,999,0
999,999999,"98.0,98.1,100.6,101.1,100.2,101.7,100.7,101.2",18.9,999.0,999.0,999,999,0
999,999999,"97.4,98.0,98.5,100.7,101.4,100.2",21.3,999.0,999.0,999,999,0
999,999999,"79.9,18.1,84.0,85.5,89.9,91.5,92.5,95.2,96.4,98.7",29.0,999.0,999.0,999,999,0
999,999999,"111.7,112.7,113.8,114.0,115.8,116.9",30.6,999.0,999.0,999,999,0
999,999999,"82.5,82.6,83.2,82.3,81.4,19.9",27.5,999.0,999.0,999,999,0
999,999999,"183.8,80.9,83.0,85.3,84.8",11.3,999.0,999.0,999,999,0
999,999999,"88.8,91.7,92.4,21.5,97.0,98.7",28.0,999.0,999.0,999,999,0
999,999999,"58.2,61.5,70.6,69.2,69.2,72.1,71.8,72.4,74.4,78.3",13.5,999.0,999.0,999,999,0
999,999999,"109.6,110.6,111.9,109.9,112.5,116.0",30.4,999.0,999.0,999,999,0
999,999999,"101.6,108.0,110.9,112.0,112.6,110.5,112.6,113.0",18.4,999.0,999.0,999,999,0
999,999999,"96.6,98.2,99.7,102.2,105.1,106.9,106.3,26.9,108.3,113.2",26.5,999.0,999.0,999,999,0
999,999999,"83.4,82.1,85.3,88.1,90.4",14.7,999.0,999.0,999,999,0
999,999999,"99.2,99.4,101.4,103.9,105.0,104.0,105.5,104.7",20.7,999.0,999.0,999,999,0
999,999999,"95.5,97.7,100.9,15.5,180.7,100.9,101.7",23.4,999.0,999.0,999,999,0
999,999999,"96.1,97.0,98.0,97.5,98.6,25.5,101.8,103.0,103.5,101.2",9.9,999.0,999.0,999,999,0
999,999999,"89.1,91.2,91.4,94.0,96.2,98.9,99.4",23.4,999.0,999.0,999,999,0
999,999999,"103.2,105.0,105.6,107.7,110.1",15.7,999.0,999.0,999,999,0
999,999999,"113.7,115.7,118.0,113.9,115.8,118.4",20.1,999.0,999.0,999,999,0
999,999999,"111.5,111.1,115.6,118.1,119.0",10.7,999.0,999.0,999,999,0
999,999999,"70.4,77.9,80.2,80.8,84.1,84.6",15.6,999.0,999.0,999,999,0
999,999999,"71.8,72.0,76.2,78.1,78.3,81.6,83.9,84.6,93.1",32.8,999.0,999.0,999,999,0
999,999999,"67.3,68.8,29.1,76.4,79.2,80.6,81.6,81.2",29.3,999.0,999.0,999,999,0
999,999999,"88.4,89.2,88.8,90.4,94.0,95.0,95.3,96.7,96.4,96.1",25.4,999.0,999.0,999,999,0
999,999999,"85.4,88.4,89.4,92.8,94.1",31.6,999.0,999.0,999,999,0
999,999999,"195.0,98.0,98.3,101.4,102.8",14.5,999.0,999.0,999,999,0
999,999999,"83.9,84.7,85.3,86.6,87.7",25.8,999.0,999.0,999,999,0
999,999999,"96.7,97.9,100.5,100.5,103.5",29.8,999.0,999.0,999,999,0
999,999999,"76.8,79.1,81.3,81.9,84.8",29.9,999.0,999.0,999,999,0
999,999999,"115.0,115.1,117.7,118.5,117.8,118.9,120.0",32.8,999.0,999.0,999,999,0
999,999999,"81.4,81.5,84.9,85.6,88.4,89.6,88.9",11.7,999.0,999.0,999,999,0
999,999999,"111.3,113.3,112.4,113.1,114.0,113.3,113.0",19.7,999.0,999.0,999,999,0
999,999999,"86.0,90.9,89.1,89.6,91.3,94.3",14.9,999.0,999.0,999,999,0
999,999999,"89.1,92.0,23.4,96.9,98.0,100.0,103.3",12.1,999.0,999.0,999,999,0
999,999999,"61.1,61.8,64.7,65.7,67.6,70.3,74.4",30.8,999.0,999.0,999,999,0
999,999999,"87.3,89.6,91.3,92.7,94.4,96.2,99.2,98.9",31.4,999.0,999.0,999,999,0
999,999999,"85.5,85.9,88.4,91.2,105.7",31.3,999.0,999.0,999,999,0
999,999999,"97.3,122.3,103.7,108.3,108.7,109.0,106.5",10.5,999.0,999.0,999,999,0
999,999999,"94.9,97.8,97.8,96.9,101.1,106.2",29.1,999.0,999.0,999,999,0
999,999999,"71.0,71.3,73.0,74.2,78.4,78.5,80.9",14.3,999.0,999.0,999,999,0
999,999999,"72.0,71.0,73.2,147.1,76.1,78.6,79.6",31.2,999.0,999.0,999,999,0
999,999999,"70.5,26.0,73.2,72.3,75.3,77.6,78.7,78.4",31.1,999.0,999.0,999,999,0
999,999999,"66.0,69.2,70.5,70.9,71.5",33.6,999.0,999.0,999,999,0
999,999999,"92.6,92.2,95.0,112.9,97.1,98.2,103.1",18.6,999.0,999.0,999,999,0
999,999999,"69.7,77.9,81.8,85.3,89.0,91.3,93.0,96.3,99.9",21.3,999.0,999.0,999,999,0
999,999999,"100.9,18.1,132.1,106.2,106.7,109.0,111.3",15.2,999.0,999.0,999,999,0
999,999999,"102.9,102.8,105.1,103.8,108.1",12.9,999.0,999.0,999,999,0
999,999999,"67.2,66.5,68.1,67.9,68.7,68.8,69.7,70.6,71.2,74.3",25.7,999.0,999.0,999,999,0
999,999999,"86.5,87.5,90.8,91.5,93.0,93.3,97.2,98.8,99.5,98.2",31.8,999.0,999.0,999,999,0
999,999999,"74.8,76.9,79.1,82.9,84.3,84.9,86.5,89.1,90.0",10.5,999.0,999.0,999,999,0
999,999999,"79.4,82.7,85.6,87.0,87.2,89.0,93.6,97.3,97.4,96.5",28.7,999.0,999.0,999,999,0
999,999999,"75.1,74.5,76.4,80.3,82.3,83.5,84.0,83.3,83.6",22.8,999.0,999.0,999,999,0
999,999999,"107.3,106.0,106.2,107.3,109.5,111.0,115.2,115.2,115.2",34.4,999.0,999.0,999,999,0
999,999999,"90.3,92.0,92.9,94.8,95.3,97.1,98.5,104.1,107.0",14.0,999.0,999.0,999,999,0
999,999999,"105.5,105.6,106.8,106.1,105.8,109.2,109.4,109.1,111.0,111.1",25.3,999.0,999.0,999,999,0
999,999999,"89.2,89.9,92.6,96.1,97.9,92.1,94.7",11.7,999.0,999.0,999,999,0
999,999999,"94.2,94.7,95.4,96.8,101.6,102.3",14.8,999.0,999.0,999,999,0
999,999999,"62.2,61.9,67.1,70.0,71.8,72.5,73.1,198.2",16.4,999.0,999.0,999,999,0
999,999999,"84.7,86.9,89.4,90.3,89.5",19.1,999.0,999.0,999,999,0
999,999999,"116.5,80.6,81.5,82.6,84.5,83.8,83.9,85.4,86.7,88.8",17.1,999.0,999.0,999,999,0
999,999999,"75.4,76.2,77.5,80.5,83.0",11.1,999.0,999.0,999,999,0
999,999999,"68.9,68.4,70.7,75.7,76.2,75.2,79.4,79.8,82.9,84.0",19.5,999.0,999.0,999,999,0
999,999999,"88.2,88.9,92.2,91.8,91.7,89.1",22.6,999.0,999.0,999,999,0
999,999999,"131.8,98.4,99.2,98.9,97.9,24.9,100.1",34.0,999.0,999.0,999,999,0
999,999999,"63.2,64.3,71.2,70.1,70.1,73.0,76.1,77.8,79.7,82.3",23.2,999.0,999.0,999,999,0
999,999999,"75.5,78.3,78.9,81.0,79.4,81.3,84.6,88.2,86.0,88.4",32.3,999.0,999.0,999,999,0
999,999999,"105.5,108.4,109.6,111.5,112.7,101.0,111.9,111.1,109.4,110.3",15.8,999.0,999.0,999,999,0
999,999999,"78.0,79.4,81.4,84.4,86.4,88.4,87.2,90.2,91.7",23.9,999.0,999.0,999,999,0
999,999999,"87.4,86.7,87.9,88.2,88.9,88.8,90.6,90.5,88.9",35.1,999.0,999.0,999,999,0
999,999999,"92.7,28.7,94.1,95.8,99.1,92.9",18.4,999.0,999.0,999,999,0
999,999999,"60.6,62.7,66.0,70.0,69.9,73.8,76.6,79.0,79.5",24.0,999.0,999.0,999,999,0
999,999999,"79.7,82.0,81.9,81.4,84.7,87.1",26.4,999.0,999.0,999,999,0
999,999999,"89.8,90.0,92.9,93.8,93.5,94.6,94.3,94.1,96.1",26.7,999.0,999.0,999,999,0
999,999999,"83.4,84.0,84.4,84.0,84.4,85.5,88.8,90.6",13.4,999.0,999.0,999,999,0
999,999999,"85.4,87.2,90.3,94.1,96.6",23.0,999.0,999.0,999,999,0
999,999999,"105.9,106.7,110.4,113.2,115.5",10.6,999.0,999.0,999,999,0
999,999999,"77.2,78.4,78.6,80.6,82.5,85.8,88.7",33.5,999.0,999.0,999,999,0
999,999999,"85.1,86.4,87.8,89.4,90.6,90.7,89.0",32.5,999.0,999.0,999,999,0
999,999999,"79.8,81.0,80.8,83.1,84.4,85.4,87.3,87.9,88.0",14.0,999.0,999.0,999,999,0
999,999999,"60.1,62.2,62.9,62.3,62.6,64.8,100.1,17.3,71.6",12.2,999.0,999.0,999,999,0
999,999999,"111.5,111.1,113.3,113.5,116.3,176.5,29.2",23.5,999.0,999.0,999,999,0
999,999999,"62.5,64.2,64.8,69.5,69.6,72.4",29.8,999.0,999.0,999,999,0
999,999999,"116.0,117.7,119.6,119.6,118.3,121.3,119.1",17.3,999.0,999.0,999,999,0
999,999999,"66.6,69.9,76.2,76.4,75.2,76.5,77.9,78.6",12.0,999.0,999.0,999,999,0
999,999999,"79.5,83.1,86.2,87.1,85.3,86.9,87.2,90.3,90.7,93.3",26.7,999.0,999.0,999,999,0
999,999999,"58.9,58.3,57.5,58.3,59.4,60.5,63.0,67.9,71.2",13.6,999.0,999.0,999,999,0
999,999999,"64.8,69.3,71.3,72.2,74.0,73.2,74.6,75.9",14.8,999.0,999.0,999,999,0
999,999999,"70.1,71.3,73.2,76.7,75.5,73.7,73.4,75.3,76.5",25.5,999.0,999.0,999,999,0
999,999999,"78.1,82.3,84.5,85.0,87.4,88.0,90.3,94.1",16.3,999.0,999.0,999,999,0
999,999999,"99.3,99.9,101.0,101.2,102.8,102.9",31.7,999.0,999.0,999,999,0
999,999999,"88.1,89.6,89.9,90.9,90.7,92.1,93.9,94.8,96.0",13.8,999.0,999.0,999,999,0
999,999999,"106.6,107.7,109.9,112.2,114.1,113.5,115.2",20.1,999.0,999.0,999,999,0
999,999999,"101.9,106.0,107.8,110.5,110.9,112.8,115.2,116.7,115.9",27.1,999.0,999.0,999,999,0
999,999999,"94.2,95.5,96.8,28.8,99.6,102.2",20.7,999.0,999.0,999,999,0
999,999999,"81.4,81.9,82.1,82.1,81.4,83.7,84.7,87.5,87.2,90.6",31.3,999.0,999.0,999,999,0
999,999999,"113.3,110.6,111.4,111.3,111.6,112.8,116.1",32.2,999.0,999.0,999,999,0
999,999999,"69.1,70.7,74.5,75.5,73.9",13.5,999.0,999.0,999,999,0
999,999999,"103.1,104.5,103.0,105.1,106.5,109.3",29.4,999.0,999.0,999,999,0
999,999999,"73.7,73.3,78.9,80.9,82.6,81.0,82.7,80.8",32.7,999.0,999.0,999,999,0
999,999999,"72.7,73.2,157.5,75.5,75.6,74.7,74.9,76.8",20.1,999.0,999.0,999,999,0
999,999999,"61.3,62.5,62.8,28.0,65.8,69.1,71.0,70.0,70.8,71.8",28.0,999.0,999.0,999,999,0
999,999999,"99.8,101.5,103.1,101.1,104.5,104.4,105.4,106.9",31.4,999.0,999.0,999,999,0
999,999999,"101.4,103.0,102.8,106.7,105.7,105.1",22.6,999.0,999.0,999,999,0
999,999999,"88.0,89.6,90.4,91.0,91.6,95.3,96.8",10.2,999.0,999.0,999,999,0
999,999999,"71.6,73.7,75.1,77.5,80.2",10.4,999.0,999.0,999,999,0
999,999999,"101.4,102.9,23.0,152.8,103.8,105.1,108.1,111.1",31.6,999.0,999.0,999,999,0
999,999999,"55.7,57.8,59.6,61.9,62.2,65.0,67.3,68.4,70.8",10.0,999.0,999.0,999,999,0
999,999999,"91.8,94.9,96.1,98.3,98.0,100.8",24.9,999.0,999.0,999,999,0
999,999999,"70.0,73.0,134.8,74.8,72.7",20.6,999.0,999.0,999,999,0
999,999999,"76.2,80.0,82.0,82.7,84.4,85.7,88.0,90.4,89.5,93.9",13.2,999.0,999.0,999,999,0
999,999999,"87.4,92.1,93.7,96.9,99.3,100.4,100.8",24.3,999.0,999.0,999,999,0
999,999999,"80.2,81.3,82.4,86.1,85.7,89.2,90.3,91.1",30.3,999.0,999.0,999,999,0
999,999999,"95.3,98.6,101.0,101.1,102.9,106.3,108.0,106.1,107.2",11.7,999.0,999.0,999,999,0
999,999999,"100.0,102.9,103.7,103.9,105.5,107.4,108.3,109.4,113.9,115.5",19.3,999.0,999.0,999,999,0
999,999999,"100.8,101.1,104.8,106.1,110.6,113.1,114.7,114.5,116.3,116.1",14.5,999.0,999.0,999,999,0
999,999999,"76.0,75.9,77.3,77.7,80.8,82.8,85.5,88.5,89.9",22.8,999.0,999.0,999,999,0
