model,barcode,power,temperature,boundaryPowerMax,boundaryPowerMin,compressorModel,doza,label
551,551100584849820350551,"84.5,77,81,81.5,85,84.5,86,87",21.6,82.22,98.43,GMCC SZ80Е1H,34,1
551,551100584849820340551,"74,77.5,79,81,83.5,84,86,87",21.6,82.22,98.43,GMCC SZ80Е1H,34,1
551,551100584849820330551,"77,77.5,78.5,84,86.5,88,89.5,90.5,91",21.5,82.04,98.25,GMCC SZ80Е1H,34,1
551,551100584849820320551,"77.5,82,85.5,87.5,88.5",21.6,82.22,98.43,GMCC SZ80Е1H,34,1
551,551100584849820300551,"77.5,81,83,83.5,83,85.5,87",21.6,82.22,98.43,GMCC SZ80Е1H,34,1
551,551100584849820230551,"76,79.5,80,82,85,87,88.5,89.5,90",22.4,83.67,99.89,GMCC SZ80Е1H,34,1
551,551100584849820220551,"77.5,79.5,81,82.5,85,86.5,88,90",21.6,82.22,98.43,GMCC SZ80Е1H,34,1
551,551100584849820170551,"76.5,78,78.5,81.5,83,85.5,87.5,86.5",21.7,82.4,98.61,GMCC SZ80Е1H,34,1
551,551100584849820140551,"74.5,77,78,79,79.5,82,83,85,86.5",21.7,82.4,98.61,GMCC SZ80Е1H,34,1
551,551100584849820130551,"76.5,77.5,78.5,81,82,85,85.5,86.5",21.7,82.4,98.61,GMCC SZ80Е1H,34,1
551,551100584849820070551,"81,79,80.5,82,85,87,89,90.5,91,92",22.4,83.67,99.89,GMCC SZ80Е1H,34,1
551,551100584849820040551,"75.5,79.5,81,82.5,84,85,86.5,87.5,89,89.5",21.8,82.58,98.8,GMCC SZ80Е1H,34,1
551,551100584849820030551,"75,78.5,79,80.5,83,84.5,86.5,87.5",21.8,82.58,98.8,GMCC SZ80Е1H,34,1
551,551100584849819950551,"75,79.5,80,82.5,84,86,87,87.5",21.8,82.58,98.8,GMCC SZ80Е1H,34,1
551,551100584849819920551,"75.5,76,77,77.5,82,84,85.5,86",22.4,83.67,99.89,GMCC SZ80Е1H,34,1
551,551100584849819900551,"76,78,78.5,79.5,81,82,83,84,84.5,85",21.9,82.76,98.98,GMCC SZ80Е1H,34,1
551,551100584849819890551,"74,76.5,76,79.5,81,82.5,85.5,85,86.5,87",21.9,82.76,98.98,GMCC SZ80Е1H,34,1
551,551100584849819740551,"78,79.5,82,82.5,84,85.5,86,86.5,88",22.7,84.22,100.43,GMCC SZ80Е1H,34,1
551,551100584849819700551,"76.5,78,81,82.5,83.5,85.5,87,88",22.5,83.85,100.07,GMCC SZ80Е1H,34,1
551,551100584849819690551,"82.5,84.5,87,87.5,90,89.5,90.5",22.7,84.22,100.43,GMCC SZ80Е1H,34,1
551,551100584849819680551,"80,82.5,83.5,86.5,87.5,88.5,90,91.5,91",22.4,83.67,99.89,GMCC SZ80Е1H,34,1
551,551100584849819660551,"74.5,76.5,76,79,81,82,83,83.5,84",22.4,83.67,99.89,GMCC SZ80Е1H,34,1
551,551100584849819650551,"80,80.5,81.5,84,86.5,87,87.5,88.5,88",22.4,83.67,99.89,GMCC SZ80Е1H,34,1
551,551100584849819640551,"79.5,81.5,83.5,86.5,87.5,89.5,90.5,93.5,90",22.6,84.04,100.25,GMCC SZ80Е1H,34,1
551,551100584849819620551,"78.5,84.5,86.5,89,91.5,92.5,94.5,95.5,94.5",23.9,86.39,102.62,GMCC SZ80Е1H,34,1
551,551100584849819610551,"82.5,81,82,85,86.5,90,91.5,92,93,93.5",24.0,86.58,102.8,GMCC SZ80Е1H,34,1
551,551100584849819600551,"81,82,80.5,87,89.5,90.5,91.5,92.5",24.0,86.58,102.8,GMCC SZ80Е1H,34,1
551,551100584849819580551,"84.5,76,82,85.5,87,88.5,90,91",22.4,83.67,99.89,GMCC SZ80Е1H,34,1
551,551100584849819570551,"80,83,84,86.5,92,93,93.5",24.1,86.76,102.98,GMCC SZ80Е1H,34,1
551,551100584849819510551,"82,84.5,86.5,92,93,94,95,96.5",24.0,86.58,102.8,GMCC SZ80Е1H,34,1
551,551100584849819490551,"74,78,80,81.5,83,84,85.5,86.5,87,88",22.5,83.85,100.07,GMCC SZ80Е1H,34,1
551,551100584849819410551,"76,79,80,80.5,84,84.5,86,86.5",22.5,83.85,100.07,GMCC SZ80Е1H,34,1
551,551100584849819340551,"82,80.5,84,86,88.5,91.5,92.5,93,94,94.5",24.3,87.12,103.35,GMCC SZ80Е1H,34,1
551,551100584849819330551,"77,81.5,82.5,84,88.5,90,90.5,91.5",22.9,84.58,100.8,GMCC SZ80Е1H,34,1
551,551100584849819310551,"78,80.5,82.5,85,86.5,89,90.5,92.5,93.5",23.9,86.39,102.62,GMCC SZ80Е1H,34,1
551,551100584849819300551,"79.5,81,82,84,85,87,89,91.5,92",22.5,83.85,100.07,GMCC SZ80Е1H,34,1
551,551100584849819260551,"86.5,83,83.5,84,85,87.5,90.5,92,93,94",24.0,86.58,102.8,GMCC SZ80Е1H,34,1
551,551100584849819250551,"78,81,83,85.5,88.5,90.5,91.5,91",24.0,86.58,102.8,GMCC SZ80Е1H,34,1
551,551100584849819200551,"80.5,82,84,87,88.5,91,93,92.5",22.7,84.22,100.43,GMCC SZ80Е1H,34,1
551,551100584849819150551,"83,81.5,81,84.5,86.5,88,89.5,92",23.2,85.12,101.34,GMCC SZ80Е1H,34,1
551,551100584849819630551,"77,80.5,82,83,85,88.5,89.5,90,91",22.4,83.67,99.89,GMCC SZ80Е1H,34,1
551,551100584849819130551,"76,79,81.5,84.5,86.5,88.5,90,90.5",22.6,84.04,100.25,GMCC SZ80Е1H,34,1
551,551100584849819120551,"79,84,85,87,88.5,90.5,92,93.5",23.0,84.76,100.98,GMCC SZ80Е1H,34,1
551,551100584849819110551,"77,79.5,82.5,84.5,89,90,91.5",23.0,84.76,100.98,GMCC SZ80Е1H,34,1
551,551100584849819080551,"82,81.5,82.5,86,87.5,89,90.5,92.5",23.2,85.12,101.34,GMCC SZ80Е1H,34,1
551,551100584849819070551,"83.5,73.5,79,81.5,85,87,88,89",22.7,84.22,100.43,GMCC SZ80Е1H,34,1
551,551100584849819030551,"81.5,83,83.5,86,87.5,90,92,91.5,93",23.1,84.94,101.16,GMCC SZ80Е1H,34,1
551,551100584849819020551,"81,80,79.5,80,83.5,86,87.5,89,89.5,91",22.9,84.58,100.8,GMCC SZ80Е1H,34,1
551,551100584849818990551,"83,74,78,80.5,81.5,84,86,87,88.5",22.7,84.22,100.43,GMCC SZ80Е1H,34,1
551,551100584849818980551,"73.5,76,78.5,81,83.5,86,88,87",23.1,84.94,101.16,GMCC SZ80Е1H,34,1
551,551100584849818960551,"80.5,82,85,85.5,88,90,92",23.1,84.94,101.16,GMCC SZ80Е1H,34,1
551,551100584849818950551,"76,78.5,81.5,82.5,83.5,84,86,87,89",22.9,84.58,100.8,GMCC SZ80Е1H,34,1
551,551100584849818940551,"77,79.5,80,80.5,82,83,85,87.5,88,90.5",22.9,84.58,100.8,GMCC SZ80Е1H,34,1
551,551100584849818910551,"77.5,82.5,83,84.5,86,88.5,89,90.5",23.1,84.94,101.16,GMCC SZ80Е1H,34,1
551,551100584849818900551,"82,81,84,86,89.5,90.5,92,93",22.9,84.58,100.8,GMCC SZ80Е1H,34,1
551,551100584849818890551,"74.5,79,80.5,84,86.5,89.5,90",23.0,84.76,100.98,GMCC SZ80Е1H,34,1
551,551100584849818870551,"84,82,81.5,85.5,86.5,87.5,89.5,90,91.5,92.5",22.9,84.58,100.8,GMCC SZ80Е1H,34,1
551,551100584849818840551,"87,80.5,84.5,86,88.5,90.5,92,94.5,95",23.5,85.67,101.89,GMCC SZ80Е1H,34,1
551,551100584849818830551,"72.5,78,78.5,80.5,81.5,83,84.5,86,88,89.5",23.8,86.21,102.44,GMCC SZ80Е1H,34,1
551,551100584849818780551,"80.5,83.5,84,86,88.5,90,90.5,93",23.3,85.31,101.53,GMCC SZ80Е1H,34,1
551,551100584849818770551,"78,82,82.5,85,87,89,91,92.5",23.0,84.76,100.98,GMCC SZ80Е1H,34,1
551,551100584849818700551,"81.5,82.5,83,87,90,91.5,93.5,95,94",23.4,85.49,101.71,GMCC SZ80Е1H,34,1
551,551100584849818680551,"80.5,82,84.5,86,86.5,88.5,90.5,93",23.1,84.94,101.16,GMCC SZ80Е1H,34,1
551,551100584849818580551,"81.5,81,80,81,83,86.5,88,90,91,92.5,93",24.0,86.58,102.8,GMCC SZ80Е1H,34,1
551,551100584849819230551,"81.5,83.5,85,88,89.5,92,93,91.5",24.0,86.58,102.8,GMCC SZ80Е1H,34,1
551,551100584849818550551,"77.5,83,85,87,88,88.5,89.5",23.8,86.21,102.44,GMCC SZ80Е1H,34,1
551,551100584849818540551,"79.5,82,82.5,83.5,85,88.5,89.5,91.5,92.5,93",23.4,85.49,101.71,GMCC SZ80Е1H,34,1
551,551100584849818530551,"80,81.5,82,85.5,88,89,91,91.5",23.4,85.49,101.71,GMCC SZ80Е1H,34,1
551,551100584849818470551,"82,88,89.5,91,93.5,94,94.5,93.5",23.4,85.49,101.71,GMCC SZ80Е1H,34,1
551,551100584849818460551,"82,83.5,85.5,88.5,91.5,93.5,95.5,94,96.5",23.4,85.49,101.71,GMCC SZ80Е1H,34,1
551,551100584849818350551,"80.5,84.5,86.5,89,89.5,92,93.5,93",23.8,86.21,102.44,GMCC SZ80Е1H,34,1
551,551100584849818290551,"82.5,83,84,85,88.5,90.5,91,92,93,94",24.0,86.58,102.8,GMCC SZ80Е1H,34,1
551,551100584849818280551,"76.5,76,80.5,81,84,86,86.5,88,87.5",23.8,86.21,102.44,GMCC SZ80Е1H,34,1
551,551100584849818270551,"78.5,83.5,85.5,86.5,88,90,90.5,92,92.5",23.8,86.21,102.44,GMCC SZ80Е1H,34,1
551,551100584849818260551,"86.5,81.5,80.5,83,85.5,87.5,90,92,91.5,92",24.1,86.76,102.98,GMCC SZ80Е1H,34,1
551,551100584849818240551,"76,79.5,79,80.5,82,84.5,85,87,88,89",23.9,86.39,102.62,GMCC SZ80Е1H,34,1
551,551100584849818190551,"77,81.5,82.5,83.5,85,88,90.5,92.5,94,94.5",23.8,86.21,102.44,GMCC SZ80Е1H,34,1
551,551100584849818110551,"77.5,79,81,83.5,86.5,88,89.5,90.5,91",23.8,86.21,102.44,GMCC SZ80Е1H,34,1
551,551100584849817950551,"81,79.5,81.5,82.5,85,87,88,90,91.5,91,92.5",24.0,86.58,102.8,GMCC SZ80Е1H,34,1
551,551100584849817940551,"77.5,81.5,82.5,86,88,90,92,92.5",24.0,86.58,102.8,GMCC SZ80Е1H,34,1
551,551100584849817930551,"81.5,82,82.5,84,87,88.5,89.5,89,90,90.5,91.5,92,91.5,92",24.0,86.58,102.8,GMCC SZ80Е1H,34,1
551,551100584849817870551,"82.5,81,82.5,83.5,86,89,90,91.5,92",23.9,86.39,102.62,GMCC SZ80Е1H,34,1
551,551100584849817850551,"87,78,85.5,87,88,89.5,92,95,93.5",24.0,86.58,102.8,GMCC SZ80Е1H,34,1
551,551100584849817840551,"83,83.5,85.5,87.5,89,90.5,91,91.5,92",24.0,86.58,102.8,GMCC SZ80Е1H,34,1
551,551100584849817820551,"76,80,82.5,84.5,88,89.5,91,90.5",24.0,86.58,102.8,GMCC SZ80Е1H,34,1
551,551100584849817800551,"78.5,81,82.5,84.5,86,87.5,90,89.5",24.0,86.58,102.8,GMCC SZ80Е1H,34,1
551,551100584849817750551,"84,83.5,83,85,88,90,91,92.5,93.5",23.9,86.39,102.62,GMCC SZ80Е1H,34,1
551,551100584849817720551,"76.5,92",24.0,86.58,102.8,GMCC SZ80Е1H,34,1
551,551100584849817700551,"77.5,80.5,82,84,86.5,87.5,89.5,90",24.0,86.58,102.8,GMCC SZ80Е1H,34,1
551,551100584849817650551,"83,82.5,84.5,85.5,87.5,90.5,92,93.5,95,95.5",24.0,86.58,102.8,GMCC SZ80Е1H,34,1
551,551100584849817630551,"83,85.5,87,88.5,91.5,94.5,93,96,94.5",23.9,86.39,102.62,GMCC SZ80Е1H,34,1
551,551100584849817610551,"83,88.5,89.5,90.5,93.5,95.5,97.5,96,96.5",24.0,86.58,102.8,GMCC SZ80Е1H,34,1
551,551100584849817550551,"82.5,84,89,90,90.5,93,94.5,96,97",24.0,86.58,102.8,GMCC SZ80Е1H,34,1
551,551100584849817500551,"74,79,80.5,84.5,88.5,90,91,92.5",24.1,86.76,102.98,GMCC SZ80Е1H,34,1
551,551100584849817480551,"80.5,84.5,85.5,86,87.5,89,90,92,94.5,95.5",24.1,86.76,102.98,GMCC SZ80Е1H,34,1
551,551100584849817470551,"83.5,84.5,87.5,89,90.5,93,94.5,96,95.5",24.0,86.58,102.8,GMCC SZ80Е1H,34,1
551,551100584849817450551,"83,86.5,87,89,89.5,94,94.5,96,97",24.0,86.58,102.8,GMCC SZ80Е1H,34,1
551,551100584849817440551,"85,84.5,85,86,88.5,90.5,91.5,93.5,95.5,95",24.0,86.58,102.8,GMCC SZ80Е1H,34,1
551,551100584849817420551,"83,89,91,93.5,94,98,97,98.5",24.0,86.58,102.8,GMCC SZ80Е1H,34,1
551,551100584849817390551,"80,82.5,83.5,86,86.5,88.5,92.5,93.5,94.5,96",24.0,86.58,102.8,GMCC SZ80Е1H,34,1
551,551100584849818670551,"81,82.5,84.5,86.5,89.5,90,91.5,92,92.5",23.4,85.49,101.71,GMCC SZ80Е1H,34,1
551,551100584849817380551,"79.5,81.5,82.5,84,85.5,89,90.5,91.5,93",24.3,87.12,103.35,GMCC SZ80Е1H,34,1
551,551100584849817330551,"82,86,88,90.5,93.5,94.5,95.5,97.5",24.0,86.58,102.8,GMCC SZ80Е1H,34,1
551,551100584849817320551,"77.5,78.5,81.5,84.5,87,88,89.5,91.5,92.5",24.0,86.58,102.8,GMCC SZ80Е1H,34,1
551,551100584849817310551,"79.5,80.5,81,81.5,83,86.5,88.5,90,92,93",24.0,86.58,102.8,GMCC SZ80Е1H,34,1
551,551100584849817290551,"82,81,83,86.5,89.5,91.5,93,94.5",24.2,86.94,103.16,GMCC SZ80Е1H,34,1
551,551100584849817280551,"76,82,83.5,86,89,90.5,92,94.5",24.1,86.76,102.98,GMCC SZ80Е1H,34,1
551,551100584849817270551,"82.5,75,79,81,84,86.5,88,89.5,91,92",24.2,86.94,103.16,GMCC SZ80Е1H,34,1
551,551100584849817180551,"79,82.5,84,87.5,91,92.5,97",24.3,87.12,103.35,GMCC SZ80Е1H,34,1
551,551100584849817170551,"81,82.5,85.5,90,93,95.5,94.5",24.3,87.12,103.35,GMCC SZ80Е1H,34,1
551,551100584849817110551,"79.5,82.5,88,91.5,94.5",24.3,87.12,103.35,GMCC SZ80Е1H,34,1
551,551100584849817090551,"76.5,81.5,82.5,85,88,90,92,93",24.3,87.12,103.35,GMCC SZ80Е1H,34,1
551,551100584849816960551,"80,81,83,85.5,88,91,92.5",24.3,87.12,103.35,GMCC SZ80Е1H,34,1
551,551100584849799520551,"74,77.5,76,78.5,80,82.5",20.0,79.32,95.52,GMCC SZ80Е1H,34,1
551,551100584849799510551,"81.5,79,79.5,82,83,85,84.5",19.9,79.13,95.34,GMCC SZ80Е1H,34,1
551,551100584849799450551,"76,78.5,79,80,81,83,83.5,84.5",20.0,79.32,95.52,GMCC SZ80Е1H,34,1
551,551100584849799440551,"82,77,79,81.5,83,84.5,86,88.5",20.3,79.86,96.06,GMCC SZ80Е1H,34,1
551,551100584849799420551,"76,77,78.5,80.5,82,81.5",19.9,79.13,95.34,GMCC SZ80Е1H,34,1
551,551100584849799410551,"71.5,73,73.5,77,79,80.5,82.5,83",20.5,80.22,96.43,GMCC SZ80Е1H,34,1
551,551100584849799390551,"76,77,78.5,79.5,81.5,82.5,85,84",19.9,79.13,95.34,GMCC SZ80Е1H,34,1
551,551100584849799380551,"81,72.5,75.5,75,76.5,77,78.5,79,80,81,82,82.5",20.1,79.5,95.7,GMCC SZ80Е1H,34,1
551,551100584849799330551,"83,83.5,84,84.5,86.5,89,90,89",19.9,79.13,95.34,GMCC SZ80Е1H,34,1
551,551100584849799290551,"74,74.5,76.5,78.5,80.5,81,83,82.5",19.5,78.41,94.61,GMCC SZ80Е1H,34,1
551,551100584849799280551,"75.5,78.5,79.5,82,83,84.5,85.5,85",20.0,79.32,95.52,GMCC SZ80Е1H,34,1
551,551100584849799230551,"76.5,79.5,78.5,79,81.5,83,84,86,86.5,87.5",20.0,79.32,95.52,GMCC SZ80Е1H,34,1
551,551100584849817520551,"80.5,83,84.5,88,90,91.5,92,93.5,94.5",23.9,86.39,102.62,GMCC SZ80Е1H,34,1
551,551100584849799220551,"76,75.5,74,75.5,80,80.5,82.5,84,86,86.5",20.0,79.32,95.52,GMCC SZ80Е1H,34,1
551,551100584849820290551,"77.5,79.5,80.5,81.5,83,84.5,86,87,88,89,89.5",21.6,82.22,98.43,GMCC SZ80Е1H,34,1
551,551100584849799210551,"73.5,76,77,79.5,80.5,82,84,85",20.0,79.32,95.52,GMCC SZ80Е1H,34,1
551,551100584849799180551,"76,77.5,80,81.5,82,84,86,88,88.5",19.9,79.13,95.34,GMCC SZ80Е1H,34,1
551,551100584849799170551,"76,81,83.5,85.5,86,87.5,89,88.5",19.9,79.13,95.34,GMCC SZ80Е1H,34,1
551,551100584849799150551,"74,77.5,78,80.5,84,85,87,86.5",20.0,79.32,95.52,GMCC SZ80Е1H,34,1
551,551100584849799140551,"72.5,78.5,80,83,84.5,85.5,88,87",19.9,79.13,95.34,GMCC SZ80Е1H,34,1
551,551100584849799120551,"77,75,76.5,79.5,83,84,85.5,86",19.9,79.13,95.34,GMCC SZ80Е1H,34,1
551,551100584849799090551,"80,81.5,82.5,84.5,86.5,88,89,88.5",19.9,79.13,95.34,GMCC SZ80Е1H,34,1
551,551100584849799060551,"84.5,81,84,87,88,91,90",19.9,79.13,95.34,GMCC SZ80Е1H,34,1
551,551100584849799050551,"82.5,80.5,81.5,82.5,85.5,87,89,88.5",19.9,79.13,95.34,GMCC SZ80Е1H,34,1
551,551100584849817570551,"83.5,80.5,81,84.5,86,87.5,88.5,89.5,90.5,91.5",24.0,86.58,102.8,GMCC SZ80Е1H,34,1
551,551100584849799040551,"82.5,81,81.5,84.5,86,88,90,89",19.9,79.13,95.34,GMCC SZ80Е1H,34,1
551,551100584849799020551,"79,79.5,80.5,82.5,83,85.5,87,88.5",19.9,79.13,95.34,GMCC SZ80Е1H,34,1
551,551100584849799010551,"75.5,72.5,76.5,78.5,81,82,82.5,84,85",20.6,80.41,96.61,GMCC SZ80Е1H,34,1
551,551100584849799000551,"73,73.5,78.5,82,83,84.5,85,86.5,88,90",20.6,80.41,96.61,GMCC SZ80Е1H,34,1
551,551100584849798980551,"79,80.5,81.5,82.5,85.5,86,89.5,88",20.0,79.32,95.52,GMCC SZ80Е1H,34,1
551,551100584849798970551,"77,79.5,81,84,84.5,86,86.5",19.9,79.13,95.34,GMCC SZ80Е1H,34,1
551,551100584849798940551,"79,84,87.5,89.5,90.5,92",20.0,79.32,95.52,GMCC SZ80Е1H,34,1
551,551100584849798900551,"80,82.5,82,83.5,85.5,87,88",20.0,79.32,95.52,GMCC SZ80Е1H,34,1
551,551100584849798890551,"79,77,79.5,80,82.5,85,84.5",20.0,79.32,95.52,GMCC SZ80Е1H,34,1
551,551100584849798860551,"79.5,78.5,79,82,84.5,86,87.5",20.0,79.32,95.52,GMCC SZ80Е1H,34,1
551,551100584849798850551,"78.5,79.5,82,81.5,82,83.5,86,87,88",20.0,79.32,95.52,GMCC SZ80Е1H,34,1
551,551100584849798820551,"79,80.5,81.5,83,85.5,86.5,87.5,88",20.0,79.32,95.52,GMCC SZ80Е1H,34,1
551,551100584849798800551,"80,77.5,79.5,81.5,82,84.5,84",20.0,79.32,95.52,GMCC SZ80Е1H,34,1
551,551100584849798760551,"77,80,79.5,81.5,83.5,85,87,88",20.0,79.32,95.52,GMCC SZ80Е1H,34,1
551,551100584849798710551,"78,78.5,78,78.5,79,81,82,83,83.5,85,87",20.0,79.32,95.52,GMCC SZ80Е1H,34,1
551,551100584849798690551,"75.5,78,79,81,83,84,85",20.0,79.32,95.52,GMCC SZ80Е1H,34,1
551,551100584849798670551,"78.5,77.5,79.5,81.5,83.5,84.5,87,87.5",20.0,79.32,95.52,GMCC SZ80Е1H,34,1
551,551100584849798650551,"78,78.5,78,81,83,84,85.5,88",20.0,79.32,95.52,GMCC SZ80Е1H,34,1
551,551100584849798630551,"74.5,76,78,78.5,79.5,81,81.5",19.6,78.59,94.79,GMCC SZ80Е1H,34,1
551,551100584849798620551,"76,77.5,80,81.5,82,84,85,86.5",20.1,79.5,95.7,GMCC SZ80Е1H,34,1
551,551100584849798610551,"76,79.5,79,80.5,81,82.5,83.5,86,86.5",20.0,79.32,95.52,GMCC SZ80Е1H,34,1
551,551100584849798600551,"80,77.5,78.5,79.5,81,81.5,83.5,85.5,86",20.1,79.5,95.7,GMCC SZ80Е1H,34,1
551,551100584849798590551,"72.5,80.5,82.5,85,86.5,85.5,86.5",20.3,79.86,96.06,GMCC SZ80Е1H,34,1
551,551100584849798580551,"71,70.5,76.5,76,78,80.5,82",19.0,77.5,93.7,GMCC SZ80Е1H,34,1
551,551100584849798570551,"77,76.5,77.5,79.5,81,82.5,83.5",20.1,79.5,95.7,GMCC SZ80Е1H,34,1
551,551100584849798560551,"80,78.5,80.5,82,83.5,85.5,87",20.1,79.5,95.7,GMCC SZ80Е1H,34,1
551,551100584849798530551,"79.5,79,80,81,82.5,84,86.5,85.5",20.1,79.5,95.7,GMCC SZ80Е1H,34,1
551,551100584849798520551,"79.5,79,76.5,77.5,80.5,80,80.5,82",20.2,79.68,95.88,GMCC SZ80Е1H,34,1
551,551100584849798510551,"75.5,80,78.5,80,82.5,83,84.5,82",20.3,79.86,96.06,GMCC SZ80Е1H,34,1
551,551100584849798410551,"75.5,77.5,77,76.5,79,79.5,80.5,81,82.5",19.2,77.86,94.06,GMCC SZ80Е1H,34,1
551,551100584849798310551,"75.5,79.5,80.5,81.5,83.5,85,85.5,86",20.1,79.5,95.7,GMCC SZ80Е1H,34,1
551,551100584849798250551,"70.5,73.5,78.5,78,80,82,83,84.5",20.5,80.22,96.43,GMCC SZ80Е1H,34,1
551,551100584849798160551,"76,77.5,76.5,77,78.5,79.5,81,82",19.4,78.23,94.43,GMCC SZ80Е1H,34,1
551,551100584849798140551,"78,77.5,79,79.5,81.5,83.5,84,82.5",19.1,77.68,93.88,GMCC SZ80Е1H,34,1
551,551100584849798130551,"77,78.5,80.5,81.5,82.5,84,85,87,87.5",19.6,78.59,94.79,GMCC SZ80Е1H,34,1
551,551100584849798110551,"77,80,78.5,80.5,81.5,83.5,83",19.4,78.23,94.43,GMCC SZ80Е1H,34,1
551,551100584849798090551,"77.5,78,79,79.5,81,82.5,84,83.5",19.2,77.86,94.06,GMCC SZ80Е1H,34,1
551,551100584849798070551,"77.5,77,76.5,77,78,79,80.5,81,81.5",19.2,77.86,94.06,GMCC SZ80Е1H,34,1
551,551100584849798020551,"82,82.5,83,84.5,85.5,87.5,86.5",19.4,78.23,94.43,GMCC SZ80Е1H,34,1
551,551100584849798010551,"76,80,79,81,83.5,84,83.5",19.4,78.23,94.43,GMCC SZ80Е1H,34,1
551,551100584849798000551,"77.5,78,80,81.5,82.5,84.5,83",19.2,77.86,94.06,GMCC SZ80Е1H,34,1
551,551100584849797890551,"77.5,76.5,78.5,80.5,82.5,84,85.5,88,86",19.4,78.23,94.43,GMCC SZ80Е1H,34,1
551,551100584849797880551,"77.5,79.5,80.5,82,84,85.5,84",19.3,78.05,94.24,GMCC SZ80Е1H,34,1
551,551100584849797840551,"78.5,79.5,78.5,81,82.5,83.5,82.5",19.4,78.23,94.43,GMCC SZ80Е1H,34,1
551,551100584849797820551,"77.5,80,76,78,79.5,79",19.3,78.05,94.24,GMCC SZ80Е1H,34,1
551,551100584849797760551,"78,78.5,79,80.5,81.5,83,84.5,85",19.6,78.59,94.79,GMCC SZ80Е1H,34,1
551,551100584849799350551,"79.5,84,86,88.5,90,91.5,92",19.9,79.13,95.34,GMCC SZ80Е1H,34,1
551,551100584849797740551,"74.5,75.5,82,83.5,85.5,86.5,87",19.4,78.23,94.43,GMCC SZ80Е1H,34,1
551,551100584849818230551,"79.5,78.5,78,80.5,81,83.5,85,86.5,87.5,90,90.5",23.8,86.21,102.44,GMCC SZ80Е1H,34,1
551,551100584849817300551,"74.5,80,81,83.5,85,86,88,90,89.5",24.2,86.94,103.16,GMCC SZ80Е1H,34,1
551,551100584849797720551,"79.5,75.5,79.5,78.5,79.5,80.5,82.5,84,84.5,85",19.5,78.41,94.61,GMCC SZ80Е1H,34,1
551,551100584849797700551,"76,74,75,76,78.5,80,82.5,83",19.5,78.41,94.61,GMCC SZ80Е1H,34,1
551,551100584849797640551,"76,78.5,77.5,79,81,82.5,85,86.5",19.6,78.59,94.79,GMCC SZ80Е1H,34,1
551,551100584849798840551,"77,76,77.5,80,81,82,82.5",20.0,79.32,95.52,GMCC SZ80Е1H,34,1
551,551100584849797610551,"73.5,75,72,75.5,76,77,78,80.5,82,83",19.6,78.59,94.79,GMCC SZ80Е1H,34,1
551,551100584849797590551,"78.5,79.5,80.5,82.5,84.5,86,87.5",19.6,78.59,94.79,GMCC SZ80Е1H,34,1
551,551100584849797580551,"77.5,76,78,80,83.5,84,85.5,84",19.6,78.59,94.79,GMCC SZ80Е1H,34,1
551,551100584849797570551,"75,80,80.5,83,85,86.5,87.5,87,88",20.7,80.59,96.79,GMCC SZ80Е1H,34,1
551,551100584849797530551,"77.5,76.5,76,77,77.5,79,80.5,81.5,82.5,83.5",19.7,78.77,94.97,GMCC SZ80Е1H,34,1
551,551100584849797470551,"74,77.5,76.5,78,79.5,80,80.5,81,81.5,83.5",19.8,78.95,95.15,GMCC SZ80Е1H,34,1
551,551100584849797420551,"79.5,77.5,79,80.5,82,84.5,85.5,85",19.7,78.77,94.97,GMCC SZ80Е1H,34,1
551,551100584849797410551,"72,75,76.5,77,79,81.5,83.5,83",19.7,78.77,94.97,GMCC SZ80Е1H,34,1
551,551100584849797400551,"82,79.5,80,81.5,82.5,84.5,86,87.5",20.1,79.5,95.7,GMCC SZ80Е1H,34,1
551,551100584849797360551,"82,81,83.5,85.5,87.5,91.5",19.8,78.95,95.15,GMCC SZ80Е1H,34,1
551,551100584849797340551,"79.5,75,77,76.5,80,82,83.5,85.5,86.5",19.8,78.95,95.15,GMCC SZ80Е1H,34,1
551,551100584849797330551,"79.5,81.5,80.5,81,84,85,86.5,87.5",19.9,79.13,95.34,GMCC SZ80Е1H,34,1
551,551100584849797320551,"76.5,75.5,76.5,77,79,79.5,80.5,81.5,81,82.5",20.1,79.5,95.7,GMCC SZ80Е1H,34,1
551,551100584849797300551,"72.5,76.5,77,77.5,80,81,83,82.5,84,86",19.8,78.95,95.15,GMCC SZ80Е1H,34,1
551,551100584849797270551,"76.5,77.5,77,78.5,79,82,83,84.5",19.9,79.13,95.34,GMCC SZ80Е1H,34,1
551,551100584849797250551,"77,79,81,83,85,86,86.5,87",19.9,79.13,95.34,GMCC SZ80Е1H,34,1
551,551100584849797230551,"76.5,77,81,82,83,84.5",20.0,79.32,95.52,GMCC SZ80Е1H,34,1
551,551100584849798370551,"74.5,77,79,77,79,79.5,80,80.5,81,81.5,82.5,84,83.5,84,85.5,87,86.5,87.5,88,88.5",20.3,79.86,96.06,GMCC SZ80Е1H,34,1
551,551100584849797220551,"78,78.5,80,82,83.5,84.5,85.5,87,88",19.9,79.13,95.34,GMCC SZ80Е1H,34,1
551,551100584849797210551,"77,78,79,79.5,81.5,84,85.5,86",19.9,79.13,95.34,GMCC SZ80Е1H,34,1
551,551100584849797200551,"75,76,75.5,77.5,79.5,82,82.5,83",20.1,79.5,95.7,GMCC SZ80Е1H,34,1
551,551100584849797180551,"75,76,78,79,81,82.5,82",19.9,79.13,95.34,GMCC SZ80Е1H,34,1
551,551100584849819180551,"80.5,86.5,89,89.5,91.5,93.5,93,94,94.5",23.2,85.12,101.34,GMCC SZ80Е1H,34,1
551,551100584849797140551,"81,78,78.5,80.5,82.5,83",20.0,79.32,95.52,GMCC SZ80Е1H,34,1
551,551100584849797130551,"77,75.5,77,80,83.5,85,85.5",20.0,79.32,95.52,GMCC SZ80Е1H,34,1
551,551100584849797090551,"77,77.5,78,80,82,83.5,85.5,85",20.1,79.5,95.7,GMCC SZ80Е1H,34,1
551,551100584849797060551,"79,80.5,82.5,84,85.5,87.5,88",20.1,79.5,95.7,GMCC SZ80Е1H,34,1
551,551100584849797030551,"82,84,87,90.5,89",20.5,80.22,96.43,GMCC SZ80Е1H,34,1
551,551100584849797020551,"78.5,81,82.5,84,85.5,87,87.5",20.2,79.68,95.88,GMCC SZ80Е1H,34,1
551,551100584849796960551,"82.5,74,77.5,78,78.5,80.5,83,84.5",20.5,80.22,96.43,GMCC SZ80Е1H,34,1
551,551100584849796940551,"80.5,78.5,79,80.5,83,84,85,86,87,86",20.2,79.68,95.88,GMCC SZ80Е1H,34,1
551,551100584849796890551,"77,76.5,75,76,77.5,78,80,81",20.5,80.22,96.43,GMCC SZ80Е1H,34,1
551,551100584849798030551,"76,77.5,81.5,82.5,83.5,85,85.5",19.4,78.23,94.43,GMCC SZ80Е1H,34,1
551,551100584849796870551,"80,82,81,82.5,83.5,85.5,86.5,86",20.5,80.22,96.43,GMCC SZ80Е1H,34,1
551,551100584849796790551,"83,82,84.5,85,85.5,88,87.5",20.6,80.41,96.61,GMCC SZ80Е1H,34,1
551,551100584849796710551,"77.5,79.5,80.5,82,83.5,84.5,85.5,86",20.7,80.59,96.79,GMCC SZ80Е1H,34,1
551,551100584849796700551,"76.5,79,80.5,82,84.5,86,87,88",20.9,80.95,97.16,GMCC SZ80Е1H,34,1
551,551100584849796680551,"77.5,77,78,78.5,80.5,83,84.5,86",20.8,80.77,96.97,GMCC SZ80Е1H,34,1
551,551100584849796650551,"74,78.5,77,77.5,79.5,81,83,82",20.4,80.04,96.25,GMCC SZ80Е1H,34,1
551,551100584849796630551,"81.5,82,81.5,82.5,84.5,85.5,87.5,87",20.5,80.22,96.43,GMCC SZ80Е1H,34,1
551,551100584849796600551,"80.5,79.5,80,80.5,81.5,82.5,84,85,86.5",20.8,80.77,96.97,GMCC SZ80Е1H,34,1
551,551100584849796580551,"80,79.5,81.5,83,84.5,86,87",21.1,81.31,97.52,GMCC SZ80Е1H,34,1
551,551100584849796550551,"81,82,83.5,86,86.5,89.5,90.5,92",20.9,80.95,97.16,GMCC SZ80Е1H,34,1
551,551100584849796520551,"79,82.5,84.5,86,87,88.5,89.5,90,91.5",20.6,80.41,96.61,GMCC SZ80Е1H,34,1
551,551100584849796510551,"79,81,79,82,83.5,85.5,84.5",20.6,80.41,96.61,GMCC SZ80Е1H,34,1
551,551100584849796490551,"78.5,79,80,80.5,81.5,83.5,86,85.5",22.4,83.67,99.89,GMCC SZ80Е1H,34,1
551,551100584849796440551,"77.5,78,82,83,85,87,87.5,89.5",20.7,80.59,96.79,GMCC SZ80Е1H,34,1
551,551100584849817600551,"84.5,88.5,90.5,91.5,92.5,93,95.5,97,96.5",24.0,86.58,102.8,GMCC SZ80Е1H,34,1
551,551100584849796430551,"80.5,79.5,80,81.5,83,85,86,87.5,88.5",20.6,80.41,96.61,GMCC SZ80Е1H,34,1
551,551100584849796410551,"80.5,82,80.5,82,84.5,86.5,87.5,89",20.7,80.59,96.79,GMCC SZ80Е1H,34,1
551,551100584849796380551,"79.5,80,80.5,82.5,85,87,87.5",20.8,80.77,96.97,GMCC SZ80Е1H,34,1
551,551100584849796340551,"76,78,78.5,79.5,80,84,85.5,86,87",20.7,80.59,96.79,GMCC SZ80Е1H,34,1
551,551100584849796290551,"78,79,80.5,85,86.5,89,86.5,87.5",20.7,80.59,96.79,GMCC SZ80Е1H,34,1
551,551100584849796270551,"80,80.5,81,83,85,87,87.5,89,90.5",20.8,80.77,96.97,GMCC SZ80Е1H,34,1
551,551100584849796250551,"79,77.5,79.5,81,82,84,85,86.5,88,89",20.8,80.77,96.97,GMCC SZ80Е1H,34,1
551,551100584849796200551,"78,78.5,80,84,85.5,87.5,88",20.8,80.77,96.97,GMCC SZ80Е1H,34,1
551,551100584849796150551,"81,79,79.5,81,82.5,83.5,85.5,85",20.8,80.77,96.97,GMCC SZ80Е1H,34,1
551,551100584849797290551,"74.5,76.5,78,79.5,80.5,81.5,82.5,85",19.8,78.95,95.15,GMCC SZ80Е1H,34,1
551,551100584849796140551,"78.5,80,83,84.5,87,88,89,90,89.5,90",20.9,80.95,97.16,GMCC SZ80Е1H,34,1
551,551100584849796120551,"79,78.5,79,80.5,84,85.5,86.5,88,89.5,90",20.9,80.95,97.16,GMCC SZ80Е1H,34,1
551,551100584849796110551,"76.5,79.5,78.5,79.5,83,86,86.5,87,88",20.8,80.77,96.97,GMCC SZ80Е1H,34,1
551,551100584849796090551,"82,77,79,78,80.5,83,85,86.5,87,89",20.9,80.95,97.16,GMCC SZ80Е1H,34,1
551,551100584849796070551,"81,77.5,78,81,82.5,84.5,87,88",20.9,80.95,97.16,GMCC SZ80Е1H,34,1
551,551100584849796060551,"77.5,78,78.5,79.5,82,83.5,85,87,87.5",21.0,81.13,97.34,GMCC SZ80Е1H,34,1
551,551100584849796030551,"77.5,80,82,82.5,85,87,86.5",21.0,81.13,97.34,GMCC SZ80Е1H,34,1
551,551100584849796020551,"76.5,77.5,79.5,80,82,83.5,84.5,86.5,87,87.5",20.9,80.95,97.16,GMCC SZ80Е1H,34,1
551,551100584849796010551,"77.5,80.5,79,80,81.5,82,84.5,86,85",21.0,81.13,97.34,GMCC SZ80Е1H,34,1
551,551100584849796000551,"76.5,79.5,78.5,79,80.5,81.5,82.5,84.5,86,86.5",21.0,81.13,97.34,GMCC SZ80Е1H,34,1
551,551100584849798830551,"81.5,80,81,83.5,84.5,87,87.5",20.0,79.32,95.52,GMCC SZ80Е1H,34,1
551,551100584849795960551,"79,78,80,82,87,86",21.0,81.13,97.34,GMCC SZ80Е1H,34,1
551,551100584849817430551,"84,82,82.5,85,88,89.5,93,95",24.0,86.58,102.8,GMCC SZ80Е1H,34,1
551,551100584849795940551,"83.5,78,81.5,82.5,84,84.5,86.5,87,88.5",21.0,81.13,97.34,GMCC SZ80Е1H,34,1
551,551100584849795920551,"71.5,76.5,78,81,84.5,87.5,88",21.0,81.13,97.34,GMCC SZ80Е1H,34,1
551,551100584849795900551,"72.5,78.5,77.5,81,84,85,87,89,89.5,90.5,91.5,92",21.0,81.13,97.34,GMCC SZ80Е1H,34,1
551,551100584849795880551,"79.5,79,80.5,82.5,84.5,85.5",21.0,81.13,97.34,GMCC SZ80Е1H,34,1
551,551100584849795840551,"77,78.5,79.5,80.5,83,84.5,87,87.5",21.1,81.31,97.52,GMCC SZ80Е1H,34,1
551,551100584849795820551,"76,79,81,80.5,83,85.5,86,87.5,88,89",21.3,81.68,97.88,GMCC SZ80Е1H,34,1
551,551100584849795810551,"81,79,81,82.5,82,84.5,86.5,87,86.5,90.5,91.5",21.2,81.49,97.7,GMCC SZ80Е1H,34,1
551,551100584849795780551,"86,75.5,79,74.5,81.5,84.5,85.5,86.5,87,89.5",21.2,81.49,97.7,GMCC SZ80Е1H,34,1
551,551100584849795750551,"75.5,74,74.5,78,79,80,81.5,83,84.5",21.4,81.86,98.07,GMCC SZ80Е1H,34,1
551,551100584849795720551,"72.5,75,75.5,76,77.5,81,83,84.5,86",21.4,81.86,98.07,GMCC SZ80Е1H,34,1
551,551100584849795680551,"72.5,79,80.5,82,83,83.5,85,86,87.5",21.2,81.49,97.7,GMCC SZ80Е1H,34,1
551,551100584849795640551,"79,83.5,85.5,86,87,88.5,91",21.3,81.68,97.88,GMCC SZ80Е1H,34,1
551,551100584849798720551,"80.5,78.5,79,82,84,84.5,86,86.5,87.5,89",20.0,79.32,95.52,GMCC SZ80Е1H,34,1
551,551100584849795620551,"71.5,74,75.5,76.5,77.5,80,81,82,83",21.4,81.86,98.07,GMCC SZ80Е1H,34,1
551,551100584849795570551,"77,77.5,79,81,82,83,85.5,87.5,86,87.5",21.7,82.4,98.61,GMCC SZ80Е1H,34,1
551,551100584849795560551,"71.5,75,75.5,77,79,81,83,85,84.5",21.4,81.86,98.07,GMCC SZ80Е1H,34,1
551,551100584849795510551,"68,76,74.5,76,77.5,79,81,81.5,82",21.3,81.68,97.88,GMCC SZ80Е1H,34,1
551,551100584849795440551,"72.5,70,74,79,79.5,80.5,81,81.5,82.5",21.3,81.68,97.88,GMCC SZ80Е1H,34,1
551,551100584849795370551,"73,75,76,77.5,78,80.5,81.5,84.5",21.3,81.68,97.88,GMCC SZ80Е1H,34,1
551,551100584849817530551,"81,79.5,82,83,87.5,88.5,91.5,93,92.5",24.0,86.58,102.8,GMCC SZ80Е1H,34,1
551,551100584849795360551,"71.5,76,78,80,82,82.5,85,86.5",21.4,81.86,98.07,GMCC SZ80Е1H,34,1
551,551100584849795350551,"73.5,75.5,76.5,78.5,80,83,85.5,86",21.4,81.86,98.07,GMCC SZ80Е1H,34,1
551,551100584849795330551,"75.5,78.5,79,80.5,81.5,83.5,86.5,87,87.5,89.5,90",21.4,81.86,98.07,GMCC SZ80Е1H,34,1
551,551100584849797430551,"74.5,79,81,82.5,84,86.5,87,86.5",19.7,78.77,94.97,GMCC SZ80Е1H,34,1
551,551100584849795320551,"73.5,77,76,79,80,81.5,82",21.4,81.86,98.07,GMCC SZ80Е1H,34,1
551,551100584849795270551,"72.5,73,71,77,78.5,81,84.5",21.3,81.68,97.88,GMCC SZ80Е1H,34,1
551,551100584849795230551,"73.5,75,72.5,76.5,77.5,80,79.5,80.5,83,84.5",21.3,81.68,97.88,GMCC SZ80Е1H,34,1
551,551100584849795210551,"74.5,76,77,78,79.5,80.5,82.5,84.5",21.4,81.86,98.07,GMCC SZ80Е1H,34,1
551,551100584849795170551,"75,79.5,80,80.5,81.5,82.5,84.5,85.5,86.5",21.4,81.86,98.07,GMCC SZ80Е1H,34,1
551,551100584849795160551,"74.5,77.5,79,81,82,84,85.5,86.5",21.4,81.86,98.07,GMCC SZ80Е1H,34,1
551,551100584849795150551,"72.5,79,74.5,77.5,79,81,82.5,84,82.5",21.4,81.86,98.07,GMCC SZ80Е1H,34,1
551,551100584849795130551,"72.5,77,79,80.5,82,84.5,86,87",21.4,81.86,98.07,GMCC SZ80Е1H,34,1
551,551100584849795110551,"78.5,79.5,80,79,81,82.5,84.5,86,87",21.4,81.86,98.07,GMCC SZ80Е1H,34,1
551,551100584849795090551,"80,73,78,80.5,82,84.5,86,86.5,88,88.5",21.4,81.86,98.07,GMCC SZ80Е1H,34,1
551,551100584849795050551,"78,75.5,76,79.5,82.5,84,85.5,86.5,87",21.4,81.86,98.07,GMCC SZ80Е1H,34,1
551,551100584849795040551,"71.5,75.5,73.5,79,81,82.5,84.5,85.5,86",21.4,81.86,98.07,GMCC SZ80Е1H,34,1
551,551100584849795020551,"73.5,76.5,78,80,82.5,84.5,85.5,86.5",21.4,81.86,98.07,GMCC SZ80Е1H,34,1
551,551100584849795010551,"78,80.5,80,81,82.5,85.5,87,89,88.5",21.6,82.22,98.43,GMCC SZ80Е1H,34,1
551,551100584849795000551,"77,78,79,81.5,84,85,87.5",21.5,82.04,98.25,GMCC SZ80Е1H,34,1
551,551100584849794960551,"76,80,81.5,82.5,84,85,86,86.5",21.5,82.04,98.25,GMCC SZ80Е1H,34,1
551,551100584849794940551,"77,77.5,80.5,84,86,87,87.5,88",21.5,82.04,98.25,GMCC SZ80Е1H,34,1
551,551100584849817890551,"76.5,79.5,78,79,81,84,85,87,90,89.5",24.0,86.58,102.8,GMCC SZ80Е1H,34,1
551,551100584849794930551,"76.5,78,79.5,80,83.5,86,88.5,89",21.5,82.04,98.25,GMCC SZ80Е1H,34,1
551,551100584849799250551,"76,80,81.5,83,84.5,85.5,87.5,87",20.0,79.32,95.52,GMCC SZ80Е1H,34,1
551,551100584849794920551,"83.5,80,82.5,83,84.5,86,89.5,90,90.5",21.5,82.04,98.25,GMCC SZ80Е1H,34,1
551,551100584849794900551,"77,78,80.5,83,85,86.5,87.5,88",21.5,82.04,98.25,GMCC SZ80Е1H,34,1
551,551100584849794860551,"74.5,80,82.5,85.5,87,90,89.5,90",21.5,82.04,98.25,GMCC SZ80Е1H,34,1
551,551100584849794850551,"77.5,79,85,85.5,89,90,91",21.4,81.86,98.07,GMCC SZ80Е1H,34,1
551,551100584849794820551,"81.5,80,81.5,82.5,86,89,90.5",21.5,82.04,98.25,GMCC SZ80Е1H,34,1
551,551100584849796950551,"79,77.5,78.5,81,82,84.5,84",20.5,80.22,96.43,GMCC SZ80Е1H,34,1
551,551100584849794770551,"77,79,79.5,80,85.5,86,86.5,88.5,89,90.5",21.5,82.04,98.25,GMCC SZ80Е1H,34,1
551,551100584849794740551,"79.5,77.5,78,81,83.5,86,88,87",21.5,82.04,98.25,GMCC SZ80Е1H,34,1
551,551100584849794720551,"72.5,78,80,81.5,83,84.5,85.5,87.5,88.5",21.5,82.04,98.25,GMCC SZ80Е1H,34,1
551,551100584849794710551,"76,76.5,78.5,81.5,85,87",21.5,82.04,98.25,GMCC SZ80Е1H,34,1
551,551100584849794690551,"78.5,77.5,78,81.5,82,84.5,87,87.5,89",21.5,82.04,98.25,GMCC SZ80Е1H,34,1
551,551100584849794650551,"74.5,80,81.5,84.5,86.5,87.5,89.5",22.5,83.85,100.07,GMCC SZ80Е1H,34,1
551,551100584849794640551,"80,73.5,76.5,79.5,82,84,83.5,85.5,87,87.5,88.5",21.5,82.04,98.25,GMCC SZ80Е1H,34,1
551,551100584849794630551,"80.5,75,78,79,81,83,87,87.5,88.5",21.6,82.22,98.43,GMCC SZ80Е1H,34,1
551,551100584849794620551,"79.5,81,82,84,86,87,88,89.5,90.5,91.5,92",21.5,82.04,98.25,GMCC SZ80Е1H,34,1
551,551100584849794590551,"82,75,79.5,81,82,86.5,88,88.5",21.5,82.04,98.25,GMCC SZ80Е1H,34,1
551,551100584849794580551,"83,72,74.5,79,82.5,83,85.5,87.5,89",21.5,82.04,98.25,GMCC SZ80Е1H,34,1
551,551100584849794570551,"78,83,84,86.5,88.5,89.5,91",21.6,82.22,98.43,GMCC SZ80Е1H,34,1
551,551100584849786530551,"67.5,69.5,71.5,73,76.5,77.5,78",16.7,73.33,89.51,GMCC SZ80Е1H,34,1
551,551100584849786510551,"74,74.5,77,78,79,80.5,80",15.9,71.87,88.06,GMCC SZ80Е1H,34,1
551,551100584849786500551,"69.5,71,69.5,72,75,77.5,78.5,81.5,80.5",16.5,72.96,89.15,GMCC SZ80Е1H,34,1
551,551100584849786410551,"76,76.5,75.5,78,81,82.5,83.5,83",18.7,76.96,93.15,GMCC SZ80Е1H,34,1
551,551100584849786380551,"69.5,72.5,72,75.5,76.5,77.5,78.5,79",16.4,72.78,88.97,GMCC SZ80Е1H,34,1
551,551100584849786350551,"72.5,74.5,73,74,75.5,77,78,77",15.9,71.87,88.06,GMCC SZ80Е1H,34,1
551,551100584849786330551,"68.5,70.5,71.5,72.5,73.5,75.5,76,76.5,78,79",15.8,71.69,87.87,GMCC SZ80Е1H,34,1
551,551100584849786320551,"74.5,75,76,76.5,78.5,80,81.5,81",15.9,71.87,88.06,GMCC SZ80Е1H,34,1
551,551100584849786310551,"75.5,75,73,74.5,76,77.5,78.5,79.5",15.9,71.87,88.06,GMCC SZ80Е1H,34,1
551,551100584849786300551,"74.5,74,78.5,80,78,79",16.8,73.51,89.69,GMCC SZ80Е1H,34,1
551,551100584849786290551,"68,71.5,72.5,73,74.5,75.5,77,77.5,79,79.5",16.7,73.33,89.51,GMCC SZ80Е1H,34,1
551,551100584849786260551,"72.5,72,73,77,78,80,79.5",15.9,71.87,88.06,GMCC SZ80Е1H,34,1
551,551100584849786250551,"68.5,69,67,70,70.5,71.5,72.5,73.5,75.5",16.1,72.24,88.42,GMCC SZ80Е1H,34,1
551,551100584849786240551,"73,75.5,76.5,77,76.5,77.5,80,82",16.0,72.06,88.24,GMCC SZ80Е1H,34,1
551,551100584849795240551,"72.5,75.5,80,80.5,82,84,84.5",21.3,81.68,97.88,GMCC SZ80Е1H,34,1
551,551100584849786220551,"69,71,72.5,73,75,76,78.5,77.5",16.2,72.42,88.6,GMCC SZ80Е1H,34,1
551,551100584849786210551,"73.5,71,72.5,74,75.5,77,77.5",16.2,72.42,88.6,GMCC SZ80Е1H,34,1
551,551100584849786200551,"72,75.5,77,78,78.5,79.5,81,83",16.5,72.96,89.15,GMCC SZ80Е1H,34,1
551,551100584849786170551,"74,75,76,75.5,78,78.5,81.5,82.5",16.5,72.96,89.15,GMCC SZ80Е1H,34,1
551,551100584849786130551,"69,72.5,72,73.5,74.5,77,76,77,78",16.0,72.06,88.24,GMCC SZ80Е1H,34,1
551,551100584849786120551,"71.5,72,70.5,70,70.5,72.5,73.5,74.5,76,77",16.7,73.33,89.51,GMCC SZ80Е1H,34,1
551,551100584849786080551,"73.5,73,72.5,75,74,75,76.5,77.5,78.5,78",16.4,72.78,88.97,GMCC SZ80Е1H,34,1
551,551100584849786070551,"74.5,75.5,77.5,78.5,79.5,80.5,82,81.5",16.7,73.33,89.51,GMCC SZ80Е1H,34,1
551,551100584849786040551,"74,77,76.5,77,77.5,78.5,79.5,80,80.5,81.5,80.5",16.7,73.33,89.51,GMCC SZ80Е1H,34,1
551,551100584849786030551,"75.5,77,76,76.5,78.5,80,80.5",17.0,73.87,90.06,GMCC SZ80Е1H,34,1
551,551100584849785990551,"71.5,73.5,72.5,75,77.5,78.5,79.5,79",16.1,72.24,88.42,GMCC SZ80Е1H,34,1
551,551100584849785970551,"73,74,73,75.5,76,77,77.5,78.5,79.5,80",16.1,72.24,88.42,GMCC SZ80Е1H,34,1
551,551100584849785920551,"70.5,73.5,74.5,76,77,78.5,75.5",16.7,73.33,89.51,GMCC SZ80Е1H,34,1
551,551100584849795850551,"80.5,80,81,86.5,87.5,89.5,88.5",21.1,81.31,97.52,GMCC SZ80Е1H,34,1
551,551100584849785900551,"73,72.5,74.5,75.5,77.5,78.5",16.2,72.42,88.6,GMCC SZ80Е1H,34,1
551,551100584849785880551,"71.5,74,74.5,77,79,80.5,80",16.5,72.96,89.15,GMCC SZ80Е1H,34,1
551,551100584849785860551,"72.5,67,71.5,72.5,73,74.5,76.5,77.5,76.5",16.5,72.96,89.15,GMCC SZ80Е1H,34,1
551,551100584849785840551,"67.5,71.5,72.5,74.5,75,76.5,78.5,79.5,78.5",16.5,72.96,89.15,GMCC SZ80Е1H,34,1
551,551100584849785830551,"68.5,72.5,74.5,75.5,76.5,79,80.5",16.7,73.33,89.51,GMCC SZ80Е1H,34,1
551,551100584849785820551,"72,77,74.5,76,76.5,78,78.5,79",17.1,74.05,90.24,GMCC SZ80Е1H,34,1
551,551100584849785810551,"75.5,79.5,76,76.5,79,79.5,80.5",17.0,73.87,90.06,GMCC SZ80Е1H,34,1
551,551100584849785750551,"70.5,72,68.5,72.5,72,74,76.5,77.5,79.5",16.5,72.96,89.15,GMCC SZ80Е1H,34,1
551,551100584849785720551,"73.5,72,73.5,74,76,77.5,78.5,81.5",16.4,72.78,88.97,GMCC SZ80Е1H,34,1
551,551100584849785710551,"70.5,74.5,72,75,75.5,76.5,78,79",17.0,73.87,90.06,GMCC SZ80Е1H,34,1
551,551100584849785630551,"71.5,73.5,74.5,75,75.5,77,78,79,79.5",16.4,72.78,88.97,GMCC SZ80Е1H,34,1
551,551100584849785500551,"75.5,73,76,77.5,79,80.5,82.5,82,83,84.5,85",17.3,74.42,90.6,GMCC SZ80Е1H,34,1
551,551100584849785490551,"70,74,75.5,75,77,78,79,79.5",17.0,73.87,90.06,GMCC SZ80Е1H,34,1
551,551100584849785470551,"74,74.5,74,73.5,75,76.5,77.5,76.5",17.0,73.87,90.06,GMCC SZ80Е1H,34,1
551,551100584849785460551,"74.5,75,74.5,76,77.5,79,77.5",17.0,73.87,90.06,GMCC SZ80Е1H,34,1
551,551100584849785450551,"74,76,78",16.9,73.69,89.88,GMCC SZ80Е1H,34,1
551,551100584849785380551,"70.5,72.5,74,78.5",16.9,73.69,89.88,GMCC SZ80Е1H,34,1
551,551100584849785350551,"71,72,69.5,74.5,75,77.5,78,79.5,79,79.5",16.7,73.33,89.51,GMCC SZ80Е1H,34,1
551,551100584849785320551,"71,73,75,76.5,80.5,81",16.7,73.33,89.51,GMCC SZ80Е1H,34,1
551,551100584849785310551,"73.5,73,74,75.5,76.5,78,79.5",17.0,73.87,90.06,GMCC SZ80Е1H,34,1
551,551100584849785290551,"74.5,75,76,80,80.5",16.8,73.51,89.69,GMCC SZ80Е1H,34,1
551,551100584849785280551,"72.5,75,74,75,76,76.5,77",17.0,73.87,90.06,GMCC SZ80Е1H,34,1
551,551100584849785260551,"73.5,74.5,75,77,76.5,78.5,79.5,81",16.8,73.51,89.69,GMCC SZ80Е1H,34,1
551,551100584849798870551,"77,81,80,82.5,84.5,85.5,88,87,89",20.0,79.32,95.52,GMCC SZ80Е1H,34,1
551,551100584849785240551,"76,79.5,76,78,79.5,81.5,82,81.5,83",18.6,76.77,92.97,GMCC SZ80Е1H,34,1
551,551100584849785230551,"77,76.5,75,76,77,78,81",17.1,74.05,90.24,GMCC SZ80Е1H,34,1
551,551100584849785200551,"74.5,72.5,73.5,74,75,76.5,78.5",17.0,73.87,90.06,GMCC SZ80Е1H,34,1
551,551100584849785190551,"75,72.5,74,76,77,77.5,77,77.5",16.9,73.69,89.88,GMCC SZ80Е1H,34,1
551,551100584849795890551,"80.5,70.5,75,74.5,76,77,79.5,80.5,82.5,83.5,84.5",21.1,81.31,97.52,GMCC SZ80Е1H,34,1
551,551100584849785160551,"70,74,70,71.5,73,72.5,74,74.5,75,75.5",16.9,73.69,89.88,GMCC SZ80Е1H,34,1
551,551100584849785150551,"78.5,77.5,76,77,78,78.5,81.5,82.5",16.9,73.69,89.88,GMCC SZ80Е1H,34,1
551,551100584849785130551,"74,77,76.5,78.5,80,80.5,82,81",16.9,73.69,89.88,GMCC SZ80Е1H,34,1
551,551100584849785120551,"73.5,75.5,74.5,76,75.5,80",17.2,74.23,90.42,GMCC SZ80Е1H,34,1
551,551100584849785170551,"76,75,74.5,75,78,80,78",17.0,73.87,90.06,GMCC SZ80Е1H,34,1
551,551100584849785110551,"74,75,73,74.5,73.5,75.5,77,75.5",16.7,73.33,89.51,GMCC SZ80Е1H,34,1
551,551100584849785100551,"78.5,70.5,76,75.5,77,78.5,80.5",16.7,73.33,89.51,GMCC SZ80Е1H,34,1
551,551100584849785010551,"75,75.5,76,76.5,77.5,79.5,81,80",16.9,73.69,89.88,GMCC SZ80Е1H,34,1
551,551100584849784990551,"72.5,74.5,74,73.5,74.5,77,79,79.5,81,82.5",16.9,73.69,89.88,GMCC SZ80Е1H,34,1
551,551100584849784980551,"71.5,73.5,71.5,72.5,73.5,76,75",17.0,73.87,90.06,GMCC SZ80Е1H,34,1
551,551100584849784970551,"71.5,74,76.5,77.5,78,79",16.9,73.69,89.88,GMCC SZ80Е1H,34,1
551,551100584849784940551,"73,75.5,76,76.5,77",16.9,73.69,89.88,GMCC SZ80Е1H,34,1
551,551100584849784930551,"72,73.5,74,74.5,77,78,79",16.9,73.69,89.88,GMCC SZ80Е1H,34,1
551,551100584849784860551,"69,73.5,74.5,75,77.5,78.5",17.0,73.87,90.06,GMCC SZ80Е1H,34,1
551,551100584849784830551,"77.5,75.5,76.5,78.5,81,81.5,83.5,83",17.1,74.05,90.24,GMCC SZ80Е1H,34,1
551,551100584849784820551,"75.5,76,77,78,79,79.5,81",16.9,73.69,89.88,GMCC SZ80Е1H,34,1
551,551100584849799260551,"77.5,76.5,81.5,83,84,86,87.5,89",20.0,79.32,95.52,GMCC SZ80Е1H,34,1
551,551100584849784810551,"75,76.5,78,78.5,80,80.5,82,81",16.9,73.69,89.88,GMCC SZ80Е1H,34,1
551,551100584849784800551,"71,72,71.5,74,75,76,77,78,79",16.9,73.69,89.88,GMCC SZ80Е1H,34,1
551,551100584849784790551,"75,73.5,75.5,74.5,75.5,76,78,80",17.0,73.87,90.06,GMCC SZ80Е1H,34,1
551,551100584849784780551,"77,78.5,80,80.5,81,82.5,84.5,84",16.9,73.69,89.88,GMCC SZ80Е1H,34,1
551,551100584849784770551,"79,75,72.5,73.5,76.5,76,77.5,79",17.1,74.05,90.24,GMCC SZ80Е1H,34,1
551,551100584849784760551,"74,76.5,76,78.5,79,80,79",17.1,74.05,90.24,GMCC SZ80Е1H,34,1
551,551100584849794730551,"75.5,78.5,80,80.5,83.5,84,85.5,86",21.5,82.04,98.25,GMCC SZ80Е1H,34,1
551,551100584849784700551,"78.5,70.5,74,77,78,79,80.5,82",17.0,73.87,90.06,GMCC SZ80Е1H,34,1
551,551100584849819040551,"78,79.5,81.5,83.5,87,88.5,90.5,91.5,92.5",22.6,84.04,100.25,GMCC SZ80Е1H,34,1
551,551100584849784660551,"74,76,78,81.5,79.5",17.1,74.05,90.24,GMCC SZ80Е1H,34,1
551,551100584849784650551,"76.5,80.5,80,83.5,86,87,88.5,89.5,90.5",20.3,79.86,96.06,GMCC SZ80Е1H,34,1
551,551100584849784640551,"74,74.5,75,76,76.5,78.5,79,80,81.5,82.5,84",18.7,76.96,93.15,GMCC SZ80Е1H,34,1
551,551100584849784620551,"73,74.5,74,75.5,76.5,78,78.5,79.5",17.2,74.23,90.42,GMCC SZ80Е1H,34,1
551,551100584849784550551,"74,77,76.5,78,80,81.5,81",17.1,74.05,90.24,GMCC SZ80Е1H,34,1
551,551100584849784510551,"71.5,74,76.5,76,75.5,77,79,78",17.1,74.05,90.24,GMCC SZ80Е1H,34,1
551,551100584849784490551,"70.5,74.5,75.5,79,78.5,81.5,82.5,82",17.3,74.42,90.6,GMCC SZ80Е1H,34,1
551,551100584849784470551,"72.5,73,75,75.5,78.5,79,80.5,82",17.3,74.42,90.6,GMCC SZ80Е1H,34,1
551,551100584849784460551,"72,77.5,75.5,76.5,79.5,80,81,82,82.5,81.5",17.1,74.05,90.24,GMCC SZ80Е1H,34,1
551,551100584849784420551,"73.5,74,73.5,74.5,76.5,77.5,79,80,80.5,79.5",17.1,74.05,90.24,GMCC SZ80Е1H,34,1
551,551100584849784400551,"76,75,76,78,80.5,82.5,79.5",17.1,74.05,90.24,GMCC SZ80Е1H,34,1
551,551100584849784390551,"74,73.5,73,76,76.5,77,78,78.5,79,81",17.3,74.42,90.6,GMCC SZ80Е1H,34,1
551,551100584849784330551,"69.5,72,76,77.5,78,79,80,81,83",17.1,74.05,90.24,GMCC SZ80Е1H,34,1
551,551100584849785620551,"75.5,75,74.5,73.5,74,75.5,77,76",17.0,73.87,90.06,GMCC SZ80Е1H,34,1
551,551100584849784320551,"72.5,74,75,76.5,77,77.5,78.5,79,80,82",17.2,74.23,90.42,GMCC SZ80Е1H,34,1
551,551100584849784310551,"69.5,74,76,76.5,77.5,78.5,80.5",17.2,74.23,90.42,GMCC SZ80Е1H,34,1
551,551100584849784300551,"73,73.5,76.5,78.5,79,80,81",17.2,74.23,90.42,GMCC SZ80Е1H,34,1
551,551100584849784280551,"75.5,73.5,79,80.5,82,82.5,84",17.3,74.42,90.6,GMCC SZ80Е1H,34,1
551,551100584849784260551,"72,74.5,77,78,79.5,81,83,83.5,84.5",17.3,74.42,90.6,GMCC SZ80Е1H,34,1
551,551100584849784250551,"70.5,72,72.5,73.5,75,75.5,77.5,78",17.1,74.05,90.24,GMCC SZ80Е1H,34,1
551,551100584849784220551,"70.5,75.5,72.5,74.5,76,78,78.5,78",17.2,74.23,90.42,GMCC SZ80Е1H,34,1
551,551100584849784210551,"73.5,76,74.5,77,77.5,78,79,79.5,81",17.2,74.23,90.42,GMCC SZ80Е1H,34,1
551,551100584849784150551,"71,75,74.5,76,76.5,77,78.5,79.5,81,82",17.3,74.42,90.6,GMCC SZ80Е1H,34,1
551,551100584849784130551,"68.5,74.5,73,74.5,75,76,76.5,77,79.5,79",17.3,74.42,90.6,GMCC SZ80Е1H,34,1
551,551100584849784120551,"78.5,72,74,73.5,74,75,76.5,77,80,82.5",17.3,74.42,90.6,GMCC SZ80Е1H,34,1
551,551100584849784100551,"73.5,74,75,74,77,76.5,79,78.5,79.5,81,81.5",17.3,74.42,90.6,GMCC SZ80Е1H,34,1
551,551100584849784080551,"74,72,75,78,77.5,79,80,80.5,82.5",17.3,74.42,90.6,GMCC SZ80Е1H,34,1
551,551100584849784060551,"78,79,80.5,81.5,81,83,82,83.5,84.5",17.3,74.42,90.6,GMCC SZ80Е1H,34,1
551,551100584849784050551,"73,73.5,75,76,77,78,79.5,80.5",18.9,77.32,93.52,GMCC SZ80Е1H,34,1
551,551100584849784040551,"72.5,74,74.5,76.5,76,77,80.5,80",18.1,75.87,92.06,GMCC SZ80Е1H,34,1
551,551100584849784030551,"67.5,69,72.5,74.5,76,77.5,78.5,78",18.1,75.87,92.06,GMCC SZ80Е1H,34,1
551,551100584849783970551,"66.5,70,71.5,70,72,72.5,74.5,75.5,76.5,77.5",18.2,76.05,92.24,GMCC SZ80Е1H,34,1
551,551100584849783900551,"70,71,73.5,74,76,77.5,79,78.5",18.1,75.87,92.06,GMCC SZ80Е1H,34,1
551,551100584849783850551,"69.5,78,67.5,73.5,75.5,79,80.5,79.5,81.5,83.5",19.6,78.59,94.79,GMCC SZ80Е1H,34,1
551,551100584849783770551,"72.5,77,78,79.5,79,80.5,81,82,83",18.2,76.05,92.24,GMCC SZ80Е1H,34,1
551,551100584849783720551,"75.5,77.5,75,77,78.5,80,81,83,82.5",18.6,76.77,92.97,GMCC SZ80Е1H,34,1
551,551100584849783690551,"71,76,74.5,75,76,77,77.5,79.5,81,81.5,81",18.2,76.05,92.24,GMCC SZ80Е1H,34,1
551,551100584849783670551,"67,70,73,72.5,73.5,74.5,75.5,76,77.5,78",18.2,76.05,92.24,GMCC SZ80Е1H,34,1
551,551100584849819000551,"79.5,85.5,87,88.5,91,92.5,93.5,93",23.0,84.76,100.98,GMCC SZ80Е1H,34,1
551,551100584849783660551,"76,74.5,76,78,77,78.5,80.5,81.5,82.5",18.2,76.05,92.24,GMCC SZ80Е1H,34,1
551,551100584849817130551,"79,83.5,84.5,87,89,91.5,92.5,95",24.3,87.12,103.35,GMCC SZ80Е1H,34,1
551,551100584849783650551,"73,74,74.5,75.5,78,79,79.5,80.5,81,81.5",18.2,76.05,92.24,GMCC SZ80Е1H,34,1
551,551100584849783630551,"73.5,75.5,76.5,77.5,79,81.5,80.5",18.2,76.05,92.24,GMCC SZ80Е1H,34,1
551,551100584849783600551,"78,77,74,76.5,78.5,78,79.5,80.5",18.7,76.96,93.15,GMCC SZ80Е1H,34,1
551,551100584849783590551,"69,72.5,74,75.5,76.5,81,80.5",18.2,76.05,92.24,GMCC SZ80Е1H,34,1
551,551100584849783580551,"76,75,74.5,77,79,80,81.5,81",18.4,76.41,92.61,GMCC SZ80Е1H,34,1
551,551100584849783510551,"73,72,75.5,76,77,78.5,80,82.5",18.2,76.05,92.24,GMCC SZ80Е1H,34,1
551,551100584849783470551,"74.5,75.5,75,74,74.5,75.5,76.5,78,77.5,79.5,79",18.6,76.77,92.97,GMCC SZ80Е1H,34,1
551,551100584849783460551,"74.5,74,73.5,72,73.5,74,75.5,76,78.5,79.5,80",18.3,76.23,92.42,GMCC SZ80Е1H,34,1
551,551100584849783440551,"74,77,76.5,77.5,77,79,80,81.5,81,81.5",18.6,76.77,92.97,GMCC SZ80Е1H,34,1
551,551100584849783420551,"73,74.5,78,80,80.5",18.6,76.77,92.97,GMCC SZ80Е1H,34,1
551,551100584849818970551,"75,82,84,87.5,89.5,88",23.1,84.94,101.16,GMCC SZ80Е1H,34,1
551,551100584849783380551,"73.5,74.5,75.5,77,77.5,78.5,80.5,82",18.9,77.32,93.52,GMCC SZ80Е1H,34,1
551,551100584849783350551,"78.5,76,77.5,79,80,81,82.5,83",19.9,79.13,95.34,GMCC SZ80Е1H,34,1
551,551100584849783340551,"77,77.5,78.5,80.5,81.5,83,85,84",19.8,78.95,95.15,GMCC SZ80Е1H,34,1
551,551100584849783290551,"72,76.5,74,76,76.5,77,79,80,81",19.8,78.95,95.15,GMCC SZ80Е1H,34,1
551,551100584849783270551,"77,78.5,80.5,82,83.5,86,85.5,86.5",18.9,77.32,93.52,GMCC SZ80Е1H,34,1
551,551100584849783250551,"73,78.5,74.5,76,78,80,79.5",19.8,78.95,95.15,GMCC SZ80Е1H,34,1
551,551100584849783210551,"70.5,73,74,75,77,77.5,77,78",18.7,76.96,93.15,GMCC SZ80Е1H,34,1
551,551100584849783200551,"75.5,77,75.5,77.5,78.5,80,81,81.5,82",18.6,76.77,92.97,GMCC SZ80Е1H,34,1
551,551100584849783190551,"75.5,78,79,79.5,81,81.5,82.5,84.5,85",18.3,76.23,92.42,GMCC SZ80Е1H,34,1
551,551100584849786390551,"71.5,74,74.5,76,77,78,79,80.5,79.5",16.0,72.06,88.24,GMCC SZ80Е1H,34,1
551,551100584849783120551,"73.5,74,74.5,77,77.5,80,79.5,81.5",18.4,76.41,92.61,GMCC SZ80Е1H,34,1
551,551100584849796280551,"76,78,78.5,80.5,82.5,84.5,86.5,87.5,87",20.7,80.59,96.79,GMCC SZ80Е1H,34,1
551,551100584849783110551,"70.5,75.5,75,77,77.5,78.5,80,80.5,81.5,82",18.3,76.23,92.42,GMCC SZ80Е1H,34,1
551,551100584849783070551,"76.5,75.5,74,74.5,75.5,77,77.5,79,80.5,81.5",18.6,76.77,92.97,GMCC SZ80Е1H,34,1
551,551100584849783060551,"74.5,73.5,77.5,78,80,80.5",18.9,77.32,93.52,GMCC SZ80Е1H,34,1
551,551100584849783030551,"74.5,74,71.5,76.5,78,79.5,80.5,81,81.5",18.6,76.77,92.97,GMCC SZ80Е1H,34,1
551,551100584849782990551,"74.5,75,73.5,74,76,77.5,79.5,80.5",18.5,76.59,92.79,GMCC SZ80Е1H,34,1
551,551100584849818630551,"82,84.5,86,88.5,89.5,90,90.5,91.5,93.5",24.0,86.58,102.8,GMCC SZ80Е1H,34,1
551,551100584849782970551,"74.5,76,77,80,81,81.5,83.5",18.6,76.77,92.97,GMCC SZ80Е1H,34,1
551,551100584849782950551,"70.5,76.5,73,74.5,77.5,78.5,81.5",19.0,77.5,93.7,GMCC SZ80Е1H,34,1
551,551100584849782940551,"71,70.5,70,71.5,71,73.5,75,76.5,78.5",18.7,76.96,93.15,GMCC SZ80Е1H,34,1
551,551100584849782930551,"76.5,74.5,74,75.5,76.5,77.5,79.5,78",18.8,77.14,93.33,GMCC SZ80Е1H,34,1
551,551100584849782910551,"74,79,83,85.5,87.5,89,89.5,90",19.8,78.95,95.15,GMCC SZ80Е1H,34,1
551,551100584849783740551,"73,73.5,74,74.5,76,75,77.5,78,79.5",18.1,75.87,92.06,GMCC SZ80Е1H,34,1
551,551100584849782880551,"75,74.5,72.5,73,77,78,80",18.7,76.96,93.15,GMCC SZ80Е1H,34,1
551,551100584849820000551,"73.5,79,80,80.5,82.5,85,87.5,87,87.5",21.8,82.58,98.8,GMCC SZ80Е1H,34,1
551,551100584849782870551,"78,79.5,81,82.5,84.5,85.5,84.5",19.8,78.95,95.15,GMCC SZ80Е1H,34,1
551,551100584849782840551,"78,75.5,76,76.5,79,80,82.5,81",18.8,77.14,93.33,GMCC SZ80Е1H,34,1
551,551100584849782820551,"78.5,81,80.5,82,84,85.5,86.5,85",19.8,78.95,95.15,GMCC SZ80Е1H,34,1
551,551100584849798550551,"73.5,74.5,75,76.5,78,79,81,82",19.2,77.86,94.06,GMCC SZ80Е1H,34,1
551,551100584849782800551,"71.5,74,76.5,77.5,79.5,80,80.5,81.5,82.5",18.7,76.96,93.15,GMCC SZ80Е1H,34,1
551,551100584849782790551,"76,72,76,79,81.5,83.5,85",18.8,77.14,93.33,GMCC SZ80Е1H,34,1
551,551100584849782770551,"77,78.5,80.5,81,81.5,83,84,85",18.9,77.32,93.52,GMCC SZ80Е1H,34,1
551,551100584849782760551,"76,75,74.5,77.5,80.5,81.5,83",18.8,77.14,93.33,GMCC SZ80Е1H,34,1
551,551100584849782720551,"75.5,74,78,80,80.5,82,83,84,83,85",19.1,77.68,93.88,GMCC SZ80Е1H,34,1
551,551100584849782690551,"72.5,76,78.5,79,81,81.5,82,82.5",19.1,77.68,93.88,GMCC SZ80Е1H,34,1
551,551100584849819270551,"85.5,83.5,86.5,89.5,90.5,94.5,95.5,96.5,98",24.0,86.58,102.8,GMCC SZ80Е1H,34,1
551,551100584849782670551,"70.5,76.5,79.5,80,81,82.5,83,84",19.0,77.5,93.7,GMCC SZ80Е1H,34,1
551,551100584849782640551,"77.5,74.5,77,77.5,79.5,80.5,82.5,81.5",19.0,77.5,93.7,GMCC SZ80Е1H,34,1
551,551100584849782630551,"73.5,79,79.5,80.5,83,84,85.5,86",20.0,79.32,95.52,GMCC SZ80Е1H,34,1
551,551100584849782580551,"72,73,76.5,72.5,75,77.5,79.5,80.5",19.7,78.77,94.97,GMCC SZ80Е1H,34,1
551,551100584849797040551,"76,76.5,77,81,82,84.5,86,88.5",20.2,79.68,95.88,GMCC SZ80Е1H,34,1
551,551100584849782520551,"74,75.5,76.5,77.5,78,79.5,81.5,82.5,82",19.7,78.77,94.97,GMCC SZ80Е1H,34,1
551,551100584849782500551,"75,79.5,78.5,79.5,81,82,83",19.8,78.95,95.15,GMCC SZ80Е1H,34,1
551,551100584849782380551,"75.5,77,76,76.5,77,78,79.5,81.5,80.5",19.8,78.95,95.15,GMCC SZ80Е1H,34,1
551,551100584849798990551,"80,82,83,84.5,86.5,88.5,89,90.5,88.5",20.0,79.32,95.52,GMCC SZ80Е1H,34,1
551,551100584849796810551,"77,77.5,79,80.5,82.5,83,86",20.6,80.41,96.61,GMCC SZ80Е1H,34,1
551,551100584849782370551,"75,75.5,76,78,79,80.5,81.5,83,83.5,86,85.5",19.1,77.68,93.88,GMCC SZ80Е1H,34,1
551,551100584849782340551,"79.5,76,76.5,76,77,78.5,82,84,83.5",19.7,78.77,94.97,GMCC SZ80Е1H,34,1
551,551100584849782210551,"71,76.5,78,79,80,81,81.5,83,84",19.6,78.59,94.79,GMCC SZ80Е1H,34,1
551,551100584849782200551,"78,78.5,81,83,86,87.5,88,87.5",19.8,78.95,95.15,GMCC SZ80Е1H,34,1
551,551100584849782150551,"76,81,82.5,84,85,87",19.8,78.95,95.15,GMCC SZ80Е1H,34,1
551,551100584849782120551,"73.5,75.5,76.5,76,79,79.5,80.5,81",19.6,78.59,94.79,GMCC SZ80Е1H,34,1
551,551100584849795580551,"77,82,84,85.5,87,88,90.5,90",21.3,81.68,97.88,GMCC SZ80Е1H,34,1
551,551100584849782110551,"77,75.5,77,76.5,78,79.5,80.5,81,82.5",19.6,78.59,94.79,GMCC SZ80Е1H,34,1
551,551100584849782080551,"69,71.5,70,74,76.5,78,78.5,80.5,81.5",19.7,78.77,94.97,GMCC SZ80Е1H,34,1
551,551100584849782030551,"78,77,77.5,79,80,82.5,83.5,84.5",19.8,78.95,95.15,GMCC SZ80Е1H,34,1
551,551100584849782020551,"81,75.5,76.5,77,77.5,77,79,80.5,81.5,82,84",19.7,78.77,94.97,GMCC SZ80Е1H,34,1
551,551100584849782010551,"73.5,78,76,75.5,76.5,79.5,81,82.5,83.5",19.9,79.13,95.34,GMCC SZ80Е1H,34,1
551,551100584849782000551,"76.5,77,79,81.5,84.5,86,87,88,86.5",19.8,78.95,95.15,GMCC SZ80Е1H,34,1
551,551100584849781980551,"75,75.5,76,79,81,83,82",19.7,78.77,94.97,GMCC SZ80Е1H,34,1
551,551100584849784630551,"76.5,77,75,76.5,79.5,81,82,81.5",17.0,73.87,90.06,GMCC SZ80Е1H,34,1
551,551100584849781960551,"81,82,83,84,86.5,87,88,89",19.7,78.77,94.97,GMCC SZ80Е1H,34,1
551,551100584849781940551,"76.5,82.5,84,85,85.5,86,87,87.5",19.8,78.95,95.15,GMCC SZ80Е1H,34,1
551,551100584849781930551,"83,81.5,82.5,81.5,83,86,87.5,89.5,89,86.5",20.5,80.22,96.43,GMCC SZ80Е1H,34,1
551,551100584849781920551,"77,82.5,84,85,87,88.5,88",20.0,79.32,95.52,GMCC SZ80Е1H,34,1
551,551100584849781880551,"71,71.5,75,76,78,78.5,80,79.5",19.8,78.95,95.15,GMCC SZ80Е1H,34,1
551,551100584849781820551,"71.5,78,78.5,79.5,80,82.5,83.5,84.5,85.5",19.8,78.95,95.15,GMCC SZ80Е1H,34,1
551,551100584849781810551,"76.5,78.5,80,81.5,83,83.5,85,86,86.5",19.8,78.95,95.15,GMCC SZ80Е1H,34,1
551,551100584849781760551,"72.5,77,75,75.5,78,79,81.5,81",19.9,79.13,95.34,GMCC SZ80Е1H,34,1
551,551100584849781740551,"72,75.5,73.5,76.5,77.5,78.5,80.5,81.5,82",19.9,79.13,95.34,GMCC SZ80Е1H,34,1
551,551100584849781710551,"70.5,76.5,76,76.5,80,82,84,83.5",19.9,79.13,95.34,GMCC SZ80Е1H,34,1
551,551100584849781690551,"82.5,78.5,79,80,80.5,82.5,84,84.5,86.5,87,88,87.5",19.8,78.95,95.15,GMCC SZ80Е1H,34,1
551,551100584849781680551,"71,72,77,78.5,79.5,81,82,82.5",19.9,79.13,95.34,GMCC SZ80Е1H,34,1
551,551100584849781670551,"69,74.5,76,77.5,79,80.5,83,82.5",19.8,78.95,95.15,GMCC SZ80Е1H,34,1
551,551100584849781660551,"75,78,80,79.5,81,83,84,85.5",19.8,78.95,95.15,GMCC SZ80Е1H,34,1
551,551100584849783370551,"68,75.5,76,77.5,79.5,80,82",18.8,77.14,93.33,GMCC SZ80Е1H,34,1
551,551100584849781650551,"70,70.5,73,76,77,78,79.5,80.5",20.0,79.32,95.52,GMCC SZ80Е1H,34,1
551,551100584849781640551,"71,75.5,75,76,76.5,78.5,80,80.5",20.0,79.32,95.52,GMCC SZ80Е1H,34,1
551,551100584849781630551,"82,80,81,83,86,87,86.5",20.5,80.22,96.43,GMCC SZ80Е1H,34,1
551,551100584849781790551,"75.5,76,78,78.5,80.5,81,82.5,83,82.5,83.5",19.8,78.95,95.15,GMCC SZ80Е1H,34,1
551,551100584849781620551,"81,77.5,76.5,77.5,79.5,78.5,82,81.5",19.9,79.13,95.34,GMCC SZ80Е1H,34,1
551,551100584849781540551,"80.5,80,81,83.5,86,87,88",20.2,79.68,95.88,GMCC SZ80Е1H,34,1
551,551100584849781520551,"80,79.5,78.5,80.5,81.5,83,85",20.1,79.5,95.7,GMCC SZ80Е1H,34,1
551,551100584849781480551,"76,76.5,77.5,79.5,81.5",20.1,79.5,95.7,GMCC SZ80Е1H,34,1
551,551100584849781460551,"74.5,75.5,76.5,78.5,80.5,81.5,81",20.0,79.32,95.52,GMCC SZ80Е1H,34,1
551,551100584849781450551,"79,80.5,82.5,83.5,86.5,88,89,87.5",19.9,79.13,95.34,GMCC SZ80Е1H,34,1
551,551100584849781430551,"74.5,80,78.5,80,82,84,85,85.5",20.5,80.22,96.43,GMCC SZ80Е1H,34,1
551,551100584849781380551,"79,78,77.5,78.5,80.5,81.5,84,86.5,85.5",21.1,81.31,97.52,GMCC SZ80Е1H,34,1
551,551100584849781360551,"74.5,78,79,80,81.5,82.5,83.5,84,84.5,85,85.5",20.2,79.68,95.88,GMCC SZ80Е1H,34,1
551,551100584849781320551,"78.5,77,76.5,78,79,81,81.5,82.5",19.9,79.13,95.34,GMCC SZ80Е1H,34,1
551,551100584849781310551,"79.5,81,82.5,85,85.5,87,86.5",19.9,79.13,95.34,GMCC SZ80Е1H,34,1
551,551100584849785400551,"76,76.5,78,80,81,82,81.5",16.9,73.69,89.88,GMCC SZ80Е1H,34,1
551,551100584849781270551,"73,76,77.5,78,80,81,83,82.5",19.9,79.13,95.34,GMCC SZ80Е1H,34,1
551,551100584849781260551,"75.5,79,78,78.5,81,81.5,83.5,83",19.9,79.13,95.34,GMCC SZ80Е1H,34,1
551,551100584849783560551,"74,75,76.5,77.5,79,79.5,81,80.5,82,82.5",18.2,76.05,92.24,GMCC SZ80Е1H,34,1
551,551100584849781240551,"80,77,76.5,78,79.5,80.5,81",20.0,79.32,95.52,GMCC SZ80Е1H,34,1
551,551100584849781230551,"75,77.5,79.5,82.5,84,85,86.5",20.0,79.32,95.52,GMCC SZ80Е1H,34,1
551,551100584849781220551,"78,79.5,78,81,81.5,83,85.5,85,85.5",19.9,79.13,95.34,GMCC SZ80Е1H,34,1
551,551100584849781190551,"74,74.5,77,78.5,79.5,81,83,84,83",19.9,79.13,95.34,GMCC SZ80Е1H,34,1
551,551100584849781170551,"82.5,74.5,78,79.5,81,82,83,86.5,85.5",20.8,80.77,96.97,GMCC SZ80Е1H,34,1
551,551100584849781160551,"77,78,80.5,82,84,83.5",20.5,80.22,96.43,GMCC SZ80Е1H,34,1
551,551100584849781150551,"78,79,81.5,82.5,86,88,90.5,89",20.2,79.68,95.88,GMCC SZ80Е1H,34,1
551,551100584849799460551,"81,78,77.5,79,80,82,83.5,82.5",20.0,79.32,95.52,GMCC SZ80Е1H,34,1
551,551100584849781140551,"74,75,77.5,79.5,82,85,84",20.2,79.68,95.88,GMCC SZ80Е1H,34,1
551,551100584849781120551,"69.5,76,75.5,78.5,80.5,83,84,85",20.2,79.68,95.88,GMCC SZ80Е1H,34,1
551,551100584849781080551,"76.5,75,76.5,78.5,80.5,83.5,85,88,87",20.2,79.68,95.88,GMCC SZ80Е1H,34,1
551,551100584849781070551,"81.5,72.5,73,80,81,82.5,83.5,83",20.3,79.86,96.06,GMCC SZ80Е1H,34,1
551,551100584849781250551,"78,79.5,80.5,80,82,84,85.5,85",19.9,79.13,95.34,GMCC SZ80Е1H,34,1
551,551100584849781050551,"77.5,78,79.5,80.5,81.5,83,83.5,84.5,86,87.5",20.3,79.86,96.06,GMCC SZ80Е1H,34,1
551,551100584849781030551,"75.5,75,81,83,83.5,86,86.5,87",20.3,79.86,96.06,GMCC SZ80Е1H,34,1
551,551100584849781020551,"74.5,77,77.5,78.5,80.5,81,83.5,84.5",20.3,79.86,96.06,GMCC SZ80Е1H,34,1
551,551100584849781010551,"80,77.5,76.5,78.5,80,81,82,82.5",20.3,79.86,96.06,GMCC SZ80Е1H,34,1
551,551100584849795970551,"77.5,78.5,82.5,84,85.5,87,88.5,90,89,90",21.4,81.86,98.07,GMCC SZ80Е1H,34,1
551,551100584849781000551,"73.5,76,78,79.5,81,82.5,84,83,83.5",20.5,80.22,96.43,GMCC SZ80Е1H,34,1
551,551100584849780980551,"74.5,79.5,81.5,83.5,84.5,86.5,87.5,89",20.3,79.86,96.06,GMCC SZ80Е1H,34,1
551,551100584849780960551,"73.5,75.5,77.5,79,81,81.5,83,83.5,85",20.3,79.86,96.06,GMCC SZ80Е1H,34,1
551,551100584849780940551,"75,75.5,77.5,74,78,79.5,80.5,83,84.5,86",20.4,80.04,96.25,GMCC SZ80Е1H,34,1
551,551100584849797260551,"77,74.5,77.5,78,79,78.5,80.5,80,82.5,83",19.8,78.95,95.15,GMCC SZ80Е1H,34,1
551,551100584849780930551,"73.5,78.5,78,79,79.5,82,83.5,83",20.4,80.04,96.25,GMCC SZ80Е1H,34,1
551,551100584849780910551,"75,77.5,78.5,82,84,84.5,85.5,85",20.4,80.04,96.25,GMCC SZ80Е1H,34,1
551,551100584849780900551,"75.5,78,79.5,82,83.5,84.5,86.5,86",20.4,80.04,96.25,GMCC SZ80Е1H,34,1
551,551100584849780880551,"76,77,79,80,82.5,84,83,83.5",20.4,80.04,96.25,GMCC SZ80Е1H,34,1
551,551100584849780870551,"76,79,80.5,82.5,83.5,85.5,86.5,88,88.5",20.4,80.04,96.25,GMCC SZ80Е1H,34,1
551,551100584849785650551,"73,72,72.5,74.5,75.5,77,76.5,77.5,79",16.5,72.96,89.15,GMCC SZ80Е1H,34,1
551,551100584849780850551,"75.5,77.5,80,82.5,83.5,85,87.5,87",20.4,80.04,96.25,GMCC SZ80Е1H,34,1
551,551100584849780840551,"74,77,79.5,81.5,84,85,87,84.5,86.5",20.5,80.22,96.43,GMCC SZ80Е1H,34,1
551,551100584849780780551,"76.5,80.5,81,83.5,85,86,87,88.5,89.5,91,92",20.5,80.22,96.43,GMCC SZ80Е1H,34,1
551,551100584849798040551,"76,78,77.5,77,78.5,80,81.5,81",19.1,77.68,93.88,GMCC SZ80Е1H,34,1
551,551100584849780770551,"76.5,79,81.5,84.5,86.5,88.5,89.5,90",20.5,80.22,96.43,GMCC SZ80Е1H,34,1
551,551100584849780760551,"78,78.5,80,82,83.5,86.5,85.5",20.5,80.22,96.43,GMCC SZ80Е1H,34,1
551,551100584849780690551,"74,75.5,77,79.5,82,83.5,85,84.5",19.9,79.13,95.34,GMCC SZ80Е1H,34,1
551,551100584849780620551,"75,77,76.5,78,79,80.5,82",19.8,78.95,95.15,GMCC SZ80Е1H,34,1
551,551100584849702710551,"73,72.5,73.5,75,76.5,77,78.5,79",15.1,70.42,86.6,GMCC SZ80Е1H,34,1
551,551100584849702700551,"74.5,74,74.5,75,76,78,77.5",15.7,71.51,87.69,GMCC SZ80Е1H,34,1
551,551100584849702690551,"72,71.5,72.5,73.5,75,77,77.5,77",15.9,71.87,88.06,GMCC SZ80Е1H,34,1
551,551100584849702680551,"72.5,73,73.5,75,75.5,76,77.5,78",15.2,70.6,86.78,GMCC SZ80Е1H,34,1
551,551100584849702670551,"72,71,72.5,74.5,77,78,77.5",15.3,70.78,86.96,GMCC SZ80Е1H,34,1
551,551100584849702660551,"72.5,73.5,72.5,74,75.5,76.5,78,77",15.7,71.51,87.69,GMCC SZ80Е1H,34,1
551,551100584849819560551,"76.5,85,87,92.5,93,93.5,94.5,94",24.1,86.76,102.98,GMCC SZ80Е1H,34,1
551,551100584849786140551,"72,71,73,75.5,77,78,79.5",16.1,72.24,88.42,GMCC SZ80Е1H,34,1
551,551100584849702630551,"72,73.5,74.5,75.5,78,78.5,79",16.0,72.06,88.24,GMCC SZ80Е1H,34,1
551,551100584849702620551,"72.5,73,73.5,74.5,75.5,77,79,79.5",15.9,71.87,88.06,GMCC SZ80Е1H,34,1
551,551100584849702610551,"71,71.5,72,72.5,74.5,75.5,76.5,77.5,78,77",15.9,71.87,88.06,GMCC SZ80Е1H,34,1
551,551100584849702600551,"68.5,73,75.5,76.5,77.5,79,79.5",15.9,71.87,88.06,GMCC SZ80Е1H,34,1
551,551100584849702590551,"71.5,70.5,71,73,75,77.5,76.5",15.3,70.78,86.96,GMCC SZ80Е1H,34,1
551,551100584849702580551,"72,75,74,75,78,79.5",16.0,72.06,88.24,GMCC SZ80Е1H,34,1
551,551100584849782740551,"73,77,75.5,76.5,77.5,78.5,81,82",19.7,78.77,94.97,GMCC SZ80Е1H,34,1
551,551100584849702560551,"70,72.5,76,76.5,78.5,79,81,80.5",16.0,72.06,88.24,GMCC SZ80Е1H,34,1
551,551100584849702520551,"71.5,73,75,76,76.5,77,79.5,78.5",15.7,71.51,87.69,GMCC SZ80Е1H,34,1
551,551100584849796660551,"76.5,77.5,78,78.5,80.5,82,83",20.5,80.22,96.43,GMCC SZ80Е1H,34,1
551,551100584849702510551,"73,74.5,75.5,77.5,78.5,80.5,79.5",15.9,71.87,88.06,GMCC SZ80Е1H,34,1
551,551100584849702480551,"75,75.5,75,75.5,77,77.5,79,78.5",16.7,73.33,89.51,GMCC SZ80Е1H,34,1
551,551100584849702450551,"70,74.5,73.5,81.5",17.2,74.23,90.42,GMCC SZ80Е1H,34,1
551,551100584849702420551,"72.5,73.5,73,74,75,76,76.5,77",15.7,71.51,87.69,GMCC SZ80Е1H,34,1
551,551100584849818930551,"78,83,84,86.5,88,89,90,91.5,91",22.9,84.58,100.8,GMCC SZ80Е1H,34,1
551,551100584849702410551,"72,75.5,77,77.5,80,81.5,81",15.9,71.87,88.06,GMCC SZ80Е1H,34,1
551,551100584849702400551,"75.5,74,74.5,75,76.5,77.5,79.5,78",16.7,73.33,89.51,GMCC SZ80Е1H,34,1
551,551100584849702390551,"71,72.5,72,74,75,76,76.5,77.5,78.5",15.8,71.69,87.87,GMCC SZ80Е1H,34,1
551,551100584849702370551,"70.5,72.5,73.5,74,76,77,77.5,76.5",15.8,71.69,87.87,GMCC SZ80Е1H,34,1
551,551100584849702360551,"74,72.5,70,71.5,73.5,75.5,76.5,76",15.8,71.69,87.87,GMCC SZ80Е1H,34,1
551,551100584849702330551,"76.5,75,74.5,75,76,76.5,78,79",16.7,73.33,89.51,GMCC SZ80Е1H,34,1
551,551100584849702290551,"75,76.5,77,79,80,82,83,84.5,84",20.0,79.32,95.52,GMCC SZ80Е1H,34,1
551,551100584849794880551,"77.5,76,77.5,79.5,81,84,84.5,86,87.5,88.5,89,89.5",21.4,81.86,98.07,GMCC SZ80Е1H,34,1
551,551100584849702260551,"75,74,74.5,75.5,77.5,79.5,79",17.9,75.5,91.7,GMCC SZ80Е1H,34,1
551,551100584849702250551,"77,76.5,76,77,79,80,79.5",15.9,71.87,88.06,GMCC SZ80Е1H,34,1
551,551100584849702240551,"75.5,73.5,75.5,77,78.5,80,80.5",16.7,73.33,89.51,GMCC SZ80Е1H,34,1
551,551100584849785910551,"69.5,71.5,72,75,76.5,78,77.5",16.3,72.6,88.78,GMCC SZ80Е1H,34,1
551,551100584849702210551,"74,74.5,76,77,78.5,79.5,79",17.3,74.42,90.6,GMCC SZ80Е1H,34,1
551,551100584849702160551,"74,75,74.5,76,77,77.5,78,79,80",16.0,72.06,88.24,GMCC SZ80Е1H,34,1
551,551100584849702040551,"74.5,76,75.5,76,77.5,78,81,79.5",16.4,72.78,88.97,GMCC SZ80Е1H,34,1
551,551100584849702030551,"77.5,76,77,77.5,78.5,78,79,81.5,79.5",16.7,73.33,89.51,GMCC SZ80Е1H,34,1
551,551100584849702020551,"77,77.5,79.5,81.5,82",16.2,72.42,88.6,GMCC SZ80Е1H,34,1
551,551100584849701990551,"72,75,74.5,75.5,78,78.5,82,80.5",16.3,72.6,88.78,GMCC SZ80Е1H,34,1
551,551100584849701980551,"74.5,79,77,79,78,81,81.5,81",16.3,72.6,88.78,GMCC SZ80Е1H,34,1
551,551100584849702280551,"74.5,75.5,77.5,79,81,81.5",17.1,74.05,90.24,GMCC SZ80Е1H,34,1
551,551100584849701960551,"73.5,76,77,78.5,79.5,81,81.5",16.3,72.6,88.78,GMCC SZ80Е1H,34,1
551,551100584849701930551,"77,75,74,76,77.5,79,80.5,80",16.3,72.6,88.78,GMCC SZ80Е1H,34,1
551,551100584849701920551,"80,77,78,78.5,80.5,80,82.5,83.5",16.6,73.14,89.33,GMCC SZ80Е1H,34,1
551,551100584849701910551,"78.5,77,76.5,77,78,80.5,81.5,82",16.4,72.78,88.97,GMCC SZ80Е1H,34,1
551,551100584849701890551,"72.5,74,70.5,72,73,74.5,76,76.5",16.6,73.14,89.33,GMCC SZ80Е1H,34,1
551,551100584849701880551,"76.5,76,77,79,80,81.5,82",16.3,72.6,88.78,GMCC SZ80Е1H,34,1
551,551100584849701850551,"73.5,75,76.5,77.5,79,81.5,80.5",17.7,75.14,91.33,GMCC SZ80Е1H,34,1
551,551100584849794870551,"77,79.5,80.5,82.5,85.5,86.5,88,89.5",21.4,81.86,98.07,GMCC SZ80Е1H,34,1
551,551100584849781830551,"79,80,80.5,80,81.5,82,82.5,83.5,85,85.5,86.5",20.1,79.5,95.7,GMCC SZ80Е1H,34,1
551,551100584849701840551,"75.5,77,77.5,78,80.5,79.5",16.7,73.33,89.51,GMCC SZ80Е1H,34,1
551,551100584849701830551,"74.5,73,70.5,75.5,76,77,78,77.5",16.3,72.6,88.78,GMCC SZ80Е1H,34,1
551,551100584849701800551,"76.5,76,76.5,76,78.5,81,82",16.7,73.33,89.51,GMCC SZ80Е1H,34,1
551,551100584849701780551,"75.5,76,75.5,76,79,82.5,84,83.5",16.5,72.96,89.15,GMCC SZ80Е1H,34,1
551,551100584849784610551,"79.5,77.5,78.5,81,82.5,83.5,83",17.1,74.05,90.24,GMCC SZ80Е1H,34,1
551,551100584849701770551,"78,75.5,77.5,79.5,80,81.5,82",16.4,72.78,88.97,GMCC SZ80Е1H,34,1
551,551100584849701760551,"79,78,78.5,79.5,81,82.5,82",16.5,72.96,89.15,GMCC SZ80Е1H,34,1
551,551100584849701730551,"72,73.5,75,76.5,78.5,80,79",16.6,73.14,89.33,GMCC SZ80Е1H,34,1
551,551100584849701670551,"79,76,78,79.5,81,82.5,82",16.5,72.96,89.15,GMCC SZ80Е1H,34,1
551,551100584849701660551,"75,76,76.5,78.5,78,80,79.5,80",16.5,72.96,89.15,GMCC SZ80Е1H,34,1
551,551100584849701630551,"76.5,77.5,76.5,78,79,81,81.5",16.5,72.96,89.15,GMCC SZ80Е1H,34,1
551,551100584849701620551,"76.5,74.5,75.5,76.5,77,79,79.5,80,80.5,81.5,83",16.7,73.33,89.51,GMCC SZ80Е1H,34,1
551,551100584849701610551,"75.5,76.5,77,78.5,79,79.5,81.5,80.5",16.5,72.96,89.15,GMCC SZ80Е1H,34,1
551,551100584849701570551,"74.5,75,74.5,75,77,78,79,78.5",16.7,73.33,89.51,GMCC SZ80Е1H,34,1
551,551100584849701500551,"77,75.5,75,76.5,78.5,79.5,79",17.3,74.42,90.6,GMCC SZ80Е1H,34,1
551,551100584849701490551,"69.5,73,74,74.5,76,77.5,79.5,81",16.9,73.69,89.88,GMCC SZ80Е1H,34,1
551,551100584849701460551,"71,73,74,75.5,77,77.5,78,80,81",18.1,75.87,92.06,GMCC SZ80Е1H,34,1
551,551100584849701450551,"75.5,75,77.5,79.5,80.5,82,82.5,83",16.9,73.69,89.88,GMCC SZ80Е1H,34,1
551,551100584849701360551,"73,77,76.5,78.5,79.5,80.5,83,82.5",17.1,74.05,90.24,GMCC SZ80Е1H,34,1
551,551100584849701340551,"74,76,74,75,77.5,78.5,79.5,79",17.0,73.87,90.06,GMCC SZ80Е1H,34,1
551,551100584849796900551,"84,84.5,83,83.5,85,87,88,88.5,89.5,89",20.6,80.41,96.61,GMCC SZ80Е1H,34,1
551,551100584849701330551,"74.5,76,74.5,76,76.5,78,80,79.5",17.1,74.05,90.24,GMCC SZ80Е1H,34,1
551,551100584849701320551,"73,74.5,76.5,76,77,78.5,80.5,79.5",17.0,73.87,90.06,GMCC SZ80Е1H,34,1
551,551100584849784520551,"74.5,76,75,76.5,77.5,78.5,79.5",17.1,74.05,90.24,GMCC SZ80Е1H,34,1
551,551100584849701310551,"70,72.5,73.5,75.5,77.5,78.5,80,80.5",17.1,74.05,90.24,GMCC SZ80Е1H,34,1
551,551100584849701300551,"71.5,74.5,74,77,77.5,78.5,79.5",17.2,74.23,90.42,GMCC SZ80Е1H,34,1
551,551100584849701290551,"72.5,73,74.5,76.5,79,81,80.5",17.1,74.05,90.24,GMCC SZ80Е1H,34,1
551,551100584849701280551,"77,74.5,75.5,78.5,79.5,81.5,80",17.0,73.87,90.06,GMCC SZ80Е1H,34,1
551,551100584849783570551,"78.5,75,76.5,78,79.5,80.5,82,83",18.2,76.05,92.24,GMCC SZ80Е1H,34,1
551,551100584849701270551,"72.5,75.5,75,76.5,77.5,79,80.5,80",17.0,73.87,90.06,GMCC SZ80Е1H,34,1
551,551100584849701260551,"78,73,74,75,77,78.5,81,80",17.1,74.05,90.24,GMCC SZ80Е1H,34,1
551,551100584849701250551,"76,74,73.5,75.5,76.5,77.5,79.5,79",17.0,73.87,90.06,GMCC SZ80Е1H,34,1
551,551100584849701230551,"74.5,75.5,74,74.5,76,77,78.5,77",17.0,73.87,90.06,GMCC SZ80Е1H,34,1
551,551100584849794950551,"78,81,83.5,85.5,86,87,88",21.5,82.04,98.25,GMCC SZ80Е1H,34,1
551,551100584849701200551,"72,73.5,75,76,77.5,78.5,79",17.9,75.5,91.7,GMCC SZ80Е1H,34,1
551,551100584849701180551,"73,74,75.5,77.5,79.5,80.5,79",17.3,74.42,90.6,GMCC SZ80Е1H,34,1
551,551100584849701160551,"76,77.5,78.5,79.5,80,80.5,81.5,83",17.5,74.78,90.97,GMCC SZ80Е1H,34,1
551,551100584849701130551,"74,76,74,76.5,77,78.5,81,82.5",17.5,74.78,90.97,GMCC SZ80Е1H,34,1
551,551100584849701110551,"77,74,73.5,73,74.5,75.5,79.5,81,82.5",17.7,75.14,91.33,GMCC SZ80Е1H,34,1
551,551100584849701100551,"74,75,76.5,78,81.5,82.5,83.5",17.2,74.23,90.42,GMCC SZ80Е1H,34,1
551,551100584849701090551,"75.5,76,75.5,78,79.5,80,81.5,82.5,84",17.9,75.5,91.7,GMCC SZ80Е1H,34,1
551,551100584849701080551,"73,74,72.5,74.5,73.5,76,77.5,78.5,80",17.2,74.23,90.42,GMCC SZ80Е1H,34,1
551,551100584849795870551,"76.5,80,81.5,83.5,85,87,87.5",21.0,81.13,97.34,GMCC SZ80Е1H,34,1
551,551100584849701070551,"74,75,76.5,77,79.5,80.5,82",17.2,74.23,90.42,GMCC SZ80Е1H,34,1
551,551100584849784570551,"75.5,73.5,74.5,76,77.5,78",17.0,73.87,90.06,GMCC SZ80Е1H,34,1
551,551100584849701060551,"74,74.5,75,79,80.5,83,84,84.5",17.2,74.23,90.42,GMCC SZ80Е1H,34,1
551,551100584849701040551,"73.5,76,77.5,79,80,81.5,82.5,82",18.0,75.69,91.88,GMCC SZ80Е1H,34,1
551,551100584849700980551,"72.5,75,76,77.5,80.5,82,81",17.7,75.14,91.33,GMCC SZ80Е1H,34,1
551,551100584849700960551,"76,74,75,76.5,79.5,82,83.5,82",17.7,75.14,91.33,GMCC SZ80Е1H,34,1
551,551100584849700950551,"73.5,72,70,71,72,73,75.5,75",17.6,74.96,91.15,GMCC SZ80Е1H,34,1
551,551100584849818820551,"84,79.5,82,83.5,87,88,90,90.5,92",22.9,84.58,100.8,GMCC SZ80Е1H,34,1
551,551100584849796640551,"79.5,81,83,83.5,85.5,85,85.5",20.6,80.41,96.61,GMCC SZ80Е1H,34,1
551,551100584849795030551,"68.5,75,77.5,79.5,80,82,83.5,85",21.4,81.86,98.07,GMCC SZ80Е1H,34,1
551,551100584849780550551,"79.5,83,84.5,85.5,88,89.5,90.5,90",19.9,79.13,95.34,GMCC SZ80Е1H,34,1
551,551100584849700940551,"72.5,77,75.5,77,78.5,79.5,80.5,81.5",17.5,74.78,90.97,GMCC SZ80Е1H,34,1
551,551100584849700930551,"81,73.5,75.5,74.5,75,76,76.5,77.5,78,79,80",17.5,74.78,90.97,GMCC SZ80Е1H,34,1
551,551100584849700920551,"74,79.5,77.5,79.5,80,81.5,82.5,82",17.7,75.14,91.33,GMCC SZ80Е1H,34,1
551,551100584849700890551,"75.5,73.5,72.5,74.5,76,77,78.5,79",17.8,75.32,91.51,GMCC SZ80Е1H,34,1
551,551100584849701140551,"76.5,75.5,75,76,78.5,79.5,81.5,82.5",17.1,74.05,90.24,GMCC SZ80Е1H,34,1
551,551100584849700870551,"69,70.5,71.5,72.5,74.5,76.5,75.5,76.5",17.6,74.96,91.15,GMCC SZ80Е1H,34,1
551,551100584849700840551,"74.5,72.5,74,73.5,77,78.5,78",17.6,74.96,91.15,GMCC SZ80Е1H,34,1
551,551100584849700820551,"70,75.5,77,78,79,80.5,81.5,81",17.7,75.14,91.33,GMCC SZ80Е1H,34,1
551,551100584849700800551,"76.5,75.5,75,76.5,79,80.5,81,81.5,82,83",17.9,75.5,91.7,GMCC SZ80Е1H,34,1
551,551100584849702430551,"74.5,76,76.5,78,78.5,80.5,80",16.7,73.33,89.51,GMCC SZ80Е1H,34,1
551,551100584849700770551,"79,75,77,78.5,80,81,80.5",17.7,75.14,91.33,GMCC SZ80Е1H,34,1
551,551100584849700740551,"75.5,77.5,76,79.5,81.5,81",17.7,75.14,91.33,GMCC SZ80Е1H,34,1
551,551100584849795060551,"77.5,75,75.5,78,81.5,84,86,86.5,88,89",21.4,81.86,98.07,GMCC SZ80Е1H,34,1
551,551100584849700710551,"73.5,76.5,76,79,80.5,82.5,83.5,84.5",17.8,75.32,91.51,GMCC SZ80Е1H,34,1
551,551100584849784410551,"75.5,76,77,78,79,80.5,79.5,81.5,81",17.1,74.05,90.24,GMCC SZ80Е1H,34,1
551,551100584849700700551,"71.5,73.5,74.5,76,78,77",17.7,75.14,91.33,GMCC SZ80Е1H,34,1
551,551100584849700670551,"73,75.5,72.5,73.5,75.5,78.5,80,78",17.7,75.14,91.33,GMCC SZ80Е1H,34,1
551,551100584849700660551,"75,74,73,75,75.5,77.5,79.5,78",17.8,75.32,91.51,GMCC SZ80Е1H,34,1
551,551100584849700630551,"70.5,74.5,75,76.5,78,81,82,81.5",17.8,75.32,91.51,GMCC SZ80Е1H,34,1
551,551100584849700620551,"73.5,77,76,77,78.5,80.5,81.5,82.5",17.8,75.32,91.51,GMCC SZ80Е1H,34,1
551,551100584849799490551,"74.5,76.5,78.5,80.5,81,82,83,84,84.5,85,85.5,86,87,86.5",20.0,79.32,95.52,GMCC SZ80Е1H,34,1
551,551100584849700600551,"78,79,78,80,80.5,82.5,84,85",17.8,75.32,91.51,GMCC SZ80Е1H,34,1
551,551100584849700590551,"76,77,77.5,78,80.5,80,82,81.5",17.8,75.32,91.51,GMCC SZ80Е1H,34,1
551,551100584849700580551,"77.5,76,76.5,77.5,78,80.5,82,81.5",17.8,75.32,91.51,GMCC SZ80Е1H,34,1
551,551100584849700530551,"74.5,74,76.5,77.5,79,81.5,82,82.5",17.7,75.14,91.33,GMCC SZ80Е1H,34,1
551,551100584849784480551,"75.5,74,77,76.5,77.5,78.5,78,79.5,80.5,81,82,83",17.3,74.42,90.6,GMCC SZ80Е1H,34,1
551,551100584849702080551,"76.5,73,76,76.5,77.5,80,79",16.6,73.14,89.33,GMCC SZ80Е1H,34,1
551,551100584849700520551,"72.5,74.5,73.5,76,78,79.5,80.5,82,81",17.8,75.32,91.51,GMCC SZ80Е1H,34,1
551,551100584849700480551,"74.5,75.5,77.5,79.5,81.5",17.8,75.32,91.51,GMCC SZ80Е1H,34,1
551,551100584849817490551,"74,80.5,81,84,89.5,91.5,94",24.1,86.76,102.98,GMCC SZ80Е1H,34,1
551,551100584849700460551,"77.5,78.5,79.5,80,81,82.5,83,85,84.5",17.7,75.14,91.33,GMCC SZ80Е1H,34,1
551,551100584849700450551,"72,75.5,74.5,76.5,77,78.5,77.5",17.7,75.14,91.33,GMCC SZ80Е1H,34,1
551,551100584849700430551,"75.5,79,80.5,82.5,84,85,85.5,87",17.8,75.32,91.51,GMCC SZ80Е1H,34,1
551,551100584849700420551,"74,77,76.5,77.5,78,80,80.5,81,83.5",17.7,75.14,91.33,GMCC SZ80Е1H,34,1
551,551100584849700410551,"75.5,76.5,77,78.5,80,79.5,81,82.5,82",17.7,75.14,91.33,GMCC SZ80Е1H,34,1
551,551100584849700390551,"76,77.5,79,79.5,81,82,83,84,83.5",18.3,76.23,92.42,GMCC SZ80Е1H,34,1
551,551100584849700380551,"71.5,76,75.5,77,77.5,80,80.5,82.5,83.5",18.3,76.23,92.42,GMCC SZ80Е1H,34,1
551,551100584849700360551,"74.5,75,78,79,81.5,83.5,84",17.7,75.14,91.33,GMCC SZ80Е1H,34,1
551,551100584849700340551,"80,80.5,82,83,85,87,88.5,87.5",17.9,75.5,91.7,GMCC SZ80Е1H,34,1
551,551100584849781720551,"73.5,74.5,78,80,81,83,84.5",19.8,78.95,95.15,GMCC SZ80Е1H,34,1
551,551100584849700330551,"77.5,80,80.5,82,83.5,85,86,85.5",17.9,75.5,91.7,GMCC SZ80Е1H,34,1
551,551100584849700300551,"76.5,78,78.5,79.5,81.5,82",17.9,75.5,91.7,GMCC SZ80Е1H,34,1
551,551100584849700270551,"75.5,79,80,81.5,83,84,86,85.5",18.3,76.23,92.42,GMCC SZ80Е1H,34,1
551,551100584849783320551,"70,72.5,75,76.5,77,79,80.5,81",20.0,79.32,95.52,GMCC SZ80Е1H,34,1
551,551100584849700240551,"74.5,76.5,77,78,80.5,81.5,83,83.5",17.8,75.32,91.51,GMCC SZ80Е1H,34,1
551,551100584849700230551,"73.5,77.5,78,79,80.5,81,82",17.9,75.5,91.7,GMCC SZ80Е1H,34,1
551,551100584849700210551,"75.5,74,80,81,83,83.5,84.5",17.9,75.5,91.7,GMCC SZ80Е1H,34,1
551,551100584849700200551,"75.5,78,76.5,77,79,79.5,80.5,81",17.9,75.5,91.7,GMCC SZ80Е1H,34,1
551,551100584849700180551,"75.5,77,79,81,84,85.5,87.5,87",17.8,75.32,91.51,GMCC SZ80Е1H,34,1
551,551100584849700150551,"79,80,80.5,83,84,85,85.5,86",18.0,75.69,91.88,GMCC SZ80Е1H,34,1
551,551100584849700220551,"77.5,78,79,79.5,81,83,84",17.8,75.32,91.51,GMCC SZ80Е1H,34,1
551,551100584849700140551,"78.5,77,79.5,82.5,81.5,83.5,84,85.5,83.5",18.2,76.05,92.24,GMCC SZ80Е1H,34,1
551,551100584849818690551,"78.5,79,80,83,85,87.5,90",23.1,84.94,101.16,GMCC SZ80Е1H,34,1
551,551100584849700130551,"74.5,76,77,80,81.5,84,83.5",17.9,75.5,91.7,GMCC SZ80Е1H,34,1
551,551100584849700120551,"77,77.5,78,80,80.5,84,83.5",17.9,75.5,91.7,GMCC SZ80Е1H,34,1
551,551100584849700110551,"74,77,79.5,80,82.5,83,82.5,85",18.3,76.23,92.42,GMCC SZ80Е1H,34,1
551,551100584849700090551,"75.5,76.5,77.5,78,80,82.5,83",17.9,75.5,91.7,GMCC SZ80Е1H,34,1
551,551100584849702500551,"73,73.5,72,73.5,75,75.5,77,76.5",15.8,71.69,87.87,GMCC SZ80Е1H,34,1
551,551100584849700080551,"71,77.5,78.5,81,82.5,84.5,85",18.4,76.41,92.61,GMCC SZ80Е1H,34,1
551,551100584849700070551,"77.5,78,79.5,82,83,86,84.5",18.0,75.69,91.88,GMCC SZ80Е1H,34,1
551,551100584849700060551,"73,77,77.5,76.5,79.5,81,82,83.5,85,85.5",17.9,75.5,91.7,GMCC SZ80Е1H,34,1
551,551100584849700050551,"77.5,78.5,79.5,80.5,82,82.5,84,85",18.0,75.69,91.88,GMCC SZ80Е1H,34,1
551,551100584849700030551,"76,78.5,79,81.5,82,84,85.5,86,84.5",18.4,76.41,92.61,GMCC SZ80Е1H,34,1
551,551100584849700020551,"75,78,79,80.5,82,83.5,84.5,85.5",18.2,76.05,92.24,GMCC SZ80Е1H,34,1
551,551100584849796370551,"78.5,79.5,80.5,81,82.5,85.5,87.5,88",21.0,81.13,97.34,GMCC SZ80Е1H,34,1
551,551100584849700010551,"79,81.5,83,84,85.5",18.5,76.59,92.79,GMCC SZ80Е1H,34,1
551,551100584849700000551,"76,77.5,79.5,80.5,83,84.5,87.5,86.5",18.3,76.23,92.42,GMCC SZ80Е1H,34,1
551,551100584849699990551,"77,77.5,79,81,82,84,83.5",18.0,75.69,91.88,GMCC SZ80Е1H,34,1
551,551100584849699970551,"79.5,80,79,82.5,83.5,85,86.5,86",18.1,75.87,92.06,GMCC SZ80Е1H,34,1
551,551100584849699960551,"77,77.5,78.5,80.5,81.5,83.5,85,84",19.7,78.77,94.97,GMCC SZ80Е1H,34,1
551,551100584849699950551,"75,78.5,79.5,81.5,82.5,83,85.5,86",18.2,76.05,92.24,GMCC SZ80Е1H,34,1
551,551100584849699930551,"77,79,81.5,83,84.5,85.5,84.5",18.1,75.87,92.06,GMCC SZ80Е1H,34,1
551,551100584849699920551,"77.5,79,80.5,83,82.5,85.5,85",18.2,76.05,92.24,GMCC SZ80Е1H,34,1
551,551100584849699910551,"77.5,79,80,81,83,84.5,85,85.5",18.3,76.23,92.42,GMCC SZ80Е1H,34,1
551,551100584849699900551,"78,78.5,79.5,80.5,83.5,84,86.5,86",18.1,75.87,92.06,GMCC SZ80Е1H,34,1
551,551100584849699890551,"79,77.5,78,80.5,82.5,85.5,88,87.5,87",18.1,75.87,92.06,GMCC SZ80Е1H,34,1
551,551100584849782960551,"74.5,74,72,73.5,74.5,75.5,76.5,77.5,79",18.8,77.14,93.33,GMCC SZ80Е1H,34,1
551,551100584849699880551,"78,77.5,77,79.5,80.5,82,83.5,83",18.7,76.96,93.15,GMCC SZ80Е1H,34,1
551,551100584849797650551,"75.5,72.5,74.5,74,77,77.5,79,80.5,81",19.6,78.59,94.79,GMCC SZ80Е1H,34,1
551,551100584849699830551,"74.5,76,77,78.5,80,80.5,81,82",18.4,76.41,92.61,GMCC SZ80Е1H,34,1
551,551100584849781890551,"81,72,76.5,77,78,79.5,80,81,81.5",19.8,78.95,95.15,GMCC SZ80Е1H,34,1
551,551100584849699820551,"73,79,80,81,82,84,84.5,84",18.3,76.23,92.42,GMCC SZ80Е1H,34,1
551,551100584849785140551,"75,74,73.5,74.5,75.5,76.5,79.5",16.9,73.69,89.88,GMCC SZ80Е1H,34,1
551,551100584849699810551,"77.5,78,79,80.5,82,84,85.5,86.5,86",18.2,76.05,92.24,GMCC SZ80Е1H,34,1
551,551100584849699800551,"78,75.5,76.5,78,80,82,83",18.4,76.41,92.61,GMCC SZ80Е1H,34,1
551,551100584849699790551,"77,76.5,79.5,81,82.5,84.5,85.5,85",18.2,76.05,92.24,GMCC SZ80Е1H,34,1
551,551100584849702650551,"75,71.5,73,74.5,76.5,77,78,79",15.7,71.51,87.69,GMCC SZ80Е1H,34,1
551,551100584849699760551,"75.5,75,78,79.5,80.5,81.5,82.5,84,83.5",18.3,76.23,92.42,GMCC SZ80Е1H,34,1
551,551100584849699730551,"74.5,77.5,78.5,79,82,83,85,84.5",18.7,76.96,93.15,GMCC SZ80Е1H,34,1
551,551100584849699710551,"77,77.5,78,78.5,80,81.5,83,84.5",18.7,76.96,93.15,GMCC SZ80Е1H,34,1
551,551100584849699640551,"76.5,81,80,81.5,83,83.5,86.5,85.5",18.6,76.77,92.97,GMCC SZ80Е1H,34,1
551,551100584849796540551,"80,76.5,77,80,81,83,86,86.5,86",22.4,83.67,99.89,GMCC SZ80Е1H,34,1
551,551100584849699610551,"75,75.5,77.5,78,79.5,80,81,82,83,84",18.4,76.41,92.61,GMCC SZ80Е1H,34,1
551,551100584849796500551,"81.5,83.5,84,85.5,87,88.5,89,91",20.6,80.41,96.61,GMCC SZ80Е1H,34,1
551,551100584849699590551,"74.5,78,78.5,81,83.5,85,86",19.8,78.95,95.15,GMCC SZ80Е1H,34,1
551,551100584849699580551,"76.5,75.5,76,78,79,81,82,83,82,83",18.5,76.59,92.79,GMCC SZ80Е1H,34,1
551,551100584849699560551,"71.5,75.5,74,79.5,81,82.5,83.5,84,85,86,87",18.5,76.59,92.79,GMCC SZ80Е1H,34,1
551,551100584849781700551,"74.5,78,79.5,81,81.5,82.5,83.5,84,85",20.0,79.32,95.52,GMCC SZ80Е1H,34,1
551,551100584849699540551,"76.5,79,81.5,82,84,85.5",18.7,76.96,93.15,GMCC SZ80Е1H,34,1
551,551100584849699510551,"79,80,80.5,81,84,85,86.5,88.5,89.5,90,89.5",19.6,78.59,94.79,GMCC SZ80Е1H,34,1
551,551100584849699490551,"76.5,79.5,77.5,79.5,81,83,83.5,83",19.8,78.95,95.15,GMCC SZ80Е1H,34,1
551,551100584849699480551,"77,75,75.5,76,79,80.5,82,83,82.5",18.7,76.96,93.15,GMCC SZ80Е1H,34,1
551,551100584849699330551,"75,77,78.5,79,80.5,83,82",20.1,79.5,95.7,GMCC SZ80Е1H,34,1
551,551100584849699300551,"77,79,80,81.5,83.5,84.5,85.5,87",19.7,78.77,94.97,GMCC SZ80Е1H,34,1
551,551100584849699290551,"77,80.5,81,82.5,84.5,85,87.5,86",19.7,78.77,94.97,GMCC SZ80Е1H,34,1
551,551100584849699270551,"80,80.5,79.5,81,82.5,84,85,86",19.7,78.77,94.97,GMCC SZ80Е1H,34,1
551,551100584849699240551,"77,79.5,81.5,83.5,84,86.5,85.5",19.6,78.59,94.79,GMCC SZ80Е1H,34,1
551,551100584849784720551,"74.5,74,75,76,77,79.5,80.5,81",17.2,74.23,90.42,GMCC SZ80Е1H,34,1
551,551100584849699230551,"79.5,79,81,82.5,83.5,85,85.5,86,87",20.1,79.5,95.7,GMCC SZ80Е1H,34,1
551,551100584849699220551,"75.5,81,82,84,84.5,86,85.5",19.6,78.59,94.79,GMCC SZ80Е1H,34,1
551,551100584849699200551,"84,74.5,79,79.5,81.5,83.5,86,87.5,88,89",20.2,79.68,95.88,GMCC SZ80Е1H,34,1
551,551100584849699190551,"79,80.5,79,81.5,83,84,85,86,87.5",19.6,78.59,94.79,GMCC SZ80Е1H,34,1
551,551100584849699180551,"75,76.5,78.5,80,82.5,83,84.5,85,86,86.5",19.8,78.95,95.15,GMCC SZ80Е1H,34,1
551,551100584849786110551,"73.5,78,74,76.5,77,78,80.5,81.5",16.7,73.33,89.51,GMCC SZ80Е1H,34,1
551,551100584849699170551,"76.5,78,79,80.5,82.5,83,85,84.5",19.8,78.95,95.15,GMCC SZ80Е1H,34,1
551,551100584849699120551,"75,77.5,78.5,81,83.5,85,86.5,86",19.9,79.13,95.34,GMCC SZ80Е1H,34,1
551,551100584849782470551,"76.5,75.5,78,79,82,84,84.5",19.8,78.95,95.15,GMCC SZ80Е1H,34,1
551,551100584849699100551,"76,76.5,77.5,78,80.5,81,82.5,81.5",17.7,75.14,91.33,GMCC SZ80Е1H,34,1
551,551100584849699070551,"74.5,83,84.5,85,86,86.5,87,88,89,90,91,91.5,90.5,91.5,92",20.7,80.59,96.79,GMCC SZ80Е1H,34,1
551,551100584849818760551,"78.5,80,79,83.5,86,87.5,89,91,92.5",23.0,84.76,100.98,GMCC SZ80Е1H,34,1
551,551100584849699060551,"76,76.5,75.5,77,78,79,79.5,80",17.3,74.42,90.6,GMCC SZ80Е1H,34,1
551,551100584849699050551,"74.5,78.5,80,83,84,85.5,87.5,90",19.8,78.95,95.15,GMCC SZ80Е1H,34,1
551,551100584849698980551,"76,75.5,76.5,77.5,79,81.5,86.5,88,90",19.8,78.95,95.15,GMCC SZ80Е1H,34,1
551,551100584849698950551,"76,75.5,76.5,77.5,80,81,82,83.5,84,85,86",19.8,78.95,95.15,GMCC SZ80Е1H,34,1
551,551100584849698930551,"84.5,76,79.5,81,82,84,86,86.5,87.5",20.0,79.32,95.52,GMCC SZ80Е1H,34,1
551,551100584849698900551,"73,74.5,73,76,78,79,80.5,81",17.4,74.6,90.79,GMCC SZ80Е1H,34,1
551,551100584849698890551,"79.5,77,77.5,78.5,83.5,87.5,88.5,90.5",20.4,80.04,96.25,GMCC SZ80Е1H,34,1
551,551100584849698870551,"76.5,78.5,80,81.5,84,83,84,85.5,87",20.1,79.5,95.7,GMCC SZ80Е1H,34,1
551,551100584849698860551,"73,72,72.5,73,74.5,77,78.5,78",17.2,74.23,90.42,GMCC SZ80Е1H,34,1
551,551100584849817510551,"81.5,87.5,89,93.5,95,96,95.5",23.9,86.39,102.62,GMCC SZ80Е1H,34,1
551,551100584849698850551,"77,75.5,76.5,77,79,79.5,80.5,81,82.5,82",17.2,74.23,90.42,GMCC SZ80Е1H,34,1
551,551100584849700400551,"76.5,77.5,79.5,80.5,81.5,83,82.5",17.8,75.32,91.51,GMCC SZ80Е1H,34,1
551,551100584849698830551,"77,79,80,82.5,84.5,86,87.5,86.5",20.5,80.22,96.43,GMCC SZ80Е1H,34,1
551,551100584849698820551,"76,78.5,80,81,83,84.5,85.5,86,86.5,87",20.2,79.68,95.88,GMCC SZ80Е1H,34,1
551,551100584849698790551,"73,79,78.5,81.5,82.5,85,87,87.5,88.5,87.5",20.5,80.22,96.43,GMCC SZ80Е1H,34,1
551,551100584849817100551,"80,83,85.5,88.5,91,94,96,94.5",24.3,87.12,103.35,GMCC SZ80Е1H,34,1
551,551100584849698770551,"77,79,79.5,81.5,83,85,86.5,85.5",20.7,80.59,96.79,GMCC SZ80Е1H,34,1
551,551100584849698750551,"75.5,73,74.5,77,76.5,79,80.5,81",17.3,74.42,90.6,GMCC SZ80Е1H,34,1
551,551100584849698680551,"78,77.5,80,82.5,83.5,84,85,86,87",20.3,79.86,96.06,GMCC SZ80Е1H,34,1
551,551100584849698670551,"76.5,79,78.5,82.5,83,85.5,86,87.5,88",20.4,80.04,96.25,GMCC SZ80Е1H,34,1
551,551100584849698660551,"77.5,79.5,76,77.5,78.5,81,82.5,84.5,86.5,88",20.4,80.04,96.25,GMCC SZ80Е1H,34,1
551,551100584849698640551,"72,73,73.5,75,75.5,77,79,78.5",17.2,74.23,90.42,GMCC SZ80Е1H,34,1
551,551100584849698630551,"80,78.5,79,81.5,83,84.5,85.5,88",20.6,80.41,96.61,GMCC SZ80Е1H,34,1
551,551100584849796590551,"84.5,78.5,82,83,85.5,85,87,88.5",20.9,80.95,97.16,GMCC SZ80Е1H,34,1
551,551100584849698620551,"73.5,72.5,74,75,76,77.5,79,80",17.2,74.23,90.42,GMCC SZ80Е1H,34,1
551,551100584849698570551,"78,78.5,80.5,81.5,84,85.5,87.5,87",20.6,80.41,96.61,GMCC SZ80Е1H,34,1
551,551100584849698530551,"79,81.5,82.5,86,86.5,88.5,89,88",20.6,80.41,96.61,GMCC SZ80Е1H,34,1
551,551100584849698520551,"76,79.5,80,83,85,86.5,88,90.5,91.5",20.5,80.22,96.43,GMCC SZ80Е1H,34,1
551,551100584849698510551,"72,73.5,75,76,77,78,79.5",17.2,74.23,90.42,GMCC SZ80Е1H,34,1
551,551100584849698450551,"72,81",17.5,74.78,90.97,GMCC SZ80Е1H,34,1
551,551100584849816850551,"81.5,83,84,88,92.5,94.5,93.5,94",24.3,87.12,103.35,GMCC SZ80Е1H,34,1
551,551100584849698420551,"74,75,74,75,76.5,78.5,80.5,81",17.5,74.78,90.97,GMCC SZ80Е1H,34,1
551,551100584849698400551,"70,68,70,70.5,69.5,71.5,73,75.5,77,76.5,79",17.2,74.23,90.42,GMCC SZ80Е1H,34,1
551,551100584849698380551,"68.5,72.5,70.5,72.5,72,74,75,76,77,79",17.2,74.23,90.42,GMCC SZ80Е1H,34,1
551,551100584849783090551,"76.5,77.5,80.5,81,82.5,85,84,84.5,85",19.1,77.68,93.88,GMCC SZ80Е1H,34,1
551,551100584849698370551,"79,73,72.5,73,74.5,78.5,79.5,82",18.3,76.23,92.42,GMCC SZ80Е1H,34,1
551,551100584849698360551,"73.5,77,76.5,77,78,79.5,81,81.5",17.7,75.14,91.33,GMCC SZ80Е1H,34,1
551,551100584849698290551,"70,74.5,75.5,78,80,82.5,81.5",18.3,76.23,92.42,GMCC SZ80Е1H,34,1
551,551100584849698280551,"71,72,70.5,73.5,75,76.5,78.5,77.5",17.2,74.23,90.42,GMCC SZ80Е1H,34,1
551,551100584849698260551,"73.5,72,70,73,74,76.5,78",17.2,74.23,90.42,GMCC SZ80Е1H,34,1
551,551100584849796860551,"78,85,83.5,78.5,83.5,85.5,86,88.5,89.5",20.7,80.59,96.79,GMCC SZ80Е1H,34,1
551,551100584849794540551,"80.5,79.5,79,80,82.5,85,86.5,88,89.5,90",21.5,82.04,98.25,GMCC SZ80Е1H,34,1
551,551100584849698230551,"71,76,77,78.5,79.5,80,81.5,83,82.5",17.7,75.14,91.33,GMCC SZ80Е1H,34,1
551,551100584849698220551,"81.5,69.5,75,76.5,78.5,79,79.5",17.7,75.14,91.33,GMCC SZ80Е1H,34,1
551,551100584849700690551,"74.5,75,75.5,78,80.5,82,84.5,84",17.7,75.14,91.33,GMCC SZ80Е1H,34,1
551,551100584849698190551,"75,77.5,78.5,80.5,82.5,84,85.5,86",18.2,76.05,92.24,GMCC SZ80Е1H,34,1
551,551100584849698180551,"73.5,75.5,75,77,78.5,79.5,80.5,81.5,80.5",17.3,74.42,90.6,GMCC SZ80Е1H,34,1
551,551100584849795930551,"80,81.5,82,84.5,86,88,89.5,90",21.1,81.31,97.52,GMCC SZ80Е1H,34,1
551,551100584849698170551,"73.5,77,75,77,77.5,80,81,83",17.8,75.32,91.51,GMCC SZ80Е1H,34,1
551,551100584849698150551,"72,74.5,73.5,74.5,76,76.5,78,79,79.5,80",17.5,74.78,90.97,GMCC SZ80Е1H,34,1
551,551100584849698110551,"73,79,77.5,79.5,81.5,83,84.5,85",18.2,76.05,92.24,GMCC SZ80Е1H,34,1
551,551100584849698090551,"74.5,76.5,77.5,79.5,82,81,82.5,83",17.6,74.96,91.15,GMCC SZ80Е1H,34,1
551,551100584849698080551,"72,77,71.5,76,77,78.5,79,80.5,82,80.5",17.5,74.78,90.97,GMCC SZ80Е1H,34,1
551,551100584849698050551,"78,77.5,78,80.5,81,82,84,84.5,85",17.6,74.96,91.15,GMCC SZ80Е1H,34,1
551,551100584849798920551,"75,80,78,80,81,82.5,82,83.5,84,86,87",20.0,79.32,95.52,GMCC SZ80Е1H,34,1
551,551100584849698040551,"74,75,76.5,80,83,84",17.5,74.78,90.97,GMCC SZ80Е1H,34,1
551,551100584849698030551,"73.5,76.5,77.5,79.5,83,84.5,85",18.4,76.41,92.61,GMCC SZ80Е1H,34,1
551,551100584849783300551,"77.5,80,77.5,80,80.5,82.5,83,84,85,86",19.8,78.95,95.15,GMCC SZ80Е1H,34,1
551,551100584849698020551,"75.5,77.5,76.5,78.5,79.5,81.5,80.5,81,81.5",17.9,75.5,91.7,GMCC SZ80Е1H,34,1
551,551100584849698010551,"73,74,73,74,78,81.5,79.5",17.6,74.96,91.15,GMCC SZ80Е1H,34,1
551,551100584849698000551,"77.5,75,75.5,78,80.5,82,80.5",17.5,74.78,90.97,GMCC SZ80Е1H,34,1
551,551100584849697990551,"73,76.5,75.5,77,78,79.5,80,81.5",17.5,74.78,90.97,GMCC SZ80Е1H,34,1
551,551100584849697980551,"72.5,74,76,79.5,80,81.5,83.5,82.5,84",17.5,74.78,90.97,GMCC SZ80Е1H,34,1
551,551100584849817340551,"78.5,80,82,83,85,86,87,90,90.5,92",24.0,86.58,102.8,GMCC SZ80Е1H,34,1
551,551100584849697950551,"77,78.5,79,81,81.5,83,84,83.5",18.2,76.05,92.24,GMCC SZ80Е1H,34,1
551,551100584849697940551,"73,74.5,75.5,77,78,80,80.5,81.5",18.2,76.05,92.24,GMCC SZ80Е1H,34,1
551,551100584849697930551,"77.5,76,75.5,76,77,78.5,80,82,82.5",17.9,75.5,91.7,GMCC SZ80Е1H,34,1
551,551100584849697920551,"73.5,75,75.5,77,78,78.5",18.0,75.69,91.88,GMCC SZ80Е1H,34,1
551,551100584849697910551,"76.5,79,77,78,78.5,79.5,81,82,82.5",18.0,75.69,91.88,GMCC SZ80Е1H,34,1
551,551100584849697900551,"73,72.5,72,73,74,74.5,76.5,77,78,78.5,80,80.5",17.7,75.14,91.33,GMCC SZ80Е1H,34,1
551,551100584849697890551,"77.5,77,76,77,78.5,80,81,82",17.8,75.32,91.51,GMCC SZ80Е1H,34,1
551,551100584849697880551,"71.5,76.5,77,79.5,80,81.5,84.5",18.2,76.05,92.24,GMCC SZ80Е1H,34,1
551,551100584849697870551,"72,74.5,73,74.5,75.5,77.5,79,79.5,80,79.5,80",18.4,76.41,92.61,GMCC SZ80Е1H,34,1
551,551100584849784170551,"71,74.5,74,75,76,76.5,78,77,79,79.5",17.2,74.23,90.42,GMCC SZ80Е1H,34,1
551,551100584849697830551,"75,77,78,78.5,80.5,81.5,82,84",18.4,76.41,92.61,GMCC SZ80Е1H,34,1
551,551100584849697810551,"78,75,76.5,78.5,81,81.5,83,84,85.5,86,87",18.3,76.23,92.42,GMCC SZ80Е1H,34,1
551,551100584849697770551,"74,72,74.5,76,78,81,82,82.5,81.5",18.4,76.41,92.61,GMCC SZ80Е1H,34,1
551,551100584849697740551,"74.5,72.5,75,75.5,77.5,79,80,81.5,82.5,83,84",17.9,75.5,91.7,GMCC SZ80Е1H,34,1
551,551100584849702340551,"73,75,78,79,80.5,82.5,81",17.0,73.87,90.06,GMCC SZ80Е1H,34,1
551,551100584849701240551,"75.5,75,75.5,77,79,80.5,80",17.1,74.05,90.24,GMCC SZ80Е1H,34,1
551,551100584849697710551,"74,75,73,77.5,79.5,79,82,83,83.5",18.2,76.05,92.24,GMCC SZ80Е1H,34,1
551,551100584849697690551,"75.5,75,76.5,77.5,79.5,80.5,82.5,82",17.9,75.5,91.7,GMCC SZ80Е1H,34,1
551,551100584849697650551,"77,74.5,76,76.5,78,79.5,80.5,81,83.5,85,84.5",18.4,76.41,92.61,GMCC SZ80Е1H,34,1
551,551100584849697630551,"74.5,73.5,76,77.5,80,80.5,82.5,83.5,85.5",18.0,75.69,91.88,GMCC SZ80Е1H,34,1
551,551100584849819050551,"78.5,81,80.5,82,85,87.5,89.5,91,90.5",22.6,84.04,100.25,GMCC SZ80Е1H,34,1
551,551100584849698470551,"78,78.5,82,82.5,85,86,88",20.6,80.41,96.61,GMCC SZ80Е1H,34,1
551,551100584849697610551,"76.5,73,72.5,75.5,76.5,77.5,79.5,81,81.5",18.0,75.69,91.88,GMCC SZ80Е1H,34,1
551,551100584849817190551,"79,79.5,81.5,83.5,88,90.5,93.5,94,95",24.2,86.94,103.16,GMCC SZ80Е1H,34,1
551,551100584849697600551,"77,75.5,74.5,75,79.5,82,84,84.5,86",18.3,76.23,92.42,GMCC SZ80Е1H,34,1
551,551100584849697590551,"74.5,76.5,74,78.5,80.5,81,82.5,85",18.0,75.69,91.88,GMCC SZ80Е1H,34,1
551,551100584849699310551,"75.5,78.5,74.5,75,76.5,79.5,80.5,83,84",19.5,78.41,94.61,GMCC SZ80Е1H,34,1
551,551100584849697580551,"78.5,77,78,79.5,81,83,83.5,85.5",18.1,75.87,92.06,GMCC SZ80Е1H,34,1
551,551100584849697570551,"75.5,78,79.5,80.5,82.5,84,86,85.5",18.2,76.05,92.24,GMCC SZ80Е1H,34,1
551,551100584849697550551,"73.5,76,74.5,78,80,81,82,83,84",18.2,76.05,92.24,GMCC SZ80Е1H,34,1
551,551100584849697520551,"76,77,76.5,77,78.5,80,81,82,83",18.2,76.05,92.24,GMCC SZ80Е1H,34,1
551,551100584849697490551,"80,73.5,76,78,77,78,79.5,81,82,83",18.1,75.87,92.06,GMCC SZ80Е1H,34,1
551,551100584849697480551,"78,72.5,73.5,75.5,73.5,78.5,77.5,78.5,79",18.4,76.41,92.61,GMCC SZ80Е1H,34,1
551,551100584849697380551,"78.5,75.5,77,78.5,79.5,81.5,81",18.3,76.23,92.42,GMCC SZ80Е1H,34,1
551,551100584849697370551,"73,76,77,78.5,80.5,81.5,84,83",18.3,76.23,92.42,GMCC SZ80Е1H,34,1
551,551100584849697360551,"75,76.5,78.5,79,82.5,83.5,84,84.5",18.4,76.41,92.61,GMCC SZ80Е1H,34,1
551,551100584849697280551,"73.5,73,73.5,75.5,76.5,78,80,79.5",19.2,77.86,94.06,GMCC SZ80Е1H,34,1
551,551100584849697220551,"69.5,73.5,75.5,77.5,79,81,82.5",19.2,77.86,94.06,GMCC SZ80Е1H,34,1
551,551100584849697150551,"76,77,79.5,82.5,84.5,86,85,86.5",19.4,78.23,94.43,GMCC SZ80Е1H,34,1
551,551100584849796570551,"77,81,82,83,84.5,86.5,85.5,88",20.8,80.77,96.97,GMCC SZ80Е1H,34,1
551,551100584849782460551,"75,75.5,75,75.5,78,79.5,80.5,81.5",19.1,77.68,93.88,GMCC SZ80Е1H,34,1
551,551100584849697140551,"73.5,74.5,74,76,77.5,79.5,80.5,81,81.5",19.2,77.86,94.06,GMCC SZ80Е1H,34,1
551,551100584849782130551,"73.5,78.5,80,81,82.5,85.5,84",19.8,78.95,95.15,GMCC SZ80Е1H,34,1
551,551100584849697130551,"73,76.5,78.5,79.5,81.5,83.5,83,84",19.4,78.23,94.43,GMCC SZ80Е1H,34,1
551,551100584849697090551,"69,73,73.5,76,78,80,79.5",19.2,77.86,94.06,GMCC SZ80Е1H,34,1
551,551100584849798700551,"76.5,77.5,78,79.5,81.5,83.5,85,86",20.0,79.32,95.52,GMCC SZ80Е1H,34,1
551,551100584849697080551,"67,66,71.5,72.5,75,76,76.5,78,78.5,81",19.2,77.86,94.06,GMCC SZ80Е1H,34,1
551,551100584849697070551,"74.5,75,74.5,75.5,80,81,83,84",19.2,77.86,94.06,GMCC SZ80Е1H,34,1
551,551100584849697030551,"74.5,78.5,81,82.5,85,84.5",19.4,78.23,94.43,GMCC SZ80Е1H,34,1
551,551100584849697020551,"75.5,76,77,78.5,79.5,81,83,82.5",19.3,78.05,94.24,GMCC SZ80Е1H,34,1
551,551100584849696980551,"76,75.5,78,78.5,80,81.5,83,83.5,85",19.3,78.05,94.24,GMCC SZ80Е1H,34,1
551,551100584849696960551,"77.5,72,74.5,77.5,80,81.5,82",19.2,77.86,94.06,GMCC SZ80Е1H,34,1
551,551100584849818790551,"81,83.5,82.5,86.5,88.5,92,93,94,94.5",23.2,85.12,101.34,GMCC SZ80Е1H,34,1
551,551100584849781290551,"79,81,82.5,84.5,86.5,86",20.8,80.77,96.97,GMCC SZ80Е1H,34,1
551,551100584849696930551,"74.5,77,79.5,82,83.5,85,86",19.3,78.05,94.24,GMCC SZ80Е1H,34,1
551,551100584849782700551,"70,74.5,76.5,77,80,80.5,81.5,81",19.0,77.5,93.7,GMCC SZ80Е1H,34,1
551,551100584849696920551,"75.5,79,80,82.5,84.5,86,85",19.3,78.05,94.24,GMCC SZ80Е1H,34,1
551,551100584849817640551,"86.5,78.5,82,81.5,86,87.5,90,92.5,93.5",24.0,86.58,102.8,GMCC SZ80Е1H,34,1
551,551100584849696880551,"72.5,79,79.5,80,81,82.5,85,85.5,88,87,87.5",19.4,78.23,94.43,GMCC SZ80Е1H,34,1
551,551100584849696870551,"73.5,72,74,78,81,82.5,84",19.3,78.05,94.24,GMCC SZ80Е1H,34,1
551,551100584849696860551,"72.5,78,80,81.5,83,85,87",19.4,78.23,94.43,GMCC SZ80Е1H,34,1
551,551100584849697730551,"75,77,78.5,81.5,82.5,84.5,84",18.2,76.05,92.24,GMCC SZ80Е1H,34,1
551,551100584849697050551,"72,74.5,72.5,75,77,79,80.5,82",19.2,77.86,94.06,GMCC SZ80Е1H,34,1
551,551100584849696850551,"73,76,75.5,77,80,81,83,84,85",19.3,78.05,94.24,GMCC SZ80Е1H,34,1
551,551100584849782980551,"77.5,74.5,75,75.5,76,78,78.5,79.5,80,81,82.5,83.5",18.7,76.96,93.15,GMCC SZ80Е1H,34,1
551,551100584849696820551,"77,76.5,77.5,80,82,84,87.5",19.6,78.59,94.79,GMCC SZ80Е1H,34,1
551,551100584849696810551,"81,77,78.5,75,77,78.5,80,81,82,82.5,84",19.3,78.05,94.24,GMCC SZ80Е1H,34,1
551,551100584849696790551,"74,78.5,79,81,80.5,83.5,85,85.5,86",19.6,78.59,94.79,GMCC SZ80Е1H,34,1
551,551100584849696780551,"75.5,76.5,78.5,82.5,84,84.5",19.3,78.05,94.24,GMCC SZ80Е1H,34,1
551,551100584849796220551,"87.5,77,82,83.5,84,86.5,87,87.5",21.1,81.31,97.52,GMCC SZ80Е1H,34,1
551,551100584849696700551,"76,77.5,77,78,79,80,79.5,80,81.5,82.5",19.5,78.41,94.61,GMCC SZ80Е1H,34,1
551,551100584849696680551,"73,75.5,76.5,79.5,81,82.5,84,83.5",19.5,78.41,94.61,GMCC SZ80Е1H,34,1
551,551100584849696660551,"76.5,75.5,77.5,78.5,79.5,80.5,81.5,83",17.9,75.5,91.7,GMCC SZ80Е1H,34,1
551,551100584849696610551,"80,76.5,78.5,80.5,82.5,81.5,83,84,85,85.5",19.4,78.23,94.43,GMCC SZ80Е1H,34,1
551,551100584849696560551,"76,75,76,78.5,79.5,82,83",19.4,78.23,94.43,GMCC SZ80Е1H,34,1
551,551100584849696540551,"69.5,74.5,75,79,79.5,80.5,82.5,83.5,84",19.6,78.59,94.79,GMCC SZ80Е1H,34,1
551,551100584849696510551,"76,75.5,76.5,77.5,80,81,81.5,82.5,84,83",19.5,78.41,94.61,GMCC SZ80Е1H,34,1
551,551100584849696500551,"73.5,76,76.5,79.5,80.5,82,83,84.5,85.5",19.6,78.59,94.79,GMCC SZ80Е1H,34,1
551,551100584849780820551,"77.5,76.5,77.5,80.5,82.5,84.5,85.5,85",20.5,80.22,96.43,GMCC SZ80Е1H,34,1
551,551100584849696450551,"79.5,78.5,78,79,81,82,83,84.5,85.5,87.5",19.5,78.41,94.61,GMCC SZ80Е1H,34,1
551,551100584849696430551,"74,75,73,78,79,79.5,80.5,81.5,82",19.6,78.59,94.79,GMCC SZ80Е1H,34,1
551,551100584849696420551,"73,75,77.5,78.5,80.5,81,83,84,82",19.6,78.59,94.79,GMCC SZ80Е1H,34,1
551,551100584849696360551,"76.5,77,78.5,82.5,83.5,86,86.5",19.7,78.77,94.97,GMCC SZ80Е1H,34,1
551,551100584849696320551,"80,78,79,78.5,82,82.5,83.5,84",19.6,78.59,94.79,GMCC SZ80Е1H,34,1
551,551100584849781420551,"79,77,77.5,78.5,79.5,82,83,83.5,84",20.2,79.68,95.88,GMCC SZ80Е1H,34,1
551,551100584849696290551,"68,74,83,82",19.6,78.59,94.79,GMCC SZ80Е1H,34,1
551,551100584849696280551,"70.5,75,76,77.5,79,79.5,80.5,81,82,85",19.5,78.41,94.61,GMCC SZ80Е1H,34,1
551,551100584849698200551,"72.5,76.5,76,76.5,78,79.5,81.5",17.7,75.14,91.33,GMCC SZ80Е1H,34,1
551,551100584849696270551,"71,76,77,79,80.5,82.5,84,85.5,87",19.6,78.59,94.79,GMCC SZ80Е1H,34,1
551,551100584849696250551,"77.5,76,77,79.5,80.5,81.5,82,83,84.5,86",19.5,78.41,94.61,GMCC SZ80Е1H,34,1
551,551100584849696240551,"72,76.5,75,77,77.5,80,81.5,82.5,84.5,85.5,84.5",19.5,78.41,94.61,GMCC SZ80Е1H,34,1
551,551100584849696230551,"71.5,73.5,75.5,76.5,78,79,78.5,79,80.5,80",19.6,78.59,94.79,GMCC SZ80Е1H,34,1
551,551100584849696220551,"75,77.5,78,80,81,82.5,84.5",19.6,78.59,94.79,GMCC SZ80Е1H,34,1
551,551100584849696200551,"72.5,78,80,80.5,82.5,83,83.5,85.5,87",19.7,78.77,94.97,GMCC SZ80Е1H,34,1
551,551100584849696190551,"73.5,76,79.5,81,82.5,83,83.5,84.5",19.7,78.77,94.97,GMCC SZ80Е1H,34,1
551,551100584849696180551,"74.5,77,76.5,79.5,81,83,85,86.5",19.5,78.41,94.61,GMCC SZ80Е1H,34,1
551,551100584849818040551,"75.5,80,80.5,81.5,83,86,89,91,90",24.2,86.94,103.16,GMCC SZ80Е1H,34,1
551,551100584849696160551,"70,73.5,75.5,78.5,80,81.5,82.5,84,85",19.7,78.77,94.97,GMCC SZ80Е1H,34,1
551,551100584849696150551,"75.5,74.5,75,77.5,79,80,79.5,80",19.6,78.59,94.79,GMCC SZ80Е1H,34,1
551,551100584849698480551,"78,78.5,81,82.5,84.5,86.5,87.5",20.5,80.22,96.43,GMCC SZ80Е1H,34,1
551,551100584849696130551,"72,75.5,76.5,77.5,80,81,82,84,86",19.7,78.77,94.97,GMCC SZ80Е1H,34,1
551,551100584849696120551,"74.5,78,79,81.5,80.5,82,83.5,85.5,87.5,86.5",19.6,78.59,94.79,GMCC SZ80Е1H,34,1
551,551100584849696070551,"74.5,76,76.5,75.5,78,79.5,81.5,83.5,85",19.6,78.59,94.79,GMCC SZ80Е1H,34,1
551,551100584849696060551,"73.5,74.5,75.5,76,78,79.5,80.5,83",18.4,76.41,92.61,GMCC SZ80Е1H,34,1
551,551100584849696030551,"74,75,78.5,79,80.5,81,82,84,83.5,84.5,85",19.8,78.95,95.15,GMCC SZ80Е1H,34,1
551,551100584849696890551,"77,76.5,75.5,78.5,79.5,80.5,81.5,83.5,85",19.4,78.23,94.43,GMCC SZ80Е1H,34,1
551,551100584849695960551,"77.5,75,77,78.5,80,81,82.5,83,84.5,85.5",19.8,78.95,95.15,GMCC SZ80Е1H,34,1
551,551100584849797280551,"70,76.5,79,80.5,83.5,83",20.0,79.32,95.52,GMCC SZ80Е1H,34,1
551,551100584849780970551,"77,78.5,81.5,83,85,87.5,88,89.5",20.4,80.04,96.25,GMCC SZ80Е1H,34,1
551,551100584849695900551,"73.5,75.5,77.5,78.5,79.5,81.5,83.5,84",19.7,78.77,94.97,GMCC SZ80Е1H,34,1
551,551100584849695840551,"79,77.5,77,78.5,81,82,85.5",18.1,75.87,92.06,GMCC SZ80Е1H,34,1
551,551100584849695830551,"74.5,73,77.5,72.5,76,77.5,79.5,81.5,83,84",18.5,76.59,92.79,GMCC SZ80Е1H,34,1
551,551100584849696490551,"74.5,76.5,74,80.5,81.5,83.5,84,84.5,86",19.5,78.41,94.61,GMCC SZ80Е1H,34,1
551,551100584849695820551,"76,77,81.5,84.5,85,86.5,88.5,88",18.4,76.41,92.61,GMCC SZ80Е1H,34,1
551,551100584849796160551,"79,82,84,85",21.0,81.13,97.34,GMCC SZ80Е1H,34,1
551,551100584849695800551,"74.5,77,78.5,80,81.5,82,83.5,83",18.0,75.69,91.88,GMCC SZ80Е1H,34,1
551,551100584849695780551,"77,76.5,77.5,78.5,79.5,81.5,82.5,83.5",18.3,76.23,92.42,GMCC SZ80Е1H,34,1
551,551100584849700650551,"77,78,79.5,82,82.5,84.5,84",17.8,75.32,91.51,GMCC SZ80Е1H,34,1
551,551100584849695770551,"77,76,76.5,77.5,79.5,80.5,82,82.5,83",18.4,76.41,92.61,GMCC SZ80Е1H,34,1
551,551100584849695750551,"71,74,73,75,75.5,77,78,78.5,80,79.5",18.5,76.59,92.79,GMCC SZ80Е1H,34,1
551,551100584849701150551,"70,74.5,72.5,73.5,74.5,78,80,79.5",17.1,74.05,90.24,GMCC SZ80Е1H,34,1
551,551100584849695720551,"76.5,78.5,79.5,83,84,86,84.5",18.4,76.41,92.61,GMCC SZ80Е1H,34,1
551,551100584849695680551,"75.5,75,78,77.5,79.5,80,82,83,83.5,85",18.4,76.41,92.61,GMCC SZ80Е1H,34,1
551,551100584849695670551,"76,76.5,77.5,79,79.5,81,81.5,82,82.5",18.4,76.41,92.61,GMCC SZ80Е1H,34,1
551,551100584849695650551,"71.5,76,77.5,80,81,82,83,84,85",18.3,76.23,92.42,GMCC SZ80Е1H,34,1
551,551100584849695640551,"71.5,75,76.5,78,78.5,79.5,82,83",18.3,76.23,92.42,GMCC SZ80Е1H,34,1
551,551100584849696520551,"79,80.5,82,83,85,87,88,89,91",19.5,78.41,94.61,GMCC SZ80Е1H,34,1
551,551100584849695630551,"76,75,74.5,76,76.5,78.5,79,82.5,82,82.5",18.1,75.87,92.06,GMCC SZ80Е1H,34,1
551,551100584849695590551,"72,74,74.5,75,75.5,77.5,80,81,82,83.5",18.4,76.41,92.61,GMCC SZ80Е1H,34,1
551,551100584849784190551,"76,72.5,73,75.5,77,78,79,79.5,79,81",17.3,74.42,90.6,GMCC SZ80Е1H,34,1
551,551100584849695570551,"73.5,75.5,76.5,78.5,79,81,82,82.5",18.3,76.23,92.42,GMCC SZ80Е1H,34,1
551,551100584849698940551,"82,76.5,78,78.5,79.5,82,84,85,85.5,85",20.2,79.68,95.88,GMCC SZ80Е1H,34,1
551,551100584849695560551,"78,76.5,77.5,79,79.5,80,81.5,82",18.0,75.69,91.88,GMCC SZ80Е1H,34,1
551,551100584849695540551,"79,77,78.5,77.5,78.5,80.5,82,83.5,84,85",18.3,76.23,92.42,GMCC SZ80Е1H,34,1
551,551100584849695520551,"73,75.5,77.5,80.5,82,83.5,84.5,83.5",18.4,76.41,92.61,GMCC SZ80Е1H,34,1
551,551100584849695480551,"69.5,74,73,75,75.5,77,78,79.5,81.5",18.3,76.23,92.42,GMCC SZ80Е1H,34,1
551,551100584849695470551,"79,76.5,80,81,81.5,83.5,85",18.3,76.23,92.42,GMCC SZ80Е1H,34,1
551,551100584849695450551,"78.5,75.5,75,76.5,77.5,79.5,81,82,82.5,82,84",18.1,75.87,92.06,GMCC SZ80Е1H,34,1
551,551100584849695430551,"68,70.5,71,72,73,74,75.5,77,77.5,80",18.3,76.23,92.42,GMCC SZ80Е1H,34,1
551,551100584849795590551,"75.5,78,77.5,83,83.5,84.5,85.5,87,89.5",21.3,81.68,97.88,GMCC SZ80Е1H,34,1
551,551100584849695400551,"71.5,74.5,76.5,78,78.5,81.5,82,84",18.3,76.23,92.42,GMCC SZ80Е1H,34,1
551,551100584849695390551,"73,76,77,78.5,80.5,82,84,83,85,86",18.3,76.23,92.42,GMCC SZ80Е1H,34,1
551,551100584849695380551,"73,74.5,74,75.5,76,78,79,80.5,83.5,85,84.5",18.2,76.05,92.24,GMCC SZ80Е1H,34,1
551,551100584849695350551,"73.5,76,78.5,79,81,81.5,83,84.5,85.5",18.3,76.23,92.42,GMCC SZ80Е1H,34,1
551,551100584849695330551,"76,77.5,78,79.5,81,81.5,84,86,86.5,85.5",18.0,75.69,91.88,GMCC SZ80Е1H,34,1
551,551100584849695320551,"74.5,77,79,80,81,82.5,84.5,86",18.3,76.23,92.42,GMCC SZ80Е1H,34,1
551,551100584849695300551,"70.5,73.5,75,75.5,77,78.5,79,80,81.5,81",18.2,76.05,92.24,GMCC SZ80Е1H,34,1
551,551100584849797850551,"77.5,81,82.5,82,84,85,87,86",19.3,78.05,94.24,GMCC SZ80Е1H,34,1
551,551100584849695280551,"77.5,76.5,77,78.5,81,82,83.5,83",18.2,76.05,92.24,GMCC SZ80Е1H,34,1
551,551100584849695270551,"78,76,78,78.5,81,83.5,83,84.5",18.3,76.23,92.42,GMCC SZ80Е1H,34,1
551,551100584849695230551,"74.5,75.5,76,77,80,81,82,82.5,84.5",18.0,75.69,91.88,GMCC SZ80Е1H,34,1
551,551100584849783040551,"73,73.5,73,75,76,76.5,77,79,79.5",18.4,76.41,92.61,GMCC SZ80Е1H,34,1
551,551100584849695200551,"75,75.5,77,79,81.5,83.5,85,84,84.5",18.1,75.87,92.06,GMCC SZ80Е1H,34,1
551,551100584849695170551,"76,78.5,78,81,82,82.5,83.5,85",18.1,75.87,92.06,GMCC SZ80Е1H,34,1
551,551100584849695140551,"76.5,72.5,71.5,74.5,76,77,78.5,79.5",18.3,76.23,92.42,GMCC SZ80Е1H,34,1
551,551100584849695060551,"73.5,75.5,76.5,79,81.5,82.5,84,86,88",18.1,75.87,92.06,GMCC SZ80Е1H,34,1
551,551100584849695040551,"77.5,77,77.5,80.5,82,84,83.5",18.0,75.69,91.88,GMCC SZ80Е1H,34,1
551,551100584849695010551,"72,77.5,83,83.5,85,85.5,86,87,88",18.1,75.87,92.06,GMCC SZ80Е1H,34,1
551,551100584849694970551,"74,77.5,77,77.5,80,81,82,83,84.5",18.0,75.69,91.88,GMCC SZ80Е1H,34,1
551,551100584849694950551,"78.5,75.5,76.5,77,78,78.5,80.5,83,85.5",18.0,75.69,91.88,GMCC SZ80Е1H,34,1
551,551100584849694940551,"83.5,72.5,77,75,78,79,80.5,81,83.5,85,86.5",18.0,75.69,91.88,GMCC SZ80Е1H,34,1
551,551100584849820150551,"76.5,78.5,77.5,79.5,81,83,84,86,85",22.4,83.67,99.89,GMCC SZ80Е1H,34,1
551,551100584849694930551,"76.5,79,77.5,79.5,80.5,82.5,83",18.0,75.69,91.88,GMCC SZ80Е1H,34,1
551,551100584849694890551,"70,71.5,73.5,75,75.5,77.5,78,80",18.3,76.23,92.42,GMCC SZ80Е1H,34,1
551,551100584849694880551,"76,77,78,80,83.5,84,84.5",17.9,75.5,91.7,GMCC SZ80Е1H,34,1
551,551100584849817160551,"81.5,82.5,83.5,86,87.5,88.5,90,92,93.5",24.2,86.94,103.16,GMCC SZ80Е1H,34,1
551,551100584849694800551,"76.5,74.5,77,79,81,83.5,85.5,86,87",18.3,76.23,92.42,GMCC SZ80Е1H,34,1
551,551100584849694780551,"79.5,76,78.5,80,84.5,87,86.5",17.9,75.5,91.7,GMCC SZ80Е1H,34,1
551,551100584849701420551,"72.5,74.5,75,76,77.5,79,79.5,80",17.1,74.05,90.24,GMCC SZ80Е1H,34,1
551,551100584849694770551,"84.5,73.5,78,79,79.5,82,83,84,85,86.5",18.0,75.69,91.88,GMCC SZ80Е1H,34,1
551,551100584849694760551,"74.5,74,72.5,75,76,77.5,78,80",18.0,75.69,91.88,GMCC SZ80Е1H,34,1
551,551100584849820260551,"81.5,76.5,79,80,83.5,85,86.5,88",21.6,82.22,98.43,GMCC SZ80Е1H,34,1
551,551100584849694730551,"76,73,72.5,73.5,75.5,77,78.5,79",17.9,75.5,91.7,GMCC SZ80Е1H,34,1
551,551100584849694700551,"81,73,77.5,77,78.5,82.5,84,86",18.1,75.87,92.06,GMCC SZ80Е1H,34,1
551,551100584849799070551,"83,81.5,82,83,86,87,88.5,88",19.9,79.13,95.34,GMCC SZ80Е1H,34,1
551,551100584849694690551,"78,79,80.5,82,83,84,85,86",18.4,76.41,92.61,GMCC SZ80Е1H,34,1
551,551100584849694680551,"78,77,78.5,80,81.5,82.5,83.5,84.5,85,85.5",18.0,75.69,91.88,GMCC SZ80Е1H,34,1
551,551100584849694670551,"74.5,77.5,75.5,76.5,78,80.5,81.5,82.5,84,85,85.5",18.1,75.87,92.06,GMCC SZ80Е1H,34,1
551,551100584849694660551,"78,77,78,80,80.5,82.5,84,85.5,86,87.5,88",18.0,75.69,91.88,GMCC SZ80Е1H,34,1
551,551100584849694650551,"65,66.5,67,72.5,74.5,76.5,77,78.5",16.7,73.33,89.51,GMCC SZ80Е1H,34,1
551,551100584849796690551,"78.5,79,80.5,82.5,84.5,86,85.5",22.4,83.67,99.89,GMCC SZ80Е1H,34,1
551,551100584849694640551,"72.5,75.5,76.5,79,80.5,81,82.5,83",18.4,76.41,92.61,GMCC SZ80Е1H,34,1
551,551100584849694630551,"71.5,75,77,77.5,79,79.5,80.5,81.5,82.5,83,83.5",18.4,76.41,92.61,GMCC SZ80Е1H,34,1
551,551100584849694620551,"74,76,75.5,77,78.5,81,82.5,84,86,87.5",18.5,76.59,92.79,GMCC SZ80Е1H,34,1
551,551100584849694610551,"74.5,77,78,79,80.5,82,83,84,85.5,86.5",18.4,76.41,92.61,GMCC SZ80Е1H,34,1
551,551100584849694580551,"71,73.5,76.5,79,80,80.5,81.5",18.4,76.41,92.61,GMCC SZ80Е1H,34,1
551,551100584849694570551,"73,75,76.5,77.5,78.5,80,81.5,82.5,83.5",18.4,76.41,92.61,GMCC SZ80Е1H,34,1
551,551100584849694550551,"75,78,81,83,84,85,86,84.5",18.4,76.41,92.61,GMCC SZ80Е1H,34,1
551,551100584849795120551,"78.5,78,79,80.5,81.5,83,82,83,85",21.4,81.86,98.07,GMCC SZ80Е1H,34,1
551,551100584849694540551,"81,74,76.5,79,80,83.5,84,85.5",18.5,76.59,92.79,GMCC SZ80Е1H,34,1
551,551100584849694460551,"75,74.5,76.5,78.5,80.5,81.5,82,82.5,83.5",18.6,76.77,92.97,GMCC SZ80Е1H,34,1
551,551100584849694450551,"80.5,78.5,81.5,82.5,84,84.5,85.5,87",18.5,76.59,92.79,GMCC SZ80Е1H,34,1
551,551100584849694440551,"77,77.5,76.5,78.5,79,79.5,80.5,82.5,84",18.4,76.41,92.61,GMCC SZ80Е1H,34,1
551,551100584849694430551,"77.5,75.5,78.5,79,80.5,81.5,83,84.5,85.5,86",18.5,76.59,92.79,GMCC SZ80Е1H,34,1
551,551100584849817120551,"80,81,82.5,85.5,86.5,88.5,90,91.5,92,92.5",24.3,87.12,103.35,GMCC SZ80Е1H,34,1
551,551100584849694410551,"72,74,75,76,77.5,79,82.5,84",18.4,76.41,92.61,GMCC SZ80Е1H,34,1
551,551100584849694400551,"74,76,76.5,78,79,80,81,82.5,83,84",18.4,76.41,92.61,GMCC SZ80Е1H,34,1
551,551100584849694360551,"73,74,75,76,77.5,79,80,81,82,82.5,83.5",18.4,76.41,92.61,GMCC SZ80Е1H,34,1
551,551100584849694350551,"77.5,77,76.5,77.5,79.5,81.5,83.5,85,86",18.5,76.59,92.79,GMCC SZ80Е1H,34,1
551,551100584849780830551,"79.5,80.5,80,83,86.5,88,89.5,91.5,93",20.4,80.04,96.25,GMCC SZ80Е1H,34,1
551,551100584849694340551,"73.5,78.5,80,82,84.5,86,85.5,87",18.5,76.59,92.79,GMCC SZ80Е1H,34,1
551,551100584849694330551,"76,77,77.5,79,81.5,84,85.5,84.5,86",18.5,76.59,92.79,GMCC SZ80Е1H,34,1
551,551100584849798930551,"78.5,79,81,82,83,86.5,88",20.0,79.32,95.52,GMCC SZ80Е1H,34,1
551,551100584849694310551,"77,75.5,76,79.5,82,83,83.5",18.5,76.59,92.79,GMCC SZ80Е1H,34,1
551,551100584849695090551,"77,74.5,75.5,78,79.5,79,80.5,82,85,84",18.1,75.87,92.06,GMCC SZ80Е1H,34,1
551,551100584849694290551,"72.5,76.5,76,77,79.5,82,81.5,82",18.4,76.41,92.61,GMCC SZ80Е1H,34,1
551,551100584849694280551,"71.5,75,76.5,77.5,78.5,79.5,80.5,81.5,82.5",18.4,76.41,92.61,GMCC SZ80Е1H,34,1
551,551100584849694260551,"76.5,77.5,80,81,81.5,82.5,83.5",18.4,76.41,92.61,GMCC SZ80Е1H,34,1
551,551100584849694250551,"72,73.5,77,78.5,80,80.5,82.5,83",18.4,76.41,92.61,GMCC SZ80Е1H,34,1
551,551100584849694210551,"74,76.5,75,76,79,79.5,80.5,81,81.5,83.5",18.5,76.59,92.79,GMCC SZ80Е1H,34,1
551,551100584849783130551,"73,72.5,76.5,73.5,79.5,76,80,80.5,83.5,85,85.5",19.1,77.68,93.88,GMCC SZ80Е1H,34,1
551,551100584849783160551,"74,76.5,77,79,79.5,82.5,80.5",18.8,77.14,93.33,GMCC SZ80Е1H,34,1
551,551100584849694150551,"72,74.5,76.5,77.5,79,81.5,83,84.5,84",18.6,76.77,92.97,GMCC SZ80Е1H,34,1
551,551100584849694140551,"73,76.5,73,76,76.5,77.5,78.5,80,81.5,82.5",18.4,76.41,92.61,GMCC SZ80Е1H,34,1
551,551100584849694130551,"72,75.5,76.5,77,78,79,80.5,81,82,83",16.7,73.33,89.51,GMCC SZ80Е1H,34,1
551,551100584849694120551,"69.5,74.5,73.5,74.5,75.5,77,78,79,83.5,84.5",18.4,76.41,92.61,GMCC SZ80Е1H,34,1
551,551100584849694090551,"73.5,75,78,80.5,81,81.5,83.5,83",18.4,76.41,92.61,GMCC SZ80Е1H,34,1
551,551100584849694080551,"71,75,77,79.5,81,81.5,83,84,84.5",18.4,76.41,92.61,GMCC SZ80Е1H,34,1
551,551100584849694060551,"77,76,75.5,77,79,81.5,84.5,83",18.8,77.14,93.33,GMCC SZ80Е1H,34,1
551,551100584849694040551,"71.5,73,73.5,74,76.5,78,80",16.9,73.69,89.88,GMCC SZ80Е1H,34,1
551,551100584849818710551,"80.5,81,83,86.5,88.5,90,92,94",23.3,85.31,101.53,GMCC SZ80Е1H,34,1
551,551100584849694020551,"66.5,71.5,72.5,71.5,77,77.5,79,80.5,81.5",18.4,76.41,92.61,GMCC SZ80Е1H,34,1
551,551100584849782170551,"76.5,78.5,78,80,81,82.5,84.5",19.8,78.95,95.15,GMCC SZ80Е1H,34,1
551,551100584849693980551,"74.5,73.5,74.5,75,78,79,80.5,81",18.4,76.41,92.61,GMCC SZ80Е1H,34,1
551,551100584849693970551,"71,73,76.5,78,81,82,83,84.5",18.5,76.59,92.79,GMCC SZ80Е1H,34,1
551,551100584849693960551,"75.5,79,80,80.5,82.5,84.5,85.5,85",18.5,76.59,92.79,GMCC SZ80Е1H,34,1
551,551100584849693950551,"75.5,71.5,74,72,74,73.5,76,77.5,78.5,81.5,83",18.4,76.41,92.61,GMCC SZ80Е1H,34,1
551,551100584849693940551,"76.5,76,72,76,77,77.5,79.5,80,81,82",18.4,76.41,92.61,GMCC SZ80Е1H,34,1
551,551100584849693870551,"77.5,79.5,82,82.5,84,86,87.5,88.5,88",18.5,76.59,92.79,GMCC SZ80Е1H,34,1
551,551100584849693860551,"75,76.5,77,77.5,79.5,80,81,82.5,83.5,83",18.5,76.59,92.79,GMCC SZ80Е1H,34,1
551,551100584849693850551,"78.5,76,77,78,79.5,79,79.5,80.5,81,81.5",18.5,76.59,92.79,GMCC SZ80Е1H,34,1
551,551100584849693840551,"72.5,74,77.5,78.5,79.5,81.5,82",18.6,76.77,92.97,GMCC SZ80Е1H,34,1
551,551100584849693830551,"75.5,77,79,80.5,81.5,83.5,85,86,87.5",18.6,76.77,92.97,GMCC SZ80Е1H,34,1
551,551100584849784430551,"69,74.5,71.5,75.5,76,77.5,78,79,81,82",17.1,74.05,90.24,GMCC SZ80Е1H,34,1
551,551100584849782160551,"73.5,77.5,77,78.5,80,81,82.5,82",20.1,79.5,95.7,GMCC SZ80Е1H,34,1
551,551100584849693820551,"79,80,81,83,83.5,83,86.5,87",18.6,76.77,92.97,GMCC SZ80Е1H,34,1
551,551100584849693810551,"76,77.5,78.5,81.5,81,83,83.5,85",18.5,76.59,92.79,GMCC SZ80Е1H,34,1
551,551100584849693800551,"71,74.5,75,76.5,77.5,79.5,80",16.9,73.69,89.88,GMCC SZ80Е1H,34,1
551,551100584849693780551,"79.5,77.5,78,80.5,86.5,86,85.5,87",18.5,76.59,92.79,GMCC SZ80Е1H,34,1
551,551100584849693760551,"71,77,75.5,79,80.5,82.5,82",18.6,76.77,92.97,GMCC SZ80Е1H,34,1
551,551100584849693750551,"75,78.5,81,83,84,84.5,85,85.5,86.5,87",18.5,76.59,92.79,GMCC SZ80Е1H,34,1
551,551100584849693740551,"75.5,75,74.5,75,76.5,77,78",15.8,71.69,87.87,GMCC SZ80Е1H,34,1
551,551100584849693720551,"69.5,74.5,77.5,78,79.5,83,83.5,83",18.7,76.96,93.15,GMCC SZ80Е1H,34,1
551,551100584849693710551,"72,74,76,77,77.5,80.5,81",15.8,71.69,87.87,GMCC SZ80Е1H,34,1
551,551100584849693680551,"73,75.5,73.5,74.5,76,78,77",16.9,73.69,89.88,GMCC SZ80Е1H,34,1
551,551100584849693670551,"74.5,78.5,77,78.5,79.5,80.5,82,82.5",17.0,73.87,90.06,GMCC SZ80Е1H,34,1
551,551100584849698990551,"76,77.5,79,82.5,84.5,86.5,88,87,87.5",20.0,79.32,95.52,GMCC SZ80Е1H,34,1
551,551100584849693650551,"72.5,74.5,73.5,74,74.5,75.5,76.5,77,77.5",16.7,73.33,89.51,GMCC SZ80Е1H,34,1
551,551100584849693590551,"75,78.5,80.5,81.5,83,84,86,87,87.5",18.6,76.77,92.97,GMCC SZ80Е1H,34,1
551,551100584849693580551,"73.5,74,75.5,77.5,79.5,81.5,83.5,84",18.6,76.77,92.97,GMCC SZ80Е1H,34,1
551,551100584849693560551,"76,77,80,84",18.6,76.77,92.97,GMCC SZ80Е1H,34,1
551,551100584849693510551,"72,75.5,77,77.5,79,80.5,82.5,83.5,85,86",18.8,77.14,93.33,GMCC SZ80Е1H,34,1
551,551100584849799530551,"77.5,79,80.5,82,84,85,83.5",20.2,79.68,95.88,GMCC SZ80Е1H,34,1
551,551100584849693500551,"74.5,75.5,77,78.5,81,80.5,81.5",18.8,77.14,93.33,GMCC SZ80Е1H,34,1
551,551100584849799240551,"73.5,77.5,78.5,82,83,85,88,86.5",19.9,79.13,95.34,GMCC SZ80Е1H,34,1
551,551100584849693470551,"78,77.5,78.5,80.5,83,85,86,87,87.5",18.6,76.77,92.97,GMCC SZ80Е1H,34,1
551,551100584849693460551,"74.5,78.5,79,80,82,84.5,86,85.5",18.6,76.77,92.97,GMCC SZ80Е1H,34,1
551,551100584849797240551,"71.5,75.5,77.5,79,80,82,83.5,84",19.9,79.13,95.34,GMCC SZ80Е1H,34,1
551,551100584849693450551,"80.5,78.5,79.5,81.5,83,85,86,86.5",18.8,77.14,93.33,GMCC SZ80Е1H,34,1
551,551100584849693440551,"76.5,79,80,81,81.5,83,84",18.8,77.14,93.33,GMCC SZ80Е1H,34,1
551,551100584849693420551,"70.5,75,72.5,77,78,80,79.5",17.0,73.87,90.06,GMCC SZ80Е1H,34,1
551,551100584849693390551,"78,76,75.5,79,80.5,81.5,83,83.5",18.8,77.14,93.33,GMCC SZ80Е1H,34,1
551,551100584849693380551,"75.5,77,76.5,78.5,81,82,84,85",18.7,76.96,93.15,GMCC SZ80Е1H,34,1
551,551100584849817790551,"79,81,83.5,81,82.5,85.5,89,90,91",23.9,86.39,102.62,GMCC SZ80Е1H,34,1
551,551100584849781950551,"73.5,76.5,78.5,80,82.5,83,83.5,84.5,83.5",19.8,78.95,95.15,GMCC SZ80Е1H,34,1
551,551100584849694490551,"74,75,74,76,78.5,81,83.5,84.5,85",18.5,76.59,92.79,GMCC SZ80Е1H,34,1
551,551100584849693370551,"74,72,73.5,74,75.5,77,77.5,78.5",15.9,71.87,88.06,GMCC SZ80Е1H,34,1
551,551100584849693360551,"75.5,77,78,80.5,80,82.5,82",18.8,77.14,93.33,GMCC SZ80Е1H,34,1
551,551100584849693350551,"77,75.5,76,77.5,79.5,80.5,84.5,84",18.8,77.14,93.33,GMCC SZ80Е1H,34,1
551,551100584849795100551,"76,77,78.5,81,82.5,84.5,85.5,86",21.4,81.86,98.07,GMCC SZ80Е1H,34,1
551,551100584849693340551,"72,72.5,75,75.5,76,78,79",15.9,71.87,88.06,GMCC SZ80Е1H,34,1
551,551100584849693330551,"77.5,77,77.5,79,81,83.5,85,86",18.7,76.96,93.15,GMCC SZ80Е1H,34,1
551,551100584849819370551,"83,78,80,80.5,82.5,84,85.5,86,87.5,88.5,89.5",22.5,83.85,100.07,GMCC SZ80Е1H,34,1
551,551100584849693290551,"70.5,72.5,75,74.5,76.5,78.5,78",15.7,71.51,87.69,GMCC SZ80Е1H,34,1
551,551100584849693280551,"64.5,66,69,69.5,70.5,72,74,75.5,76.5",15.7,71.51,87.69,GMCC SZ80Е1H,34,1
551,551100584849693260551,"73.5,75,71.5,74,74.5,75.5,76.5,77,79",15.7,71.51,87.69,GMCC SZ80Е1H,34,1
551,551100584849693190551,"71,72,71.5,72,74,75.5,76,75",15.9,71.87,88.06,GMCC SZ80Е1H,34,1
551,551100584849818170551,"76.5,77,80.5,83,85.5,86.5,88.5,90",23.8,86.21,102.44,GMCC SZ80Е1H,34,1
551,551100584849693180551,"67.5,69.5,69,72,73,74.5,73.5",15.7,71.51,87.69,GMCC SZ80Е1H,34,1
551,551100584849694980551,"75.5,76,76.5,77,79,80.5,82,83",17.9,75.5,91.7,GMCC SZ80Е1H,34,1
551,551100584849693170551,"76,74,73.5,74,75.5,76.5,78,79",15.8,71.69,87.87,GMCC SZ80Е1H,34,1
551,551100584849820210551,"74,78.5,80,81.5,84,85,86,87,87.5",21.6,82.22,98.43,GMCC SZ80Е1H,34,1
551,551100584849693160551,"75,74,72.5,74,75,76.5,77,78.5",15.9,71.87,88.06,GMCC SZ80Е1H,34,1
551,551100584849693150551,"72,72.5,74,76,77.5,78.5,78",15.8,71.69,87.87,GMCC SZ80Е1H,34,1
551,551100584849817620551,"84,83,85.5,87.5,88.5,91,92",24.0,86.58,102.8,GMCC SZ80Е1H,34,1
551,551100584849693110551,"75.5,73.5,73,73.5,75.5,77.5,79,78",15.9,71.87,88.06,GMCC SZ80Е1H,34,1
551,551100584849693100551,"75.5,71,72.5,74.5,75.5,76.5,77,79",16.0,72.06,88.24,GMCC SZ80Е1H,34,1
551,551100584849701590551,"72,74,74.5,75,76.5,79.5,81.5,82.5,84,84.5",16.6,73.14,89.33,GMCC SZ80Е1H,34,1
551,551100584849693060551,"74.5,76,77.5,78.5,80,79.5",15.9,71.87,88.06,GMCC SZ80Е1H,34,1
551,551100584849819140551,"84,85.5,86,89.5,90.5,92.5,94,94.5",23.9,86.39,102.62,GMCC SZ80Е1H,34,1
551,551100584849693020551,"72,74,73,73.5,75.5,76,78,79,80.5",18.1,75.87,92.06,GMCC SZ80Е1H,34,1
551,551100584849782230551,"78.5,83,81.5,80.5,84,87,89.5,88,88.5,88",19.8,78.95,95.15,GMCC SZ80Е1H,34,1
551,551100584849700850551,"76.5,74,73.5,74.5,75.5,76.5,78.5,79.5",17.8,75.32,91.51,GMCC SZ80Е1H,34,1
551,551100584849693010551,"70.5,71.5,70,72,73.5,75,76.5,77.5",18.1,75.87,92.06,GMCC SZ80Е1H,34,1
551,551100584849799470551,"79.5,81,82,83,85.5,86,88,89.5",20.0,79.32,95.52,GMCC SZ80Е1H,34,1
551,551100584849693000551,"66.5,72,73,74,76,76.5,77,79,80.5,81",18.3,76.23,92.42,GMCC SZ80Е1H,34,1
551,551100584849692990551,"70.5,72.5,73,74,75,77,79,80.5",18.1,75.87,92.06,GMCC SZ80Е1H,34,1
551,551100584849692940551,"73,76,74,75.5,78,78.5,78,80.5,81.5,82.5",18.4,76.41,92.61,GMCC SZ80Е1H,34,1
551,551100584849692930551,"75,76.5,78,79,81.5,81",18.8,77.14,93.33,GMCC SZ80Е1H,34,1
551,551100584849696630551,"74,75,77.5,78,78.5,80.5,82,83,84.5,86",19.4,78.23,94.43,GMCC SZ80Е1H,34,1
551,551100584849692890551,"75,72,73.5,75.5,77.5,77",15.8,71.69,87.87,GMCC SZ80Е1H,34,1
551,551100584849692860551,"68,64,69,66,72.5,73.5,75,77.5,78.5",15.7,71.51,87.69,GMCC SZ80Е1H,34,1
551,551100584849692850551,"69,70,64,66.5,67,67.5,72.5,72",15.7,71.51,87.69,GMCC SZ80Е1H,34,1
551,551100584849692840551,"65.5,70.5,72.5,73.5,74,75,76,77",15.9,71.87,88.06,GMCC SZ80Е1H,34,1
551,551100584849692830551,"69.5,69,75.5,78,79,80.5,83.5,84",15.9,71.87,88.06,GMCC SZ80Е1H,34,1
551,551100584849692820551,"75,74,78.5,76.5,78.5,79,82,81",15.7,71.51,87.69,GMCC SZ80Е1H,34,1
551,551100584849798810551,"82.5,77,79,81,82,83.5,85,86,85.5",20.0,79.32,95.52,GMCC SZ80Е1H,34,1
551,551100584849692790551,"69.5,73,75,76.5,77,79,79.5,80.5,81",15.7,71.51,87.69,GMCC SZ80Е1H,34,1
551,551100584849819190551,"80.5,85.5,88.5,92,93",22.5,83.85,100.07,GMCC SZ80Е1H,34,1
551,551100584849693730551,"73.5,76.5,77,79.5,80,81.5,82.5,83.5,84,85,86.5,87",18.8,77.14,93.33,GMCC SZ80Е1H,34,1
551,551100584849692780551,"70.5,76,77,79,80,82,82.5",15.8,71.69,87.87,GMCC SZ80Е1H,34,1
551,551100584849692770551,"68.5,74.5,74,75.5,77,78.5,79.5",15.8,71.69,87.87,GMCC SZ80Е1H,34,1
551,551100584849692730551,"77,76.5,78,77,80,82.5,81",15.8,71.69,87.87,GMCC SZ80Е1H,34,1
551,551100584849796210551,"79.5,78,79,81,83.5,85,86,86.5,88,89",20.8,80.77,96.97,GMCC SZ80Е1H,34,1
551,551100584849649690551,"76.5,77,78,78.5,81,83,86,84.5",21.3,81.68,97.88,GMCC SZ80Е1H,34,1
551,551100584849649660551,"73.5,79.5,77,78,80,82,83.5,84",21.1,81.31,97.52,GMCC SZ80Е1H,34,1
551,551100584849649650551,"72.5,77,79.5,81,82,84,87,88.5",21.5,82.04,98.25,GMCC SZ80Е1H,34,1
551,551100584849649640551,"77.5,81,83,82.5,84.5,86,88.5,90,92.5",21.5,82.04,98.25,GMCC SZ80Е1H,34,1
551,551100584849649600551,"77,79.5,82.5,83,84,86,87,87.5",21.1,81.31,97.52,GMCC SZ80Е1H,34,1
551,551100584849781090551,"77,75,76.5,77.5,80.5,82.5,85.5,85",20.2,79.68,95.88,GMCC SZ80Е1H,34,1
551,551100584849649590551,"79,79.5,82,84.5,87.5,88.5,88",21.1,81.31,97.52,GMCC SZ80Е1H,34,1
551,551100584849649580551,"83,81,81.5,84.5,87,89.5,92,91.5",21.2,81.49,97.7,GMCC SZ80Е1H,34,1
551,551100584849649570551,"78.5,77,77.5,80.5,82.5,84.5,86.5,86",21.2,81.49,97.7,GMCC SZ80Е1H,34,1
551,551100584849649540551,"84,80,80.5,85,87.5,90,92.5,92",21.2,81.49,97.7,GMCC SZ80Е1H,34,1
551,551100584849785960551,"73.5,72.5,73.5,74.5,75.5,77.5,78,79.5",16.9,73.69,89.88,GMCC SZ80Е1H,34,1
551,551100584849649530551,"77.5,80.5,79.5,80,82.5,85,86,89",21.5,82.04,98.25,GMCC SZ80Е1H,34,1
551,551100584849698210551,"71,75,75.5,77,78,79.5,80,78.5",17.4,74.6,90.79,GMCC SZ80Е1H,34,1
551,551100584849649520551,"75,78.5,79,80.5,82.5,85.5,86.5,87.5",21.4,81.86,98.07,GMCC SZ80Е1H,34,1
551,551100584849649480551,"74,77.5,78,79,81.5,82,84,85,86.5,87,86.5,88",21.4,81.86,98.07,GMCC SZ80Е1H,34,1
551,551100584849783810551,"75,74.5,75.5,77.5,78.5,81,80.5",18.1,75.87,92.06,GMCC SZ80Е1H,34,1
551,551100584849649470551,"78,77.5,78,78.5,80.5,82,85,87,88",21.3,81.68,97.88,GMCC SZ80Е1H,34,1
551,551100584849700540551,"71,72,71,75,75.5,77,77.5",17.7,75.14,91.33,GMCC SZ80Е1H,34,1
551,551100584849649460551,"79.5,80,82,83,86,88,91,89.5",21.4,81.86,98.07,GMCC SZ80Е1H,34,1
551,551100584849649450551,"72,78,79.5,82.5,84,86.5,89,87.5",21.4,81.86,98.07,GMCC SZ80Е1H,34,1
551,551100584849697620551,"76,78,78.5,80.5,81.5,83.5,84,85.5,86.5",18.1,75.87,92.06,GMCC SZ80Е1H,34,1
551,551100584849649440551,"83,81.5,82,84,86,89,89.5,90",21.5,82.04,98.25,GMCC SZ80Е1H,34,1
551,551100584849649430551,"79.5,78,79.5,82,84.5,86,88.5,89.5,90.5",21.5,82.04,98.25,GMCC SZ80Е1H,34,1
551,551100584849783000551,"70.5,76,75,75.5,75,76,77.5,78.5,79.5",18.6,76.77,92.97,GMCC SZ80Е1H,34,1
551,551100584849644270551,"69,70,69,71,72,73.5,74.5",15.0,70.24,86.42,GMCC SZ80Е1H,34,1
551,551100149549529460551,"79.5,77.5,78.5,80.5,81.5,83,85.5,83.5",16.5,72.96,89.15,GMCC SZ80Е1H,34,1
551,551100149549519810551,"73,77,72,76,77,78,79.5,80,82,83.5",20.2,79.68,95.88,GMCC SZ80Е1H,34,1
551,551100149549522690551,"76.5,77,75.5,76,77,77.5,79.5,78.5",16.4,72.78,88.97,GMCC SZ80Е1H,34,1
551,551100149549529350551,"90.5,88.5,85.5,78.5,85,86.5,86",18.5,76.59,92.79,GMCC SZ80Е1H,34,1
551,551100149549418330551,"81,80.5,82.5,84.5,86.5,91,90",17.6,74.96,91.15,GMCC SZ80Е1H,34,1
551,551100149549529310551,"77.5,78.5,79,80,82,83.5,85.5,84.5",16.6,73.14,89.33,GMCC SZ80Е1H,34,1
551,551100584849783020551,"72,76,75.5,76.5,77.5,80,83.5,83,83.5",18.4,76.41,92.61,GMCC SZ80Е1H,34,1
551,551100149549529280551,"77,77.5,78.5,79,80.5,81.5,81",16.8,73.51,89.69,GMCC SZ80Е1H,34,1
551,551100149549522530551,"80,81.5,83,83.5,84,86.5,88,86.5",17.5,74.78,90.97,GMCC SZ80Е1H,34,1
551,551100149549529260551,"77,79,80,81.5,83,84.5,85",16.6,73.14,89.33,GMCC SZ80Е1H,34,1
551,551100149549418620551,"80.5,79.5,80,82,83,85,87.5,87",17.4,74.6,90.79,GMCC SZ80Е1H,34,1
551,551100584849642400551,"75.5,74,73.5,74,77,77.5,80,79",16.3,72.6,88.78,GMCC SZ80Е1H,34,1
551,551100149549529200551,"77.5,75.5,79.5,81,82.5,83.5,86,82.5",16.7,73.33,89.51,GMCC SZ80Е1H,34,1
551,551100149549529180551,"77.5,78,80,81.5,82.5,84,85.5,85",16.8,73.51,89.69,GMCC SZ80Е1H,34,1
551,551100584849646340551,"70,72.5,71,72,73,74,76.5,74.5",13.0,66.61,82.78,GMCC SZ80Е1H,34,1
551,551100149549529160551,"75.5,77.5,78,79,81,81.5,83.5,84",17.0,73.87,90.06,GMCC SZ80Е1H,34,1
551,551100584849797870551,"71.5,74,71.5,76,78,80,81.5,82.5,83.5",19.5,78.41,94.61,GMCC SZ80Е1H,34,1
551,551100584849699850551,"75.5,77.5,80.5,83,85,86.5,87.5,88",18.2,76.05,92.24,GMCC SZ80Е1H,34,1
551,551100584849647020551,"77,76,75.5,77,80.5,82.5,85.5,86",20.4,80.04,96.25,GMCC SZ80Е1H,34,1
551,551100584849647540551,"80,77,78,79.5,82,85,86.5,87.5,88",20.4,80.04,96.25,GMCC SZ80Е1H,34,1
551,551100584849819060551,"78.5,83.5,80,84,88.5,90.5,91.5,92.5,93,94.5",22.6,84.04,100.25,GMCC SZ80Е1H,34,1
551,551100584849692810551,"77,78,77.5,78.5,80,81.5,80.5",15.7,71.51,87.69,GMCC SZ80Е1H,34,1
551,551100149549529100551,"77.5,79,81,82.5,83.5,85.5,86.5,87,86.5",17.0,73.87,90.06,GMCC SZ80Е1H,34,1
551,551100149549529020551,"78.5,80.5,82,83.5,85.5,84",17.5,74.78,90.97,GMCC SZ80Е1H,34,1
551,551100584849699940551,"79.5,78.5,77,75,78.5,80.5,84,85",18.1,75.87,92.06,GMCC SZ80Е1H,34,1
551,551100149549528930551,"81,80.5,83,85,85.5,88,87.5",17.4,74.6,90.79,GMCC SZ80Е1H,34,1
551,551100584849785680551,"70,69.5,67,71,72.5,74.5,76.5",16.7,73.33,89.51,GMCC SZ80Е1H,34,1
551,551100149549525330551,"81,82,86,87,89.5,91,90.5",21.0,81.13,97.34,GMCC SZ80Е1H,34,1
551,551100149549528780551,"79,80,82,84,84.5,85,86,85.5",17.1,74.05,90.24,GMCC SZ80Е1H,34,1
551,551100149549530400551,"78.5,80,80.5,83,84.5,85.5,85",18.4,76.41,92.61,GMCC SZ80Е1H,34,1
551,551100149549528770551,"78.5,78,81,80.5,83,83.5,85.5,84",17.0,73.87,90.06,GMCC SZ80Е1H,34,1
551,551100149549519270551,"76,74.5,75.5,77,79.5,80.5,82.5,84,86",20.6,80.41,96.61,GMCC SZ80Е1H,34,1
551,551100149549528750551,"77.5,79.5,78.5,81,82,83.5,87,85.5",17.4,74.6,90.79,GMCC SZ80Е1H,34,1
551,551100149549528670551,"78,77.5,79.5,80.5,82,83,82.5",17.0,73.87,90.06,GMCC SZ80Е1H,34,1
551,551100149549528580551,"80,74.5,77.5,77,78.5,80,81,81.5,83,82.5,83.5",17.1,74.05,90.24,GMCC SZ80Е1H,34,1
551,551100584849643890551,"78.5,74.5,74,75,77,78.5,80,79.5",15.6,71.33,87.51,GMCC SZ80Е1H,34,1
551,551100149549528480551,"76.5,78,83,84,85,86,86.5,88.5",17.2,74.23,90.42,GMCC SZ80Е1H,34,1
551,551100149549528470551,"81.5,82,84,86,87,89,90.5,89.5",17.1,74.05,90.24,GMCC SZ80Е1H,34,1
551,551100149549528130551,"80.5,81.5,83.5,85,87.5,88.5,89",17.4,74.6,90.79,GMCC SZ80Е1H,34,1
551,551100149549520280551,"74.5,77.5,79,80,83,85,87,87.5",19.8,78.95,95.15,GMCC SZ80Е1H,34,1
551,551100584849646320551,"70.5,69.5,70,70.5,71,71.5,74,72",13.4,67.34,83.5,GMCC SZ80Е1H,34,1
551,551100149549528400551,"79.5,81.5,84,84.5,85.5,87.5,88,89.5",17.3,74.42,90.6,GMCC SZ80Е1H,34,1
551,551100584849648910551,"72,77.5,80.5,81.5,83.5,86.5,89.5,88.5",21.7,82.4,98.61,GMCC SZ80Е1H,34,1
551,551100149549528390551,"79.5,79,81.5,82,83.5,84,85",17.4,74.6,90.79,GMCC SZ80Е1H,34,1
551,551100584849647840551,"77.5,79,80,82.5,85,86,87,87",20.3,79.86,96.06,GMCC SZ80Е1H,34,1
551,551100149549529470551,"77,78,79,80,81.5,82.5,82",16.8,73.51,89.69,GMCC SZ80Е1H,34,1
551,551100584849696530551,"77.5,78,79.5,81.5,82.5,83,84,85.5",19.5,78.41,94.61,GMCC SZ80Е1H,34,1
551,551100149549521700551,"73,75.5,76.5,78,79.5,80.5,82.5",18.4,76.41,92.61,GMCC SZ80Е1H,34,1
551,551100584849796780551,"79.5,78.5,80.5,82,85,85.5",20.7,80.59,96.79,GMCC SZ80Е1H,34,1
551,551100149549529980551,"81,82.5,83.5,84.5,89,90.5,93,92.5",19.0,77.5,93.7,GMCC SZ80Е1H,34,1
551,551100584849796170551,"80.5,82,85,87.5,89,89.5,90,92",20.9,80.95,97.16,GMCC SZ80Е1H,34,1
551,551100149549528370551,"83.5,83,84.5,86,87.5,87,90,89",17.5,74.78,90.97,GMCC SZ80Е1H,34,1
551,551100149549525120551,"85,87,89,90.5,91,90.5,93.5,94",20.1,79.5,95.7,GMCC SZ80Е1H,34,1
551,551100584849795740551,"78.5,80.5,83.5,84.5,86,87,88,89,90",21.2,81.49,97.7,GMCC SZ80Е1H,34,1
551,551100149549531620551,"79.5,79,81,84.5,86,85.5",18.8,77.14,93.33,GMCC SZ80Е1H,34,1
551,551100584849647300551,"79.5,76,77.5,80.5,83,85,87.5,86.5",20.4,80.04,96.25,GMCC SZ80Е1H,34,1
551,551100149549528350551,"81,83,84.5,85,87,88,87",17.3,74.42,90.6,GMCC SZ80Е1H,34,1
551,551100584849644230551,"78,65.5,69.5,69,69.5,71.5,73.5,74",15.1,70.42,86.6,GMCC SZ80Е1H,34,1
551,551100149549528320551,"80.5,83,85,86.5,87,88.5,90",17.2,74.23,90.42,GMCC SZ80Е1H,34,1
551,551100149549526720551,"83.5,84.5,85.5,86,88,90.5,90,92,93",19.6,78.59,94.79,GMCC SZ80Е1H,34,1
551,551100584849646590551,"76,66.5,65.5,73,72,75,76",12.5,65.7,81.87,GMCC SZ80Е1H,34,1
551,551100149549528310551,"81.5,83.5,84.5,85.5,86.5,88,87.5,90,89,90.5",17.3,74.42,90.6,GMCC SZ80Е1H,34,1
551,551100149549528290551,"80.5,79.5,80.5,82,83.5,85,84",17.4,74.6,90.79,GMCC SZ80Е1H,34,1
551,551100584849693990551,"66.5,73,74,75,77,79,83.5,84,85,85.5,86.5",18.5,76.59,92.79,GMCC SZ80Е1H,34,1
551,551100149549528460551,"74.5,80,82,83,84.5,87,88.5",17.0,73.87,90.06,GMCC SZ80Е1H,34,1
551,551100149549529240551,"78,79.5,80.5,83,83.5,85,86,85,87",16.7,73.33,89.51,GMCC SZ80Е1H,34,1
551,551100584849817690551,"78.5,86,83.5,90,90.5,93,94.5,96,97,98",23.9,86.39,102.62,GMCC SZ80Е1H,34,1
551,551100584849698070551,"72,77.5,76.5,79.5,82.5,81",17.5,74.78,90.97,GMCC SZ80Е1H,34,1
551,551100149549528080551,"80,81.5,82.5,84,87.5,89,87.5",17.8,75.32,91.51,GMCC SZ80Е1H,34,1
551,551100584849796720551,"80.5,83,84.5,87,88.5,88,87.5,88.5",20.7,80.59,96.79,GMCC SZ80Е1H,34,1
551,551100149549532650551,"81,82.5,84,85,85.5,87.5,90.5,89.5",18.4,76.41,92.61,GMCC SZ80Е1H,34,1
551,551100584849799200551,"77,76.5,78.5,80,81.5,82,82.5,83,83.5,84,83.5,84",20.0,79.32,95.52,GMCC SZ80Е1H,34,1
551,551100584849649560551,"81.5,78.5,80,82,84,86.5,88,87",21.2,81.49,97.7,GMCC SZ80Е1H,34,1
551,551100149549528050551,"81,79.5,82,85,87.5,86.5,88,89",17.6,74.96,91.15,GMCC SZ80Е1H,34,1
551,551100584849781780551,"74.5,79.5,80.5,83,84,87.5,88,87",20.2,79.68,95.88,GMCC SZ80Е1H,34,1
551,551100584849641610551,"75,73.5,71.5,73.5,74.5,75.5,76,77",15.3,70.78,86.96,GMCC SZ80Е1H,34,1
551,551100584849644510551,"65,71,71.5,74,76,77.5",14.9,70.06,86.23,GMCC SZ80Е1H,34,1
551,551100149549528010551,"80,83,84,85.5,87,87.5",18.1,75.87,92.06,GMCC SZ80Е1H,34,1
551,551100584849695810551,"75,76.5,77,78,79.5,81.5,82,81.5,82",18.2,76.05,92.24,GMCC SZ80Е1H,34,1
551,551100149549527990551,"79,79.5,82.5,83.5,85,87,86.5",17.6,74.96,91.15,GMCC SZ80Е1H,34,1
551,551100584849784380551,"79.5,73,75.5,76.5,77,78.5,79.5,81.5,82.5",17.1,74.05,90.24,GMCC SZ80Е1H,34,1
551,551100584849694190551,"70.5,73.5,76.5,79,79.5,80,81.5,82",18.4,76.41,92.61,GMCC SZ80Е1H,34,1
551,551100149549527970551,"80.5,81.5,82,84.5,86.5,88,91,88.5",17.8,75.32,91.51,GMCC SZ80Е1H,34,1
551,551100584849780560551,"71,77,78.5,81,83,84.5,85",20.0,79.32,95.52,GMCC SZ80Е1H,34,1
551,551100149549522770551,"79.5,82,82.5,83,84.5,86,88.5,91",20.4,80.04,96.25,GMCC SZ80Е1H,34,1
551,551100584849700280551,"73,75,75.5,76.5,77.5,79.5,81,80",17.8,75.32,91.51,GMCC SZ80Е1H,34,1
551,551100149549527960551,"80.5,80,80.5,82.5,86,88.5,89,88",18.1,75.87,92.06,GMCC SZ80Е1H,34,1
551,551100149549518850551,"75,76,77.5,78,80.5,81.5,83,84.5,86",21.0,81.13,97.34,GMCC SZ80Е1H,34,1
551,551100584849642740551,"73.5,73,74,76,77,78.5,80,81.5",15.8,71.69,87.87,GMCC SZ80Е1H,34,1
551,551100149549526020551,"80.5,81.5,84.5,87.5,89,90,91.5,92",20.1,79.5,95.7,GMCC SZ80Е1H,34,1
551,551100149549527890551,"82.5,79.5,81.5,82.5,84.5,87,88,88.5,89",17.9,75.5,91.7,GMCC SZ80Е1H,34,1
551,551100149549524990551,"85,83.5,87.5,88,88.5,90,93,91.5",20.1,79.5,95.7,GMCC SZ80Е1H,34,1
551,551100149549527870551,"82,78.5,81,81.5,84,85,87,87.5,88.5,89,92.5,91.5",17.9,75.5,91.7,GMCC SZ80Е1H,34,1
551,551100149549527860551,"81,81.5,83.5,85,86.5,88.5,90,90.5",17.8,75.32,91.51,GMCC SZ80Е1H,34,1
551,551100149549527790551,"81,82.5,84,87,87.5,90.5,92.5,92",18.1,75.87,92.06,GMCC SZ80Е1H,34,1
551,551100149549527690551,"80,80.5,81.5,85.5,87,88",18.1,75.87,92.06,GMCC SZ80Е1H,34,1
551,551100149549419690551,"75.5,76.5,78.5,80,81,82.5,83.5,82",16.7,73.33,89.51,GMCC SZ80Е1H,34,1
551,551100149549527980551,"78.5,77.5,80.5,81.5,83.5,84.5,86,87.5",19.5,78.41,94.61,GMCC SZ80Е1H,34,1
551,551100149549523740551,"83.5,84,86,88,89.5,91,92.5,90.5",20.1,79.5,95.7,GMCC SZ80Е1H,34,1
551,551100584849780590551,"84,78.5,79,82.5,85.5,88",20.2,79.68,95.88,GMCC SZ80Е1H,34,1
551,551100584849696090551,"74.5,75,74.5,76.5,79,81,82.5,84,85",19.7,78.77,94.97,GMCC SZ80Е1H,34,1
551,551100149549519520551,"72,75,76.5,77.5,80,83,84,85.5",20.6,80.41,96.61,GMCC SZ80Е1H,34,1
551,551100149549529780551,"78.5,79.5,80,81.5,83,85.5,86.5,86",15.9,71.87,88.06,GMCC SZ80Е1H,34,1
551,551100584849701430551,"71.5,74,73.5,75,77,79,78.5",16.9,73.69,89.88,GMCC SZ80Е1H,34,1
551,551100149549531120551,"80,73.5,78,79.5,80,82.5,83,85,86,86.5",17.8,75.32,91.51,GMCC SZ80Е1H,34,1
551,551100584849785210551,"75.5,74,75,76,77.5,79,80,80.5",16.9,73.69,89.88,GMCC SZ80Е1H,34,1
551,551100149549527660551,"78.5,79,82,83.5,84.5,85,87,88,87.5",18.1,75.87,92.06,GMCC SZ80Е1H,34,1
551,551100584849642050551,"73.5,72,71.5,72,74,74.5,76,76.5,77",15.2,70.6,86.78,GMCC SZ80Е1H,34,1
551,551100149549527640551,"82.5,83,85,87.5,88,89,90",19.4,78.23,94.43,GMCC SZ80Е1H,34,1
551,551100149549527630551,"81,82,84,85,85.5,88,90,91",18.1,75.87,92.06,GMCC SZ80Е1H,34,1
551,551100149549527620551,"84,81.5,82.5,84,85.5,86,87.5,90.5",19.4,78.23,94.43,GMCC SZ80Е1H,34,1
551,551100149549526040551,"82.5,83.5,85.5,87.5,89.5,91,93,91.5",20.1,79.5,95.7,GMCC SZ80Е1H,34,1
551,551100149549527600551,"80,82.5,84,84.5,87,89.5,90,92,90.5",18.1,75.87,92.06,GMCC SZ80Е1H,34,1
551,551100149549527500551,"83.5,83,84,86,88,89,91,89",19.5,78.41,94.61,GMCC SZ80Е1H,34,1
551,551100149549526060551,"83.5,81.5,84,84.5,86,87.5,90,91.5,91",20.2,79.68,95.88,GMCC SZ80Е1H,34,1
551,551100149549527490551,"79,77.5,84,85,87,88,90.5,91",18.3,76.23,92.42,GMCC SZ80Е1H,34,1
551,551100149549526810551,"83,85,86,86.5,88,89,90,91.5,93",19.6,78.59,94.79,GMCC SZ80Е1H,34,1
551,551100149549527030551,"82,83.5,86,86.5,90.5,92.5,92",19.5,78.41,94.61,GMCC SZ80Е1H,34,1
551,551100584849783750551,"70,74,73.5,74,75.5,77.5,78.5,78",18.1,75.87,92.06,GMCC SZ80Е1H,34,1
551,551100149549533280551,"73,78,80,79.5,80,81,82.5,83.5",17.8,75.32,91.51,GMCC SZ80Е1H,34,1
551,551100584849697530551,"71.5,74,76.5,79,81,82.5,82,83.5",18.1,75.87,92.06,GMCC SZ80Е1H,34,1
551,551100584849644350551,"72.5,67.5,71.5,73.5,75,77.5,79,79.5,81",14.8,69.88,86.05,GMCC SZ80Е1H,34,1
551,551100149549525960551,"85,82.5,83,84.5,86,89.5,90.5,90",20.4,80.04,96.25,GMCC SZ80Е1H,34,1
551,551100584849781370551,"75.5,77.5,80.5,82,85,86,87.5,86",20.0,79.32,95.52,GMCC SZ80Е1H,34,1
551,551100584849783680551,"70.5,73,73.5,75,76,77.5,79,78.5",18.1,75.87,92.06,GMCC SZ80Е1H,34,1
551,551100149549527370551,"82.5,83,83.5,84,85.5,87.5,90.5,89",19.4,78.23,94.43,GMCC SZ80Е1H,34,1
551,551100149549527340551,"79.5,80.5,82,83.5,85,86.5,89.5",19.4,78.23,94.43,GMCC SZ80Е1H,34,1
551,551100584849644330551,"72,73.5,72.5,74.5,76,76.5,78",14.8,69.88,86.05,GMCC SZ80Е1H,34,1
551,551100149549527290551,"81,81.5,83.5,86,87.5,89.5,91.5,90.5",19.7,78.77,94.97,GMCC SZ80Е1H,34,1
551,551100584849782680551,"72,75,76.5,78,80,81.5,82.5,83",18.8,77.14,93.33,GMCC SZ80Е1H,34,1
551,551100149549527270551,"80.5,81,82,84,86,88.5,90,91.5",19.8,78.95,95.15,GMCC SZ80Е1H,34,1
551,551100149549527230551,"76,79,83.5,84.5,85.5,86.5,88.5,90",20.1,79.5,95.7,GMCC SZ80Е1H,34,1
551,551100584849642690551,"76.5,75,73.5,74,77,79,78.5",16.1,72.24,88.42,GMCC SZ80Е1H,34,1
551,551100584849781330551,"78.5,79,78.5,81.5,85,86.5,88.5,89.5",20.2,79.68,95.88,GMCC SZ80Е1H,34,1
551,551100149549528380551,"79.5,80.5,81.5,83,84,85.5,87.5,86.5",17.4,74.6,90.79,GMCC SZ80Е1H,34,1
551,551100149549527200551,"84.5,85.5,86.5,88,88.5,90.5,91.5,92,93",19.9,79.13,95.34,GMCC SZ80Е1H,34,1
551,551100584849642130551,"75,72,71,73,74,75,76,77",15.8,71.69,87.87,GMCC SZ80Е1H,34,1
551,551100584849781210551,"76.5,78,81.5,82.5,84.5,86.5,87,87.5",19.9,79.13,95.34,GMCC SZ80Е1H,34,1
551,551100584849645900551,"67.5,66.5,68.5,69,70.5,71,73,72.5",13.6,67.7,83.87,GMCC SZ80Е1H,34,1
551,551100584849701210551,"72.5,74.5,76,77.5,78,78.5,80,81",17.0,73.87,90.06,GMCC SZ80Е1H,34,1
551,551100149549527840551,"75,75.5,77,78.5,84,85.5,87,88",17.9,75.5,91.7,GMCC SZ80Е1H,34,1
551,551100584849795340551,"71,71.5,75,77.5,79,80,82",21.3,81.68,97.88,GMCC SZ80Е1H,34,1
551,551100149549419170551,"81,82.5,84.5,85.5,87.5,88,87",18.2,76.05,92.24,GMCC SZ80Е1H,34,1
551,551100149549522420551,"81,79,80,81,82,82.5,85,86",16.7,73.33,89.51,GMCC SZ80Е1H,34,1
551,551100149549528880551,"81,80.5,81.5,83,84,85.5,86.5,87",17.4,74.6,90.79,GMCC SZ80Е1H,34,1
551,551100149549527180551,"82.5,85,86.5,90.5,91.5",19.8,78.95,95.15,GMCC SZ80Е1H,34,1
551,551100149549528160551,"77,74.5,78.5,80,82,84.5,85,87,88,87",17.3,74.42,90.6,GMCC SZ80Е1H,34,1
551,551100149549521930551,"81,79,81.5,82.5,84,84.5,87,86.5",18.2,76.05,92.24,GMCC SZ80Е1H,34,1
551,551100584849817780551,"82.5,83,84,87,88,90,92,94.5,95,96",24.3,87.12,103.35,GMCC SZ80Е1H,34,1
551,551100149549521390551,"75.5,76,76.5,78,79.5,81.5,81",18.8,77.14,93.33,GMCC SZ80Е1H,34,1
551,551100584849640140551,"71.5,70,72,74,76,78,78.5",15.7,71.51,87.69,GMCC SZ80Е1H,34,1
551,551100584849648170551,"80,80.5,82.5,84.5,87,89,88",20.3,79.86,96.06,GMCC SZ80Е1H,34,1
551,551100149549527150551,"80,83,85.5,90,92,93,93.5,94",19.8,78.95,95.15,GMCC SZ80Е1H,34,1
551,551100584849818210551,"82.5,83.5,85,86,88,91,90.5,93.5,92.5,94,95.5",23.9,86.39,102.62,GMCC SZ80Е1H,34,1
551,551100149549528960551,"83,80.5,81.5,83,84,84.5,87.5,86.5",17.5,74.78,90.97,GMCC SZ80Е1H,34,1
551,551100149549527110551,"82.5,85.5,86,88,90,91.5,93.5,92.5",19.7,78.77,94.97,GMCC SZ80Е1H,34,1
551,551100584849796390551,"79.5,80.5,82,83,84.5,85.5,87,88",20.7,80.59,96.79,GMCC SZ80Е1H,34,1
551,551100149549527060551,"86,84.5,85.5,88.5,89,90.5,93",19.8,78.95,95.15,GMCC SZ80Е1H,34,1
551,551100149549529710551,"77.5,77,79,81,82.5,80.5",16.0,72.06,88.24,GMCC SZ80Е1H,34,1
551,551100149549528900551,"77,77.5,78.5,80.5,82,84,85.5,86",17.1,74.05,90.24,GMCC SZ80Е1H,34,1
551,551100149549527020551,"83.5,82,83,84.5,83.5,84,85,87.5,89.5,90",19.4,78.23,94.43,GMCC SZ80Е1H,34,1
551,551100149549527010551,"83,82,84,86,88.5,89.5,91,92",19.6,78.59,94.79,GMCC SZ80Е1H,34,1
551,551100584849799370551,"80,78,79,80.5,81.5,83,83.5",20.1,79.5,95.7,GMCC SZ80Е1H,34,1
551,551100149549526990551,"84,86.5,89.5,91.5,93.5,92.5",19.5,78.41,94.61,GMCC SZ80Е1H,34,1
551,551100584849786190551,"73,71,72.5,76,77,77.5,78.5",16.3,72.6,88.78,GMCC SZ80Е1H,34,1
551,551100584849782480551,"74.5,76.5,77.5,79.5,81,83,84,85.5",19.0,77.5,93.7,GMCC SZ80Е1H,34,1
551,551100149549526970551,"85,84,87.5,89.5,88.5,91,92,93.5,92",19.9,79.13,95.34,GMCC SZ80Е1H,34,1
551,551100584849817060551,"78,81,82.5,85,88.5,90.5,92.5,92",24.3,87.12,103.35,GMCC SZ80Е1H,34,1
551,551100149549526950551,"83,84.5,86,88,89.5,91.5,94,92.5",19.5,78.41,94.61,GMCC SZ80Е1H,34,1
551,551100584849697180551,"79,72,76.5,77.5,79.5,81.5,82.5,83",19.2,77.86,94.06,GMCC SZ80Е1H,34,1
551,551100584849692740551,"72.5,75.5,74.5,78.5,80,82,81.5",15.7,71.51,87.69,GMCC SZ80Е1H,34,1
551,551100149549526940551,"83.5,84.5,86,87.5,89,90.5,89",19.5,78.41,94.61,GMCC SZ80Е1H,34,1
551,551100149549529140551,"79,77.5,78.5,80.5,82,83,85,84",16.8,73.51,89.69,GMCC SZ80Е1H,34,1
551,551100149549527830551,"78,80,80.5,82,83.5,84.5,87,86.5",17.9,75.5,91.7,GMCC SZ80Е1H,34,1
551,551100149549526930551,"81.5,82,84.5,84,86.5,88.5,91,90",19.5,78.41,94.61,GMCC SZ80Е1H,34,1
551,551100584849795520551,"80.5,74.5,77.5,79.5,81,82.5,84.5,86,87.5,88,89.5,91.5",21.4,81.86,98.07,GMCC SZ80Е1H,34,1
551,551100584849695490551,"73,75,76,79,80.5,82.5",18.4,76.41,92.61,GMCC SZ80Е1H,34,1
551,551100149549530750551,"82,81.5,83,85,86,88.5,90,89.5",18.8,77.14,93.33,GMCC SZ80Е1H,34,1
551,551100149549526910551,"85,86.5,87,88.5,89.5,91,93,92.5",19.9,79.13,95.34,GMCC SZ80Е1H,34,1
551,551100149549529880551,"81,80,81.5,82,83,82.5",16.5,72.96,89.15,GMCC SZ80Е1H,34,1
551,551100149549526900551,"82.5,83.5,85.5,88,89.5,90.5,91,93.5",19.6,78.59,94.79,GMCC SZ80Е1H,34,1
551,551100149549526870551,"84,85,87,88.5,90,91.5,93.5,94.5",19.6,78.59,94.79,GMCC SZ80Е1H,34,1
551,551100149549529520551,"79,78.5,79,81.5,82,83.5,85,85.5",16.5,72.96,89.15,GMCC SZ80Е1H,34,1
551,551100584849693320551,"73,75,75.5,78.5,79.5,82,83.5,85,82.5",18.7,76.96,93.15,GMCC SZ80Е1H,34,1
551,551100149549419280551,"79,78.5,79.5,81,82.5,84,84.5",17.1,74.05,90.24,GMCC SZ80Е1H,34,1
551,551100149549528540551,"81.5,82,85,85.5,87,88,87.5",17.1,74.05,90.24,GMCC SZ80Е1H,34,1
551,551100149549526860551,"82,85,85.5,87,88.5,91,88",20.3,79.86,96.06,GMCC SZ80Е1H,34,1
551,551100149549521290551,"71,72.5,75.5,76.5,78,80,80.5,81",18.5,76.59,92.79,GMCC SZ80Е1H,34,1
551,551100584849786270551,"72,73.5,73,73.5,75,75.5,76,77,76.5,77",16.1,72.24,88.42,GMCC SZ80Е1H,34,1
551,551100149549527330551,"84,84.5,86,87.5,89.5,90,90.5,91,92.5",19.7,78.77,94.97,GMCC SZ80Е1H,34,1
551,551100584849796730551,"82.5,81.5,80.5,81.5,83,84,85.5,86,87,88",20.7,80.59,96.79,GMCC SZ80Е1H,34,1
551,551100149549526850551,"80.5,82.5,82,84.5,85.5,88.5,90,91,90",20.2,79.68,95.88,GMCC SZ80Е1H,34,1
551,551100584849796560551,"81.5,72,75.5,76,76.5,77.5,81.5,85,85.5",20.7,80.59,96.79,GMCC SZ80Е1H,34,1
551,551100584849782560551,"72.5,76,78,79.5,82.5,83.5,82.5",19.8,78.95,95.15,GMCC SZ80Е1H,34,1
551,551100584849693930551,"71.5,74.5,76,77.5,78,80,81,81.5",18.7,76.96,93.15,GMCC SZ80Е1H,34,1
551,551100584849640930551,"73,70,69,71.5,73,74.5,75,76.5,78.5,79",15.7,71.51,87.69,GMCC SZ80Е1H,34,1
551,551100584849648700551,"79,78,79,82.5,85,86.5,89,90.5",21.8,82.58,98.8,GMCC SZ80Е1H,34,1
551,551100584849794780551,"79.5,78,79.5,81.5,83.5,85,87.5,88",21.5,82.04,98.25,GMCC SZ80Е1H,34,1
551,551100149549526820551,"81.5,88,88.5,90,91,91.5,94,92",19.9,79.13,95.34,GMCC SZ80Е1H,34,1
551,551100584849697840551,"73,77,78.5,79.5,81.5,82,81,82.5",18.1,75.87,92.06,GMCC SZ80Е1H,34,1
551,551100149549526770551,"80.5,82.5,83,86,88,88.5",20.1,79.5,95.7,GMCC SZ80Е1H,34,1
551,551100149549526760551,"83.5,81.5,83.5,84,85.5,87,91,89",20.1,79.5,95.7,GMCC SZ80Е1H,34,1
551,551100584849783610551,"73,75,74.5,76,77.5,78,81,79",18.9,77.32,93.52,GMCC SZ80Е1H,34,1
551,551100584849700910551,"70,73,72,71.5,74.5,78,77.5",17.7,75.14,91.33,GMCC SZ80Е1H,34,1
551,551100149549530170551,"77.5,76,77,79,81,83.5,84.5,85",15.8,71.69,87.87,GMCC SZ80Е1H,34,1
551,551100149549524350551,"81,83.5,85,85.5,88,88.5,90.5,91",20.1,79.5,95.7,GMCC SZ80Е1H,34,1
551,551100149549519230551,"72,76.5,76,77,79,84.5,85.5,86.5,87",20.8,80.77,96.97,GMCC SZ80Е1H,34,1
551,551100149549530660551,"82,83,84,86.5,88,90,92.5,91",18.3,76.23,92.42,GMCC SZ80Е1H,34,1
551,551100149549526690551,"80.5,84,86,88.5,89.5,92,92.5,93.5",19.8,78.95,95.15,GMCC SZ80Е1H,34,1
551,551100584849819100551,"85,81,84.5,88,89.5,92,92.5",22.9,84.58,100.8,GMCC SZ80Е1H,34,1
551,551100584849702130551,"76.5,73.5,73,74.5,75.5,77,79.5,79",15.9,71.87,88.06,GMCC SZ80Е1H,34,1
551,551100149549418360551,"84.5,83.5,85,86,87.5,89,92,90.5",17.6,74.96,91.15,GMCC SZ80Е1H,34,1
551,551100584849783550551,"72.5,74.5,75,76.5,78.5,79,81,80",18.2,76.05,92.24,GMCC SZ80Е1H,34,1
551,551100149549531830551,"76,76.5,77.5,79.5,82,83.5,84,83",18.4,76.41,92.61,GMCC SZ80Е1H,34,1
551,551100149549526640551,"82.5,83.5,84.5,86,87.5,91,90.5,91.5,93.5,93",19.7,78.77,94.97,GMCC SZ80Е1H,34,1
551,551100149549520740551,"78,77.5,79,80.5,82,83.5,85.5,85",19.2,77.86,94.06,GMCC SZ80Е1H,34,1
551,551100149549526630551,"83,84.5,84,85.5,89.5,90.5,91.5,92.5,91.5",19.8,78.95,95.15,GMCC SZ80Е1H,34,1
551,551100149549526540551,"79,81,82,84.5,87.5,90,92.5,91.5",19.8,78.95,95.15,GMCC SZ80Е1H,34,1
551,551100584849641250551,"73,72.5,71,72.5,74.5,76,75.5",15.7,71.51,87.69,GMCC SZ80Е1H,34,1
551,551100149549526530551,"83.5,85,85.5,87.5,88.5,91,93.5,92",19.8,78.95,95.15,GMCC SZ80Е1H,34,1
551,551100584849696040551,"71.5,76,77,77.5,79.5,80.5,81.5,82.5,83",19.7,78.77,94.97,GMCC SZ80Е1H,34,1
551,551100149549418100551,"83.5,83,86.5,86,87,88,91.5,90",17.7,75.14,91.33,GMCC SZ80Е1H,34,1
551,551100584849819450551,"79,82.5,83,84.5,87,88,89",22.4,83.67,99.89,GMCC SZ80Е1H,34,1
551,551100584849785270551,"71,74.5,74,75.5,77,78.5,80,82,81.5",16.9,73.69,89.88,GMCC SZ80Е1H,34,1
551,551100149549526500551,"82,84,86.5,88,88.5,91.5,94,95.5,93",19.8,78.95,95.15,GMCC SZ80Е1H,34,1
551,551100584849780600551,"73,77.5,75,77,78.5,79.5,81,82.5,83,83.5",20.0,79.32,95.52,GMCC SZ80Е1H,34,1
551,551100149549526470551,"79.5,85,87,88,89,91.5,93,95",19.8,78.95,95.15,GMCC SZ80Е1H,34,1
551,551100149549526420551,"82.5,83.5,84,85.5,88,89.5,91.5,93.5,92",19.9,79.13,95.34,GMCC SZ80Е1H,34,1
551,551100584849702460551,"77,76.5,76,77,78.5,80,80.5,81",16.8,73.51,89.69,GMCC SZ80Е1H,34,1
551,551100149549526410551,"85.5,86.5,87.5,89.5,91.5,92",20.4,80.04,96.25,GMCC SZ80Е1H,34,1
551,551100149549528280551,"78,77,76.5,78,80,81,82,81.5",17.4,74.6,90.79,GMCC SZ80Е1H,34,1
551,551100149549530640551,"83,81.5,82,83,84.5,86.5,88,89.5,90",18.8,77.14,93.33,GMCC SZ80Е1H,34,1
551,551100584849639850551,"69.5,73.5,69,73,74.5,76,75",15.2,70.6,86.78,GMCC SZ80Е1H,34,1
551,551100149549526320551,"87,84,86,87,89.5,90.5,93.5,92.5",20.0,79.32,95.52,GMCC SZ80Е1H,34,1
551,551100149549526270551,"81,84.5,86.5,88,89.5,91,91.5",20.4,80.04,96.25,GMCC SZ80Е1H,34,1
551,551100584849700760551,"70.5,75,75.5,77,78,79.5,80,78.5",17.8,75.32,91.51,GMCC SZ80Е1H,34,1
551,551100149549529040551,"78,79,81.5,82.5,83,84,85,86.5,86",17.1,74.05,90.24,GMCC SZ80Е1H,34,1
551,551100584849818130551,"76.5,78,79,85,87.5,88.5,89.5,91.5",23.8,86.21,102.44,GMCC SZ80Е1H,34,1
551,551100149549526260551,"84,83.5,85.5,86.5,88,90,93,91",20.0,79.32,95.52,GMCC SZ80Е1H,34,1
551,551100149549526230551,"82.5,82,86.5,89.5,93,96.5,95",19.9,79.13,95.34,GMCC SZ80Е1H,34,1
551,551100149549522430551,"79,79.5,80.5,82.5,84.5,85.5,85",16.8,73.51,89.69,GMCC SZ80Е1H,34,1
551,551100584849646480551,"70.5,66,68,67,69,68.5,69.5,70.5,72,71.5",13.1,66.79,82.96,GMCC SZ80Е1H,34,1
551,551100149549526170551,"84.5,84,85,86.5,89,91,94,92.5",20.0,79.32,95.52,GMCC SZ80Е1H,34,1
551,551100584849796670551,"74.5,78,79,80.5,81.5,83,84,84.5,86.5",22.3,83.49,99.71,GMCC SZ80Е1H,34,1
551,551100149549530240551,"83.5,84.5,85.5,86.5,89,91,91.5,93",18.8,77.14,93.33,GMCC SZ80Е1H,34,1
551,551100149549526160551,"86,85.5,87,88.5,91,93.5,94,93.5",20.1,79.5,95.7,GMCC SZ80Е1H,34,1
551,551100584849646570551,"71,70,68.5,68,69.5,71.5,73,75.5,75",12.9,66.43,82.59,GMCC SZ80Е1H,34,1
551,551100149549526110551,"79.5,83,85,87,90.5,94,96,95",20.1,79.5,95.7,GMCC SZ80Е1H,34,1
551,551100149549532830551,"84.5,82.5,85,86,88.5,90.5,92.5,91.5",18.4,76.41,92.61,GMCC SZ80Е1H,34,1
551,551100584849799320551,"80.5,81,82.5,84.5,86,87,88",20.0,79.32,95.52,GMCC SZ80Е1H,34,1
551,551100149549526100551,"82.5,85.5,88.5,89.5,92.5,94.5,92.5",20.1,79.5,95.7,GMCC SZ80Е1H,34,1
551,551100149549527850551,"81,82,83.5,84.5,87,86.5,90,88.5",18.1,75.87,92.06,GMCC SZ80Е1H,34,1
551,551100149549520260551,"77.5,74.5,74,76,83.5",19.7,78.77,94.97,GMCC SZ80Е1H,34,1
551,551100149549531560551,"82,80.5,82,83,85.5,87.5,88.5,87",18.5,76.59,92.79,GMCC SZ80Е1H,34,1
551,551100149549527040551,"79,82.5,84.5,87.5,88.5,89.5,90.5,90",19.4,78.23,94.43,GMCC SZ80Е1H,34,1
551,551100584849648060551,"78,79.5,81,83,84.5,84",20.4,80.04,96.25,GMCC SZ80Е1H,34,1
551,551100149549525950551,"80.5,82.5,86,88,89.5,94.5,95",20.3,79.86,96.06,GMCC SZ80Е1H,34,1
551,551100584849699700551,"78,80.5,83,84,84.5,86,86.5,88,87",18.5,76.59,92.79,GMCC SZ80Е1H,34,1
551,551100149549525940551,"76,86,88,90,90.5,92",20.2,79.68,95.88,GMCC SZ80Е1H,34,1
551,551100149549526450551,"81.5,85,87.5,91,93,94,95.5,93.5",19.8,78.95,95.15,GMCC SZ80Е1H,34,1
551,551100149549525910551,"82.5,82,84.5,85,87,89,88.5",20.9,80.95,97.16,GMCC SZ80Е1H,34,1
551,551100584849647700551,"75.5,79.5,82,83.5,86.5,89,92,89.5",20.4,80.04,96.25,GMCC SZ80Е1H,34,1
551,551100149549525880551,"86,87,87.5,91,93.5,95.5,95",20.5,80.22,96.43,GMCC SZ80Е1H,34,1
551,551100149549518880551,"77,76,77,79.5,83.5,86,88,89.5",21.0,81.13,97.34,GMCC SZ80Е1H,34,1
551,551100149549532120551,"83,83.5,84.5,86,87,89,88",17.9,75.5,91.7,GMCC SZ80Е1H,34,1
551,551100584849819530551,"78.5,80,82.5,85,87,89,90,90.5",22.6,84.04,100.25,GMCC SZ80Е1H,34,1
551,551100149549532710551,"82,82.5,83.5,84,86.5,88,87",17.6,74.96,91.15,GMCC SZ80Е1H,34,1
551,551100584849817900551,"86.5,79.5,80.5,81,85,88,91.5,92.5,94,94.5",24.0,86.58,102.8,GMCC SZ80Е1H,34,1
551,551100584849794840551,"76.5,80,80.5,82,84,86.5,87.5,90.5,89.5,91.5",21.5,82.04,98.25,GMCC SZ80Е1H,34,1
551,551100584849695600551,"74.5,77,77.5,78.5,82.5,84,85",18.3,76.23,92.42,GMCC SZ80Е1H,34,1
551,551100584849694270551,"75,77.5,78.5,80,79.5,82.5,83,84,84.5",18.4,76.41,92.61,GMCC SZ80Е1H,34,1
551,551100584849644500551,"72.5,70,69,70,73.5,74.5,76",14.8,69.88,86.05,GMCC SZ80Е1H,34,1
551,551100149549525870551,"81.5,83,85,87.5,88.5,92.5,91",20.9,80.95,97.16,GMCC SZ80Е1H,34,1
551,551100584849701650551,"73,77,76.5,77,78.5,79.5,80,80.5,82,82.5",16.7,73.33,89.51,GMCC SZ80Е1H,34,1
551,551100584849698960551,"74,77,79.5,81,83,84.5,86,87.5,87",20.0,79.32,95.52,GMCC SZ80Е1H,34,1
551,551100149549525840551,"84.5,83,87,86.5,89.5,90,92.5,91.5",20.9,80.95,97.16,GMCC SZ80Е1H,34,1
551,551100584849701750551,"77,78,80.5,82,82.5,83",16.5,72.96,89.15,GMCC SZ80Е1H,34,1
551,551100584849645860551,"69,68,67.5,69,68,69.5,70,71,73",13.6,67.7,83.87,GMCC SZ80Е1H,34,1
551,551100584849796100551,"88,74.5,78.5,77.5,80,82,83.5,84,84.5,86",20.9,80.95,97.16,GMCC SZ80Е1H,34,1
551,551100149549525990551,"80.5,85.5,86,88.5,90.5,93,95,94.5",21.3,81.68,97.88,GMCC SZ80Е1H,34,1
551,551100584849797120551,"75,76.5,78.5,79.5,81.5,82.5,83,85,84,86",20.1,79.5,95.7,GMCC SZ80Е1H,34,1
551,551100584849794750551,"78,76.5,78,80,81.5,84,85.5,86,88.5",21.5,82.04,98.25,GMCC SZ80Е1H,34,1
551,551100149549419610551,"78.5,80,80.5,82,83.5,85.5,84.5",16.8,73.51,89.69,GMCC SZ80Е1H,34,1
551,551100149549532630551,"86.5,85.5,84.5,87.5,88.5,90.5,92.5,91",18.4,76.41,92.61,GMCC SZ80Е1H,34,1
551,551100584849697040551,"71.5,75,76,77,77.5,79,81,82.5,84",19.2,77.86,94.06,GMCC SZ80Е1H,34,1
551,551100584849640230551,"68.5,67.5,69.5,70.5,71,73,72.5",15.8,71.69,87.87,GMCC SZ80Е1H,34,1
551,551100149549525780551,"82,83,84,89,90,92.5,94.5,95,96",20.5,80.22,96.43,GMCC SZ80Е1H,34,1
551,551100584849649250551,"82,80,80.5,84.5,86.5,90,91.5,90.5",21.4,81.86,98.07,GMCC SZ80Е1H,34,1
551,551100149549525760551,"86,84.5,88.5,91.5,94.5,96.5,95.5",20.5,80.22,96.43,GMCC SZ80Е1H,34,1
551,551100584849785300551,"74.5,77.5,79,81,82.5,83",17.0,73.87,90.06,GMCC SZ80Е1H,34,1
551,551100584849795830551,"74.5,77.5,76.5,78.5,81.5,82.5,83.5,84,85.5",21.4,81.86,98.07,GMCC SZ80Е1H,34,1
551,551100584849694220551,"76.5,77,77.5,80,82,84.5,85,85.5",18.5,76.59,92.79,GMCC SZ80Е1H,34,1
551,551100584849694170551,"66.5,72.5,74,75,76,75.5,76.5,77.5,78,78.5",16.1,72.24,88.42,GMCC SZ80Е1H,34,1
551,551100149549530310551,"79,80,81,83,85,84,87,86.5,85.5",18.6,76.77,92.97,GMCC SZ80Е1H,34,1
551,551100149549525730551,"85,87.5,89,91,93,95,97.5,95.5",20.5,80.22,96.43,GMCC SZ80Е1H,34,1
551,551100149549519590551,"74,76.5,75.5,76.5,78.5,81,83.5",20.6,80.41,96.61,GMCC SZ80Е1H,34,1
551,551100584849784270551,"71,76.5,74.5,76.5,78,79.5,80",17.1,74.05,90.24,GMCC SZ80Е1H,34,1
551,551100149549525690551,"83,85.5,85,87.5,89.5,91.5,92,93.5",21.4,81.86,98.07,GMCC SZ80Е1H,34,1
551,551100584849781990551,"76.5,78,79.5,80,80.5,82,83",19.8,78.95,95.15,GMCC SZ80Е1H,34,1
551,551100584849702090551,"70.5,72.5,70.5,72.5,77",17.1,74.05,90.24,GMCC SZ80Е1H,34,1
551,551100149549525670551,"79.5,80,79.5,80,80.5,82.5,82",20.2,79.68,95.88,GMCC SZ80Е1H,34,1
551,551100149549526000551,"81,84,86,88.5,89.5,92.5,90.5",20.2,79.68,95.88,GMCC SZ80Е1H,34,1
551,551100149549419190551,"79.5,81.5,81,82,83,85,86,85",17.1,74.05,90.24,GMCC SZ80Е1H,34,1
551,551100584849817200551,"85.5,75.5,82,82.5,84,86.5,88.5,90,90.5,93,94",24.1,86.76,102.98,GMCC SZ80Е1H,34,1
551,551100149549525560551,"84.5,84,85.5,86,87,88,89.5,89",20.5,80.22,96.43,GMCC SZ80Е1H,34,1
551,551100149549531600551,"82.5,83,83.5,84.5,86.5,89.5,91.5,91",18.5,76.59,92.79,GMCC SZ80Е1H,34,1
551,551100584849645640551,"75.5,71,70,70.5,71.5,74,75.5,74.5",14.1,68.61,84.78,GMCC SZ80Е1H,34,1
551,551100584849693610551,"71,74,75.5,76.5,78.5,81,83.5,85,86",18.5,76.59,92.79,GMCC SZ80Е1H,34,1
551,551100149549527310551,"84.5,82.5,79.5,84,89,91.5,93.5,94.5,94",19.8,78.95,95.15,GMCC SZ80Е1H,34,1
551,551100149549520310551,"74.5,76,75,77,78,80.5,83,82.5",19.7,78.77,94.97,GMCC SZ80Е1H,34,1
551,551100584849700260551,"76,77.5,80.5,81.5,83,84.5,85",17.8,75.32,91.51,GMCC SZ80Е1H,34,1
551,551100584849648510551,"77.5,79.5,80.5,83.5,87.5,90,91,92",21.9,82.76,98.98,GMCC SZ80Е1H,34,1
551,551100149549525540551,"85,82,84,84.5,86.5,89.5,91.5,89.5",20.5,80.22,96.43,GMCC SZ80Е1H,34,1
551,551100149549525520551,"85,84,86,86.5,90,92,93.5,92",20.5,80.22,96.43,GMCC SZ80Е1H,34,1
551,551100584849645220551,"72,71,68.5,71,74,71.5",14.3,68.97,85.14,GMCC SZ80Е1H,34,1
551,551100149549525510551,"84,84.5,86,87.5,88.5,89,91.5,90",20.5,80.22,96.43,GMCC SZ80Е1H,34,1
551,551100584849699770551,"71.5,76,78.5,81.5,83,83.5",18.4,76.41,92.61,GMCC SZ80Е1H,34,1
551,551100149549525470551,"85.5,84.5,86.5,88.5,90,92,94,93",20.5,80.22,96.43,GMCC SZ80Е1H,34,1
551,551100149549525450551,"85,84.5,86.5,88.5,89,91,93,92.5,93.5",20.5,80.22,96.43,GMCC SZ80Е1H,34,1
551,551100584849645700551,"73,71.5,71,72,73.5,74.5,77.5,78",14.1,68.61,84.78,GMCC SZ80Е1H,34,1
551,551100584849797990551,"80.5,80,79.5,82,82.5,84,85.5,87",20.1,79.5,95.7,GMCC SZ80Е1H,34,1
551,551100584849696570551,"77,78,83,85,86.5,89,89.5",19.5,78.41,94.61,GMCC SZ80Е1H,34,1
551,551100149549525370551,"82,84.5,88,89.5,90,92,94.5,93.5",20.7,80.59,96.79,GMCC SZ80Е1H,34,1
551,551100584849782040551,"73,74.5,74,74.5,75.5,76.5,79,79.5",19.8,78.95,95.15,GMCC SZ80Е1H,34,1
551,551100149549526660551,"82.5,83,86,88.5,91.5,93.5,95.5,93.5",19.8,78.95,95.15,GMCC SZ80Е1H,34,1
551,551100149549525360551,"84,83.5,86,87,88.5,89,89.5,91,91.5,93.5",21.3,81.68,97.88,GMCC SZ80Е1H,34,1
551,551100584849817770551,"79.5,78,78.5,78,84.5,85,87.5,88,90,90.5",24.0,86.58,102.8,GMCC SZ80Е1H,34,1
551,551100584849795430551,"70.5,76,72.5,74.5,77,78,80,82.5,85",21.3,81.68,97.88,GMCC SZ80Е1H,34,1
551,551100149549529380551,"79,78.5,77.5,80,80.5,82,84,82.5",16.6,73.14,89.33,GMCC SZ80Е1H,34,1
551,551100584849645930551,"71,73.5,74.5,76,76.5,78",13.8,68.06,84.23,GMCC SZ80Е1H,34,1
551,551100149549525350551,"87.5,91,90.5,92,95,95.5,93.5",20.9,80.95,97.16,GMCC SZ80Е1H,34,1
551,551100584849649090551,"75,78,79,81,83,86.5,88,89",21.6,82.22,98.43,GMCC SZ80Е1H,34,1
551,551100149549528170551,"81.5,80.5,82,84.5,86,88,91,89.5",18.0,75.69,91.88,GMCC SZ80Е1H,34,1
551,551100584849694380551,"73.5,74.5,76.5,79.5,80.5,82,82.5,83.5,84.5,85",18.4,76.41,92.61,GMCC SZ80Е1H,34,1
551,551100584849641640551,"74,72,71.5,73.5,74.5,75,77,76",15.7,71.51,87.69,GMCC SZ80Е1H,34,1
551,551100584849795200551,"70.5,75,76.5,77.5,78,82,83.5,85",21.3,81.68,97.88,GMCC SZ80Е1H,34,1
551,551100149549525890551,"80.5,81.5,82,84,87,89.5,92,90.5",20.3,79.86,96.06,GMCC SZ80Е1H,34,1
551,551100584849641490551,"72.5,71.5,70,72.5,73,74,75.5,76.5",15.3,70.78,86.96,GMCC SZ80Е1H,34,1
551,551100149549525270551,"81.5,84.5,87,90,92.5,94,95.5,95",20.6,80.41,96.61,GMCC SZ80Е1H,34,1
551,551100584849818600551,"74,79,78,79,79.5,81,86.5,87,87.5,88.5",23.3,85.31,101.53,GMCC SZ80Е1H,34,1
551,551100149549525250551,"84.5,83,84,86.5,88.5,89.5,91,92",20.6,80.41,96.61,GMCC SZ80Е1H,34,1
551,551100149549532600551,"82.5,83.5,85.5,86.5,87,88,89.5,88.5",17.8,75.32,91.51,GMCC SZ80Е1H,34,1
551,551100149549525230551,"82,84,85.5,86.5,88.5,91,93,90.5",20.7,80.59,96.79,GMCC SZ80Е1H,34,1
551,551100149549525210551,"83.5,82,83.5,85,87.5,89,89.5",20.7,80.59,96.79,GMCC SZ80Е1H,34,1
551,551100149549525190551,"81,82.5,83.5,85,86.5,89.5,90,90.5",20.7,80.59,96.79,GMCC SZ80Е1H,34,1
551,551100149549525160551,"84,83.5,85,87,89.5,91,93,92",20.7,80.59,96.79,GMCC SZ80Е1H,34,1
551,551100584849820050551,"75.5,77.5,76,80,81.5,83,84.5,85.5,87,87.5,88",21.9,82.76,98.98,GMCC SZ80Е1H,34,1
551,551100584849641580551,"74,71.5,72,74,76.5,77",15.3,70.78,86.96,GMCC SZ80Е1H,34,1
551,551100584849646070551,"72,68.5,68,69.5,70,70.5,71.5,72",13.4,67.34,83.5,GMCC SZ80Е1H,34,1
551,551100584849642880551,"71.5,70,68.5,72,74,75.5,76.5,78.5,77.5",15.7,71.51,87.69,GMCC SZ80Е1H,34,1
551,551100149549525130551,"86,86.5,87.5,89.5,92,95.5,96.5",20.9,80.95,97.16,GMCC SZ80Е1H,34,1
551,551100584849695110551,"74.5,77,77.5,79,81,82.5,83.5,84.5",18.3,76.23,92.42,GMCC SZ80Е1H,34,1
551,551100149549525100551,"88,88.5,91,91.5,93.5,94.5,96.5,95.5",20.8,80.77,96.97,GMCC SZ80Е1H,34,1
551,551100584849697670551,"75.5,76,77.5,78.5,80,81.5,84,85,86,87",17.9,75.5,91.7,GMCC SZ80Е1H,34,1
551,551100584849648860551,"76.5,79,80.5,83.5,85.5,87,87.5,89,89.5,90.5,90,90.5,91,91.5",21.8,82.58,98.8,GMCC SZ80Е1H,34,1
551,551100584849693570551,"71.5,73.5,73,74.5,77.5,78,79,80.5",18.6,76.77,92.97,GMCC SZ80Е1H,34,1
551,551100149549524960551,"82.5,84,85.5,86.5,88,89.5,91.5,92.5",21.4,81.86,98.07,GMCC SZ80Е1H,34,1
551,551100584849648090551,"77.5,78,78.5,80.5,82.5,84,85",20.3,79.86,96.06,GMCC SZ80Е1H,34,1
551,551100149549524940551,"83,83.5,83,85.5,87,88,89.5,88.5",20.1,79.5,95.7,GMCC SZ80Е1H,34,1
551,551100149549519840551,"78.5,75,75.5,76.5,78,79,80.5,82.5,81.5",20.2,79.68,95.88,GMCC SZ80Е1H,34,1
551,551100584849702490551,"73,75,74.5,77.5,78,80,78",15.7,71.51,87.69,GMCC SZ80Е1H,34,1
551,551100149549524860551,"83,84,86,88,92,94,95.5,96.5",20.9,80.95,97.16,GMCC SZ80Е1H,34,1
551,551100584849820310551,"77.5,80,81,82.5,84,86,87.5,89,88",21.6,82.22,98.43,GMCC SZ80Е1H,34,1
551,551100584849693910551,"74.5,78,81,83,85.5,88",18.5,76.59,92.79,GMCC SZ80Е1H,34,1
551,551100149549524800551,"82.5,83,84,87,89.5,92.5,95,97",20.9,80.95,97.16,GMCC SZ80Е1H,34,1
551,551100149549519850551,"74,74.5,75.5,76.5,77.5,79,79.5,82.5",20.2,79.68,95.88,GMCC SZ80Е1H,34,1
551,551100149549524770551,"83.5,84,84.5,88.5,90.5,92,94.5,94",20.9,80.95,97.16,GMCC SZ80Е1H,34,1
551,551100584849696390551,"79,68.5,74,76.5,75.5,79,80.5,81,82.5,83,83.5",19.6,78.59,94.79,GMCC SZ80Е1H,34,1
551,551100149549528590551,"79,80,81.5,82.5,84,85,84.5",17.0,73.87,90.06,GMCC SZ80Е1H,34,1
551,551100584849642580551,"71.5,71,72.5,73.5,76.5,78.5,77.5,78",16.0,72.06,88.24,GMCC SZ80Е1H,34,1
551,551100149549524740551,"81.5,82.5,85,86,88,91.5,93,94.5,95.5,96",20.9,80.95,97.16,GMCC SZ80Е1H,34,1
551,551100149549529400551,"76.5,77.5,78,78.5,80,81,82.5,82",16.6,73.14,89.33,GMCC SZ80Е1H,34,1
551,551100149549524710551,"85,88,90,89.5,92.5,94,97,96.5",21.0,81.13,97.34,GMCC SZ80Е1H,34,1
551,551100584849781770551,"73.5,76.5,75,75.5,76.5,77.5,78.5,80",19.9,79.13,95.34,GMCC SZ80Е1H,34,1
551,551100149549419320551,"79,79.5,81.5,82,82.5,84,86,86.5",16.9,73.69,89.88,GMCC SZ80Е1H,34,1
551,551100584849798080551,"76.5,79.5,77.5,78,80,81.5,82.5,84.5,83",19.2,77.86,94.06,GMCC SZ80Е1H,34,1
551,551100149549531330551,"79,79.5,80.5,82.5,85.5,88,89,88.5",18.8,77.14,93.33,GMCC SZ80Е1H,34,1
551,551100584849649280551,"80,77,78.5,80.5,83.5,86,88.5,87.5",21.5,82.04,98.25,GMCC SZ80Е1H,34,1
551,551100149549520930551,"76,74,76.5,79.5,81,83.5,83",18.9,77.32,93.52,GMCC SZ80Е1H,34,1
551,551100149549524700551,"87,87.5,88,88.5,92,93.5,95,97",21.0,81.13,97.34,GMCC SZ80Е1H,34,1
551,551100149549520810551,"73.5,80,79.5,81,83,86,87",19.2,77.86,94.06,GMCC SZ80Е1H,34,1
551,551100584849695290551,"75,72,72.5,71.5,73.5,75,77,78.5,81",18.2,76.05,92.24,GMCC SZ80Е1H,34,1
551,551100149549527650551,"80,82.5,84.5,85,87,89,89.5",18.1,75.87,92.06,GMCC SZ80Е1H,34,1
551,551100584849818150551,"79,82,84.5,85,86.5,88,89,91,92",23.9,86.39,102.62,GMCC SZ80Е1H,34,1
551,551100584849785940551,"71,72.5,73,73.5,76,76.5,79,77.5",16.3,72.6,88.78,GMCC SZ80Е1H,34,1
551,551100149549529500551,"77.5,78.5,78,79,80.5,82,84,83",16.4,72.78,88.97,GMCC SZ80Е1H,34,1
551,551100149549530380551,"81.5,77.5,81,82.5,83.5,85.5,87.5,88.5,88",18.7,76.96,93.15,GMCC SZ80Е1H,34,1
551,551100149549524680551,"85,86,88.5,90.5,95.5,96.5,99,97.5",21.1,81.31,97.52,GMCC SZ80Е1H,34,1
551,551100584849701870551,"71.5,74.5,72,75.5,77,76.5,78.5,80,81.5,82.5",17.7,75.14,91.33,GMCC SZ80Е1H,34,1
551,551100584849693690551,"72,71.5,73,75.5,76.5,79",16.7,73.33,89.51,GMCC SZ80Е1H,34,1
551,551100584849643520551,"74.5,73,75,77,77.5,79.5,79",15.4,70.97,87.14,GMCC SZ80Е1H,34,1
551,551100149549524610551,"81,81.5,84.5,85.5,87.5,88.5,91.5,92",21.1,81.31,97.52,GMCC SZ80Е1H,34,1
551,551100584849644670551,"65.5,70,71,72,73.5,74,76.5,75",14.9,70.06,86.23,GMCC SZ80Е1H,34,1
551,551100149549524600551,"83,83.5,87,88,90.5,91.5,93",21.3,81.68,97.88,GMCC SZ80Е1H,34,1
551,551100149549418320551,"80,79,81,83.5,84.5,85.5,87.5,86",17.6,74.96,91.15,GMCC SZ80Е1H,34,1
551,551100149549524590551,"77,78,79,81.5,81,82,84,85,84",18.5,76.59,92.79,GMCC SZ80Е1H,34,1
551,551100584849694820551,"77,73.5,74,75,79.5,80,83.5,84.5,84",18.1,75.87,92.06,GMCC SZ80Е1H,34,1
551,551100584849644830551,"74,72,72.5,73.5,75.5,77,78,77.5",14.8,69.88,86.05,GMCC SZ80Е1H,34,1
551,551100149549526710551,"78,83.5,85,87,89,90.5,92,92.5",19.8,78.95,95.15,GMCC SZ80Е1H,34,1
551,551100584849818030551,"76,81,81.5,83.5,85,86,86.5,87,89,88.5",23.9,86.39,102.62,GMCC SZ80Е1H,34,1
551,551100149549530120551,"81,78,82,80.5,82,83.5,84.5,85,86,87.5,88,89",18.8,77.14,93.33,GMCC SZ80Е1H,34,1
551,551100149549525970551,"83,81.5,84,86.5,89.5,90.5,93,92",20.2,79.68,95.88,GMCC SZ80Е1H,34,1
551,551100584849794700551,"76,77.5,76,79.5,80.5,82.5,84,86.5,87.5,88.5,89.5",21.5,82.04,98.25,GMCC SZ80Е1H,34,1
551,551100584849640790551,"71,70.5,67,69,69.5,70,70.5,71,73.5,74",14.7,69.7,85.87,GMCC SZ80Е1H,34,1
551,551100149549524580551,"81.5,82,84,87.5,89.5,92,93.5,94",21.2,81.49,97.7,GMCC SZ80Е1H,34,1
551,551100584849642470551,"75.5,72,71.5,73.5,74,76.5,79,80.5,80",16.2,72.42,88.6,GMCC SZ80Е1H,34,1
551,551100149549525240551,"81.5,84,85.5,86.5,87,90,91,92",20.7,80.59,96.79,GMCC SZ80Е1H,34,1
551,551100149549419490551,"80,79,80,79,81.5,83.5,85,85.5",17.3,74.42,90.6,GMCC SZ80Е1H,34,1
551,551100584849694070551,"75,78.5,77.5,78,80,81.5,83,81.5",18.6,76.77,92.97,GMCC SZ80Е1H,34,1
551,551100149549524570551,"84.5,86,87,88.5,90.5,91.5,93.5,93,93.5",21.4,81.86,98.07,GMCC SZ80Е1H,34,1
551,551100149549524560551,"80,82.5,84.5,86.5,90,91.5,90",21.2,81.49,97.7,GMCC SZ80Е1H,34,1
551,551100584849785370551,"69.5,74,72.5,74.5,75.5,77,78,79",16.7,73.33,89.51,GMCC SZ80Е1H,34,1
551,551100149549520980551,"71.5,73,75,75.5,77,78.5,81,80.5",18.9,77.32,93.52,GMCC SZ80Е1H,34,1
551,551100149549524540551,"83,83.5,86,87.5,91.5,93,95.5,94.5",21.2,81.49,97.7,GMCC SZ80Е1H,34,1
551,551100149549524520551,"82,84.5,87.5,88.5,92.5,96,96.5,97.5",21.3,81.68,97.88,GMCC SZ80Е1H,34,1
551,551100584849702140551,"66.5,72,74.5,76,78,78.5,79",15.9,71.87,88.06,GMCC SZ80Е1H,34,1
551,551100149549524510551,"82.5,85.5,87,91,92,93,92.5,95.5",21.3,81.68,97.88,GMCC SZ80Е1H,34,1
551,551100584849794790551,"79.5,76.5,78.5,79.5,82,84,86,85.5,86.5",21.5,82.04,98.25,GMCC SZ80Е1H,34,1
551,551100149549524500551,"81.5,83.5,85,87.5,90,92,93.5,94.5",21.3,81.68,97.88,GMCC SZ80Е1H,34,1
551,551100584849644030551,"71,66.5,70.5,71.5,73,74.5,75.5,77",15.5,71.15,87.33,GMCC SZ80Е1H,34,1
551,551100584849698580551,"76,79.5,80.5,82.5,83.5,85.5,87,88,88.5,89",20.6,80.41,96.61,GMCC SZ80Е1H,34,1
551,551100149549524490551,"81,83.5,85.5,88,90,90.5,93,95",21.3,81.68,97.88,GMCC SZ80Е1H,34,1
551,551100584849696580551,"75.5,77.5,78,79,81.5,83,84,87,86.5,87.5",18.4,76.41,92.61,GMCC SZ80Е1H,34,1
551,551100149549529590551,"77,75.5,78.5,80,82.5,83,85",16.4,72.78,88.97,GMCC SZ80Е1H,34,1
551,551100584849696590551,"78,77,76,80,83.5,85.5,87,88.5,89",19.4,78.23,94.43,GMCC SZ80Е1H,34,1
551,551100584849646270551,"66.5,70,70.5,71.5,72.5,74,75.5",13.5,67.52,83.69,GMCC SZ80Е1H,34,1
551,551100149549419050551,"80.5,80,81.5,82.5,85,86,87,87.5",18.2,76.05,92.24,GMCC SZ80Е1H,34,1
551,551100584849819010551,"79.5,80.5,82,84,87,88.5,89,91,91.5,92.5",22.9,84.58,100.8,GMCC SZ80Е1H,34,1
551,551100149549419500551,"78.5,79.5,80,80.5,82.5,83.5,85,83.5",16.9,73.69,89.88,GMCC SZ80Е1H,34,1
551,551100149549524460551,"78.5,78,84.5,86,87,89.5,90.5,91.5",21.3,81.68,97.88,GMCC SZ80Е1H,34,1
551,551100149549519750551,"77.5,73,75.5,77.5,78.5,80,81.5,82.5",20.1,79.5,95.7,GMCC SZ80Е1H,34,1
551,551100584849648670551,"78.5,79.5,80,82,84.5,87.5,90.5,90",21.8,82.58,98.8,GMCC SZ80Е1H,34,1
551,551100584849783530551,"79.5,76.5,77.5,79,81,81.5,82.5,84,83",18.5,76.59,92.79,GMCC SZ80Е1H,34,1
551,551100149549527800551,"80.5,82.5,83.5,84.5,85.5,86.5,87.5,89,91.5",17.8,75.32,91.51,GMCC SZ80Е1H,34,1
551,551100149549528060551,"79.5,81,82.5,85,87.5,88.5,91.5,89.5",17.5,74.78,90.97,GMCC SZ80Е1H,34,1
551,551100149549527430551,"88,86,86.5,89,91.5,92,94.5,95.5,95",20.2,79.68,95.88,GMCC SZ80Е1H,34,1
551,551100149549524400551,"84.5,80.5,80,82.5,84.5,86,87,87.5,88.5,87",17.3,74.42,90.6,GMCC SZ80Е1H,34,1
551,551100584849694850551,"73.5,75,74.5,75.5,77,78,79.5,80.5,82,82.5,83.5,84",17.9,75.5,91.7,GMCC SZ80Е1H,34,1
551,551100149549525860551,"82,83,83.5,87,86.5,89,90,91",21.4,81.86,98.07,GMCC SZ80Е1H,34,1
551,551100149549524430551,"82.5,82,84,85.5,89,89.5,92,91,93.5,91.5",20.1,79.5,95.7,GMCC SZ80Е1H,34,1
551,551100584849797070551,"77,77.5,79,79.5,83,82.5,85.5,83.5,84",20.1,79.5,95.7,GMCC SZ80Е1H,34,1
551,551100584849698730551,"74.5,74,72,77,78,79,80,81.5,83",17.9,75.5,91.7,GMCC SZ80Е1H,34,1
551,551100149549524310551,"85,82,82.5,85,88,91,89.5,90",20.2,79.68,95.88,GMCC SZ80Е1H,34,1
551,551100584849641860551,"76.5,74,75,75.5,77,78.5,78",15.3,70.78,86.96,GMCC SZ80Е1H,34,1
551,551100149549519940551,"74.5,75,75.5,78,78.5,79.5,82.5,84",19.9,79.13,95.34,GMCC SZ80Е1H,34,1
551,551100149549521730551,"75.5,77.5,79,81,81.5,82",18.2,76.05,92.24,GMCC SZ80Е1H,34,1
551,551100149549526360551,"82,83.5,86.5,88.5,90,92,93.5",19.9,79.13,95.34,GMCC SZ80Е1H,34,1
551,551100149549524180551,"82,85,86.5,88,91,94.5,95.5,94.5",21.4,81.86,98.07,GMCC SZ80Е1H,34,1
551,551100584849646390551,"68.5,64,69,69.5,71,72,74,73.5",13.0,66.61,82.78,GMCC SZ80Е1H,34,1
551,551100149549527280551,"83,84.5,85,87,88,90.5,93,91.5",19.4,78.23,94.43,GMCC SZ80Е1H,34,1
551,551100149549526030551,"83,84.5,86,87,86.5,89,89.5,91.5,92.5",20.1,79.5,95.7,GMCC SZ80Е1H,34,1
551,551100149549525300551,"85.5,84.5,88.5,89.5,92.5,95.5",20.9,80.95,97.16,GMCC SZ80Е1H,34,1
551,551100149549524170551,"80.5,82.5,84.5,86.5,86",16.4,72.78,88.97,GMCC SZ80Е1H,34,1
551,551100149549524140551,"81,85,87,88.5,90.5,92,94,97",21.4,81.86,98.07,GMCC SZ80Е1H,34,1
551,551100149549525070551,"86,85,87,89,91,93.5,93",20.9,80.95,97.16,GMCC SZ80Е1H,34,1
551,551100584849795660551,"77,80,79,83,84,86,87,88,88.5",21.3,81.68,97.88,GMCC SZ80Е1H,34,1
551,551100149549524020551,"80.5,79,81,82,83,85.5,86.5,89",20.2,79.68,95.88,GMCC SZ80Е1H,34,1
551,551100584849643440551,"74.5,71.5,70.5,71,74,74.5,76.5,76",16.0,72.06,88.24,GMCC SZ80Е1H,34,1
551,551100149549523970551,"85.5,83,85,86.5,88,90,88.5",20.1,79.5,95.7,GMCC SZ80Е1H,34,1
551,551100149549523960551,"82,80.5,81.5,82,82.5,84.5,85.5,87",20.2,79.68,95.88,GMCC SZ80Е1H,34,1
551,551100584849695250551,"74,75.5,76,76.5,78.5,81,81.5,80.5",18.3,76.23,92.42,GMCC SZ80Е1H,34,1
551,551100584849646640551,"71.5,72.5,71,71.5,72.5,73.5,74.5,75.5",12.4,65.52,81.68,GMCC SZ80Е1H,34,1
551,551100584849796480551,"77,80,83.5,85,85.5,87.5,88",20.6,80.41,96.61,GMCC SZ80Е1H,34,1
551,551100149549523930551,"85,83,86,88,89,90.5,94,92.5",20.2,79.68,95.88,GMCC SZ80Е1H,34,1
551,551100149549518770551,"78,77.5,78,80.5,82.5,83,84.5,86.5,88.5",21.1,81.31,97.52,GMCC SZ80Е1H,34,1
551,551100584849697960551,"73.5,74.5,73.5,77,77.5,80.5,81",17.5,74.78,90.97,GMCC SZ80Е1H,34,1
551,551100584849696670551,"75.5,80.5,81,82.5,83.5,84.5,85.5,86",19.4,78.23,94.43,GMCC SZ80Е1H,34,1
551,551100149549529910551,"79.5,80.5,81.5,83,84.5,85.5,86.5",15.8,71.69,87.87,GMCC SZ80Е1H,34,1
551,551100149549419060551,"79,78.5,79,81,81.5,83,85,85.5",17.1,74.05,90.24,GMCC SZ80Е1H,34,1
551,551100584849643530551,"71,69,70,71,72.5,74,75",15.2,70.6,86.78,GMCC SZ80Е1H,34,1
551,551100149549523880551,"85,86,87.5,90,92,93,95,94",20.1,79.5,95.7,GMCC SZ80Е1H,34,1
551,551100149549523870551,"85,83.5,86,86.5,89,89.5,92,90.5",20.3,79.86,96.06,GMCC SZ80Е1H,34,1
551,551100149549532180551,"83,82,83.5,85.5,88,89.5,90.5,91.5",18.0,75.69,91.88,GMCC SZ80Е1H,34,1
551,551100584849645060551,"76,73,72.5,74,77.5,79,79.5,78.5,79",14.7,69.7,85.87,GMCC SZ80Е1H,34,1
551,551100584849818010551,"75.5,80.5,81,83,85,87,89.5,90,91",24.3,87.12,103.35,GMCC SZ80Е1H,34,1
551,551100584849796040551,"77,80.5,82,84,85.5,88,89,89.5",21.3,81.68,97.88,GMCC SZ80Е1H,34,1
551,551100584849648980551,"80.5,80,82.5,84.5,86.5,88.5,87.5",21.7,82.4,98.61,GMCC SZ80Е1H,34,1
551,551100584849699340551,"72.5,76.5,75.5,78,80,81,82.5,81.5",19.5,78.41,94.61,GMCC SZ80Е1H,34,1
551,551100149549419560551,"78,77.5,80,81,82.5,83.5,83",16.8,73.51,89.69,GMCC SZ80Е1H,34,1
551,551100149549525200551,"80,83,85.5,85,87,90,92,91.5",20.8,80.77,96.97,GMCC SZ80Е1H,34,1
551,551100149549523830551,"81.5,83,84,85.5,88.5,89,90,91.5",20.2,79.68,95.88,GMCC SZ80Е1H,34,1
551,551100584849702350551,"77.5,77,77.5,79.5,82.5,83.5,84.5,85.5",16.7,73.33,89.51,GMCC SZ80Е1H,34,1
551,551100149549532750551,"85,84,86.5,87.5,88,89.5,93,90.5",18.5,76.59,92.79,GMCC SZ80Е1H,34,1
551,551100149549523810551,"86.5,87,88,89.5,90.5,91.5,93.5,93",20.1,79.5,95.7,GMCC SZ80Е1H,34,1
551,551100584849818750551,"80,83.5,82.5,84.5,86,88,89,91,92.5,93.5",23.3,85.31,101.53,GMCC SZ80Е1H,34,1
551,551100149549532310551,"84.5,82.5,84.5,85,86,88,88.5,89",18.0,75.69,91.88,GMCC SZ80Е1H,34,1
551,551100584849780800551,"78.5,80.5,82,85.5,87,88.5,89.5",20.5,80.22,96.43,GMCC SZ80Е1H,34,1
551,551100584849696620551,"76,78,77.5,79.5,81,82.5,83.5,85,85.5,86",19.6,78.59,94.79,GMCC SZ80Е1H,34,1
551,551100149549528950551,"77.5,78,80,79.5,81.5,85,83",17.3,74.42,90.6,GMCC SZ80Е1H,34,1
551,551100584849640070551,"73,71,68,72,72.5,73,74,73.5",14.8,69.88,86.05,GMCC SZ80Е1H,34,1
551,551100149549527470551,"80.5,84,83.5,86.5,88,90,92.5,91.5",18.3,76.23,92.42,GMCC SZ80Е1H,34,1
551,551100149549519170551,"80,79,81,82.5,85,85.5,86.5,87.5",20.8,80.77,96.97,GMCC SZ80Е1H,34,1
551,551100149549523790551,"83,85,86.5,89.5,90.5,93,91.5",20.3,79.86,96.06,GMCC SZ80Е1H,34,1
551,551100584849798120551,"76.5,75.5,76.5,78,79,79.5,82,83",19.0,77.5,93.7,GMCC SZ80Е1H,34,1
551,551100149549522190551,"81,82,82.5,85,87,90,93,91",18.1,75.87,92.06,GMCC SZ80Е1H,34,1
551,551100149549533390551,"80.5,81.5,84.5,85,87,85.5",18.3,76.23,92.42,GMCC SZ80Е1H,34,1
551,551100584849641170551,"70.5,72,71,73.5,75,77,78,78.5",15.9,71.87,88.06,GMCC SZ80Е1H,34,1
551,551100149549523780551,"86,87,88.5,90,91.5,92.5,95,93.5",20.2,79.68,95.88,GMCC SZ80Е1H,34,1
551,551100584849694520551,"70.5,74.5,77,78,80,81.5,84",18.4,76.41,92.61,GMCC SZ80Е1H,34,1
551,551100584849643550551,"75.5,75,74.5,75.5,77,78.5,78",15.8,71.69,87.87,GMCC SZ80Е1H,34,1
551,551100149549523750551,"85,84,84.5,86.5,86,86.5,88,87.5,88,90,92",20.1,79.5,95.7,GMCC SZ80Е1H,34,1
551,551100584849643960551,"71,73.5,73,74.5,75,76,75.5,76.5",15.5,71.15,87.33,GMCC SZ80Е1H,34,1
551,551100149549523710551,"82.5,85,84,86,89,88.5,90.5",20.1,79.5,95.7,GMCC SZ80Е1H,34,1
551,551100149549523690551,"83,82.5,86,86.5,89.5,91,90",20.1,79.5,95.7,GMCC SZ80Е1H,34,1
551,551100584849642460551,"75,77,78.5,81,79",16.3,72.6,88.78,GMCC SZ80Е1H,34,1
551,551100584849799110551,"73.5,77.5,79,80,82,84.5,86,85",20.1,79.5,95.7,GMCC SZ80Е1H,34,1
551,551100584849641840551,"74.5,71,70.5,71.5,73.5,75,76,76.5",15.3,70.78,86.96,GMCC SZ80Е1H,34,1
551,551100149549523680551,"83,84,85.5,88.5,90.5,93,93.5,94.5",20.1,79.5,95.7,GMCC SZ80Е1H,34,1
551,551100584849700320551,"79,80.5,80,83.5,84,85.5,86",18.1,75.87,92.06,GMCC SZ80Е1H,34,1
551,551100584849642950551,"67,70.5,70,72,73.5,74,75.5,77.5,79.5",15.8,71.69,87.87,GMCC SZ80Е1H,34,1
551,551100584849643170551,"71,73,73.5,74.5,75,78,77",16.1,72.24,88.42,GMCC SZ80Е1H,34,1
551,551100584849796970551,"81,78,79.5,80.5,83,84.5,85.5,88.5",20.2,79.68,95.88,GMCC SZ80Е1H,34,1
551,551100584849783430551,"72.5,71.5,75,75.5,76.5,77.5,78,79,79.5,80,80.5",18.6,76.77,92.97,GMCC SZ80Е1H,34,1
551,551100149549524650551,"81,84.5,86.5,88.5,90.5,93,96,95",21.0,81.13,97.34,GMCC SZ80Е1H,34,1
551,551100149549523670551,"88.5,86,87,88.5,91,90.5,92,90.5",20.1,79.5,95.7,GMCC SZ80Е1H,34,1
551,551100149549519730551,"78,77.5,77,78,79.5,81.5,83.5,83",20.0,79.32,95.52,GMCC SZ80Е1H,34,1
551,551100149549522350551,"77.5,78.5,79,80.5,82,83.5,85.5,85",16.7,73.33,89.51,GMCC SZ80Е1H,34,1
551,551100584849694160551,"76,75.5,74,77,78,79.5,80,81,82,82.5,83",18.5,76.59,92.79,GMCC SZ80Е1H,34,1
551,551100149549522300551,"79.5,82,82.5,84.5,83,84.5,86.5,87.5",16.6,73.14,89.33,GMCC SZ80Е1H,34,1
551,551100584849692750551,"77.5,74,73,76.5,79,81.5,80",15.8,71.69,87.87,GMCC SZ80Е1H,34,1
551,551100149549523650551,"83,83.5,85.5,87.5,89.5,92.5,94,93.5,95.5",20.1,79.5,95.7,GMCC SZ80Е1H,34,1
551,551100149549520390551,"77,76,77,79,81.5,84,87,86",19.6,78.59,94.79,GMCC SZ80Е1H,34,1
551,551100149549530100551,"82.5,81.5,83.5,85,87,89.5,90.5,90",18.9,77.32,93.52,GMCC SZ80Е1H,34,1
551,551100584849818420551,"83.5,85,88.5,90,91,93,95,96.5,96",23.9,86.39,102.62,GMCC SZ80Е1H,34,1
551,551100584849781850551,"76,77,79,80.5,81,83,83.5",20.0,79.32,95.52,GMCC SZ80Е1H,34,1
551,551100149549523630551,"75,74,73.5,76,74.5,77.5,78,77",14.3,68.97,85.14,GMCC SZ80Е1H,34,1
551,551100584849784840551,"74.5,75,73,76,77.5,78.5,78",17.0,73.87,90.06,GMCC SZ80Е1H,34,1
551,551100584849702000551,"72.5,75.5,76,77.5,79.5,81,82,81",16.3,72.6,88.78,GMCC SZ80Е1H,34,1
551,551100149549523600551,"81,81.5,82,84.5,85.5,88,89.5,89",20.2,79.68,95.88,GMCC SZ80Е1H,34,1
551,551100149549529960551,"77.5,78.5,78,80,80.5,82.5,81.5",15.7,71.51,87.69,GMCC SZ80Е1H,34,1
551,551100149549533570551,"79,81,82.5,84,86.5,87.5,86",17.7,75.14,91.33,GMCC SZ80Е1H,34,1
551,551100584849642650551,"72.5,71.5,69.5,71,70.5,72,73.5,73,73.5,75.5",15.7,71.51,87.69,GMCC SZ80Е1H,34,1
551,551100149549523590551,"82.5,83,86.5,87,89,90,91.5,90.5",20.2,79.68,95.88,GMCC SZ80Е1H,34,1
551,551100149549523560551,"82,84,86.5,88,89,90.5,92.5,93,92",20.2,79.68,95.88,GMCC SZ80Е1H,34,1
551,551100584849642500551,"76,68.5,70,69.5,68.5,70.5,71,73,74.5,75,76.5,77",16.1,72.24,88.42,GMCC SZ80Е1H,34,1
551,551100584849782550551,"76,73,77,77.5,78.5,80.5,81,80.5,81,84.5",19.1,77.68,93.88,GMCC SZ80Е1H,34,1
551,551100584849781440551,"76.5,75,76,77.5,79.5,80.5,82.5,81.5",19.5,78.41,94.61,GMCC SZ80Е1H,34,1
551,551100149549523530551,"81.5,83,83.5,85,87.5,90,90.5,91.5",20.2,79.68,95.88,GMCC SZ80Е1H,34,1
551,551100584849694000551,"76,78.5,79,81.5,83,84.5,84,86",18.6,76.77,92.97,GMCC SZ80Е1H,34,1
551,551100149549523510551,"80.5,84,83.5,84.5,85.5,87.5,88.5,90,88",20.2,79.68,95.88,GMCC SZ80Е1H,34,1
551,551100584849798050551,"71,75.5,77,79.5,81.5,83,85,83.5",19.5,78.41,94.61,GMCC SZ80Е1H,34,1
551,551100149549523470551,"80.5,82.5,83,86.5,89,87.5",20.2,79.68,95.88,GMCC SZ80Е1H,34,1
551,551100149549418090551,"79,80.5,82,84,85,88,89,89.5",18.3,76.23,92.42,GMCC SZ80Е1H,34,1
551,551100149549529130551,"79,80.5,81,82,82.5,85.5,86.5,86",16.8,73.51,89.69,GMCC SZ80Е1H,34,1
551,551100149549527560551,"79.5,81.5,83.5,85,86.5,88,86.5",18.2,76.05,92.24,GMCC SZ80Е1H,34,1
551,551100149549530830551,"77.5,79.5,81.5,83.5,87,86.5,85.5",16.2,72.42,88.6,GMCC SZ80Е1H,34,1
551,551100149549523390551,"82,81,82,83,85.5,86.5,89,90",20.2,79.68,95.88,GMCC SZ80Е1H,34,1
551,551100584849781910551,"72,77,79,81,82,81.5",20.0,79.32,95.52,GMCC SZ80Е1H,34,1
551,551100149549519420551,"78.5,79.5,79,81.5,83,85,86,88",20.4,80.04,96.25,GMCC SZ80Е1H,34,1
551,551100149549527680551,"80,81,82,84,87.5,90.5,93,91.5",18.0,75.69,91.88,GMCC SZ80Е1H,34,1
551,551100584849645960551,"67,68.5,65,66,67.5,70.5,70",13.5,67.52,83.69,GMCC SZ80Е1H,34,1
551,551100149549523360551,"84,86,88.5,90,93,93.5,95",20.2,79.68,95.88,GMCC SZ80Е1H,34,1
551,551100149549523350551,"83.5,83,84,88.5,91,93.5,92.5",20.2,79.68,95.88,GMCC SZ80Е1H,34,1
551,551100584849818610551,"82,81.5,84,85,88,91,92.5,93.5",23.9,86.39,102.62,GMCC SZ80Е1H,34,1
551,551100149549419530551,"78.5,78,81,81.5,82,84.5,86.5,85.5",16.8,73.51,89.69,GMCC SZ80Е1H,34,1
551,551100149549530080551,"78,82.5,85,84.5,86.5,89,90,91.5",18.8,77.14,93.33,GMCC SZ80Е1H,34,1
551,551100149549419620551,"78.5,80.5,81,81.5,82,83.5,84.5,85.5,87",16.7,73.33,89.51,GMCC SZ80Е1H,34,1
551,551100149549521330551,"73.5,75.5,75,76,78.5,81,82.5,82",18.5,76.59,92.79,GMCC SZ80Е1H,34,1
551,551100584849640350551,"68.5,75,77,79,80,81.5,82",17.0,73.87,90.06,GMCC SZ80Е1H,34,1
551,551100149549523310551,"79.5,80.5,83.5,85,87,89.5,88",20.3,79.86,96.06,GMCC SZ80Е1H,34,1
551,551100149549523300551,"82,85,84.5,88,89,92,95.5,94.5",20.2,79.68,95.88,GMCC SZ80Е1H,34,1
551,551100584849640250551,"73.5,70,68.5,70,71,72,73",15.3,70.78,86.96,GMCC SZ80Е1H,34,1
551,551100584849640120551,"75,74,72.5,75,75.5,77.5,77,79",14.6,69.51,85.69,GMCC SZ80Е1H,34,1
551,551100149549523260551,"79,81,82.5,84,85,84",16.4,72.78,88.97,GMCC SZ80Е1H,34,1
551,551100584849817670551,"85.5,82.5,85,88.5,87,91.5,93,94,95,95.5",23.9,86.39,102.62,GMCC SZ80Е1H,34,1
551,551100584849698390551,"72,75.5,71.5,73,74,74.5,76,76.5",17.2,74.23,90.42,GMCC SZ80Е1H,34,1
551,551100149549418260551,"83.5,81.5,83,83.5,85,87,88.5,89,88.5",17.9,75.5,91.7,GMCC SZ80Е1H,34,1
551,551100149549523580551,"85,86.5,89,89.5,91,93.5,94.5,94",20.2,79.68,95.88,GMCC SZ80Е1H,34,1
551,551100149549523240551,"81,80,80.5,81,82.5,83.5,84.5,85.5",16.4,72.78,88.97,GMCC SZ80Е1H,34,1
551,551100584849781400551,"72.5,77.5,79,81,83,83.5,84",19.6,78.59,94.79,GMCC SZ80Е1H,34,1
551,551100149549520770551,"78,79.5,77.5,78.5,79,81,82,83.5,83",19.1,77.68,93.88,GMCC SZ80Е1H,34,1
551,551100149549521260551,"74.5,70,73.5,67.5,74,75.5,77,77.5",18.5,76.59,92.79,GMCC SZ80Е1H,34,1
551,551100149549525260551,"84,83.5,85,83.5,87,89.5,91.5,91",20.6,80.41,96.61,GMCC SZ80Е1H,34,1
551,551100584849648030551,"79.5,78,76,79.5,80.5,83,84,85.5,87.5",20.3,79.86,96.06,GMCC SZ80Е1H,34,1
551,551100149549529230551,"77.5,79.5,80.5,81,82,84,83.5",17.0,73.87,90.06,GMCC SZ80Е1H,34,1
551,551100149549531590551,"81.5,81,83,83.5,85,85.5,88.5,87.5",18.5,76.59,92.79,GMCC SZ80Е1H,34,1
551,551100149549532320551,"81,80.5,82,81.5,84,84.5,85,85.5,86.5,85,86,88",18.3,76.23,92.42,GMCC SZ80Е1H,34,1
551,551100149549523230551,"77.5,79.5,78,79.5,80,81,82.5,81.5",16.4,72.78,88.97,GMCC SZ80Е1H,34,1
551,551100149549523730551,"82,83,86,88,88.5,91,89.5",20.1,79.5,95.7,GMCC SZ80Е1H,34,1
551,551100149549521530551,"70.5,71,72,74,72.5,74,74.5,75.5,76.5,77,78.5",18.3,76.23,92.42,GMCC SZ80Е1H,34,1
551,551100149549523220551,"76.5,77.5,76.5,80,80.5,82,82.5,82",17.0,73.87,90.06,GMCC SZ80Е1H,34,1
551,551100584849640320551,"71.5,73.5,72.5,73,75,76.5,77,76",17.1,74.05,90.24,GMCC SZ80Е1H,34,1
551,551100584849694840551,"79,76,77,76,78.5,80,81.5,82",18.0,75.69,91.88,GMCC SZ80Е1H,34,1
551,551100149549523170551,"77,75.5,76.5,77,78.5,80.5,79.5",16.9,73.69,89.88,GMCC SZ80Е1H,34,1
551,551100584849698970551,"76,81.5,83.5,84,85.5,87,88,88.5",20.2,79.68,95.88,GMCC SZ80Е1H,34,1
551,551100149549527580551,"81.5,83,84,86,89,90,91.5,90.5",18.2,76.05,92.24,GMCC SZ80Е1H,34,1
551,551100584849795700551,"75,78.5,78,83,86,86.5,90.5,89.5,90.5",21.2,81.49,97.7,GMCC SZ80Е1H,34,1
551,551100149549523140551,"79,77,76,79.5,81,80.5,81,82,84,83",17.3,74.42,90.6,GMCC SZ80Е1H,34,1
551,551100149549519700551,"74,75.5,76,78,81,82.5,84.5,85",20.4,80.04,96.25,GMCC SZ80Е1H,34,1
551,551100149549525500551,"87.5,86,87,88.5,89.5,92,94.5,93.5",20.5,80.22,96.43,GMCC SZ80Е1H,34,1
551,551100149549518920551,"77.5,76.5,77.5,79.5,82.5,85,87,87.5",21.0,81.13,97.34,GMCC SZ80Е1H,34,1
551,551100584849781750551,"76.5,79,82.5,83.5,85.5,87,88",20.0,79.32,95.52,GMCC SZ80Е1H,34,1
551,551100149549527520551,"77,78.5,80.5,83,84.5,88,89,88.5",18.3,76.23,92.42,GMCC SZ80Е1H,34,1
551,551100149549519660551,"79,77,75,77,78.5,79.5,80,80.5,82.5",20.1,79.5,95.7,GMCC SZ80Е1H,34,1
551,551100584849783760551,"75.5,78,77.5,75,77.5,79,78,80,81",18.2,76.05,92.24,GMCC SZ80Е1H,34,1
551,551100149549521740551,"74,73.5,74,75,77,75.5,79,77",18.2,76.05,92.24,GMCC SZ80Е1H,34,1
551,551100149549522240551,"79,81.5,81,81.5,82.5,84.5,86.5,86",16.8,73.51,89.69,GMCC SZ80Е1H,34,1
551,551100149549418480551,"81.5,80.5,84,85,84.5,87.5,88,88.5",17.4,74.6,90.79,GMCC SZ80Е1H,34,1
551,551100584849784910551,"74.5,75,76,79.5,81,81.5,80.5",17.1,74.05,90.24,GMCC SZ80Е1H,34,1
551,551100149549519570551,"76.5,77,77.5,78,79.5,82,85",20.2,79.68,95.88,GMCC SZ80Е1H,34,1
551,551100584849794670551,"77.5,76.5,78.5,80.5,83,83.5,85,86.5",21.5,82.04,98.25,GMCC SZ80Е1H,34,1
551,551100584849781970551,"76.5,74,68,78.5,77,76,74.5,78.5,80,79",19.8,78.95,95.15,GMCC SZ80Е1H,34,1
551,551100584849645170551,"74.5,72,69,71.5,72.5,74,75.5,74.5",14.5,69.33,85.51,GMCC SZ80Е1H,34,1
551,551100149549518810551,"80,78.5,79,81,82.5,85,87.5,87",21.1,81.31,97.52,GMCC SZ80Е1H,34,1
551,551100149549519560551,"77,77.5,78,81,84,85,85.5",20.6,80.41,96.61,GMCC SZ80Е1H,34,1
551,551100149549419480551,"81.5,82,83.5,84.5,85,87.5,86.5",16.9,73.69,89.88,GMCC SZ80Е1H,34,1
551,551100149549524660551,"84,85,86.5,88,90.5,90,93,95,95.5",21.0,81.13,97.34,GMCC SZ80Е1H,34,1
551,551100584849640210551,"72,73,72,73,74.5,75,76,76.5",17.1,74.05,90.24,GMCC SZ80Е1H,34,1
551,551100584849648640551,"79,82,84.5,86.5,89.5,91.5,90",21.8,82.58,98.8,GMCC SZ80Е1H,34,1
551,551100149549528070551,"81.5,79,82,84,84.5,86,88.5,87.5",17.6,74.96,91.15,GMCC SZ80Е1H,34,1
551,551100584849640300551,"75,74.5,74,76,76.5,78.5,79,79.5",17.1,74.05,90.24,GMCC SZ80Е1H,34,1
551,551100584849796230551,"78,79,80,83,84.5,87.5,89,89.5",20.8,80.77,96.97,GMCC SZ80Е1H,34,1
551,551100584849702550551,"67.5,71,72,73,74,74.5,76.5,77",15.8,71.69,87.87,GMCC SZ80Е1H,34,1
551,551100584849641220551,"68.5,72.5,69.5,71.5,73,74,75,75.5",15.7,71.51,87.69,GMCC SZ80Е1H,34,1
551,551100149549522860551,"77.5,78.5,78,80,81,82,82.5,83,83.5",17.2,74.23,90.42,GMCC SZ80Е1H,34,1
551,551100149549519540551,"70.5,72,76.5,77.5,78.5,81,84,82.5",20.6,80.41,96.61,GMCC SZ80Е1H,34,1
551,551100149549533530551,"86,84,84.5,87,86.5,87.5,90.5,89",17.7,75.14,91.33,GMCC SZ80Е1H,34,1
551,551100149549529270551,"75.5,76.5,77.5,79,81.5,83,83.5,83",16.8,73.51,89.69,GMCC SZ80Е1H,34,1
551,551100149549419040551,"82,79.5,81.5,82,85,84.5,88.5,88",17.3,74.42,90.6,GMCC SZ80Е1H,34,1
551,551100584849702070551,"73.5,74.5,75.5,76.5,77,78.5,79.5,80",16.7,73.33,89.51,GMCC SZ80Е1H,34,1
551,551100584849646150551,"68.5,67,66,68,68.5,69.5,70.5,71,72.5",13.2,66.97,83.14,GMCC SZ80Е1H,34,1
551,551100149549527670551,"81.5,82.5,84.5,86.5,88,90.5,88.5,90.5",18.0,75.69,91.88,GMCC SZ80Е1H,34,1
551,551100149549527550551,"83.5,82,86,87.5,89.5,91.5,93.5,94",20.1,79.5,95.7,GMCC SZ80Е1H,34,1
551,551100584849794810551,"81,83,83.5,85,85.5,88.5,89,90.5,92.5",22.4,83.67,99.89,GMCC SZ80Е1H,34,1
551,551100584849699840551,"77,78,77.5,79,80.5,82.5,83.5,83",18.3,76.23,92.42,GMCC SZ80Е1H,34,1
551,551100149549519510551,"78,76.5,78,80,82.5,85.5,88,87.5",20.3,79.86,96.06,GMCC SZ80Е1H,34,1
551,551100584849646240551,"66.5,70.5,71,71.5,72.5,73.5",13.7,67.88,84.05,GMCC SZ80Е1H,34,1
551,551100149549528520551,"81.5,83,86,86.5,89.5,90,91.5,89.5,89",17.1,74.05,90.24,GMCC SZ80Е1H,34,1
551,551100149549519260551,"73.5,76.5,77.5,76.5,78,81.5,83.5,84.5,87,87.5",20.7,80.59,96.79,GMCC SZ80Е1H,34,1
551,551100149549525180551,"82,84,85.5,87.5,90,92,94,93.5",20.8,80.77,96.97,GMCC SZ80Е1H,34,1
551,551100149549532940551,"81.5,81,83,86.5",18.1,75.87,92.06,GMCC SZ80Е1H,34,1
551,551100584849647230551,"76.5,77,79.5,81.5,83.5,85.5,85",20.4,80.04,96.25,GMCC SZ80Е1H,34,1
551,551100149549519440551,"76,79.5,82,85,87,87.5",20.4,80.04,96.25,GMCC SZ80Е1H,34,1
551,551100149549519020551,"76.5,77.5,80,83,86.5,88,89.5,91",20.9,80.95,97.16,GMCC SZ80Е1H,34,1
551,551100584849781110551,"76.5,75,77,79.5,80.5,82.5,84,85.5,86.5",20.2,79.68,95.88,GMCC SZ80Е1H,34,1
551,551100149549531760551,"83,82.5,83.5,85,86.5,88.5,89.5,90,89",18.4,76.41,92.61,GMCC SZ80Е1H,34,1
551,551100149549527300551,"82,83.5,84,85.5,88.5,90.5,92,90.5",19.8,78.95,95.15,GMCC SZ80Е1H,34,1
551,551100584849817660551,"80,82,86.5,88.5,90.5,92,93.5,94",24.1,86.76,102.98,GMCC SZ80Е1H,34,1
551,551100149549519180551,"73.5,76,77,80,81.5,85,86,87",20.7,80.59,96.79,GMCC SZ80Е1H,34,1
551,551100149549418760551,"83,84,86,87.5,89,90,89",17.4,74.6,90.79,GMCC SZ80Е1H,34,1
551,551100149549418470551,"80.5,81.5,83,84.5,86.5,88,89.5,88.5",17.8,75.32,91.51,GMCC SZ80Е1H,34,1
551,551100584849820280551,"74.5,76.5,82.5,84.5,85,86,87,89,89.5",21.6,82.22,98.43,GMCC SZ80Е1H,34,1
551,551100149549518950551,"73,76.5,77.5,78,81,85,87,89",20.9,80.95,97.16,GMCC SZ80Е1H,34,1
551,551100149549528810551,"80,80.5,81.5,84,85,87.5,88",17.4,74.6,90.79,GMCC SZ80Е1H,34,1
551,551100584849782810551,"72.5,74.5,75.5,77,78,79.5,80,81,82",18.9,77.32,93.52,GMCC SZ80Е1H,34,1
551,551100584849694050551,"72,72.5,76.5,76,77.5,78,79.5",16.9,73.69,89.88,GMCC SZ80Е1H,34,1
551,551100584849642440551,"76,74.5,76,78,79.5,81,80.5",16.2,72.42,88.6,GMCC SZ80Е1H,34,1
551,551100149549519200551,"78.5,79.5,81,82,84,85,86,88,89.5",20.8,80.77,96.97,GMCC SZ80Е1H,34,1
551,551100584849799130551,"76.5,76,75.5,78,78.5,80.5,82,84.5,86,87",20.0,79.32,95.52,GMCC SZ80Е1H,34,1
551,551100149549519140551,"79.5,78,80,80.5,84,84.5,86,88",20.8,80.77,96.97,GMCC SZ80Е1H,34,1
551,551100149549521000551,"77.5,78,79.5,82,83,83.5,85,86,87",18.9,77.32,93.52,GMCC SZ80Е1H,34,1
551,551100149549418670551,"82.5,84.5,85.5,87,89,90,88.5",17.4,74.6,90.79,GMCC SZ80Е1H,34,1
551,551100149549519130551,"78,77,78,80.5,82.5,84,83.5",20.9,80.95,97.16,GMCC SZ80Е1H,34,1
551,551100584849781490551,"73.5,76,75,75.5,78,77.5,80,80.5",20.2,79.68,95.88,GMCC SZ80Е1H,34,1
551,551100149549523150551,"81.5,79,78.5,81.5,82,83,85.5,85",16.5,72.96,89.15,GMCC SZ80Е1H,34,1
551,551100149549519190551,"78,81,80.5,82,83.5,86.5,87.5,88",20.9,80.95,97.16,GMCC SZ80Е1H,34,1
551,551100584849696460551,"79,76,77.5,80,80.5,82.5,83.5,86,86.5",19.6,78.59,94.79,GMCC SZ80Е1H,34,1
551,551100149549519090551,"75,78,79,81.5,82.5,83.5,86,84.5",20.9,80.95,97.16,GMCC SZ80Е1H,34,1
551,551100584849701740551,"73.5,74.5,74,75,77.5,79,80.5,81",16.3,72.6,88.78,GMCC SZ80Е1H,34,1
551,551100584849641210551,"73.5,70.5,70,71,73,73.5,76,75",15.4,70.97,87.14,GMCC SZ80Е1H,34,1
551,551100149549519210551,"76.5,80,81,84,86,88,88.5,90.5",20.7,80.59,96.79,GMCC SZ80Е1H,34,1
551,551100584849642670551,"75,74,75,77,78.5,80,80.5,81",15.9,71.87,88.06,GMCC SZ80Е1H,34,1
551,551100584849646990551,"76.5,75.5,90",20.4,80.04,96.25,GMCC SZ80Е1H,34,1
551,551100149549523320551,"78.5,79.5,79,80.5,82,81.5,85,84.5",16.5,72.96,89.15,GMCC SZ80Е1H,34,1
551,551100149549524040551,"81.5,82,83,85,85.5,88,89,90.5,89.5",20.1,79.5,95.7,GMCC SZ80Е1H,34,1
551,551100584849648460551,"78,77,78,79.5,82,86,88.5,88",21.9,82.76,98.98,GMCC SZ80Е1H,34,1
551,551100149549526350551,"85.5,87,88,89,90.5,92,94.5,96",20.4,80.04,96.25,GMCC SZ80Е1H,34,1
551,551100584849819380551,"82,79.5,81,82,83,84.5,87.5,88.5,89.5",22.6,84.04,100.25,GMCC SZ80Е1H,34,1
551,551100149549525490551,"87,86.5,88,90.5,92.5,95.5,93.5",20.5,80.22,96.43,GMCC SZ80Е1H,34,1
551,551100149549525390551,"85,84.5,88.5,90,91.5,92.5,93.5,95.5",21.3,81.68,97.88,GMCC SZ80Е1H,34,1
551,551100149549531280551,"82.5,80.5,83,85,86,86.5,87.5,87,89,89.5,89,89.5,90.5,91",18.2,76.05,92.24,GMCC SZ80Е1H,34,1
551,551100149549526340551,"83.5,83,85,86.5,87.5,88.5,89.5,91.5,92.5,93.5,93,94",19.9,79.13,95.34,GMCC SZ80Е1H,34,1
551,551100149549418530551,"78,76,80,81,83,84,85.5,87,85.5",17.4,74.6,90.79,GMCC SZ80Е1H,34,1
551,551100584849796920551,"79.5,81,82.5,83,85,86.5,88,86.5",20.5,80.22,96.43,GMCC SZ80Е1H,34,1
551,551100584849799270551,"74.5,77,78,78.5,79.5,81,81.5,83,84",20.0,79.32,95.52,GMCC SZ80Е1H,34,1
551,551100584849796420551,"79.5,80,80.5,82,83.5,84.5,87",20.7,80.59,96.79,GMCC SZ80Е1H,34,1
551,551100584849702050551,"75.5,74.5,75.5,77,78.5,80.5,81",17.1,74.05,90.24,GMCC SZ80Е1H,34,1
551,551100584849701010551,"73.5,75,74,74.5,76,77,78,79",17.7,75.14,91.33,GMCC SZ80Е1H,34,1
551,551100584849699750551,"84.5,74,77,77.5,80.5,81.5,83.5,84.5",18.4,76.41,92.61,GMCC SZ80Е1H,34,1
551,551100584849647750551,"81,78.5,80.5,82,84,87,89,88.5",20.5,80.22,96.43,GMCC SZ80Е1H,34,1
551,551100584849784730551,"69,74,74.5,75,76,76.5,77.5,78,78.5,80",17.2,74.23,90.42,GMCC SZ80Е1H,34,1
551,551100149549521630551,"75,76,78.5,79,80.5,80,81",18.4,76.41,92.61,GMCC SZ80Е1H,34,1
551,551100584849642000551,"67.5,71,71.5,73.5,75.5,76,76.5",15.2,70.6,86.78,GMCC SZ80Е1H,34,1
551,551100149549527050551,"83.5,82.5,84.5,85.5,87.5,90.5,91,90",19.4,78.23,94.43,GMCC SZ80Е1H,34,1
551,551100149549522930551,"77,76.5,78.5,78,79,81.5,81",16.9,73.69,89.88,GMCC SZ80Е1H,34,1
551,551100149549519360551,"76.5,76,76.5,79,81.5,82.5,85.5,86.5",20.7,80.59,96.79,GMCC SZ80Е1H,34,1
551,551100584849699260551,"74,76,77.5,78,80.5,82,84.5,85,84.5",19.5,78.41,94.61,GMCC SZ80Е1H,34,1
551,551100149549523380551,"82.5,84,86.5,86,88,90,91.5,91",20.2,79.68,95.88,GMCC SZ80Е1H,34,1
551,551100584849785530551,"75.5,79,77.5,78,79,81,82.5,81.5",17.1,74.05,90.24,GMCC SZ80Е1H,34,1
551,551100149549419470551,"77.5,80,83,83.5,84.5,83.5,86,87,88,87.5,89,88.5",18.1,75.87,92.06,GMCC SZ80Е1H,34,1
551,551100584849693230551,"73.5,75,73,74,75,76,77.5,77",15.9,71.87,88.06,GMCC SZ80Е1H,34,1
551,551100149549523760551,"84,79.5,85,87,87.5,89,92,93.5,91.5",20.2,79.68,95.88,GMCC SZ80Е1H,34,1
551,551100584849785250551,"74.5,75,76,78,78.5,79.5,82,80.5",17.1,74.05,90.24,GMCC SZ80Е1H,34,1
551,551100584849644970551,"71,70,69.5,70,72.5,74,75,76",15.2,70.6,86.78,GMCC SZ80Е1H,34,1
551,551100584849797690551,"75.5,72.5,75.5,78,81.5,82.5,85.5,83.5",19.5,78.41,94.61,GMCC SZ80Е1H,34,1
551,551100149549418300551,"78,79.5,80.5,82,81.5,84.5,82,84.5",17.6,74.96,91.15,GMCC SZ80Е1H,34,1
551,551100584849797910551,"76.5,77.5,76.5,77.5,79,81,82,82.5",19.4,78.23,94.43,GMCC SZ80Е1H,34,1
551,551100149549519320551,"75,76.5,77.5,80.5,82,85,86.5",20.6,80.41,96.61,GMCC SZ80Е1H,34,1
551,551100149549523720551,"86.5,87,87.5,89,91,92.5,94,91.5",20.1,79.5,95.7,GMCC SZ80Е1H,34,1
551,551100149549420550551,"70,75.5,78,78.5,81,83.5,83",16.7,73.33,89.51,GMCC SZ80Е1H,34,1
551,551100149549522360551,"78,78.5,79,81,82,83,82.5",16.8,73.51,89.69,GMCC SZ80Е1H,34,1
551,551100149549522510551,"77,79,79.5,81,80.5,83,85,84.5",17.4,74.6,90.79,GMCC SZ80Е1H,34,1
551,551100149549519620551,"72,73,75,78.5,80.5,83,81.5,83",20.2,79.68,95.88,GMCC SZ80Е1H,34,1
551,551100149549519370551,"77,79.5,78.5,80.5,82,83,84,85.5,87",20.5,80.22,96.43,GMCC SZ80Е1H,34,1
551,551100149549521400551,"74,75.5,75,78,76.5,79.5,80.5,80",18.5,76.59,92.79,GMCC SZ80Е1H,34,1
551,551100584849642370551,"74,71.5,70.5,73,73.5,74.5,75",16.3,72.6,88.78,GMCC SZ80Е1H,34,1
551,551100584849699740551,"78,79,80,82,82.5,83,84.5,85",18.3,76.23,92.42,GMCC SZ80Е1H,34,1
551,551100149549526750551,"81.5,83.5,83,85,86.5,88.5,90,89",20.1,79.5,95.7,GMCC SZ80Е1H,34,1
551,551100149549526590551,"84,84.5,85,87.5,89,90.5,94,93.5",19.8,78.95,95.15,GMCC SZ80Е1H,34,1
551,551100149549533400551,"80,76.5,80,79.5,84.5,85,87,88,89",17.8,75.32,91.51,GMCC SZ80Е1H,34,1
551,551100149549419600551,"78.5,79.5,80,82,83.5,85,83",16.7,73.33,89.51,GMCC SZ80Е1H,34,1
551,551100584849642550551,"76,72,71,72,73,74.5,76,78,78.5",16.1,72.24,88.42,GMCC SZ80Е1H,34,1
551,551100584849696640551,"76,76.5,77.5,79.5,81.5,82.5,84,85",19.4,78.23,94.43,GMCC SZ80Е1H,34,1
551,551100149549519160551,"76.5,78.5,77,78.5,79.5,81,82,83,84,85,86.5",20.8,80.77,96.97,GMCC SZ80Е1H,34,1
551,551100584849797550551,"79.5,78.5,82,83.5,84.5",19.6,78.59,94.79,GMCC SZ80Е1H,34,1
551,551100149549419880551,"77,78.5,79.5,81.5,83,84,85.5,85",16.6,73.14,89.33,GMCC SZ80Е1H,34,1
551,551100149549525720551,"83,85,86.5,87,90,90.5,92.5,93.5",21.4,81.86,98.07,GMCC SZ80Е1H,34,1
551,551100149549520220551,"76.5,76,77,78,80.5,81.5,83,84.5",19.8,78.95,95.15,GMCC SZ80Е1H,34,1
551,551100149549527730551,"78.5,80,82.5,84.5,85.5,88,89,89.5",18.1,75.87,92.06,GMCC SZ80Е1H,34,1
551,551100584849818070551,"76.5,81,82,84,85.5,87.5,88.5,89",24.0,86.58,102.8,GMCC SZ80Е1H,34,1
551,551100149549531050551,"82.5,83,84.5,86,88,91,89.5",18.0,75.69,91.88,GMCC SZ80Е1H,34,1
551,551100149549528980551,"79,81.5,84,83,85",17.1,74.05,90.24,GMCC SZ80Е1H,34,1
551,551100149549526300551,"82,82.5,85.5,87,87.5,88,90,90.5",20.0,79.32,95.52,GMCC SZ80Е1H,34,1
551,551100149549524160551,"82.5,84,86.5,89.5,91,92.5,94.5,93.5",21.4,81.86,98.07,GMCC SZ80Е1H,34,1
551,551100584849797440551,"79,75,78,77.5,81.5,83.5,87,88,87.5,88",19.7,78.77,94.97,GMCC SZ80Е1H,34,1
551,551100149549419870551,"78.5,79,78.5,81,83,85,84",16.7,73.33,89.51,GMCC SZ80Е1H,34,1
551,551100149549519330551,"71.5,76,77,77.5,79.5,81.5,84.5,85.5",20.6,80.41,96.61,GMCC SZ80Е1H,34,1
551,551100584849785040551,"79,77,78,79.5,80.5,81,81.5,81",16.9,73.69,89.88,GMCC SZ80Е1H,34,1
551,551100149549523400551,"82.5,85.5,87,88.5,90,89.5,93.5,92.5",20.2,79.68,95.88,GMCC SZ80Е1H,34,1
551,551100149549519450551,"78.5,77,76,78,80,82.5,85,84.5",20.4,80.04,96.25,GMCC SZ80Е1H,34,1
551,551100149549528330551,"81.5,82.5,83.5,85,86.5,87,87.5,88,86.5",17.3,74.42,90.6,GMCC SZ80Е1H,34,1
551,551100149549522100551,"79,82,83.5,84,87,89.5,91.5,90.5",18.2,76.05,92.24,GMCC SZ80Е1H,34,1
551,551100149549527410551,"84,81.5,83,84.5,86,88.5,90.5,92",19.5,78.41,94.61,GMCC SZ80Е1H,34,1
551,551100584849782300551,"72,73.5,76.5,77,77.5,77,79,79.5",19.6,78.59,94.79,GMCC SZ80Е1H,34,1
551,551100149549418520551,"81,79,81.5,82,83,86,87.5,85.5",17.6,74.96,91.15,GMCC SZ80Е1H,34,1
551,551100149549419680551,"75.5,78,78.5,79.5,80,81.5,82,81.5",16.6,73.14,89.33,GMCC SZ80Е1H,34,1
551,551100149549525280551,"82,83.5,86.5,87.5,89,91.5,92,91.5",20.6,80.41,96.61,GMCC SZ80Е1H,34,1
551,551100149549523990551,"83,80.5,83,84.5,88,87,88.5,90.5,91",20.1,79.5,95.7,GMCC SZ80Е1H,34,1
551,551100584849695070551,"75.5,76,76.5,77,79.5,80,83.5,84,85.5",18.1,75.87,92.06,GMCC SZ80Е1H,34,1
551,551100149549521370551,"72,74,75.5,78,79.5,81.5,80",18.5,76.59,92.79,GMCC SZ80Е1H,34,1
551,551100149549527000551,"82.5,77,80.5,83.5,84,85.5,88,90",19.8,78.95,95.15,GMCC SZ80Е1H,34,1
551,551100584849646130551,"67,65.5,68.5,68,69.5,71,72,73",13.5,67.52,83.69,GMCC SZ80Е1H,34,1
551,551100149549524620551,"82,84.5,86,88.5,91.5,92,94.5,94",21.0,81.13,97.34,GMCC SZ80Е1H,34,1
551,551100149549523620551,"82.5,84.5,86,88.5,90,91.5,94,93",20.1,79.5,95.7,GMCC SZ80Е1H,34,1
551,551100149549521250551,"72,73.5,75,76.5,78,80.5,82.5,82",18.5,76.59,92.79,GMCC SZ80Е1H,34,1
551,551100584849784440551,"76,75,77.5,76.5,78.5,79.5,81,80.5",17.2,74.23,90.42,GMCC SZ80Е1H,34,1
551,551100584849646350551,"72,71,71.5,73,73.5,75,74.5",13.0,66.61,82.78,GMCC SZ80Е1H,34,1
551,551100584849799360551,"72.5,79.5,80.5,82.5,84.5,85.5,86.5",20.1,79.5,95.7,GMCC SZ80Е1H,34,1
551,551100149549419580551,"79,78.5,80,80.5,81.5,83,85.5,85",16.9,73.69,89.88,GMCC SZ80Е1H,34,1
551,551100584849819420551,"81,80.5,79,79.5,81,84.5,85.5,90,89,91",23.0,84.76,100.98,GMCC SZ80Е1H,34,1
551,551100149549419540551,"77,79.5,81,82.5",16.8,73.51,89.69,GMCC SZ80Е1H,34,1
551,551100584849693270551,"78,68.5,74.5,74,75,77,77.5,79.5",16.2,72.42,88.6,GMCC SZ80Е1H,34,1
551,551100584849649420551,"74.5,79,78,76.5,81.5,82,85,84.5",21.4,81.86,98.07,GMCC SZ80Е1H,34,1
551,551100149549520880551,"78.5,79,80.5,82,86.5,88,88.5",19.0,77.5,93.7,GMCC SZ80Е1H,34,1
551,551100149549527210551,"87.5,86.5,88,89,90.5,92,93.5,94",19.9,79.13,95.34,GMCC SZ80Е1H,34,1
551,551100149549520210551,"74,76.5,76,79.5,82,84.5,86,87.5",19.8,78.95,95.15,GMCC SZ80Е1H,34,1
551,551100584849644720551,"73.5,72,71.5,73,74,75.5,77,78.5",14.7,69.7,85.87,GMCC SZ80Е1H,34,1
551,551100584849648990551,"76.5,79,80,81,83.5,85.5,89,88",21.6,82.22,98.43,GMCC SZ80Е1H,34,1
551,551100584849780860551,"76.5,79.5,80.5,84,84.5,87,87.5,88.5",20.4,80.04,96.25,GMCC SZ80Е1H,34,1
551,551100584849693770551,"74.5,77.5,77,78,80.5,82.5,84.5,87,87.5",18.5,76.59,92.79,GMCC SZ80Е1H,34,1
551,551100149549522120551,"81.5,82.5,84,84.5,88,89.5,92,91.5",18.2,76.05,92.24,GMCC SZ80Е1H,34,1
551,551100149549524150551,"82.5,84.5,86,87.5,90,91.5,92.5",21.4,81.86,98.07,GMCC SZ80Е1H,34,1
551,551100149549521210551,"78.5,81,82.5,84,85.5,86.5,86",18.7,76.96,93.15,GMCC SZ80Е1H,34,1
551,551100584849698120551,"75.5,76,77.5,79.5,81,83,82.5",17.5,74.78,90.97,GMCC SZ80Е1H,34,1
551,551100584849648760551,"79.5,78,81,84,86,89",21.7,82.4,98.61,GMCC SZ80Е1H,34,1
551,551100584849641130551,"71,71.5,72,73.5,75.5,76,77,77.5",15.4,70.97,87.14,GMCC SZ80Е1H,34,1
551,551100584849698690551,"71,77,73,74.5,75,77.5,78,78.5",17.4,74.6,90.79,GMCC SZ80Е1H,34,1
551,551100149549525550551,"87,86,87,88.5,89.5,92,93,91.5",20.5,80.22,96.43,GMCC SZ80Е1H,34,1
551,551100149549525410551,"88,87,88,89,90,94,94.5,95",21.3,81.68,97.88,GMCC SZ80Е1H,34,1
551,551100149549521310551,"72,76,77,78,79,81,83,83.5",18.5,76.59,92.79,GMCC SZ80Е1H,34,1
551,551100149549418810551,"80.5,81,82.5,82,84,84.5,87,86.5",17.3,74.42,90.6,GMCC SZ80Е1H,34,1
551,551100149549527100551,"77,81.5,83.5,85,87.5,88.5,90.5,89.5",19.5,78.41,94.61,GMCC SZ80Е1H,34,1
551,551100584849818430551,"76,80,81,84,85.5,87,88,89,90",23.8,86.21,102.44,GMCC SZ80Е1H,34,1
551,551100584849644980551,"70,74,75,75.5,77,78.5",14.8,69.88,86.05,GMCC SZ80Е1H,34,1
551,551100149549528260551,"78.5,78,81,82.5,83.5,85,86",17.9,75.5,91.7,GMCC SZ80Е1H,34,1
551,551100149549527570551,"84,85,87.5,88.5,89.5,92,91.5",18.2,76.05,92.24,GMCC SZ80Е1H,34,1
551,551100584849796330551,"79,80,81,82.5,84.5,85,85.5,88,89",20.7,80.59,96.79,GMCC SZ80Е1H,34,1
551,551100149549520480551,"76,75.5,78,79,81.5,83,85",19.5,78.41,94.61,GMCC SZ80Е1H,34,1
551,551100149549521410551,"69,74,75,76.5,78,78.5,80",18.5,76.59,92.79,GMCC SZ80Е1H,34,1
551,551100149549419670551,"77,79,79.5,80.5,82.5,84,82.5",16.7,73.33,89.51,GMCC SZ80Е1H,34,1
551,551100584849695970551,"72,77,80,80.5,82.5,83.5,85.5,85,86.5",19.7,78.77,94.97,GMCC SZ80Е1H,34,1
551,551100149549418600551,"79,80,81,82.5,84.5,86,87,85.5",17.4,74.6,90.79,GMCC SZ80Е1H,34,1
551,551100584849780540551,"77,79,83,82.5,85,86,87,85.5",20.0,79.32,95.52,GMCC SZ80Е1H,34,1
551,551100149549519640551,"74,76.5,79,79.5,80.5,82,84.5,86.5,86",20.2,79.68,95.88,GMCC SZ80Е1H,34,1
551,551100584849797510551,"77,77.5,77,78,80,82,82.5,81.5,82.5",19.6,78.59,94.79,GMCC SZ80Е1H,34,1
551,551100584849781510551,"83,74.5,80.5,82,82.5,84,85.5,87,88.5",21.0,81.13,97.34,GMCC SZ80Е1H,34,1
551,551100584849640180551,"70,69.5,70.5,71,72,73.5,75",14.6,69.51,85.69,GMCC SZ80Е1H,34,1
551,551100584849649380551,"83.5,82,83,85.5,88,90.5,92.5,91.5",21.4,81.86,98.07,GMCC SZ80Е1H,34,1
551,551100584849640440551,"73.5,72,69.5,70.5,71.5,72,74.5",14.6,69.51,85.69,GMCC SZ80Е1H,34,1
551,551100149549521860551,"73.5,74,74.5,74,77,78.5,81,80.5",18.5,76.59,92.79,GMCC SZ80Е1H,34,1
551,551100149549521130551,"79,77.5,79,79.5,81,83,84.5,84",18.8,77.14,93.33,GMCC SZ80Е1H,34,1
551,551100584849645480551,"74,70.5,71,73,72.5,73.5,74,74.5",14.2,68.79,84.96,GMCC SZ80Е1H,34,1
551,551100584849784870551,"73.5,73,75,77.5,78.5,79.5,80.5",17.0,73.87,90.06,GMCC SZ80Е1H,34,1
551,551100149549418560551,"79,79.5,81,79.5,83,84.5,85,86,87",17.6,74.96,91.15,GMCC SZ80Е1H,34,1
551,551100149549519150551,"74,74.5,77,78.5,81,82.5,84.5,85",21.0,81.13,97.34,GMCC SZ80Е1H,34,1
551,551100149549528530551,"80,79.5,80.5,82,85,86,84.5",17.0,73.87,90.06,GMCC SZ80Е1H,34,1
551,551100584849648390551,"81,80,80.5,82.5,84.5,87.5,90.5,89.5",21.9,82.76,98.98,GMCC SZ80Е1H,34,1
551,551100149549519040551,"76.5,77,79.5,79,82,82.5,84,86.5,89",20.9,80.95,97.16,GMCC SZ80Е1H,34,1
551,551100584849644130551,"72,70.5,68,68.5,70,72,72.5,71.5,72.5",15.3,70.78,86.96,GMCC SZ80Е1H,34,1
551,551100149549519410551,"77,76,78,80,83.5,86.5,88.5,90.5",20.4,80.04,96.25,GMCC SZ80Е1H,34,1
551,551100584849817400551,"89.5,83,86,85.5,88.5,90,93,95,96,98.5,100",24.0,86.58,102.8,GMCC SZ80Е1H,34,1
551,551100149549522920551,"78,76,77,77.5,78.5,80.5,80",16.9,73.69,89.88,GMCC SZ80Е1H,34,1
551,551100584849644700551,"71.5,72.5,72,73.5,75.5,77.5,78,78.5",14.8,69.88,86.05,GMCC SZ80Е1H,34,1
551,551100149549418780551,"82,83.5,84.5,85,84.5,87.5,88,87",17.3,74.42,90.6,GMCC SZ80Е1H,34,1
551,551100584849794760551,"83,76.5,78.5,77,80,83.5,87.5,88,88.5",21.5,82.04,98.25,GMCC SZ80Е1H,34,1
551,551100149549529700551,"77,74,79,80,81.5,82.5,84,83.5",16.1,72.24,88.42,GMCC SZ80Е1H,34,1
551,551100149549531640551,"75,77.5,80.5,82,84,85,85.5",15.9,71.87,88.06,GMCC SZ80Е1H,34,1
551,551100584849818740551,"82.5,82,84.5,87.5,90.5,92.5,94,95,95.5",23.2,85.12,101.34,GMCC SZ80Е1H,34,1
551,551100584849641120551,"74.5,72.5,71,74,74.5,76,75",15.4,70.97,87.14,GMCC SZ80Е1H,34,1
551,551100149549525340551,"86.5,84.5,86,89,91.5,93.5,95.5,94,95",20.9,80.95,97.16,GMCC SZ80Е1H,34,1
551,551100149549526080551,"82,83,86,87,89.5,91,94,92.5",20.1,79.5,95.7,GMCC SZ80Е1H,34,1
551,551100149549518940551,"73.5,76.5,79.5,81.5,84.5,87.5,88.5",21.0,81.13,97.34,GMCC SZ80Е1H,34,1
551,551100584849818660551,"80,80.5,80,83,83.5,85,87,88.5,89,89.5",23.8,86.21,102.44,GMCC SZ80Е1H,34,1
551,551100149549526010551,"82,81.5,84,86.5,89.5,90.5,92.5,91",20.2,79.68,95.88,GMCC SZ80Е1H,34,1
551,551100584849646610551,"73,70.5,70,71.5,73,74,73",14.4,69.15,85.32,GMCC SZ80Е1H,34,1
551,551100149549527810551,"80,81.5,82.5,83.5,84,86,87,88",17.9,75.5,91.7,GMCC SZ80Е1H,34,1
551,551100584849641870551,"73,72,70.5,72,73.5,75,76,75",15.6,71.33,87.51,GMCC SZ80Е1H,34,1
551,551100584849647570551,"76.5,78.5,77.5,80,82,84,86.5,86",20.4,80.04,96.25,GMCC SZ80Е1H,34,1
551,551100584849699860551,"72.5,77,73,78,79.5,82,84,84.5",18.6,76.77,92.97,GMCC SZ80Е1H,34,1
551,551100149549419330551,"78.5,79.5,80.5,81,82,83.5,85.5,85",16.9,73.69,89.88,GMCC SZ80Е1H,34,1
551,551100584849782350551,"77,68.5,72,71,72,72.5,75,76.5,78,79",19.6,78.59,94.79,GMCC SZ80Е1H,34,1
551,551100584849695760551,"69,75.5,76.5,78,79.5,80,83.5",18.5,76.59,92.79,GMCC SZ80Е1H,34,1
551,551100149549525310551,"84,84.5,85.5,86,88.5,90.5,91,92.5",20.8,80.77,96.97,GMCC SZ80Е1H,34,1
551,551100584849640380551,"76,78.5,78,81,82.5,82,83,85.5",17.4,74.6,90.79,GMCC SZ80Е1H,34,1
551,551100584849696480551,"76,78.5,77,78.5,82,84,85.5,86.5,86,87",19.6,78.59,94.79,GMCC SZ80Е1H,34,1
551,551100149549518900551,"75.5,76.5,77,78.5,81,82.5,85,85.5",20.9,80.95,97.16,GMCC SZ80Е1H,34,1
551,551100149549518840551,"81,76,78.5,76,78.5,80,83,85,84.5,87",21.0,81.13,97.34,GMCC SZ80Е1H,34,1
551,551100584849649370551,"77.5,77,79,82,84.5,86.5,89.5,88",21.4,81.86,98.07,GMCC SZ80Е1H,34,1
551,551100149549520330551,"76,73,75.5,78,81,83.5,82.5",19.7,78.77,94.97,GMCC SZ80Е1H,34,1
551,551100584849693640551,"74.5,76,74,76,77.5,77",17.0,73.87,90.06,GMCC SZ80Е1H,34,1
551,551100584849646490551,"64.5,68.5,69,70.5,71.5,74",13.1,66.79,82.96,GMCC SZ80Е1H,34,1
551,551100149549529000551,"76.5,76,78,81,82,85,87,86",17.0,73.87,90.06,GMCC SZ80Е1H,34,1
551,551100149549418590551,"80,81.5,83.5,85,87,88.5,89",17.4,74.6,90.79,GMCC SZ80Е1H,34,1
551,551100584849640130551,"73.5,74.5,73,73.5,75.5,75,77,76.5",14.8,69.88,86.05,GMCC SZ80Е1H,34,1
551,551100584849644490551,"70,69.5,69,71,72,73.5,74.5",14.9,70.06,86.23,GMCC SZ80Е1H,34,1
551,551100149549520720551,"74.5,74,76,78,79.5,80,84,83",19.2,77.86,94.06,GMCC SZ80Е1H,34,1
551,551100149549418730551,"83,82,82.5,84,86,88.5,89,88.5",17.4,74.6,90.79,GMCC SZ80Е1H,34,1
551,551100149549418450551,"85,84,86,86.5,88,90.5,88.5",17.7,75.14,91.33,GMCC SZ80Е1H,34,1
551,551100584849699020551,"75,79,78,81,84,84.5,85.5,87.5,89",20.4,80.04,96.25,GMCC SZ80Е1H,34,1
551,551100149549520860551,"77.5,76.5,75,76,77.5,78.5,81,80.5,82",19.0,77.5,93.7,GMCC SZ80Е1H,34,1
551,551100149549521380551,"70.5,74.5,75,77,78,80.5,81",18.4,76.41,92.61,GMCC SZ80Е1H,34,1
551,551100584849648470551,"80,79.5,80.5,83.5,87,88,91.5,92.5",21.9,82.76,98.98,GMCC SZ80Е1H,34,1
551,551100149549527220551,"82,84,86,89,91,93,94.5,93.5",19.8,78.95,95.15,GMCC SZ80Е1H,34,1
551,551100149549418790551,"80.5,83.5,85.5,87.5,89.5,88",17.3,74.42,90.6,GMCC SZ80Е1H,34,1
551,551100584849797800551,"78.5,77.5,77,79,81,82.5,84,85",19.9,79.13,95.34,GMCC SZ80Е1H,34,1
551,551100149549520560551,"75,76.5,79,81.5,84,86,84.5",19.4,78.23,94.43,GMCC SZ80Е1H,34,1
551,551100584849794680551,"85.5,84,79.5,82,85.5,87,88,90",21.5,82.04,98.25,GMCC SZ80Е1H,34,1
551,551100584849784350551,"68.5,75.5,71.5,75.5,77,77.5,79,80,80.5,81.5,83",17.1,74.05,90.24,GMCC SZ80Е1H,34,1
551,551100584849641020551,"68.5,71,67.5,68.5,70,71,72.5,72",14.6,69.51,85.69,GMCC SZ80Е1H,34,1
551,551100584849782450551,"75.5,78,78.5,80,82,83.5,84.5,85,87.5",19.8,78.95,95.15,GMCC SZ80Е1H,34,1
551,551100149549418020551,"78,79.5,79,81,82,83.5,82",17.7,75.14,91.33,GMCC SZ80Е1H,34,1
551,551100584849643290551,"74.5,73,72,74,75.5,76,78.5,79,81",15.8,71.69,87.87,GMCC SZ80Е1H,34,1
551,551100149549521520551,"71.5,75,77.5,78,78.5,78,79.5,81.5,81,80.5,81.5,82.5,81,82.5",18.4,76.41,92.61,GMCC SZ80Е1H,34,1
551,551100584849647080551,"75.5,76,78.5,82.5,85,88,87",20.4,80.04,96.25,GMCC SZ80Е1H,34,1
551,551100149549518750551,"77,78,75.5,80,82,83.5,87,88",21.1,81.31,97.52,GMCC SZ80Е1H,34,1
551,551100584849642530551,"73,71.5,70.5,72,74,75.5,74",16.1,72.24,88.42,GMCC SZ80Е1H,34,1
551,551100584849799160551,"75,79.5,81,81.5,84,84.5,86.5,86",19.9,79.13,95.34,GMCC SZ80Е1H,34,1
551,551100584849693660551,"68.5,68,73.5,73,74.5,75.5,76.5,77.5,78,79.5",16.7,73.33,89.51,GMCC SZ80Е1H,34,1
551,551100584849798430551,"79.5,81,81.5,83.5,84.5,86,87,86.5",20.4,80.04,96.25,GMCC SZ80Е1H,34,1
551,551100149549418700551,"79,81,82,83,84,84.5,85.5,86.5,88,86",17.4,74.6,90.79,GMCC SZ80Е1H,34,1
551,551100584849649270551,"73,76,78,80.5,82.5,84.5,87,88",21.7,82.4,98.61,GMCC SZ80Е1H,34,1
551,551100149549526220551,"86,86.5,87,88,90,90.5,93.5,92",20.0,79.32,95.52,GMCC SZ80Е1H,34,1
551,551100149549521360551,"70,72.5,74,75,75.5,77.5,77,77.5,79,78,79.5,79,79.5,80.5,80,81",18.5,76.59,92.79,GMCC SZ80Е1H,34,1
551,551100149549419110551,"78,78.5,80,82,83.5,87,88,87.5",17.3,74.42,90.6,GMCC SZ80Е1H,34,1
551,551100584849648200551,"78.5,78,79.5,81,83,86,88,89",20.3,79.86,96.06,GMCC SZ80Е1H,34,1
551,551100584849780740551,"74.5,79.5,80,81.5,84,86,87.5,88.5",20.5,80.22,96.43,GMCC SZ80Е1H,34,1
551,551100149549418460551,"82,83.5,86,87.5,89,90,91.5,90.5",17.6,74.96,91.15,GMCC SZ80Е1H,34,1
551,551100149549519430551,"71.5,76,80.5,83.5,84,84.5,86,87.5",20.4,80.04,96.25,GMCC SZ80Е1H,34,1
551,551100584849699550551,"73,76,71,75,76,77,78.5,79.5,81,81.5",19.5,78.41,94.61,GMCC SZ80Е1H,34,1
551,551100584849694560551,"75,78.5,75,77.5,80,79.5,81,83.5",18.4,76.41,92.61,GMCC SZ80Е1H,34,1
551,551100149549527700551,"80.5,82.5,83.5,85,87.5,88,90.5,91",18.0,75.69,91.88,GMCC SZ80Е1H,34,1
551,551100584849645330551,"68.5,70,65.5,70,71,72,72.5,72",14.5,69.33,85.51,GMCC SZ80Е1H,34,1
551,551100584849646840551,"70,67,67.5,69,69.5,68.5,69.5,72",13.2,66.97,83.14,GMCC SZ80Е1H,34,1
551,551100149549520140551,"71.5,75,76,75.5,78.5,80,79.5",19.8,78.95,95.15,GMCC SZ80Е1H,34,1
551,551100584849693090551,"74.5,73.5,73,74.5,75.5,78,78.5,80,80.5,81",16.1,72.24,88.42,GMCC SZ80Е1H,34,1
551,551100149549419420551,"79.5,80,82,83,83.5,84,86",17.0,73.87,90.06,GMCC SZ80Е1H,34,1
551,551100584849699780551,"74.5,76.5,77,79.5,81,82,83,86,87",18.3,76.23,92.42,GMCC SZ80Е1H,34,1
551,551100149549519100551,"81.5,75,77.5,77,78.5,79.5,81.5,83.5,86",20.8,80.77,96.97,GMCC SZ80Е1H,34,1
551,551100584849649500551,"79.5,78.5,80.5,83.5,86,88.5,87.5",21.4,81.86,98.07,GMCC SZ80Е1H,34,1
551,551100584849640580551,"68.5,69,70.5,72.5,75,74.5,75,76",14.6,69.51,85.69,GMCC SZ80Е1H,34,1
551,551100149549526730551,"81.5,80.5,84,85.5,89,91,92,93",19.7,78.77,94.97,GMCC SZ80Е1H,34,1
551,551100584849647140551,"73.5,76.5,72,81,83,84.5,86.5,88.5,90",20.5,80.22,96.43,GMCC SZ80Е1H,34,1
551,551100584849819390551,"79,78.5,79,80.5,84.5,87.5,90.5,91.5,92.5,91.5",22.5,83.85,100.07,GMCC SZ80Е1H,34,1
551,551100584849784340551,"72,73,74,75.5,75,77,76.5,78,79,80",17.1,74.05,90.24,GMCC SZ80Е1H,34,1
551,551100149549530390551,"79.5,79,81,81.5,84,85,86,87",18.5,76.59,92.79,GMCC SZ80Е1H,34,1
551,551100584849642480551,"71.5,72,71,72,74,74.5,77,78",16.3,72.6,88.78,GMCC SZ80Е1H,34,1
551,551100149549523540551,"81.5,82.5,83,85.5,86,88,91,90.5",20.2,79.68,95.88,GMCC SZ80Е1H,34,1
551,551100584849640500551,"72.5,73,72,74,75,76,77.5,76.5",14.5,69.33,85.51,GMCC SZ80Е1H,34,1
551,551100149549418350551,"80.5,81.5,84,84.5,86,88.5,90,89",17.6,74.96,91.15,GMCC SZ80Е1H,34,1
551,551100584849698920551,"78,79,78.5,80.5,81,82.5,85,85.5,86",20.4,80.04,96.25,GMCC SZ80Е1H,34,1
551,551100149549521550551,"76.5,73.5,74.5,77.5,80,79.5,82,80",18.2,76.05,92.24,GMCC SZ80Е1H,34,1
551,551100149549522730551,"80.5,80,82.5,86.5,88,90.5,91",20.4,80.04,96.25,GMCC SZ80Е1H,34,1
551,551100149549528410551,"79.5,80,80.5,83,85,86,87,86.5",17.5,74.78,90.97,GMCC SZ80Е1H,34,1
551,551100149549529430551,"78.5,79,79.5,80,82,83,85.5,84.5",16.6,73.14,89.33,GMCC SZ80Е1H,34,1
551,551100584849649040551,"78,81.5,81,83.5,84.5,88,90,90.5",21.6,82.22,98.43,GMCC SZ80Е1H,34,1
551,551100149549418340551,"79,78.5,82,84.5,86,88,87.5",17.6,74.96,91.15,GMCC SZ80Е1H,34,1
551,551100584849702100551,"74,72,76,77,79.5,81.5,82",16.0,72.06,88.24,GMCC SZ80Е1H,34,1
551,551100149549532370551,"75,76.5,77.5,79,82.5,84",16.0,72.06,88.24,GMCC SZ80Е1H,34,1
551,551100149549532800551,"84.5,83.5,85,85.5,86.5,87.5,90.5,90",18.3,76.23,92.42,GMCC SZ80Е1H,34,1
551,551100584849782890551,"74,75.5,76,77.5,80,81.5",18.7,76.96,93.15,GMCC SZ80Е1H,34,1
551,551100149549418570551,"82,81.5,83,83.5,85,86,88,87",17.4,74.6,90.79,GMCC SZ80Е1H,34,1
551,551100584849694470551,"76,78.5,80,81.5,83.5,85,87.5,86.5",18.5,76.59,92.79,GMCC SZ80Е1H,34,1
551,551100149549521660551,"73.5,75,72.5,75.5,75,75.5,77.5,78,79.5,81",18.3,76.23,92.42,GMCC SZ80Е1H,34,1
551,551100584849702010551,"73.5,74.5,74,75,76.5,78,78.5",16.7,73.33,89.51,GMCC SZ80Е1H,34,1
551,551100584849643790551,"74,73,74,76.5,77,79,78.5",15.2,70.6,86.78,GMCC SZ80Е1H,34,1
551,551100149549527420551,"83,83.5,85,86.5,87,86.5,89,91.5,92",20.4,80.04,96.25,GMCC SZ80Е1H,34,1
551,551100584849643370551,"76.5,75,74.5,75.5,77.5,80,81,82",16.0,72.06,88.24,GMCC SZ80Е1H,34,1
551,551100149549519460551,"74,78.5,79,80.5,82,85,87,88",20.3,79.86,96.06,GMCC SZ80Е1H,34,1
551,551100149549520430551,"76.5,72,74.5,78.5,81,83,83.5",19.5,78.41,94.61,GMCC SZ80Е1H,34,1
551,551100584849795280551,"74.5,74,77.5,79,82,83.5,84.5,85",21.4,81.86,98.07,GMCC SZ80Е1H,34,1
551,551100584849701820551,"75,75.5,77,79.5,80.5,83,82.5",16.3,72.6,88.78,GMCC SZ80Е1H,34,1
551,551100149549522800551,"84,85,89,91.5,93,94.5,94",20.4,80.04,96.25,GMCC SZ80Е1H,34,1
551,551100584849796610551,"80.5,81,82,83.5,85,86.5,85.5,86.5",20.5,80.22,96.43,GMCC SZ80Е1H,34,1
551,551100149549420090551,"75.5,76,78,79,79.5,83,82",16.7,73.33,89.51,GMCC SZ80Е1H,34,1
551,551100584849796130551,"77.5,80,81,82.5,85,87,86.5,88",20.8,80.77,96.97,GMCC SZ80Е1H,34,1
551,551100149549531130551,"83.5,81,82,83,85,86,88,85.5",17.9,75.5,91.7,GMCC SZ80Е1H,34,1
551,551100584849641360551,"75.5,76,76.5,77.5,78.5,79",15.8,71.69,87.87,GMCC SZ80Е1H,34,1
551,551100584849642510551,"77.5,75,74,74.5,76.5,79,78.5",16.2,72.42,88.6,GMCC SZ80Е1H,34,1
551,551100584849796980551,"73.5,76.5,72,79,80.5,82,84,86",20.5,80.22,96.43,GMCC SZ80Е1H,34,1
551,551100149549519980551,"75.5,76,75.5,74.5,75,76.5,78,79.5,81",19.9,79.13,95.34,GMCC SZ80Е1H,34,1
551,551100149549532060551,"79,83.5,84,85,88.5,89.5,92.5,91",18.1,75.87,92.06,GMCC SZ80Е1H,34,1
551,551100584849699570551,"76.5,77.5,78.5,80.5,82.5,84,85.5,85",18.6,76.77,92.97,GMCC SZ80Е1H,34,1
551,551100149549522270551,"80,78.5,83,82.5,83,83.5,85.5,87",16.7,73.33,89.51,GMCC SZ80Е1H,34,1
551,551100584849817220551,"80,80.5,82,84.5,87.5,88.5,90.5,92,93",24.2,86.94,103.16,GMCC SZ80Е1H,34,1
551,551100584849697820551,"73,74.5,68.5,72.5,74,75.5,77,76.5",18.0,75.69,91.88,GMCC SZ80Е1H,34,1
551,551100149549524010551,"85,80,82.5,85,86.5,88,89.5,91.5,90.5,91,92",20.1,79.5,95.7,GMCC SZ80Е1H,34,1
551,551100584849784750551,"78.5,76,77,74,75.5,77.5,77,80,80.5,81.5,82.5",16.9,73.69,89.88,GMCC SZ80Е1H,34,1
551,551100149549419400551,"78,76,77.5,79.5,80.5,82,84,83",17.0,73.87,90.06,GMCC SZ80Е1H,34,1
551,551100149549519120551,"78.5,77.5,77,78,80.5,82.5,86.5,85.5",20.8,80.77,96.97,GMCC SZ80Е1H,34,1
551,551100584849783150551,"71.5,73,72,73.5,75,76,78,78.5,79,81",18.3,76.23,92.42,GMCC SZ80Е1H,34,1
551,551100149549418680551,"87.5,82,83.5,84.5,85.5,85,87.5,88.5,89.5,89",17.4,74.6,90.79,GMCC SZ80Е1H,34,1
551,551100584849694100551,"77,80,81.5,82.5,83.5,84.5,86,85",18.5,76.59,92.79,GMCC SZ80Е1H,34,1
551,551100149549520900551,"79,76.5,77,78,79.5,82,83.5,84.5",18.9,77.32,93.52,GMCC SZ80Е1H,34,1
551,551100149549526480551,"83,81.5,85.5,87,88.5,90,92,95",19.8,78.95,95.15,GMCC SZ80Е1H,34,1
551,551100149549533300551,"77.5,80,80.5,82.5,83.5,86,86.5,85.5",17.8,75.32,91.51,GMCC SZ80Е1H,34,1
551,551100149549529740551,"78.5,77.5,78.5,79.5,81.5,82,83,85,85.5,86",16.4,72.78,88.97,GMCC SZ80Е1H,34,1
551,551100584849785560551,"75.5,77.5,78.5,79,80,80.5,81.5,82",16.5,72.96,89.15,GMCC SZ80Е1H,34,1
551,551100149549524750551,"80.5,81,83,85.5,88.5,90,91.5,91",21.2,81.49,97.7,GMCC SZ80Е1H,34,1
551,551100149549523940551,"79,80.5,81.5,85.5,87,87.5,89,90",20.1,79.5,95.7,GMCC SZ80Е1H,34,1
551,551100584849701000551,"74.5,77.5,81,80.5,82.5",17.4,74.6,90.79,GMCC SZ80Е1H,34,1
551,551100584849639760551,"70,71.5,71,72,74,75,75.5,74.5,75.5",15.2,70.6,86.78,GMCC SZ80Е1H,34,1
551,551100149549519690551,"71.5,76.5,75,76.5,78.5,80.5,83,82.5",20.2,79.68,95.88,GMCC SZ80Е1H,34,1
551,551100584849696050551,"78,78.5,80,81,82,85,85.5,88,87.5",18.4,76.41,92.61,GMCC SZ80Е1H,34,1
551,551100584849649030551,"77,76.5,80,81.5,85.5,87,89.5,89",21.7,82.4,98.61,GMCC SZ80Е1H,34,1
551,551100149549520580551,"76,75.5,77,78.5,81,82.5,85,85.5",19.5,78.41,94.61,GMCC SZ80Е1H,34,1
551,551100584849695340551,"73.5,78,79,80,81,82,83,84,85",18.3,76.23,92.42,GMCC SZ80Е1H,34,1
551,551100584849648690551,"77,79,79.5,85.5,88,90,89.5",21.8,82.58,98.8,GMCC SZ80Е1H,34,1
551,551100149549521180551,"78.5,76,77,76,78.5,79,81.5,83",19.2,77.86,94.06,GMCC SZ80Е1H,34,1
551,551100149549527750551,"78,81.5,83.5,85.5,87,88,90.5",18.0,75.69,91.88,GMCC SZ80Е1H,34,1
551,551100149549522220551,"74.5,75.5,75,77,77.5,78.5,78",14.3,68.97,85.14,GMCC SZ80Е1H,34,1
551,551100149549419070551,"77.5,78,81,81.5,83.5,84,86.5,87.5",17.3,74.42,90.6,GMCC SZ80Е1H,34,1
551,551100584849645910551,"69,66.5,65.5,67,68,69.5,71,72,71.5",13.6,67.7,83.87,GMCC SZ80Е1H,34,1
551,551100149549522180551,"81.5,82.5,84.5,86.5,87.5,90,89",18.1,75.87,92.06,GMCC SZ80Е1H,34,1
551,551100584849641910551,"73,72,73,74,75.5,76,76.5",15.7,71.51,87.69,GMCC SZ80Е1H,34,1
551,551100149549525650551,"88,87,90,92,94,97.5,97",21.4,81.86,98.07,GMCC SZ80Е1H,34,1
551,551100584849646140551,"69,69.5,71,71.5,72,73.5,74,74.5",13.3,67.15,83.32,GMCC SZ80Е1H,34,1
551,551100149549518820551,"77,77.5,78.5,80.5,83.5,84.5,87,88.5",21.1,81.31,97.52,GMCC SZ80Е1H,34,1
551,551100584849645540551,"66,69.5,68.5,73,74.5",15.9,71.87,88.06,GMCC SZ80Е1H,34,1
551,551100584849799030551,"78,81,82.5,85,87.5,88.5,90,89",19.9,79.13,95.34,GMCC SZ80Е1H,34,1
551,551100584849648830551,"77,79,78,80.5,82.5,85,86.5,85.5",21.7,82.4,98.61,GMCC SZ80Е1H,34,1
551,551100149549524830551,"82.5,86,88,89,92.5,93.5,95,96",20.9,80.95,97.16,GMCC SZ80Е1H,34,1
551,551100584849693900551,"73,74,74.5,77,78,80,82.5",18.5,76.59,92.79,GMCC SZ80Е1H,34,1
551,551100149549526600551,"84,84.5,85.5,87,89.5,91,92,93,94,94.5",19.8,78.95,95.15,GMCC SZ80Е1H,34,1
551,551100149549531010551,"84.5,85.5,87,87.5,90,90.5,92.5,92",18.9,77.32,93.52,GMCC SZ80Е1H,34,1
551,551100149549520950551,"77,76.5,79,80,81.5,83.5,82.5",18.9,77.32,93.52,GMCC SZ80Е1H,34,1
551,551100584849784680551,"75.5,77.5,75,74.5,77.5,80.5,83",17.1,74.05,90.24,GMCC SZ80Е1H,34,1
551,551100584849784670551,"72,75.5,76,77.5,77,81,82.5,84.5",17.3,74.42,90.6,GMCC SZ80Е1H,34,1
551,551100149549525770551,"82.5,83,84,88,90.5,92,91.5",20.5,80.22,96.43,GMCC SZ80Е1H,34,1
551,551100584849645760551,"68.5,72,71.5,73,74,75,77",14.1,68.61,84.78,GMCC SZ80Е1H,34,1
551,551100149549518890551,"77,79,81.5,83.5,85,87,88",21.0,81.13,97.34,GMCC SZ80Е1H,34,1
551,551100584849643120551,"76.5,73.5,74,74.5,77.5,78,80,79.5",15.6,71.33,87.51,GMCC SZ80Е1H,34,1
551,551100149549521580551,"73,75,75.5,76.5,77,78.5,80.5,79",18.4,76.41,92.61,GMCC SZ80Е1H,34,1
551,551100584849648250551,"76.5,78.5,76.5,78.5,80.5,82,82.5,83.5",20.3,79.86,96.06,GMCC SZ80Е1H,34,1
551,551100149549418140551,"79.5,80,81,82.5,85,87,85.5",18.2,76.05,92.24,GMCC SZ80Е1H,34,1
551,551100149549523410551,"83.5,84.5,87,88,89,91.5,93,92.5",20.2,79.68,95.88,GMCC SZ80Е1H,34,1
551,551100584849817740551,"84.5,81.5,82,83,86.5,89,91.5,93.5,94,94.5",24.0,86.58,102.8,GMCC SZ80Е1H,34,1
551,551100584849784240551,"74,73,74,76,76.5,77.5,79.5,80",17.2,74.23,90.42,GMCC SZ80Е1H,34,1
551,551100149549419300551,"79,81,82,82.5,84.5,86.5,85.5",17.1,74.05,90.24,GMCC SZ80Е1H,34,1
551,551100584849700290551,"75.5,77.5,79.5,80,82,84.5,85",17.7,75.14,91.33,GMCC SZ80Е1H,34,1
551,551100149549418720551,"82,83.5,85,85.5,87.5,89,91,90.5",17.4,74.6,90.79,GMCC SZ80Е1H,34,1
551,551100149549532300551,"81.5,80,82.5,83.5,85.5,86.5,89,87",17.9,75.5,91.7,GMCC SZ80Е1H,34,1
551,551100584849692910551,"73,76,77.5,77,79,81",15.7,71.51,87.69,GMCC SZ80Е1H,34,1
551,551100149549533000551,"79.5,81,82.5,85.5,85,87,88.5,89.5",18.1,75.87,92.06,GMCC SZ80Е1H,34,1
551,551100584849781280551,"77,75.5,77.5,77,78,80,79.5",19.9,79.13,95.34,GMCC SZ80Е1H,34,1
551,551100149549418160551,"79,78.5,76,80,82.5,83.5,86.5,85",18.3,76.23,92.42,GMCC SZ80Е1H,34,1
551,551100149549523020551,"84.5,83.5,84,86,86.5,88.5,89.5,89",20.4,80.04,96.25,GMCC SZ80Е1H,34,1
551,551100149549418130551,"80,78,80.5,81,83.5,86.5,88.5,90,89",18.1,75.87,92.06,GMCC SZ80Е1H,34,1
551,551100584849639820551,"72,72.5,71,73,73.5,75,74.5",15.7,71.51,87.69,GMCC SZ80Е1H,34,1
551,551100149549519060551,"75,76.5,77,79,79.5,81,82,84.5,86.5",20.8,80.77,96.97,GMCC SZ80Е1H,34,1
551,551100584849702470551,"72.5,73.5,75,76.5,77,78.5,78",15.9,71.87,88.06,GMCC SZ80Е1H,34,1
551,551100584849700500551,"74.5,75,74,76,78.5,80,81.5,81",17.9,75.5,91.7,GMCC SZ80Е1H,34,1
551,551100149549533540551,"84,81,83,82.5,84.5,85,87,85",17.7,75.14,91.33,GMCC SZ80Е1H,34,1
551,551100149549418170551,"77,81.5,84,85,87.5,88.5,90,89.5",18.1,75.87,92.06,GMCC SZ80Е1H,34,1
551,551100149549520760551,"76,75,74.5,75.5,78,80,80.5,82.5,83.5",19.2,77.86,94.06,GMCC SZ80Е1H,34,1
551,551100149549532150551,"83,81.5,82,84.5,87.5,89.5,88",17.7,75.14,91.33,GMCC SZ80Е1H,34,1
551,551100149549519280551,"72.5,73,74,75.5,78,80,83,84,85",20.7,80.59,96.79,GMCC SZ80Е1H,34,1
551,551100584849641570551,"73,72,74,75.5,77.5,79.5",15.3,70.78,86.96,GMCC SZ80Е1H,34,1
551,551100149549519870551,"77.5,76,78,80,82,84.5,84",20.1,79.5,95.7,GMCC SZ80Е1H,34,1
551,551100584849640880551,"71,69.5,69,70.5,71,72,72.5,73",14.6,69.51,85.69,GMCC SZ80Е1H,34,1
551,551100584849820180551,"77.5,79.5,80.5,83,85.5,87,87.5,88,90.5",21.7,82.4,98.61,GMCC SZ80Е1H,34,1
551,551100584849648900551,"77,78,79,80.5,82.5,85,86,85",21.7,82.4,98.61,GMCC SZ80Е1H,34,1
551,551100584849799500551,"79.5,80,81,82.5,84.5,85.5,85",20.0,79.32,95.52,GMCC SZ80Е1H,34,1
551,551100149549418430551,"81.5,85,87,88.5,88",17.7,75.14,91.33,GMCC SZ80Е1H,34,1
551,551100584849694110551,"75.5,77.5,75.5,78.5,80.5,82.5,82,83.5,85,84",18.5,76.59,92.79,GMCC SZ80Е1H,34,1
551,551100149549521760551,"74.5,75,75.5,77.5,81,79",18.6,76.77,92.97,GMCC SZ80Е1H,34,1
551,551100584849781180551,"75.5,80.5,81.5,82,85.5,87,88",20.0,79.32,95.52,GMCC SZ80Е1H,34,1
551,551100149549418120551,"80.5,82,81,82.5,83,85,84.5,85.5",17.7,75.14,91.33,GMCC SZ80Е1H,34,1
551,551100149549533480551,"82.5,81,83,84.5,86,87,89.5,88",18.0,75.69,91.88,GMCC SZ80Е1H,34,1
551,551100584849694900551,"75.5,73.5,76,78.5,80.5,81.5,82.5,83.5,85,85.5",17.9,75.5,91.7,GMCC SZ80Е1H,34,1
551,551100149549524910551,"85.5,87,86,87.5,89,91,94,96.5,96",21.4,81.86,98.07,GMCC SZ80Е1H,34,1
551,551100149549532890551,"80,81,83,85,87.5,89,87.5",18.1,75.87,92.06,GMCC SZ80Е1H,34,1
551,551100584849694390551,"76,75,75.5,74.5,76.5,78.5,84,84.5",18.4,76.41,92.61,GMCC SZ80Е1H,34,1
551,551100149549528040551,"80.5,82.5,81.5,82.5,86,87,86.5,88,89.5",17.7,75.14,91.33,GMCC SZ80Е1H,34,1
551,551100584849646160551,"71.5,67,67.5,68,68.5,69,70,72.5",13.5,67.52,83.69,GMCC SZ80Е1H,34,1
551,551100149549524340551,"83,82,87,86.5,89.5,91,91.5,90.5",20.1,79.5,95.7,GMCC SZ80Е1H,34,1
551,551100149549418990551,"78.5,80,80.5,82,84,85,88,87.5",17.3,74.42,90.6,GMCC SZ80Е1H,34,1
551,551100149549531950551,"80,80.5,82.5,83,85.5,87.5,89.5,90",18.0,75.69,91.88,GMCC SZ80Е1H,34,1
551,551100584849784290551,"74.5,78.5,78,79,79.5,81.5,82,83.5,84",18.6,76.77,92.97,GMCC SZ80Е1H,34,1
551,551100149549418010551,"80,79.5,80.5,82,84,85,86,87",17.7,75.14,91.33,GMCC SZ80Е1H,34,1
551,551100584849786160551,"71.5,75.5,76.5,78,80.5,83,81.5",17.0,73.87,90.06,GMCC SZ80Е1H,34,1
551,551100149549528890551,"76,77.5,78,79,81.5,83.5,84.5,84",17.2,74.23,90.42,GMCC SZ80Е1H,34,1
551,551100149549519780551,"73,75,74.5,76,78,79,82.5,81.5",20.3,79.86,96.06,GMCC SZ80Е1H,34,1
551,551100584849643900551,"71.5,68,67.5,69.5,70,71.5,73,72.5",15.6,71.33,87.51,GMCC SZ80Е1H,34,1
551,551100149549528850551,"79,79.5,80.5,82,83,85,87.5,87",17.3,74.42,90.6,GMCC SZ80Е1H,34,1
551,551100584849646730551,"69,73.5,71.5,72.5,73.5,73,74.5",13.5,67.52,83.69,GMCC SZ80Е1H,34,1
551,551100149549522230551,"83,80.5,82,83.5,86,88,90,90.5",18.0,75.69,91.88,GMCC SZ80Е1H,34,1
551,551100584849783410551,"68,73.5,72.5,73.5,74.5,75.5,76,77.5,78.5,79.5",18.3,76.23,92.42,GMCC SZ80Е1H,34,1
551,551100149549521570551,"74,72.5,73,74.5,75.5,80,77.5",18.5,76.59,92.79,GMCC SZ80Е1H,34,1
551,551100149549527910551,"82,82.5,83.5,85.5,87,90.5,91,90.5",17.9,75.5,91.7,GMCC SZ80Е1H,34,1
551,551100584849640400551,"76.5,77,76.5,78,79,81,82.5",18.0,75.69,91.88,GMCC SZ80Е1H,34,1
551,551100584849695130551,"75.5,75,75.5,77,77.5,79,80,82",17.9,75.5,91.7,GMCC SZ80Е1H,34,1
551,551100149549522680551,"81,76.5,79.5,79,80.5,81.5,82,82.5,83.5,87",16.4,72.78,88.97,GMCC SZ80Е1H,34,1
551,551100149549418710551,"82,83.5,84.5,85.5,85,88.5,92,89.5",17.4,74.6,90.79,GMCC SZ80Е1H,34,1
551,551100149549525680551,"82,82.5,86,86.5,88,89.5,89",21.4,81.86,98.07,GMCC SZ80Е1H,34,1
551,551100584849648850551,"80,79.5,78.5,80.5,83,84.5,87,86.5",21.7,82.4,98.61,GMCC SZ80Е1H,34,1
551,551100584849795070551,"73,76,78,80.5,83,85,87.5,88",21.4,81.86,98.07,GMCC SZ80Е1H,34,1
551,551100149549520960551,"74.5,76,75,76.5,78.5,81,83,83.5",19.0,77.5,93.7,GMCC SZ80Е1H,34,1
551,551100149549529790551,"77.5,78.5,80.5,81,82,84,86.5,85.5",15.8,71.69,87.87,GMCC SZ80Е1H,34,1
551,551100149549419130551,"79.5,82,83.5,84,85.5,88,87.5",17.3,74.42,90.6,GMCC SZ80Е1H,34,1
551,551100584849642890551,"65.5,69.5,70,72.5,74,76,77.5,77",15.7,71.51,87.69,GMCC SZ80Е1H,34,1
551,551100149549524480551,"75.5,83.5,85.5,87.5,89,90,91.5,90.5",21.3,81.68,97.88,GMCC SZ80Е1H,34,1
551,551100584849641320551,"74,69,72.5,73.5,75.5,78,79.5,80.5",15.6,71.33,87.51,GMCC SZ80Е1H,34,1
551,551100584849818370551,"81,83,84,87,90,91,93,94",23.8,86.21,102.44,GMCC SZ80Е1H,34,1
551,551100584849786280551,"69.5,73.5,74,74.5,75.5,76,76.5,77.5,78.5",16.5,72.96,89.15,GMCC SZ80Е1H,34,1
551,551100149549529390551,"79,77,78,79,81,82,84,85.5",16.6,73.14,89.33,GMCC SZ80Е1H,34,1
551,551100584849700170551,"76.5,79.5,81,82.5,85.5,87.5,86.5",17.9,75.5,91.7,GMCC SZ80Е1H,34,1
551,551100149549418890551,"78.5,79,80.5,81.5,83,83.5,86.5,85",17.5,74.78,90.97,GMCC SZ80Е1H,34,1
551,551100149549524630551,"83.5,83,85.5,86,89,91.5,93,92",21.0,81.13,97.34,GMCC SZ80Е1H,34,1
551,551100584849700250551,"75.5,76.5,78,79.5,81.5,83",17.8,75.32,91.51,GMCC SZ80Е1H,34,1
551,551100149549418440551,"84,85.5,87,88.5,91,89",17.7,75.14,91.33,GMCC SZ80Е1H,34,1
551,551100584849795140551,"73.5,76.5,77,78.5,81,82,83.5,85",21.4,81.86,98.07,GMCC SZ80Е1H,34,1
551,551100149549529360551,"79,80.5,82,83.5,84,85,87,88",16.6,73.14,89.33,GMCC SZ80Е1H,34,1
551,551100149549419200551,"82.5,83.5,85.5,87,86.5,87,89,87",17.3,74.42,90.6,GMCC SZ80Е1H,34,1
551,551100584849701050551,"76.5,75,74.5,76.5,77.5,80,81.5,82",17.6,74.96,91.15,GMCC SZ80Е1H,34,1
551,551100149549418420551,"82.5,80,82.5,85,87,87.5,89,91.5,89.5",17.6,74.96,91.15,GMCC SZ80Е1H,34,1
551,551100584849695150551,"76.5,75.5,76.5,77,79,80.5,81.5,83.5,85.5",18.1,75.87,92.06,GMCC SZ80Е1H,34,1
551,551100584849645110551,"70.5,71,73.5,74,75,76,78.5,79",15.3,70.78,86.96,GMCC SZ80Е1H,34,1
551,551100584849781130551,"71,75.5,76.5,78,80,83.5,85,84.5",20.2,79.68,95.88,GMCC SZ80Е1H,34,1
551,551100584849649360551,"77,76,77.5,79.5,81.5,84,86.5,86",21.4,81.86,98.07,GMCC SZ80Е1H,34,1
551,551100584849697000551,"78,74,75,77,80,79.5,82,83,85",19.3,78.05,94.24,GMCC SZ80Е1H,34,1
551,551100149549418690551,"81.5,82,83,84,85,86.5,87.5,86",17.4,74.6,90.79,GMCC SZ80Е1H,34,1
551,551100584849796350551,"77.5,77,79,81.5,82.5,84.5,85,86,87.5",20.7,80.59,96.79,GMCC SZ80Е1H,34,1
551,551100149549524440551,"86.5,88,91.5,90.5,94,95.5,96,94.5",20.2,79.68,95.88,GMCC SZ80Е1H,34,1
551,551100584849781040551,"75,76,77,78,79.5,80,81.5,82.5,84,85.5",20.4,80.04,96.25,GMCC SZ80Е1H,34,1
551,551100149549418400551,"83,84,85.5,87,89.5,89,86.5",17.6,74.96,91.15,GMCC SZ80Е1H,34,1
551,551100149549518960551,"75,77,78,79.5,81.5,84,87,85.5",20.9,80.95,97.16,GMCC SZ80Е1H,34,1
551,551100149549418850551,"78,75,78,78.5,80,82,83,84,85",17.2,74.23,90.42,GMCC SZ80Е1H,34,1
551,551100584849781340551,"81,80,81,81.5,83,84.5,87,85.5",20.0,79.32,95.52,GMCC SZ80Е1H,34,1
551,551100584849640960551,"64,66,65,67.5,69.5,71,73,74.5",14.4,69.15,85.32,GMCC SZ80Е1H,34,1
551,551100584849785740551,"74,71.5,72,72.5,74,75.5,77.5,78.5",16.5,72.96,89.15,GMCC SZ80Е1H,34,1
551,551100149549525930551,"83.5,85,84.5,85.5,86.5,88.5,89.5,90",21.0,81.13,97.34,GMCC SZ80Е1H,34,1
551,551100149549530730551,"80.5,83.5,84.5,86.5,89,89.5,89",18.6,76.77,92.97,GMCC SZ80Е1H,34,1
551,551100584849640820551,"71,70,71,71.5,72,74,74.5",14.6,69.51,85.69,GMCC SZ80Е1H,34,1
551,551100584849818100551,"78,79.5,81,82.5,84,85,86,87,88,89.5",23.8,86.21,102.44,GMCC SZ80Е1H,34,1
551,551100149549528190551,"80,83,84.5,85.5,87,88,90,89.5,90",17.8,75.32,91.51,GMCC SZ80Е1H,34,1
551,551100149549418970551,"76,77,78.5,80,82,84,86.5,86",17.3,74.42,90.6,GMCC SZ80Е1H,34,1
551,551100584849698560551,"74.5,79.5,80.5,82.5,83.5,85.5,86,84.5",20.5,80.22,96.43,GMCC SZ80Е1H,34,1
551,551100149549419650551,"80,79.5,81,83.5,84.5,87,88",16.6,73.14,89.33,GMCC SZ80Е1H,34,1
551,551100149549520940551,"74.5,72.5,78,79,80,81.5,83,85.5,86.5",18.8,77.14,93.33,GMCC SZ80Е1H,34,1
551,551100584849700470551,"77,79,79.5,80,81,82,81.5",17.8,75.32,91.51,GMCC SZ80Е1H,34,1
551,551100584849794800551,"78,79,80,80.5,83,84.5,86.5,86",21.5,82.04,98.25,GMCC SZ80Е1H,34,1
551,551100149549523570551,"85.5,84.5,86,89.5,90.5,90,93,94.5,93",20.2,79.68,95.88,GMCC SZ80Е1H,34,1
551,551100584849702380551,"70,73,73.5,74.5,77,77.5,79.5,78.5",15.8,71.69,87.87,GMCC SZ80Е1H,34,1
551,551100149549526370551,"85.5,84,86,89,90.5,94.5,95,94",19.9,79.13,95.34,GMCC SZ80Е1H,34,1
551,551100149549521460551,"73,72,73.5,75.5,75,77,76.5,78.5,79.5",18.4,76.41,92.61,GMCC SZ80Е1H,34,1
551,551100584849797710551,"74.5,72,75,80,82.5,83.5,85.5,85",19.5,78.41,94.61,GMCC SZ80Е1H,34,1
551,551100149549518790551,"75,76.5,79.5,81,84.5,86,87.5",21.1,81.31,97.52,GMCC SZ80Е1H,34,1
551,551100584849702170551,"78,71.5,73.5,74.5,76.5,79.5,81",17.6,74.96,91.15,GMCC SZ80Е1H,34,1
551,551100149549522700551,"78.5,72,80,79.5,81.5,82,83.5,86,87",16.4,72.78,88.97,GMCC SZ80Е1H,34,1
551,551100149549531190551,"80,79.5,82.5,85,86,88,87",18.1,75.87,92.06,GMCC SZ80Е1H,34,1
551,551100149549418030551,"79,80,82,84,83",17.6,74.96,91.15,GMCC SZ80Е1H,34,1
551,551100584849641970551,"75,72,71,73.5,74.5,75,76,75.5",15.2,70.6,86.78,GMCC SZ80Е1H,34,1
551,551100149549521070551,"74.5,76,79,81.5,84.5,85.5,88,87.5",19.1,77.68,93.88,GMCC SZ80Е1H,34,1
551,551100584849639970551,"74,71.5,72.5,73.5,75,75.5,76.5",15.0,70.24,86.42,GMCC SZ80Е1H,34,1
551,551100149549521110551,"77,79.5,80.5,82,83.5,85.5",19.2,77.86,94.06,GMCC SZ80Е1H,34,1
551,551100584849646710551,"69,70.5,65,69.5,70,71,71.5,72.5,73.5",13.2,66.97,83.14,GMCC SZ80Е1H,34,1
551,551100149549529030551,"77.5,78.5,79.5,81,82.5,82,83,84,84.5",17.0,73.87,90.06,GMCC SZ80Е1H,34,1
551,551100584849797450551,"79.5,77,78,79,81,82.5,83.5,84,85",19.8,78.95,95.15,GMCC SZ80Е1H,34,1
551,551100584849641350551,"72.5,70,69,68.5,70,70.5,72.5,74.5",15.3,70.78,86.96,GMCC SZ80Е1H,34,1
551,551100584849795220551,"72,73,74,75.5,78.5,80,81,83,84.5,85.5",21.4,81.86,98.07,GMCC SZ80Е1H,34,1
551,551100584849694870551,"78.5,78,77.5,79,81.5,83,84.5,83",17.9,75.5,91.7,GMCC SZ80Е1H,34,1
551,551100149549519340551,"73.5,74.5,75.5,77.5,79.5,81,83.5,84",20.6,80.41,96.61,GMCC SZ80Е1H,34,1
551,551100149549528640551,"82.5,78.5,81,83.5,82.5,85.5,86.5,86",17.1,74.05,90.24,GMCC SZ80Е1H,34,1
551,551100149549521750551,"74,74.5,75.5,78,78.5,79,79.5",18.3,76.23,92.42,GMCC SZ80Е1H,34,1
551,551100149549524550551,"85,85.5,88,91,92,94.5,97.5,95.5",21.2,81.49,97.7,GMCC SZ80Е1H,34,1
551,551100149549521280551,"71,72.5,74.5,75.5,77,80",18.5,76.59,92.79,GMCC SZ80Е1H,34,1
551,551100149549521690551,"73,71,73.5,78,77.5,78.5,80.5,82.5",18.5,76.59,92.79,GMCC SZ80Е1H,34,1
551,551100584849695310551,"73.5,75.5,76,78,81,82.5,84.5,84",18.3,76.23,92.42,GMCC SZ80Е1H,34,1
551,551100149549522330551,"81,81.5,83,85,87,85.5",16.9,73.69,89.88,GMCC SZ80Е1H,34,1
551,551100584849781600551,"69,73,73.5,75,77,79.5,80",19.9,79.13,95.34,GMCC SZ80Е1H,34,1
551,551100584849644680551,"75,70.5,71.5,72.5,74.5,75.5,77.5,79,78",14.7,69.7,85.87,GMCC SZ80Е1H,34,1
551,551100149549531270551,"79,81,82.5,85,86,88.5,91,90",18.9,77.32,93.52,GMCC SZ80Е1H,34,1
551,551100584849646000551,"67.5,66.5,64.5,65,67.5,68,70.5,68,69",13.5,67.52,83.69,GMCC SZ80Е1H,34,1
551,551100149549418290551,"81,83,84.5,85.5,87,89.5,91.5,90",17.7,75.14,91.33,GMCC SZ80Е1H,34,1
551,551100149549519490551,"75,76,77,79.5,82,85,84",20.3,79.86,96.06,GMCC SZ80Е1H,34,1
551,551100584849639920551,"73.5,70.5,71,72,71,72.5,73,74.5,75",14.8,69.88,86.05,GMCC SZ80Е1H,34,1
551,551100149549523330551,"82,83,85.5,88.5,91.5,93,95.5,94.5",20.2,79.68,95.88,GMCC SZ80Е1H,34,1
551,551100584849783140551,"67,70.5,73,73.5,75,76,78",18.3,76.23,92.42,GMCC SZ80Е1H,34,1
551,551100149549527770551,"79,81,82,83.5,86.5,87,88,89.5",18.0,75.69,91.88,GMCC SZ80Е1H,34,1
551,551100149549519070551,"76,77.5,78,79.5,81.5,84,85.5,88",20.9,80.95,97.16,GMCC SZ80Е1H,34,1
551,551100149549418660551,"82.5,81.5,84,85,86,88,89.5,88.5",17.4,74.6,90.79,GMCC SZ80Е1H,34,1
551,551100584849644310551,"71.5,67.5,68.5,69,70,70.5,73,74.5,77",14.9,70.06,86.23,GMCC SZ80Е1H,34,1
551,551100149549418550551,"82.5,84,84.5,86,87,88.5,90,89",17.5,74.78,90.97,GMCC SZ80Е1H,34,1
551,551100149549520010551,"72.5,75.5,75,77.5,79,80.5,81",19.8,78.95,95.15,GMCC SZ80Е1H,34,1
551,551100149549532070551,"82,83,83.5,84,85,87.5,88.5,91,92.5",18.4,76.41,92.61,GMCC SZ80Е1H,34,1
551,551100149549521350551,"71,72.5,73.5,75,75.5,76,78.5,78,80.5",18.5,76.59,92.79,GMCC SZ80Е1H,34,1
551,551100149549529060551,"78,75.5,77.5,79.5,80,82,83.5,82.5",17.0,73.87,90.06,GMCC SZ80Е1H,34,1
551,551100584849795760551,"0,0,80,79.5,78.5,80.5,81.5,84.5,85.5,87.5,89,91,90.5",21.1,81.31,97.52,GMCC SZ80Е1H,34,1
551,551100149549525150551,"80.5,82.5,83,85,85.5,87,88",20.7,80.59,96.79,GMCC SZ80Е1H,34,1
551,551100584849646720551,"68.5,70.5,69,71,72.5,73,73.5,74,76",13.2,66.97,83.14,GMCC SZ80Е1H,34,1
551,551100149549419800551,"79.5,81,83,84,85.5,85",16.7,73.33,89.51,GMCC SZ80Е1H,34,1
551,551100149549533310551,"80.5,80,82,83,85.5,86,86.5",17.8,75.32,91.51,GMCC SZ80Е1H,34,1
551,551100149549522780551,"84.5,82.5,84,85.5,86,87,89,88.5",20.4,80.04,96.25,GMCC SZ80Е1H,34,1
551,551100149549524380551,"83.5,84,86.5,87,90.5,92.5,93,94",20.1,79.5,95.7,GMCC SZ80Е1H,34,1
551,551100149549523060551,"79,77.5,74,78,79,80.5,82,85,84.5",17.7,75.14,91.33,GMCC SZ80Е1H,34,1
551,551100149549523900551,"76.5,81,84,84.5,86.5,88,91,89.5",20.3,79.86,96.06,GMCC SZ80Е1H,34,1
551,551100149549528440551,"79,80,82,82.5,83.5,86.5,87.5,87",18.1,75.87,92.06,GMCC SZ80Е1H,34,1
551,551100149549418150551,"80.5,78,77.5,78.5,80,82,83,83.5",18.1,75.87,92.06,GMCC SZ80Е1H,34,1
551,551100584849647760551,"78,80,91.5",20.3,79.86,96.06,GMCC SZ80Е1H,34,1
551,551100149549418230551,"82,84,85,87.5,88.5,89.5,91.5,91",18.2,76.05,92.24,GMCC SZ80Е1H,34,1
551,551100149549528000551,"81,82,83.5,86.5,87.5,88,90.5,88.5",17.7,75.14,91.33,GMCC SZ80Е1H,34,1
551,551100584849640870551,"67.5,72,70.5,72,73.5,74,75,75.5",14.7,69.7,85.87,GMCC SZ80Е1H,34,1
551,551100149549528240551,"78,82,84,87,87.5",18.2,76.05,92.24,GMCC SZ80Е1H,34,1
551,551100149549522110551,"82,82.5,83.5,87.5,91.5",18.2,76.05,92.24,GMCC SZ80Е1H,34,1
551,551100149549418770551,"83,83.5,86,87.5,89,91,88.5",17.3,74.42,90.6,GMCC SZ80Е1H,34,1
551,551100149549532220551,"83,81.5,82,83.5,85,86.5,88.5,87",18.2,76.05,92.24,GMCC SZ80Е1H,34,1
551,551100584849641650551,"76,74,72.5,74.5,75.5,77,76.5,77.5,78.5",15.3,70.78,86.96,GMCC SZ80Е1H,34,1
551,551100584849642180551,"68,70.5,69.5,72,73,74.5,74",14.7,69.7,85.87,GMCC SZ80Е1H,34,1
551,551100584849817810551,"83.5,82,83,85,87.5,89.5,91.5,91",24.0,86.58,102.8,GMCC SZ80Е1H,34,1
551,551100584849819980551,"73.5,75,78,79.5,80.5,81,82,82.5,83,83.5,84",21.8,82.58,98.8,GMCC SZ80Е1H,34,1
551,551100149549525460551,"89,87,87.5,92,93.5,93",20.5,80.22,96.43,GMCC SZ80Е1H,34,1
551,551100149549526980551,"82.5,84,85.5,87.5,88.5,90,93,92.5",19.5,78.41,94.61,GMCC SZ80Е1H,34,1
551,551100584849694240551,"71.5,74.5,73.5,75,78,80,80.5,82,83",18.4,76.41,92.61,GMCC SZ80Е1H,34,1
551,551100149549520440551,"77,75.5,76,80,82,85,87,88.5",19.5,78.41,94.61,GMCC SZ80Е1H,34,1
551,551100149549526140551,"80.5,83,85.5,87,88.5,91.5,93.5,92.5",20.0,79.32,95.52,GMCC SZ80Е1H,34,1
551,551100584849798960551,"76.5,79,80.5,82,84,85.5,86.5",19.9,79.13,95.34,GMCC SZ80Е1H,34,1
551,551100584849640310551,"77,76,77.5,80.5,82,82.5,83",17.1,74.05,90.24,GMCC SZ80Е1H,34,1
551,551100149549419350551,"82,81,83.5,83,84,85,87,86.5",17.0,73.87,90.06,GMCC SZ80Е1H,34,1
551,551100584849784900551,"79,76.5,76,77.5,80.5,82,84",17.2,74.23,90.42,GMCC SZ80Е1H,34,1
551,551100149549519050551,"81.5,78.5,80.5,82,84,87,89.5,91",20.9,80.95,97.16,GMCC SZ80Е1H,34,1
551,551100584849644140551,"72.5,71.5,70.5,71,73.5,74.5,75,76,76.5",15.4,70.97,87.14,GMCC SZ80Е1H,34,1
551,551100149549418280551,"78.5,80,81.5,83,84.5,85.5,87.5,87",17.7,75.14,91.33,GMCC SZ80Е1H,34,1
551,551100584849698650551,"76,78,78.5,80,82,84,87,87.5,88.5",20.4,80.04,96.25,GMCC SZ80Е1H,34,1
551,551100149549527140551,"82,83.5,87,89,90.5,92,94,93.5",19.7,78.77,94.97,GMCC SZ80Е1H,34,1
551,551100149549519680551,"75,78,80.5,81,82,85,85.5",20.3,79.86,96.06,GMCC SZ80Е1H,34,1
551,551100584849797790551,"81,79,80,80.5,83,83.5,85,86,87.5",19.9,79.13,95.34,GMCC SZ80Е1H,34,1
551,551100149549418840551,"79,80,83,82.5,85,84",17.2,74.23,90.42,GMCC SZ80Е1H,34,1
551,551100584849784540551,"73.5,76.5,76,78.5,79.5,80,80.5,82",18.6,76.77,92.97,GMCC SZ80Е1H,34,1
551,551100149549519970551,"72.5,78,76,78,79.5,81,82,83.5,85",19.9,79.13,95.34,GMCC SZ80Е1H,34,1
551,551100584849786480551,"76,74.5,76,77,77.5,78.5,79.5,80.5",15.9,71.87,88.06,GMCC SZ80Е1H,34,1
551,551100584849641330551,"70,69,67.5,69.5,70.5,72,73,72.5",14.4,69.15,85.32,GMCC SZ80Е1H,34,1
551,551100149549418910551,"81,78.5,78,80,82,82.5,85,86,87",17.2,74.23,90.42,GMCC SZ80Е1H,34,1
551,551100584849819220551,"81,82.5,83.5,85,87.5,89.5,91.5,90.5",24.0,86.58,102.8,GMCC SZ80Е1H,34,1
551,551100149549523340551,"81,80,76,80.5,81.5,82,84,85",16.4,72.78,88.97,GMCC SZ80Е1H,34,1
551,551100149549524900551,"83.5,85,84,86.5,87.5,89,91,90",21.4,81.86,98.07,GMCC SZ80Е1H,34,1
551,551100149549521100551,"75,79.5,78.5,79.5,80,80.5,82.5,83.5",19.2,77.86,94.06,GMCC SZ80Е1H,34,1
551,551100584849648880551,"79,78.5,79,81,84,86.5,88.5,88",21.7,82.4,98.61,GMCC SZ80Е1H,34,1
551,551100149549522340551,"82.5,82,84.5,84,84.5,87.5,86.5",16.5,72.96,89.15,GMCC SZ80Е1H,34,1
551,551100584849640360551,"72.5,74.5,73.5,76,77,79,78.5",17.1,74.05,90.24,GMCC SZ80Е1H,34,1
551,551100584849700990551,"72,74,74.5,75.5,77.5,79,81",17.4,74.6,90.79,GMCC SZ80Е1H,34,1
551,551100149549532720551,"84.5,83.5,86.5,89,90,93.5,90.5",18.4,76.41,92.61,GMCC SZ80Е1H,34,1
551,551100584849648650551,"77,80.5,82.5,84.5,87.5,90,89",21.9,82.76,98.98,GMCC SZ80Е1H,34,1
551,551100584849701790551,"75.5,77.5,79,79.5,81.5,82.5,84,83.5",16.5,72.96,89.15,GMCC SZ80Е1H,34,1
551,551100149549527190551,"84.5,83.5,84.5,85.5,88,90,91.5,92.5",20.1,79.5,95.7,GMCC SZ80Е1H,34,1
551,551100149549522090551,"80,80.5,82.5,84.5,86.5,87,87.5",18.2,76.05,92.24,GMCC SZ80Е1H,34,1
551,551100149549527820551,"79.5,80.5,81,83,84,85,88,88.5,89,89.5,90",17.8,75.32,91.51,GMCC SZ80Е1H,34,1
551,551100149549531800551,"83,82,83.5,85.5,86,88.5,89.5,89",18.9,77.32,93.52,GMCC SZ80Е1H,34,1
551,551100149549533410551,"83,80,83,84.5,86.5,85.5",17.8,75.32,91.51,GMCC SZ80Е1H,34,1
551,551100149549525060551,"82.5,83.5,84.5,85,87.5,88.5,90,89.5,91",20.8,80.77,96.97,GMCC SZ80Е1H,34,1
551,551100584849643870551,"73,74,73,75,77.5,79.5,81,80",15.6,71.33,87.51,GMCC SZ80Е1H,34,1
551,551100149549520850551,"77.5,77,78.5,79.5,81.5,82.5,84.5,85",19.0,77.5,93.7,GMCC SZ80Е1H,34,1
551,551100149549419020551,"82.5,79.5,82,84,86,88,86.5",17.2,74.23,90.42,GMCC SZ80Е1H,34,1
551,551100149549519830551,"79.5,80,79,80,82,84.5,85.5,86",20.0,79.32,95.52,GMCC SZ80Е1H,34,1
551,551100149549523420551,"82,81,83,84,87.5,88.5,90.5,89",20.2,79.68,95.88,GMCC SZ80Е1H,34,1
551,551100149549520630551,"75.5,74.5,76.5,79,81.5,84,83.5",19.4,78.23,94.43,GMCC SZ80Е1H,34,1
551,551100149549519530551,"77,78,79.5,81,83,84.5,87.5,86",20.6,80.41,96.61,GMCC SZ80Е1H,34,1
551,551100584849782060551,"74.5,79.5,80.5,81.5,84,85,86.5,89",19.8,78.95,95.15,GMCC SZ80Е1H,34,1
551,551100149549419380551,"82,82.5,83,85,86,87,88.5,88",16.9,73.69,89.88,GMCC SZ80Е1H,34,1
551,551100584849781590551,"77.5,80.5,82,84,85,86.5,87.5,88.5,87.5",20.0,79.32,95.52,GMCC SZ80Е1H,34,1
551,551100149549519310551,"79,77,77.5,79.5,82,85.5,84",20.6,80.41,96.61,GMCC SZ80Е1H,34,1
551,551100149549523700551,"86.5,84.5,86.5,85,87,88,89.5,90.5,91,92.5,93",20.1,79.5,95.7,GMCC SZ80Е1H,34,1
551,551100584849641010551,"73.5,72,71.5,72.5,73.5,75.5,76.5,76",15.6,71.33,87.51,GMCC SZ80Е1H,34,1
551,551100584849798750551,"79.5,78,77,78.5,80.5,82,84,84.5",19.9,79.13,95.34,GMCC SZ80Е1H,34,1
551,551100149549530960551,"82,84.5,87.5,87,89,90",18.3,76.23,92.42,GMCC SZ80Е1H,34,1
551,551100149549532470551,"81,84,85.5,88,90,88.5",18.5,76.59,92.79,GMCC SZ80Е1H,34,1
551,551100149549526830551,"85,84.5,85.5,86,87,88.5,89.5,90,92,93.5",19.9,79.13,95.34,GMCC SZ80Е1H,34,1
551,551100149549529440551,"79.5,80,82,82.5,84,85,86.5,87,86",16.7,73.33,89.51,GMCC SZ80Е1H,34,1
551,551100149549418920551,"80.5,81.5,80.5,82.5,84.5,86.5,87",17.2,74.23,90.42,GMCC SZ80Е1H,34,1
551,551100584849644000551,"73.5,72,71.5,72,73,74,76,77,78",15.5,71.15,87.33,GMCC SZ80Е1H,34,1
551,551100149549523250551,"80.5,79.5,80,81.5,84,84.5,84",16.4,72.78,88.97,GMCC SZ80Е1H,34,1
551,551100149549521910551,"78,79,80.5,82,82.5,83.5,84",18.2,76.05,92.24,GMCC SZ80Е1H,34,1
551,551100584849647120551,"76.5,78,80,81,83,85,88.5,86.5",20.5,80.22,96.43,GMCC SZ80Е1H,34,1
551,551100149549419240551,"79,81,80,81,83,84,86,85.5",17.1,74.05,90.24,GMCC SZ80Е1H,34,1
551,551100584849646310551,"70.5,69.5,71.5,73,74.5,76",12.9,66.43,82.59,GMCC SZ80Е1H,34,1
551,551100149549519250551,"74.5,74,75,75.5,76.5,78,81,83.5,85.5,86",20.7,80.59,96.79,GMCC SZ80Е1H,34,1
551,551100584849817860551,"80,83.5,85,87.5,89,90.5,91.5,93",24.0,86.58,102.8,GMCC SZ80Е1H,34,1
551,551100149549527590551,"81,84,87.5,90.5,89.5",18.1,75.87,92.06,GMCC SZ80Е1H,34,1
551,551100584849642220551,"76,72.5,71.5,73,75.5,76.5,76",15.9,71.87,88.06,GMCC SZ80Е1H,34,1
551,551100584849698810551,"79.5,80.5,82.5,84,86,87,87.5",20.5,80.22,96.43,GMCC SZ80Е1H,34,1
551,551100584849647850551,"80,82,83,84,85.5,86.5,88.5,88",20.3,79.86,96.06,GMCC SZ80Е1H,34,1
551,551100584849781100551,"73.5,78,80.5,82,83.5,85.5,87.5",20.2,79.68,95.88,GMCC SZ80Е1H,34,1
551,551100149549527720551,"79.5,81,82.5,83.5,84.5,85.5,86,88.5,90,91",18.0,75.69,91.88,GMCC SZ80Е1H,34,1
551,551100149549527510551,"84.5,86,87,88.5,90,91,93.5,93,95",20.4,80.04,96.25,GMCC SZ80Е1H,34,1
551,551100149549520660551,"69.5,76,77,79,81,82.5,84.5,86",19.3,78.05,94.24,GMCC SZ80Е1H,34,1
551,551100149549526790551,"82,85.5,86.5,88.5,90.5,92,91",19.7,78.77,94.97,GMCC SZ80Е1H,34,1
551,551100149549419220551,"77.5,79,80,81.5,80,83.5,86,84",17.0,73.87,90.06,GMCC SZ80Е1H,34,1
551,551100584849781580551,"70,74.5,72.5,76.5,77.5,80.5,80",19.9,79.13,95.34,GMCC SZ80Е1H,34,1
551,551100149549522890551,"78.5,77.5,78,80,82,82.5,83",16.3,72.6,88.78,GMCC SZ80Е1H,34,1
551,551100149549528820551,"79,82,82.5,84,85.5,87.5,88.5,89",17.4,74.6,90.79,GMCC SZ80Е1H,34,1
551,551100584849798790551,"79,78.5,79.5,82.5,85.5,87",19.9,79.13,95.34,GMCC SZ80Е1H,34,1
551,551100149549521490551,"74,73.5,76,77,77.5,78.5,80,80.5",18.4,76.41,92.61,GMCC SZ80Е1H,34,1
551,551100149549418830551,"80,80.5,82,83.5,84.5,85.5,85",17.6,74.96,91.15,GMCC SZ80Е1H,34,1
551,551100149549526520551,"79.5,82,84,83.5,89,90.5,92.5,93",19.8,78.95,95.15,GMCC SZ80Е1H,34,1
551,551100149549519400551,"75,77,77.5,79.5,80.5,83,85,85.5",20.6,80.41,96.61,GMCC SZ80Е1H,34,1
551,551100149549528180551,"81,81.5,83,82.5,86.5,89,88.5",17.3,74.42,90.6,GMCC SZ80Е1H,34,1
551,551100149549520200551,"78.5,79,80,84,85,87.5,88.5",19.8,78.95,95.15,GMCC SZ80Е1H,34,1
551,551100149549522380551,"79.5,77.5,78,79,80,80.5,81.5,82",16.5,72.96,89.15,GMCC SZ80Е1H,34,1
551,551100584849699150551,"78.5,77.5,78.5,81.5,83.5,85,87.5,86.5",19.6,78.59,94.79,GMCC SZ80Е1H,34,1
551,551100584849697120551,"77,76.5,77.5,78.5,81,81.5,82,83.5",19.5,78.41,94.61,GMCC SZ80Е1H,34,1
551,551100584849640990551,"72,73,72,73.5,74.5,76.5,77.5,78",15.8,71.69,87.87,GMCC SZ80Е1H,34,1
551,551100584849649190551,"79,78.5,81,84.5,87.5,88.5,90,92.5",21.5,82.04,98.25,GMCC SZ80Е1H,34,1
551,551100584849784690551,"79,78.5,78,79,80.5,82,82.5,84,85.5,86,85",17.4,74.6,90.79,GMCC SZ80Е1H,34,1
551,551100149549419250551,"77.5,79,79.5,81,80.5,82.5,84,84.5",17.0,73.87,90.06,GMCC SZ80Е1H,34,1
551,551100149549532000551,"82.5,83.5,85,87,87.5,88",18.1,75.87,92.06,GMCC SZ80Е1H,34,1
551,551100149549522850551,"85.5,86,87,89.5,89,90.5,93,93.5,95.5",20.4,80.04,96.25,GMCC SZ80Е1H,34,1
551,551100584849698840551,"83,73.5,77.5,78.5,79,81,81.5,83.5,86,86.5,87.5",20.5,80.22,96.43,GMCC SZ80Е1H,34,1
551,551100149549419410551,"80,80.5,81.5,83.5,83,85.5,87,86",16.9,73.69,89.88,GMCC SZ80Е1H,34,1
551,551100149549530900551,"75.5,77,78,79,80,82,82.5,83",16.2,72.42,88.6,GMCC SZ80Е1H,34,1
551,551100584849699110551,"76,79.5,81,83.5,84.5,85.5,87.5,88",19.9,79.13,95.34,GMCC SZ80Е1H,34,1
551,551100149549520670551,"78,76,80,80.5,82,81.5,84.5,83.5",19.2,77.86,94.06,GMCC SZ80Е1H,34,1
551,551100584849818020551,"76,81,82,83.5,86,88.5,90.5,91",24.1,86.76,102.98,GMCC SZ80Е1H,34,1
551,551100584849781870551,"79,73,75.5,77,79.5,80.5,82,83",19.8,78.95,95.15,GMCC SZ80Е1H,34,1
551,551100584849781200551,"71.5,77,78,80,81,82.5,83.5,85.5",19.9,79.13,95.34,GMCC SZ80Е1H,34,1
551,551100584849642040551,"73.5,73,71.5,72.5,75.5,76,75,75.5",15.3,70.78,86.96,GMCC SZ80Е1H,34,1
551,551100584849796360551,"74.5,78,78.5,79,81.5,83.5,85,86.5,86",20.8,80.77,96.97,GMCC SZ80Е1H,34,1
551,551100584849785090551,"74,75,74.5,75.5,78.5,79.5,80.5,81",16.9,73.69,89.88,GMCC SZ80Е1H,34,1
551,551100149549419340551,"77,78,79.5,80.5,82,83,83.5",16.9,73.69,89.88,GMCC SZ80Е1H,34,1
551,551100149549419430551,"82.5,80.5,81.5,82.5,83,85.5,85",16.9,73.69,89.88,GMCC SZ80Е1H,34,1
551,551100149549519960551,"76,78,79.5,83.5,85,84",19.9,79.13,95.34,GMCC SZ80Е1H,34,1
551,551100584849797520551,"82.5,80,79,81,82,84.5,85.5,86.5",19.6,78.59,94.79,GMCC SZ80Е1H,34,1
551,551100584849696840551,"80.5,74,76.5,77.5,79,81.5,82.5,83.5",19.6,78.59,94.79,GMCC SZ80Е1H,34,1
551,551100149549522880551,"76.5,77.5,79.5,80,79.5,80.5,82,83",17.3,74.42,90.6,GMCC SZ80Е1H,34,1
551,551100584849642160551,"69.5,68.5,67.5,69,70.5,71.5,72,72.5",14.4,69.15,85.32,GMCC SZ80Е1H,34,1
551,551100584849818850551,"76.5,80,81,85.5,87.5,89.5,91.5",23.1,84.94,101.16,GMCC SZ80Е1H,34,1
551,551100584849784950551,"75,77,75,76,75,75.5,76.5,78,80,79.5",17.1,74.05,90.24,GMCC SZ80Е1H,34,1
551,551100149549419160551,"79,80,82.5,85,84.5,86,87,88,88.5",18.2,76.05,92.24,GMCC SZ80Е1H,34,1
551,551100149549419440551,"82,80,81.5,83,83.5,84.5,86.5,85",16.9,73.69,89.88,GMCC SZ80Е1H,34,1
551,551100149549519720551,"77,78,77,78.5,80.5,81,82.5,83,82,85.5",20.5,80.22,96.43,GMCC SZ80Е1H,34,1
551,551100584849647010551,"74,74.5,74,75.5,79,82.5,84.5,85",20.4,80.04,96.25,GMCC SZ80Е1H,34,1
551,551100149549525920551,"80,84.5,90,89.5,90.5,94,93,94",20.3,79.86,96.06,GMCC SZ80Е1H,34,1
551,551100149549519740551,"73,76.5,77.5,79.5,82,82.5,83",20.0,79.32,95.52,GMCC SZ80Е1H,34,1
551,551100149549418250551,"81.5,82,81,83.5,84.5,86,87.5,87",18.0,75.69,91.88,GMCC SZ80Е1H,34,1
551,551100149549527320551,"86.5,84,85,86,89.5,92,90",19.7,78.77,94.97,GMCC SZ80Е1H,34,1
551,551100149549525830551,"78.5,80.5,82,82.5,84.5,86,87.5,88,87.5",20.1,79.5,95.7,GMCC SZ80Е1H,34,1
551,551100149549530090551,"82.5,82,79.5,82.5,83,86.5,88,90,87.5",18.8,77.14,93.33,GMCC SZ80Е1H,34,1
551,551100584849818520551,"81.5,84.5,90,93.5,95.5,95,96",23.4,85.49,101.71,GMCC SZ80Е1H,34,1
551,551100584849643420551,"69,73,74.5,75,76.5,77,79.5,80.5,80",16.1,72.24,88.42,GMCC SZ80Е1H,34,1
551,551100149549418540551,"80.5,81.5,83,85.5,88,87",17.4,74.6,90.79,GMCC SZ80Е1H,34,1
551,551100149549520490551,"77,76,76.5,78.5,81,82.5,85,85.5",19.5,78.41,94.61,GMCC SZ80Е1H,34,1
551,551100149549521230551,"74.5,75.5,76.5,78,79.5,82.5,83,82.5",18.8,77.14,93.33,GMCC SZ80Е1H,34,1
551,551100149549527380551,"82,83.5,81.5,85.5,86.5,89,92,90.5",19.5,78.41,94.61,GMCC SZ80Е1H,34,1
551,551100584849702270551,"77.5,78,80,81,81.5,82,82.5,83,84,85.5,87",17.9,75.5,91.7,GMCC SZ80Е1H,34,1
551,551100149549519600551,"74.5,75,75.5,77,78.5,80.5,82.5,83",20.3,79.86,96.06,GMCC SZ80Е1H,34,1
551,551100149549519770551,"76,79,79.5,80,80.5,82,83,84",20.2,79.68,95.88,GMCC SZ80Е1H,34,1
551,551100149549519790551,"79,77,78.5,80.5,82.5,84.5,85",20.1,79.5,95.7,GMCC SZ80Е1H,34,1
551,551100149549519800551,"74,76.5,77,78,78.5,81,82.5,82",20.3,79.86,96.06,GMCC SZ80Е1H,34,1
551,551100149549523490551,"82,83,84,84.5,86,88,91,89.5",20.1,79.5,95.7,GMCC SZ80Е1H,34,1
551,551100149549518800551,"76.5,77.5,78.5,79.5,82.5,85.5,87.5,88",21.1,81.31,97.52,GMCC SZ80Е1H,34,1
551,551100584849795260551,"76,78,80,82.5,84,85.5,87.5,89",21.4,81.86,98.07,GMCC SZ80Е1H,34,1
551,551100149549525530551,"88.5,86.5,88,89,89.5,91.5,94,95",20.5,80.22,96.43,GMCC SZ80Е1H,34,1
551,551100149549532030551,"84,83,84.5,85,86.5,88.5,89,90.5",17.9,75.5,91.7,GMCC SZ80Е1H,34,1
551,551100584849780750551,"75,78.5,81,84,86,88,87.5",20.5,80.22,96.43,GMCC SZ80Е1H,34,1
551,551100149549521440551,"71,73.5,74.5,76,80,77.5",18.4,76.41,92.61,GMCC SZ80Е1H,34,1
551,551100149549527940551,"83.5,84.5,84,86.5,86,88.5,90,90.5",17.8,75.32,91.51,GMCC SZ80Е1H,34,1
551,551100149549531200551,"81.5,81,81.5,84,85.5,87,88",18.1,75.87,92.06,GMCC SZ80Е1H,34,1
551,551100584849648950551,"79.5,79,80,82.5,84.5,87,89,89.5",21.7,82.4,98.61,GMCC SZ80Е1H,34,1
551,551100149549525080551,"79,79.5,83.5,84.5,87.5,89,91,88.5",20.8,80.77,96.97,GMCC SZ80Е1H,34,1
551,551100584849646430551,"69,70,70.5,72,73,75,74.5",13.5,67.52,83.69,GMCC SZ80Е1H,34,1
551,551100149549523840551,"84.5,86,87,88,89,91.5,91",20.1,79.5,95.7,GMCC SZ80Е1H,34,1
551,551100149549519860551,"73.5,75.5,74,76,77,79,80.5,81.5",20.1,79.5,95.7,GMCC SZ80Е1H,34,1
551,551100149549532210551,"81.5,81,82.5,83,85.5,86.5,87.5,90",18.4,76.41,92.61,GMCC SZ80Е1H,34,1
551,551100584849794610551,"78,79,79.5,80.5,82,84,86,87,88,89.5",21.5,82.04,98.25,GMCC SZ80Е1H,34,1
551,551100149549529420551,"82,83,85,86,87,89.5,90.5,90",18.4,76.41,92.61,GMCC SZ80Е1H,34,1
551,551100584849644080551,"69,68.5,70,71,71.5,74,73.5,75.5,76,76.5",15.4,70.97,87.14,GMCC SZ80Е1H,34,1
551,551100149549529480551,"77.5,79.5,79,80.5,82.5,85.5,83.5",16.6,73.14,89.33,GMCC SZ80Е1H,34,1
551,551100149549519880551,"73.5,74,74.5,75.5,76.5,79,80,82.5",20.2,79.68,95.88,GMCC SZ80Е1H,34,1
551,551100149549528250551,"82,84.5,85.5,86,88,89.5,91,91.5,93",20.4,80.04,96.25,GMCC SZ80Е1H,34,1
551,551100149549528430551,"80,77,82,84,86,87,87.5,88,89,90.5",17.3,74.42,90.6,GMCC SZ80Е1H,34,1
551,551100584849647960551,"75.5,76.5,78,80.5,82,82.5,84.5,84",20.3,79.86,96.06,GMCC SZ80Е1H,34,1
551,551100584849698880551,"82.5,78,80,79,84,86.5,87.5",20.1,79.5,95.7,GMCC SZ80Е1H,34,1
551,551100149549522170551,"81,79,81.5,83.5,85.5,87.5,90,90.5",18.1,75.87,92.06,GMCC SZ80Е1H,34,1
551,551100149549521830551,"70.5,74,76,79.5,79,80,79,80.5",18.2,76.05,92.24,GMCC SZ80Е1H,34,1
551,551100584849699600551,"77,78.5,79,81,83,85,85.5,86.5,86",18.7,76.96,93.15,GMCC SZ80Е1H,34,1
551,551100584849647000551,"73.5,74.5,76.5,79.5,82,84.5,86",20.4,80.04,96.25,GMCC SZ80Е1H,34,1
551,551100149549525110551,"79.5,78,82,86,87,89.5,91.5,92,93.5,94.5,96",20.7,80.59,96.79,GMCC SZ80Е1H,34,1
551,551100149549522590551,"79.5,80,83,84,85,84.5,88,86.5",16.5,72.96,89.15,GMCC SZ80Е1H,34,1
551,551100584849641240551,"72,71.5,69.5,70.5,73,75,76,75.5",15.4,70.97,87.14,GMCC SZ80Е1H,34,1
551,551100149549533090551,"86.5,85.5,86.5,88.5,89,89.5,90.5,89.5",18.0,75.69,91.88,GMCC SZ80Е1H,34,1
551,551100584849701190551,"76,75.5,74,74.5,76.5,78.5,79.5,79",17.8,75.32,91.51,GMCC SZ80Е1H,34,1
551,551100584849646790551,"73.5,67.5,70.5,67,67.5,69.5,70,71",13.2,66.97,83.14,GMCC SZ80Е1H,34,1
551,551100149549526780551,"82.5,83,85.5,86,87.5,89.5,90.5,90",19.7,78.77,94.97,GMCC SZ80Е1H,34,1
551,551100149549520700551,"75,77.5,73.5,78,79,80.5,82,83,85.5",19.5,78.41,94.61,GMCC SZ80Е1H,34,1
551,551100149549419080551,"80.5,81,82.5,83.5,85.5,87,86",17.3,74.42,90.6,GMCC SZ80Е1H,34,1
551,551100584849797660551,"77,78,79,79.5,83,83.5,85.5,84.5",19.6,78.59,94.79,GMCC SZ80Е1H,34,1
551,551100584849645240551,"70.5,69.5,70,71.5,73,75.5",14.3,68.97,85.14,GMCC SZ80Е1H,34,1
551,551100149549419460551,"77.5,79.5,81,82.5,85.5,86,85",16.8,73.51,89.69,GMCC SZ80Е1H,34,1
551,551100584849782900551,"73.5,77,77.5,78,80,81,82,80.5,81",18.7,76.96,93.15,GMCC SZ80Е1H,34,1
551,551100584849693300551,"76,75,75.5,76,78,80,79",16.0,72.06,88.24,GMCC SZ80Е1H,34,1
551,551100149549528830551,"81.5,81,80.5,82,85.5,87,88.5,89",17.3,74.42,90.6,GMCC SZ80Е1H,34,1
551,551100584849648260551,"74.5,78.5,75.5,77.5,80,82,84.5",20.3,79.86,96.06,GMCC SZ80Е1H,34,1
551,551100149549520000551,"80.5,79.5,73,71.5,74,76,77,78,81",20.9,80.95,97.16,GMCC SZ80Е1H,34,1
551,551100149549520530551,"74.5,73,76.5,77,79.5,82,84,86.5",19.4,78.23,94.43,GMCC SZ80Е1H,34,1
551,551100149549418060551,"82,82.5,83,86,87.5,90,91.5,90.5",18.3,76.23,92.42,GMCC SZ80Е1H,34,1
551,551100584849693400551,"75,77.5,79,81,83.5,85.5,87.5,86.5",18.7,76.96,93.15,GMCC SZ80Е1H,34,1
551,551100149549521480551,"79,76,74,77.5,79,80,82.5,81.5",18.5,76.59,92.79,GMCC SZ80Е1H,34,1
551,551100584849781500551,"78.5,76,77,78,79.5,81,82.5,84,83",20.0,79.32,95.52,GMCC SZ80Е1H,34,1
551,551100149549529220551,"76.5,77,78.5,81,82,84,85,84.5",16.9,73.69,89.88,GMCC SZ80Е1H,34,1
551,551100149549528090551,"80,83,82,83.5,85.5,86,88,88.5",17.6,74.96,91.15,GMCC SZ80Е1H,34,1
551,551100584849783640551,"69.5,72.5,73,72.5,74,75.5,76.5,78,78.5",18.1,75.87,92.06,GMCC SZ80Е1H,34,1
551,551100149549520020551,"72.5,73.5,75.5,77,81,83.5,82.5",20.4,80.04,96.25,GMCC SZ80Е1H,34,1
551,551100149549520030551,"76.5,75.5,77.5,79.5,81.5,82,85.5,85",20.0,79.32,95.52,GMCC SZ80Е1H,34,1
551,551100584849642920551,"73.5,71.5,71,72,73,74,76,77,77.5",15.7,71.51,87.69,GMCC SZ80Е1H,34,1
551,551100149549523430551,"82.5,84.5,86.5,87.5,90.5,92,93,92.5",20.3,79.86,96.06,GMCC SZ80Е1H,34,1
551,551100149549520150551,"74.5,76.5,74,77.5,79,80.5,83,81.5",19.8,78.95,95.15,GMCC SZ80Е1H,34,1
551,551100149549525850551,"81.5,83,86.5,88.5,89.5,90.5,92,94.5",20.4,80.04,96.25,GMCC SZ80Е1H,34,1
551,551100149549529640551,"77,78,78.5,79,80,81,83,81.5",16.3,72.6,88.78,GMCC SZ80Е1H,34,1
551,551100149549522810551,"84.5,82.5,86,87,87.5,89,93,93.5",20.4,80.04,96.25,GMCC SZ80Е1H,34,1
551,551100584849644790551,"75,70,71.5,73,74.5,75.5,76.5",14.6,69.51,85.69,GMCC SZ80Е1H,34,1
551,551100149549530580551,"81.5,82,81.5,83,84.5,86,86.5,87.5",18.4,76.41,92.61,GMCC SZ80Е1H,34,1
551,551100584849644220551,"69.5,68.5,67.5,70,71,71.5,71,74.5,74",15.1,70.42,86.6,GMCC SZ80Е1H,34,1
551,551100584849783960551,"76,74,76,75.5,76.5,79,80.5,79",17.4,74.6,90.79,GMCC SZ80Е1H,34,1
551,551100584849781550551,"78,79,78.5,81.5,84.5,86,85",20.0,79.32,95.52,GMCC SZ80Е1H,34,1
551,551100149549520320551,"81.5,78.5,78,80.5,81.5,83,86,85",19.7,78.77,94.97,GMCC SZ80Е1H,34,1
551,551100584849641180551,"73,69,68.5,70,72.5,73.5,74.5,75,76,77",15.3,70.78,86.96,GMCC SZ80Е1H,34,1
551,551100149549524300551,"85.5,86.5,89,89.5,90,92.5,93.5,92",20.1,79.5,95.7,GMCC SZ80Е1H,34,1
551,551100584849784180551,"74.5,75,74.5,76,77,77.5,79.5,78.5,79.5,81",17.2,74.23,90.42,GMCC SZ80Е1H,34,1
551,551100149549529570551,"74.5,76.5,77.5,78.5,80,79.5,81,81.5,82",16.3,72.6,88.78,GMCC SZ80Е1H,34,1
551,551100584849644600551,"70.5,72,73.5,74.5,76,75",14.9,70.06,86.23,GMCC SZ80Е1H,34,1
551,551100149549528940551,"78.5,79,80,81,82.5,83",17.2,74.23,90.42,GMCC SZ80Е1H,34,1
551,551100584849699650551,"76,81,82.5,84.5,85.5,86,86.5,87.5,88",19.6,78.59,94.79,GMCC SZ80Е1H,34,1
551,551100149549521150551,"79.5,81,81.5,83.5,85,87,86.5",19.1,77.68,93.88,GMCC SZ80Е1H,34,1
551,551100584849695180551,"106.5,77,76.5,78,79,80.5,81,82,83,83.5",17.9,75.5,91.7,GMCC SZ80Е1H,34,1
551,551100149549518980551,"75,78.5,79.5,80,84,86,88,89",20.9,80.95,97.16,GMCC SZ80Е1H,34,1
551,551100584849647210551,"76.5,79,81,84,85,86.5,88.5,88",20.5,80.22,96.43,GMCC SZ80Е1H,34,1
551,551100149549525440551,"83,84.5,86,90,91,92.5,93,93.5",20.5,80.22,96.43,GMCC SZ80Е1H,34,1
551,551100149549528870551,"79,78,79,80,83,83.5,85.5,84",17.3,74.42,90.6,GMCC SZ80Е1H,34,1
551,551100149549522550551,"78.5,79.5,80.5,82,82.5,85,83.5",17.6,74.96,91.15,GMCC SZ80Е1H,34,1
551,551100584849647270551,"75.5,79.5,80,80.5,83.5,85.5,87.5,86.5",20.4,80.04,96.25,GMCC SZ80Е1H,34,1
551,551100584849647600551,"78,76.5,76,78,80,83,85,86.5",20.4,80.04,96.25,GMCC SZ80Е1H,34,1
551,551100584849698160551,"74,75,77,78,79.5,80.5,81,81.5",17.4,74.6,90.79,GMCC SZ80Е1H,34,1
551,551100149549520360551,"76,75,76.5,78.5,81.5,83,85,84.5",19.6,78.59,94.79,GMCC SZ80Е1H,34,1
551,551100149549521140551,"79.5,76.5,76,78.5,80.5,83,86,86.5",18.8,77.14,93.33,GMCC SZ80Е1H,34,1
551,551100584849795990551,"79,78.5,81.5,82.5,84,84.5,85,86,87,87.5",20.9,80.95,97.16,GMCC SZ80Е1H,34,1
551,551100584849642100551,"76,75,70.5,73.5,74,75,76,77,76.5,78",15.2,70.6,86.78,GMCC SZ80Е1H,34,1
551,551100149549520370551,"78,76,74.5,76.5,78.5,80,82.5,83",19.7,78.77,94.97,GMCC SZ80Е1H,34,1
551,551100584849782850551,"78.5,80.5,76,78,79,80.5,82,83.5",20.0,79.32,95.52,GMCC SZ80Е1H,34,1
551,551100584849696470551,"74,78,79,82.5,84,85,85.5,87",19.6,78.59,94.79,GMCC SZ80Е1H,34,1
551,551100149549520380551,"77.5,74.5,73,74.5,76,77.5,80.5,82",19.6,78.59,94.79,GMCC SZ80Е1H,34,1
551,551100149549519080551,"76.5,79.5,81,82.5,84.5,87,88.5,88",20.8,80.77,96.97,GMCC SZ80Е1H,34,1
551,551100584849644440551,"72.5,71,69.5,72,73,73.5,72,75.5,75",14.8,69.88,86.05,GMCC SZ80Е1H,34,1
551,551100149549523610551,"81.5,82.5,86.5,87,89,92,93.5,92",20.1,79.5,95.7,GMCC SZ80Е1H,34,1
551,551100584849648780551,"77,78,79.5,83,85.5,87,90,90.5",21.7,82.4,98.61,GMCC SZ80Е1H,34,1
551,551100149549521510551,"74.5,77.5,77,77.5,79.5,80.5,81.5,81",18.4,76.41,92.61,GMCC SZ80Е1H,34,1
551,551100149549520420551,"74,75,76,77,79,80.5,82,82.5",19.7,78.77,94.97,GMCC SZ80Е1H,34,1
551,551100149549520470551,"77,72.5,73.5,73,76.5,78,81,82,84",19.5,78.41,94.61,GMCC SZ80Е1H,34,1
551,551100149549520270551,"78,77,78,79.5,82,83.5,89.5",19.7,78.77,94.97,GMCC SZ80Е1H,34,1
551,551100584849696410551,"77.5,78,79.5,80.5,82.5,83.5,85.5,85",19.6,78.59,94.79,GMCC SZ80Е1H,34,1
551,551100149549525900551,"81,84,86.5,88,90.5,93,95",20.4,80.04,96.25,GMCC SZ80Е1H,34,1
551,551100149549419720551,"78,79.5,80,81,82.5,83.5,82.5",16.7,73.33,89.51,GMCC SZ80Е1H,34,1
551,551100584849644930551,"79,75.5,75,77,79.5,81,79",14.8,69.88,86.05,GMCC SZ80Е1H,34,1
551,551100149549418370551,"83,84.5,87.5,88.5,90.5,92,90",17.6,74.96,91.15,GMCC SZ80Е1H,34,1
551,551100584849818650551,"80.5,81,82.5,85.5,88,90,92.5,91.5",24.2,86.94,103.16,GMCC SZ80Е1H,34,1
551,551100149549520450551,"76.5,75,76,77,80.5,82.5,86,84.5",19.5,78.41,94.61,GMCC SZ80Е1H,34,1
551,551100584849798780551,"77.5,79,78,80.5,81.5,82.5,84,86.5,87",20.0,79.32,95.52,GMCC SZ80Е1H,34,1
551,551100149549520910551,"75.5,77.5,76.5,77.5,79.5,81.5,83.5,84",18.9,77.32,93.52,GMCC SZ80Е1H,34,1
551,551100149549524450551,"83.5,86.5,88.5,89.5,91.5,93,96,95",20.1,79.5,95.7,GMCC SZ80Е1H,34,1
551,551100149549529320551,"79,78,78.5,79,81.5,82,83,82.5,83.5",16.8,73.51,89.69,GMCC SZ80Е1H,34,1
551,551100584849798740551,"78.5,79.5,81,83.5,84,86.5,86",20.0,79.32,95.52,GMCC SZ80Е1H,34,1
551,551100584849648310551,"78.5,78,75.5,77,78.5,79,80,81,81.5,82.5",20.3,79.86,96.06,GMCC SZ80Е1H,34,1
551,551100149549529530551,"76.5,78,78.5,79,82.5,83.5,86.5,85.5",16.3,72.6,88.78,GMCC SZ80Е1H,34,1
551,551100149549530160551,"78,77.5,80.5,82,83,83.5",15.9,71.87,88.06,GMCC SZ80Е1H,34,1
551,551100149549522600551,"79.5,80,83,84.5,84,87,88,87.5",16.4,72.78,88.97,GMCC SZ80Е1H,34,1
551,551100584849642330551,"75,73,72.5,74,76.5,78.5,79.5,78.5",16.3,72.6,88.78,GMCC SZ80Е1H,34,1
551,551100584849797050551,"78.5,80,80.5,81,82,83.5,85,86",20.1,79.5,95.7,GMCC SZ80Е1H,34,1
551,551100149549520500551,"77,75.5,75,76.5,78.5,81.5,82.5,84",19.5,78.41,94.61,GMCC SZ80Е1H,34,1
551,551100149549528920551,"75.5,75,77.5,79.5,81.5,82,85,83.5",17.1,74.05,90.24,GMCC SZ80Е1H,34,1
551,551100584849796080551,"80.5,78,76.5,78.5,79.5,80.5,81,83.5,84.5,86.5",20.9,80.95,97.16,GMCC SZ80Е1H,34,1
551,551100149549523820551,"81,81.5,83,84,85.5,86.5",20.1,79.5,95.7,GMCC SZ80Е1H,34,1
551,551100584849647450551,"79.5,82,83.5,85.5,87.5,89,91,83.5",20.3,79.86,96.06,GMCC SZ80Е1H,34,1
551,551100149549520730551,"75,76.5,77.5,78.5,80,81,83.5,83",19.1,77.68,93.88,GMCC SZ80Е1H,34,1
551,551100149549419710551,"79,78.5,79,81.5,83.5,85,86,85",16.7,73.33,89.51,GMCC SZ80Е1H,34,1
551,551100149549418650551,"82.5,84.5,83.5,83,84.5,85.5,88,88.5",17.7,75.14,91.33,GMCC SZ80Е1H,34,1
551,551100149549520590551,"78.5,74.5,75.5,78,78.5,80,82.5,82",19.6,78.59,94.79,GMCC SZ80Е1H,34,1
551,551100584849701220551,"71,72.5,74,76.5,79,80.5,80",17.2,74.23,90.42,GMCC SZ80Е1H,34,1
551,551100149549527160551,"82.5,80,85.5,86.5,89,92,94,92",19.8,78.95,95.15,GMCC SZ80Е1H,34,1
551,551100149549526840551,"83,82.5,85,87.5,89,90,91,92,91.5",20.2,79.68,95.88,GMCC SZ80Е1H,34,1
551,551100149549529150551,"78.5,79.5,81,82.5,84.5,87,84.5",17.0,73.87,90.06,GMCC SZ80Е1H,34,1
551,551100149549418820551,"82,83,84,84.5,85,86,87.5,87",17.4,74.6,90.79,GMCC SZ80Е1H,34,1
551,551100149549519630551,"75,77,78,79,81,82.5,85.5,83.5",20.3,79.86,96.06,GMCC SZ80Е1H,34,1
551,551100149549520600551,"75,75.5,76,76.5,78.5,80.5,81.5,83",19.3,78.05,94.24,GMCC SZ80Е1H,34,1
551,551100584849644370551,"71,70.5,73.5,74.5,77,78.5,77.5,78.5,79.5",14.8,69.88,86.05,GMCC SZ80Е1H,34,1
551,551100584849644750551,"73.5,73,70,74,75.5,77,77.5",14.7,69.7,85.87,GMCC SZ80Е1H,34,1
551,551100584849820060551,"77,79,78.5,81,82.5,84.5,85,85.5,86",21.8,82.58,98.8,GMCC SZ80Е1H,34,1
551,551100149549528100551,"81,81.5,82,86.5,87,88.5,90",17.6,74.96,91.15,GMCC SZ80Е1H,34,1
551,551100149549524760551,"86.5,85.5,86.5,88,90,91,92",21.0,81.13,97.34,GMCC SZ80Е1H,34,1
551,551100584849700560551,"74,76,75.5,78.5,80,82,82.5,84",17.9,75.5,91.7,GMCC SZ80Е1H,34,1
551,551100149549520610551,"75,76.5,75,76,79,80.5,82.5,83.5",19.3,78.05,94.24,GMCC SZ80Е1H,34,1
551,551100584849640480551,"71.5,70.5,69,70.5,71,72.5,73",14.5,69.33,85.51,GMCC SZ80Е1H,34,1
551,551100149549520620551,"74.5,73.5,74.5,74,76.5,79,81.5,82,83.5,84.5",19.3,78.05,94.24,GMCC SZ80Е1H,34,1
551,551100584849646100551,"69,67,65,67.5,66.5,68,69,69.5,71",13.4,67.34,83.5,GMCC SZ80Е1H,34,1
551,551100149549520640551,"76,79,79.5,81,84,86.5,86",20.6,80.41,96.61,GMCC SZ80Е1H,34,1
551,551100149549522490551,"77,80,78.5,81.5,82,84,85.5,86",17.3,74.42,90.6,GMCC SZ80Е1H,34,1
551,551100584849797860551,"79.5,79,81,81.5,82.5,84,85",19.9,79.13,95.34,GMCC SZ80Е1H,34,1
551,551100149549526800551,"83.5,85,88.5,90.5,90,91,93,94",19.5,78.41,94.61,GMCC SZ80Е1H,34,1
551,551100149549530700551,"82,80.5,84.5,85.5,87.5,89.5,88.5",18.4,76.41,92.61,GMCC SZ80Е1H,34,1
551,551100584849647100551,"78.5,80.5,79,80.5,82.5,84,86,88,89.5",20.4,80.04,96.25,GMCC SZ80Е1H,34,1
551,551100149549520650551,"74.5,78,79.5,81.5,83.5,85.5,85",19.4,78.23,94.43,GMCC SZ80Е1H,34,1
551,551100149549527780551,"77,79,81.5,82.5,85.5,87,88,88.5",17.9,75.5,91.7,GMCC SZ80Е1H,34,1
551,551100584849701970551,"78.5,77,77.5,78,80.5,79.5,81.5,81,81.5",16.3,72.6,88.78,GMCC SZ80Е1H,34,1
551,551100149549520690551,"75,79.5,81,83,83.5,85.5,84.5",19.2,77.86,94.06,GMCC SZ80Е1H,34,1
551,551100584849694600551,"76.5,77,77.5,81,82.5,84.5,86",18.6,76.77,92.97,GMCC SZ80Е1H,34,1
551,551100149549520710551,"78,75.5,77.5,78.5,82,83,84.5,87",19.4,78.23,94.43,GMCC SZ80Е1H,34,1
551,551100149549532230551,"82.5,84,85,88,90,92.5,91.5",18.4,76.41,92.61,GMCC SZ80Е1H,34,1
551,551100149549520790551,"73,75,76,76.5,77.5,80,82.5,82",19.1,77.68,93.88,GMCC SZ80Е1H,34,1
551,551100584849697100551,"69.5,75.5,74.5,76,77.5,80.5,82,82.5",19.2,77.86,94.06,GMCC SZ80Е1H,34,1
551,551100149549521560551,"72.5,74,73.5,76,75,79,80,79.5",18.4,76.41,92.61,GMCC SZ80Е1H,34,1
551,551100584849643310551,"79,70,75,76,77,79.5",15.7,71.51,87.69,GMCC SZ80Е1H,34,1
551,551100149549418210551,"80.5,82,83.5,85,85.5,88.5,89.5",18.2,76.05,92.24,GMCC SZ80Е1H,34,1
551,551100584849640240551,"69.5,71,70.5,73.5,74,75,76.5,77",15.8,71.69,87.87,GMCC SZ80Е1H,34,1
551,551100149549524470551,"81.5,83,88.5,87.5,89.5,91.5,93,93.5,95",21.3,81.68,97.88,GMCC SZ80Е1H,34,1
551,551100149549519480551,"75,77.5,79,81,83,86,89,88.5",20.4,80.04,96.25,GMCC SZ80Е1H,34,1
551,551100149549520820551,"77,76.5,76,78.5,79.5,82,83.5,84.5,86.5",19.1,77.68,93.88,GMCC SZ80Е1H,34,1
551,551100584849646550551,"72,67,71,72,72.5,74,73",14.2,68.79,84.96,GMCC SZ80Е1H,34,1
551,551100149549526460551,"81.5,83.5,86,87.5,88,90,94,92.5,93.5",19.8,78.95,95.15,GMCC SZ80Е1H,34,1
551,551100149549520830551,"75.5,76.5,75,77,77.5,79.5,81.5,82,82.5,83.5",19.1,77.68,93.88,GMCC SZ80Е1H,34,1
551,551100584849785980551,"69.5,76,72,73.5,76,77,78.5,80",16.0,72.06,88.24,GMCC SZ80Е1H,34,1
551,551100149549521610551,"71,74,76,77.5,80.5,79",18.3,76.23,92.42,GMCC SZ80Е1H,34,1
551,551100584849799300551,"73,76,77,79,80,81.5,82,83,83.5",19.9,79.13,95.34,GMCC SZ80Е1H,34,1
551,551100149549529410551,"79.5,79,80,80.5,82,81.5,84.5,82.5",16.6,73.14,89.33,GMCC SZ80Е1H,34,1
551,551100584849785080551,"73.5,74.5,75.5,74.5,76.5,77,77.5,79.5,78.5",17.1,74.05,90.24,GMCC SZ80Е1H,34,1
551,551100149549520840551,"74,75.5,74,75,77,79,81,81.5",19.0,77.5,93.7,GMCC SZ80Е1H,34,1
551,551100584849696830551,"74,75,80.5,81,83,85,85.5,86",19.4,78.23,94.43,GMCC SZ80Е1H,34,1
551,551100149549522740551,"82.5,83.5,86,86.5,89.5,88.5,92.5,91",20.4,80.04,96.25,GMCC SZ80Е1H,34,1
551,551100584849645830551,"71.5,67.5,70,71.5,72,73.5,74,76.5,74",13.8,68.06,84.23,GMCC SZ80Е1H,34,1
551,551100149549530010551,"76.5,80,78,75,81,81.5,83,85.5,83.5",15.8,71.69,87.87,GMCC SZ80Е1H,34,1
551,551100149549523480551,"85,86.5,87.5,89.5,91,93,95.5,94.5",20.2,79.68,95.88,GMCC SZ80Е1H,34,1
551,551100149549531630551,"80,82.5,83,85.5,86,89,88",18.5,76.59,92.79,GMCC SZ80Е1H,34,1
551,551100584849819240551,"81.5,84,85.5,89,91,93,94,93.5",24.0,86.58,102.8,GMCC SZ80Е1H,34,1
551,551100149549526510551,"82.5,84,86,86.5,90.5,92.5,94,93.5",19.8,78.95,95.15,GMCC SZ80Е1H,34,1
551,551100149549520920551,"73.5,74.5,73.5,74.5,76.5,77,79.5,79",18.9,77.32,93.52,GMCC SZ80Е1H,34,1
551,551100584849645690551,"72.5,67,69,68.5,71.5,72.5,74,76.5",14.1,68.61,84.78,GMCC SZ80Е1H,34,1
551,551100584849796850551,"79.5,83,85.5,86.5,88.5,91,91.5,89.5",20.5,80.22,96.43,GMCC SZ80Е1H,34,1
551,551100149549529010551,"78,79.5,80.5,84,85.5,88.5,86.5",17.0,73.87,90.06,GMCC SZ80Е1H,34,1
551,551100149549529330551,"82.5,80.5,80,82,84.5,85.5,86,88",16.7,73.33,89.51,GMCC SZ80Е1H,34,1
551,551100149549520990551,"71,76,74.5,76,78,80.5,82,81.5",19.0,77.5,93.7,GMCC SZ80Е1H,34,1
551,551100584849701600551,"78,75.5,76.5,78.5,79.5",16.6,73.14,89.33,GMCC SZ80Е1H,34,1
551,551100149549532250551,"79.5,80,80.5,81.5,82.5,86,87,86.5",18.3,76.23,92.42,GMCC SZ80Е1H,34,1
551,551100584849644400551,"72,66,69.5,71.5,72.5,74,72,75,76",15.0,70.24,86.42,GMCC SZ80Е1H,34,1
551,551100149549529340551,"79,78,79.5,81.5,82.5,85.5,86.5,85",16.6,73.14,89.33,GMCC SZ80Е1H,34,1
551,551100149549521020551,"75,76.5,78.5,80.5,83,83.5",19.0,77.5,93.7,GMCC SZ80Е1H,34,1
551,551100584849781470551,"80.5,82.5,82,83,84.5,86,88,87.5",19.9,79.13,95.34,GMCC SZ80Е1H,34,1
551,551100149549521030551,"79.5,75.5,74.5,76.5,79,81.5,83,85,86.5",19.0,77.5,93.7,GMCC SZ80Е1H,34,1
551,551100149549520180551,"76,77.5,77,79,81.5,84,85.5,87",19.9,79.13,95.34,GMCC SZ80Е1H,34,1
551,551100149549527390551,"84,81.5,84,86.5,88,89.5,90.5,89.5",20.2,79.68,95.88,GMCC SZ80Е1H,34,1
551,551100149549526570551,"80.5,82,83.5,85,86.5,87,89.5,92,91.5",19.8,78.95,95.15,GMCC SZ80Е1H,34,1
551,551100149549529660551,"78,77.5,80,79.5,82,84,83.5,83",16.8,73.51,89.69,GMCC SZ80Е1H,34,1
551,551100584849647250551,"75.5,76,76.5,79,81.5,83,85.5,85",20.4,80.04,96.25,GMCC SZ80Е1H,34,1
551,551100149549521050551,"78.5,79,79.5,80,82,82.5,85,84",19.0,77.5,93.7,GMCC SZ80Е1H,34,1
551,551100584849641810551,"71.5,72,71,71.5,72.5,74,74.5,76,74.5",15.7,71.51,87.69,GMCC SZ80Е1H,34,1
551,551100584849819160551,"81.5,83.5,85.5,88,87.5,89,89.5,92.5,93.5",23.0,84.76,100.98,GMCC SZ80Е1H,34,1
551,551100149549528300551,"81.5,81,82.5,84.5,85.5,86.5,86",17.6,74.96,91.15,GMCC SZ80Е1H,34,1
551,551100149549521060551,"80,78.5,80,81,82,83,85,87,88,87.5",19.1,77.68,93.88,GMCC SZ80Е1H,34,1
551,551100584849782490551,"75.5,73.5,75,80,82.5,83.5,85.5",19.1,77.68,93.88,GMCC SZ80Е1H,34,1
551,551100149549518760551,"76,77.5,78.5,81,83,86.5,86",21.1,81.31,97.52,GMCC SZ80Е1H,34,1
551,551100149549528140551,"78.5,79.5,80.5,82.5,84,87,88.5,89,90.5",17.5,74.78,90.97,GMCC SZ80Е1H,34,1
551,551100149549521790551,"73,73.5,74.5,75.5,77.5,80,81,79.5",18.2,76.05,92.24,GMCC SZ80Е1H,34,1
551,551100584849644630551,"72.5,71,73,75,76.5,77.5",14.9,70.06,86.23,GMCC SZ80Е1H,34,1
551,551100149549418580551,"77.5,80,81.5,83.5,85.5,87,87.5,89.5,90,88.5",17.4,74.6,90.79,GMCC SZ80Е1H,34,1
551,551100584849643620551,"70,70.5,72.5,73,75,76.5,77.5,77",15.2,70.6,86.78,GMCC SZ80Е1H,34,1
551,551100584849780950551,"73,71.5,73,74,75,76,77.5,81,82,82.5",20.4,80.04,96.25,GMCC SZ80Е1H,34,1
551,551100149549521080551,"75.5,76,76.5,77.5,80,80.5,80",19.1,77.68,93.88,GMCC SZ80Е1H,34,1
551,551100584849820010551,"76.5,79.5,80,81.5,83.5,85.5,87.5,86.5",21.8,82.58,98.8,GMCC SZ80Е1H,34,1
551,551100149549526150551,"83,78.5,84,84.5,87,87.5,89.5,90.5,91",20.0,79.32,95.52,GMCC SZ80Е1H,34,1
551,551100584849648630551,"76.5,78,78.5,80.5,81.5,84.5,85.5,87.5,88.5,91",21.8,82.58,98.8,GMCC SZ80Е1H,34,1
551,551100584849649550551,"81,80.5,82.5,84,85,87.5,89.5,88.5",21.2,81.49,97.7,GMCC SZ80Е1H,34,1
551,551100149549521090551,"74.5,75.5,77,78.5,80,81",19.1,77.68,93.88,GMCC SZ80Е1H,34,1
551,551100149549419730551,"71,75.5,76,77,79.5,81,80.5",16.7,73.33,89.51,GMCC SZ80Е1H,34,1
551,551100584849645010551,"70.5,71,69,72,73,75.5,76.5",14.9,70.06,86.23,GMCC SZ80Е1H,34,1
551,551100149549521160551,"75.5,73,74.5,76,76.5,77.5,79,80.5",19.0,77.5,93.7,GMCC SZ80Е1H,34,1
551,551100149549523450551,"81.5,84,86.5,88.5,90,93,92",20.2,79.68,95.88,GMCC SZ80Е1H,34,1
551,551100584849644380551,"74.5,73,74.5,75.5,77,78,79.5,80.5,80",15.4,70.97,87.14,GMCC SZ80Е1H,34,1
551,551100149549529300551,"78.5,78,79,80.5,81.5,84.5,83",16.6,73.14,89.33,GMCC SZ80Е1H,34,1
551,551100149549533600551,"80.5,81,82,84,86.5,88,88.5",17.7,75.14,91.33,GMCC SZ80Е1H,34,1
551,551100584849696300551,"77.5,76,76.5,77.5,79.5,80,81.5,87.5",19.6,78.59,94.79,GMCC SZ80Е1H,34,1
551,551100149549521170551,"77,78,80,82,84,85,85.5",18.8,77.14,93.33,GMCC SZ80Е1H,34,1
551,551100149549522630551,"79,80,80.5,81.5,82,84,85.5,83.5",16.3,72.6,88.78,GMCC SZ80Е1H,34,1
551,551100149549525380551,"81.5,85.5,86.5,87,89,91,93,93.5",21.4,81.86,98.07,GMCC SZ80Е1H,34,1
551,551100149549527250551,"83.5,85,86,88,87.5,92.5,93.5,92.5",19.7,78.77,94.97,GMCC SZ80Е1H,34,1
551,551100149549529610551,"77,76.5,78,78.5,81,80.5,83,80.5",16.4,72.78,88.97,GMCC SZ80Е1H,34,1
551,551100149549527350551,"80.5,81,83,84,85,85.5,86.5,87.5,89,90.5",18.8,77.14,93.33,GMCC SZ80Е1H,34,1
551,551100584849641680551,"67.5,70.5,69.5,70,71,74.5,76.5,77.5",15.2,70.6,86.78,GMCC SZ80Е1H,34,1
551,551100149549526700551,"84.5,84,85.5,86.5,89,90.5,93,92,93",19.8,78.95,95.15,GMCC SZ80Е1H,34,1
551,551100149549522480551,"77,79,78.5,80.5,81,83,85.5,84.5",17.3,74.42,90.6,GMCC SZ80Е1H,34,1
551,551100584849697970551,"76,72.5,73.5,75,78,79.5,80.5,81.5",18.1,75.87,92.06,GMCC SZ80Е1H,34,1
551,551100149549519580551,"76.5,79,81,83.5,86,87.5",20.2,79.68,95.88,GMCC SZ80Е1H,34,1
551,551100584849644640551,"76.5,73.5,72,74,76,76.5,78.5,78",14.8,69.88,86.05,GMCC SZ80Е1H,34,1
551,551100149549521200551,"79.5,80,81,83,85,88,87.5",18.7,76.96,93.15,GMCC SZ80Е1H,34,1
551,551100149549519390551,"77.5,79.5,80.5,82,84.5,87,86.5",20.6,80.41,96.61,GMCC SZ80Е1H,34,1
551,551100149549530220551,"82,83.5,84.5,85.5,87,89.5,90.5,91",18.8,77.14,93.33,GMCC SZ80Е1H,34,1
551,551100149549419590551,"76.5,77,79.5,81.5,84.5,84,84.5",16.7,73.33,89.51,GMCC SZ80Е1H,34,1
551,551100584849649170551,"79,74.5,76.5,77.5,79,83.5,84.5,86.5,88.5,87.5",21.5,82.04,98.25,GMCC SZ80Е1H,34,1
551,551100584849820250551,"74.5,77,77.5,79,81.5,83,85,84",21.6,82.22,98.43,GMCC SZ80Е1H,34,1
551,551100584849781560551,"73.5,74.5,78.5,79.5,81.5,83.5,83",19.9,79.13,95.34,GMCC SZ80Е1H,34,1
551,551100584849644660551,"73,70.5,72.5,74,75.5,77,77.5,79",14.8,69.88,86.05,GMCC SZ80Е1H,34,1
551,551100149549522130551,"81,82,81.5,83,86,89,89.5",18.2,76.05,92.24,GMCC SZ80Е1H,34,1
551,551100149549526050551,"82.5,85.5,86,87.5,88,89.5,93,94.5,93.5",20.1,79.5,95.7,GMCC SZ80Е1H,34,1
551,551100149549521240551,"71,76.5,77.5,79,80,80.5",19.2,77.86,94.06,GMCC SZ80Е1H,34,1
551,551100584849642840551,"70,69.5,69,71,71.5,73.5,75.5,77.5",15.6,71.33,87.51,GMCC SZ80Е1H,34,1
551,551100149549526400551,"82.5,84.5,86,87,89,92.5,94,92.5",20.4,80.04,96.25,GMCC SZ80Е1H,34,1
551,551100584849645580551,"71,70.5,70,70.5,72.5,73.5,76,75",14.1,68.61,84.78,GMCC SZ80Е1H,34,1
551,551100149549528210551,"78.5,80.5,83.5,85,87.5,88,88.5,90",17.7,75.14,91.33,GMCC SZ80Е1H,34,1
551,551100584849648050551,"82.5,80,81.5,84,84.5,87,88.5,88",20.3,79.86,96.06,GMCC SZ80Е1H,34,1
551,551100584849649340551,"77.5,78.5,79,79.5,82,84,86.5,88,87.5",21.7,82.4,98.61,GMCC SZ80Е1H,34,1
551,551100149549523130551,"80,79.5,78,80.5,80,82,83.5,82.5",16.5,72.96,89.15,GMCC SZ80Е1H,34,1
551,551100149549520230551,"76,72,71,73,74.5,74,75,76,77.5,78,78.5,79,81.5,82,83,84.5,83.5,85,84.5,85,85.5",19.8,78.95,95.15,GMCC SZ80Е1H,34,1
551,551100149549521270551,"74.5,71.5,71,73.5,76.5,78.5,80,82",18.5,76.59,92.79,GMCC SZ80Е1H,34,1
551,551100584849783360551,"74.5,75.5,76,77.5,78,81",18.4,76.41,92.61,GMCC SZ80Е1H,34,1
551,551100584849698350551,"77,75.5,74.5,78,79,81,81.5,83,84",18.0,75.69,91.88,GMCC SZ80Е1H,34,1
551,551100584849692900551,"75,72.5,71.5,72.5,73.5,75,77,76.5",15.9,71.87,88.06,GMCC SZ80Е1H,34,1
551,551100149549520970551,"77,77.5,81.5,83,84.5,85.5",19.1,77.68,93.88,GMCC SZ80Е1H,34,1
551,551100584849783700551,"79.5,79,78,80,82.5,83.5,84,84.5",18.6,76.77,92.97,GMCC SZ80Е1H,34,1
551,551100149549524330551,"84,87,91.5,93,94,93.5,93",20.1,79.5,95.7,GMCC SZ80Е1H,34,1
551,551100149549521320551,"72.5,74.5,76.5,76,78.5,81,80",18.5,76.59,92.79,GMCC SZ80Е1H,34,1
551,551100149549523120551,"79,81.5,80.5,82,82.5,83.5,85,84.5",16.5,72.96,89.15,GMCC SZ80Е1H,34,1
551,551100149549521300551,"75.5,74.5,75.5,76,78,79.5,81,80.5",18.5,76.59,92.79,GMCC SZ80Е1H,34,1
551,551100149549420190551,"78.5,80,81.5,82,83,84,85,85.5",16.8,73.51,89.69,GMCC SZ80Е1H,34,1
551,551100149549521420551,"72.5,73.5,72,76,76.5,79,80,79.5",18.4,76.41,92.61,GMCC SZ80Е1H,34,1
551,551100584849697210551,"72,75,73.5,76,78,79.5,81,80.5",19.2,77.86,94.06,GMCC SZ80Е1H,34,1
551,551100584849645840551,"74.5,72.5,73.5,74,74.5,76,77",13.7,67.88,84.05,GMCC SZ80Е1H,34,1
551,551100149549521430551,"72.5,76,76.5,77,78,80,81,83,82.5",18.5,76.59,92.79,GMCC SZ80Е1H,34,1
551,551100584849794560551,"74.5,77.5,75.5,76.5,77,81,82,83.5,84.5,85.5",21.5,82.04,98.25,GMCC SZ80Е1H,34,1
551,551100149549522400551,"80,78.5,79.5,81,81.5,83,84.5,86",16.5,72.96,89.15,GMCC SZ80Е1H,34,1
551,551100584849817540551,"79,84,86.5,87,89.5,91.5,93,94",24.2,86.94,103.16,GMCC SZ80Е1H,34,1
551,551100584849798640551,"78,79,81,82,85,86,86.5,87.5,88.5",20.0,79.32,95.52,GMCC SZ80Е1H,34,1
551,551100149549533430551,"85,84,86,86.5,87.5,88,90,90.5",18.6,76.77,92.97,GMCC SZ80Е1H,34,1
551,551100149549521470551,"71.5,73.5,77,78.5,79,80,79",18.4,76.41,92.61,GMCC SZ80Е1H,34,1
551,551100584849645970551,"67.5,69.5,70.5,71.5,72.5,74,73.5,74.5",13.7,67.88,84.05,GMCC SZ80Е1H,34,1
551,551100149549529190551,"81,79.5,80.5,82.5,84,85,87.5,86",16.8,73.51,89.69,GMCC SZ80Е1H,34,1
551,551100584849798660551,"78.5,79.5,81,83,84,85,85.5",20.0,79.32,95.52,GMCC SZ80Е1H,34,1
551,551100584849696970551,"75.5,78.5,79,82,84.5,84,85,85.5,87",19.3,78.05,94.24,GMCC SZ80Е1H,34,1
551,551100149549521770551,"75,74.5,76,76.5,78,80.5,80,82,80.5",18.2,76.05,92.24,GMCC SZ80Е1H,34,1
551,551100149549528120551,"77,79.5,81,82,84,86.5,87.5,88",17.5,74.78,90.97,GMCC SZ80Е1H,34,1
551,551100584849798290551,"80,77,78.5,80,80.5,81",19.1,77.68,93.88,GMCC SZ80Е1H,34,1
551,551100149549531480551,"79,79.5,81.5,83,84.5,85,85.5",18.0,75.69,91.88,GMCC SZ80Е1H,34,1
551,551100149549521600551,"74.5,72,74,75.5,79,80,81,81.5,83",18.4,76.41,92.61,GMCC SZ80Е1H,34,1
551,551100149549521620551,"72,74,76,75,78,79.5,80.5",18.3,76.23,92.42,GMCC SZ80Е1H,34,1
551,551100584849646510551,"73.5,73,72.5,73.5,74,75,75.5,77",14.4,69.15,85.32,GMCC SZ80Е1H,34,1
551,551100149549418390551,"79,80,81,82.5,83,85,84,87",17.8,75.32,91.51,GMCC SZ80Е1H,34,1
551,551100149549521640551,"74,72.5,73,75,76,77,79,78.5",18.5,76.59,92.79,GMCC SZ80Е1H,34,1
551,551100584849700640551,"75.5,76.5,78,79.5,81,82.5,81.5,83",17.9,75.5,91.7,GMCC SZ80Е1H,34,1
551,551100584849785580551,"76,77.5,76,77,77.5,79,80,80.5",17.0,73.87,90.06,GMCC SZ80Е1H,34,1
551,551100584849646260551,"71.5,67,66.5,67,69,70,72,70.5",13.1,66.79,82.96,GMCC SZ80Е1H,34,1
551,551100149549524840551,"84.5,86,87.5,88,90,93,96,95",20.9,80.95,97.16,GMCC SZ80Е1H,34,1
551,551100149549521670551,"71.5,75,74,76.5,77.5,79,80,78.5",18.5,76.59,92.79,GMCC SZ80Е1H,34,1
551,551100149549528270551,"78.5,81,81.5,82.5,83.5,84.5,85,87.5,88",18.1,75.87,92.06,GMCC SZ80Е1H,34,1
551,551100584849647860551,"76.5,78,79,80,80",20.3,79.86,96.06,GMCC SZ80Е1H,34,1
551,551100584849819550551,"83,85,89.5,91,92,93,94.5,96",24.0,86.58,102.8,GMCC SZ80Е1H,34,1
551,551100149549526920551,"81,83,85,86,87.5,90.5,92,91.5",19.5,78.41,94.61,GMCC SZ80Е1H,34,1
551,551100149549521680551,"77,76.5,78.5,79.5,81.5,84,83",18.8,77.14,93.33,GMCC SZ80Е1H,34,1
551,551100584849644210551,"69,67.5,68,69.5,71,71.5,71",15.2,70.6,86.78,GMCC SZ80Е1H,34,1
551,551100149549522720551,"80,79.5,80,81,81.5,82.5,84.5,82.5",16.3,72.6,88.78,GMCC SZ80Е1H,34,1
551,551100149549526380551,"83,83.5,84.5,84,86,88.5,93.5,94.5,93",19.9,79.13,95.34,GMCC SZ80Е1H,34,1
551,551100149549520800551,"75.5,74,75,77,78,80,80.5",19.1,77.68,93.88,GMCC SZ80Е1H,34,1
551,551100149549521780551,"72,75.5,77,78,77.5,78.5,81,81.5",18.2,76.05,92.24,GMCC SZ80Е1H,34,1
551,551100584849640450551,"72.5,71,69.5,71,72.5,75,76,77",14.8,69.88,86.05,GMCC SZ80Е1H,34,1
551,551100584849782440551,"70.5,74,74.5,75.5,77,78.5,79,80.5,82,83.5",19.6,78.59,94.79,GMCC SZ80Е1H,34,1
551,551100149549519030551,"76,78,79.5,82.5,84,87,87.5",20.9,80.95,97.16,GMCC SZ80Е1H,34,1
551,551100584849646380551,"68,63,68.5,68,69,69.5,71.5,70",13.4,67.34,83.5,GMCC SZ80Е1H,34,1
551,551100584849695240551,"80,73.5,72,74,74.5,76,77,78,78.5,79.5",17.9,75.5,91.7,GMCC SZ80Е1H,34,1
551,551100149549521810551,"73,75,74.5,74,74.5,76.5,77.5,78.5",18.2,76.05,92.24,GMCC SZ80Е1H,34,1
551,551100584849780920551,"74,78,79,81.5,83,85,87.5,88.5",20.4,80.04,96.25,GMCC SZ80Е1H,34,1
551,551100584849694530551,"73.5,75.5,77,78.5,79.5,80.5,82,84,83",18.4,76.41,92.61,GMCC SZ80Е1H,34,1
551,551100584849643340551,"76,75,77.5,79,81,81.5",16.0,72.06,88.24,GMCC SZ80Е1H,34,1
551,551100149549418490551,"80.5,81,82.5,84,86,88.5,89.5,88.5",17.5,74.78,90.97,GMCC SZ80Е1H,34,1
551,551100584849648490551,"77.5,79.5,80,81,85,88,90.5,90",21.9,82.76,98.98,GMCC SZ80Е1H,34,1
551,551100584849818800551,"78.5,79,81,84,85,86.5,88.5,89,91",23.1,84.94,101.16,GMCC SZ80Е1H,34,1
551,551100149549520550551,"76.5,75,77,80,83,84.5,86.5",19.6,78.59,94.79,GMCC SZ80Е1H,34,1
551,551100584849700440551,"73.5,78,78.5,79.5,81.5,83.5,86,85.5",17.7,75.14,91.33,GMCC SZ80Е1H,34,1
551,551100149549521820551,"74,72.5,74,73.5,74,75.5,77,76.5",18.2,76.05,92.24,GMCC SZ80Е1H,34,1
551,551100584849641030551,"71.5,72,71,70,72,73.5,75,74.5",14.7,69.7,85.87,GMCC SZ80Е1H,34,1
551,551100149549527950551,"81.5,84,86,87,89,91,90.5",17.8,75.32,91.51,GMCC SZ80Е1H,34,1
551,551100149549523200551,"80.5,78,75.5,80,82,83,81",16.5,72.96,89.15,GMCC SZ80Е1H,34,1
551,551100584849700160551,"79.5,77.5,79,80,81.5,84,83",18.0,75.69,91.88,GMCC SZ80Е1H,34,1
551,551100149549523660551,"82,85,86.5,89,91,93.5,95,94",20.1,79.5,95.7,GMCC SZ80Е1H,34,1
551,551100149549521840551,"70.5,72,72.5,71,77,75.5,77,79,78",18.2,76.05,92.24,GMCC SZ80Е1H,34,1
551,551100149549521880551,"78.5,79,80,81,83,84.5,85",18.1,75.87,92.06,GMCC SZ80Е1H,34,1
551,551100149549522540551,"81.5,83.5,86,88,88.5,91,90.5",17.6,74.96,91.15,GMCC SZ80Е1H,34,1
551,551100149549519470551,"80,76.5,77.5,79,81.5,83,85,87",20.4,80.04,96.25,GMCC SZ80Е1H,34,1
551,551100149549418180551,"83.5,84,85.5,88,90,90.5,91",18.1,75.87,92.06,GMCC SZ80Е1H,34,1
551,551100584849783260551,"74,75.5,77.5,80.5,81,82.5,83.5,84",19.1,77.68,93.88,GMCC SZ80Е1H,34,1
551,551100584849696600551,"74,79,79.5,83,84.5,87,88.5,89",19.5,78.41,94.61,GMCC SZ80Е1H,34,1
551,551100584849645560551,"71,72,73.5,74,75,73,74",14.3,68.97,85.14,GMCC SZ80Е1H,34,1
551,551100584849781840551,"73.5,80.5,79,81,82.5,84,85,85.5",19.9,79.13,95.34,GMCC SZ80Е1H,34,1
551,551100149549522290551,"79,82,84,85,84.5,87,86,86.5,87",16.7,73.33,89.51,GMCC SZ80Е1H,34,1
551,551100584849646170551,"70.5,69.5,70.5,72.5,73,75,74.5,75.5",14.2,68.79,84.96,GMCC SZ80Е1H,34,1
551,551100584849647530551,"78.5,79.5,80.5,82,84,86,87.5,86.5",20.4,80.04,96.25,GMCC SZ80Е1H,34,1
551,551100149549526070551,"81,82.5,84,87.5,89.5,92.5,92,93",20.1,79.5,95.7,GMCC SZ80Е1H,34,1
551,551100149549522060551,"81,83,84,84.5,86,87,89,90.5",18.3,76.23,92.42,GMCC SZ80Е1H,34,1
551,551100584849646280551,"68,68.5,69,68.5,69.5,72.5,71",13.0,66.61,82.78,GMCC SZ80Е1H,34,1
551,551100149549518970551,"74.5,76,77,78.5,82,84,86.5,87",20.9,80.95,97.16,GMCC SZ80Е1H,34,1
551,551100584849698330551,"72,72.5,74,75,75.5,76.5,78,78.5",17.3,74.42,90.6,GMCC SZ80Е1H,34,1
551,551100149549419100551,"79.5,83,84.5,85,86.5,89.5,89,89.5,90.5",18.2,76.05,92.24,GMCC SZ80Е1H,34,1
551,551100149549418800551,"80.5,81,81.5,83.5,85,87,86,87.5,87",17.3,74.42,90.6,GMCC SZ80Е1H,34,1
551,551100149549521540551,"73.5,72,71.5,73.5,75.5,76,78,78.5,79",18.3,76.23,92.42,GMCC SZ80Е1H,34,1
551,551100584849642080551,"73.5,73,71,73.5,75,75.5,76,77.5,79,78.5",15.2,70.6,86.78,GMCC SZ80Е1H,34,1
551,551100149549522070551,"80.5,81.5,82.5,84,86,86.5,87.5,91.5",18.2,76.05,92.24,GMCC SZ80Е1H,34,1
551,551100149549523850551,"80.5,85,86.5,88.5,90,91,93,93.5",20.2,79.68,95.88,GMCC SZ80Е1H,34,1
551,551100149549530670551,"81,82.5,82,83.5,85,86.5,88",18.4,76.41,92.61,GMCC SZ80Е1H,34,1
551,551100584849784600551,"75,75.5,77,79.5,79,80.5,82,82.5",17.0,73.87,90.06,GMCC SZ80Е1H,34,1
551,551100149549419390551,"78,77.5,78.5,79,79.5,81.5,83.5,83",17.0,73.87,90.06,GMCC SZ80Е1H,34,1
551,551100149549522160551,"81,81.5,83,84.5,86.5,87.5,88",18.1,75.87,92.06,GMCC SZ80Е1H,34,1
551,551100584849702310551,"70.5,73.5,74,74.5,75,76.5,77",15.8,71.69,87.87,GMCC SZ80Е1H,34,1
551,551100149549522210551,"83,81,82.5,83.5,84,85.5,87,86.5",18.0,75.69,91.88,GMCC SZ80Е1H,34,1
551,551100584849797680551,"73,77,78,80.5,82.5,84,85.5,84",19.6,78.59,94.79,GMCC SZ80Е1H,34,1
551,551100584849797160551,"79.5,80,81,84,85.5,86.5,88.5,88,89",21.1,81.31,97.52,GMCC SZ80Е1H,34,1
551,551100584849649670551,"76,75.5,76.5,79,81,83.5,86,86.5",21.1,81.31,97.52,GMCC SZ80Е1H,34,1
551,551100149549525420551,"83.5,83,84,86,87.5,89,91,90.5",21.1,81.31,97.52,GMCC SZ80Е1H,34,1
551,551100584849700750551,"72,74,75,77.5,79,79.5,80",17.7,75.14,91.33,GMCC SZ80Е1H,34,1
551,551100584849645570551,"69.5,71,70,72.5,73,74,76.5,76",14.1,68.61,84.78,GMCC SZ80Е1H,34,1
551,551100149549533130551,"80,81,84.5,87.5,88.5,88",17.9,75.5,91.7,GMCC SZ80Е1H,34,1
551,551100149549522250551,"81,81.5,82.5,83,84.5,87,86",16.7,73.33,89.51,GMCC SZ80Е1H,34,1
551,551100584849785850551,"71.5,72,71.5,73.5,74.5,75.5,78.5,78",16.3,72.6,88.78,GMCC SZ80Е1H,34,1
551,551100149549525700551,"83.5,83,85,85.5,88,90.5,92,92.5",21.4,81.86,98.07,GMCC SZ80Е1H,34,1
551,551100584849647150551,"79,76,76.5,79.5,83.5,85,87.5,88,89.5",20.5,80.22,96.43,GMCC SZ80Е1H,34,1
551,551100149549522260551,"78,79,80,81.5,82,84.5,85,86",16.6,73.14,89.33,GMCC SZ80Е1H,34,1
551,551100584849784560551,"71.5,75,72.5,74.5,77,80,79,80",17.0,73.87,90.06,GMCC SZ80Е1H,34,1
551,551100584849639990551,"74,75.5,76,78,78.5,79",15.9,71.87,88.06,GMCC SZ80Е1H,34,1
551,551100149549524950551,"86.5,87.5,90.5,90,92.5,93.5,96,94.5",21.4,81.86,98.07,GMCC SZ80Е1H,34,1
551,551100149549522310551,"78.5,79.5,81,82,83.5,86,84.5",16.5,72.96,89.15,GMCC SZ80Е1H,34,1
551,551100584849694480551,"76.5,78.5,77,79,81,82,83.5,83,84.5",18.5,76.59,92.79,GMCC SZ80Е1H,34,1
551,551100149549528200551,"82,82.5,84.5,85.5,87,88.5,90.5,90",18.2,76.05,92.24,GMCC SZ80Е1H,34,1
551,551100584849797750551,"75.5,78,79.5,80.5,81.5,83,86,84.5",19.4,78.23,94.43,GMCC SZ80Е1H,34,1
551,551100584849797310551,"78.5,82,83,84,86,87,89,89.5",21.1,81.31,97.52,GMCC SZ80Е1H,34,1
551,551100149549522620551,"77.5,79,80.5,81.5,81,82.5,84.5,83.5",16.4,72.78,88.97,GMCC SZ80Е1H,34,1
551,551100584849643500551,"76.5,74.5,75.5,77.5,78.5,79.5,81,79.5",15.4,70.97,87.14,GMCC SZ80Е1H,34,1
551,551100584849695050551,"80,77,78.5,79,80.5,81.5,82.5,84,85",18.0,75.69,91.88,GMCC SZ80Е1H,34,1
551,551100149549529080551,"79,82,83.5,85.5,87,88.5,91,90",20.3,79.86,96.06,GMCC SZ80Е1H,34,1
551,551100149549419660551,"78,79.5,80,80.5,82,84,84.5,83",16.9,73.69,89.88,GMCC SZ80Е1H,34,1
551,551100584849695360551,"70.5,73,73.5,75,76.5,77.5,78.5,79.5,81",18.3,76.23,92.42,GMCC SZ80Е1H,34,1
551,551100584849644320551,"67.5,69.5,70,71.5,73,74",15.0,70.24,86.42,GMCC SZ80Е1H,34,1
551,551100149549528230551,"77.5,78,79.5,80,81,80,81,82.5",18.0,75.69,91.88,GMCC SZ80Е1H,34,1
551,551100149549419510551,"77,78.5,81,79,81.5,83,82",16.8,73.51,89.69,GMCC SZ80Е1H,34,1
551,551100584849699980551,"75.5,77,78,78.5,81,81.5,81,83.5,84",18.0,75.69,91.88,GMCC SZ80Е1H,34,1
551,551100149549522460551,"79.5,80,82.5,81.5,83.5,86,85",17.0,73.87,90.06,GMCC SZ80Е1H,34,1
551,551100149549419000551,"89.5,79.5,83.5,84,85.5,86.5,89,88",17.4,74.6,90.79,GMCC SZ80Е1H,34,1
551,551100149549419030551,"78.5,80,81.5,83,84.5,85,85.5,87,88",17.2,74.23,90.42,GMCC SZ80Е1H,34,1
551,551100584849702320551,"73.5,74,73.5,74.5,75.5,76,77.5,76.5",15.9,71.87,88.06,GMCC SZ80Е1H,34,1
551,551100584849645800551,"77,68.5,72,74,74.5,76.5,78.5",13.8,68.06,84.23,GMCC SZ80Е1H,34,1
551,551100584849648530551,"77,79,81,83,85,86.5,88,89.5,89",21.9,82.76,98.98,GMCC SZ80Е1H,34,1
551,551100149549521120551,"75,78,77,79.5,79,81.5,83,83.5",19.1,77.68,93.88,GMCC SZ80Е1H,34,1
551,551100149549522470551,"79,80,80.5,81.5,82,84,83.5,85.5",16.6,73.14,89.33,GMCC SZ80Е1H,34,1
551,551100149549418270551,"81.5,81,82.5,84,86,88,87.5",17.7,75.14,91.33,GMCC SZ80Е1H,34,1
551,551100149549530600551,"80,81.5,83,84.5,87,87.5,87",18.4,76.41,92.61,GMCC SZ80Е1H,34,1
551,551100149549519610551,"77,74,76,77.5,79.5,80.5,84,83,82.5",20.6,80.41,96.61,GMCC SZ80Е1H,34,1
551,551100584849640550551,"67.5,71.5,72,72.5,73.5,75.5,75,76.5",14.6,69.51,85.69,GMCC SZ80Е1H,34,1
551,551100584849784450551,"71,74.5,77,77.5,78.5,80,80.5,81.5,83",17.1,74.05,90.24,GMCC SZ80Е1H,34,1
551,551100149549528220551,"81.5,80.5,83,84,85.5,87,89.5,88",17.8,75.32,91.51,GMCC SZ80Е1H,34,1
551,551100584849648160551,"81.5,78.5,79.5,81,83.5,85,87,86.5",20.3,79.86,96.06,GMCC SZ80Е1H,34,1
551,551100149549521800551,"72.5,74,75.5,75,76,76.5,79,80,79.5",18.2,76.05,92.24,GMCC SZ80Е1H,34,1
551,551100149549530280551,"81,82.5,83.5,85.5,88,91.5,89",18.5,76.59,92.79,GMCC SZ80Е1H,34,1
551,551100584849640270551,"75,77,76.5,78,78.5,80.5,79.5",15.8,71.69,87.87,GMCC SZ80Е1H,34,1
551,551100149549521010551,"76.5,75.5,78,79.5,81,83.5,85",18.8,77.14,93.33,GMCC SZ80Е1H,34,1
551,551100149549521450551,"78,81,80,81.5,82,83,85.5,85",18.6,76.77,92.97,GMCC SZ80Е1H,34,1
551,551100149549524730551,"83,84.5,85.5,86,87.5,89.5,90.5,93.5,93",21.0,81.13,97.34,GMCC SZ80Е1H,34,1
551,551100149549523950551,"85.5,87,89.5,90.5,93.5,95.5,95",20.1,79.5,95.7,GMCC SZ80Е1H,34,1
551,551100149549529720551,"79,80,78.5,81,81.5,82.5,83.5,82.5",16.5,72.96,89.15,GMCC SZ80Е1H,34,1
551,551100584849785220551,"75,74,73.5,74,75,76.5,77.5,79",16.9,73.69,89.88,GMCC SZ80Е1H,34,1
551,551100584849696940551,"73,75,73,77.5,78.5,80,82,82.5,83,84",19.3,78.05,94.24,GMCC SZ80Е1H,34,1
551,551100149549532330551,"85,85.5,85,87.5,88,90,91.5,91",17.8,75.32,91.51,GMCC SZ80Е1H,34,1
551,551100584849648770551,"79,80.5,79,82,82.5,84.5,86.5,88.5,90,92",21.8,82.58,98.8,GMCC SZ80Е1H,34,1
551,551100584849641670551,"72,72.5,74.5,75.5,76,78.5",15.3,70.78,86.96,GMCC SZ80Е1H,34,1
551,551100149549529510551,"78.5,76.5,77.5,79,79.5,80.5,82.5,81.5",16.6,73.14,89.33,GMCC SZ80Е1H,34,1
551,551100584849794970551,"78.5,79.5,80.5,82.5,84.5,85,87,87.5,89.5",21.5,82.04,98.25,GMCC SZ80Е1H,34,1
551,551100149549527610551,"86,86.5,87,89,90,93,93.5,93",21.4,81.86,98.07,GMCC SZ80Е1H,34,1
551,551100584849644300551,"70.5,69.5,69,70,71.5,72.5,74,74.5,75.5,76.5",14.9,70.06,86.23,GMCC SZ80Е1H,34,1
551,551100149549521870551,"79,78.5,79,80,81.5,82.5,84,85",18.1,75.87,92.06,GMCC SZ80Е1H,34,1
551,551100584849701560551,"79,75.5,75,76.5,78,78.5,80,81,82",16.7,73.33,89.51,GMCC SZ80Е1H,34,1
551,551100149549522650551,"79,80.5,80,82,83.5,84",16.4,72.78,88.97,GMCC SZ80Е1H,34,1
551,551100149549523270551,"79,80.5,81,83,84,86,84",16.4,72.78,88.97,GMCC SZ80Е1H,34,1
551,551100584849819170551,"81.5,83,84.5,88,89,90.5,90,91.5",24.0,86.58,102.8,GMCC SZ80Е1H,34,1
551,551100149549418960551,"79,80,81,81.5,84,86,85.5",17.3,74.42,90.6,GMCC SZ80Е1H,34,1
551,551100149549522660551,"79,80.5,80,80.5,81,83.5,82.5",16.4,72.78,88.97,GMCC SZ80Е1H,34,1
551,551100149549528970551,"77,77.5,78.5,81,82.5,83,86,85.5",17.2,74.23,90.42,GMCC SZ80Е1H,34,1
551,551100584849785050551,"72.5,74.5,74,75,76.5,76,76.5,78,80.5",16.8,73.51,89.69,GMCC SZ80Е1H,34,1
551,551100584849696760551,"75,76.5,78,81,82.5,84.5,86",19.4,78.23,94.43,GMCC SZ80Е1H,34,1
551,551100149549522790551,"83,82,84,85,86.5,88,90,89.5",20.4,80.04,96.25,GMCC SZ80Е1H,34,1
551,551100149549520410551,"77.5,76.5,77.5,80,83,85,88,87.5",19.6,78.59,94.79,GMCC SZ80Е1H,34,1
551,551100584849695510551,"80,78.5,79,80.5,81,84.5,85.5,85,87",18.3,76.23,92.42,GMCC SZ80Е1H,34,1
551,551100584849644340551,"69,71,70,71,72,73.5,75,77",14.8,69.88,86.05,GMCC SZ80Е1H,34,1
551,551100584849785640551,"72.5,74.5,76,77,79,80.5,81.5",16.8,73.51,89.69,GMCC SZ80Е1H,34,1
551,551100149549522830551,"82.5,84.5,86,88,89.5,92.5,94.5,93.5",20.4,80.04,96.25,GMCC SZ80Е1H,34,1
551,551100149549524670551,"83.5,86,89,90.5,91.5,93.5,93,94",21.1,81.31,97.52,GMCC SZ80Е1H,34,1
551,551100149549522570551,"81,82,82.5,83.5,86.5,89,87.5,87",17.6,74.96,91.15,GMCC SZ80Е1H,34,1
551,551100584849794830551,"79,77.5,80,83.5,85.5,87.5,88,89",21.5,82.04,98.25,GMCC SZ80Е1H,34,1
551,551100584849785930551,"73,73.5,73,74.5,76.5,78.5,80.5,78,79.5",16.2,72.42,88.6,GMCC SZ80Е1H,34,1
551,551100149549533020551,"84,82.5,83.5,84,86.5,88.5,87.5",18.1,75.87,92.06,GMCC SZ80Е1H,34,1
551,551100149549522940551,"83,82,85,88,89,90.5,93.5,94.5",20.4,80.04,96.25,GMCC SZ80Е1H,34,1
551,551100584849782270551,"73.5,74,75,75.5,77,78,79",19.6,78.59,94.79,GMCC SZ80Е1H,34,1
551,551100149549528110551,"78.5,77,79,85.5,87.5,90,90.5,90",17.5,74.78,90.97,GMCC SZ80Е1H,34,1
551,551100149549532560551,"82.5,83,85,87,91,88.5",17.7,75.14,91.33,GMCC SZ80Е1H,34,1
551,551100584849693030551,"66.5,72.5,72,71,72,75,77.5,76",18.1,75.87,92.06,GMCC SZ80Е1H,34,1
551,551100584849647870551,"78.5,84,79.5,82,83,85.5,87.5,86.5,87.5",20.4,80.04,96.25,GMCC SZ80Е1H,34,1
551,551100584849649510551,"78,75,76,77,80,84,85,85.5",21.2,81.49,97.7,GMCC SZ80Е1H,34,1
551,551100149549529900551,"77.5,77,77.5,79,80,82,81",15.8,71.69,87.87,GMCC SZ80Е1H,34,1
551,551100584849647040551,"74.5,75,76.5,79.5,80.5,84,83.5",20.4,80.04,96.25,GMCC SZ80Е1H,34,1
551,551100149549529540551,"79.5,78,79,81,83,84.5,83",17.5,74.78,90.97,GMCC SZ80Е1H,34,1
551,551100149549529560551,"76.5,77.5,78,78.5,79,81.5,83,82",17.5,74.78,90.97,GMCC SZ80Е1H,34,1
551,551100584849646200551,"71.5,70,66.5,68,69,68.5,69,70.5,71.5",13.4,67.34,83.5,GMCC SZ80Е1H,34,1
551,551100149549529580551,"77,76.5,78,80,82,85,84,86.5,86",16.4,72.78,88.97,GMCC SZ80Е1H,34,1
551,551100149549528860551,"77,77.5,79.5,81.5,83,84,85,86",17.3,74.42,90.6,GMCC SZ80Е1H,34,1
551,551100149549530020551,"73,76,78.5,78,78.5,80.5,83.5,81",15.7,71.51,87.69,GMCC SZ80Е1H,34,1
551,551100149549529620551,"79.5,80.5,82.5,84,85,84.5,86,87.5",17.1,74.05,90.24,GMCC SZ80Е1H,34,1
551,551100149549532760551,"85,83.5,84,86.5,87.5,91,91.5,91",18.5,76.59,92.79,GMCC SZ80Е1H,34,1
551,551100584849819590551,"73.5,79.5,82.5,83.5,85,86,87.5,89,91.5",22.5,83.85,100.07,GMCC SZ80Е1H,34,1
551,551100149549529650551,"76.5,77,78.5,79.5,80,82,84,82.5",17.0,73.87,90.06,GMCC SZ80Е1H,34,1
551,551100149549529670551,"77.5,78,78.5,80,80.5,82.5,84.5,82.5",16.8,73.51,89.69,GMCC SZ80Е1H,34,1
551,551100584849784580551,"73,75.5,76.5,77,78,78.5,81.5,81",17.1,74.05,90.24,GMCC SZ80Е1H,34,1
551,551100584849698100551,"74.5,76.5,75,75.5,76.5,77.5,78.5,79,80.5,79.5",17.5,74.78,90.97,GMCC SZ80Е1H,34,1
551,551100149549531750551,"81,81.5,83,84,85.5,86.5,89,87.5",18.2,76.05,92.24,GMCC SZ80Е1H,34,1
551,551100584849639830551,"73.5,71.5,69.5,72.5,74,74.5,76,77.5,78.5",14.8,69.88,86.05,GMCC SZ80Е1H,34,1
551,551100149549529680551,"78,80,80.5,82.5,83.5,84,85,84.5",16.6,73.14,89.33,GMCC SZ80Е1H,34,1
551,551100584849784740551,"70,74,75,76,77.5,78,80.5,79.5,81",17.0,73.87,90.06,GMCC SZ80Е1H,34,1
551,551100149549529690551,"79,78,80,81,83.5,84.5,87,85.5",16.2,72.42,88.6,GMCC SZ80Е1H,34,1
551,551100584849648810551,"79,80,81.5,83,85.5,87.5,90,90.5",21.9,82.76,98.98,GMCC SZ80Е1H,34,1
551,551100149549529750551,"75.5,79,81,83,83.5,85,84.5",15.9,71.87,88.06,GMCC SZ80Е1H,34,1
551,551100149549531860551,"83,84,87,87.5,89,90,91,90",18.3,76.23,92.42,GMCC SZ80Е1H,34,1
551,551100149549529830551,"79,78.5,79.5,80,82.5,84.5,83",16.1,72.24,88.42,GMCC SZ80Е1H,34,1
551,551100149549529850551,"78.5,77.5,77,78,81,83,84.5,84",15.9,71.87,88.06,GMCC SZ80Е1H,34,1
551,551100584849702120551,"74,75.5,74.5,76.5,77.5,78,79.5,80",16.7,73.33,89.51,GMCC SZ80Е1H,34,1
551,551100149549529930551,"75.5,76.5,77,78.5,80,82,83",16.2,72.42,88.6,GMCC SZ80Е1H,34,1
551,551100149549529940551,"78.5,77,79,80,81.5,81,84",16.4,72.78,88.97,GMCC SZ80Е1H,34,1
551,551100584849693050551,"73.5,73,74,74.5,75.5,76.5,77.5",15.8,71.69,87.87,GMCC SZ80Е1H,34,1
551,551100149549529950551,"77.5,78,80,81.5,82,83,84",15.8,71.69,87.87,GMCC SZ80Е1H,34,1
551,551100584849820360551,"78,76.5,76,77,80,81,84,85.5,87.5,88",21.6,82.22,98.43,GMCC SZ80Е1H,34,1
551,551100584849645530551,"70.5,68,69,71,74,75,77.5",14.2,68.79,84.96,GMCC SZ80Е1H,34,1
551,551100149549529970551,"79,77,78.5,77,79.5,82.5,80.5",15.8,71.69,87.87,GMCC SZ80Е1H,34,1
551,551100149549529990551,"78.5,80,81,82,83,85,86.5,87.5",18.9,77.32,93.52,GMCC SZ80Е1H,34,1
551,551100584849781900551,"71.5,74.5,74,75.5,76.5,77.5,78.5,81,80",19.9,79.13,95.34,GMCC SZ80Е1H,34,1
551,551100584849700790551,"81,78.5,77,79.5,80.5,82,82.5,82",17.9,75.5,91.7,GMCC SZ80Е1H,34,1
551,551100149549531310551,"83,82,84,84.5,87,88,89.5",18.3,76.23,92.42,GMCC SZ80Е1H,34,1
551,551100149549530060551,"81,82,83.5,84,85.5,87,88,88.5",18.9,77.32,93.52,GMCC SZ80Е1H,34,1
551,551100584849641900551,"77,70.5,72.5,73.5,74.5,76.5,78,79",15.7,71.51,87.69,GMCC SZ80Е1H,34,1
551,551100584849799430551,"80,79.5,77.5,79,80,82,82.5,83.5,84.5,85,86.5,86",20.0,79.32,95.52,GMCC SZ80Е1H,34,1
551,551100584849645590551,"74.5,72,69.5,72.5,73.5,74.5,77,76",14.1,68.61,84.78,GMCC SZ80Е1H,34,1
551,551100584849699210551,"79,78,80.5,82,83.5,86,85.5,87,86.5",19.8,78.95,95.15,GMCC SZ80Е1H,34,1
551,551100149549419230551,"79.5,77,78,79,81.5,82.5,83.5,83",17.1,74.05,90.24,GMCC SZ80Е1H,34,1
551,551100149549522520551,"79.5,78.5,80,81.5,83.5,85,86",17.4,74.6,90.79,GMCC SZ80Е1H,34,1
551,551100149549530110551,"80.5,82,82.5,85,86.5,89,91,90.5",18.8,77.14,93.33,GMCC SZ80Е1H,34,1
551,551100149549530130551,"81.5,82,83,81,83,82.5,81",16.1,72.24,88.42,GMCC SZ80Е1H,34,1
551,551100149549531810551,"82,85,83.5,85,86.5,89,91,90",18.3,76.23,92.42,GMCC SZ80Е1H,34,1
551,551100149549530140551,"81,82.5,84,85.5,88,89.5,90.5,90",18.8,77.14,93.33,GMCC SZ80Е1H,34,1
551,551100149549531060551,"81.5,83,84.5,84,85,86,88,88.5",18.0,75.69,91.88,GMCC SZ80Е1H,34,1
551,551100149549531100551,"76.5,77,81,83,85,86.5",17.9,75.5,91.7,GMCC SZ80Е1H,34,1
551,551100584849697720551,"75.5,74.5,75,76,76.5,79,80",18.4,76.41,92.61,GMCC SZ80Е1H,34,1
551,551100584849641380551,"74,72.5,72,74.5,76,77,79.5,78.5",15.4,70.97,87.14,GMCC SZ80Е1H,34,1
551,551100149549530150551,"81,80.5,82,82.5,84.5,86.5,87.5",18.8,77.14,93.33,GMCC SZ80Е1H,34,1
551,551100584849641050551,"64,70,70.5,70,71.5,72.5,73.5,74",14.6,69.51,85.69,GMCC SZ80Е1H,34,1
551,551100149549530430551,"79.5,79,81,83,84,85.5,87,86",18.4,76.41,92.61,GMCC SZ80Е1H,34,1
551,551100584849643660551,"76.5,74.5,74,76,76.5,78,79.5,78.5",15.2,70.6,86.78,GMCC SZ80Е1H,34,1
551,551100584849797770551,"76.5,77.5,78.5,80.5,84,85,84",19.4,78.23,94.43,GMCC SZ80Е1H,34,1
551,551100149549528020551,"81,82.5,83,85,87.5,89.5,88",17.8,75.32,91.51,GMCC SZ80Е1H,34,1
551,551100149549530180551,"81,82,82.5,83.5,85,86.5,88.5,89,89.5",18.6,76.77,92.97,GMCC SZ80Е1H,34,1
551,551100149549527530551,"79.5,81.5,83.5,85.5,86.5,88,89.5,88.5",18.2,76.05,92.24,GMCC SZ80Е1H,34,1
551,551100584849641820551,"74,72.5,70.5,72,73.5,74,75.5,75",15.7,71.51,87.69,GMCC SZ80Е1H,34,1
551,551100149549530230551,"83,82,83,86,88,89.5,89",18.8,77.14,93.33,GMCC SZ80Е1H,34,1
551,551100584849646060551,"68,69,69.5,70.5,71,72,73,73.5",13.4,67.34,83.5,GMCC SZ80Е1H,34,1
551,551100149549530250551,"81.5,81,83,85,86,86.5,88,89.5,90,90.5",18.8,77.14,93.33,GMCC SZ80Е1H,34,1
551,551100584849642060551,"74.5,73,74,74.5,76,77,79,78,78.5",15.2,70.6,86.78,GMCC SZ80Е1H,34,1
551,551100149549530260551,"75.5,78,79,80.5,81.5,83.5,85.5,83.5",16.2,72.42,88.6,GMCC SZ80Е1H,34,1
551,551100149549530290551,"78,79.5,82.5,84,85,87.5,89,88",18.5,76.59,92.79,GMCC SZ80Е1H,34,1
551,551100584849796840551,"79,81.5,81,82.5,84,85.5,87.5,87",20.7,80.59,96.79,GMCC SZ80Е1H,34,1
551,551100149549532930551,"82.5,82,83,84.5,86.5,87.5,86,87.5",18.1,75.87,92.06,GMCC SZ80Е1H,34,1
551,551100584849781800551,"73.5,77.5,75.5,76.5,78.5,80.5,82.5,83",19.8,78.95,95.15,GMCC SZ80Е1H,34,1
551,551100149549530340551,"82,85,86,86.5,89,88",18.9,77.32,93.52,GMCC SZ80Е1H,34,1
551,551100584849648110551,"79.5,79,80,81,83.5,84.5,86.5,87",20.4,80.04,96.25,GMCC SZ80Е1H,34,1
551,551100149549530350551,"78,82.5,87,87.5,90,90.5,92,91.5",18.6,76.77,92.97,GMCC SZ80Е1H,34,1
551,551100149549532020551,"82,84,86,87,88,90,91",18.0,75.69,91.88,GMCC SZ80Е1H,34,1
551,551100149549530360551,"80.5,83,82.5,86.5,89.5,91,88.5",18.5,76.59,92.79,GMCC SZ80Е1H,34,1
551,551100584849649330551,"78,76,77.5,79,81,82.5,85.5,85",21.5,82.04,98.25,GMCC SZ80Е1H,34,1
551,551100149549530370551,"80.5,80,81,82,83.5,84.5,84,87,87.5",18.4,76.41,92.61,GMCC SZ80Е1H,34,1
551,551100149549519820551,"75,76.5,77,78.5,81,82.5,85,85.5",20.0,79.32,95.52,GMCC SZ80Е1H,34,1
551,551100149549530410551,"79.5,80.5,83.5,85.5,86,85.5",18.7,76.96,93.15,GMCC SZ80Е1H,34,1
551,551100584849698720551,"78,79,80,83,85.5,85,85.5,87.5,88.5,88,89",20.3,79.86,96.06,GMCC SZ80Е1H,34,1
551,551100149549530450551,"80,80.5,82,84.5,85.5,86,88.5",18.4,76.41,92.61,GMCC SZ80Е1H,34,1
551,551100149549530300551,"79,80.5,79.5,81.5,83.5,84.5,85,86",18.5,76.59,92.79,GMCC SZ80Е1H,34,1
551,551100149549530460551,"74.5,76,77.5,79,81,81.5",16.6,73.14,89.33,GMCC SZ80Е1H,34,1
551,551100584849640780551,"71,70.5,72.5,73,74.5,76,76.5",15.8,71.69,87.87,GMCC SZ80Е1H,34,1
551,551100584849797110551,"74.5,77,78,78.5,80,81.5,83.5,83",20.1,79.5,95.7,GMCC SZ80Е1H,34,1
551,551100149549530470551,"78.5,79.5,79,81,83,84.5,86.5,86",18.4,76.41,92.61,GMCC SZ80Е1H,34,1
551,551100584849649140551,"78.5,78,78.5,81.5,84.5,86.5,88,90.5,91.5",21.5,82.04,98.25,GMCC SZ80Е1H,34,1
551,551100149549530480551,"81,82,83.5,84.5,86,87,86.5",18.7,76.96,93.15,GMCC SZ80Е1H,34,1
551,551100584849648520551,"77,79,79.5,81.5,84,87,89,90.5",21.9,82.76,98.98,GMCC SZ80Е1H,34,1
551,551100149549530720551,"83,82,83.5,85,87.5,88.5,90.5,88",18.7,76.96,93.15,GMCC SZ80Е1H,34,1
551,551100149549531770551,"82.5,83.5,84,88,88.5,91.5,90",18.3,76.23,92.42,GMCC SZ80Е1H,34,1
551,551100584849644570551,"73,71,70.5,71.5,73,74.5,75.5,77,76.5",14.9,70.06,86.23,GMCC SZ80Е1H,34,1
551,551100149549530510551,"80.5,81.5,82,84.5,85.5,87.5,89,87.5",18.8,77.14,93.33,GMCC SZ80Е1H,34,1
551,551100584849786440551,"74,73.5,75,76,75.5,76.5,77,78,78.5",16.1,72.24,88.42,GMCC SZ80Е1H,34,1
551,551100149549530520551,"80.5,80,82,84.5,86,87,89,88",18.4,76.41,92.61,GMCC SZ80Е1H,34,1
551,551100584849696440551,"76.5,78.5,80.5,81,82.5,83,84,85.5,83.5",19.6,78.59,94.79,GMCC SZ80Е1H,34,1
551,551100149549530530551,"80.5,78.5,79.5,81,83.5,85,86.5,85.5",18.5,76.59,92.79,GMCC SZ80Е1H,34,1
551,551100584849796240551,"78.5,79,81,82.5,85,86,87",20.8,80.77,96.97,GMCC SZ80Е1H,34,1
551,551100149549523110551,"78,80.5,78,80.5,82.5,83.5,85.5,84",17.6,74.96,91.15,GMCC SZ80Е1H,34,1
551,551100149549530540551,"80.5,82,81.5,82.5,84,85,86",18.4,76.41,92.61,GMCC SZ80Е1H,34,1
551,551100584849785180551,"69.5,73,72,72.5,72,73,75.5,77,76.5,77.5",16.9,73.69,89.88,GMCC SZ80Е1H,34,1
551,551100149549531290551,"85.5,84,86,86.5,85.5,84,84.5",18.3,76.23,92.42,GMCC SZ80Е1H,34,1
551,551100149549530560551,"80.5,83.5,83,86.5,87.5,88,87.5",18.4,76.41,92.61,GMCC SZ80Е1H,34,1
551,551100584849797080551,"76,76.5,78.5,80.5,82.5,83",20.5,80.22,96.43,GMCC SZ80Е1H,34,1
551,551100149549520350551,"75,73.5,75.5,78,79.5,82,82.5",19.7,78.77,94.97,GMCC SZ80Е1H,34,1
551,551100149549418080551,"78.5,78,79,82,84.5,86,87.5,87",18.2,76.05,92.24,GMCC SZ80Е1H,34,1
551,551100149549530570551,"78.5,78,79.5,80.5,83,84.5,85",18.4,76.41,92.61,GMCC SZ80Е1H,34,1
551,551100149549530590551,"80.5,82,84,84.5,87,86.5,87.5",18.7,76.96,93.15,GMCC SZ80Е1H,34,1
551,551100149549530620551,"82,78.5,84,84.5,84,86.5,87.5,89,88.5",18.4,76.41,92.61,GMCC SZ80Е1H,34,1
551,551100584849698060551,"77,73.5,75,76,77.5,78.5,80,81,82",17.6,74.96,91.15,GMCC SZ80Е1H,34,1
551,551100149549530630551,"82,81.5,82,84,85,87,88.5,88",18.4,76.41,92.61,GMCC SZ80Е1H,34,1
551,551100149549530690551,"83.5,81,84.5,88,89.5,90.5,91",18.3,76.23,92.42,GMCC SZ80Е1H,34,1
551,551100584849783500551,"72,72.5,73.5,75.5,77,78.5,81,79.5",18.6,76.77,92.97,GMCC SZ80Е1H,34,1
551,551100149549530740551,"80,80.5,81,85.5,86.5,89,91.5,90",18.3,76.23,92.42,GMCC SZ80Е1H,34,1
551,551100584849818220551,"78.5,83,84,84.5,86,87.5,88,89,92.5,93",24.0,86.58,102.8,GMCC SZ80Е1H,34,1
551,551100149549530790551,"76,78,79.5,80.5,81.5,83,83.5,84.5",15.9,71.87,88.06,GMCC SZ80Е1H,34,1
551,551100149549522560551,"79,78.5,81.5,80.5,83.5,84,83",17.6,74.96,91.15,GMCC SZ80Е1H,34,1
551,551100149549530800551,"77.5,76.5,79,77,81,82.5,82",15.8,71.69,87.87,GMCC SZ80Е1H,34,1
551,551100584849643670551,"73,73.5,73,74.5,77,77.5,78.5,80,79.5",15.6,71.33,87.51,GMCC SZ80Е1H,34,1
551,551100149549530810551,"74.5,77,78,78.5,80.5,79.5,81",16.3,72.6,88.78,GMCC SZ80Е1H,34,1
551,551100149549530820551,"78.5,80.5,81.5,83,84,85.5,84.5",15.9,71.87,88.06,GMCC SZ80Е1H,34,1
551,551100584849642600551,"74,73,72,72.5,74.5,75,76,77,77.5",16.0,72.06,88.24,GMCC SZ80Е1H,34,1
551,551100584849643160551,"74,73.5,73,75,76.5,78,79,78.5",15.5,71.15,87.33,GMCC SZ80Е1H,34,1
551,551100149549525400551,"83.5,86,86.5,89,89.5,92.5,90.5",21.3,81.68,97.88,GMCC SZ80Е1H,34,1
551,551100149549530840551,"78,78.5,77,80,80.5,81.5,83,82.5",15.8,71.69,87.87,GMCC SZ80Е1H,34,1
551,551100584849642970551,"75,73.5,72.5,73.5,75.5,76,77.5,77",15.6,71.33,87.51,GMCC SZ80Е1H,34,1
551,551100584849694510551,"76.5,77.5,79.5,80.5,82.5,85,86.5",18.4,76.41,92.61,GMCC SZ80Е1H,34,1
551,551100149549519300551,"74,77.5,78.5,80,81.5,84,85,85.5",20.6,80.41,96.61,GMCC SZ80Е1H,34,1
551,551100149549530850551,"84,83.5,85,85.5,87,88,90.5,89",18.8,77.14,93.33,GMCC SZ80Е1H,34,1
551,551100584849696690551,"74,77,80,81.5,83,84.5,86.5,87.5",19.4,78.23,94.43,GMCC SZ80Е1H,34,1
551,551100149549533170551,"79.5,82.5,83,85,86,86.5",18.0,75.69,91.88,GMCC SZ80Е1H,34,1
551,551100584849641540551,"72.5,70,72,75,77,80,78",15.3,70.78,86.96,GMCC SZ80Е1H,34,1
551,551100584849782590551,"73.5,79,76,77,78.5,79.5,80.5,82,81.5",19.8,78.95,95.15,GMCC SZ80Е1H,34,1
551,551100584849649230551,"78,79.5,81.5,84.5,85.5,88.5,91",21.5,82.04,98.25,GMCC SZ80Е1H,34,1
551,551100149549530860551,"77,83.5,85,87,87.5,89,90,91",18.8,77.14,93.33,GMCC SZ80Е1H,34,1
551,551100149549530880551,"82.5,83.5,85.5,86,87.5,89,90,89",18.8,77.14,93.33,GMCC SZ80Е1H,34,1
551,551100149549529370551,"79.5,80,78.5,81,82.5,83,85.5,86.5,84",16.7,73.33,89.51,GMCC SZ80Е1H,34,1
551,551100149549530890551,"77.5,78,80,80.5",16.0,72.06,88.24,GMCC SZ80Е1H,34,1
551,551100149549530490551,"80.5,79.5,81,84.5,87,89,87.5",18.4,76.41,92.61,GMCC SZ80Е1H,34,1
551,551100149549530910551,"80,82,82.5,83.5,84,85.5,86",15.8,71.69,87.87,GMCC SZ80Е1H,34,1
551,551100149549530920551,"83,83.5,85,85.5,87.5,88.5,91.5,91",18.9,77.32,93.52,GMCC SZ80Е1H,34,1
551,551100584849798190551,"76.5,77,77.5,78,78.5,79,80.5,81,82.5",19.0,77.5,93.7,GMCC SZ80Е1H,34,1
551,551100584849643140551,"71,73.5,71.5,74.5,75.5,77.5,79,77",15.5,71.15,87.33,GMCC SZ80Е1H,34,1
551,551100584849783730551,"71,76.5,72.5,73,74.5,77,79,78.5",18.2,76.05,92.24,GMCC SZ80Е1H,34,1
551,551100584849647810551,"75.5,78,80,82,83.5,84.5,85.5,87,85.5",20.3,79.86,96.06,GMCC SZ80Е1H,34,1
551,551100149549530940551,"76,74.5,75.5,77,77.5,79.5,81,80.5",16.3,72.6,88.78,GMCC SZ80Е1H,34,1
551,551100149549530970551,"82.5,85",18.3,76.23,92.42,GMCC SZ80Е1H,34,1
551,551100149549530980551,"82,83.5,84.5,86,88,89.5,91,90.5",18.1,75.87,92.06,GMCC SZ80Е1H,34,1
551,551100584849797620551,"79,80.5,82,83.5,84.5,85.5",19.6,78.59,94.79,GMCC SZ80Е1H,34,1
551,551100584849646690551,"72.5,70.5,71,72.5,73,74.5,75.5",12.4,65.52,81.68,GMCC SZ80Е1H,34,1
551,551100149549530990551,"78.5,84.5,86.5,87.5,89.5,89,88,89.5",18.2,76.05,92.24,GMCC SZ80Е1H,34,1
551,551100149549531000551,"80,81,82,83,84.5,85,85.5,87,86",18.3,76.23,92.42,GMCC SZ80Е1H,34,1
551,551100584849795860551,"78,81.5,83.5,86,87.5,90,89",21.1,81.31,97.52,GMCC SZ80Е1H,34,1
551,551100149549531020551,"78.5,79.5,81,83.5,85,86,84.5",18.1,75.87,92.06,GMCC SZ80Е1H,34,1
551,551100584849648680551,"76.5,80.5,85,88,90.5,91",21.8,82.58,98.8,GMCC SZ80Е1H,34,1
551,551100149549531030551,"83.5,82,82.5,83.5,85,88,89.5,88",18.3,76.23,92.42,GMCC SZ80Е1H,34,1
551,551100149549531040551,"78.5,83.5,82,83.5,85.5,87.5,88.5,89.5",18.1,75.87,92.06,GMCC SZ80Е1H,34,1
551,551100584849797390551,"76.5,76,77,81.5,82.5,85,85.5,86.5",19.7,78.77,94.97,GMCC SZ80Е1H,34,1
551,551100584849642940551,"75,72,71.5,72.5,74,75,77,77.5",15.7,71.51,87.69,GMCC SZ80Е1H,34,1
551,551100149549531080551,"77.5,78.5,79.5,80.5,81,83,84.5,85",18.3,76.23,92.42,GMCC SZ80Е1H,34,1
551,551100149549531090551,"81.5,82.5,84.5,87,88.5,89,88.5,89",18.4,76.41,92.61,GMCC SZ80Е1H,34,1
551,551100584849780810551,"77,76.5,78,79.5,81.5,83.5,85.5,85",20.5,80.22,96.43,GMCC SZ80Е1H,34,1
551,551100149549530210551,"78,79.5,80,79,81,81.5,82,82.5,83,83.5,84,85.5,85,85.5,87,86,86.5",16.1,72.24,88.42,GMCC SZ80Е1H,34,1
551,551100149549533060551,"78.5,79,79.5,81,84.5,87,88.5,88",17.8,75.32,91.51,GMCC SZ80Е1H,34,1
551,551100584849702570551,"67,72.5,75.5,76,76.5,78,78.5,80.5,81,82,81.5",17.1,74.05,90.24,GMCC SZ80Е1H,34,1
551,551100149549531140551,"82,80.5,83.5,85.5,86,89,87.5",18.3,76.23,92.42,GMCC SZ80Е1H,34,1
551,551100149549527120551,"82,84,86,88,91,92.5,93,92",19.7,78.77,94.97,GMCC SZ80Е1H,34,1
551,551100584849782860551,"68.5,72.5,73,75.5,76.5,78,79.5,77.5,79",18.8,77.14,93.33,GMCC SZ80Е1H,34,1
551,551100149549525740551,"82,83.5,85,86,87.5,90,92.5,93.5",20.5,80.22,96.43,GMCC SZ80Е1H,34,1
551,551100149549531160551,"79.5,80,80.5,81,82.5,84,85.5,87.5",17.9,75.5,91.7,GMCC SZ80Е1H,34,1
551,551100584849642540551,"73,71.5,69.5,71,72.5,72,74,73.5",16.0,72.06,88.24,GMCC SZ80Е1H,34,1
551,551100584849640620551,"71,70,69,69.5,71.5,72.5,73",14.5,69.33,85.51,GMCC SZ80Е1H,34,1
551,551100584849645980551,"70,62,66.5,67,68.5,70,71.5,72,74",13.5,67.52,83.69,GMCC SZ80Е1H,34,1
551,551100584849797170551,"78.5,77,77.5,78.5,80,80.5,81.5,82.5,83.5",20.1,79.5,95.7,GMCC SZ80Е1H,34,1
551,551100584849642700551,"75.5,68.5,71,71.5,73.5,74.5,76.5,77,78",15.9,71.87,88.06,GMCC SZ80Е1H,34,1
551,551100149549531340551,"81.5,79.5,81,82.5,86,85.5,88.5,89",18.2,76.05,92.24,GMCC SZ80Е1H,34,1
551,551100149549531350551,"79,80,81.5,82.5,85,85.5,87,86.5",18.2,76.05,92.24,GMCC SZ80Е1H,34,1
551,551100584849785510551,"73,76.5,77,77.5,78,80,81,82",17.0,73.87,90.06,GMCC SZ80Е1H,34,1
551,551100584849646770551,"71.5,72,69,70,72,72.5,74,73",14.2,68.79,84.96,GMCC SZ80Е1H,34,1
551,551100149549532950551,"80,82,83,84.5,87,88.5,89.5,78",18.2,76.05,92.24,GMCC SZ80Е1H,34,1
551,551100149549531360551,"80.5,81,83,85.5,87,89,89.5,90.5",18.9,77.32,93.52,GMCC SZ80Е1H,34,1
551,551100149549531370551,"79.5,80,83.5,85,85.5,86,87,86.5,87.5,88,88.5,89,89.5,91,90",18.7,76.96,93.15,GMCC SZ80Е1H,34,1
551,551100584849641990551,"73,74.5,71.5,72.5,74,74.5,75.5,76.5",15.8,71.69,87.87,GMCC SZ80Е1H,34,1
551,551100149549531410551,"81,79,80.5,83,85,87.5,88",18.6,76.77,92.97,GMCC SZ80Е1H,34,1
551,551100149549531420551,"82,81.5,84,86.5,87.5,89,90.5,91",18.2,76.05,92.24,GMCC SZ80Е1H,34,1
551,551100584849641370551,"71,69,70,71.5,73.5,73",15.3,70.78,86.96,GMCC SZ80Е1H,34,1
551,551100149549531550551,"83,85,86,87.5,89.5,91,90.5",18.5,76.59,92.79,GMCC SZ80Е1H,34,1
551,551100584849645490551,"73.5,71,72.5,75,75.5,78,76.5",14.2,68.79,84.96,GMCC SZ80Е1H,34,1
551,551100584849781060551,"76,73,77,78.5,79,80.5,84,83.5",20.3,79.86,96.06,GMCC SZ80Е1H,34,1
551,551100584849693520551,"74,75,74,75.5,77,78,79.5,80",15.8,71.69,87.87,GMCC SZ80Е1H,34,1
551,551100149549531490551,"82.5,83.5,84.5,86.5,89,90,89.5",18.5,76.59,92.79,GMCC SZ80Е1H,34,1
551,551100584849693490551,"74,77.5,80,81.5,83,85,86",18.6,76.77,92.97,GMCC SZ80Е1H,34,1
551,551100149549523770551,"85,84.5,87.5,88,90,92,95,92.5",20.1,79.5,95.7,GMCC SZ80Е1H,34,1
551,551100149549531500551,"83,83.5,85.5,87.5,89.5,88.5",18.3,76.23,92.42,GMCC SZ80Е1H,34,1
551,551100149549520540551,"75.5,74,75.5,77,78.5,80.5,82.5,82",19.4,78.23,94.43,GMCC SZ80Е1H,34,1
551,551100584849646580551,"72.5,71.5,72.5,73.5,74,75.5,75",12.5,65.7,81.87,GMCC SZ80Е1H,34,1
551,551100149549531510551,"82,84.5,84,87,88,88.5,90.5,90",18.7,76.96,93.15,GMCC SZ80Е1H,34,1
551,551100149549531520551,"81,80,80.5,83,84,87.5,88.5,87.5",18.5,76.59,92.79,GMCC SZ80Е1H,34,1
551,551100584849786180551,"76.5,73.5,74,75.5,77,78,79,80,81,81.5,81",16.0,72.06,88.24,GMCC SZ80Е1H,34,1
551,551100149549531530551,"79.5,81,82,83.5,85.5,87,89.5,88",18.2,76.05,92.24,GMCC SZ80Е1H,34,1
551,551100584849644390551,"72,71,70.5,71,73.5,75,75.5",15.4,70.97,87.14,GMCC SZ80Е1H,34,1
551,551100149549531540551,"80,81.5,83.5,85,87,88.5,88",18.5,76.59,92.79,GMCC SZ80Е1H,34,1
551,551100149549531570551,"82,79,81.5,83.5,83,86.5,87,89,89.5,88.5",18.3,76.23,92.42,GMCC SZ80Е1H,34,1
551,551100149549531580551,"81,78.5,82,87,89,90.5,92,91.5",18.3,76.23,92.42,GMCC SZ80Е1H,34,1
551,551100149549531610551,"80,82,83,85.5,86,88,89,90",18.1,75.87,92.06,GMCC SZ80Е1H,34,1
551,551100149549531650551,"80.5,81,83,84,85.5,86.5,86",18.3,76.23,92.42,GMCC SZ80Е1H,34,1
551,551100149549531670551,"82.5,83,83.5,86,82",18.2,76.05,92.24,GMCC SZ80Е1H,34,1
551,551100149549531680551,"80,81.5,83,83.5,85,86,88.5,88",18.4,76.41,92.61,GMCC SZ80Е1H,34,1
551,551100149549533510551,"76,81.5,82,83.5,85,86.5,89,87.5",17.8,75.32,91.51,GMCC SZ80Е1H,34,1
551,551100149549531700551,"0.5,0.5,119.5,83.5,83,85,86",18.3,76.23,92.42,GMCC SZ80Е1H,34,1
551,551100149549528340551,"80,81,82.5,84.5,85,85.5,88,86.5",17.3,74.42,90.6,GMCC SZ80Е1H,34,1
551,551100584849644810551,"70.5,72.5,74.5,75,76,77,77.5",14.9,70.06,86.23,GMCC SZ80Е1H,34,1
551,551100584849699280551,"75,76,77.5,78.5,81.5,82.5,84,84.5,86",20.1,79.5,95.7,GMCC SZ80Е1H,34,1
551,551100149549531720551,"82.5,82,83,85,86,87,91,90",18.3,76.23,92.42,GMCC SZ80Е1H,34,1
551,551100584849818620551,"72.5,75.5,80,80.5,83.5,85,86,87.5,89",23.8,86.21,102.44,GMCC SZ80Е1H,34,1
551,551100149549418380551,"80,81.5,84.5,84,84.5,88,88.5,89",17.7,75.14,91.33,GMCC SZ80Е1H,34,1
551,551100149549533230551,"82.5,83,82.5,85,85.5,86.5,88,87.5,89.5,89,90",17.8,75.32,91.51,GMCC SZ80Е1H,34,1
551,551100584849818120551,"78.5,80,79,80,81,82.5,85,86,87,89.5",23.8,86.21,102.44,GMCC SZ80Е1H,34,1
551,551100584849798730551,"80,79,78,80,81,82.5,84,86.5,86",20.0,79.32,95.52,GMCC SZ80Е1H,34,1
551,551100584849646330551,"71.5,71,70.5,71,72.5,74,73,74,73.5",13.0,66.61,82.78,GMCC SZ80Е1H,34,1
551,551100149549531730551,"82,83.5,86,87.5,89,92,91",18.3,76.23,92.42,GMCC SZ80Е1H,34,1
551,551100584849645040551,"73,72,73,76,78.5,80",14.5,69.33,85.51,GMCC SZ80Е1H,34,1
551,551100149549531780551,"85,85.5,87.5,88,89.5,91,92.5,92",18.3,76.23,92.42,GMCC SZ80Е1H,34,1
551,551100584849647610551,"78.5,78,79,81,83,85,86,85.5",20.4,80.04,96.25,GMCC SZ80Е1H,34,1
551,551100149549531790551,"83.5,85.5,86,87,88.5,90.5,92.5,92",18.2,76.05,92.24,GMCC SZ80Е1H,34,1
551,551100584849648320551,"78.5,78,78.5,81,82.5,84.5,85",20.3,79.86,96.06,GMCC SZ80Е1H,34,1
551,551100584849781390551,"82.5,76,76.5,78.5,79.5,80.5,83,84",20.2,79.68,95.88,GMCC SZ80Е1H,34,1
551,551100584849699140551,"74.5,76.5,76,77.5,79.5,82,83.5,85,84.5",19.8,78.95,95.15,GMCC SZ80Е1H,34,1
551,551100149549524360551,"84,83.5,85,88,90.5,91,93,92.5",20.2,79.68,95.88,GMCC SZ80Е1H,34,1
551,551100584849643240551,"73,73.5,75,76.5,77.5,77",15.5,71.15,87.33,GMCC SZ80Е1H,34,1
551,551100584849695730551,"77,77.5,78,80,81.5,82.5,84.5,84",18.0,75.69,91.88,GMCC SZ80Е1H,34,1
551,551100149549531840551,"86,84,84.5,86.5,87.5,89,91,90.5",18.1,75.87,92.06,GMCC SZ80Е1H,34,1
551,551100149549532240551,"84,86.5,86,87,88,88.5,90,89",18.0,75.69,91.88,GMCC SZ80Е1H,34,1
551,551100584849647980551,"72,76.5,79,81,82.5,84.5,85.5",20.3,79.86,96.06,GMCC SZ80Е1H,34,1
551,551100149549531870551,"83,81.5,82,83,86,88,88.5",18.2,76.05,92.24,GMCC SZ80Е1H,34,1
551,551100149549531880551,"81,81.5,84,85,87.5,89,90.5,91,90.5",18.2,76.05,92.24,GMCC SZ80Е1H,34,1
551,551100149549531890551,"80.5,79.5,82,83.5,84.5,86.5,87.5,86",18.5,76.59,92.79,GMCC SZ80Е1H,34,1
551,551100149549531900551,"80,81,84,85.5,88,91,92.5,92",20.9,80.95,97.16,GMCC SZ80Е1H,34,1
551,551100149549531910551,"80.5,81,82,82.5,86,87,86",18.4,76.41,92.61,GMCC SZ80Е1H,34,1
551,551100149549524970551,"86,87,89,90,91,93,96,94",21.4,81.86,98.07,GMCC SZ80Е1H,34,1
551,551100149549531920551,"81,79.5,80,82,85,86.5,88,87.5",18.5,76.59,92.79,GMCC SZ80Е1H,34,1
551,551100149549419640551,"77.5,77,78,78.5,80,82,83,82",16.9,73.69,89.88,GMCC SZ80Е1H,34,1
551,551100149549531960551,"78.5,80,81,84,87.5,89,90,91",18.0,75.69,91.88,GMCC SZ80Е1H,34,1
551,551100584849797370551,"78,77.5,77,79.5,81.5,83.5,84.5,85.5,84",20.1,79.5,95.7,GMCC SZ80Е1H,34,1
551,551100584849695000551,"76,75,76,78,79,80,82,84",17.9,75.5,91.7,GMCC SZ80Е1H,34,1
551,551100584849644890551,"67,69.5,70,69.5,71,72,73,72.5,73.5",14.8,69.88,86.05,GMCC SZ80Е1H,34,1
551,551100149549531970551,"80.5,83,82,83.5,85.5,86,85.5",18.5,76.59,92.79,GMCC SZ80Е1H,34,1
551,551100149549532810551,"80.5,81.5,81,83,84,86,86.5,85.5",18.3,76.23,92.42,GMCC SZ80Е1H,34,1
551,551100149549531990551,"79.5,81.5,84,84.5,86.5,89,87.5,89.5",18.1,75.87,92.06,GMCC SZ80Е1H,34,1
551,551100584849647550551,"82.5,80,81,84.5,88,89,90.5,91",20.4,80.04,96.25,GMCC SZ80Е1H,34,1
551,551100584849798380551,"78,81,82.5,89",20.3,79.86,96.06,GMCC SZ80Е1H,34,1
551,551100149549532010551,"80,82.5,83.5,85,86,85",18.1,75.87,92.06,GMCC SZ80Е1H,34,1
551,551100149549532050551,"77.5,83,83.5,84,86.5,89.5,88",18.1,75.87,92.06,GMCC SZ80Е1H,34,1
551,551100584849794980551,"75.5,80,79.5,81,82.5,84,86,86.5",21.5,82.04,98.25,GMCC SZ80Е1H,34,1
551,551100149549533320551,"77,80,80.5,82,84,86,87.5,86",17.8,75.32,91.51,GMCC SZ80Е1H,34,1
551,551100149549520680551,"76,78.5,80,80.5,82.5,84.5,86",19.2,77.86,94.06,GMCC SZ80Е1H,34,1
551,551100149549532080551,"81,79.5,80.5,81.5,82.5,83.5,85,85.5,86.5,88",18.5,76.59,92.79,GMCC SZ80Е1H,34,1
551,551100149549532090551,"84,85.5,86.5,89,91,88.5",17.9,75.5,91.7,GMCC SZ80Е1H,34,1
551,551100149549532100551,"84.5,83,84,86,87,88,89.5,89",18.1,75.87,92.06,GMCC SZ80Е1H,34,1
551,551100149549532130551,"86,84,85.5,87.5,89.5,88",17.9,75.5,91.7,GMCC SZ80Е1H,34,1
551,551100584849646400551,"67,69,66,68,70,70.5,72,71",13.1,66.79,82.96,GMCC SZ80Е1H,34,1
551,551100149549532140551,"84.5,83.5,84.5,86.5,88,88.5,88",17.9,75.5,91.7,GMCC SZ80Е1H,34,1
551,551100584849799480551,"79.5,80,79.5,80,81.5,83,84,84.5",20.0,79.32,95.52,GMCC SZ80Е1H,34,1
551,551100149549527900551,"83,82.5,81.5,82,83.5,86.5,87.5,89,89.5",17.9,75.5,91.7,GMCC SZ80Е1H,34,1
551,551100149549532160551,"80.5,81.5,83,84.5,86.5,88.5,87.5",18.0,75.69,91.88,GMCC SZ80Е1H,34,1
551,551100149549532170551,"79.5,78.5,79.5,82,84,84.5,83.5",18.3,76.23,92.42,GMCC SZ80Е1H,34,1
551,551100149549532190551,"82.5,81.5,83.5,86,87.5,89.5,88",17.7,75.14,91.33,GMCC SZ80Е1H,34,1
551,551100149549532200551,"81,83.5,85,88,90,91,90",18.1,75.87,92.06,GMCC SZ80Е1H,34,1
551,551100149549529490551,"79,78.5,80,79.5,81.5,83,85.5,84",16.6,73.14,89.33,GMCC SZ80Е1H,34,1
551,551100149549532260551,"77,81.5,82,82.5,83.5,84.5,86.5,87",18.0,75.69,91.88,GMCC SZ80Е1H,34,1
551,551100149549518990551,"76.5,75.5,76.5,78.5,81.5,83,84.5,87.5,89,91",20.9,80.95,97.16,GMCC SZ80Е1H,34,1
551,551100584849643750551,"76,72.5,72,73.5,76.5,78,79,78",15.2,70.6,86.78,GMCC SZ80Е1H,34,1
551,551100584849698590551,"84,74.5,79.5,80.5,82,83.5,85.5,87.5,90.5",20.4,80.04,96.25,GMCC SZ80Е1H,34,1
551,551100584849695190551,"78.5,75,75.5,76,77.5,81,82,83",18.3,76.23,92.42,GMCC SZ80Е1H,34,1
551,551100149549532270551,"81.5,83,85,87.5,88.5,90.5,88.5",18.3,76.23,92.42,GMCC SZ80Е1H,34,1
551,551100149549532280551,"82.5,83.5,84,85.5,88,88.5,89.5,90.5,91,91.5",18.2,76.05,92.24,GMCC SZ80Е1H,34,1
551,551100584849645630551,"72,70,71.5,72,72.5,73,74.5",14.1,68.61,84.78,GMCC SZ80Е1H,34,1
551,551100584849797600551,"77,78,79,80,80.5,81.5,83,85,85.5",19.7,78.77,94.97,GMCC SZ80Е1H,34,1
551,551100149549532380551,"84,83,84,85,85.5,86,89,87",18.0,75.69,91.88,GMCC SZ80Е1H,34,1
551,551100584849642620551,"74.5,74,74.5,76.5,76,78.5,78",16.1,72.24,88.42,GMCC SZ80Е1H,34,1
551,551100149549532400551,"81.5,81,82.5,84,85,85.5,86,86.5",18.5,76.59,92.79,GMCC SZ80Е1H,34,1
551,551100149549527170551,"88,87,86,89,89.5,91,92.5,93",21.4,81.86,98.07,GMCC SZ80Е1H,34,1
551,551100149549532450551,"85,87,87.5,89,89.5,91.5,93,90",17.9,75.5,91.7,GMCC SZ80Е1H,34,1
551,551100584849818720551,"77.5,80,82,84,86,88.5,90,93",23.0,84.76,100.98,GMCC SZ80Е1H,34,1
551,551100584849782710551,"76.5,77.5,77,79,78.5,81,83.5",19.0,77.5,93.7,GMCC SZ80Е1H,34,1
551,551100149549532500551,"80.5,82,84,87,88,89.5,89",18.5,76.59,92.79,GMCC SZ80Е1H,34,1
551,551100584849641690551,"67,72.5,72,74.5,75.5,77,78,79,80",15.3,70.78,86.96,GMCC SZ80Е1H,34,1
551,551100584849647360551,"77,76.5,78.5,80.5,83,85,84",20.3,79.86,96.06,GMCC SZ80Е1H,34,1
551,551100149549532510551,"78.5,79.5,80,82,82.5,83.5,83",18.5,76.59,92.79,GMCC SZ80Е1H,34,1
551,551100149549532530551,"80.5,81.5,83,84.5,88,90,89",17.6,74.96,91.15,GMCC SZ80Е1H,34,1
551,551100149549532550551,"86,82.5,85,84.5,88.5,90.5,92,90.5",17.7,75.14,91.33,GMCC SZ80Е1H,34,1
551,551100149549532590551,"84,84.5,86,88,90,92.5,91",17.7,75.14,91.33,GMCC SZ80Е1H,34,1
551,551100584849783310551,"69.5,74,76.5,77,79.5,81.5,83",19.1,77.68,93.88,GMCC SZ80Е1H,34,1
551,551100584849701350551,"73,77,75,76,78.5,79,80.5,80",18.0,75.69,91.88,GMCC SZ80Е1H,34,1
551,551100149549522200551,"80,80.5,83,85,86,88,89.5,89",18.0,75.69,91.88,GMCC SZ80Е1H,34,1
551,551100149549525710551,"84.5,85,85.5,88.5,90,93,94.5,95",21.4,81.86,98.07,GMCC SZ80Е1H,34,1
551,551100149549532610551,"83.5,83,84,84.5,87.5,89,91,89.5",18.4,76.41,92.61,GMCC SZ80Е1H,34,1
551,551100584849644020551,"67,68,69,68,71.5,72,73.5,74,76,76.5,77",15.5,71.15,87.33,GMCC SZ80Е1H,34,1
551,551100149549529450551,"78,80,79.5,82,83,85,87,86",16.7,73.33,89.51,GMCC SZ80Е1H,34,1
551,551100149549532620551,"81,81.5,82,83,85.5,86.5,88,89",18.4,76.41,92.61,GMCC SZ80Е1H,34,1
551,551100584849642680551,"75.5,68.5,70,72.5,74,73.5,76,77.5,78.5",15.9,71.87,88.06,GMCC SZ80Е1H,34,1
551,551100584849648010551,"72,78,78.5,79.5,81,84.5,85,84.5",20.3,79.86,96.06,GMCC SZ80Е1H,34,1
551,551100584849819090551,"80,83,84.5,86,87.5,89.5,91,90.5",23.9,86.39,102.62,GMCC SZ80Е1H,34,1
551,551100149549528450551,"80,81,82,83.5,84.5,86.5,87.5",17.2,74.23,90.42,GMCC SZ80Е1H,34,1
551,551100149549530610551,"78.5,77,79,79.5,81,83,82",15.9,71.87,88.06,GMCC SZ80Е1H,34,1
551,551100149549532570551,"81,82,85,87,89,90.5,91",18.4,76.41,92.61,GMCC SZ80Е1H,34,1
551,551100584849645000551,"73.5,71,71.5,74.5,75.5,76,76.5,77,78",15.0,70.24,86.42,GMCC SZ80Е1H,34,1
551,551100149549532690551,"86.5,86,87.5,86.5,89,90,93.5,92",18.5,76.59,92.79,GMCC SZ80Е1H,34,1
551,551100149549532700551,"83,81.5,83.5,85,87,88.5,90",17.7,75.14,91.33,GMCC SZ80Е1H,34,1
551,551100149549532730551,"80,80.5,81,83,86,87.5,88,87",18.3,76.23,92.42,GMCC SZ80Е1H,34,1
551,551100584849692720551,"70,74,75,76,77.5,78.5,80",15.9,71.87,88.06,GMCC SZ80Е1H,34,1
551,551100149549533370551,"80.5,80,81,82,84,85.5,86,85.5",18.0,75.69,91.88,GMCC SZ80Е1H,34,1
551,551100584849640570551,"75.5,68.5,68,70,69,71,72.5,73.5",14.6,69.51,85.69,GMCC SZ80Е1H,34,1
551,551100149549532770551,"79,77,81.5,83,85,86.5,84.5",18.2,76.05,92.24,GMCC SZ80Е1H,34,1
551,551100149549533120551,"81.5,81,82,84.5,85.5,88,90,89.5",18.1,75.87,92.06,GMCC SZ80Е1H,34,1
551,551100584849701640551,"73.5,76,77,79,80.5,81,80.5",17.3,74.42,90.6,GMCC SZ80Е1H,34,1
551,551100149549532790551,"78.5,78,80.5,83.5,85,86.5,88.5,89.5",18.1,75.87,92.06,GMCC SZ80Е1H,34,1
551,551100149549532820551,"79.5,81,81.5,82.5,83.5,84.5,86,86.5",18.2,76.05,92.24,GMCC SZ80Е1H,34,1
551,551100149549532840551,"82,85,84.5,85,87,88.5,91.5,92",18.4,76.41,92.61,GMCC SZ80Е1H,34,1
551,551100584849820240551,"76.5,79.5,80.5,83,85.5,86,88,90",21.6,82.22,98.43,GMCC SZ80Е1H,34,1
551,551100584849644530551,"71.5,72,73.5,74.5,75.5,77,76",14.8,69.88,86.05,GMCC SZ80Е1H,34,1
551,551100584849780890551,"75,77.5,80,81.5,83.5,85.5,87,86",20.4,80.04,96.25,GMCC SZ80Е1H,34,1
551,551100149549532850551,"79.5,78,80,82,84,86.5,87.5,88.5",18.3,76.23,92.42,GMCC SZ80Е1H,34,1
551,551100149549532860551,"84,83,84,84.5,87,89,90,89",18.3,76.23,92.42,GMCC SZ80Е1H,34,1
551,551100584849697060551,"74.5,72.5,73,73.5,74,75,75.5,77.5,80",19.2,77.86,94.06,GMCC SZ80Е1H,34,1
551,551100149549532870551,"84,85.5,87.5,87,89.5,90,89.5",17.9,75.5,91.7,GMCC SZ80Е1H,34,1
551,551100149549532880551,"81.5,84,85.5,86,86.5,88,90,89",18.1,75.87,92.06,GMCC SZ80Е1H,34,1
551,551100584849644850551,"67.5,67,69.5,70.5,71.5,72.5",14.7,69.7,85.87,GMCC SZ80Е1H,34,1
551,551100149549532900551,"82,82.5,83,84.5,87,88.5,90,88.5",18.1,75.87,92.06,GMCC SZ80Е1H,34,1
551,551100584849645750551,"72,70,69.5,71,72.5,73,75,73.5",13.9,68.24,84.41,GMCC SZ80Е1H,34,1
551,551100149549532910551,"80,81,82.5,83,85,88,87,88",18.1,75.87,92.06,GMCC SZ80Е1H,34,1
551,551100149549518730551,"73.5,78,77.5,77,80.5,81.5,84.5,85",21.4,81.86,98.07,GMCC SZ80Е1H,34,1
551,551100584849641790551,"73,73.5,74.5,75.5,78.5,77",15.7,71.51,87.69,GMCC SZ80Е1H,34,1
551,551100584849648540551,"81.5,79,79.5,80.5,83.5,86.5,89.5,90",21.9,82.76,98.98,GMCC SZ80Е1H,34,1
551,551100149549532960551,"79,80,79.5,81.5,82,84.5,83.5",18.1,75.87,92.06,GMCC SZ80Е1H,34,1
551,551100584849782070551,"68,71,73,73.5,75,76.5,78.5,79.5",19.7,78.77,94.97,GMCC SZ80Е1H,34,1
551,551100584849649610551,"81.5,79,80.5,82,84,85,85.5",21.1,81.31,97.52,GMCC SZ80Е1H,34,1
551,551100149549529090551,"78.5,80,81,83,84,87,86.5",17.0,73.87,90.06,GMCC SZ80Е1H,34,1
551,551100149549532980551,"84.5,83,84.5,85,87,87.5,89,88",18.4,76.41,92.61,GMCC SZ80Е1H,34,1
551,551100149549532990551,"82,81,83,84,83.5,85.5,87,86.5",18.1,75.87,92.06,GMCC SZ80Е1H,34,1
551,551100584849646650551,"72,73,74,75,74",12.4,65.52,81.68,GMCC SZ80Е1H,34,1
551,551100149549533030551,"82,78,79.5,83,84,86,85.5,86",18.2,76.05,92.24,GMCC SZ80Е1H,34,1
551,551100584849647590551,"77,79.5,81.5,81,84.5,86.5,87,88,90",20.2,79.68,95.88,GMCC SZ80Е1H,34,1
551,551100149549533040551,"80.5,81.5,83,84.5,86.5,86,87,86.5,89,88.5,90,89.5,90",18.1,75.87,92.06,GMCC SZ80Е1H,34,1
551,551100149549533100551,"78.5,79,80,82.5,85,86.5,88,88.5",17.8,75.32,91.51,GMCC SZ80Е1H,34,1
551,551100584849646820551,"68,71,68.5,70.5,72.5,73,74.5,73.5",13.5,67.52,83.69,GMCC SZ80Е1H,34,1
551,551100149549533050551,"82.5,81.5,84,83.5,86,88,89,88.5",18.1,75.87,92.06,GMCC SZ80Е1H,34,1
551,551100584849641100551,"67,68.5,61,67.5,68,69.5,70.5,71",14.6,69.51,85.69,GMCC SZ80Е1H,34,1
551,551100149549533070551,"81,80.5,82.5,85,88,89,91,90",17.9,75.5,91.7,GMCC SZ80Е1H,34,1
551,551100149549533080551,"82,83,82.5,84,85,86.5,87.5",17.9,75.5,91.7,GMCC SZ80Е1H,34,1
551,551100584849641260551,"73,70.5,71,72,73,76,74.5",15.3,70.78,86.96,GMCC SZ80Е1H,34,1
551,551100584849795770551,"77,78.5,80.5,83,84,85.5,87,86,86.5",21.2,81.49,97.7,GMCC SZ80Е1H,34,1
551,551100149549533110551,"78,78.5,79.5,82.5,84.5,87.5,88.5,88",17.9,75.5,91.7,GMCC SZ80Е1H,34,1
551,551100584849786230551,"65.5,69.5,68.5,73.5,74.5,75.5,74.5,76,76.5",16.7,73.33,89.51,GMCC SZ80Е1H,34,1
551,551100584849701120551,"73.5,77,78.5,80,81.5,83,84.5,84",17.8,75.32,91.51,GMCC SZ80Е1H,34,1
551,551100149549533140551,"78,79,80.5,83.5,85.5,87,88.5,88",17.8,75.32,91.51,GMCC SZ80Е1H,34,1
551,551100149549525430551,"81,83,85,88.5,92,92.5,93,94.5",20.5,80.22,96.43,GMCC SZ80Е1H,34,1
551,551100584849644090551,"69,69.5,71.5,72.5,74,75,75.5,76.5,77,76.5",15.4,70.97,87.14,GMCC SZ80Е1H,34,1
551,551100149549533180551,"76.5,78,79.5,80.5,82,85,86.5,87",17.8,75.32,91.51,GMCC SZ80Е1H,34,1
551,551100149549533190551,"84.5,85,84.5,83,84,83,84,82",18.0,75.69,91.88,GMCC SZ80Е1H,34,1
551,551100149549533200551,"81,80.5,81.5,84,87.5,88",18.0,75.69,91.88,GMCC SZ80Е1H,34,1
551,551100584849699870551,"76,79.5,79,81,84.5,85,86",18.2,76.05,92.24,GMCC SZ80Е1H,34,1
551,551100149549533210551,"81,81.5,82,84,86,86.5,85.5",17.9,75.5,91.7,GMCC SZ80Е1H,34,1
551,551100584849698340551,"68,72,69,72,74,75.5,77,76.5",17.2,74.23,90.42,GMCC SZ80Е1H,34,1
551,551100149549533220551,"77.5,78.5,79.5,83,84.5,85,87,87.5",17.8,75.32,91.51,GMCC SZ80Е1H,34,1
551,551100584849640490551,"72,73,73.5,75,76,76.5,77.5,77",14.7,69.7,85.87,GMCC SZ80Е1H,34,1
551,551100149549533240551,"80,79,80.5,82,84,85.5,86,86.5",18.0,75.69,91.88,GMCC SZ80Е1H,34,1
551,551100149549529760551,"78.5,76.5,77.5,79.5,81.5,81,83.5,83",16.5,72.96,89.15,GMCC SZ80Е1H,34,1
551,551100149549533250551,"82.5,84,83.5,84.5,87,88.5,89",17.8,75.32,91.51,GMCC SZ80Е1H,34,1
551,551100149549533260551,"80,79.5,81.5,82.5,84,85,86.5,85",18.2,76.05,92.24,GMCC SZ80Е1H,34,1
551,551100584849695550551,"77.5,76,77,80,81,82,84.5,83",18.3,76.23,92.42,GMCC SZ80Е1H,34,1
551,551100584849645160551,"74,72,71,71.5,73.5,75,77,78",14.8,69.88,86.05,GMCC SZ80Е1H,34,1
551,551100584849818920551,"79.5,82.5,83.5,85.5,87.5,88,89.5,90.5,90",23.2,85.12,101.34,GMCC SZ80Е1H,34,1
551,551100149549419520551,"77,78.5,79.5,81.5,82.5,83.5,84,83.5",16.8,73.51,89.69,GMCC SZ80Е1H,34,1
551,551100149549533330551,"74.5,80.5,83,82.5,83.5,85,86,87,89,88",17.8,75.32,91.51,GMCC SZ80Е1H,34,1
551,551100149549532740551,"80.5,83,85,87,89.5,89,89.5",18.3,76.23,92.42,GMCC SZ80Е1H,34,1
551,551100584849642390551,"76,72,73,75,75.5,77,76.5,78.5",16.2,72.42,88.6,GMCC SZ80Е1H,34,1
551,551100584849794660551,"76,80,80.5,81,85,88.5,89.5,90",21.5,82.04,98.25,GMCC SZ80Е1H,34,1
551,551100584849794550551,"77.5,80,79.5,85.5,87,88,89,90",21.6,82.22,98.43,GMCC SZ80Е1H,34,1
551,551100584849647880551,"78,79.5,82,84,86,87,89.5,88",20.3,79.86,96.06,GMCC SZ80Е1H,34,1
551,551100584849693080551,"73,77,74,75.5,77,77.5,79.5,80.5",15.9,71.87,88.06,GMCC SZ80Е1H,34,1
551,551100584849648940551,"77.5,80,80.5,82.5,84,86,87,89.5,90.5",21.6,82.22,98.43,GMCC SZ80Е1H,34,1
551,551100149549531220551,"83,83.5,82,84,85.5,88.5,87.5",18.4,76.41,92.61,GMCC SZ80Е1H,34,1
551,551100149549533350551,"78.5,79,80,81.5,82.5,83.5,82.5",17.8,75.32,91.51,GMCC SZ80Е1H,34,1
551,551100149549533360551,"82,79.5,80.5,82,84.5,86.5,87",17.8,75.32,91.51,GMCC SZ80Е1H,34,1
551,551100149549519220551,"74.5,76.5,77,78,79,82,83,84.5,87",20.7,80.59,96.79,GMCC SZ80Е1H,34,1
551,551100149549418410551,"81,82.5,83.5,84,85.5,86.5,88.5,88",17.7,75.14,91.33,GMCC SZ80Е1H,34,1
551,551100149549533380551,"82.5,82,83.5,85.5,89,91.5,88",18.1,75.87,92.06,GMCC SZ80Е1H,34,1
551,551100149549533420551,"81,82.5,84,85,86,88,88.5,87",17.8,75.32,91.51,GMCC SZ80Е1H,34,1
551,551100149549533440551,"80.5,83,83.5,85,86,89,87.5",17.8,75.32,91.51,GMCC SZ80Е1H,34,1
551,551100584849818090551,"78.5,79,79.5,80.5,83.5,84.5,86,87.5,89",23.8,86.21,102.44,GMCC SZ80Е1H,34,1
551,551100584849696950551,"75.5,76.5,77,78.5,79.5,81,82,83.5,85",19.3,78.05,94.24,GMCC SZ80Е1H,34,1
551,551100149549533450551,"82.5,81,82,82.5,85,87,87.5",17.8,75.32,91.51,GMCC SZ80Е1H,34,1
551,551100149549533460551,"83.5,82,83,86.5,89,91,90",18.1,75.87,92.06,GMCC SZ80Е1H,34,1
551,551100584849796180551,"80.5,81.5,85,86.5,88.5,89,88.5",20.9,80.95,97.16,GMCC SZ80Е1H,34,1
551,551100149549522450551,"81,80,80.5,81.5,82.5,83.5,85.5,84",17.0,73.87,90.06,GMCC SZ80Е1H,34,1
551,551100584849642810551,"72.5,75,77,78,80,80.5",15.6,71.33,87.51,GMCC SZ80Е1H,34,1
551,551100149549533470551,"78,79.5,83,82.5,84.5,85.5,87,86",17.8,75.32,91.51,GMCC SZ80Е1H,34,1
551,551100149549533490551,"82.5,84.5,86.5,88.5,88",17.7,75.14,91.33,GMCC SZ80Е1H,34,1
551,551100149549533500551,"82.5,83,84,86,87.5,90.5,91,90",17.7,75.14,91.33,GMCC SZ80Е1H,34,1
551,551100584849644290551,"70,67.5,67,66,68,68.5,69.5,72,74.5",15.0,70.24,86.42,GMCC SZ80Е1H,34,1
551,551100149549533560551,"80.5,81,82,83,83.5,85,86",17.7,75.14,91.33,GMCC SZ80Е1H,34,1
551,551100584849784850551,"74,72,73.5,74.5,75.5,76.5,78.5,80,80.5",16.9,73.69,89.88,GMCC SZ80Е1H,34,1
551,551100584849639720551,"72,73,71.5,73,74.5,75.5,76.5,77.5",15.1,70.42,86.6,GMCC SZ80Е1H,34,1
551,551100584849798300551,"74,79,79.5,80.5,79",19.4,78.23,94.43,GMCC SZ80Е1H,34,1
551,551100584849639730551,"70.5,71,72,75.5,77,79,80.5",15.2,70.6,86.78,GMCC SZ80Е1H,34,1
551,551100584849639740551,"74.5,75.5,76,77.5,78.5,79.5,79",15.3,70.78,86.96,GMCC SZ80Е1H,34,1
551,551100584849639750551,"69,72,69,70.5,71.5,72,74.5,75.5,75",15.8,71.69,87.87,GMCC SZ80Е1H,34,1
551,551100584849639770551,"70.5,71.5,67,71.5,72.5,74.5,76.5,76",15.8,71.69,87.87,GMCC SZ80Е1H,34,1
551,551100584849639780551,"73,71,72.5,73,74,75,75.5,76",15.7,71.51,87.69,GMCC SZ80Е1H,34,1
551,551100584849641060551,"72.5,70.5,68.5,71,72.5,73,76,76.5,75.5",15.4,70.97,87.14,GMCC SZ80Е1H,34,1
551,551100584849697410551,"78.5,74,75.5,76.5,77.5,81.5,82.5,83.5,86,86.5,86",18.4,76.41,92.61,GMCC SZ80Е1H,34,1
551,551100584849643130551,"74,73,72,75,75.5,77,78,79.5",15.6,71.33,87.51,GMCC SZ80Е1H,34,1
551,551100584849639790551,"74.5,73,71.5,73,74,75,76.5,75.5",15.1,70.42,86.6,GMCC SZ80Е1H,34,1
551,551100584849644960551,"73.5,75,76,76.5,77.5,79,80,78.5",15.5,71.15,87.33,GMCC SZ80Е1H,34,1
551,551100584849639800551,"75.5,75,75.5,76,77,79.5,81,80",15.1,70.42,86.6,GMCC SZ80Е1H,34,1
551,551100149549529630551,"75.5,75,75.5,76,76.5,77.5,78.5,78",16.2,72.42,88.6,GMCC SZ80Е1H,34,1
551,551100584849645920551,"67.5,66.5,65,67,68.5,70,69",13.5,67.52,83.69,GMCC SZ80Е1H,34,1
551,551100584849795250551,"75.5,77.5,80,82,83.5,85.5,86.5,87.5,88",21.4,81.86,98.07,GMCC SZ80Е1H,34,1
551,551100584849639810551,"73,74,72,73,75,76.5,78,78.5",15.7,71.51,87.69,GMCC SZ80Е1H,34,1
551,551100584849643700551,"75,72.5,75,75.5,77.5,78,79,79.5",15.5,71.15,87.33,GMCC SZ80Е1H,34,1
551,551100584849639840551,"71.5,72,71.5,72,73,74,75.5,75",15.2,70.6,86.78,GMCC SZ80Е1H,34,1
551,551100584849797810551,"74,78.5,78,79,81,82.5,83,84",19.4,78.23,94.43,GMCC SZ80Е1H,34,1
551,551100149549529050551,"81.5,79,79.5,81,82,81.5,85,83",17.0,73.87,90.06,GMCC SZ80Е1H,34,1
551,551100584849641740551,"73.5,76,75,77,77.5,78.5",15.8,71.69,87.87,GMCC SZ80Е1H,34,1
551,551100584849700830551,"70.5,73,69,73.5,76,77.5,77",17.7,75.14,91.33,GMCC SZ80Е1H,34,1
551,551100584849639870551,"71,70.5,71.5,73.5,75,76,75.5,77",14.8,69.88,86.05,GMCC SZ80Е1H,34,1
551,551100584849640090551,"73,72.5,74,74.5,75,76,76.5",14.8,69.88,86.05,GMCC SZ80Е1H,34,1
551,551100584849643980551,"66.5,73,67.5,74,75,77,78.5",15.5,71.15,87.33,GMCC SZ80Е1H,34,1
551,551100584849639880551,"72,72.5,71,73,74.5,74,77,76.5",14.7,69.7,85.87,GMCC SZ80Е1H,34,1
551,551100584849639890551,"75.5,77,75,76.5,77,78.5,80,80.5",16.7,73.33,89.51,GMCC SZ80Е1H,34,1
551,551100584849819290551,"79,80,79.5,81.5,83,86.5,88.5,89.5,91,93,93.5,95.5",22.5,83.85,100.07,GMCC SZ80Е1H,34,1
551,551100584849639900551,"71,73,74.5,76.5,77.5,78,80.5,80",16.7,73.33,89.51,GMCC SZ80Е1H,34,1
551,551100584849797460551,"77.5,78.5,79.5,82.5,83.5,85,84.5",19.7,78.77,94.97,GMCC SZ80Е1H,34,1
551,551100584849640080551,"71.5,70,70.5,71.5,73,74.5,76,76.5",15.1,70.42,86.6,GMCC SZ80Е1H,34,1
551,551100584849639910551,"74,72.5,71,73,74,74.5,76,75.5,77,78",14.9,70.06,86.23,GMCC SZ80Е1H,34,1
551,551100584849784020551,"74,73.5,74.5,75.5,76.5,78,79,78.5,80,79.5",17.4,74.6,90.79,GMCC SZ80Е1H,34,1
551,551100149549523910551,"85,85.5,89,89.5,92.5,94.5,93.5",20.2,79.68,95.88,GMCC SZ80Е1H,34,1
551,551100584849639930551,"68.5,70.5,72,72.5,74,75.5,77,76.5,77.5",14.9,70.06,86.23,GMCC SZ80Е1H,34,1
551,551100584849697470551,"80,74,76,80,82,84,85,85.5",18.2,76.05,92.24,GMCC SZ80Е1H,34,1
551,551100584849641950551,"71,73,73.5,74,76.5,78.5,77",15.2,70.6,86.78,GMCC SZ80Е1H,34,1
551,551100584849696900551,"79.5,78,80,81,82.5,83.5,86.5,87.5",19.6,78.59,94.79,GMCC SZ80Е1H,34,1
551,551100584849639940551,"73,75.5,77,77.5,79.5,80.5,81",16.7,73.33,89.51,GMCC SZ80Е1H,34,1
551,551100149549530680551,"83.5,83,86.5,86,89,92.5,93.5,92",18.7,76.96,93.15,GMCC SZ80Е1H,34,1
551,551100584849640370551,"74,73.5,72.5,74,75.5,78,79.5,78.5",17.1,74.05,90.24,GMCC SZ80Е1H,34,1
551,551100584849818060551,"81.5,82,82.5,85,88,90,92.5,92",24.2,86.94,103.16,GMCC SZ80Е1H,34,1
551,551100584849643030551,"73.5,71.5,71,71.5,74.5,75.5,77,76",15.6,71.33,87.51,GMCC SZ80Е1H,34,1
551,551100584849639950551,"71.5,75.5,74,72,74,75.5,77.5,78",15.7,71.51,87.69,GMCC SZ80Е1H,34,1
551,551100584849646020551,"73.5,72,72.5,73.5,75,77,75.5",13.8,68.06,84.23,GMCC SZ80Е1H,34,1
551,551100584849639980551,"68.5,73,65.5,72,73.5,76,76.5,77",15.8,71.69,87.87,GMCC SZ80Е1H,34,1
551,551100584849696650551,"77,75.5,76.5,78.5,80,81.5,82.5,84",19.6,78.59,94.79,GMCC SZ80Е1H,34,1
551,551100584849640000551,"73,76.5,75,76,76.5,77.5,78.5,79",15.2,70.6,86.78,GMCC SZ80Е1H,34,1
551,551100584849699010551,"76.5,79,78.5,79.5,81,82.5,84.5,85,86.5,87,86",20.4,80.04,96.25,GMCC SZ80Е1H,34,1
551,551100584849640020551,"75.5,74,74.5,76,77.5,78.5,79",16.7,73.33,89.51,GMCC SZ80Е1H,34,1
551,551100149549418200551,"84,82.5,84,85,86,87.5,89.5,88",18.1,75.87,92.06,GMCC SZ80Е1H,34,1
551,551100584849817590551,"80,82,83,85,86.5,89,90.5,91.5,94,93.5",24.0,86.58,102.8,GMCC SZ80Е1H,34,1
551,551100584849701510551,"76.5,73,75,71.5,77,77.5,78,79.5,79",16.7,73.33,89.51,GMCC SZ80Е1H,34,1
551,551100584849640040551,"71,73.5,74,75.5,77,78,77",15.0,70.24,86.42,GMCC SZ80Е1H,34,1
551,551100584849699040551,"78,81,78.5,82,84,84.5,86,87.5,89,89.5",20.1,79.5,95.7,GMCC SZ80Е1H,34,1
551,551100584849640050551,"75,72,69.5,72.5,73,74.5,75.5,76.5",15.1,70.42,86.6,GMCC SZ80Е1H,34,1
551,551100584849699720551,"79.5,78,78.5,80.5,81.5,82.5,84,83.5",18.5,76.59,92.79,GMCC SZ80Е1H,34,1
551,551100149549520340551,"74,72.5,71,74.5,77.5,78.5,80.5,82",19.6,78.59,94.79,GMCC SZ80Е1H,34,1
551,551100584849640060551,"74.5,72.5,73,73.5,74,75,76,75.5",15.0,70.24,86.42,GMCC SZ80Е1H,34,1
551,551100584849640100551,"72.5,71,71.5,72,74,74.5,76.5,75",14.7,69.7,85.87,GMCC SZ80Е1H,34,1
551,551100584849640110551,"76.5,72,70,72.5,72,73.5,75.5,74.5",14.8,69.88,86.05,GMCC SZ80Е1H,34,1
551,551100584849645190551,"76,72.5,73,72.5,74.5,75,76",14.4,69.15,85.32,GMCC SZ80Е1H,34,1
551,551100584849640170551,"69,69.5,70.5,72,73.5,74,75.5",14.5,69.33,85.51,GMCC SZ80Е1H,34,1
551,551100584849648600551,"75.5,79.5,81,80,84.5,86,88,90.5,90",21.8,82.58,98.8,GMCC SZ80Е1H,34,1
551,551100584849640200551,"68.5,71.5,69,71.5,72,73,74.5,76,75",15.8,71.69,87.87,GMCC SZ80Е1H,34,1
551,551100584849640220551,"71,68,69.5,71,72,74,75,76",15.8,71.69,87.87,GMCC SZ80Е1H,34,1
551,551100584849795670551,"77.5,78,79,82,81.5,83,84,86,86.5,88,88.5",21.3,81.68,97.88,GMCC SZ80Е1H,34,1
551,551100584849645470551,"72.5,70,70.5,72,74,75,77,76",14.3,68.97,85.14,GMCC SZ80Е1H,34,1
551,551100584849649620551,"74.5,80,80.5,82,84,86,87.5,88",21.2,81.49,97.7,GMCC SZ80Е1H,34,1
551,551100149549524790551,"83.5,83,85,87,88.5,90.5,92,94.5,95,96,96.5",21.0,81.13,97.34,GMCC SZ80Е1H,34,1
551,551100584849640280551,"76,71,71.5,72,73.5,74.5,75.5",15.7,71.51,87.69,GMCC SZ80Е1H,34,1
551,551100584849783480551,"76.5,78,77.5,78.5,81,81.5,83.5,82.5",18.2,76.05,92.24,GMCC SZ80Е1H,34,1
551,551100584849640290551,"71,68,69.5,70.5,71.5,72,72.5",14.6,69.51,85.69,GMCC SZ80Е1H,34,1
551,551100584849640330551,"72.5,74.5,75.5,76,78,77.5,79.5,78",17.2,74.23,90.42,GMCC SZ80Е1H,34,1
551,551100584849640340551,"72.5,76,77.5,78.5,80,82,83",17.2,74.23,90.42,GMCC SZ80Е1H,34,1
551,551100584849640940551,"68.5,67,69.5,71,73.5,74,75,76,77",15.7,71.51,87.69,GMCC SZ80Е1H,34,1
551,551100584849640390551,"77.5,74,73.5,74.5,75,75.5,77,78,80.5,80",17.2,74.23,90.42,GMCC SZ80Е1H,34,1
551,551100584849640420551,"75.5,76,76.5,77.5,78.5,81.5,82,82.5,81,83.5",18.3,76.23,92.42,GMCC SZ80Е1H,34,1
551,551100584849640430551,"74,78.5,79,81,82,83,84.5,84",17.7,75.14,91.33,GMCC SZ80Е1H,34,1
551,551100584849649160551,"78,82.5,84,86.5,88.5,91,92,92.5",21.5,82.04,98.25,GMCC SZ80Е1H,34,1
551,551100584849640460551,"72.5,71.5,68,70.5,71,73,72",14.8,69.88,86.05,GMCC SZ80Е1H,34,1
551,551100584849786460551,"75,73,74,74.5,76,77.5,80,79",15.8,71.69,87.87,GMCC SZ80Е1H,34,1
551,551100584849640470551,"70,72,71,72.5,73.5,74.5,75,76",15.3,70.78,86.96,GMCC SZ80Е1H,34,1
551,551100149549521950551,"74,77.5,81,83.5,84.5,83.5,86.5,89,88.5",18.2,76.05,92.24,GMCC SZ80Е1H,34,1
551,551100584849647280551,"80.5,76.5,73.5,74.5,77,79.5,81.5,84,86",20.4,80.04,96.25,GMCC SZ80Е1H,34,1
551,551100149549530270551,"79,81,83,85,87,89.5,90",18.5,76.59,92.79,GMCC SZ80Е1H,34,1
551,551100584849640510551,"73,72,70,72,74,73",14.4,69.15,85.32,GMCC SZ80Е1H,34,1
551,551100584849693540551,"78.5,77,80,81,82,83.5,84,85.5",18.8,77.14,93.33,GMCC SZ80Е1H,34,1
551,551100584849640520551,"72.5,71,69.5,71.5,72.5,73.5,74,73.5",14.6,69.51,85.69,GMCC SZ80Е1H,34,1
551,551100584849640540551,"74,72,69.5,71,72.5,72,73,71.5",14.8,69.88,86.05,GMCC SZ80Е1H,34,1
551,551100584849799340551,"78,81,80.5,81.5,82.5,83,85.5,85",20.0,79.32,95.52,GMCC SZ80Е1H,34,1
551,551100584849785020551,"72.5,75,72.5,72,73,73.5,73,73.5,75.5,75,74.5,76,77,76",16.9,73.69,89.88,GMCC SZ80Е1H,34,1
551,551100584849649150551,"78.5,77.5,78,80.5,83.5,86.5,89,91",21.5,82.04,98.25,GMCC SZ80Е1H,34,1
551,551100584849640560551,"73.5,71.5,73.5,75,75.5,76.5",14.8,69.88,86.05,GMCC SZ80Е1H,34,1
551,551100584849797500551,"83,80,77,77.5,79,80.5,82.5,84.5,85.5,87",19.6,78.59,94.79,GMCC SZ80Е1H,34,1
551,551100584849701900551,"76,76.5,75.5,77.5,78,80,81,81.5",16.5,72.96,89.15,GMCC SZ80Е1H,34,1
551,551100149549529600551,"78.5,77,78,80.5,81.5,82,84,84.5",16.2,72.42,88.6,GMCC SZ80Е1H,34,1
551,551100149549519010551,"76,78,79,80.5,81.5,84,85.5,88,88.5",20.9,80.95,97.16,GMCC SZ80Е1H,34,1
551,551100584849640590551,"73.5,71.5,68.5,70.5,72,73,74,73.5",14.4,69.15,85.32,GMCC SZ80Е1H,34,1
551,551100149549519710551,"74.5,77.5,79.5,80,81.5,82.5,84,85.5,86.5",20.2,79.68,95.88,GMCC SZ80Е1H,34,1
551,551100584849644470551,"70.5,70,69.5,70,71.5,73.5,75",14.8,69.88,86.05,GMCC SZ80Е1H,34,1
551,551100149549525820551,"88,87.5,89,91.5,93,93.5,97,96",20.5,80.22,96.43,GMCC SZ80Е1H,34,1
551,551100584849640600551,"71.5,73,74.5,74,75.5,76,77.5,79,79.5",17.4,74.6,90.79,GMCC SZ80Е1H,34,1
551,551100584849702640551,"69.5,82.5",17.1,74.05,90.24,GMCC SZ80Е1H,34,1
551,551100149549419630551,"78,78.5,80.5,81,82.5,83,83.5,82.5",16.8,73.51,89.69,GMCC SZ80Е1H,34,1
551,551100584849642760551,"71.5,71,70.5,72.5,73.5,74,76.5,76",15.7,71.51,87.69,GMCC SZ80Е1H,34,1
551,551100149549419260551,"79,78,79,81,83,84,86,85",16.9,73.69,89.88,GMCC SZ80Е1H,34,1
551,551100584849646450551,"66.5,68.5,64.5,69,71,70.5,73,72",13.1,66.79,82.96,GMCC SZ80Е1H,34,1
551,551100584849649020551,"78.5,79,82,83.5,86.5,89,91,91.5",21.6,82.22,98.43,GMCC SZ80Е1H,34,1
551,551100149549521220551,"76,73.5,72.5,75,76.5,79.5,81,81.5",18.5,76.59,92.79,GMCC SZ80Е1H,34,1
551,551100149549531320551,"79.5,81,82.5,84.5,86.5,88,87",18.3,76.23,92.42,GMCC SZ80Е1H,34,1
551,551100584849640610551,"72,70.5,70,70.5,72,72.5,73,74",14.4,69.15,85.32,GMCC SZ80Е1H,34,1
551,551100584849642990551,"72,68,70,71,72.5,74,75.5,77,79",15.7,71.51,87.69,GMCC SZ80Е1H,34,1
551,551100584849783710551,"75,76.5,77,78,79.5,80.5,82",18.2,76.05,92.24,GMCC SZ80Е1H,34,1
551,551100584849640630551,"72.5,71,69.5,71,72.5,74,75",14.4,69.15,85.32,GMCC SZ80Е1H,34,1
551,551100584849642200551,"69,72,67,70,69,70.5,71,71.5",14.4,69.15,85.32,GMCC SZ80Е1H,34,1
551,551100584849798480551,"69,71,75,76,76.5,78.5,80.5,81",19.0,77.5,93.7,GMCC SZ80Е1H,34,1
551,551100584849786360551,"71.5,74.5,76.5,77,78.5,80.5,81",16.7,73.33,89.51,GMCC SZ80Е1H,34,1
551,551100584849783050551,"76,71,74,74.5,75.5,77,78,80",18.4,76.41,92.61,GMCC SZ80Е1H,34,1
551,551100149549531430551,"81,81.5,83,84.5,86.5,85",18.7,76.96,93.15,GMCC SZ80Е1H,34,1
551,551100584849640650551,"71.5,72.5,71.5,72.5,74,74.5,75,74.5,75.5",14.7,69.7,85.87,GMCC SZ80Е1H,34,1
551,551100584849640670551,"69.5,72,71,72.5,75,77,79",14.7,69.7,85.87,GMCC SZ80Е1H,34,1
551,551100584849640690551,"71,69.5,69,70,71,72,73,72.5",14.4,69.15,85.32,GMCC SZ80Е1H,34,1
551,551100149549529170551,"79.5,80,81.5,82,84,84.5,86.5,85.5",17.1,74.05,90.24,GMCC SZ80Е1H,34,1
551,551100584849640720551,"69,68,69,70.5,72,71.5",14.4,69.15,85.32,GMCC SZ80Е1H,34,1
551,551100149549533550551,"78.5,78,80,81,82.5,83.5,84.5,85.5",17.7,75.14,91.33,GMCC SZ80Е1H,34,1
551,551100584849640750551,"69,68.5,62.5,66.5,67,69,71,69.5",14.4,69.15,85.32,GMCC SZ80Е1H,34,1
551,551100584849784710551,"73.5,74,75.5,77.5,77,79,80.5",17.0,73.87,90.06,GMCC SZ80Е1H,34,1
551,551100149549523980551,"82,81.5,83,84,85,87.5,88.5,91.5,89.5",20.2,79.68,95.88,GMCC SZ80Е1H,34,1
551,551100584849644770551,"68,71.5,73,74,75,76.5,78",14.7,69.7,85.87,GMCC SZ80Е1H,34,1
551,551100584849783400551,"69.5,73.5,75,75.5,77,77.5,80,81",18.7,76.96,93.15,GMCC SZ80Е1H,34,1
551,551100584849640800551,"74,72,70.5,73.5,75.5,77,78,77",15.9,71.87,88.06,GMCC SZ80Е1H,34,1
551,551100584849699250551,"76.5,78.5,80,81.5,83,84.5,87,86.5",19.7,78.77,94.97,GMCC SZ80Е1H,34,1
551,551100584849640830551,"74.5,73,71.5,73,74,75,77.5",14.7,69.7,85.87,GMCC SZ80Е1H,34,1
551,551100584849700350551,"78,78.5,81.5,82.5,84.5,84,86,87",17.9,75.5,91.7,GMCC SZ80Е1H,34,1
551,551100584849641400551,"73.5,70.5,71,72.5,73.5,74.5,77,75",15.3,70.78,86.96,GMCC SZ80Е1H,34,1
551,551100584849796400551,"76.5,79.5,78.5,80.5,82.5,84,85,85.5,87.5",20.7,80.59,96.79,GMCC SZ80Е1H,34,1
551,551100584849640890551,"76,74,73,76,77.5,80,81,80.5",15.9,71.87,88.06,GMCC SZ80Е1H,34,1
551,551100149549532290551,"83.5,85.5,87,87.5,90,89,92,90",17.7,75.14,91.33,GMCC SZ80Е1H,34,1
551,551100149549531390551,"82.5,84.5,81.5,86,89,90.5,89.5",18.0,75.69,91.88,GMCC SZ80Е1H,34,1
551,551100584849640920551,"73,72,72.5,73,75,77.5,78.5",15.8,71.69,87.87,GMCC SZ80Е1H,34,1
551,551100584849639960551,"69.5,71.5,72.5,73.5,75.5,76,77,76.5",14.8,69.88,86.05,GMCC SZ80Е1H,34,1
551,551100584849640950551,"69,68,66.5,67.5,68.5,69.5,71,71.5",14.4,69.15,85.32,GMCC SZ80Е1H,34,1
551,551100584849640980551,"77.5,74,73,75,76.5,77.5,79,78",15.7,71.51,87.69,GMCC SZ80Е1H,34,1
551,551100584849641000551,"76.5,75,76,76.5,77,78,79.5,80.5,82,83",15.7,71.51,87.69,GMCC SZ80Е1H,34,1
551,551100584849697680551,"72.5,75.5,75,77,79,80.5,82,83,83.5",17.9,75.5,91.7,GMCC SZ80Е1H,34,1
551,551100149549530420551,"80.5,79.5,81.5,85.5,87,88.5,89.5,90",18.6,76.77,92.97,GMCC SZ80Е1H,34,1
551,551100584849641040551,"66,64,68.5,68,70.5,71,72.5,72",14.7,69.7,85.87,GMCC SZ80Е1H,34,1
551,551100584849641070551,"71.5,73,72,72.5,73,74,75.5,76.5,77,78,78.5",15.7,71.51,87.69,GMCC SZ80Е1H,34,1
551,551100584849780570551,"76,79,80,81.5,83.5,85.5,86.5,87.5",19.9,79.13,95.34,GMCC SZ80Е1H,34,1
551,551100584849641090551,"65,65.5,68.5,69.5,70,71.5,72",14.6,69.51,85.69,GMCC SZ80Е1H,34,1
551,551100584849643110551,"73,71.5,71,75,77.5,77,79,80",15.5,71.15,87.33,GMCC SZ80Е1H,34,1
551,551100149549518830551,"81.5,82.5,83,85.5,88.5,91,94,93.5",21.1,81.31,97.52,GMCC SZ80Е1H,34,1
551,551100584849641140551,"66.5,68,64,67,67.5,68,70.5,72",14.7,69.7,85.87,GMCC SZ80Е1H,34,1
551,551100584849796760551,"81,80,79.5,80.5,82.5,83,84.5,86,85.5",20.7,80.59,96.79,GMCC SZ80Е1H,34,1
551,551100584849649310551,"77.5,78.5,80.5,83,85.5,87.5,90.5,90",21.4,81.86,98.07,GMCC SZ80Е1H,34,1
551,551100584849646010551,"74,69.5,70.5,71,72,74",13.9,68.24,84.41,GMCC SZ80Е1H,34,1
551,551100584849698130551,"75,78.5,76,78,79.5,81.5,80.5",17.5,74.78,90.97,GMCC SZ80Е1H,34,1
551,551100584849641190551,"75,74,73,73.5,75,76,77.5,76",15.5,71.15,87.33,GMCC SZ80Е1H,34,1
551,551100584849641200551,"72.5,71,70.5,71.5,74.5,76,79,79.5",15.3,70.78,86.96,GMCC SZ80Е1H,34,1
551,551100584849817880551,"77.5,81.5,83.5,88,90.5,92.5,93,94,94.5",24.1,86.76,102.98,GMCC SZ80Е1H,34,1
551,551100584849641230551,"68,72,72.5,73,74.5,76,76.5",15.9,71.87,88.06,GMCC SZ80Е1H,34,1
551,551100149549523860551,"83.5,81,82.5,84,86.5,87.5,88.5,88",20.1,79.5,95.7,GMCC SZ80Е1H,34,1
551,551100584849641280551,"64.5,65.5,65,67,68,69.5,70.5,72.5,73.5",14.6,69.51,85.69,GMCC SZ80Е1H,34,1
551,551100584849641290551,"72,70.5,71,72,74,73",15.4,70.97,87.14,GMCC SZ80Е1H,34,1
551,551100584849641300551,"64,66.5,63.5,65.5,67,68,68.5,71",14.7,69.7,85.87,GMCC SZ80Е1H,34,1
551,551100149549532640551,"82,83.5,84,85.5,87,88,89.5",17.9,75.5,91.7,GMCC SZ80Е1H,34,1
551,551100584849641310551,"68.5,66.5,68.5,70.5,71.5,72,72.5",14.6,69.51,85.69,GMCC SZ80Е1H,34,1
551,551100584849794890551,"77,78,80,82.5,84.5,85.5,86.5,88",21.5,82.04,98.25,GMCC SZ80Е1H,34,1
551,551100584849641410551,"71.5,70.5,69.5,71,72,72.5,74,73.5",15.3,70.78,86.96,GMCC SZ80Е1H,34,1
551,551100584849645200551,"77,70.5,72.5,69,70.5,73,74,74.5",14.4,69.15,85.32,GMCC SZ80Е1H,34,1
551,551100584849640850551,"76.5,74.5,75,75.5,76.5,77.5,78.5,80",17.1,74.05,90.24,GMCC SZ80Е1H,34,1
551,551100584849641420551,"72.5,70.5,69.5,71,72.5,73.5,72.5",15.3,70.78,86.96,GMCC SZ80Е1H,34,1
551,551100584849641440551,"73.5,71,67.5,71.5,73,72.5,73.5,75,74",15.3,70.78,86.96,GMCC SZ80Е1H,34,1
551,551100584849797480551,"79,81,82.5,83,84,87,88.5,88",19.7,78.77,94.97,GMCC SZ80Е1H,34,1
551,551100584849786000551,"70,72,71.5,73.5,76,75.5,76",16.2,72.42,88.6,GMCC SZ80Е1H,34,1
551,551100584849646700551,"73,74,70,71,72.5,74.5,75",13.2,66.97,83.14,GMCC SZ80Е1H,34,1
551,551100584849641160551,"71,72,72.5,75,74.5,75.5,78",15.4,70.97,87.14,GMCC SZ80Е1H,34,1
551,551100584849647350551,"77.5,76.5,81.5,83.5,87,88,91",20.4,80.04,96.25,GMCC SZ80Е1H,34,1
551,551100584849641460551,"73,76,73,74,74.5,76,78,77.5",15.3,70.78,86.96,GMCC SZ80Е1H,34,1
551,551100584849785870551,"73.5,72,73.5,72.5,73,75.5,76.5,78.5,77.5",16.2,72.42,88.6,GMCC SZ80Е1H,34,1
551,551100584849694710551,"78,74.5,75.5,76,77,78.5,77.5,80.5,82.5,83",18.1,75.87,92.06,GMCC SZ80Е1H,34,1
551,551100584849645730551,"70,71.5,66,72,73,74.5,76,75.5",14.0,68.43,84.6,GMCC SZ80Е1H,34,1
551,551100149549418750551,"80.5,82,82.5,83.5,85.5,87,88.5,89",17.3,74.42,90.6,GMCC SZ80Е1H,34,1
551,551100584849641470551,"73,71,71.5,75,76.5,76",15.3,70.78,86.96,GMCC SZ80Е1H,34,1
551,551100584849641480551,"73.5,72,71,72.5,76,75.5",15.3,70.78,86.96,GMCC SZ80Е1H,34,1
551,551100584849644760551,"68,69.5,70,72.5,73.5,74.5,75,76.5,78",14.7,69.7,85.87,GMCC SZ80Е1H,34,1
551,551100149549518870551,"77,76.5,79,82,85,87.5,88",21.0,81.13,97.34,GMCC SZ80Е1H,34,1
551,551100584849641500551,"70.5,72.5,72,73.5,74.5,76.5,77,78.5",15.7,71.51,87.69,GMCC SZ80Е1H,34,1
551,551100584849785030551,"71,74.5,75,76.5,77.5,79,79.5,81",16.9,73.69,89.88,GMCC SZ80Е1H,34,1
551,551100584849641520551,"71.5,70,69,71,72.5,73,73.5,75",15.3,70.78,86.96,GMCC SZ80Е1H,34,1
551,551100584849641530551,"73,71,69.5,71.5,73,74.5,75,74.5",15.3,70.78,86.96,GMCC SZ80Е1H,34,1
551,551100584849783520551,"75.5,76.5,75.5,76.5,78.5,79,80,81,82",18.3,76.23,92.42,GMCC SZ80Е1H,34,1
551,551100584849641560551,"71.5,70.5,71,74.5,76,78.5,78",15.3,70.78,86.96,GMCC SZ80Е1H,34,1
551,551100149549519650551,"76.5,78,78.5,80,82.5,84,85,87,87.5",20.1,79.5,95.7,GMCC SZ80Е1H,34,1
551,551100584849642240551,"72,72.5,71,73,73.5,75,77,76,76.5",15.7,71.51,87.69,GMCC SZ80Е1H,34,1
551,551100584849796460551,"78.5,79.5,81.5,84.5,85,87,89",20.8,80.77,96.97,GMCC SZ80Е1H,34,1
551,551100584849700970551,"73,76,77.5,78.5,79.5,80.5,84,82",17.8,75.32,91.51,GMCC SZ80Е1H,34,1
551,551100584849644100551,"68,69.5,68.5,70,70.5,74,74.5,75.5",15.2,70.6,86.78,GMCC SZ80Е1H,34,1
551,551100149549519900551,"69.5,73.5,76,78,79,80.5,82,83,85.5",20.0,79.32,95.52,GMCC SZ80Е1H,34,1
551,551100584849641600551,"75.5,66,70.5,69.5,71,71.5,73,74,75",15.3,70.78,86.96,GMCC SZ80Е1H,34,1
551,551100149549528490551,"78,79,80.5,81.5,82.5,83,84.5,85.5",17.0,73.87,90.06,GMCC SZ80Е1H,34,1
551,551100584849641620551,"73.5,70,71,71.5,71,72,73,73.5",15.3,70.78,86.96,GMCC SZ80Е1H,34,1
551,551100584849641630551,"74.5,72.5,75,75.5,77,78",15.3,70.78,86.96,GMCC SZ80Е1H,34,1
551,551100149549418640551,"81,81.5,83.5,85.5,89,88",17.4,74.6,90.79,GMCC SZ80Е1H,34,1
551,551100584849641660551,"72.5,70,70.5,72.5,74.5,76,77.5,79",15.2,70.6,86.78,GMCC SZ80Е1H,34,1
551,551100584849795480551,"71.5,75.5,77,77.5,79,81,82.5,85,84.5",21.4,81.86,98.07,GMCC SZ80Е1H,34,1
551,551100584849641700551,"74,70.5,71,73,73.5,75,76,78,79",15.2,70.6,86.78,GMCC SZ80Е1H,34,1
551,551100584849641710551,"72,72.5,71.5,75,76,75.5,76.5,78.5",15.2,70.6,86.78,GMCC SZ80Е1H,34,1
551,551100584849818810551,"80,80.5,84,88,87.5,90,91.5",23.3,85.31,101.53,GMCC SZ80Е1H,34,1
551,551100584849641720551,"75,74,74.5,75.5,77,77.5,78.5,79",15.2,70.6,86.78,GMCC SZ80Е1H,34,1
551,551100584849696800551,"78,77.5,76.5,79,80.5,83,85,84.5",19.4,78.23,94.43,GMCC SZ80Е1H,34,1
551,551100584849641730551,"70.5,72.5,71.5,72.5,75.5,76.5,78",15.2,70.6,86.78,GMCC SZ80Е1H,34,1
551,551100584849641270551,"66.5,68,65.5,67.5,68.5,69,69.5,71.5,72",14.7,69.7,85.87,GMCC SZ80Е1H,34,1
551,551100584849641750551,"69.5,74,75.5,76.5,77.5,78.5,79.5",15.7,71.51,87.69,GMCC SZ80Е1H,34,1
551,551100584849641760551,"73.5,73,73.5,75.5,77,78,77.5",15.6,71.33,87.51,GMCC SZ80Е1H,34,1
551,551100149549522140551,"83,81.5,86,86.5,87,89,90,91.5",18.1,75.87,92.06,GMCC SZ80Е1H,34,1
551,551100584849641800551,"71,72,72.5,72,75,75.5,76,75.5",15.7,71.51,87.69,GMCC SZ80Е1H,34,1
551,551100584849641830551,"75.5,73.5,75.5,77.5,80.5,79.5",15.7,71.51,87.69,GMCC SZ80Е1H,34,1
551,551100584849648920551,"74.5,75,78,80.5,84.5,86.5,89,89.5",21.7,82.4,98.61,GMCC SZ80Е1H,34,1
551,551100584849699630551,"76,77.5,75.5,77.5,79,80,80.5,81,82,83.5",18.4,76.41,92.61,GMCC SZ80Е1H,34,1
551,551100584849641850551,"76,71.5,71,71.5,72,73.5,74,75",15.3,70.78,86.96,GMCC SZ80Е1H,34,1
551,551100584849781730551,"82,80,80.5,82.5,86.5,87.5",20.5,80.22,96.43,GMCC SZ80Е1H,34,1
551,551100584849641880551,"71.5,72.5,71,72,74.5,75,77,76.5",15.6,71.33,87.51,GMCC SZ80Е1H,34,1
551,551100149549519110551,"77,76.5,81,83,84.5,86",20.8,80.77,96.97,GMCC SZ80Е1H,34,1
551,551100584849641890551,"74.5,73,72,74,73,74,76,76.5",15.7,71.51,87.69,GMCC SZ80Е1H,34,1
551,551100584849641920551,"74,72,71.5,73.5,75,76,79.5,77.5",15.7,71.51,87.69,GMCC SZ80Е1H,34,1
551,551100584849641930551,"72,74,75.5,76.5,78,78.5,78",15.8,71.69,87.87,GMCC SZ80Е1H,34,1
551,551100584849641940551,"73.5,72.5,72,72.5,73.5,75,76.5,75.5",15.7,71.51,87.69,GMCC SZ80Е1H,34,1
551,551100584849694030551,"80,72.5,75,73,76,76.5,78,79.5,80.5,82,83,83.5,84.5",18.5,76.59,92.79,GMCC SZ80Е1H,34,1
551,551100584849641960551,"74.5,70.5,72.5,73.5,75.5,77,78,80",15.2,70.6,86.78,GMCC SZ80Е1H,34,1
551,551100584849644250551,"70,68.5,68,69,71.5,72,72.5,75.5,74.5",15.1,70.42,86.6,GMCC SZ80Е1H,34,1
551,551100584849641980551,"67,70,70.5,71.5,72,74,73",15.2,70.6,86.78,GMCC SZ80Е1H,34,1
551,551100584849818880551,"83.5,81,83,84.5,87,89.5,91,92.5,94,93.5",22.9,84.58,100.8,GMCC SZ80Е1H,34,1
551,551100149549524190551,"83.5,83,85.5,90,91,93.5,92.5",21.4,81.86,98.07,GMCC SZ80Е1H,34,1
551,551100584849642010551,"76,72,71,72.5,74.5,76,77",15.1,70.42,86.6,GMCC SZ80Е1H,34,1
551,551100584849695790551,"69,76,73.5,76.5,79,81,83,81.5",18.5,76.59,92.79,GMCC SZ80Е1H,34,1
551,551100584849645850551,"72,71,72.5,73,73.5,75.5,76.5",13.8,68.06,84.23,GMCC SZ80Е1H,34,1
551,551100584849702540551,"76,73.5,74,76,76.5,78,77.5",15.8,71.69,87.87,GMCC SZ80Е1H,34,1
551,551100584849642020551,"68,65.5,69,71.5,73,74.5,76.5,75.5",15.3,70.78,86.96,GMCC SZ80Е1H,34,1
551,551100149549520890551,"75.5,74,73,73.5,76,78,80,80.5",18.9,77.32,93.52,GMCC SZ80Е1H,34,1
551,551100584849644040551,"73.5,72,69.5,72,73.5,74,75.5,76,77",15.5,71.15,87.33,GMCC SZ80Е1H,34,1
551,551100584849642030551,"71,71.5,72.5,75.5,74.5,75,76,78",15.2,70.6,86.78,GMCC SZ80Е1H,34,1
551,551100584849642070551,"73.5,74.5,73.5,74,74.5,76,77,78,77.5,78",15.2,70.6,86.78,GMCC SZ80Е1H,34,1
551,551100584849697640551,"77,77.5,78.5,79.5,82.5,84.5,85.5,87",18.2,76.05,92.24,GMCC SZ80Е1H,34,1
551,551100584849645600551,"73,72.5,71.5,73.5,74,75.5,74.5,76.5,77",14.1,68.61,84.78,GMCC SZ80Е1H,34,1
551,551100584849818860551,"79.5,81,81.5,83.5,85.5,87.5,88,89,92",23.0,84.76,100.98,GMCC SZ80Е1H,34,1
551,551100584849786470551,"75,76.5,77.5,78,79,81.5,83",16.0,72.06,88.24,GMCC SZ80Е1H,34,1
551,551100584849818140551,"81.5,83.5,84,86.5,90.5,92,93.5,94.5,95",24.0,86.58,102.8,GMCC SZ80Е1H,34,1
551,551100584849642110551,"70,69.5,70.5,69,71.5,72.5,73.5,74,73,74.5,75",15.2,70.6,86.78,GMCC SZ80Е1H,34,1
551,551100584849695100551,"76,74.5,75.5,77.5,78,80.5,81.5,84,84.5",17.9,75.5,91.7,GMCC SZ80Е1H,34,1
551,551100584849693880551,"75.5,78,78.5,80.5,82,83,84.5,83.5",18.6,76.77,92.97,GMCC SZ80Е1H,34,1
551,551100584849642380551,"73,72.5,70.5,71.5,73.5,75,75.5",16.3,72.6,88.78,GMCC SZ80Е1H,34,1
551,551100584849642120551,"70,68.5,71,71.5,75,75.5,76.5,77.5",15.3,70.78,86.96,GMCC SZ80Е1H,34,1
551,551100149549522440551,"80.5,82,82.5,83.5,85.5,87,86",16.8,73.51,89.69,GMCC SZ80Е1H,34,1
551,551100584849648280551,"73.5,78.5,77.5,78,81,81.5,84",20.3,79.86,96.06,GMCC SZ80Е1H,34,1
551,551100584849642140551,"67.5,69,68.5,69.5,71,71.5,73,74",14.7,69.7,85.87,GMCC SZ80Е1H,34,1
551,551100584849642170551,"68,70.5,68,69,70,72.5,73,72,74,75",14.7,69.7,85.87,GMCC SZ80Е1H,34,1
551,551100584849785000551,"73.5,75,75.5,76.5,78.5,79.5,79",16.8,73.51,89.69,GMCC SZ80Е1H,34,1
551,551100584849642190551,"68.5,70,65.5,69,71,71.5,73,74.5",14.7,69.7,85.87,GMCC SZ80Е1H,34,1
551,551100584849697660551,"74,75,76,77,78.5,81,81.5,82",19.2,77.86,94.06,GMCC SZ80Е1H,34,1
551,551100149549525220551,"87,85,86,88.5,90,91.5,93.5,93",20.7,80.59,96.79,GMCC SZ80Е1H,34,1
551,551100149549418510551,"81.5,82.5,85,85.5,86.5,88.5,87",17.7,75.14,91.33,GMCC SZ80Е1H,34,1
551,551100584849642210551,"67.5,69,62.5,67,67.5,68.5,70,70.5,71,73",14.7,69.7,85.87,GMCC SZ80Е1H,34,1
551,551100584849784070551,"69,72.5,74,75.5,77.5,78,80,80.5,81,83",17.3,74.42,90.6,GMCC SZ80Е1H,34,1
551,551100584849642300551,"74.5,74,73,74.5,75.5,76.5,78,76.5",16.3,72.6,88.78,GMCC SZ80Е1H,34,1
551,551100149549526960551,"81,82,85.5,88,88.5,90.5,92.5,92",19.5,78.41,94.61,GMCC SZ80Е1H,34,1
551,551100149549529210551,"78,78.5,78,79.5,80.5,81.5,83.5,82",16.8,73.51,89.69,GMCC SZ80Е1H,34,1
551,551100584849642310551,"74,72,71.5,74,75,75.5,77,76.5",16.3,72.6,88.78,GMCC SZ80Е1H,34,1
551,551100584849642320551,"76.5,74,72.5,74.5,75.5,76,76.5,77,78",16.3,72.6,88.78,GMCC SZ80Е1H,34,1
551,551100584849642350551,"73.5,72,75,76,77.5,80,79",16.3,72.6,88.78,GMCC SZ80Е1H,34,1
551,551100149549521650551,"73.5,74.5,76.5,78,79.5,81,82,81",18.4,76.41,92.61,GMCC SZ80Е1H,34,1
551,551100149549532390551,"81,83.5,84,84.5,85,88,90,88.5",18.0,75.69,91.88,GMCC SZ80Е1H,34,1
551,551100584849642360551,"74.5,72,72.5,74.5,76.5,78,79.5,80.5",16.3,72.6,88.78,GMCC SZ80Е1H,34,1
551,551100584849642430551,"74.5,73,72.5,73,76.5,77",16.1,72.24,88.42,GMCC SZ80Е1H,34,1
551,551100149549523640551,"83.5,84.5,87,89,91,95,94",20.2,79.68,95.88,GMCC SZ80Е1H,34,1
551,551100584849647650551,"78.5,80,82.5,85.5,88,90,89.5",20.4,80.04,96.25,GMCC SZ80Е1H,34,1
551,551100584849642450551,"72,71.5,70,71.5,74.5,76,77.5,77",16.1,72.24,88.42,GMCC SZ80Е1H,34,1
551,551100584849642490551,"76,72,73.5,74.5,75,75.5,76.5,77",16.2,72.42,88.6,GMCC SZ80Е1H,34,1
551,551100584849699680551,"77,75.5,76.5,78,79.5,82,81",18.6,76.77,92.97,GMCC SZ80Е1H,34,1
551,551100584849647730551,"79.5,78.5,79,81.5,83,86,88.5,89",20.4,80.04,96.25,GMCC SZ80Е1H,34,1
551,551100584849642520551,"73,72,74.5,76.5,78.5,79,81.5,78.5,79.5",16.1,72.24,88.42,GMCC SZ80Е1H,34,1
551,551100584849642560551,"68,73.5,73,74,77,79,78",16.1,72.24,88.42,GMCC SZ80Е1H,34,1
551,551100584849697110551,"73.5,77.5,77,79.5,79,79.5,81,84,82.5",19.3,78.05,94.24,GMCC SZ80Е1H,34,1
551,551100584849642570551,"69,73,68,73,76.5,77.5,79,78.5",16.0,72.06,88.24,GMCC SZ80Е1H,34,1
551,551100149549526550551,"85.5,84.5,85,87,89,90.5,92,91.5,92.5",19.8,78.95,95.15,GMCC SZ80Е1H,34,1
551,551100584849642610551,"76,72.5,71,72,74.5,75.5,76,78.5,77.5",16.1,72.24,88.42,GMCC SZ80Е1H,34,1
551,551100584849642640551,"79,71,72,71.5,73,75.5,77,78.5",16.0,72.06,88.24,GMCC SZ80Е1H,34,1
551,551100584849648150551,"81.5,80,81,82.5,84.5,85.5,87,86.5",20.3,79.86,96.06,GMCC SZ80Е1H,34,1
551,551100584849642710551,"76.5,74,76.5,77.5,80.5,81,81.5",15.9,71.87,88.06,GMCC SZ80Е1H,34,1
551,551100584849642720551,"73.5,69.5,70.5,72,74.5,77,77.5,78,79.5",15.8,71.69,87.87,GMCC SZ80Е1H,34,1
551,551100584849795910551,"78,79,81,81.5,82,84.5,85.5",21.2,81.49,97.7,GMCC SZ80Е1H,34,1
551,551100584849642730551,"74.5,73.5,74,77,79,81.5",15.8,71.69,87.87,GMCC SZ80Е1H,34,1
551,551100584849820110551,"75.5,79,80.5,81.5,83.5,84,85,86,87.5,88.5",21.8,82.58,98.8,GMCC SZ80Е1H,34,1
551,551100584849819970551,"77,73,73.5,74,76,77.5,78.5,79.5,83.5,85,85.5",21.9,82.76,98.98,GMCC SZ80Е1H,34,1
551,551100584849786520551,"75,74.5,70,75,71.5,73.5,74.5,75.5,76.5,79",15.9,71.87,88.06,GMCC SZ80Е1H,34,1
551,551100584849693220551,"67.5,70,68,70,73,74.5,76",15.7,71.51,87.69,GMCC SZ80Е1H,34,1
551,551100149549526650551,"81,82.5,85,86,88.5,90,90.5",19.8,78.95,95.15,GMCC SZ80Е1H,34,1
551,551100149549530500551,"77.5,76.5,78,81,82.5,81",15.9,71.87,88.06,GMCC SZ80Е1H,34,1
551,551100584849642780551,"70,73,72,71,74,76,77,76",15.7,71.51,87.69,GMCC SZ80Е1H,34,1
551,551100584849694420551,"74.5,76.5,77,79,80.5,81,82,84,84.5",18.4,76.41,92.61,GMCC SZ80Е1H,34,1
551,551100584849642790551,"73.5,72.5,72,73,75,79,76",15.7,71.51,87.69,GMCC SZ80Е1H,34,1
551,551100584849642800551,"70,74.5,73.5,74,75.5,77,77.5,79.5,80.5,81.5,82,82.5",15.6,71.33,87.51,GMCC SZ80Е1H,34,1
551,551100584849798680551,"76,78,77.5,78,79.5,81.5,83.5,85.5",20.0,79.32,95.52,GMCC SZ80Е1H,34,1
551,551100584849649240551,"79.5,78,78.5,82,84.5,85.5,86.5,89",21.5,82.04,98.25,GMCC SZ80Е1H,34,1
551,551100584849698140551,"80,73.5,78,74.5,77.5,78,79.5,80,81,82,82.5",17.7,75.14,91.33,GMCC SZ80Е1H,34,1
551,551100584849640190551,"72.5,74.5,75,76,78,77",15.7,71.51,87.69,GMCC SZ80Е1H,34,1
551,551100584849642820551,"73,71,73.5,74.5,77,77.5,79.5",15.6,71.33,87.51,GMCC SZ80Е1H,34,1
551,551100149549418050551,"76.5,78,79.5,82.5,84.5,85",17.7,75.14,91.33,GMCC SZ80Е1H,34,1
551,551100149549418310551,"78.5,79,79.5,81.5,84.5,86,87.5,87",17.6,74.96,91.15,GMCC SZ80Е1H,34,1
551,551100149549530330551,"80.5,78.5,80.5,82,84,87,88.5,87",18.6,76.77,92.97,GMCC SZ80Е1H,34,1
551,551100584849642830551,"71.5,70.5,72,75,77,79.5,79",15.6,71.33,87.51,GMCC SZ80Е1H,34,1
551,551100584849702300551,"77.5,75,74.5,76.5,78,79.5,80.5",15.9,71.87,88.06,GMCC SZ80Е1H,34,1
551,551100149549530710551,"80,82.5,84,84.5,86.5,88,87",18.3,76.23,92.42,GMCC SZ80Е1H,34,1
551,551100584849648480551,"79,78.5,78,82.5,85,87.5,89,90.5",21.9,82.76,98.98,GMCC SZ80Е1H,34,1
551,551100584849798910551,"82.5,81.5,83,85.5,87,89,88.5",20.0,79.32,95.52,GMCC SZ80Е1H,34,1
551,551100584849781350551,"80,82,83,85,86.5,87.5,88.5,90",20.3,79.86,96.06,GMCC SZ80Е1H,34,1
551,551100584849642850551,"73,71,70,72.5,75,77,79,78",15.6,71.33,87.51,GMCC SZ80Е1H,34,1
551,551100584849642860551,"74,71.5,70.5,74,75.5,77,79,78.5",15.7,71.51,87.69,GMCC SZ80Е1H,34,1
551,551100584849642960551,"75,71,69,72.5,73.5,74,75,77",15.7,71.51,87.69,GMCC SZ80Е1H,34,1
551,551100584849646420551,"66,68.5,68,69,68.5,70,71",13.3,67.15,83.32,GMCC SZ80Е1H,34,1
551,551100584849642870551,"68,71,71.5,74,74.5,75,75.5,76,76.5",15.6,71.33,87.51,GMCC SZ80Е1H,34,1
551,551100149549530040551,"80,78,81,80,81,83,84.5,84",15.9,71.87,88.06,GMCC SZ80Е1H,34,1
551,551100584849642900551,"70.5,71.5,73,75.5,76,77.5,78,79.5",15.7,71.51,87.69,GMCC SZ80Е1H,34,1
551,551100584849642910551,"77.5,74.5,73,74,76,78.5,78",15.7,71.51,87.69,GMCC SZ80Е1H,34,1
551,551100584849798220551,"80,78,79.5,80.5,79.5,80,81,80.5,81.5,81,82,82.5,82,82.5,84,85.5",19.1,77.68,93.88,GMCC SZ80Е1H,34,1
551,551100584849642930551,"74,68.5,71,73,74,75.5,77,80",15.7,71.51,87.69,GMCC SZ80Е1H,34,1
551,551100149549418630551,"79,79.5,80.5,82,85,86.5,85.5",18.0,75.69,91.88,GMCC SZ80Е1H,34,1
551,551100584849648180551,"73.5,75.5,76.5,79,81,81.5,83",20.3,79.86,96.06,GMCC SZ80Е1H,34,1
551,551100584849642980551,"73,72.5,75.5,78,79.5,81.5,81",15.6,71.33,87.51,GMCC SZ80Е1H,34,1
551,551100584849643000551,"72,70.5,71,72,74,74.5,77",15.6,71.33,87.51,GMCC SZ80Е1H,34,1
551,551100584849643010551,"73.5,71.5,71,73,74.5,76,77.5,77",15.7,71.51,87.69,GMCC SZ80Е1H,34,1
551,551100584849643040551,"73.5,72,73.5,75.5,78.5,80,82,81.5",15.6,71.33,87.51,GMCC SZ80Е1H,34,1
551,551100584849643020551,"71.5,72.5,74,75,75.5,76.5,77",15.7,71.51,87.69,GMCC SZ80Е1H,34,1
551,551100584849643050551,"75,70.5,74,73,75,76.5,77,78.5,79.5,81",15.7,71.51,87.69,GMCC SZ80Е1H,34,1
551,551100149549525290551,"83.5,85,85.5,88.5,89.5,91.5,93,92",20.5,80.22,96.43,GMCC SZ80Е1H,34,1
551,551100584849643060551,"72.5,73,72.5,75,77,78,80",15.6,71.33,87.51,GMCC SZ80Е1H,34,1
551,551100584849643080551,"72.5,72,73,73.5,74.5,75.5,76.5,77.5",15.6,71.33,87.51,GMCC SZ80Е1H,34,1
551,551100584849643090551,"74.5,72,71.5,73.5,75,76,77.5,76.5",15.6,71.33,87.51,GMCC SZ80Е1H,34,1
551,551100584849643100551,"65.5,71,73,74,76,76.5,76,79,78",15.7,71.51,87.69,GMCC SZ80Е1H,34,1
551,551100584849702150551,"74.5,77,70,73.5,75,73.5,78.5,77",16.7,73.33,89.51,GMCC SZ80Е1H,34,1
551,551100584849701810551,"74,75,75.5,76,78,79.5,80.5,81.5",16.4,72.78,88.97,GMCC SZ80Е1H,34,1
551,551100584849697420551,"72,74,75,76.5,78.5,80,82,83.5,84.5,85",18.4,76.41,92.61,GMCC SZ80Е1H,34,1
551,551100584849643150551,"65.5,71.5,72.5,73.5,75.5,76.5,79,76.5",15.6,71.33,87.51,GMCC SZ80Е1H,34,1
551,551100584849694370551,"74.5,76.5,77.5,79,80.5,81,84,85,86,85.5",18.4,76.41,92.61,GMCC SZ80Е1H,34,1
551,551100584849647710551,"77.5,79,79.5,81,83.5,86,84",20.4,80.04,96.25,GMCC SZ80Е1H,34,1
551,551100584849643180551,"75.5,72.5,73.5,74.5,76.5,78,79,80",15.5,71.15,87.33,GMCC SZ80Е1H,34,1
551,551100584849643190551,"70,70.5,71,72,74,74.5,76,77,78,79",15.5,71.15,87.33,GMCC SZ80Е1H,34,1
551,551100149549518780551,"78.5,77.5,79,82,85,87,90,89",21.1,81.31,97.52,GMCC SZ80Е1H,34,1
551,551100149549418740551,"81,80.5,81,81.5,83,84,85.5,86.5",17.4,74.6,90.79,GMCC SZ80Е1H,34,1
551,551100584849643200551,"72.5,73,72,73,74.5,75.5,78,77",15.6,71.33,87.51,GMCC SZ80Е1H,34,1
551,551100149549521340551,"80.5,81,78.5,79,80.5,79",18.5,76.59,92.79,GMCC SZ80Е1H,34,1
551,551100584849643210551,"70,70.5,73.5,74,76,75",15.5,71.15,87.33,GMCC SZ80Е1H,34,1
551,551100149549523160551,"81,79.5,79,81.5,83,84,85.5,85",16.5,72.96,89.15,GMCC SZ80Е1H,34,1
551,551100584849643350551,"73,70.5,69.5,71,74.5,75,78,77",16.0,72.06,88.24,GMCC SZ80Е1H,34,1
551,551100584849797670551,"74.5,77,77.5,77,81.5,82.5,84.5",20.1,79.5,95.7,GMCC SZ80Е1H,34,1
551,551100584849643220551,"74.5,72.5,74,75,78,80.5,79.5",15.4,70.97,87.14,GMCC SZ80Е1H,34,1
551,551100584849643230551,"76,73,73.5,75.5,76.5,78,79,81",15.5,71.15,87.33,GMCC SZ80Е1H,34,1
551,551100584849643250551,"69.5,70.5,70,72,73,74,75.5",15.6,71.33,87.51,GMCC SZ80Е1H,34,1
551,551100584849695160551,"73.5,76.5,78,78.5,79.5,81,82,83,83.5,85",18.3,76.23,92.42,GMCC SZ80Е1H,34,1
551,551100584849644950551,"73,70.5,69.5,71,72,71.5,74.5,75,74.5",14.8,69.88,86.05,GMCC SZ80Е1H,34,1
551,551100584849818000551,"81.5,81,83.5,86,88.5,92,93.5",24.0,86.58,102.8,GMCC SZ80Е1H,34,1
551,551100584849643260551,"72.5,74.5,73.5,74.5,75,76.5,77,78.5,80,81",15.7,71.51,87.69,GMCC SZ80Е1H,34,1
551,551100584849783100551,"76.5,75,74,74.5,76,78,80.5,79,78.5",18.4,76.41,92.61,GMCC SZ80Е1H,34,1
551,551100584849645080551,"71.5,70,71,72,74,75,76.5,77.5",14.6,69.51,85.69,GMCC SZ80Е1H,34,1
551,551100584849643270551,"73.5,72.5,73,74.5,75.5,77,77.5,79",15.8,71.69,87.87,GMCC SZ80Е1H,34,1
551,551100584849643280551,"78.5,76,76.5,74.5,78.5,79.5,80,79.5",15.9,71.87,88.06,GMCC SZ80Е1H,34,1
551,551100584849643300551,"76,75,74,74.5,76,77,78,78.5,79,78",15.9,71.87,88.06,GMCC SZ80Е1H,34,1
551,551100584849643330551,"77.5,75,74.5,75.5,78,79,80,79",15.9,71.87,88.06,GMCC SZ80Е1H,34,1
551,551100584849782050551,"75.5,76,78.5,79,81.5,82.5,83,84.5,85.5,86.5,87,87.5",20.2,79.68,95.88,GMCC SZ80Е1H,34,1
551,551100584849643360551,"76,73.5,71.5,73,73.5,77,76.5",16.0,72.06,88.24,GMCC SZ80Е1H,34,1
551,551100584849786450551,"70,73.5,70.5,72,73,75.5,74.5,76,75",16.7,73.33,89.51,GMCC SZ80Е1H,34,1
551,551100149549419700551,"78,77.5,82,81.5,83,84,86",16.7,73.33,89.51,GMCC SZ80Е1H,34,1
551,551100584849643380551,"73.5,72.5,75.5,76.5,78,79.5,79",16.1,72.24,88.42,GMCC SZ80Е1H,34,1
551,551100584849643400551,"73,71,72.5,73,74.5,75.5,76.5,78.5,78",16.0,72.06,88.24,GMCC SZ80Е1H,34,1
551,551100584849646660551,"73.5,71.5,72.5,73.5,76,75.5",12.4,65.52,81.68,GMCC SZ80Е1H,34,1
551,551100584849643410551,"74,73,72.5,73.5,75,77,78,76",16.1,72.24,88.42,GMCC SZ80Е1H,34,1
551,551100584849643430551,"75,71,72.5,72,72.5,73,74,74.5,76,77",15.9,71.87,88.06,GMCC SZ80Е1H,34,1
551,551100584849643450551,"76.5,73,71.5,73,73.5,74.5,76",16.0,72.06,88.24,GMCC SZ80Е1H,34,1
551,551100584849817580551,"84,82,83.5,86,89.5,91,92.5,93.5,94.5,95.5",24.3,87.12,103.35,GMCC SZ80Е1H,34,1
551,551100149549526740551,"81,84,87,89,91.5,92,94.5",19.7,78.77,94.97,GMCC SZ80Е1H,34,1
551,551100584849643460551,"74,73,73.5,74.5,76.5,77,78,79.5,80.5",16.2,72.42,88.6,GMCC SZ80Е1H,34,1
551,551100584849780990551,"80,79,82,83.5,85,85.5,87",20.3,79.86,96.06,GMCC SZ80Е1H,34,1
551,551100149549521720551,"75,77,80.5,81.5,79.5",18.3,76.23,92.42,GMCC SZ80Е1H,34,1
551,551100584849643480551,"74,73.5,74.5,76,76.5,77.5,76.5",16.1,72.24,88.42,GMCC SZ80Е1H,34,1
551,551100149549527440551,"82.5,81.5,82.5,85.5,86,89,90,90.5",20.4,80.04,96.25,GMCC SZ80Е1H,34,1
551,551100149549418240551,"80.5,81,83,84,86,88,89.5,89",17.9,75.5,91.7,GMCC SZ80Е1H,34,1
551,551100584849643490551,"76.5,73.5,75,76.5,75.5,76.5,76,79,76.5",15.7,71.51,87.69,GMCC SZ80Е1H,34,1
551,551100584849643510551,"73,71.5,71,73,75.5,76,77,76.5,78",15.6,71.33,87.51,GMCC SZ80Е1H,34,1
551,551100584849643540551,"72.5,72,70.5,72.5,74,74.5,76,76.5,77",15.2,70.6,86.78,GMCC SZ80Е1H,34,1
551,551100584849701020551,"76,77,77.5,78.5,79.5,81,81.5",17.8,75.32,91.51,GMCC SZ80Е1H,34,1
551,551100584849647050551,"77,77.5,80.5,83.5,84.5,87,87.5",20.4,80.04,96.25,GMCC SZ80Е1H,34,1
551,551100584849643560551,"72,72.5,73.5,76,76.5,78.5,77.5",15.2,70.6,86.78,GMCC SZ80Е1H,34,1
551,551100584849819470551,"76,78.5,79,81.5,82.5,86,87,88,88.5",22.4,83.67,99.89,GMCC SZ80Е1H,34,1
551,551100584849701380551,"78,77,76.5,79.5,78.5,80,81,80.5",17.1,74.05,90.24,GMCC SZ80Е1H,34,1
551,551100149549531940551,"83.5,84.5,87.5,88.5,90,92,90.5",18.2,76.05,92.24,GMCC SZ80Е1H,34,1
551,551100584849643570551,"74,72.5,71,71.5,74,74.5,75,76.5",15.2,70.6,86.78,GMCC SZ80Е1H,34,1
551,551100584849781860551,"82.5,83,84,85,84.5,86,87,87.5,87",19.8,78.95,95.15,GMCC SZ80Е1H,34,1
551,551100584849643580551,"73.5,74,75,76.5,77.5,78.5,79",15.5,71.15,87.33,GMCC SZ80Е1H,34,1
551,551100584849643610551,"75,73.5,74.5,76.5,76,76.5,77.5,78.5",15.5,71.15,87.33,GMCC SZ80Е1H,34,1
551,551100584849643590551,"74,73.5,75.5,76,77,77.5,79.5",15.2,70.6,86.78,GMCC SZ80Е1H,34,1
551,551100584849643600551,"75,72.5,73,73.5,76.5,77,78.5,79.5",15.7,71.51,87.69,GMCC SZ80Е1H,34,1
551,551100584849643720551,"75,74.5,75,76.5,77,78,79.5,79",15.2,70.6,86.78,GMCC SZ80Е1H,34,1
551,551100584849785060551,"74.5,78,75,74.5,75.5,76.5,78,78.5,79.5",17.1,74.05,90.24,GMCC SZ80Е1H,34,1
551,551100584849782090551,"75,79,80,82,82.5,84",19.7,78.77,94.97,GMCC SZ80Е1H,34,1
551,551100149549519550551,"73.5,78,79,81.5,84.5,85.5,88,87.5",20.6,80.41,96.61,GMCC SZ80Е1H,34,1
551,551100584849643640551,"78,73.5,74.5,75,76.5,77,79,78",15.4,70.97,87.14,GMCC SZ80Е1H,34,1
551,551100584849643320551,"72,72.5,71,74,75,77,77.5,78.5",15.7,71.51,87.69,GMCC SZ80Е1H,34,1
551,551100584849643650551,"74.5,72,72.5,73.5,74.5,76,75.5,78.5",15.2,70.6,86.78,GMCC SZ80Е1H,34,1
551,551100584849817920551,"77,80.5,81.5,82.5,85,87.5,89,89.5",24.0,86.58,102.8,GMCC SZ80Е1H,34,1
551,551100584849642660551,"75,72.5,71,71.5,72.5,73,74.5,77,76.5",15.9,71.87,88.06,GMCC SZ80Е1H,34,1
551,551100584849643680551,"74.5,73.5,74.5,76,77.5,77",15.5,71.15,87.33,GMCC SZ80Е1H,34,1
551,551100584849796050551,"80,79.5,83,84.5,86.5,88.5,90,91,90.5",21.0,81.13,97.34,GMCC SZ80Е1H,34,1
551,551100584849643690551,"74,73.5,74.5,75.5,77,78.5,78",15.4,70.97,87.14,GMCC SZ80Е1H,34,1
551,551100584849643710551,"71,73,72.5,71.5,74,75.5,77.5,76.5",15.3,70.78,86.96,GMCC SZ80Е1H,34,1
551,551100584849643740551,"75,72.5,74.5,75.5,76.5,77.5,77",15.5,71.15,87.33,GMCC SZ80Е1H,34,1
551,551100584849783490551,"78.5,80,79.5,81,82,83,83.5,86,84.5",18.2,76.05,92.24,GMCC SZ80Е1H,34,1
551,551100584849781300551,"75,79,80,82,83,83.5,85,86",19.9,79.13,95.34,GMCC SZ80Е1H,34,1
551,551100584849701170551,"73,76,77,78.5,80,80.5,81.5",17.7,75.14,91.33,GMCC SZ80Е1H,34,1
551,551100149549527360551,"79.5,80,83,85.5,87.5,90.5,89.5",20.2,79.68,95.88,GMCC SZ80Е1H,34,1
551,551100584849643760551,"74.5,72.5,73,72.5,73,75,76.5,77.5",15.5,71.15,87.33,GMCC SZ80Е1H,34,1
551,551100584849643780551,"72.5,71.5,69,72,73.5,74,76",15.2,70.6,86.78,GMCC SZ80Е1H,34,1
551,551100584849643800551,"72.5,72,69.5,72.5,73.5,74,76,76.5,77.5",15.5,71.15,87.33,GMCC SZ80Е1H,34,1
551,551100584849698310551,"70,71.5,70,73,73.5,74.5,78",17.2,74.23,90.42,GMCC SZ80Е1H,34,1
551,551100584849649000551,"79.5,76.5,79,81.5,83.5,87.5,89.5,89",21.6,82.22,98.43,GMCC SZ80Е1H,34,1
551,551100149549524530551,"81.5,83,86,88.5,91,94,93,95",21.2,81.49,97.7,GMCC SZ80Е1H,34,1
551,551100584849643810551,"76,75.5,77,78.5,80.5,79",16.3,72.6,88.78,GMCC SZ80Е1H,34,1
551,551100584849643630551,"72,73.5,75.5,76.5,78.5,77.5",15.3,70.78,86.96,GMCC SZ80Е1H,34,1
551,551100584849643820551,"75.5,72,73,75,75.5,77,78",15.7,71.51,87.69,GMCC SZ80Е1H,34,1
551,551100584849794990551,"78,78.5,79,83.5,85,86.5,88.5,88",21.5,82.04,98.25,GMCC SZ80Е1H,34,1
551,551100584849782400551,"68.5,71.5,75.5,77.5,78.5,80,82,84,85",19.8,78.95,95.15,GMCC SZ80Е1H,34,1
551,551100584849645430551,"71.5,68.5,71.5,72,73,76,74.5",14.3,68.97,85.14,GMCC SZ80Е1H,34,1
551,551100584849643840551,"73.5,71.5,69,70.5,71.5,73.5,73",15.2,70.6,86.78,GMCC SZ80Е1H,34,1
551,551100584849646040551,"67,68,66.5,67.5,68,68.5,69.5,70",13.6,67.7,83.87,GMCC SZ80Е1H,34,1
551,551100584849796740551,"79,78.5,80.5,82,82.5,83.5,85,85.5,86.5,87.5",20.9,80.95,97.16,GMCC SZ80Е1H,34,1
551,551100584849643850551,"73,72.5,73.5,75,76.5,77",15.6,71.33,87.51,GMCC SZ80Е1H,34,1
551,551100149549529810551,"80.5,78.5,79,79.5,81,83.5,82.5",15.8,71.69,87.87,GMCC SZ80Е1H,34,1
551,551100584849643910551,"73,71.5,67.5,72,74,75,76.5,75",15.6,71.33,87.51,GMCC SZ80Е1H,34,1
551,551100584849641450551,"71.5,72,68,68.5,69.5,71,70.5,71.5,72,73",15.7,71.51,87.69,GMCC SZ80Е1H,34,1
551,551100584849645460551,"71.5,72,70,71,72.5,74,75.5,74.5",14.3,68.97,85.14,GMCC SZ80Е1H,34,1
551,551100149549528700551,"79.5,74,79.5,81,82.5,86,87.5",17.5,74.78,90.97,GMCC SZ80Е1H,34,1
551,551100149549523800551,"82,83,84.5,87.5,89.5,91,92.5,91",20.3,79.86,96.06,GMCC SZ80Е1H,34,1
551,551100149549533270551,"78,79.5,82.5,83.5,85,86",17.8,75.32,91.51,GMCC SZ80Е1H,34,1
551,551100584849643920551,"70,68.5,67,70,71.5,73,75.5,76",15.6,71.33,87.51,GMCC SZ80Е1H,34,1
551,551100149549527540551,"84,82,81,84.5,86.5,88,89,90",21.4,81.86,98.07,GMCC SZ80Е1H,34,1
551,551100584849647160551,"76.5,78,79,79.5,82,83.5,85.5,86,87.5,89.5",20.5,80.22,96.43,GMCC SZ80Е1H,34,1
551,551100584849643940551,"71.5,68.5,67.5,70,72,75,77,76",15.6,71.33,87.51,GMCC SZ80Е1H,34,1
551,551100584849798100551,"74,76.5,81,80.5",19.1,77.68,93.88,GMCC SZ80Е1H,34,1
551,551100584849695220551,"73.5,77,78.5,79,80.5,82.5,83.5,84",18.3,76.23,92.42,GMCC SZ80Е1H,34,1
551,551100149549524690551,"83,82,83.5,84.5,86.5,88,89.5,90.5,90",21.3,81.68,97.88,GMCC SZ80Е1H,34,1
551,551100584849648660551,"76,77.5,79,82,85,88,91,91.5",21.8,82.58,98.8,GMCC SZ80Е1H,34,1
551,551100584849643950551,"71,70.5,71.5,74,77,78,77.5",15.5,71.15,87.33,GMCC SZ80Е1H,34,1
551,551100584849643970551,"71.5,72,71,72,74,74.5,75.5,76",15.5,71.15,87.33,GMCC SZ80Е1H,34,1
551,551100584849644050551,"72,70,69.5,70.5,72,71,74.5,76.5,77.5",15.5,71.15,87.33,GMCC SZ80Е1H,34,1
551,551100584849644060551,"72.5,70.5,72,72.5,74.5,76,76.5,77.5,79.5",15.4,70.97,87.14,GMCC SZ80Е1H,34,1
551,551100149549519290551,"69,75.5,78,79,81,82,83.5",20.6,80.41,96.61,GMCC SZ80Е1H,34,1
551,551100584849644070551,"75,72,70,72.5,72,74.5,76,77.5,76",15.5,71.15,87.33,GMCC SZ80Е1H,34,1
551,551100584849644110551,"69.5,71.5,72.5,73,74.5,76,76.5,77.5",15.4,70.97,87.14,GMCC SZ80Е1H,34,1
551,551100584849644160551,"73,72,71.5,72.5,75,76,78.5,78",15.4,70.97,87.14,GMCC SZ80Е1H,34,1
551,551100584849643390551,"75.5,72.5,70,73,74.5,75.5,76,78.5,76",16.0,72.06,88.24,GMCC SZ80Е1H,34,1
551,551100584849641150551,"68.5,67,67.5,70.5,69,70,72,72.5",14.7,69.7,85.87,GMCC SZ80Е1H,34,1
551,551100584849646600551,"73.5,71.5,73,73.5,75,77,75.5",12.5,65.7,81.87,GMCC SZ80Е1H,34,1
551,551100584849649410551,"78.5,76,78,79.5,82.5,84.5,86,85.5",21.5,82.04,98.25,GMCC SZ80Е1H,34,1
551,551100584849795650551,"71,73,71.5,75.5,77,78.5,80,81.5,85.5",21.3,81.68,97.88,GMCC SZ80Е1H,34,1
551,551100584849644170551,"66.5,68.5,68,69,69.5,71.5,72,74",15.2,70.6,86.78,GMCC SZ80Е1H,34,1
551,551100584849644190551,"73.5,69.5,69,70.5,73,74,75.5,76,76.5",15.2,70.6,86.78,GMCC SZ80Е1H,34,1
551,551100149549522410551,"80,81,81.5,82.5,83,86,84,85",16.6,73.14,89.33,GMCC SZ80Е1H,34,1
551,551100584849644200551,"71.5,71,72.5,74,74.5,75.5,77",15.2,70.6,86.78,GMCC SZ80Е1H,34,1
551,551100584849644240551,"72.5,72,73,73.5,74.5,75.5,77.5,78.5,80",15.5,71.15,87.33,GMCC SZ80Е1H,34,1
551,551100584849798880551,"73.5,77,78.5,79,81,82.5,84,83.5",20.0,79.32,95.52,GMCC SZ80Е1H,34,1
551,551100584849698610551,"74.5,76,74.5,75.5,77.5,79,80.5,78",17.4,74.6,90.79,GMCC SZ80Е1H,34,1
551,551100584849644260551,"71.5,69.5,67.5,68.5,70,72,73.5,74,76",15.1,70.42,86.6,GMCC SZ80Е1H,34,1
551,551100584849642770551,"74.5,72.5,73.5,75,76,78.5,77.5",15.9,71.87,88.06,GMCC SZ80Е1H,34,1
551,551100584849644280551,"68.5,70,71,69.5,72.5,75,75.5,76.5,77.5",15.0,70.24,86.42,GMCC SZ80Е1H,34,1
551,551100584849647920551,"78,77.5,79,80.5,82.5,85,85.5,86,87",20.4,80.04,96.25,GMCC SZ80Е1H,34,1
551,551100584849644360551,"68,72,71.5,75.5,76.5,79.5,81,80",14.7,69.7,85.87,GMCC SZ80Е1H,34,1
551,551100584849644420551,"68.5,65.5,70.5,69.5,72,75.5,77,78.5,79.5",14.8,69.88,86.05,GMCC SZ80Е1H,34,1
551,551100584849693240551,"70.5,71.5,69.5,71.5,75,76,78,77.5",15.9,71.87,88.06,GMCC SZ80Е1H,34,1
551,551100584849644430551,"71,73,74,77,77.5",14.9,70.06,86.23,GMCC SZ80Е1H,34,1
551,551100584849644450551,"68.5,71,73,72.5,75,77.5",14.8,69.88,86.05,GMCC SZ80Е1H,34,1
551,551100584849644460551,"70.5,71,72,73,73.5,76.5,77",14.8,69.88,86.05,GMCC SZ80Е1H,34,1
551,551100584849786490551,"67.5,70.5,71,74.5,74,75.5,77,77.5,78.5,80,79",16.1,72.24,88.42,GMCC SZ80Е1H,34,1
551,551100149549529800551,"77.5,78,79,80,81.5,84,85,83.5",15.9,71.87,88.06,GMCC SZ80Е1H,34,1
551,551100584849647130551,"76.5,77.5,81,83.5,85.5,86,89,90.5,89.5",20.5,80.22,96.43,GMCC SZ80Е1H,34,1
551,551100584849784920551,"75,77,77.5,77,78.5,80,81.5,80.5",17.1,74.05,90.24,GMCC SZ80Е1H,34,1
551,551100584849644480551,"70,69.5,70,71.5,74.5,75.5,78.5",14.9,70.06,86.23,GMCC SZ80Е1H,34,1
551,551100584849644560551,"69,70,68,73.5,75,76,77,79.5",14.9,70.06,86.23,GMCC SZ80Е1H,34,1
551,551100584849700310551,"75.5,79,79.5,80,82,83,86,83.5",18.0,75.69,91.88,GMCC SZ80Е1H,34,1
551,551100584849694180551,"73,75,76,77.5,79.5,81,83",17.1,74.05,90.24,GMCC SZ80Е1H,34,1
551,551100584849644590551,"75,72.5,72,75,75.5,78,79",14.9,70.06,86.23,GMCC SZ80Е1H,34,1
551,551100584849697460551,"76.5,75.5,73,77.5,82,84,84.5",18.4,76.41,92.61,GMCC SZ80Е1H,34,1
551,551100584849695580551,"78,76.5,78,80.5,81,81.5,82.5,85",18.4,76.41,92.61,GMCC SZ80Е1H,34,1
551,551100584849644610551,"69,72.5,72,74.5,74,76,75.5",14.8,69.88,86.05,GMCC SZ80Е1H,34,1
551,551100584849780630551,"76,78.5,77.5,78,80,81.5,83,82.5",20.1,79.5,95.7,GMCC SZ80Е1H,34,1
551,551100584849646680551,"70.5,71,68.5,72,72.5,75,73.5",13.3,67.15,83.32,GMCC SZ80Е1H,34,1
551,551100584849644620551,"73.5,70.5,71,73.5,74,76.5,77.5,79,80",14.8,69.88,86.05,GMCC SZ80Е1H,34,1
551,551100584849647200551,"82,78,80,81.5,86,87,90,89.5",20.4,80.04,96.25,GMCC SZ80Е1H,34,1
551,551100584849644690551,"75.5,71.5,70.5,73.5,75,77,78.5",14.8,69.88,86.05,GMCC SZ80Е1H,34,1
551,551100584849644710551,"75,73,73.5,74.5,75.5,77.5,78.5",14.9,70.06,86.23,GMCC SZ80Е1H,34,1
551,551100584849644740551,"73,70,70.5,72.5,74,75.5,76.5,76",14.9,70.06,86.23,GMCC SZ80Е1H,34,1
551,551100584849817150551,"81.5,84,87,89.5,92,93.5,95,96,97,98",24.3,87.12,103.35,GMCC SZ80Е1H,34,1
551,551100584849699030551,"75.5,77.5,79.5,82.5,85,85.5,86.5,88,86",19.8,78.95,95.15,GMCC SZ80Е1H,34,1
551,551100584849648610551,"72,74,75.5,78,79.5,82.5,84.5,86.5,85.5",20.3,79.86,96.06,GMCC SZ80Е1H,34,1
551,551100584849644780551,"71.5,71,69.5,70.5,72,75,74,75.5,76",14.6,69.51,85.69,GMCC SZ80Е1H,34,1
551,551100584849697340551,"75,76.5,73.5,75,75.5,77.5,79.5,81,82,83.5,82",18.4,76.41,92.61,GMCC SZ80Е1H,34,1
551,551100584849694500551,"71.5,74,77,76.5,80,82,83",18.4,76.41,92.61,GMCC SZ80Е1H,34,1
551,551100149549531930551,"81.5,81,82.5,85,87,88,89,88.5",18.3,76.23,92.42,GMCC SZ80Е1H,34,1
551,551100584849644870551,"68.5,72,70,72,73,74,75.5,73.5",15.8,71.69,87.87,GMCC SZ80Е1H,34,1
551,551100584849647660551,"80.5,82.5,84.5,86,89,92,91.5",20.4,80.04,96.25,GMCC SZ80Е1H,34,1
551,551100149549526560551,"80.5,82.5,86,85.5,91,93.5,92",19.8,78.95,95.15,GMCC SZ80Е1H,34,1
551,551100584849649110551,"83,85.5,86,87.5,88.5,90,92.5,93,94",21.5,82.04,98.25,GMCC SZ80Е1H,34,1
551,551100584849644910551,"72,71.5,72,73.5,74.5,74,75.5,76",14.8,69.88,86.05,GMCC SZ80Е1H,34,1
551,551100584849696330551,"76.5,77,78,79,80,81.5,82.5,83.5,84,85",19.6,78.59,94.79,GMCC SZ80Е1H,34,1
551,551100149549529840551,"78,78.5,81,80.5,81.5,82,85.5,83.5",15.8,71.69,87.87,GMCC SZ80Е1H,34,1
551,551100584849645030551,"73,72.5,74,74.5,75,77.5,76.5",15.3,70.78,86.96,GMCC SZ80Е1H,34,1
551,551100584849645050551,"74,70.5,70,72,73,76,77.5,78",14.5,69.33,85.51,GMCC SZ80Е1H,34,1
551,551100584849695690551,"77,78,79,79.5,81.5,82,84.5,84",18.3,76.23,92.42,GMCC SZ80Е1H,34,1
551,551100584849645070551,"70.5,71,71.5,73.5,74,76,75.5,76",14.7,69.7,85.87,GMCC SZ80Е1H,34,1
551,551100584849645090551,"73.5,70.5,68,72.5,74.5,75.5,77",14.6,69.51,85.69,GMCC SZ80Е1H,34,1
551,551100584849695660551,"80.5,76,79,79.5,81,82.5,84.5,83,83.5",18.3,76.23,92.42,GMCC SZ80Е1H,34,1
551,551100584849646760551,"72,69.5,65.5,71,72.5,74.5,73",13.3,67.15,83.32,GMCC SZ80Е1H,34,1
551,551100584849645100551,"70,75,74.5,75,77,77.5,78.5,78",15.5,71.15,87.33,GMCC SZ80Е1H,34,1
551,551100584849645120551,"73.5,72.5,70,72,72.5,74,75,77,78",14.5,69.33,85.51,GMCC SZ80Е1H,34,1
551,551100584849819210551,"78.5,81,80,82.5,84,86.5,88,87.5",22.6,84.04,100.25,GMCC SZ80Е1H,34,1
551,551100584849645130551,"73.5,73,75,76,77,78,79,78",14.6,69.51,85.69,GMCC SZ80Е1H,34,1
551,551100584849797190551,"79,80,77.5,77,78.5,80.5,81.5,82,82.5,84.5",20.0,79.32,95.52,GMCC SZ80Е1H,34,1
551,551100584849698540551,"76.5,75,76.5,78,79.5,80.5,82,82.5",17.7,75.14,91.33,GMCC SZ80Е1H,34,1
551,551100149549529120551,"77,80,81,82,83.5,85.5,85",16.9,73.69,89.88,GMCC SZ80Е1H,34,1
551,551100584849645140551,"72.5,71,71.5,72,74,75.5,76.5,77.5,78",14.5,69.33,85.51,GMCC SZ80Е1H,34,1
551,551100584849645150551,"74,72,72.5,74,75.5,74.5",14.5,69.33,85.51,GMCC SZ80Е1H,34,1
551,551100584849645180551,"74,73,74,74.5,75.5,76,75.5,76",14.4,69.15,85.32,GMCC SZ80Е1H,34,1
551,551100584849702220551,"71.5,73,71.5,72,74,75,76.5,76",16.7,73.33,89.51,GMCC SZ80Е1H,34,1
551,551100149549532660551,"85,84,83,84.5,88.5,90,90.5,89.5",18.5,76.59,92.79,GMCC SZ80Е1H,34,1
551,551100584849693480551,"74.5,75.5,78,79.5,82.5,84,83,84,84.5",18.6,76.77,92.97,GMCC SZ80Е1H,34,1
551,551100584849645250551,"70,69.5,69,69.5,70,71.5,73.5,74",14.3,68.97,85.14,GMCC SZ80Е1H,34,1
551,551100584849794600551,"74,77.5,79,81.5,82,84,85,85.5",21.5,82.04,98.25,GMCC SZ80Е1H,34,1
551,551100584849645260551,"72,72.5,69.5,71,73,75,74,75,76",14.2,68.79,84.96,GMCC SZ80Е1H,34,1
551,551100584849645420551,"78.5,73,72.5,73.5,74.5,76.5,77.5",14.3,68.97,85.14,GMCC SZ80Е1H,34,1
551,551100584849646740551,"71,70,69,70,71.5,72,74,73.5",14.1,68.61,84.78,GMCC SZ80Е1H,34,1
551,551100584849784880551,"73,74,73.5,74.5,75.5,77.5,78.5,78",16.9,73.69,89.88,GMCC SZ80Е1H,34,1
551,551100584849645440551,"74,72,71.5,72.5,73.5,74,75,76.5",14.3,68.97,85.14,GMCC SZ80Е1H,34,1
551,551100584849645450551,"70.5,70,68.5,70,72,73.5,75.5,75",14.3,68.97,85.14,GMCC SZ80Е1H,34,1
551,551100584849797830551,"78.5,77.5,78,80,79.5,83,82.5",19.4,78.23,94.43,GMCC SZ80Е1H,34,1
551,551100584849647420551,"81.5,83,86.5,87.5,88.5,90.5,91",20.2,79.68,95.88,GMCC SZ80Е1H,34,1
551,551100584849817910551,"82,83,83.5,85.5,86.5,89.5,90.5,91,93",24.0,86.58,102.8,GMCC SZ80Е1H,34,1
551,551100584849645500551,"73.5,69.5,70,72,72.5,74.5,73.5",14.2,68.79,84.96,GMCC SZ80Е1H,34,1
551,551100584849645510551,"69.5,69,70.5,74,75,77.5,77",14.2,68.79,84.96,GMCC SZ80Е1H,34,1
551,551100584849645520551,"71.5,71,72,72.5,74,74.5,77,76,75.5",14.1,68.61,84.78,GMCC SZ80Е1H,34,1
551,551100584849796310551,"76.5,77,78.5,81.5,82.5,84.5,85.5,87.5",20.7,80.59,96.79,GMCC SZ80Е1H,34,1
551,551100584849700900551,"69.5,72.5,69,71,73,75,76,75.5,77,77.5",17.7,75.14,91.33,GMCC SZ80Е1H,34,1
551,551100149549531070551,"81,81.5,82.5,85.5,87,87.5,88",18.4,76.41,92.61,GMCC SZ80Е1H,34,1
551,551100584849645550551,"73,71.5,71,73.5,73,74.5,75,74.5",14.3,68.97,85.14,GMCC SZ80Е1H,34,1
551,551100149549526130551,"78,83.5,86.5,88.5,90.5,92.5,96.5,94.5",20.0,79.32,95.52,GMCC SZ80Е1H,34,1
551,551100584849645650551,"73.5,69.5,68,72,73.5,74,74.5",14.1,68.61,84.78,GMCC SZ80Е1H,34,1
551,551100584849645660551,"73,72.5,73,74.5,75,76,76.5,77.5",14.0,68.43,84.6,GMCC SZ80Е1H,34,1
551,551100584849645670551,"71,69.5,70,71,72.5,74,73",14.1,68.61,84.78,GMCC SZ80Е1H,34,1
551,551100149549530050551,"76.5,77.5,78,78.5,79,79.5,80",16.2,72.42,88.6,GMCC SZ80Е1H,34,1
551,551100584849645710551,"71,72.5,71.5,72.5,74.5,77.5,75.5,76.5",14.0,68.43,84.6,GMCC SZ80Е1H,34,1
551,551100584849695950551,"68,72,72.5,75.5,77.5,79,80.5,83.5",19.7,78.77,94.97,GMCC SZ80Е1H,34,1
551,551100149549531470551,"80.5,79.5,81,82,84.5,86.5,87.5,89",18.7,76.96,93.15,GMCC SZ80Е1H,34,1
551,551100149549532780551,"80,80.5,81,84,86,87,89,89.5",18.2,76.05,92.24,GMCC SZ80Е1H,34,1
551,551100584849640260551,"73,73.5,73,74,76,77,77.5",15.3,70.78,86.96,GMCC SZ80Е1H,34,1
551,551100584849645720551,"70,70.5,68,69.5,70,72.5,73,73.5",14.0,68.43,84.6,GMCC SZ80Е1H,34,1
551,551100584849645740551,"75,75.5,76,75.5,78.5,79,79.5",13.9,68.24,84.41,GMCC SZ80Е1H,34,1
551,551100584849701370551,"73,75.5,77.5,79,81,81.5,82",17.0,73.87,90.06,GMCC SZ80Е1H,34,1
551,551100149549531110551,"80.5,83,81.5,82,84,84.5,86.5,87",18.0,75.69,91.88,GMCC SZ80Е1H,34,1
551,551100584849695500551,"82,72,76,76.5,78.5,80,79.5,82,82.5,83",18.3,76.23,92.42,GMCC SZ80Е1H,34,1
551,551100584849645230551,"71,67,71,70,72.5,74,75,74.5",14.3,68.97,85.14,GMCC SZ80Е1H,34,1
551,551100584849645810551,"71,69.5,71,70,70.5,71.5,72,72.5,74,74.5",13.8,68.06,84.23,GMCC SZ80Е1H,34,1
551,551100584849645820551,"72.5,73,74.5,75.5,76,76.5,78",13.8,68.06,84.23,GMCC SZ80Е1H,34,1
551,551100584849645870551,"75,72.5,72,73.5,74.5,76,76.5",14.1,68.61,84.78,GMCC SZ80Е1H,34,1
551,551100149549527400551,"84,86.5,87.5,89,91,92.5,92",18.9,77.32,93.52,GMCC SZ80Е1H,34,1
551,551100149549529860551,"78.5,77.5,78.5,80,81.5,83,82.5",15.9,71.87,88.06,GMCC SZ80Е1H,34,1
551,551100584849645880551,"69.5,71,69.5,71.5,72.5,73,75.5",14.1,68.61,84.78,GMCC SZ80Е1H,34,1
551,551100584849645940551,"68.5,71,71.5,70.5,72,73,74,75",14.0,68.43,84.6,GMCC SZ80Е1H,34,1
551,551100149549417990551,"79.5,81.5,82.5,85.5,86,87.5,88.5,89.5",17.7,75.14,91.33,GMCC SZ80Е1H,34,1
551,551100584849645950551,"73,71.5,73.5,75,75.5,77",13.9,68.24,84.41,GMCC SZ80Е1H,34,1
551,551100584849784110551,"69.5,74,70,73,74.5,75,76,77",18.2,76.05,92.24,GMCC SZ80Е1H,34,1
551,551100584849644180551,"70,71.5,73.5,74,75,77,77.5,80.5",15.2,70.6,86.78,GMCC SZ80Е1H,34,1
551,551100584849645990551,"68.5,67.5,66,66.5,67.5,70.5,70,71.5,72.5,73.5",13.4,67.34,83.5,GMCC SZ80Е1H,34,1
551,551100584849646030551,"70.5,63,66,65.5,66.5,67,68,69",13.6,67.7,83.87,GMCC SZ80Е1H,34,1
551,551100149549523890551,"82,80,82.5,83,83.5,84.5,86.5,85.5",20.1,79.5,95.7,GMCC SZ80Е1H,34,1
551,551100149549418500551,"83,81.5,82,84.5,87,88.5,90,88",17.6,74.96,91.15,GMCC SZ80Е1H,34,1
551,551100584849649120551,"76.5,78,79,81,82.5,86,87,87.5",21.6,82.22,98.43,GMCC SZ80Е1H,34,1
551,551100584849700570551,"74.5,72.5,75,77.5,79,81.5,81",17.8,75.32,91.51,GMCC SZ80Е1H,34,1
551,551100584849696350551,"71.5,76,75.5,77,78.5,79.5,80.5,82.5,83.5,84.5,85.5",19.5,78.41,94.61,GMCC SZ80Е1H,34,1
551,551100584849646050551,"67,69,67,68.5,69.5,70.5,73,73.5",13.5,67.52,83.69,GMCC SZ80Е1H,34,1
551,551100584849797350551,"79,78.5,80,82,85,86.5,87,86.5,87",19.8,78.95,95.15,GMCC SZ80Е1H,34,1
551,551100584849641080551,"74,72,73.5,74.5,77,76",15.4,70.97,87.14,GMCC SZ80Е1H,34,1
551,551100584849642230551,"73,71,70,70.5,72,73.5,74,74.5,75,76.5",15.2,70.6,86.78,GMCC SZ80Е1H,34,1
551,551100584849646080551,"71.5,69,65.5,66.5,67.5,68.5,71,72.5",13.4,67.34,83.5,GMCC SZ80Е1H,34,1
551,551100584849646090551,"67.5,69,70,70.5,72.5,73.5,74.5,76.5",13.4,67.34,83.5,GMCC SZ80Е1H,34,1
551,551100584849819540551,"80,81,82,83.5,86,87,88,90.5,91.5,92.5",22.5,83.85,100.07,GMCC SZ80Е1H,34,1
551,551100584849797540551,"75.5,78.5,75.5,78.5,79.5,80.5,81.5,81,83,83.5",19.8,78.95,95.15,GMCC SZ80Е1H,34,1
551,551100584849646110551,"69.5,69,67,67.5,68,69.5,70,71,70.5",13.3,67.15,83.32,GMCC SZ80Е1H,34,1
551,551100584849701390551,"75,74.5,75.5,77.5,79.5,81,82.5,82",17.1,74.05,90.24,GMCC SZ80Е1H,34,1
551,551100149549524420551,"83.5,84.5,86.5,88,90,90.5,93.5,91",20.1,79.5,95.7,GMCC SZ80Е1H,34,1
551,551100584849649290551,"81.5,82,83,84.5,85.5,88.5,90,89",21.5,82.04,98.25,GMCC SZ80Е1H,34,1
551,551100584849642150551,"77.5,73.5,73,74,75.5,76,78.5,77",15.9,71.87,88.06,GMCC SZ80Е1H,34,1
551,551100584849646120551,"66.5,69,69.5,70,71,72.5,73.5,75",13.3,67.15,83.32,GMCC SZ80Е1H,34,1
551,551100584849795180551,"79,80,79.5,81,83,83.5,85.5,86.5,88.5",21.4,81.86,98.07,GMCC SZ80Е1H,34,1
551,551100584849649100551,"78.5,77.5,79,82,84.5,87.5,88.5,90.5,92.5",21.6,82.22,98.43,GMCC SZ80Е1H,34,1
551,551100584849700730551,"74.5,78,77.5,79.5,80,81,81.5",17.9,75.5,91.7,GMCC SZ80Е1H,34,1
551,551100584849693530551,"79.5,77.5,78.5,80.5,81.5,83.5,83",18.8,77.14,93.33,GMCC SZ80Е1H,34,1
551,551100584849646180551,"68.5,68,69.5,69,70,71.5,70.5",13.7,67.88,84.05,GMCC SZ80Е1H,34,1
551,551100584849699440551,"73.5,75,78.5,80.5,82.5,84.5,85",19.5,78.41,94.61,GMCC SZ80Е1H,34,1
551,551100149549528510551,"81.5,82,81,84,85,86.5,88,88.5",17.1,74.05,90.24,GMCC SZ80Е1H,34,1
551,551100584849646210551,"69,68,68.5,70,71.5,74,73",13.1,66.79,82.96,GMCC SZ80Е1H,34,1
551,551100584849796320551,"79.5,76,78,80.5,81,83.5,85.5,86.5,87",20.7,80.59,96.79,GMCC SZ80Е1H,34,1
551,551100149549418980551,"78.5,79,82,84.5,86.5,88.5,88",17.3,74.42,90.6,GMCC SZ80Е1H,34,1
551,551100584849646220551,"71,69.5,67.5,69,70,70.5,72.5,71",13.5,67.52,83.69,GMCC SZ80Е1H,34,1
551,551100149549532670551,"80,81.5,81,84,86,88",18.4,76.41,92.61,GMCC SZ80Е1H,34,1
551,551100584849647910551,"78,80,81,83,86,86.5,86",20.3,79.86,96.06,GMCC SZ80Е1H,34,1
551,551100584849646230551,"67,68,68.5,68,68.5,70.5,71",13.4,67.34,83.5,GMCC SZ80Е1H,34,1
551,551100584849646250551,"70,69,66.5,67,68.5,69,72,71",13.1,66.79,82.96,GMCC SZ80Е1H,34,1
551,551100584849646290551,"69,68,66.5,66,68.5,69.5,70,71.5,72.5,73",12.9,66.43,82.59,GMCC SZ80Е1H,34,1
551,551100149549518860551,"77.5,76.5,77,81,83,85.5,86,87.5,88.5",21.0,81.13,97.34,GMCC SZ80Е1H,34,1
551,551100584849646300551,"69,68,68.5,70.5,72.5,71.5",13.1,66.79,82.96,GMCC SZ80Е1H,34,1
551,551100584849797900551,"76.5,78,77.5,79.5,80.5,82,84,83",19.3,78.05,94.24,GMCC SZ80Е1H,34,1
551,551100584849646360551,"73,64.5,68.5,69,69.5,70.5,71.5,72,72.5,73",13.4,67.34,83.5,GMCC SZ80Е1H,34,1
551,551100584849797380551,"73.5,77,76.5,78,79,82,83,83.5",19.8,78.95,95.15,GMCC SZ80Е1H,34,1
551,551100584849646370551,"70,70.5,70,71,71.5,72.5,75.5",13.4,67.34,83.5,GMCC SZ80Е1H,34,1
551,551100584849649630551,"80,81,81.5,82,83.5,86,87,87.5",21.1,81.31,97.52,GMCC SZ80Е1H,34,1
551,551100584849646410551,"67,68,65,67,68,69,71.5,71",13.0,66.61,82.78,GMCC SZ80Е1H,34,1
551,551100584849700040551,"74.5,76.5,78,82,83.5,84,86.5,86",19.9,79.13,95.34,GMCC SZ80Е1H,34,1
551,551100584849646440551,"68.5,69.5,68,69.5,71,71.5,74,72.5",13.1,66.79,82.96,GMCC SZ80Е1H,34,1
551,551100584849646500551,"73,71,71.5,73,74,76.5,75",12.7,66.07,82.23,GMCC SZ80Е1H,34,1
551,551100584849795080551,"74,78,80,81,82.5,84,85.5,88,86",21.4,81.86,98.07,GMCC SZ80Е1H,34,1
551,551100584849646520551,"74,72,71.5,72.5,73,74,75.5,75",12.7,66.07,82.23,GMCC SZ80Е1H,34,1
551,551100584849696370551,"78,75.5,76.5,79,81,82,83.5,84,84.5",19.6,78.59,94.79,GMCC SZ80Е1H,34,1
551,551100149549522150551,"81,80,82.5,84,85.5,88.5,89.5,89",18.1,75.87,92.06,GMCC SZ80Е1H,34,1
551,551100149549529820551,"76.5,76,77,78.5,79,82,79.5",16.1,72.24,88.42,GMCC SZ80Е1H,34,1
551,551100584849646530551,"70,71,72,73.5,74.5,76,75.5",12.5,65.7,81.87,GMCC SZ80Е1H,34,1
551,551100584849695700551,"76,74.5,74,76,77.5,78.5,80.5,83",18.3,76.23,92.42,GMCC SZ80Е1H,34,1
551,551100584849646540551,"71,70,68,70,70.5,72,73,71.5",12.5,65.7,81.87,GMCC SZ80Е1H,34,1
551,551100149549529770551,"78.5,79.5,81.5,83,83.5,84.5,84",16.0,72.06,88.24,GMCC SZ80Е1H,34,1
551,551100584849647740551,"79.5,78.5,81,85,84,86.5,89,90.5",20.4,80.04,96.25,GMCC SZ80Е1H,34,1
551,551100584849646620551,"70,69.5,71,73.5,72.5",12.8,66.25,82.41,GMCC SZ80Е1H,34,1
551,551100149549520510551,"77.5,71.5,74,73.5,76,77,79,82,84.5,86",19.4,78.23,94.43,GMCC SZ80Е1H,34,1
551,551100584849642420551,"71,68,66.5,68,68.5,69.5,70,70.5,71.5,72.5,73.5",16.2,72.42,88.6,GMCC SZ80Е1H,34,1
551,551100584849646630551,"73.5,72,73,73.5,74.5,76,75",12.5,65.7,81.87,GMCC SZ80Е1H,34,1
551,551100584849640810551,"72,70.5,71,70,73,73.5,73,74.5",14.7,69.7,85.87,GMCC SZ80Е1H,34,1
551,551100584849646670551,"71.5,73.5,71,72.5,74,76,77.5,76.5",13.3,67.15,83.32,GMCC SZ80Е1H,34,1
551,551100584849646750551,"72.5,72,72.5,73,72,72.5,74,73.5",14.1,68.61,84.78,GMCC SZ80Е1H,34,1
551,551100584849646800551,"70.5,70,67.5,71,72,72.5,74,72,73",13.5,67.52,83.69,GMCC SZ80Е1H,34,1
551,551100584849693920551,"73.5,75,77,78,80,81.5,80.5,82",18.6,76.77,92.97,GMCC SZ80Е1H,34,1
551,551100584849647240551,"82.5,85.5,89,90.5,91.5,93,92,91.5,90",20.4,80.04,96.25,GMCC SZ80Е1H,34,1
551,551100584849642590551,"75,73,74,77,79,80,80.5,81",16.2,72.42,88.6,GMCC SZ80Е1H,34,1
551,551100584849646810551,"71.5,70.5,69,69.5,70,71.5,73.5,74.5,75.5",13.7,67.88,84.05,GMCC SZ80Е1H,34,1
551,551100584849693550551,"73,76,74.5,75.5,77.5,80,80.5,83.5,84",18.5,76.59,92.79,GMCC SZ80Е1H,34,1
551,551100149549419570551,"79.5,80,79.5,81.5,85,85.5,84.5",16.8,73.51,89.69,GMCC SZ80Е1H,34,1
551,551100584849646950551,"74.5,76,77.5,80,82.5,86.5,84.5",20.5,80.22,96.43,GMCC SZ80Е1H,34,1
551,551100584849702230551,"76.5,73.5,71.5,72.5,75,76.5,78,77",16.7,73.33,89.51,GMCC SZ80Е1H,34,1
551,551100149549521850551,"74.5,75,73.5,74,76,77,78.5,79",18.5,76.59,92.79,GMCC SZ80Е1H,34,1
551,551100584849646970551,"75,76.5,75.5,77,80,82,85,84",20.5,80.22,96.43,GMCC SZ80Е1H,34,1
551,551100584849646980551,"78.5,76.5,78.5,82.5,86,87,88.5",20.5,80.22,96.43,GMCC SZ80Е1H,34,1
551,551100584849796260551,"76,75.5,79,81,83.5,84.5,86,88",20.7,80.59,96.79,GMCC SZ80Е1H,34,1
551,551100149549521190551,"77,77.5,79.5,80.5,82,83,84",18.8,77.14,93.33,GMCC SZ80Е1H,34,1
551,551100584849644010551,"68,69.5,71,72,75,74.5,75,76.5",15.5,71.15,87.33,GMCC SZ80Е1H,34,1
551,551100584849647030551,"75.5,75,76,78.5,82.5,84,87,86",20.4,80.04,96.25,GMCC SZ80Е1H,34,1
551,551100584849642750551,"73,72,70.5,73.5,76,78.5,79,80.5",15.8,71.69,87.87,GMCC SZ80Е1H,34,1
551,551100584849647060551,"73,74.5,74,75,77,78.5,80,80.5,82.5,84.5",20.4,80.04,96.25,GMCC SZ80Е1H,34,1
551,551100584849647070551,"76,79.5,78.5,81,82.5,83.5,87,87.5,89,90.5",20.4,80.04,96.25,GMCC SZ80Е1H,34,1
551,551100584849647090551,"80,81,82,84.5,86.5,90,92,94",20.4,80.04,96.25,GMCC SZ80Е1H,34,1
551,551100584849699350551,"79,78,78.5,79.5,82,83,85,84.5",19.7,78.77,94.97,GMCC SZ80Е1H,34,1
551,551100584849647110551,"77,79,80,81,84,86,87.5,89,90.5",20.4,80.04,96.25,GMCC SZ80Е1H,34,1
551,551100584849799190551,"75,78.5,79,81,82.5,83.5,85,84.5,86,87.5",20.0,79.32,95.52,GMCC SZ80Е1H,34,1
551,551100584849647170551,"77.5,78,79.5,82.5,85,85.5,87,89,91.5",20.5,80.22,96.43,GMCC SZ80Е1H,34,1
551,551100584849786370551,"74,73.5,73,75.5,76.5,77.5,76.5,77",15.9,71.87,88.06,GMCC SZ80Е1H,34,1
551,551100584849647180551,"79.5,78.5,80.5,82,83.5,84.5,85.5,87,88,89",20.5,80.22,96.43,GMCC SZ80Е1H,34,1
551,551100584849647190551,"80.5,79.5,85,88.5,91.5,92,94",20.5,80.22,96.43,GMCC SZ80Е1H,34,1
551,551100584849647220551,"80,78,80.5,81.5,83,85.5,87.5,88",20.4,80.04,96.25,GMCC SZ80Е1H,34,1
551,551100149549525140551,"85.5,86.5,89,90,91.5,93.5,95.5,94.5",20.7,80.59,96.79,GMCC SZ80Е1H,34,1
551,551100584849647310551,"79,78,79.5,81.5,85.5,87.5,88.5,90,91,91.5,93.5",20.4,80.04,96.25,GMCC SZ80Е1H,34,1
551,551100584849783450551,"73,74.5,75.5,78,80,80.5,81.5,84,83.5",18.5,76.59,92.79,GMCC SZ80Е1H,34,1
551,551100584849783080551,"78.5,79,78.5,79.5,81.5,82.5,84.5,83.5",19.8,78.95,95.15,GMCC SZ80Е1H,34,1
551,551100584849694590551,"74.5,76,77.5,79.5,81.5,83,82.5,83",18.4,76.41,92.61,GMCC SZ80Е1H,34,1
551,551100584849647320551,"72,79,83,85.5,87,88.5,90.5",20.3,79.86,96.06,GMCC SZ80Е1H,34,1
551,551100584849647330551,"80,81,82,86,87.5,89.5,90.5",20.5,80.22,96.43,GMCC SZ80Е1H,34,1
551,551100584849694320551,"77,78.5,79,81,83.5,85.5,85,86",18.5,76.59,92.79,GMCC SZ80Е1H,34,1
551,551100584849647340551,"79.5,82,83,84.5,86.5,87,89,90,91",20.4,80.04,96.25,GMCC SZ80Е1H,34,1
551,551100149549418880551,"79.5,81,82,83,84.5,86.5,85.5",17.4,74.6,90.79,GMCC SZ80Е1H,34,1
551,551100149549533160551,"77.5,79.5,80,83.5,81.5,85.5,86,85",17.8,75.32,91.51,GMCC SZ80Е1H,34,1
551,551100584849647370551,"77.5,76,77.5,81,82.5,84.5,86,87.5,86.5",20.4,80.04,96.25,GMCC SZ80Е1H,34,1
551,551100149549520460551,"78.5,75,78,80,82.5,84.5,84",19.6,78.59,94.79,GMCC SZ80Е1H,34,1
551,551100584849647380551,"79,80.5,83.5,84.5,86,88",20.5,80.22,96.43,GMCC SZ80Е1H,34,1
551,551100584849696550551,"75.5,75,77,78.5,81,83,83.5,84.5",19.6,78.59,94.79,GMCC SZ80Е1H,34,1
551,551100584849647390551,"78,77,77.5,80.5,82.5,84.5,86.5,85",20.4,80.04,96.25,GMCC SZ80Е1H,34,1
551,551100149549419450551,"79.5,80.5,81.5,82,83.5,84,85.5,83.5",17.0,73.87,90.06,GMCC SZ80Е1H,34,1
551,551100584849647400551,"76.5,78.5,80.5,82.5,84,86.5,87.5,88,88.5,89.5",20.5,80.22,96.43,GMCC SZ80Е1H,34,1
551,551100149549520870551,"73,75,76,77,79.5,81.5,83.5,84.5,85.5",18.9,77.32,93.52,GMCC SZ80Е1H,34,1
551,551100584849647410551,"77,78,79,80.5,84,85.5,86.5,88,89.5",20.3,79.86,96.06,GMCC SZ80Е1H,34,1
551,551100584849647430551,"74,79,80,82.5,85,87,87.5,89,88.5",20.3,79.86,96.06,GMCC SZ80Е1H,34,1
551,551100584849643930551,"72.5,71.5,71,71.5,75,76.5,77.5",15.6,71.33,87.51,GMCC SZ80Е1H,34,1
551,551100584849647440551,"81.5,77.5,78,79.5,81.5,81.5",20.3,79.86,96.06,GMCC SZ80Е1H,34,1
551,551100584849783620551,"74,75,72.5,75.5,76,77,79.5,81,83.5,85",19.6,78.59,94.79,GMCC SZ80Е1H,34,1
551,551100584849647460551,"80,79.5,82,85,87,88.5,89",20.3,79.86,96.06,GMCC SZ80Е1H,34,1
551,551100584849647480551,"80.5,80,84.5,86.5,88.5,90.5,89",20.3,79.86,96.06,GMCC SZ80Е1H,34,1
551,551100584849697400551,"77,73.5,74,76.5,77.5,79.5,81.5,83",18.4,76.41,92.61,GMCC SZ80Е1H,34,1
551,551100584849647490551,"76,74.5,76,78.5,81.5,83,83.5",20.4,80.04,96.25,GMCC SZ80Е1H,34,1
551,551100584849698250551,"72.5,75,75.5,76.5,78,80,81,80.5",17.4,74.6,90.79,GMCC SZ80Е1H,34,1
551,551100149549528840551,"79,77.5,81.5,83.5,84,86.5,87,88",17.5,74.78,90.97,GMCC SZ80Е1H,34,1
551,551100584849647500551,"80.5,81,84,85,88.5,91,91.5,92",20.3,79.86,96.06,GMCC SZ80Е1H,34,1
551,551100584849640660551,"75.5,70.5,70,71,72,73,74,74.5",14.7,69.7,85.87,GMCC SZ80Е1H,34,1
551,551100584849647510551,"75.5,78.5,81,83.5,85,86,89,89.5",20.2,79.68,95.88,GMCC SZ80Е1H,34,1
551,551100584849692950551,"71,72.5,70,77,79,79.5,81,82.5,83.5,84.5",18.6,76.77,92.97,GMCC SZ80Е1H,34,1
551,551100584849647620551,"81,80.5,83,84.5,87.5,89,90.5,90",20.4,80.04,96.25,GMCC SZ80Е1H,34,1
551,551100584849647630551,"78,78.5,77.5,79.5,81.5,82,83.5,83",20.3,79.86,96.06,GMCC SZ80Е1H,34,1
551,551100584849648190551,"73.5,76,77.5,79,81.5,83,83.5",20.3,79.86,96.06,GMCC SZ80Е1H,34,1
551,551100584849796470551,"80.5,79,80.5,82,82.5,84,85.5,86.5,87,88.5,89,90",20.7,80.59,96.79,GMCC SZ80Е1H,34,1
551,551100149549520570551,"71.5,77,78,82,83,85,86",19.5,78.41,94.61,GMCC SZ80Е1H,34,1
551,551100584849647640551,"85.5,86.5,87,89,90.5,93,91.5",20.3,79.86,96.06,GMCC SZ80Е1H,34,1
551,551100584849647670551,"78,77,77.5,79.5,82.5,84,86,85.5",20.4,80.04,96.25,GMCC SZ80Е1H,34,1
551,551100149549530650551,"82,83.5,85,86.5,88.5,90.5,89.5",18.7,76.96,93.15,GMCC SZ80Е1H,34,1
551,551100584849647680551,"79.5,77.5,79.5,81.5,83,85.5,86",20.4,80.04,96.25,GMCC SZ80Е1H,34,1
551,551100584849647690551,"80,81.5,84,86,88,90,91",20.4,80.04,96.25,GMCC SZ80Е1H,34,1
551,551100584849647720551,"78.5,79.5,81.5,83.5,84.5,86.5,88.5,91",20.4,80.04,96.25,GMCC SZ80Е1H,34,1
551,551100149549526680551,"82.5,84,85,87,87.5,92.5,91.5,92.5,92",19.7,78.77,94.97,GMCC SZ80Е1H,34,1
551,551100584849647780551,"80,81,83,85.5,87,90,92",20.4,80.04,96.25,GMCC SZ80Е1H,34,1
551,551100584849647790551,"84.5,83.5,84,85.5,87,89.5,89",20.4,80.04,96.25,GMCC SZ80Е1H,34,1
551,551100584849697750551,"74.5,76.5,76,80.5,82,83,84,85.5",17.9,75.5,91.7,GMCC SZ80Е1H,34,1
551,551100584849647800551,"79.5,81,82.5,85.5,86,88.5,89",20.4,80.04,96.25,GMCC SZ80Е1H,34,1
551,551100584849649490551,"79.5,78,80.5,82.5,84,86,88.5,87,87.5",21.3,81.68,97.88,GMCC SZ80Е1H,34,1
551,551100584849647820551,"81.5,80,82.5,85,87,88.5,89,90,91,91.5",20.3,79.86,96.06,GMCC SZ80Е1H,34,1
551,551100584849819280551,"83,82.5,85,85.5,89.5,91,92,95",24.3,87.12,103.35,GMCC SZ80Е1H,34,1
551,551100149549527930551,"81.5,82,84,85,87,89,87.5,88",17.9,75.5,91.7,GMCC SZ80Е1H,34,1
551,551100584849647830551,"77.5,78.5,80,81,83,85.5,88,86",20.4,80.04,96.25,GMCC SZ80Е1H,34,1
551,551100584849647890551,"82,79,81,82.5,84.5,86.5,88,87.5",20.3,79.86,96.06,GMCC SZ80Е1H,34,1
551,551100584849647900551,"81.5,80,80.5,83.5,85,87,86.5",20.3,79.86,96.06,GMCC SZ80Е1H,34,1
551,551100584849647930551,"82.5,80,81,81.5,84,85,87,88",20.4,80.04,96.25,GMCC SZ80Е1H,34,1
551,551100584849697390551,"71,73.5,70,72,77,78.5,80.5,81,82,82.5,84",19.2,77.86,94.06,GMCC SZ80Е1H,34,1
551,551100584849647950551,"76.5,75.5,76.5,77.5,80,82,83.5,82.5",20.3,79.86,96.06,GMCC SZ80Е1H,34,1
551,551100149549529550551,"81,80.5,81.5,83.5,84.5,86,85.5",16.4,72.78,88.97,GMCC SZ80Е1H,34,1
551,551100584849647970551,"76,78,78.5,80.5,82,83.5,86.5,85.5,86",20.2,79.68,95.88,GMCC SZ80Е1H,34,1
551,551100149549526120551,"79,81.5,85,86.5,88,90,93.5,93",20.3,79.86,96.06,GMCC SZ80Е1H,34,1
551,551100584849647990551,"78.5,79.5,81.5,83,83.5,84.5,88",20.3,79.86,96.06,GMCC SZ80Е1H,34,1
551,551100584849796620551,"79.5,79,78.5,80.5,82,83.5,84.5,86,85.5,87",20.7,80.59,96.79,GMCC SZ80Е1H,34,1
551,551100584849795790551,"79,81,85,86.5,89,90,90.5,90",21.3,81.68,97.88,GMCC SZ80Е1H,34,1
551,551100584849648000551,"73,77,79.5,82,84,85,85.5,86,87.5,88,89",20.3,79.86,96.06,GMCC SZ80Е1H,34,1
551,551100584849648040551,"77.5,78,79.5,81,83,84,85",20.4,80.04,96.25,GMCC SZ80Е1H,34,1
551,551100584849648070551,"77,80.5,81,82,84,86.5,88,89,90.5",20.3,79.86,96.06,GMCC SZ80Е1H,34,1
551,551100584849819360551,"79,78.5,79.5,84,85,86,88,88.5",22.6,84.04,100.25,GMCC SZ80Е1H,34,1
551,551100584849702060551,"75.5,74.5,74,74.5,77,78.5,79.5,80.5",16.7,73.33,89.51,GMCC SZ80Е1H,34,1
551,551100584849648080551,"75.5,79,80,81,83,83.5,86,90,88.5",20.3,79.86,96.06,GMCC SZ80Е1H,34,1
551,551100584849798950551,"77,80.5,81.5,84,84.5,87,86",20.0,79.32,95.52,GMCC SZ80Е1H,34,1
551,551100584849698600551,"76.5,77,80,81.5,82.5,84,85.5,86,86.5,88",20.4,80.04,96.25,GMCC SZ80Е1H,34,1
551,551100149549532040551,"82.5,83,84,85.5,86,87.5,89,88",18.0,75.69,91.88,GMCC SZ80Е1H,34,1
551,551100584849648140551,"80,83.5,84,86.5,88,89.5,91,90.5,89.5",20.4,80.04,96.25,GMCC SZ80Е1H,34,1
551,551100584849799400551,"75.5,78,78.5,80,82,81.5,84.5,85",19.9,79.13,95.34,GMCC SZ80Е1H,34,1
551,551100584849648210551,"81,80.5,82,83,84.5,85.5,87.5,88.5,89",20.3,79.86,96.06,GMCC SZ80Е1H,34,1
551,551100149549519350551,"75.5,79,79.5,81.5,84,86.5,86",20.6,80.41,96.61,GMCC SZ80Е1H,34,1
551,551100584849648220551,"78.5,79.5,78,80.5,83,85,86.5,88",20.3,79.86,96.06,GMCC SZ80Е1H,34,1
551,551100584849648270551,"72,77.5,79,78.5,79,81,81.5,82.5,83.5,85.5",20.3,79.86,96.06,GMCC SZ80Е1H,34,1
551,551100584849648300551,"74,79.5,76.5,77.5,79,81,83.5,83",20.3,79.86,96.06,GMCC SZ80Е1H,34,1
551,551100584849648400551,"79,79.5,80,83,84.5,88.5,91.5,91",21.9,82.76,98.98,GMCC SZ80Е1H,34,1
551,551100584849817760551,"79,80,81,83,85.5,87,88.5,90.5,92",24.2,86.94,103.16,GMCC SZ80Е1H,34,1
551,551100584849701950551,"75.5,76.5,74.5,76,78,79,80.5,80",16.7,73.33,89.51,GMCC SZ80Е1H,34,1
551,551100149549520300551,"76,75.5,75,76.5,79.5,81,83,83.5",19.7,78.77,94.97,GMCC SZ80Е1H,34,1
551,551100584849648440551,"74.5,78,78.5,80.5,83.5,86,89.5,90.5",21.9,82.76,98.98,GMCC SZ80Е1H,34,1
551,551100584849648500551,"75.5,77,77.5,80,83.5,86.5,89.5,90.5",21.9,82.76,98.98,GMCC SZ80Е1H,34,1
551,551100149549418610551,"80,82.5,83,85.5,87.5,89,90,90.5",17.4,74.6,90.79,GMCC SZ80Е1H,34,1
551,551100584849648550551,"79,78.5,80,84.5,86.5,89,91.5,93",21.9,82.76,98.98,GMCC SZ80Е1H,34,1
551,551100584849647260551,"80,77.5,79.5,82,87,89,93,91.5",20.4,80.04,96.25,GMCC SZ80Е1H,34,1
551,551100584849648560551,"83.5,80,81,86,89,92.5,95,94",21.9,82.76,98.98,GMCC SZ80Е1H,34,1
551,551100584849648570551,"79.5,80,81.5,83.5,86,89,91.5,93",21.9,82.76,98.98,GMCC SZ80Е1H,34,1
551,551100584849696770551,"80,77,76,79,80.5,82.5,84,85",19.4,78.23,94.43,GMCC SZ80Е1H,34,1
551,551100584849648580551,"82.5,80.5,81,84.5,88,91.5,94,95",21.8,82.58,98.8,GMCC SZ80Е1H,34,1
551,551100584849648590551,"81,79.5,80.5,83,87,90.5,92.5,93",21.9,82.76,98.98,GMCC SZ80Е1H,34,1
551,551100584849648620551,"77,78.5,81,84,86.5,89.5,90.5",21.8,82.58,98.8,GMCC SZ80Е1H,34,1
551,551100584849648710551,"81,79.5,81,82.5,84.5,86.5,88.5,87.5",21.9,82.76,98.98,GMCC SZ80Е1H,34,1
551,551100584849648730551,"79,77.5,78.5,80.5,81.5,84,86.5,87.5,89",21.8,82.58,98.8,GMCC SZ80Е1H,34,1
551,551100584849648740551,"77,80,81.5,83.5,87,89.5,91.5,90",21.8,82.58,98.8,GMCC SZ80Е1H,34,1
551,551100584849782140551,"71.5,77,78.5,80,81,83.5,83",19.9,79.13,95.34,GMCC SZ80Е1H,34,1
551,551100149549531460551,"75,81.5,81,82,85,87,88,88.5",18.9,77.32,93.52,GMCC SZ80Е1H,34,1
551,551100584849648750551,"79.5,80.5,85.5,88,90,90.5",21.8,82.58,98.8,GMCC SZ80Е1H,34,1
551,551100149549524290551,"81.5,82,82.5,85,87.5,90.5,91,91.5",20.2,79.68,95.88,GMCC SZ80Е1H,34,1
551,551100584849641390551,"72,67,69,71.5,73.5,75,76",15.4,70.97,87.14,GMCC SZ80Е1H,34,1
551,551100584849648790551,"79,78,77,79.5,82,84.5,87,86.5",21.7,82.4,98.61,GMCC SZ80Е1H,34,1
551,551100149549521710551,"74.5,77,76.5,78.5,79.5,81,81.5",18.3,76.23,92.42,GMCC SZ80Е1H,34,1
551,551100584849648800551,"80,79.5,80,82.5,84.5,87,89.5,89",21.7,82.4,98.61,GMCC SZ80Е1H,34,1
551,551100584849820200551,"79,79.5,81,82.5,84.5,86.5,89.5,91",21.7,82.4,98.61,GMCC SZ80Е1H,34,1
551,551100584849695460551,"79.5,75,77.5,79,80,82.5,83.5,82",18.3,76.23,92.42,GMCC SZ80Е1H,34,1
551,551100584849648820551,"78,78.5,80,84,85.5,88.5,89,90.5",21.7,82.4,98.61,GMCC SZ80Е1H,34,1
551,551100149549419270551,"81.5,82,83,83.5,86,86.5",17.2,74.23,90.42,GMCC SZ80Е1H,34,1
551,551100149549519500551,"80,77.5,78,81,84,87,89,89.5",20.3,79.86,96.06,GMCC SZ80Е1H,34,1
551,551100584849648840551,"82,80,81.5,83,86,87,86.5,88",21.7,82.4,98.61,GMCC SZ80Е1H,34,1
551,551100584849648870551,"81,78.5,80,83.5,86,88,90,88.5,90",21.7,82.4,98.61,GMCC SZ80Е1H,34,1
551,551100584849648890551,"82,79.5,80,82.5,86.5,88.5,92,90",21.8,82.58,98.8,GMCC SZ80Е1H,34,1
551,551100584849648960551,"78.5,78,80,82,84.5,88,90.5,91",21.6,82.22,98.43,GMCC SZ80Е1H,34,1
551,551100584849649010551,"78,79.5,80.5,81,84,83.5,85.5,87,87.5",21.6,82.22,98.43,GMCC SZ80Е1H,34,1
551,551100149549528990551,"79.5,80.5,81.5,82,83.5,86.5,86",17.2,74.23,90.42,GMCC SZ80Е1H,34,1
551,551100584849649050551,"80,78,80,82.5,84.5,87.5,90,89",21.6,82.22,98.43,GMCC SZ80Е1H,34,1
551,551100149549529110551,"77.5,79,79.5,81.5,82.5,84,86,87.5,86",16.9,73.69,89.88,GMCC SZ80Е1H,34,1
551,551100149549531710551,"79,80,81.5,83,83.5,86.5,85.5",18.4,76.41,92.61,GMCC SZ80Е1H,34,1
551,551100584849649060551,"80,75,77.5,80,81,84,84.5,87,89,88.5,89",21.6,82.22,98.43,GMCC SZ80Е1H,34,1
551,551100584849699520551,"77.5,79.5,78,80,81.5,82.5,84.5,85.5,84",19.6,78.59,94.79,GMCC SZ80Е1H,34,1
551,551100584849649070551,"77,80,81.5,83,85.5,86.5,90,89.5",21.6,82.22,98.43,GMCC SZ80Е1H,34,1
551,551100584849796190551,"79.5,80,82.5,84,86,88,87.5",20.8,80.77,96.97,GMCC SZ80Е1H,34,1
551,551100584849649130551,"80.5,79,80,81,82.5,85.5,88,87.5",21.5,82.04,98.25,GMCC SZ80Е1H,34,1
551,551100584849784590551,"75,73,72.5,73,74,75.5,76,77.5,78.5",17.3,74.42,90.6,GMCC SZ80Е1H,34,1
551,551100584849649180551,"75,76,80,82.5,86.5,89.5,92.5,90",21.4,81.86,98.07,GMCC SZ80Е1H,34,1
551,551100584849649200551,"78.5,78,78.5,80.5,83.5,84,85,86,87.5,89.5",21.8,82.58,98.8,GMCC SZ80Е1H,34,1
551,551100149549533340551,"80,80.5,81.5,82.5,84,85",17.8,75.32,91.51,GMCC SZ80Е1H,34,1
551,551100584849641510551,"74,72,75,76.5,78,80,79.5",15.3,70.78,86.96,GMCC SZ80Е1H,34,1
551,551100584849649210551,"77.5,79,79.5,81.5,84,85.5,86.5,88.5",21.8,82.58,98.8,GMCC SZ80Е1H,34,1
551,551100584849649220551,"80.5,79.5,80.5,82.5,85,84.5,86,85.5,86.5,88,89",21.6,82.22,98.43,GMCC SZ80Е1H,34,1
551,551100584849649260551,"81.5,79,79.5,81,84.5,89.5,90",21.4,81.86,98.07,GMCC SZ80Е1H,34,1
551,551100584849649080551,"74.5,79.5,77.5,78.5,80,82,83,84,85",21.6,82.22,98.43,GMCC SZ80Е1H,34,1
551,551100584849649300551,"78.5,80,81,83,84.5,87.5,86",21.4,81.86,98.07,GMCC SZ80Е1H,34,1
551,551100584849649320551,"77,80,82,83,85.5,86,88.5,87.5,88.5",21.5,82.04,98.25,GMCC SZ80Е1H,34,1
551,551100584849649350551,"78.5,80,79.5,82.5,83,84,87,90,88.5",21.5,82.04,98.25,GMCC SZ80Е1H,34,1
551,551100584849701940551,"75,77,79.5,80.5,81",16.5,72.96,89.15,GMCC SZ80Е1H,34,1
551,551100584849697010551,"74.5,77,76.5,77.5,80,81.5,82.5,83.5",19.3,78.05,94.24,GMCC SZ80Е1H,34,1
551,551100584849640530551,"74,71.5,71,72.5,74,74.5,75",14.6,69.51,85.69,GMCC SZ80Е1H,34,1
551,551100584849649390551,"82,80,81.5,82,86,86.5,88.5,91,90.5",21.4,81.86,98.07,GMCC SZ80Е1H,34,1
551,551100584849782530551,"75,73.5,71.5,72.5,74,74.5,76.5,78,79",19.6,78.59,94.79,GMCC SZ80Е1H,34,1
551,551100584849698270551,"74,73.5,71,73.5,76,76.5,78,78.5",17.2,74.23,90.42,GMCC SZ80Е1H,34,1
551,551100149549532480551,"82.5,81.5,85,87,89,91,93,92.5",18.5,76.59,92.79,GMCC SZ80Е1H,34,1
551,551100584849649400551,"79,78.5,81,83.5,84,85.5,89.5,90.5",21.4,81.86,98.07,GMCC SZ80Е1H,34,1
551,551100584849818080551,"71.5,75,78.5,80.5,81.5,82.5,84,85,85.5",23.8,86.21,102.44,NS,NS,0
551,551100584849799310551,"72,77,75,76.5,78.5,79.5,79",19.9,79.13,95.34,NS,NS,0
551,551100584849798770551,"91.5,88.5,89,90.5,94,96,99,98",20.0,79.32,95.52,NS,NS,0
551,551100584849796820551,"74,75,73,74.5,75,75.5,77.5,80,78.5",20.5,80.22,96.43,NS,NS,0
551,551100584849783860551,"71.5,72,68.5,70.5,70,71,72.5,74,75",18.2,76.05,92.24,NS,NS,0
551,551100584849783540551,"63.5,68,71,71.5,72.5,73.5,75",18.2,76.05,92.24,NS,NS,0
551,551100584849783170551,"72,76,74,75,75.5,77.5,78.5,78",19.9,79.13,95.34,NS,NS,0
551,551100584849782830551,"69,74.5,75,75.5,76.5,78,78.5",19.6,78.59,94.79,NS,NS,0
551,551100584849700860551,"75.5,75,73",17.6,74.96,91.15,NS,NS,0
551,551100584849784360551,"74.5,72.5",17.1,74.05,90.24,NS,NS,0
551,551100584849701030551,"76.5,72.5",17.5,74.78,90.97,NS,NS,0
551,551100584849781610551,"72,69,71,71.5,73,74.5,77,78,77.5",19.9,79.13,95.34,NS,NS,0
551,551100584849693040551,"70.5,73,70,71.5,72.5,74,75.5,74.5",18.1,75.87,92.06,NS,NS,0
551,551100584849797780551,"78,75,74,74.5,76,77.5,78",19.5,78.41,94.61,NS,NS,0
551,551100584849784370551,"72.5,74.5,73.5",17.1,74.05,90.24,NS,NS,0
551,551100149549527920551,"81.5,83.5,83,84,86,88,91,92.5",17.8,75.32,91.51,NS,NS,0
551,551100584849796300551,"72,75,74.5,75.5,76.5,77.5,80,81,80",20.8,80.77,96.97,NS,NS,0
551,551100149549527880551,"81.5,83.5,84.5,87,90,92.5,92",17.8,75.32,91.51,NS,NS,0
551,551100149549527710551,"79.5,80.5,83.5,84.5,86,86.5,89.5,90.5,92",18.0,75.69,91.88,NS,NS,0
551,551100149549526240551,"81.5,84,85,88,90.5,91,92,93,96.5",19.9,79.13,95.34,NS,NS,0
551,551100149549518720551,"73.5,75,73.5,74,76.5,78,80,81",21.4,81.86,98.07,NS,NS,0
551,551100149549526430551,"81.5,87.5,89.5,92,95,96.5,99,97",19.9,79.13,95.34,NS,NS,0
551,551100149549526330551,"90.5,88.5,90,90.5,92,92.5,93.5,95.5,97.5,98.5,97",19.9,79.13,95.34,NS,NS,0
551,551100149549525750551,"85.5,87.5,90,92.5,93,96,97,97.5",20.5,80.22,96.43,NS,NS,0
551,551100149549522580551,"82,84.5,85,87,89.5,89",16.4,72.78,88.97,NS,NS,0
551,551100149549524810551,"85,86,89,91,96,97,99.5,98",20.9,80.95,97.16,NS,NS,0
551,551100149549526620551,"80.5,82,85,87.5,91.5,93,95,96",19.7,78.77,94.97,NS,NS,0
551,551100149549526880551,"85.5,84.5,85.5,87,89,91,92,93.5,96",19.6,78.59,94.79,NS,NS,0
551,551100149549523370551,"85,88.5,89.5,90,90.5,92,95,95.5,97",20.2,79.68,95.88,NS,NS,0
551,551100149549523500551,"84.5,86,90,91,94.5,96.5,98.5,99.5,98.5",20.2,79.68,95.88,NS,NS,0
551,551100149549525810551,"87,88,90.5,92.5,93.5,96.5,98.5,98",20.5,80.22,96.43,NS,NS,0
551,551100149549526390551,"83,85,87,88.5,89.5,92.5,94,95.5",19.9,79.13,95.34,NS,NS,0
551,551100149549526200551,"83,84.5,85.5,88,88.5,90,92,93,95,96.5",19.9,79.13,95.34,NS,NS,0
551,551100149549527450551,"80,83,82,84.5,85,89,88.5,91,92.5",18.3,76.23,92.42,NS,NS,0
551,551100149549526310551,"86.5,86,87,91.5,94.5,95.5,97",19.9,79.13,95.34,NS,NS,0
551,551100149549531740551,"83,82.5,85,86.5,89,90.5,92,92.5",18.3,76.23,92.42,NS,NS,0
551,551100149549519990551,"75.5,71,71.5,73,74.5,76.5,78.5,80,79.5",20.9,80.95,97.16,NS,NS,0
551,551100149549526190551,"78,82.5,82,84.5,90,91.5,93,94,95.5",19.9,79.13,95.34,NS,NS,0
551,551100149549526580551,"82,85,87,87.5,90.5,92,95,95.5",19.8,78.95,95.15,NS,NS,0
551,551100149549526180551,"84.5,86,89.5,91.5,93,95,95.5",19.9,79.13,95.34,NS,NS,0
551,551100149549526210551,"82.5,84,83.5,86.5,89,90.5,93.5,94.5,95,95.5",19.9,79.13,95.34,NS,NS,0
551,551100149549526440551,"88,87.5,89,93,94.5,97.5,98,96.5",19.9,79.13,95.34,NS,NS,0
551,551100149549527130551,"87,86,87.5,88.5,90,91.5,92,93.5,96,95.5,97",19.9,79.13,95.34,NS,NS,0
551,551100149549528030551,"82,83.5,84,86,89,91.5,93,93.5",17.6,74.96,91.15,NS,NS,0
551,551100149549531980551,"79,82.5,86,88.5,90,92.5,93",18.0,75.69,91.88,NS,NS,0
551,551100149549527090551,"87,88,91.5,92.5,94,94.5",19.4,78.23,94.43,NS,NS,0
551,551100149549526890551,"86,87,88.5,90.5,91.5,93.5,95",19.6,78.59,94.79,NS,NS,0
551,551100149549527760551,"80,83,87,88.5,90.5,93.5,93",18.0,75.69,91.88,NS,NS,0
551,551100149549526250551,"82,85.5,85,90,91.5,95,97,96.5",19.9,79.13,95.34,NS,NS,0
551,551100149549524780551,"83.5,85,89,92.5,94,96.5,98",20.9,80.95,97.16,NS,NS,0
551,551100149549526610551,"85.5,85,86,87.5,88,90,94,95,96",19.8,78.95,95.15,NS,NS,0
551,551100149549526670551,"82,84.5,86.5,89.5,90,92.5,93.5,94.5,95",19.7,78.77,94.97,NS,NS,0
551,551100149549519920551,"75.5,72.5,67,71,58.5,59.5,65,71,78,77.5",19.9,79.13,95.34,NS,NS,0
551,551100584849781570551,"72.5,71.5,74,76,77.5,78.5,80.5,79",20.0,79.32,95.52,NS,NS,0
551,551100149549533150551,"83.5,82,83,83.5,85.5,87,86.5,88,88.5,89,90,90.5,91,90.5,92,90.5,92,92.5,91.5,92.5",18.1,75.87,92.06,NS,NS,0
551,551100584849817230551,"73.5,77.5,79.5,82.5,85,88.5,87",24.3,87.12,103.35,NS,NS,0
551,551100149549524820551,"84.5,88,91,93,95,97.5,100.5,99.5",21.0,81.13,97.34,NS,NS,0
551,551100149549525320551,"86,87.5,90,92,92.5,94.5,96.5,95,98",20.5,80.22,96.43,NS,NS,0
551,551100149549532460551,"83.5,85.5,86,87,88.5,90,92,92.5",18.0,75.69,91.88,NS,NS,0
551,551100149549527240551,"84.5,87,88.5,91,93,92.5,94.5,95.5,97.5",19.9,79.13,95.34,NS,NS,0
551,551100149549525790551,"81,84,86,91,93,95,96.5,99,98.5",20.5,80.22,96.43,NS,NS,0
551,551100149549522820551,"87.5,88,89.5,92,94.5,97.5,98",20.4,80.04,96.25,NS,NS,0
551,551100584849647290551,"82,83.5,86.5,89.5,92.5,94,96.5",20.4,80.04,96.25,NS,NS,0
551,551100149549527480551,"80,81,81.5,82.5,85,84.5,86.5,88,89,90,93",18.3,76.23,92.42,NS,NS,0
551,551100584849782320551,"75,68.5,74,71.5,72.5,73.5,76,76.5,77",19.6,78.59,94.79,NS,NS,0
551,551100149549527740551,"78,82.5,85,86,89.5,90.5,91.5,92",17.9,75.5,91.7,NS,NS,0
551,551100149549528150551,"78.5,81,80.5,83.5,84,85.5,87,88,89,90,91",17.4,74.6,90.79,NS,NS,0
551,551100149549531850551,"86.5,87,89,89.5,92,95,92.5",18.3,76.23,92.42,NS,NS,0
551,551100149549532340551,"80.5,79.5,81.5,84.5,87,86.5,90,92,94,93.5",18.0,75.69,91.88,NS,NS,0
551,551100149549532360551,"82,83.5,85.5,89.5,88.5,91,92.5,91.5",17.7,75.14,91.33,NS,NS,0
551,551100149549532680551,"85,86,87.5,88,89.5,91.5,93,92.5",18.3,76.23,92.42,NS,NS,0
551,551100584849644150551,"69.5,67.5,69,66,69,68.5,69.5,71,70.5",15.3,70.78,86.96,NS,NS,0
551,551100149549526090551,"83,85,86.5,87.5,92,95,96.5,97",20.1,79.5,95.7,NS,NS,0
551,551100584849640640551,"70.5,69.5,65.5,67.5,68,69.5,69",14.6,69.51,85.69,NS,NS,0
551,551100149549522840551,"85.5,83,85.5,88.5,91,93.5,96,98",20.4,80.04,96.25,NS,NS,0
551,551100149549525800551,"84.5,86.5,89,91.5,94,96,97.5,97",20.5,80.22,96.43,NS,NS,0
999,999999,"62.0,63.9,65.2,68.6,69.3,70.6,69.8,70.9",10.1,999.0,999.0,999,999,0
999,999999,"82.2,82.1,84.9,86.7,87.4,88.0",10.1,999.0,999.0,999,999,0
999,999999,"94.7,96.8,99.4,101.6,104.4,106.4,107.3,106.8",10.7,999.0,999.0,999,999,0
999,999999,"84.4,83.1,85.2,84.2,81.0",10.6,999.0,999.0,999,999,0
999,999999,"184.9,80.7,82.9,80.7,82.4,85.2,89.4",10.1,999.0,999.0,999,999,0
999,999999,"96.9,99.4,99.2,100.0,102.3,105.1,109.8",10.1,999.0,999.0,999,999,0
999,999999,"103.0,103.2,103.4,103.7,104.7,106.8,107.9,109.4",11.0,999.0,999.0,999,999,0
999,999999,"106.1,106.8,106.3,108.4,108.6,111.2,112.1,112.7,112.4,113.8",10.8,999.0,999.0,999,999,0
999,999999,"69.4,70.9,73.6,73.1,78.7,81.4,82.1,85.2,84.3",10.9,999.0,999.0,999,999,0
999,999999,"67.8,69.7,69.7,71.1,71.3",10.6,999.0,999.0,999,999,0
999,999999,"101.8,102.8,103.6,104.2,107.0,107.4,108.6,108.3",11.2,999.0,999.0,999,999,0
999,999999,"98.0,98.0,98.5,99.3,100.3,100.9,102.1",11.5,999.0,999.0,999,999,0
999,999999,"69.6,71.4,72.5,70.9,71.3,74.7,75.2,76.6",11.2,999.0,999.0,999,999,0
999,999999,"76.4,76.4,122.9,78.9,76.7,76.9,78.2,78.2,76.8,77.8",10.8,999.0,999.0,999,999,0
999,999999,"92.6,93.3,92.2,89.7,92.7,94.4",10.9,999.0,999.0,999,999,0
999,999999,"75.6,77.5,83.9,87.4,86.6,88.5,90.0,90.9",11.9,999.0,999.0,999,999,0
999,999999,"94.2,139.1,96.2,97.2,95.9",12.1,999.0,999.0,999,999,0
999,999999,"97.3,99.5,101.9,105.6,107.5,108.7,110.1,110.1,111.4",11.8,999.0,999.0,999,999,0
999,999999,"56.7,58.6,59.9,61.7,65.1,66.3,66.8,66.0,70.4,71.9",11.7,999.0,999.0,999,999,0
999,999999,"65.0,67.2,68.3,71.1,71.8,73.3",11.6,999.0,999.0,999,999,0
999,999999,"72.4,73.1,72.5,75.0,78.2,80.1,82.7,82.5",12.5,999.0,999.0,999,999,0
999,999999,"77.8,78.9,79.5,76.2,79.9,81.1,83.4,83.4,85.3,86.5",12.0,999.0,999.0,999,999,0
999,999999,"99.9,102.0,101.8,103.8,104.0,107.6,109.9",11.7,999.0,999.0,999,999,0
999,999999,"66.0,68.0,66.3,66.5,67.5,68.9,70.4,72.2",11.9,999.0,999.0,999,999,0
999,999999,"76.0,76.2,78.0,77.7,78.7,78.5,83.3,84.2",12.4,999.0,999.0,999,999,0
999,999999,"103.3,102.4,27.6,103.3,108.6,107.1,105.3,106.9,108.7,110.6",12.5,999.0,999.0,999,999,0
999,999999,"66.2,68.6,70.9,71.6,72.5,74.0,76.2",12.7,999.0,999.0,999,999,0
999,999999,"71.7,73.4,74.5,73.2,76.5,76.4,77.6,77.5",12.5,999.0,999.0,999,999,0
999,999999,"79.6,18.0,74.9,76.6,79.4,81.8",12.7,999.0,999.0,999,999,0
999,999999,"113.7,114.1,114.6,113.3,114.9,115.5,118.7",12.7,999.0,999.0,999,999,0
999,999999,"72.5,74.6,77.0,79.5,80.6,79.4,81.1,83.7,87.1,87.1",12.6,999.0,999.0,999,999,0
999,999999,"82.7,16.9,78.9,81.2,83.0,83.3",13.3,999.0,999.0,999,999,0
999,999999,"193.9,63.8,66.7,69.1,68.7,70.6,72.9,78.9,82.2",12.9,999.0,999.0,999,999,0
999,999999,"107.5,105.0,106.7,104.9,176.0,106.7,104.8",13.8,999.0,999.0,999,999,0
999,999999,"61.6,63.1,63.1,64.4,66.5,67.9,70.8,73.1,73.6,28.3",13.1,999.0,999.0,999,999,0
999,999999,"69.6,72.6,129.6,72.9,74.9,78.4",13.2,999.0,999.0,999,999,0
999,999999,"82.6,84.0,84.7,87.3,89.1,91.0",13.6,999.0,999.0,999,999,0
999,999999,"67.2,69.0,68.5,68.6,71.3,69.6,70.9,73.3,72.1",13.9,999.0,999.0,999,999,0
999,999999,"80.8,81.9,82.0,81.0,82.2,82.8,82.9,87.2,85.1,85.0",13.3,999.0,999.0,999,999,0
999,999999,"65.8,64.0,65.0,66.6,67.8,71.4,73.0,74.5,74.8",13.4,999.0,999.0,999,999,0
999,999999,"73.3,74.7,76.4,78.4,79.4,80.6,79.3,72.0,73.5",13.7,999.0,999.0,999,999,0
999,999999,"98.0,100.8,101.0,101.1,101.5",13.7,999.0,999.0,999,999,0
999,999999,"29.1,63.5,63.5,66.6,68.2,69.9,74.2,74.7,76.1",14.5,999.0,999.0,999,999,0
999,999999,"115.8,114.8,114.6,116.9,116.9",14.2,999.0,999.0,999,999,0
999,999999,"74.6,76.5,78.1,71.4,69.1,71.2",14.7,999.0,999.0,999,999,0
999,999999,"105.1,105.6,107.0,109.8,29.6,114.3,115.6,115.7",14.6,999.0,999.0,999,999,0
999,999999,"89.3,91.6,94.2,91.8,91.7,92.1,93.0,95.3,98.1",14.8,999.0,999.0,999,999,0
999,999999,"75.4,77.3,78.2,76.7,78.3,80.9,81.4,80.6,82.1,82.5",14.9,999.0,999.0,999,999,0
999,999999,"86.5,87.2,86.1,88.5,90.8,92.3,92.1",14.5,999.0,999.0,999,999,0
999,999999,"80.6,84.2,86.3,90.7,90.7,92.5,94.5,95.1",14.9,999.0,999.0,999,999,0
999,999999,"89.0,90.7,90.2,94.5,96.9,102.7,105.0",15.2,999.0,999.0,999,999,0
999,999999,"63.9,65.8,67.7,27.7,76.9",15.4,999.0,999.0,999,999,0
999,999999,"86.2,88.5,88.7,88.0,87.9,86.6,88.1,90.4",15.0,999.0,999.0,999,999,0
999,999999,"97.0,99.7,100.6,102.9,104.5,106.9",14.8,999.0,999.0,999,999,0
999,999999,"117.8,118.1,120.3,117.3,116.9",15.8,999.0,999.0,999,999,0
999,999999,"87.9,89.3,88.8,90.2,89.7,93.2",15.4,999.0,999.0,999,999,0
999,999999,"85.6,86.2,87.0,86.6,88.2,91.8,95.6",15.4,999.0,999.0,999,999,0
999,999999,"68.9,70.6,71.9,74.3,76.4,76.5,76.9,75.6,77.1,78.3",16.1,999.0,999.0,999,999,0
999,999999,"92.1,93.2,94.2,95.1,94.9,96.4",15.7,999.0,999.0,999,999,0
999,999999,"74.1,74.1,75.9,77.7,79.5,82.5",16.3,999.0,999.0,999,999,0
999,999999,"110.6,110.8,112.6,17.1,117.1",15.8,999.0,999.0,999,999,0
999,999999,"79.7,75.0,77.3,79.1,80.9,85.2,88.7",16.4,999.0,999.0,999,999,0
999,999999,"90.8,90.8,92.8,94.0,94.0,99.2,99.9,101.6,105.8,107.3",16.6,999.0,999.0,999,999,0
999,999999,"105.5,105.5,104.7,104.7,106.5,106.3,106.0",16.5,999.0,999.0,999,999,0
999,999999,"96.4,99.1,101.4,101.8,101.5,99.8,101.2,103.3,105.7,148.2",16.8,999.0,999.0,999,999,0
999,999999,"111.9,112.5,115.4,116.4,118.9,117.5,115.6",16.3,999.0,999.0,999,999,0
999,999999,"86.9,87.5,89.1,90.3,93.1,93.9",16.3,999.0,999.0,999,999,0
999,999999,"70.1,69.2,71.2,73.3,79.4,82.7",16.3,999.0,999.0,999,999,0
999,999999,"82.8,80.2,81.8,83.2,85.2,86.3,88.1,90.2,91.8,83.5",16.7,999.0,999.0,999,999,0
999,999999,"75.5,75.2,77.6,24.6,80.8,79.6,81.5,81.6,82.1",17.3,999.0,999.0,999,999,0
999,999999,"172.1,99.3,100.1,104.0,104.2,105.4,105.9,106.1",17.0,999.0,999.0,999,999,0
999,999999,"87.9,24.2,91.9,93.2,96.1",16.8,999.0,999.0,999,999,0
999,999999,"81.6,81.4,81.7,82.9,85.9",17.1,999.0,999.0,999,999,0
999,999999,"91.5,91.6,92.8,93.8,96.7,98.5,100.0,102.6,102.8",17.4,999.0,999.0,999,999,0
999,999999,"105.3,106.8,107.7,107.1,110.0,108.2,109.1,111.9,112.7,114.5",17.7,999.0,999.0,999,999,0
999,999999,"91.8,93.3,95.3,97.1,98.8,103.1,105.5,109.2,110.3,112.4",17.8,999.0,999.0,999,999,0
999,999999,"92.8,90.8,90.5,94.0,95.3,95.7,97.3",17.2,999.0,999.0,999,999,0
999,999999,"90.6,90.9,93.8,91.8,94.7,93.2",17.5,999.0,999.0,999,999,0
999,999999,"84.0,86.1,87.1,89.9,89.0,90.2,95.1,96.0",17.3,999.0,999.0,999,999,0
999,999999,"110.5,110.6,110.6,111.6,114.0,114.8,116.2",17.6,999.0,999.0,999,999,0
999,999999,"84.4,85.9,88.4,90.4,91.2,95.3",17.8,999.0,999.0,999,999,0
999,999999,"75.6,76.3,79.9,81.5,81.0",17.8,999.0,999.0,999,999,0
999,999999,"110.2,106.7,18.2,105.5,107.3",18.5,999.0,999.0,999,999,0
999,999999,"124.3,77.1,76.2,78.2,81.1",18.3,999.0,999.0,999,999,0
999,999999,"89.6,85.5,86.7,83.0,85.1,88.1,89.6,90.6,89.8,93.2",18.5,999.0,999.0,999,999,0
999,999999,"108.2,110.5,110.6,110.3,110.2,110.6,115.0,118.4",18.1,999.0,999.0,999,999,0
999,999999,"69.8,68.3,68.8,69.5,72.5,73.0,75.3",18.7,999.0,999.0,999,999,0
999,999999,"87.9,87.9,89.1,90.1,88.5,91.5",18.5,999.0,999.0,999,999,0
999,999999,"63.6,65.7,68.5,68.6,70.8,166.7",18.6,999.0,999.0,999,999,0
999,999999,"80.1,82.3,84.2,86.1,88.3,89.8,91.8,94.1,94.8,93.6",19.4,999.0,999.0,999,999,0
999,999999,"92.4,94.3,93.9,94.2,92.9,94.9,97.4,98.9,101.5,102.0",19.0,999.0,999.0,999,999,0
999,999999,"92.4,94.5,93.6,96.0,98.1,98.6,101.6,19.7,105.4",19.3,999.0,999.0,999,999,0
999,999999,"70.1,71.2,73.6,75.3,75.8,80.0,129.2,84.6",19.0,999.0,999.0,999,999,0
999,999999,"73.2,73.0,74.4,76.4,79.3,81.3",19.4,999.0,999.0,999,999,0
999,999999,"91.8,93.7,93.9,95.7,96.8,98.2,100.9,100.6,103.3,105.2",19.9,999.0,999.0,999,999,0
999,999999,"72.9,74.3,77.4,78.2,80.5,81.6",19.6,999.0,999.0,999,999,0
999,999999,"99.6,101.0,102.1,101.7,103.1,104.3,104.6,104.9",19.3,999.0,999.0,999,999,0
999,999999,"104.8,106.6,108.0,108.8,111.7,114.8,115.1,116.3,118.6,119.5",19.4,999.0,999.0,999,999,0
999,999999,"105.5,106.5,109.2,111.3,112.0,112.7",19.8,999.0,999.0,999,999,0
999,999999,"63.0,64.6,66.9,69.1,69.1,70.7,69.2,71.6,73.5,73.4",20.2,999.0,999.0,999,999,0
999,999999,"95.6,96.9,99.0,132.8,98.6",20.4,999.0,999.0,999,999,0
999,999999,"83.6,86.5,87.0,86.9,87.8,90.2,90.8,93.1,91.1,91.9",20.4,999.0,999.0,999,999,0
999,999999,"79.9,78.7,79.2,79.3,81.9",20.3,999.0,999.0,999,999,0
999,999999,"90.8,93.6,94.8,96.0,96.4,97.4,103.0",20.6,999.0,999.0,999,999,0
999,999999,"94.1,95.3,97.6,99.8,17.5,103.3,104.2,104.7",20.3,999.0,999.0,999,999,0
999,999999,"97.3,98.4,100.4,192.7,104.1,105.8,109.7",20.5,999.0,999.0,999,999,0
999,999999,"95.3,96.8,94.1,95.0,97.9,97.4,99.7,100.9",21.1,999.0,999.0,999,999,0
999,999999,"96.2,98.2,99.0,101.1,101.4,102.6,163.8,103.9",20.8,999.0,999.0,999,999,0
999,999999,"88.4,90.4,90.6,130.8,92.1",21.2,999.0,999.0,999,999,0
999,999999,"109.2,109.4,109.7,113.7,115.5,115.9,116.7,118.1",20.9,999.0,999.0,999,999,0
999,999999,"92.7,95.1,97.0,95.4,96.2,95.3,100.7",21.0,999.0,999.0,999,999,0
999,999999,"80.5,82.9,84.4,86.7,87.7",21.2,999.0,999.0,999,999,0
999,999999,"121.7,120.8,167.3,126.5,27.4,120.1,119.6",21.1,999.0,999.0,999,999,0
999,999999,"60.7,63.4,65.4,66.3,67.4,70.3,71.2,71.8",21.7,999.0,999.0,999,999,0
999,999999,"67.7,23.8,68.7,70.2,70.3,71.2",21.6,999.0,999.0,999,999,0
999,999999,"94.6,95.6,97.7,98.3,100.7,101.7,103.0,105.8,104.1,99.2",21.1,999.0,999.0,999,999,0
999,999999,"100.6,99.3,100.0,101.5,99.9",22.0,999.0,999.0,999,999,0
999,999999,"83.2,83.8,84.3,83.3,143.1",22.2,999.0,999.0,999,999,0
999,999999,"66.1,66.4,66.4,66.5,69.8,69.6,70.4,71.8,73.4,71.5",21.7,999.0,999.0,999,999,0
999,999999,"65.5,66.7,68.1,70.7,73.1,71.3",21.6,999.0,999.0,999,999,0
999,999999,"70.8,72.1,76.5,78.5,80.1",22.4,999.0,999.0,999,999,0
999,999999,"103.1,100.0,100.6,101.0,101.5",21.7,999.0,999.0,999,999,0
999,999999,"77.1,80.3,85.3,87.3,89.8,89.7,93.3,95.4,96.4",21.8,999.0,999.0,999,999,0
999,999999,"80.4,82.6,82.8,82.5,84.0,85.4,86.2,83.8,82.7,84.3",22.3,999.0,999.0,999,999,0
999,999999,"154.6,75.7,78.0,78.1,77.6",22.0,999.0,999.0,999,999,0
999,999999,"74.0,77.6,79.1,79.3,81.7",22.2,999.0,999.0,999,999,0
999,999999,"83.6,84.7,85.2,85.9,89.8,89.7",22.3,999.0,999.0,999,999,0
999,999999,"92.1,95.5,94.4,93.9,89.5,90.2,91.6,93.0,91.9",22.8,999.0,999.0,999,999,0
999,999999,"87.6,89.8,90.7,94.4,92.6,92.0,89.6,90.3,91.4,93.4",22.9,999.0,999.0,999,999,0
999,999999,"69.6,71.3,72.9,71.6,73.3,75.3,74.6,75.6,76.3",23.3,999.0,999.0,999,999,0
999,999999,"71.8,73.5,75.6,72.6,74.3,75.2,75.9,78.0,80.6,83.0",23.4,999.0,999.0,999,999,0
999,999999,"164.8,98.3,95.6,97.5,96.8,98.2,99.6",22.8,999.0,999.0,999,999,0
999,999999,"108.7,112.3,113.7,115.5,117.5",22.8,999.0,999.0,999,999,0
999,999999,"102.3,104.4,105.9,105.4,106.1,105.7,107.8,108.4,111.5",23.3,999.0,999.0,999,999,0
999,999999,"94.1,96.2,97.9,100.2,101.7,93.8,94.3,95.4",23.8,999.0,999.0,999,999,0
999,999999,"100.0,101.2,17.3,101.1,101.1,101.8,104.0",23.6,999.0,999.0,999,999,0
999,999999,"57.6,62.4,63.7,105.6,68.1,70.6,74.8,75.9,78.1",23.1,999.0,999.0,999,999,0
999,999999,"111.1,150.3,111.6,111.2,111.9,111.3,114.6,115.5",23.9,999.0,999.0,999,999,0
999,999999,"88.7,89.3,93.1,90.9,89.9,89.1",23.5,999.0,999.0,999,999,0
999,999999,"92.6,96.5,98.2,101.2,102.8,103.9,106.0,109.2,111.0,112.6",24.2,999.0,999.0,999,999,0
999,999999,"99.6,102.6,102.6,134.1,100.5",24.0,999.0,999.0,999,999,0
999,999999,"63.3,63.6,22.9,68.8,71.3,72.8,75.8,79.1",23.8,999.0,999.0,999,999,0
999,999999,"62.4,61.6,62.3,64.8,66.8,68.9,71.1,72.1,73.5",24.2,999.0,999.0,999,999,0
999,999999,"89.7,88.7,90.3,89.4,89.5,26.0,91.8",24.4,999.0,999.0,999,999,0
999,999999,"108.5,110.4,108.6,111.0,114.2,116.4",24.6,999.0,999.0,999,999,0
999,999999,"116.8,115.0,116.8,118.6,120.0,120.6,119.8",24.5,999.0,999.0,999,999,0
999,999999,"75.1,76.9,76.6,77.8,78.8,80.1,81.3,84.7,87.4,88.7",24.4,999.0,999.0,999,999,0
999,999999,"94.2,94.8,100.2,99.8,101.1,99.8,102.5,153.9,104.7,106.9",24.4,999.0,999.0,999,999,0
999,999999,"100.2,98.7,101.9,102.9,102.6,103.7,105.1",25.1,999.0,999.0,999,999,0
999,999999,"67.2,68.8,68.7,72.8,71.9",24.4,999.0,999.0,999,999,0
999,999999,"93.8,94.6,95.2,98.6,104.5,108.5,109.5,110.2",25.4,999.0,999.0,999,999,0
999,999999,"86.5,88.8,88.1,86.7,89.2,87.6,89.9",25.5,999.0,999.0,999,999,0
999,999999,"71.7,72.4,76.2,78.9,110.9",25.1,999.0,999.0,999,999,0
999,999999,"62.1,64.5,67.2,72.1,73.0,73.9",25.7,999.0,999.0,999,999,0
999,999999,"76.2,77.5,78.9,77.2,77.4,79.0",25.3,999.0,999.0,999,999,0
999,999999,"66.6,66.1,68.0,125.3,71.1,71.9,71.4,15.0",25.5,999.0,999.0,999,999,0
999,999999,"68.0,65.8,67.6,68.4,165.8,70.9",26.1,999.0,999.0,999,999,0
999,999999,"63.2,190.4,68.5,72.3,73.7,75.4",26.2,999.0,999.0,999,999,0
999,999999,"71.9,75.5,75.9,75.7,77.2,78.9,80.6",26.2,999.0,999.0,999,999,0
999,999999,"97.5,98.2,89.2,90.1,93.3",25.8,999.0,999.0,999,999,0
999,999999,"59.5,61.1,61.4,62.8,64.7,66.7,68.0,70.2,71.4,73.1",26.3,999.0,999.0,999,999,0
999,999999,"96.5,97.7,97.9,98.5,100.3,100.8,100.8,101.6,104.1,105.4",25.7,999.0,999.0,999,999,0
999,999999,"96.9,98.2,99.5,100.8,104.8,105.3,106.8,106.2,106.2,106.7",26.3,999.0,999.0,999,999,0
999,999999,"103.9,104.4,105.5,108.2,107.9,111.1,113.7",26.7,999.0,999.0,999,999,0
999,999999,"68.8,70.5,70.4,71.9,73.2,74.7",26.1,999.0,999.0,999,999,0
999,999999,"62.1,60.9,59.7,59.5,62.0,63.2,64.6,66.4,70.3,71.2",26.9,999.0,999.0,999,999,0
999,999999,"97.5,98.6,95.7,99.7,98.6",26.4,999.0,999.0,999,999,0
999,999999,"89.5,91.6,92.3,94.0,95.1,96.7,97.5,113.7",26.9,999.0,999.0,999,999,0
999,999999,"76.7,78.5,80.2,79.7,83.6,86.0,86.3,88.8,87.6,88.9",26.6,999.0,999.0,999,999,0
999,999999,"97.1,97.9,98.8,23.3,101.0,103.1",26.5,999.0,999.0,999,999,0
999,999999,"86.9,88.1,89.7,91.4,91.0,94.3,94.7",26.7,999.0,999.0,999,999,0
999,999999,"118.6,119.1,118.1,117.7,117.8",27.5,999.0,999.0,999,999,0
999,999999,"90.8,91.4,93.7,92.6,108.8,96.3,96.5,96.6",26.8,999.0,999.0,999,999,0
999,999999,"97.4,96.3,96.0,166.7,97.6,97.2,98.6,100.3,103.7",27.2,999.0,999.0,999,999,0
999,999999,"94.3,94.7,94.7,137.2,93.4,94.9",27.8,999.0,999.0,999,999,0
999,999999,"100.1,100.9,140.4,102.6,103.7,104.3",27.0,999.0,999.0,999,999,0
999,999999,"63.2,65.7,66.6,68.8,70.5,72.7,73.5,75.4,74.1,77.5",27.7,999.0,999.0,999,999,0
999,999999,"90.5,91.8,92.8,94.2,92.4,93.4,96.8",27.8,999.0,999.0,999,999,0
999,999999,"86.3,87.2,86.8,87.5,89.5,90.0,91.8,96.5,96.0",28.3,999.0,999.0,999,999,0
999,999999,"111.5,110.7,110.6,113.1,109.2,111.7,114.3,113.8,116.7,118.0",27.5,999.0,999.0,999,999,0
999,999999,"92.0,93.4,93.5,92.7,92.1",27.8,999.0,999.0,999,999,0
999,999999,"76.1,77.4,78.5,78.2,78.4,78.6,75.3",27.9,999.0,999.0,999,999,0
999,999999,"96.2,97.7,94.8,93.2,95.0,94.8,98.8,100.4,101.0,101.6",28.4,999.0,999.0,999,999,0
999,999999,"95.7,97.9,98.5,101.4,104.2,100.8,102.4,104.9,186.5,108.2",27.8,999.0,999.0,999,999,0
999,999999,"90.3,89.0,89.1,94.0,93.7,90.9,25.7,97.0",28.2,999.0,999.0,999,999,0
999,999999,"81.4,83.0,83.5,83.3,85.4,86.6,88.9,90.9",28.5,999.0,999.0,999,999,0
999,999999,"105.1,102.8,105.6,108.1,105.0,103.7,103.2,105.0",29.0,999.0,999.0,999,999,0
999,999999,"66.0,70.5,70.9,68.9,71.1",29.1,999.0,999.0,999,999,0
999,999999,"68.2,69.5,70.0,74.3,76.1,76.9,79.6",28.5,999.0,999.0,999,999,0
999,999999,"79.7,80.9,82.2,83.2,85.9,90.5,90.6",28.7,999.0,999.0,999,999,0
999,999999,"72.1,73.3,150.6,78.0,79.0",29.3,999.0,999.0,999,999,0
999,999999,"77.4,74.2,74.9,78.6,78.9,79.5,80.8,80.6,81.5",29.5,999.0,999.0,999,999,0
999,999999,"76.6,77.5,79.1,81.7,81.8,79.9,80.6,81.5,81.9,83.6",28.7,999.0,999.0,999,999,0
999,999999,"95.2,94.5,94.8,95.6,97.2,98.9",29.1,999.0,999.0,999,999,0
999,999999,"70.0,71.3,72.7,73.7,74.5",29.8,999.0,999.0,999,999,0
999,999999,"87.9,89.0,86.7,87.4,90.4,91.9,93.5,91.7",29.2,999.0,999.0,999,999,0
999,999999,"115.2,113.3,114.8,116.0,116.5",29.2,999.0,999.0,999,999,0
999,999999,"176.2,95.9,96.2,97.9,98.5,99.7",29.7,999.0,999.0,999,999,0
999,999999,"68.0,141.0,69.8,70.8,71.6,73.0,72.2",30.2,999.0,999.0,999,999,0
999,999999,"83.9,82.1,82.1,84.0,87.1,87.8",30.1,999.0,999.0,999,999,0
999,999999,"89.6,90.0,95.8,97.8,99.7",30.1,999.0,999.0,999,999,0
999,999999,"87.8,88.7,90.0,92.7,93.5",29.7,999.0,999.0,999,999,0
999,999999,"105.4,109.8,110.8,109.1,111.1",29.8,999.0,999.0,999,999,0
999,999999,"95.0,96.1,95.8,96.8,94.6,98.4,99.0,100.1,101.1",30.0,999.0,999.0,999,999,0
999,999999,"97.9,99.2,100.7,103.5,104.8,104.4,104.5,106.3,106.9,104.6",30.4,999.0,999.0,999,999,0
999,999999,"87.3,87.4,89.6,87.3,88.4,90.4",30.7,999.0,999.0,999,999,0
999,999999,"71.1,72.8,73.3,76.1,76.9,79.1,80.8,83.9,87.6,88.4",30.2,999.0,999.0,999,999,0
999,999999,"89.9,91.3,92.8,90.2,90.4,91.5,93.0,94.8",30.7,999.0,999.0,999,999,0
999,999999,"155.6,22.3,85.5,88.4,88.9,90.1,91.7",30.6,999.0,999.0,999,999,0
999,999999,"82.5,85.2,84.4,86.7,87.7,88.9,90.0,90.1,90.5",30.5,999.0,999.0,999,999,0
999,999999,"70.6,75.2,126.6,78.3,78.1,79.7,82.7",30.6,999.0,999.0,999,999,0
999,999999,"96.6,99.4,100.9,103.5,104.1,104.1,104.4,103.4",31.4,999.0,999.0,999,999,0
999,999999,"99.2,100.9,101.8,103.7,103.8,104.7,106.7,108.3,110.0",31.6,999.0,999.0,999,999,0
999,999999,"106.5,103.6,106.7,106.3,112.1,114.5,119.7",31.8,999.0,999.0,999,999,0
999,999999,"94.9,95.6,96.1,172.9,93.4,95.0,98.1,100.3",31.4,999.0,999.0,999,999,0
999,999999,"99.9,103.0,102.1,102.4,105.3,108.7,109.2",31.8,999.0,999.0,999,999,0
999,999999,"94.7,96.0,97.4,98.8,100.1,93.7,96.4,99.9,100.0,102.2",31.7,999.0,999.0,999,999,0
999,999999,"85.8,27.1,86.4,91.0,93.2",31.3,999.0,999.0,999,999,0
999,999999,"90.5,90.4,92.7,96.2,99.1,101.2,104.2,104.4",31.5,999.0,999.0,999,999,0
999,999999,"106.7,108.6,110.9,112.1,114.6",31.8,999.0,999.0,999,999,0
999,999999,"75.9,80.1,80.8,81.9,81.9,83.1,85.1,87.4,89.5,89.0",32.0,999.0,999.0,999,999,0
999,999999,"100.0,101.9,103.8,106.2,108.2,27.2,111.1,111.2,111.2",32.6,999.0,999.0,999,999,0
999,999999,"76.9,78.3,79.7,81.9,83.0,83.9,86.1,87.6",31.8,999.0,999.0,999,999,0
999,999999,"109.2,109.6,110.7,112.5,114.3",32.0,999.0,999.0,999,999,0
999,999999,"85.1,86.6,88.3,90.5,93.1,91.7,93.5,97.0,98.6",31.9,999.0,999.0,999,999,0
999,999999,"73.3,74.7,72.1,71.6,72.1",32.5,999.0,999.0,999,999,0
999,999999,"79.8,82.5,83.6,85.2,88.6,90.1,93.3",32.7,999.0,999.0,999,999,0
999,999999,"104.6,99.5,101.9,100.0,101.6,101.9,104.5,106.8,110.2",32.6,999.0,999.0,999,999,0
999,999999,"69.1,71.9,72.1,72.2,76.6,75.9,76.8,77.6",33.1,999.0,999.0,999,999,0
999,999999,"139.9,96.2,94.2,95.6,96.6,100.9,96.5",32.7,999.0,999.0,999,999,0
999,999999,"107.3,110.1,112.0,111.9,113.0,20.3,112.5,114.3,116.4",33.1,999.0,999.0,999,999,0
999,999999,"72.1,74.5,77.0,76.5,77.4,76.0",33.5,999.0,999.0,999,999,0
999,999999,"92.9,94.6,92.7,96.5,95.7,96.3,97.1",32.9,999.0,999.0,999,999,0
999,999999,"100.4,100.0,101.2,102.9,104.5,106.3,107.7",32.9,999.0,999.0,999,999,0
999,999999,"72.2,73.9,73.4,74.8,76.0,77.6,81.3",33.2,999.0,999.0,999,999,0
999,999999,"60.9,63.1,64.5,66.5,66.8,67.3,69.6,126.7,69.7,72.7",33.8,999.0,999.0,999,999,0
999,999999,"104.3,106.0,108.8,106.2,194.5,108.3,108.5,110.3,112.4",33.7,999.0,999.0,999,999,0
999,999999,"68.7,70.7,71.8,70.3,72.3,74.2",33.6,999.0,999.0,999,999,0
999,999999,"111.4,143.0,109.6,110.7,109.0",33.5,999.0,999.0,999,999,0
999,999999,"96.1,95.7,97.8,98.1,100.1,100.6",34.4,999.0,999.0,999,999,0
999,999999,"91.1,90.7,92.9,94.0,94.2,97.2,98.5,96.5,98.7",34.2,999.0,999.0,999,999,0
999,999999,"126.1,104.5,109.8,111.0,111.5,112.6",34.2,999.0,999.0,999,999,0
999,999999,"117.1,116.9,116.6,117.0,117.5,119.5",34.4,999.0,999.0,999,999,0
999,999999,"103.8,104.3,105.2,104.6,108.3,110.3,109.5",34.5,999.0,999.0,999,999,0
999,999999,"89.9,91.8,92.3,94.0,94.7,97.2,99.5,102.1",34.1,999.0,999.0,999,999,0
999,999999,"62.8,63.3,65.4,67.5,67.3,68.3,69.6,72.1,73.3,73.6",34.2,999.0,999.0,999,999,0
999,999999,"109.1,110.5,112.4,113.3,114.2,115.7,116.2,117.1",34.4,999.0,999.0,999,999,0
999,999999,"61.5,60.6,62.3,64.5,66.2,65.5,70.8,71.7,74.8",34.2,999.0,999.0,999,999,0
999,999999,"62.9,63.4,66.3,154.7,70.0,17.0",35.2,999.0,999.0,999,999,0
999,999999,"103.9,104.0,105.9,107.4,109.1,109.6,111.3,113.7",34.5,999.0,999.0,999,999,0
999,999999,"67.0,199.9,69.7,68.4,70.0,71.7",10.2,999.0,999.0,999,999,0
999,999999,"71.7,75.6,77.2,77.4,77.7,78.3,78.4",9.8,999.0,999.0,999,999,0
999,999999,"84.4,85.9,86.1,87.2,87.0,88.4",10.6,999.0,999.0,999,999,0
999,999999,"86.9,89.3,89.5,90.5,92.4,95.1,95.6,99.4",10.2,999.0,999.0,999,999,0
999,999999,"81.1,83.8,84.5,88.7,91.2,90.1,88.8,92.0",10.2,999.0,999.0,999,999,0
999,999999,"58.3,60.5,61.7,65.0,66.4,68.0,67.3,71.0,71.3,70.9",10.8,999.0,999.0,999,999,0
999,999999,"71.2,72.4,72.0,75.4,77.6,78.8,80.6,83.6,85.2,89.8",10.4,999.0,999.0,999,999,0
999,999999,"112.6,113.5,114.8,115.2,116.0,117.5,116.4",10.6,999.0,999.0,999,999,0
999,999999,"93.7,98.0,28.4,98.6,99.9,101.8,99.7,101.3",11.1,999.0,999.0,999,999,0
999,999999,"97.1,103.2,103.8,106.1,107.6,108.3,111.8",11.3,999.0,999.0,999,999,0
999,999999,"58.0,59.5,58.4,58.6,73.1,73.8,75.6,74.7,17.7",11.0,999.0,999.0,999,999,0
999,999999,"85.6,86.9,84.4,85.8,86.9,88.3,92.6",11.0,999.0,999.0,999,999,0
999,999999,"93.1,95.6,98.1,98.6,99.8,101.7",11.2,999.0,999.0,999,999,0
999,999999,"101.3,101.5,104.2,107.0,107.9,109.2,109.4,110.3,110.2,109.6",11.7,999.0,999.0,999,999,0
999,999999,"180.1,99.6,95.8,97.0,101.4,104.1",11.8,999.0,999.0,999,999,0
999,999999,"101.2,103.4,103.5,104.7,105.5",11.8,999.0,999.0,999,999,0
999,999999,"81.2,83.3,80.6,82.6,78.9,79.4,80.6,82.1,113.3",11.3,999.0,999.0,999,999,0
999,999999,"85.6,87.8,90.2,91.3,92.6,94.3,97.5,98.4,101.2,102.2",12.0,999.0,999.0,999,999,0
999,999999,"81.8,83.2,85.5,86.9,90.1,91.7,94.3,95.6",11.8,999.0,999.0,999,999,0
999,999999,"109.1,106.3,112.1,111.6,112.3,111.0,114.1",11.6,999.0,999.0,999,999,0
999,999999,"91.8,93.5,17.5,96.3,97.1,99.4,100.8,101.8",12.0,999.0,999.0,999,999,0
999,999999,"112.3,114.5,114.7,116.3,118.9,117.6,116.5,117.9",12.5,999.0,999.0,999,999,0
999,999999,"99.1,101.1,101.6,104.5,106.5,106.5,108.3,110.8,113.1",11.9,999.0,999.0,999,999,0
999,999999,"102.9,103.4,105.6,105.8,108.0,111.1,115.1",12.0,999.0,999.0,999,999,0
999,999999,"97.1,97.4,96.1,98.0,100.2",12.3,999.0,999.0,999,999,0
999,999999,"96.6,96.3,101.2,100.5,99.7,102.1,99.6,103.0,104.0",12.8,999.0,999.0,999,999,0
999,999999,"87.3,87.6,88.9,88.8,89.6,90.2,90.8,94.3,96.1",12.2,999.0,999.0,999,999,0
999,999999,"77.4,78.4,79.9,81.7,83.4,86.0,86.6,88.5,89.3",12.4,999.0,999.0,999,999,0
999,999999,"105.3,105.3,104.5,107.4,110.4,113.1,115.0",12.8,999.0,999.0,999,999,0
999,999999,"98.0,100.5,102.9,103.9,105.2,106.3,105.9",12.6,999.0,999.0,999,999,0
999,999999,"93.6,94.8,95.8,94.4,96.3,97.8,99.4",13.4,999.0,999.0,999,999,0
999,999999,"73.8,74.7,74.7,80.5,82.5",13.5,999.0,999.0,999,999,0
999,999999,"86.4,84.6,86.2,87.7,87.4,89.6,91.4,91.0,92.9,95.5",13.4,999.0,999.0,999,999,0
999,999999,"101.9,104.1,104.3,108.8,112.2,112.3,111.7,113.5",13.6,999.0,999.0,999,999,0
999,999999,"90.5,118.6,91.6,92.5,93.1",12.9,999.0,999.0,999,999,0
999,999999,"97.1,154.7,99.5,100.7,102.4,103.3,103.5",13.1,999.0,999.0,999,999,0
999,999999,"75.4,76.1,76.3,76.8,77.9,77.4,76.3,74.6,74.6",13.6,999.0,999.0,999,999,0
999,999999,"110.3,111.3,112.7,112.5,115.8,117.5,118.2,119.7",14.1,999.0,999.0,999,999,0
999,999999,"108.0,109.9,111.4,113.7,194.0",14.2,999.0,999.0,999,999,0
999,999999,"103.8,104.7,108.3,110.2,111.0,111.6,112.4,109.0,111.9",13.7,999.0,999.0,999,999,0
999,999999,"107.4,107.0,108.7,109.1,109.0,111.5,113.4,114.9,116.4,118.1",13.8,999.0,999.0,999,999,0
999,999999,"107.2,108.1,109.5,112.6,114.7",13.7,999.0,999.0,999,999,0
999,999999,"84.2,85.4,86.2,86.7,87.3,91.2,94.0,95.1,95.2",14.3,999.0,999.0,999,999,0
999,999999,"74.0,73.9,73.0,74.6,76.5,79.2,78.2,79.2,79.4",14.6,999.0,999.0,999,999,0
999,999999,"92.7,96.5,99.9,96.9,97.5,97.2,97.4",14.5,999.0,999.0,999,999,0
999,999999,"122.4,79.8,81.7,81.5,81.5",14.4,999.0,999.0,999,999,0
999,999999,"86.3,88.4,87.0,88.8,89.7,92.0,94.6,95.2,98.3",14.2,999.0,999.0,999,999,0
999,999999,"87.8,89.4,90.8,29.0,90.2,90.3,88.7,90.1,91.2,92.8",14.2,999.0,999.0,999,999,0
999,999999,"80.6,82.1,83.7,85.6,88.1,89.0",14.3,999.0,999.0,999,999,0
999,999999,"106.4,107.6,111.0,111.3,113.7",15.2,999.0,999.0,999,999,0
999,999999,"73.9,75.4,77.7,80.7,83.8,87.8,87.7,89.7,90.4,89.5",14.6,999.0,999.0,999,999,0
999,999999,"85.9,81.8,82.7,82.6,83.5,85.4,86.0,87.8,88.0,138.8",14.6,999.0,999.0,999,999,0
999,999999,"84.0,86.3,83.5,83.4,82.5,83.6,85.5,86.7",14.8,999.0,999.0,999,999,0
999,999999,"84.7,84.3,89.0,91.6,93.9,94.5,94.0,94.3",15.1,999.0,999.0,999,999,0
999,999999,"86.7,88.1,87.6,89.2,92.4,91.7,95.1",15.3,999.0,999.0,999,999,0
999,999999,"113.6,112.2,112.1,110.6,112.2,110.9,113.2,113.4,114.4",15.3,999.0,999.0,999,999,0
999,999999,"115.1,115.7,117.0,116.7,117.4,120.8,118.9",15.7,999.0,999.0,999,999,0
999,999999,"93.4,95.3,95.4,97.1,96.2,98.9,100.8",15.5,999.0,999.0,999,999,0
999,999999,"67.4,69.8,73.6,74.8,74.5,76.8,80.5,81.6,82.2",16.3,999.0,999.0,999,999,0
999,999999,"96.5,99.0,102.4,103.3,107.6,109.5,113.6,114.5,116.5",16.0,999.0,999.0,999,999,0
999,999999,"94.0,96.2,97.7,99.2,99.1,99.3,100.9,100.6",15.8,999.0,999.0,999,999,0
999,999999,"99.5,101.1,101.9,104.8,105.7,107.3,108.0,108.0,102.6,103.8",16.1,999.0,999.0,999,999,0
999,999999,"84.1,86.7,87.7,87.9,88.9,90.6,93.6",15.9,999.0,999.0,999,999,0
999,999999,"76.7,78.0,78.3,80.1,78.6,80.9,82.4,83.9,84.8,83.2",16.2,999.0,999.0,999,999,0
999,999999,"87.2,87.3,88.6,89.7,91.5,92.9,96.2,95.4,96.4,98.7",16.0,999.0,999.0,999,999,0
999,999999,"99.5,99.9,102.3,102.4,100.9,102.5",16.3,999.0,999.0,999,999,0
999,999999,"17.1,72.7,73.6,71.4,71.1,72.7,73.5,75.7,75.3",16.9,999.0,999.0,999,999,0
999,999999,"69.6,72.9,28.6,71.5,72.9,71.1,74.2,75.8,76.7,76.1",16.4,999.0,999.0,999,999,0
999,999999,"112.6,113.7,114.5,112.9,113.5,114.6,115.0,113.5",16.7,999.0,999.0,999,999,0
999,999999,"104.6,105.3,106.6,107.4,108.1",17.0,999.0,999.0,999,999,0
999,999999,"74.1,75.3,72.4,73.0,71.9,72.8,74.1",16.8,999.0,999.0,999,999,0
999,999999,"94.6,94.6,92.8,93.9,92.9,93.1,93.1,94.7,94.9",16.9,999.0,999.0,999,999,0
999,999999,"96.4,98.6,100.0,102.0,102.6,103.7,105.0,106.6,110.7,113.7",17.5,999.0,999.0,999,999,0
999,999999,"77.4,76.4,76.7,78.6,79.5",17.5,999.0,999.0,999,999,0
999,999999,"77.4,80.3,81.8,81.0,104.0",17.3,999.0,999.0,999,999,0
999,999999,"77.9,79.4,81.1,86.4,86.8,89.5,89.6,91.9,93.2,96.7",17.1,999.0,999.0,999,999,0
999,999999,"100.8,92.5,93.3,98.6,98.6,98.3",17.8,999.0,999.0,999,999,0
999,999999,"110.3,110.7,113.6,114.9,113.1,19.1",17.4,999.0,999.0,999,999,0
999,999999,"99.9,99.2,96.4,98.9,97.9,98.4,102.3,104.6,106.1,108.8",18.2,999.0,999.0,999,999,0
999,999999,"92.3,95.5,95.2,92.3,90.3,90.2,91.6",17.7,999.0,999.0,999,999,0
999,999999,"91.1,92.4,94.5,95.7,97.1,98.3,102.1,16.3,104.6,106.9",17.9,999.0,999.0,999,999,0
999,999999,"102.6,101.7,104.1,194.3,105.5,106.6,108.5,110.1,108.5",17.8,999.0,999.0,999,999,0
999,999999,"96.2,97.5,98.2,99.7,101.3,103.8,104.4,107.8",17.7,999.0,999.0,999,999,0
999,999999,"72.9,77.3,80.6,82.5,83.4,83.3,84.3,86.8,88.4",18.6,999.0,999.0,999,999,0
999,999999,"108.3,109.8,112.0,112.0,115.1,116.7,116.9,117.4",18.3,999.0,999.0,999,999,0
999,999999,"82.5,83.9,85.8,86.3,86.2,87.9,89.6,92.2,93.5,91.5",18.3,999.0,999.0,999,999,0
999,999999,"90.5,90.8,89.5,92.5,94.7,97.1,98.3,98.2",18.7,999.0,999.0,999,999,0
999,999999,"86.8,88.3,89.4,89.5,91.4,94.3",19.0,999.0,999.0,999,999,0
999,999999,"99.4,17.4,100.3,101.9,102.1",19.0,999.0,999.0,999,999,0
999,999999,"105.3,102.5,27.1,101.8,100.7,102.8,157.1,105.0",18.5,999.0,999.0,999,999,0
999,999999,"20.3,84.6,87.9,90.3,90.8,93.6,92.5,97.3,96.8,94.7",19.4,999.0,999.0,999,999,0
999,999999,"96.7,25.7,100.6,103.1,104.8,103.2,104.3",19.1,999.0,999.0,999,999,0
999,999999,"102.1,101.8,105.5,105.2,19.3",19.0,999.0,999.0,999,999,0
999,999999,"92.5,92.5,94.3,96.4,94.0,94.5,96.4,100.8",19.2,999.0,999.0,999,999,0
999,999999,"88.1,88.5,92.6,94.6,94.2",19.2,999.0,999.0,999,999,0
999,999999,"97.8,99.4,99.4,100.5,101.3,102.4",19.5,999.0,999.0,999,999,0
999,999999,"104.4,106.1,106.6,110.0,113.4",19.2,999.0,999.0,999,999,0
999,999999,"98.2,99.8,101.4,102.3,104.4,104.6,102.9,102.5",19.3,999.0,999.0,999,999,0
999,999999,"60.9,62.7,117.7,62.8,64.9,67.6,69.1,73.8,75.4,79.5",20.1,999.0,999.0,999,999,0
999,999999,"85.8,89.8,92.5,94.7,98.5",20.4,999.0,999.0,999,999,0
999,999999,"75.0,72.7,72.7,74.3,74.8",20.0,999.0,999.0,999,999,0
999,999999,"61.9,61.7,62.3,64.3,67.1,68.5,70.4,71.5,72.9,73.9",20.1,999.0,999.0,999,999,0
999,999999,"117.7,114.0,115.9,117.2,127.5",20.1,999.0,999.0,999,999,0
999,999999,"87.2,86.6,88.2,91.0,92.3,94.0,94.0,95.6,97.7",19.8,999.0,999.0,999,999,0
999,999999,"71.2,71.8,72.3,72.7,72.3,72.4,78.0,77.2,25.8",19.9,999.0,999.0,999,999,0
999,999999,"75.3,75.0,75.5,77.6,77.6",20.8,999.0,999.0,999,999,0
999,999999,"89.7,89.7,89.8,90.7,88.9,93.8,92.6,93.6,96.1",20.5,999.0,999.0,999,999,0
999,999999,"82.8,84.2,86.6,85.0,85.8,88.2,90.8",21.2,999.0,999.0,999,999,0
999,999999,"100.4,101.1,102.5,103.9,105.9,107.5,109.4,112.0,186.7,114.7",20.9,999.0,999.0,999,999,0
999,999999,"111.5,110.3,113.0,114.6,111.8,114.5,115.7,118.9,119.7",21.3,999.0,999.0,999,999,0
999,999999,"107.7,110.7,112.4,112.9,114.5,115.9",20.8,999.0,999.0,999,999,0
999,999999,"111.9,113.3,114.9,113.7,113.5,115.8,16.7,116.6,117.9",20.6,999.0,999.0,999,999,0
999,999999,"91.6,92.7,90.9,91.0,93.3,95.5,97.8",20.8,999.0,999.0,999,999,0
999,999999,"69.8,70.3,71.4,70.8,73.3,74.7,76.6,75.2",21.3,999.0,999.0,999,999,0
999,999999,"91.4,90.5,92.4,95.5,99.5,20.1",21.8,999.0,999.0,999,999,0
999,999999,"77.6,78.2,78.6,79.7,196.5",21.6,999.0,999.0,999,999,0
999,999999,"74.6,76.4,77.6,77.7,80.2",21.1,999.0,999.0,999,999,0
999,999999,"72.3,74.2,74.2,78.0,77.3,80.2",21.5,999.0,999.0,999,999,0
999,999999,"71.2,73.9,72.4,73.1,74.7,77.0,78.0",21.6,999.0,999.0,999,999,0
999,999999,"69.9,72.2,73.6,20.5,84.5,85.8",22.3,999.0,999.0,999,999,0
999,999999,"77.2,78.2,79.8,80.6,82.0,84.9,85.5,87.2",22.2,999.0,999.0,999,999,0
999,999999,"99.2,105.8,108.9,109.5,26.2,111.8,114.0,115.8,116.8,117.5",22.1,999.0,999.0,999,999,0
999,999999,"111.3,111.3,109.4,107.4,107.8,108.9,108.6",22.1,999.0,999.0,999,999,0
999,999999,"102.7,108.3,110.5,109.2,111.1,111.5,111.6,112.3,112.5",22.3,999.0,999.0,999,999,0
999,999999,"84.3,83.6,84.1,85.2,85.8,85.3,86.2,87.1,85.6,86.7",22.1,999.0,999.0,999,999,0
999,999999,"75.3,75.8,78.3,78.7,80.5,80.7,83.9,86.1,88.0",22.8,999.0,999.0,999,999,0
999,999999,"70.4,71.4,74.3,74.9,77.8,78.3,78.7,78.5,72.8,73.6",22.3,999.0,999.0,999,999,0
999,999999,"108.1,109.7,109.8,109.9,105.2",22.4,999.0,999.0,999,999,0
999,999999,"97.8,99.4,99.7,100.8,102.9,105.4,106.5",22.6,999.0,999.0,999,999,0
999,999999,"79.2,79.5,82.5,85.8,85.6",22.6,999.0,999.0,999,999,0
999,999999,"100.7,102.0,28.1,104.2,105.7,106.6,108.4",22.8,999.0,999.0,999,999,0
999,999999,"85.4,86.1,88.0,89.8,85.9",23.4,999.0,999.0,999,999,0
999,999999,"109.0,108.5,106.1,106.8,107.0,110.2,111.5,110.2,109.3",23.6,999.0,999.0,999,999,0
999,999999,"77.9,77.7,80.2,79.2,82.3,83.6,173.3,86.4,89.5",23.4,999.0,999.0,999,999,0
999,999999,"82.7,83.5,108.1,88.3,86.3,88.3,90.7,90.1",23.4,999.0,999.0,999,999,0
999,999999,"95.5,98.2,100.4,99.9,102.5,102.6,104.3,105.5,105.0,106.9",23.2,999.0,999.0,999,999,0
999,999999,"15.4,110.8,113.1,115.1,117.4,113.8,115.1,116.2",24.1,999.0,999.0,999,999,0
999,999999,"73.9,73.3,73.7,75.2,76.1,77.6,158.8,80.7,80.7,82.0",24.1,999.0,999.0,999,999,0
999,999999,"72.2,72.6,75.6,77.0,79.6,81.6,83.8",23.5,999.0,999.0,999,999,0
999,999999,"103.4,104.6,110.6,112.1,113.5,114.9,116.7,115.2,115.8",23.4,999.0,999.0,999,999,0
999,999999,"110.2,111.3,111.8,111.8,110.3,110.4",24.3,999.0,999.0,999,999,0
999,999999,"91.5,92.6,94.3,99.7,100.7,104.5,102.2,103.3,104.9,107.2",24.0,999.0,999.0,999,999,0
999,999999,"89.3,92.0,93.2,93.4,94.8,95.0,96.6,94.5,98.6",24.6,999.0,999.0,999,999,0
999,999999,"84.8,85.1,86.0,88.0,89.0",24.1,999.0,999.0,999,999,0
999,999999,"70.4,73.2,73.9,77.0,79.2,78.8,77.1,86.0,85.5",24.8,999.0,999.0,999,999,0
999,999999,"90.0,92.3,94.8,98.8,98.3",24.1,999.0,999.0,999,999,0
999,999999,"72.9,75.9,76.4,77.2,80.1,82.1,82.5,84.1,86.1,85.8",24.6,999.0,999.0,999,999,0
999,999999,"104.2,26.8,106.4,107.8,107.5",24.8,999.0,999.0,999,999,0
999,999999,"73.7,74.0,75.6,77.8,79.2,80.2,81.4,84.4,85.4",24.5,999.0,999.0,999,999,0
999,999999,"62.1,64.8,65.6,68.1,70.1,71.1,119.4,75.1,76.4,77.0",25.1,999.0,999.0,999,999,0
999,999999,"106.7,107.3,108.2,109.4,20.2",25.0,999.0,999.0,999,999,0
999,999999,"61.2,63.7,64.4,67.0,64.1,65.0,71.7,71.8,74.3",25.4,999.0,999.0,999,999,0
999,999999,"95.1,96.8,95.7,103.2,102.9,104.7,102.7,104.3,106.4",24.8,999.0,999.0,999,999,0
999,999999,"93.3,95.9,97.9,99.8,99.1,103.5,103.0",25.7,999.0,999.0,999,999,0
999,999999,"67.9,69.7,70.3,74.2,73.8",25.2,999.0,999.0,999,999,0
999,999999,"64.7,65.9,67.9,69.3,70.2,71.7,69.8,70.4,71.0",25.7,999.0,999.0,999,999,0
999,999999,"73.7,72.4,74.4,23.9,78.2,83.9,85.0",25.9,999.0,999.0,999,999,0
999,999999,"64.7,67.9,148.8,71.6,72.5,76.2",25.6,999.0,999.0,999,999,0
999,999999,"69.7,70.5,74.4,75.6,77.6,80.9,81.4",25.9,999.0,999.0,999,999,0
999,999999,"111.7,115.3,117.7,118.7,119.7",25.8,999.0,999.0,999,999,0
999,999999,"75.9,76.3,77.1,77.9,78.4,80.3,82.0,84.0,86.7,88.8",26.1,999.0,999.0,999,999,0
999,999999,"66.0,67.0,69.4,72.3,75.3,75.4,77.5,78.1,78.3",25.9,999.0,999.0,999,999,0
999,999999,"93.3,94.8,94.9,100.1,100.6,99.5,102.8",26.1,999.0,999.0,999,999,0
999,999999,"68.3,68.7,71.1,101.0,72.6",26.3,999.0,999.0,999,999,0
999,999999,"109.3,109.9,110.8,112.1,113.0",26.4,999.0,999.0,999,999,0
999,999999,"82.0,83.0,80.7,82.8,86.2,84.3,84.9,87.5,89.4,91.3",26.6,999.0,999.0,999,999,0
999,999999,"99.8,101.7,102.8,102.2,105.0",26.3,999.0,999.0,999,999,0
999,999999,"88.7,90.8,91.3,92.7,94.3,96.6",26.3,999.0,999.0,999,999,0
999,999999,"61.0,63.4,64.4,66.4,70.6",26.4,999.0,999.0,999,999,0
999,999999,"75.0,77.3,80.0,81.9,84.6",27.0,999.0,999.0,999,999,0
999,999999,"105.6,107.1,24.6,110.1,110.2,107.7,107.7",26.8,999.0,999.0,999,999,0
999,999999,"108.6,111.8,118.3,115.6,117.8,118.2,116.9,119.8,119.9",27.2,999.0,999.0,999,999,0
999,999999,"76.6,78.6,79.3,83.8,86.2",27.2,999.0,999.0,999,999,0
999,999999,"108.8,108.7,108.7,107.4,109.9,104.3,105.6,106.3,106.8",27.5,999.0,999.0,999,999,0
999,999999,"82.6,83.1,85.4,88.1,89.7,89.6,90.6,92.7",27.0,999.0,999.0,999,999,0
999,999999,"86.8,89.4,90.8,25.8,92.5",27.1,999.0,999.0,999,999,0
999,999999,"60.6,62.9,63.1,65.5,68.3,70.7",27.7,999.0,999.0,999,999,0
999,999999,"63.3,65.2,67.5,65.5,66.2,67.4,66.7,68.7,70.2",27.5,999.0,999.0,999,999,0
999,999999,"87.5,89.1,87.8,88.2,86.3,87.7",27.9,999.0,999.0,999,999,0
999,999999,"111.7,112.9,112.9,112.0,113.9,113.7,115.6",28.1,999.0,999.0,999,999,0
999,999999,"69.2,70.3,68.6,70.8,70.8,69.5,69.0,71.5",27.5,999.0,999.0,999,999,0
999,999999,"80.7,82.0,84.2,86.8,172.6,87.7,89.2",28.0,999.0,999.0,999,999,0
999,999999,"86.8,88.1,89.5,92.4,92.8,92.7",28.0,999.0,999.0,999,999,0
999,999999,"103.7,105.4,103.9,105.4,109.9,110.3,113.4,113.9",28.7,999.0,999.0,999,999,0
999,999999,"73.1,74.5,76.1,75.8,78.2,79.8",28.1,999.0,999.0,999,999,0
999,999999,"68.4,69.2,72.1,112.8,71.1,73.1,78.7,80.9,81.4",28.2,999.0,999.0,999,999,0
999,999999,"82.0,82.1,81.3,82.5,83.7,87.0,88.4,90.5,91.6,93.2",28.3,999.0,999.0,999,999,0
999,999999,"159.5,111.8,111.9,109.4,112.0",28.9,999.0,999.0,999,999,0
999,999999,"87.3,82.6,81.2,82.8,83.1",29.2,999.0,999.0,999,999,0
999,999999,"76.5,78.5,80.5,78.7,78.3",29.0,999.0,999.0,999,999,0
999,999999,"70.6,69.0,72.6,73.9,75.7,77.1,77.9,80.4,80.2",29.2,999.0,999.0,999,999,0
999,999999,"80.6,80.9,79.7,81.2,81.9,83.2,84.0,83.6",28.8,999.0,999.0,999,999,0
999,999999,"109.8,109.9,110.1,108.3,109.8,110.3",29.6,999.0,999.0,999,999,0
999,999999,"95.3,96.7,97.7,100.5,102.5,101.7,111.1,114.5,116.8",29.2,999.0,999.0,999,999,0
999,999999,"87.9,90.2,90.4,91.9,94.6,92.1,90.6,92.2,94.3",29.6,999.0,999.0,999,999,0
999,999999,"109.0,112.0,115.0,115.4,117.6,116.7,117.8",29.4,999.0,999.0,999,999,0
999,999999,"82.8,83.8,85.3,85.1,86.4,90.2,92.0,93.5",29.6,999.0,999.0,999,999,0
999,999999,"68.5,73.2,70.6,72.5,71.4,71.7,72.3,73.1",29.8,999.0,999.0,999,999,0
999,999999,"115.9,116.2,116.2,118.4,121.1,115.1,117.7",29.6,999.0,999.0,999,999,0
999,999999,"106.2,106.8,108.4,108.3,109.7,178.3",29.9,999.0,999.0,999,999,0
999,999999,"134.9,115.4,116.9,118.3,119.7,121.6,117.1,118.3",30.1,999.0,999.0,999,999,0
999,999999,"85.9,85.7,85.4,86.6,88.6,90.3,91.7,92.3,93.5",29.7,999.0,999.0,999,999,0
999,999999,"108.9,111.2,112.4,112.4,113.8,114.2,114.9,114.3,115.4,115.1",29.9,999.0,999.0,999,999,0
999,999999,"100.6,103.2,102.5,101.4,103.0,104.3",29.9,999.0,999.0,999,999,0
999,999999,"90.0,90.5,90.5,92.5,93.2,94.8",30.1,999.0,999.0,999,999,0
999,999999,"76.3,77.6,78.7,80.1,81.3,83.0,87.9,91.0",30.5,999.0,999.0,999,999,0
999,999999,"95.5,99.2,102.7,103.9,104.9,106.5,108.7",30.8,999.0,999.0,999,999,0
999,999999,"72.9,75.2,75.7,76.2,79.1,104.6,83.8",30.3,999.0,999.0,999,999,0
999,999999,"106.4,109.4,110.1,106.9,107.0,105.8,103.5,104.6,106.2,109.9",30.7,999.0,999.0,999,999,0
999,999999,"61.1,63.1,65.3,66.5,67.1,69.2,71.4",30.8,999.0,999.0,999,999,0
999,999999,"73.5,72.5,74.4,76.8,78.5",31.2,999.0,999.0,999,999,0
999,999999,"72.6,22.2,73.8,74.6,76.1,76.0,77.1,77.4",31.2,999.0,999.0,999,999,0
999,999999,"100.6,101.7,103.1,104.7,108.8,108.9",31.1,999.0,999.0,999,999,0
999,999999,"71.2,70.9,73.0,75.3,76.9,79.7,80.8,82.7,81.4",31.5,999.0,999.0,999,999,0
999,999999,"75.0,77.9,78.3,79.3,77.0,78.1,77.5,76.6,77.9,79.2",31.2,999.0,999.0,999,999,0
999,999999,"80.7,81.7,84.7,85.7,86.2,86.3,88.4,87.9,15.7,90.1",31.7,999.0,999.0,999,999,0
999,999999,"96.7,97.5,100.7,99.7,100.1,103.5,105.2,106.3,107.7",31.8,999.0,999.0,999,999,0
999,999999,"93.4,95.9,99.5,102.0,103.2,103.1",31.5,999.0,999.0,999,999,0
999,999999,"70.9,70.6,72.9,73.1,75.4,77.1",31.4,999.0,999.0,999,999,0
999,999999,"80.6,81.4,83.9,87.6,89.4,88.4",31.5,999.0,999.0,999,999,0
999,999999,"96.2,98.0,99.1,99.9,100.6,101.6,103.2",31.7,999.0,999.0,999,999,0
999,999999,"81.1,79.6,81.1,80.8,84.7,87.2,89.3,90.6,92.1",32.5,999.0,999.0,999,999,0
999,999999,"83.4,159.4,80.0,81.7,81.9",31.9,999.0,999.0,999,999,0
999,999999,"192.1,107.8,108.3,109.0,109.8,111.3,113.0,114.5",32.2,999.0,999.0,999,999,0
999,999999,"69.9,70.7,71.7,72.9,74.0,75.3",32.3,999.0,999.0,999,999,0
999,999999,"89.2,90.1,90.6,94.8,96.1,98.5,130.3",32.7,999.0,999.0,999,999,0
999,999999,"69.4,71.3,174.8,76.2,78.2",32.7,999.0,999.0,999,999,0
999,999999,"79.1,76.9,78.9,79.4,80.4,80.4,82.3,82.4,83.9,85.0",32.7,999.0,999.0,999,999,0
999,999999,"111.0,112.0,112.7,113.1,112.7,24.3,115.0,115.7,116.9",32.8,999.0,999.0,999,999,0
999,999999,"96.3,96.9,96.7,96.8,98.6,102.0",32.7,999.0,999.0,999,999,0
999,999999,"77.5,77.1,78.5,79.8,25.3",32.6,999.0,999.0,999,999,0
999,999999,"97.3,99.2,98.8,99.4,102.9,105.1,105.5,106.6,101.6,108.8",33.5,999.0,999.0,999,999,0
999,999999,"61.5,62.5,64.8,67.2,71.5,70.0,72.1,74.0,75.4,78.5",33.1,999.0,999.0,999,999,0
999,999999,"86.2,85.8,16.3,86.9,89.0,90.4,91.3",33.6,999.0,999.0,999,999,0
999,999999,"108.8,110.0,110.4,109.4,109.7,109.8,108.5",33.0,999.0,999.0,999,999,0
999,999999,"104.6,105.1,107.1,107.5,109.0,111.0",33.2,999.0,999.0,999,999,0
999,999999,"65.9,65.9,68.4,69.4,69.6,71.4,73.5,75.3",33.9,999.0,999.0,999,999,0
999,999999,"96.5,97.4,99.1,100.7,97.4,98.4,100.1",33.7,999.0,999.0,999,999,0
999,999999,"103.9,107.8,108.6,111.4,112.6",33.9,999.0,999.0,999,999,0
999,999999,"87.8,91.4,92.8,93.9,94.9,97.1,97.3,97.0",34.3,999.0,999.0,999,999,0
999,999999,"74.2,76.7,77.6,83.5,85.9,88.3,89.9,90.5,91.5,93.6",34.5,999.0,999.0,999,999,0
999,999999,"90.5,91.5,93.3,93.7,96.7,95.1,134.6,91.3,92.5,95.0",34.1,999.0,999.0,999,999,0
999,999999,"65.3,66.9,69.7,72.0,74.8,77.5,79.2,76.2,80.3,80.6",34.2,999.0,999.0,999,999,0
999,999999,"102.2,100.8,103.3,104.8,181.3",34.7,999.0,999.0,999,999,0
999,999999,"88.2,89.7,90.3,89.9,91.9,92.7",33.9,999.0,999.0,999,999,0
999,999999,"101.0,102.3,104.2,104.3,105.9,108.6,109.2,105.7",34.8,999.0,999.0,999,999,0
999,999999,"81.3,83.3,85.3,87.2,89.9,90.3,92.1,92.6,26.9",34.2,999.0,999.0,999,999,0
999,999999,"104.1,103.8,105.9,105.3,104.8,108.0,111.7,112.8,114.3,115.1",35.1,999.0,999.0,999,999,0
999,999999,"77.6,78.5,77.4,77.5,79.5,79.0,82.5",34.8,999.0,999.0,999,999,0
999,999999,"99.3,99.8,102.2,102.5,104.3,107.0",35.2,999.0,999.0,999,999,0
999,999999,"105.0,107.9,110.1,110.6,27.6,114.3",20.3,999.0,999.0,999,999,0
999,999999,"87.0,88.9,89.2,92.3,90.7,95.1,96.1,98.6,99.1,100.5",28.2,999.0,999.0,999,999,0
999,999999,"102.3,102.8,103.7,103.4,106.2,107.7,148.0,108.9,105.1",20.1,999.0,999.0,999,999,0
999,999999,"72.6,75.4,75.3,77.0,75.6,74.3,74.4,77.4,78.5",12.0,999.0,999.0,999,999,0
999,999999,"75.2,76.6,74.3,75.1,76.7,77.4,79.6,82.2,85.6,196.8",21.1,999.0,999.0,999,999,0
999,999999,"99.7,101.0,104.7,105.6,107.2,107.9,110.4,113.9,113.0",16.8,999.0,999.0,999,999,0
999,999999,"69.1,70.8,72.6,75.8,76.7,78.0,77.7,80.7,81.7,84.7",28.5,999.0,999.0,999,999,0
999,999999,"103.8,102.8,100.9,101.7,101.9,101.9,105.5,107.2",12.5,999.0,999.0,999,999,0
999,999999,"25.1,100.2,100.1,101.2,103.6",20.3,999.0,999.0,999,999,0
999,999999,"74.6,75.7,74.6,75.4,78.2,80.7",21.7,999.0,999.0,999,999,0
999,999999,"99.8,101.5,103.1,102.2,102.6,102.7",31.8,999.0,999.0,999,999,0
999,999999,"69.4,69.6,72.9,74.4,75.5",31.4,999.0,999.0,999,999,0
999,999999,"109.1,110.2,110.7,107.5,114.3,111.4,113.4",17.9,999.0,999.0,999,999,0
999,999999,"91.0,92.0,94.8,94.5,96.3,21.6,101.2,104.0,104.8,107.1",30.7,999.0,999.0,999,999,0
999,999999,"103.7,105.0,107.8,110.0,111.3,112.3,150.8,116.8,118.3",18.5,999.0,999.0,999,999,0
999,999999,"92.8,94.7,97.3,100.3,102.2,98.0,99.4,106.8,109.8,111.7",22.1,999.0,999.0,999,999,0
999,999999,"100.7,102.0,105.4,105.5,106.2,107.0,107.3,107.5,109.5",20.2,999.0,999.0,999,999,0
999,999999,"83.3,84.9,87.2,87.1,90.5,93.6,92.7",21.3,999.0,999.0,999,999,0
999,999999,"66.7,70.9,73.0,75.1,77.1,77.8,80.1,81.2",25.5,999.0,999.0,999,999,0
999,999999,"64.7,65.6,67.1,70.0,69.5,71.7,74.0",23.4,999.0,999.0,999,999,0
999,999999,"104.6,170.8,108.1,105.8,107.8",24.4,999.0,999.0,999,999,0
999,999999,"88.3,89.4,89.2,89.3,88.6,90.6,89.2,89.8,91.7",16.3,999.0,999.0,999,999,0
999,999999,"102.2,103.4,102.6,105.3,105.4",10.6,999.0,999.0,999,999,0
999,999999,"75.4,73.9,153.9,74.7,76.1,77.6,79.0,28.3",19.2,999.0,999.0,999,999,0
999,999999,"72.2,74.6,75.8,76.7,77.5,72.7",34.1,999.0,999.0,999,999,0
999,999999,"148.2,88.1,90.1,93.0,94.9,95.1,94.3,94.7,96.3",26.3,999.0,999.0,999,999,0
999,999999,"71.9,72.5,71.7,73.4,75.3,77.6,79.0,80.4,78.0,79.5",14.6,999.0,999.0,999,999,0
999,999999,"68.1,68.3,70.5,70.4,70.7",23.2,999.0,999.0,999,999,0
999,999999,"85.2,86.4,90.0,92.5,88.8,89.5,91.3,91.4,90.9",29.5,999.0,999.0,999,999,0
999,999999,"95.3,97.4,101.3,101.4,103.8,103.6,104.4,107.2,108.5,109.7",29.2,999.0,999.0,999,999,0
999,999999,"116.0,115.4,115.5,115.2,115.2,117.0,118.2,118.8",12.2,999.0,999.0,999,999,0
999,999999,"107.6,109.2,110.5,113.0,115.2,111.5",26.3,999.0,999.0,999,999,0
999,999999,"92.7,91.9,93.8,94.4,96.3,97.8,96.6,97.7",30.8,999.0,999.0,999,999,0
999,999999,"94.4,94.7,96.1,97.1,96.4,97.3,98.9,99.6,101.8,103.6",16.2,999.0,999.0,999,999,0
999,999999,"85.8,88.6,88.0,89.8,92.7,93.4,94.5,96.0,98.2",12.0,999.0,999.0,999,999,0
999,999999,"66.0,71.1,72.2,70.4,72.9,73.5,75.1,77.1,79.9,19.0",10.6,999.0,999.0,999,999,0
999,999999,"87.3,86.4,87.0,88.4,90.2,94.2,95.5,190.4,94.2,96.3",33.8,999.0,999.0,999,999,0
999,999999,"66.0,68.3,68.8,69.6,71.5",19.2,999.0,999.0,999,999,0
999,999999,"18.4,85.5,85.2,85.2,86.3,86.1,88.2",14.5,999.0,999.0,999,999,0
999,999999,"103.8,100.4,101.0,104.6,107.3,107.9",32.3,999.0,999.0,999,999,0
999,999999,"89.0,91.6,93.1,94.6,95.2,95.7",15.7,999.0,999.0,999,999,0
999,999999,"70.9,72.1,81.6,79.4,81.0",26.5,999.0,999.0,999,999,0
999,999999,"110.4,109.6,112.0,110.6,111.9,113.1,141.6,116.6",32.7,999.0,999.0,999,999,0
999,999999,"79.5,82.6,84.0,85.1,86.8",29.1,999.0,999.0,999,999,0
999,999999,"101.9,101.7,104.0,104.6,105.0,106.0,101.6,100.5",31.5,999.0,999.0,999,999,0
999,999999,"69.1,69.4,71.1,73.1,73.2,73.9,17.7,75.0,76.1,78.6",12.0,999.0,999.0,999,999,0
999,999999,"77.7,79.0,27.3,82.6,84.0,145.2,90.7,93.9",28.7,999.0,999.0,999,999,0
999,999999,"74.6,76.2,78.0,83.0,83.2,84.9,83.8,85.7,86.7,88.2",29.4,999.0,999.0,999,999,0
999,999999,"66.4,68.6,67.1,68.6,107.1,71.9,76.0,78.4",27.8,999.0,999.0,999,999,0
999,999999,"67.4,67.1,67.9,70.4,72.6,71.4",29.4,999.0,999.0,999,999,0
999,999999,"87.3,87.7,86.5,88.4,89.3",15.2,999.0,999.0,999,999,0
999,999999,"105.7,109.7,111.5,114.4,112.3,153.1",21.3,999.0,999.0,999,999,0
999,999999,"88.0,87.9,89.3,91.9,92.2",15.8,999.0,999.0,999,999,0
999,999999,"92.2,92.7,91.0,198.5,94.4",34.5,999.0,999.0,999,999,0
999,999999,"97.4,95.5,110.0,92.6,91.0,92.2,93.5,94.1,96.2",17.0,999.0,999.0,999,999,0
999,999999,"92.8,94.4,95.0,96.5,96.8,99.9,102.2,102.8,104.7",23.4,999.0,999.0,999,999,0
999,999999,"66.7,67.3,69.3,70.6,69.3,71.2,115.0",33.0,999.0,999.0,999,999,0
999,999999,"88.3,85.5,86.7,88.0,87.6,86.3,88.9,93.9",15.7,999.0,999.0,999,999,0
999,999999,"76.1,77.0,76.5,75.9,76.8,79.4,80.2",23.8,999.0,999.0,999,999,0
999,999999,"77.7,78.4,80.8,84.8,24.6",12.5,999.0,999.0,999,999,0
999,999999,"104.0,100.9,104.3,102.8,103.6",18.2,999.0,999.0,999,999,0
999,999999,"84.3,86.0,86.4,88.1,87.9",26.4,999.0,999.0,999,999,0
999,999999,"61.5,62.0,63.5,63.9,66.0,67.5,68.2,69.6,69.5,72.1",12.0,999.0,999.0,999,999,0
999,999999,"100.3,99.8,100.8,100.9,104.1,104.5,106.8,107.5,107.0,109.9",24.1,999.0,999.0,999,999,0
999,999999,"103.2,28.3,105.4,107.4,108.2,108.0,110.5,111.7",18.6,999.0,999.0,999,999,0
999,999999,"53.6,56.1,57.3,26.3,62.7,64.0,64.0,67.3,70.9",16.3,999.0,999.0,999,999,0
999,999999,"118.5,106.7,109.3,111.9,112.9",10.8,999.0,999.0,999,999,0
999,999999,"94.7,96.3,97.8,101.0,25.4",34.2,999.0,999.0,999,999,0
999,999999,"67.8,69.9,68.9,67.7,68.9,70.9,70.2,70.6,71.7",11.8,999.0,999.0,999,999,0
999,999999,"89.2,91.1,120.9,95.6,95.3,92.7,93.2,94.1",19.5,999.0,999.0,999,999,0
999,999999,"79.2,79.5,81.1,82.9,84.3,86.9",15.0,999.0,999.0,999,999,0
999,999999,"74.3,76.2,77.4,79.6,80.2,78.7",23.2,999.0,999.0,999,999,0
999,999999,"65.7,69.7,72.4,72.1,26.5,77.0,77.7,75.4",18.5,999.0,999.0,999,999,0
999,999999,"103.8,104.7,106.0,107.4,108.2,111.4,17.1",19.3,999.0,999.0,999,999,0
999,999999,"77.0,75.6,78.0,74.9,72.5",21.1,999.0,999.0,999,999,0
999,999999,"109.2,108.5,108.2,112.0,109.5",29.2,999.0,999.0,999,999,0
999,999999,"108.5,108.1,109.2,109.9,111.2,112.3,115.0",30.1,999.0,999.0,999,999,0
999,999999,"85.1,85.5,86.8,84.3,86.5",27.5,999.0,999.0,999,999,0
999,999999,"111.5,113.7,113.3,113.2,114.6",11.7,999.0,999.0,999,999,0
999,999999,"85.8,88.6,89.5,90.7,91.7,95.4,200.0,96.8,97.0,97.2",27.5,999.0,999.0,999,999,0
999,999999,"66.4,69.4,69.3,69.9,71.7,73.3,73.4,28.7",13.1,999.0,999.0,999,999,0
999,999999,"78.4,79.7,81.5,78.4,78.7,78.7,78.2,80.5",30.7,999.0,999.0,999,999,0
999,999999,"103.4,104.6,104.7,107.6,112.4,110.5,111.6,112.4,113.9",17.8,999.0,999.0,999,999,0
999,999999,"94.2,96.0,97.6,98.8,101.2,101.9,104.2,105.2",27.0,999.0,999.0,999,999,0
999,999999,"92.8,91.6,93.2,92.0,93.4,96.7,98.5,97.8,99.1",14.9,999.0,999.0,999,999,0
999,999999,"78.5,80.9,80.5,87.2,88.9,89.7",21.3,999.0,999.0,999,999,0
999,999999,"74.0,77.1,78.5,80.8,82.3",24.1,999.0,999.0,999,999,0
999,999999,"84.1,85.7,86.1,87.5,85.6,81.0,81.3",10.1,999.0,999.0,999,999,0
999,999999,"77.1,77.2,76.7,74.0,75.6,74.2,76.9,76.4",23.4,999.0,999.0,999,999,0
999,999999,"58.8,59.3,62.5,65.8,67.6,69.8,68.4,70.9",14.8,999.0,999.0,999,999,0
999,999999,"93.9,96.2,96.5,97.7,95.5,99.7,98.6,99.8,101.7",20.5,999.0,999.0,999,999,0
999,999999,"94.7,94.7,94.7,96.3,100.1,100.7,102.1,103.7,104.8",11.3,999.0,999.0,999,999,0
999,999999,"66.4,66.0,68.2,69.8,71.8,74.3,76.2,76.9,75.2",16.0,999.0,999.0,999,999,0
999,999999,"92.2,199.7,96.2,97.2,94.9",32.7,999.0,999.0,999,999,0
999,999999,"90.8,90.9,92.5,93.3,94.7,96.4,97.6,100.0,102.0,103.1",29.3,999.0,999.0,999,999,0
999,999999,"96.1,97.1,98.1,100.0,102.7,101.1,101.3,102.9",25.4,999.0,999.0,999,999,0
999,999999,"80.6,26.1,79.2,79.7,80.6,83.2,83.8,102.5",31.3,999.0,999.0,999,999,0
999,999999,"109.5,110.8,113.8,112.5,112.2,115.3",14.2,999.0,999.0,999,999,0
999,999999,"92.8,103.9,96.5,97.7,98.0,99.1,100.4,102.9",25.7,999.0,999.0,999,999,0
999,999999,"65.5,67.4,68.6,70.1,68.0,69.2,71.2,74.5",29.7,999.0,999.0,999,999,0
999,999999,"94.3,97.6,98.3,100.2,101.0,102.1,100.2,99.9,102.9",29.4,999.0,999.0,999,999,0
999,999999,"78.9,20.3,78.0,76.7,77.2,77.1,77.1,77.6,79.9",33.6,999.0,999.0,999,999,0
999,999999,"87.5,87.5,87.5,89.6,89.6,87.6,88.6,90.1,91.9,93.5",11.6,999.0,999.0,999,999,0
999,999999,"93.8,96.0,96.7,96.3,95.9",20.0,999.0,999.0,999,999,0
999,999999,"96.9,98.3,98.9,97.1,99.8",15.1,999.0,999.0,999,999,0
999,999999,"89.9,92.6,94.2,95.5,96.6,97.1,96.9,99.1,102.0,104.6",12.0,999.0,999.0,999,999,0
999,999999,"87.1,88.4,88.9,92.5,93.3,117.8,97.1,98.0,97.9,102.1",30.5,999.0,999.0,999,999,0
999,999999,"103.1,104.5,102.9,103.7,105.0",31.2,999.0,999.0,999,999,0
999,999999,"72.5,73.5,74.0,76.8,77.9,75.5,76.6,81.0,84.3,85.5",31.4,999.0,999.0,999,999,0
999,999999,"118.2,120.0,121.0,118.7,115.7,118.1,118.1,119.1",9.8,999.0,999.0,999,999,0
999,999999,"113.3,112.4,15.5,115.3,116.6",28.7,999.0,999.0,999,999,0
999,999999,"68.9,69.0,67.0,68.0,70.7,73.2,74.4",14.4,999.0,999.0,999,999,0
999,999999,"76.7,78.3,79.0,82.4,83.0",31.6,999.0,999.0,999,999,0
999,999999,"111.9,116.6,114.9,114.5,114.4,115.1,116.0,114.8,22.7,116.7",30.7,999.0,999.0,999,999,0
999,999999,"114.3,111.2,140.2,113.9,116.3",33.7,999.0,999.0,999,999,0
999,999999,"65.7,66.6,66.7,66.8,68.9,68.1,71.5,72.5,74.6,75.5",19.0,999.0,999.0,999,999,0
999,999999,"72.4,28.7,72.6,72.5,73.7,75.9,78.8,158.2,80.2",21.1,999.0,999.0,999,999,0
999,999999,"87.0,86.7,89.3,90.7,94.1",15.0,999.0,999.0,999,999,0
999,999999,"94.3,97.5,98.9,100.6,103.2,105.3,108.0,108.2,109.4",12.6,999.0,999.0,999,999,0
999,999999,"98.5,101.0,101.7,102.4,102.8,104.3,105.9,107.5,108.8,107.8",25.8,999.0,999.0,999,999,0
999,999999,"115.8,116.3,118.4,119.4,117.2,119.1,117.6,117.9,117.4,118.5",31.7,999.0,999.0,999,999,0
999,999999,"74.8,78.1,78.6,79.4,81.1,82.2,83.7",9.8,999.0,999.0,999,999,0
999,999999,"68.8,67.3,69.4,69.5,73.0,73.3",29.1,999.0,999.0,999,999,0
999,999999,"72.7,73.7,77.1,79.3,82.3,81.4",22.6,999.0,999.0,999,999,0
999,999999,"144.0,93.8,94.6,94.6,99.5,100.9",34.2,999.0,999.0,999,999,0
999,999999,"86.6,85.2,88.7,87.3,24.7,171.7,91.1",13.7,999.0,999.0,999,999,0
999,999999,"83.5,81.9,81.6,80.7,83.7,85.3,85.9,87.0,85.4,85.3",26.1,999.0,999.0,999,999,0
999,999999,"91.0,90.6,91.5,90.4,91.7",10.9,999.0,999.0,999,999,0
999,999999,"107.9,160.4,108.4,107.3,108.8",14.6,999.0,999.0,999,999,0
999,999999,"71.6,72.8,72.6,74.0,75.1",16.8,999.0,999.0,999,999,0
999,999999,"102.1,103.2,105.1,107.3,110.7",19.2,999.0,999.0,999,999,0
999,999999,"127.1,15.6,95.0,94.7,94.5,95.4,96.4",17.8,999.0,999.0,999,999,0
999,999999,"109.5,110.3,112.2,114.1,114.0,115.3,117.3",10.9,999.0,999.0,999,999,0
999,999999,"90.1,93.3,93.7,95.7,99.5,100.8",19.2,999.0,999.0,999,999,0
999,999999,"81.3,81.9,83.1,85.7,88.4,89.5,90.4,93.8,96.8",22.9,999.0,999.0,999,999,0
999,999999,"82.2,84.3,85.6,84.4,86.8,88.2,90.4,92.5,95.8,99.0",34.1,999.0,999.0,999,999,0
999,999999,"101.3,102.5,104.2,105.9,107.4,109.9,110.9,110.0",23.6,999.0,999.0,999,999,0
999,999999,"109.7,111.1,113.4,112.4,113.4",32.5,999.0,999.0,999,999,0
999,999999,"105.4,105.7,104.4,105.2,105.2,108.0,110.5,111.9,114.6",16.6,999.0,999.0,999,999,0
999,999999,"84.7,87.1,87.7,93.4,94.2,94.3,96.5",23.5,999.0,999.0,999,999,0
999,999999,"63.8,65.6,72.1,73.5,74.9,77.3",34.8,999.0,999.0,999,999,0
999,999999,"107.1,108.5,109.6,110.3,110.5,111.6,113.9,116.7,117.6,117.6",17.8,999.0,999.0,999,999,0
999,999999,"113.9,113.6,113.8,114.1,116.3,117.4",24.0,999.0,999.0,999,999,0
999,999999,"99.7,100.7,106.7,108.3,110.2,110.9,112.7,114.1,115.0,116.4",26.3,999.0,999.0,999,999,0
999,999999,"97.7,95.9,97.9,98.4,99.7",26.4,999.0,999.0,999,999,0
999,999999,"104.0,104.5,104.3,107.0,108.3,111.7,112.6,115.0,113.1",14.2,999.0,999.0,999,999,0
999,999999,"73.9,75.1,78.2,78.7,79.3,81.4,83.5",22.6,999.0,999.0,999,999,0
999,999999,"82.8,83.7,83.8,84.7,86.8,88.9,89.4,92.8,94.3",11.0,999.0,999.0,999,999,0
999,999999,"76.7,78.2,80.1,81.5,83.4,83.8,87.8,90.0",34.3,999.0,999.0,999,999,0
999,999999,"89.6,91.2,91.9,92.9,93.2,93.7,94.3,95.7",33.1,999.0,999.0,999,999,0
999,999999,"65.7,68.7,69.2,72.3,75.2",13.7,999.0,999.0,999,999,0
999,999999,"76.2,75.9,75.0,76.2,78.9,78.2",12.5,999.0,999.0,999,999,0
999,999999,"69.3,72.8,74.6,73.6,75.1,76.2,78.2,76.2,78.1,78.7",23.8,999.0,999.0,999,999,0
999,999999,"116.0,116.2,118.5,118.6,119.0",30.1,999.0,999.0,999,999,0
999,999999,"77.1,79.1,81.5,83.4,86.2,89.0",17.4,999.0,999.0,999,999,0
999,999999,"57.7,58.9,60.4,59.2,60.7,62.5,65.5,68.6,72.0,73.7",12.0,999.0,999.0,999,999,0
999,999999,"111.8,113.9,114.0,114.4,114.8",26.3,999.0,999.0,999,999,0
999,999999,"86.3,87.6,87.5,88.9,84.6,86.1,87.4,88.7,90.5",12.9,999.0,999.0,999,999,0
999,999999,"83.4,85.0,140.9,90.3,92.1,92.2",14.9,999.0,999.0,999,999,0
999,999999,"110.9,112.0,114.9,115.5,173.5,114.9,116.6,119.4",25.9,999.0,999.0,999,999,0
999,999999,"112.9,112.9,26.7,113.0,114.3",16.4,999.0,999.0,999,999,0
999,999999,"102.5,103.8,115.1,114.6,115.0,117.2,119.6",31.8,999.0,999.0,999,999,0
999,999999,"84.1,84.6,87.0,88.2,88.4,89.7",14.3,999.0,999.0,999,999,0
999,999999,"68.5,70.3,67.5,66.6,67.7,177.1,71.2,71.3",19.8,999.0,999.0,999,999,0
999,999999,"114.5,118.3,119.2,117.7,118.9,118.8,120.0",27.5,999.0,999.0,999,999,0
999,999999,"107.6,109.3,146.3,110.5,113.4,115.3,116.9,117.9,118.4",21.3,999.0,999.0,999,999,0
999,999999,"68.8,71.6,73.8,74.6,76.2,76.0,17.7,79.8",31.8,999.0,999.0,999,999,0
999,999999,"95.0,95.3,94.3,92.8,92.9,94.6,95.7,97.4,98.7,100.4",32.3,999.0,999.0,999,999,0
999,999999,"110.7,17.3,112.9,111.8,110.3",13.1,999.0,999.0,999,999,0
999,999999,"88.0,89.3,89.8,91.7,27.1,96.0,96.5,96.4,97.8",29.6,999.0,999.0,999,999,0
999,999999,"108.7,110.6,110.6,112.3,114.8,115.9,117.4,118.1,117.7,118.3",32.7,999.0,999.0,999,999,0
999,999999,"104.5,106.1,106.2,121.9,112.0,114.3",20.4,999.0,999.0,999,999,0
999,999999,"77.6,80.9,82.1,84.1,85.6,86.3,87.8",27.5,999.0,999.0,999,999,0
999,999999,"107.8,108.7,107.1,108.4,110.6,111.0,114.0",31.2,999.0,999.0,999,999,0
999,999999,"83.5,156.9,87.5,88.4,89.2",23.4,999.0,999.0,999,999,0
999,999999,"70.7,72.9,74.3,75.4,76.8,79.4,81.7,83.0",10.4,999.0,999.0,999,999,0
999,999999,"108.0,108.7,110.0,111.1,114.0,115.1,117.0,118.6,118.6",10.1,999.0,999.0,999,999,0
999,999999,"83.1,83.8,83.9,83.7,86.4,86.4,86.2,87.4,89.2,91.4",31.3,999.0,999.0,999,999,0
999,999999,"63.5,65.1,70.6,75.4,156.1",10.2,999.0,999.0,999,999,0
999,999999,"75.7,74.4,75.9,78.1,78.3,78.3",24.8,999.0,999.0,999,999,0
999,999999,"67.4,67.5,67.5,62.6,64.2,69.7,71.9",20.9,999.0,999.0,999,999,0
999,999999,"97.7,99.6,99.8,101.7,103.9",13.4,999.0,999.0,999,999,0
999,999999,"69.6,127.7,22.8,79.3,81.8",24.6,999.0,999.0,999,999,0
999,999999,"61.4,62.3,68.5,71.0,72.6,73.3,74.8,79.0",30.2,999.0,999.0,999,999,0
999,999999,"81.1,82.2,83.8,82.9,87.5,88.7,90.5,87.6,87.7,88.7",10.9,999.0,999.0,999,999,0
999,999999,"90.5,92.9,94.9,96.0,175.3,99.1,26.0",19.5,999.0,999.0,999,999,0
999,999999,"108.2,113.9,115.0,117.6,117.7,117.1",13.7,999.0,999.0,999,999,0
999,999999,"106.9,107.1,108.3,110.1,112.6,114.9,116.7",22.6,999.0,999.0,999,999,0
999,999999,"65.0,67.1,68.5,71.5,73.1,76.0,77.1,77.8,79.1",31.2,999.0,999.0,999,999,0
999,999999,"99.5,101.0,102.5,101.4,101.1",28.3,999.0,999.0,999,999,0
999,999999,"92.7,94.1,97.9,99.1,97.7,102.6,103.9,105.7,109.1,109.5",16.6,999.0,999.0,999,999,0
999,999999,"94.7,95.6,98.1,99.5,99.8,99.3,101.0",20.1,999.0,999.0,999,999,0
999,999999,"100.2,101.9,102.7,103.6,102.3,101.9",33.1,999.0,999.0,999,999,0
999,999999,"94.0,94.9,94.5,94.3,93.9",34.2,999.0,999.0,999,999,0
999,999999,"80.9,81.6,82.4,86.2,87.0,87.6,88.4",15.4,999.0,999.0,999,999,0
999,999999,"90.3,89.0,90.6,92.7,94.7,123.9,100.4,98.4,98.5",19.6,999.0,999.0,999,999,0
999,999999,"108.8,112.2,112.7,112.5,113.4,111.6,113.3,115.4,118.2,118.2",24.1,999.0,999.0,999,999,0
999,999999,"86.9,87.0,89.3,92.7,94.4,98.0,100.3,100.5",32.6,999.0,999.0,999,999,0
999,999999,"88.3,88.8,91.0,92.6,94.4",33.0,999.0,999.0,999,999,0
999,999999,"84.3,85.7,87.7,87.6,89.6",25.9,999.0,999.0,999,999,0
999,999999,"101.6,117.4,116.5,116.7,118.3,118.9",33.1,999.0,999.0,999,999,0
999,999999,"102.9,105.0,110.2,114.8,116.8",33.7,999.0,999.0,999,999,0
999,999999,"28.2,104.0,105.4,105.9,108.2,108.8,109.6",24.2,999.0,999.0,999,999,0
999,999999,"79.8,83.1,84.0,87.0,89.6,91.6,93.8,92.1,91.7,92.9",26.7,999.0,999.0,999,999,0
999,999999,"90.8,91.1,92.9,25.3,87.1",12.7,999.0,999.0,999,999,0
999,999999,"100.6,102.8,102.3,102.6,104.5,108.7,109.0",13.2,999.0,999.0,999,999,0
999,999999,"62.9,64.5,67.1,67.2,70.5,73.9,74.0,76.5,79.8,81.2",11.2,999.0,999.0,999,999,0
999,999999,"93.1,95.5,97.5,98.5,99.0,101.3",25.8,999.0,999.0,999,999,0
999,999999,"105.2,105.6,107.6,110.1,110.5",17.8,999.0,999.0,999,999,0
999,999999,"105.0,101.1,102.7,104.2,17.6,104.6,102.4,104.3,104.9",29.0,999.0,999.0,999,999,0
999,999999,"68.0,68.2,70.6,75.0,76.9,76.9,78.1,80.8",34.4,999.0,999.0,999,999,0
999,999999,"90.5,91.0,89.2,89.5,93.4,94.0,96.6,97.4,98.9",18.1,999.0,999.0,999,999,0
999,999999,"138.8,67.8,69.4,70.7,71.1,73.0,70.9",13.6,999.0,999.0,999,999,0
999,999999,"97.0,27.2,156.3,101.5,102.9,105.1,106.2,111.3",16.3,999.0,999.0,999,999,0
999,999999,"76.8,80.4,81.2,83.2,84.9,86.6,87.5,88.5",26.5,999.0,999.0,999,999,0
999,999999,"93.5,97.5,96.7,91.0,91.9,94.5",14.7,999.0,999.0,999,999,0
999,999999,"85.6,86.9,87.5,89.2,87.9,90.0",16.4,999.0,999.0,999,999,0
999,999999,"102.3,108.2,107.2,108.4,107.6,109.7",29.2,999.0,999.0,999,999,0
999,999999,"75.7,77.1,80.2,29.7,83.5,159.3,86.0",23.3,999.0,999.0,999,999,0
999,999999,"98.5,101.1,101.7,104.5,104.6,109.2,111.6,112.5",13.6,999.0,999.0,999,999,0
999,999999,"79.2,82.4,82.5,83.9,24.0",12.5,999.0,999.0,999,999,0
999,999999,"103.3,106.3,107.6,27.5,105.3,106.5",20.8,999.0,999.0,999,999,0
999,999999,"91.8,91.8,91.2,93.9,96.3,97.0,98.8,98.9,101.3,103.3",14.2,999.0,999.0,999,999,0
999,999999,"93.0,92.8,93.9,127.4,95.1,95.2,96.6,98.7,101.0",18.5,999.0,999.0,999,999,0
999,999999,"112.7,113.4,112.3,29.6,114.6,116.7",13.1,999.0,999.0,999,999,0
999,999999,"81.4,81.4,24.3,84.5,85.9,84.6,85.4,85.9",29.4,999.0,999.0,999,999,0
999,999999,"70.2,72.2,75.2,75.5,71.6,72.6,70.5,70.0,71.7",17.9,999.0,999.0,999,999,0
999,999999,"76.5,78.4,79.2,80.7,82.6,85.0,86.5",22.8,999.0,999.0,999,999,0
999,999999,"108.6,110.6,111.7,113.3,115.0,116.0,118.3,118.1,119.1",19.3,999.0,999.0,999,999,0
999,999999,"108.3,110.0,105.8,106.4,107.8,108.3,106.5,110.4,111.6,113.5",31.9,999.0,999.0,999,999,0
999,999999,"94.7,96.3,97.9,99.7,98.4,98.7,100.5,102.4,103.9",33.1,999.0,999.0,999,999,0
999,999999,"25.8,118.1,117.4,118.4,119.7",28.7,999.0,999.0,999,999,0
999,999999,"66.2,67.3,68.4,68.8,70.2,71.9,73.8",31.9,999.0,999.0,999,999,0
999,999999,"99.8,100.0,100.6,102.7,105.5,107.3,29.9",23.4,999.0,999.0,999,999,0
999,999999,"104.1,105.4,106.0,108.4,106.9,108.3,127.6,117.1",22.3,999.0,999.0,999,999,0
999,999999,"86.6,89.3,89.5,92.0,90.7,91.1,91.3,90.9",13.4,999.0,999.0,999,999,0
999,999999,"65.7,67.7,70.1,71.7,72.1,72.8,75.7,77.4,78.6",29.4,999.0,999.0,999,999,0
999,999999,"93.6,95.7,109.0,97.0,96.5,97.2,98.7",22.4,999.0,999.0,999,999,0
999,999999,"80.9,83.6,85.2,16.9,87.1,191.5",21.1,999.0,999.0,999,999,0
999,999999,"84.7,83.3,85.4,86.2,86.9,90.0,91.4,94.3",31.2,999.0,999.0,999,999,0
999,999999,"105.7,108.2,107.7,110.3,110.3,112.6,114.2",32.9,999.0,999.0,999,999,0
999,999999,"91.5,91.4,89.7,90.9,94.3,96.1,28.5,97.9,97.7",11.1,999.0,999.0,999,999,0
999,999999,"77.5,123.1,79.3,77.5,79.4,79.9,80.6",20.9,999.0,999.0,999,999,0
999,999999,"101.9,103.3,104.8,106.0,106.4,110.3",29.7,999.0,999.0,999,999,0
999,999999,"68.0,70.7,70.8,71.7,73.6",30.5,999.0,999.0,999,999,0
999,999999,"99.0,102.1,104.9,29.9,106.5,108.4",26.1,999.0,999.0,999,999,0
999,999999,"62.9,65.5,66.1,68.6,70.9,73.2,75.3,77.1,75.7",23.1,999.0,999.0,999,999,0
999,999999,"109.0,108.0,108.9,109.7,112.3,113.8,115.0,116.0,117.8",16.4,999.0,999.0,999,999,0
999,999999,"90.6,92.3,94.1,95.0,96.2,100.0,105.2,111.6",26.1,999.0,999.0,999,999,0
999,999999,"116.8,117.3,119.5,117.9,118.6",31.9,999.0,999.0,999,999,0
999,999999,"67.4,71.2,73.9,74.9,76.5,77.0,25.9",15.7,999.0,999.0,999,999,0
999,999999,"68.1,69.8,69.7,66.5,67.6,69.5,68.3,69.7,72.4",32.9,999.0,999.0,999,999,0
999,999999,"108.0,107.7,107.9,108.2,109.8,112.9,113.6,115.3",27.5,999.0,999.0,999,999,0
999,999999,"104.3,105.6,109.2,111.8,113.5,115.3,115.8",25.5,999.0,999.0,999,999,0
999,999999,"70.7,69.8,21.0,69.5,70.5",31.1,999.0,999.0,999,999,0
999,999999,"68.4,68.8,70.2,67.3,70.1",16.0,999.0,999.0,999,999,0
999,999999,"97.1,99.4,102.2,105.4,106.4,106.7,104.4",22.3,999.0,999.0,999,999,0
999,999999,"24.7,112.6,113.6,114.1,115.5,117.1,119.1,118.5",25.8,999.0,999.0,999,999,0
999,999999,"69.0,71.1,72.3,72.4,73.8,75.3",19.6,999.0,999.0,999,999,0
999,999999,"98.6,99.6,101.6,105.6,105.8,106.5,109.1,111.7,112.4,115.7",32.5,999.0,999.0,999,999,0
999,999999,"93.1,96.2,97.1,96.3,98.1,97.7,98.7,97.8,100.2,98.7",32.9,999.0,999.0,999,999,0
999,999999,"113.2,68.3,70.2,71.1,71.4,72.5,74.1,76.3",27.5,999.0,999.0,999,999,0
999,999999,"71.5,72.6,73.2,72.2,72.8,73.4,73.9,151.8",21.1,999.0,999.0,999,999,0
999,999999,"80.2,82.0,84.8,84.2,83.3,86.1,85.7,87.0,87.6,91.9",16.4,999.0,999.0,999,999,0
999,999999,"97.9,98.5,103.7,101.3,104.1,104.7,104.6",34.2,999.0,999.0,999,999,0
999,999999,"88.4,89.1,89.2,89.1,90.3,91.3,93.7,95.6",28.8,999.0,999.0,999,999,0
999,999999,"76.7,78.7,82.5,85.5,86.9,88.7",15.4,999.0,999.0,999,999,0
999,999999,"113.9,116.2,113.8,113.6,114.5,115.2,116.7,116.3,119.8,119.9",12.0,999.0,999.0,999,999,0
999,999999,"77.0,77.6,83.5,86.7,88.1,90.0,90.1,90.9,87.7,88.2",14.5,999.0,999.0,999,999,0
999,999999,"70.9,69.6,70.9,71.0,71.2,70.7",23.2,999.0,999.0,999,999,0
999,999999,"99.9,100.0,101.0,163.7,99.6",24.1,999.0,999.0,999,999,0
999,999999,"106.5,106.6,104.3,105.4,106.7,107.3",21.1,999.0,999.0,999,999,0
999,999999,"83.4,85.9,87.7,88.6,91.5,93.7,96.2,97.9,96.2,97.8",20.4,999.0,999.0,999,999,0
999,999999,"105.1,106.8,140.9,108.3,110.5",21.1,999.0,999.0,999,999,0
999,999999,"77.0,172.3,79.9,80.3,79.0",29.0,999.0,999.0,999,999,0
999,999999,"105.4,107.4,110.0,112.3,114.8,108.5,107.7",17.8,999.0,999.0,999,999,0
999,999999,"62.7,64.1,66.2,69.7,71.7,74.5,74.2,74.5",29.0,999.0,999.0,999,999,0
999,999999,"68.2,70.3,72.5,74.7,75.6,78.2,81.1",21.1,999.0,999.0,999,999,0
999,999999,"89.9,98.3,124.2,101.9,103.3,105.9,103.5,104.7",10.1,999.0,999.0,999,999,0
999,999999,"100.4,123.6,103.8,106.0,106.5,108.6",23.3,999.0,999.0,999,999,0
999,999999,"100.6,100.8,102.7,102.5,102.3,101.4,103.0,132.8",31.8,999.0,999.0,999,999,0
999,999999,"82.8,84.0,83.2,84.6,80.1,82.1",14.8,999.0,999.0,999,999,0
999,999999,"104.1,106.6,110.1,112.2,113.6,115.1,115.9,119.2,119.3,116.4",19.0,999.0,999.0,999,999,0
999,999999,"23.8,95.5,95.8,99.2,99.5,101.0,101.2,103.4,105.0,106.1",33.0,999.0,999.0,999,999,0
999,999999,"78.5,79.7,81.2,80.0,80.9,81.4,84.1,86.2,86.5",32.0,999.0,999.0,999,999,0
999,999999,"113.3,115.2,114.1,114.8,113.3,113.7,115.9,114.9,118.4",31.9,999.0,999.0,999,999,0
999,999999,"61.9,62.8,63.3,64.5,66.4,133.1,72.2,74.6,76.5",23.4,999.0,999.0,999,999,0
999,999999,"100.8,98.4,23.9,103.8,107.4,109.2,114.9,116.8",24.8,999.0,999.0,999,999,0
999,999999,"110.1,110.4,110.5,112.7,114.5,118.4,119.5,117.0,117.3",22.2,999.0,999.0,999,999,0
999,999999,"89.1,90.8,94.7,97.2,98.3,99.2,100.2,102.4,100.8,103.0",23.3,999.0,999.0,999,999,0
999,999999,"118.3,119.1,112.1,111.4,112.7,112.8",15.0,999.0,999.0,999,999,0
999,999999,"89.5,88.1,89.6,87.6,82.6,81.8,82.8",27.5,999.0,999.0,999,999,0
999,999999,"84.1,86.5,85.1,86.7,86.8,85.7,86.7,89.4",31.3,999.0,999.0,999,999,0
999,999999,"90.5,90.8,92.4,95.3,101.1",25.8,999.0,999.0,999,999,0
999,999999,"80.6,82.5,81.4,84.8,85.2,86.5,87.9,87.8",29.7,999.0,999.0,999,999,0
999,999999,"70.4,72.1,73.1,74.8,75.8,77.4,77.1,77.7",26.6,999.0,999.0,999,999,0
999,999999,"102.3,103.3,102.0,103.2,104.2,103.8",34.4,999.0,999.0,999,999,0
999,999999,"71.0,70.6,70.7,71.8,74.1",17.5,999.0,999.0,999,999,0
999,999999,"106.3,106.8,109.1,112.5,115.5",29.2,999.0,999.0,999,999,0
999,999999,"90.0,89.1,91.3,93.0,94.9,93.6,93.8,95.8",29.8,999.0,999.0,999,999,0
999,999999,"90.2,92.5,93.7,94.2,96.9,97.8,98.8,100.1,101.0",27.8,999.0,999.0,999,999,0
999,999999,"84.0,84.2,84.5,84.4,83.3,85.0,87.0,83.9,82.1,82.5",21.8,999.0,999.0,999,999,0
999,999999,"80.8,81.2,21.3,83.7,83.4,85.3,86.0,89.1,90.9,92.9",25.0,999.0,999.0,999,999,0
999,999999,"91.2,91.5,91.5,93.0,92.9,93.0,92.8,93.7",10.2,999.0,999.0,999,999,0
999,999999,"72.6,74.7,173.0,76.6,78.3,79.6,81.8",14.6,999.0,999.0,999,999,0
999,999999,"115.3,117.9,162.7,117.8,119.0,119.6",12.6,999.0,999.0,999,999,0
999,999999,"104.4,105.6,106.9,107.9,110.4,112.2,113.1,113.3,113.5,114.0",17.3,999.0,999.0,999,999,0
999,999999,"66.1,68.9,71.4,71.6,71.3,72.7,72.2,74.3",22.1,999.0,999.0,999,999,0
999,999999,"86.8,90.6,90.6,93.0,92.8,92.9,94.9,95.9,98.4,99.7",19.4,999.0,999.0,999,999,0
999,999999,"68.9,69.4,70.2,72.0,71.9,73.9,76.8",29.7,999.0,999.0,999,999,0
999,999999,"108.4,109.1,109.4,111.2,113.4,113.7,116.1",31.5,999.0,999.0,999,999,0
999,999999,"98.8,97.8,96.4,96.2,29.4,95.8",24.8,999.0,999.0,999,999,0
999,999999,"193.2,76.6,77.5,79.9,80.8",34.4,999.0,999.0,999,999,0
999,999999,"81.9,80.7,82.3,84.4,86.2,89.0,89.2,91.5",24.4,999.0,999.0,999,999,0
999,999999,"93.7,92.4,94.9,98.8,100.6",19.3,999.0,999.0,999,999,0
999,999999,"79.6,81.6,84.4,85.9,86.6,85.4,84.3,86.0",30.1,999.0,999.0,999,999,0
999,999999,"16.2,77.9,76.7,78.5,78.5",22.3,999.0,999.0,999,999,0
999,999999,"108.9,110.8,113.9,115.8,117.0",29.0,999.0,999.0,999,999,0
999,999999,"114.1,113.3,115.3,117.6,117.1,117.7,115.0",17.1,999.0,999.0,999,999,0
999,999999,"100.4,98.3,97.8,101.0,100.1,102.7,27.7",31.5,999.0,999.0,999,999,0
999,999999,"75.1,76.6,77.6,74.6,74.5,183.9,76.3",20.1,999.0,999.0,999,999,0
999,999999,"111.6,113.6,113.6,115.6,113.5,114.5,115.8,115.8,118.2,117.1",11.1,999.0,999.0,999,999,0
999,999999,"111.3,111.8,109.2,110.6,112.6,110.7",24.4,999.0,999.0,999,999,0
999,999999,"67.8,69.1,73.4,74.8,180.5,77.3",9.8,999.0,999.0,999,999,0
999,999999,"101.3,103.4,103.0,97.9,98.0,98.1,100.9,103.1",29.6,999.0,999.0,999,999,0
999,999999,"105.0,104.4,105.0,106.8,105.6,107.7,108.2",27.0,999.0,999.0,999,999,0
999,999999,"106.4,108.5,26.9,107.8,104.6",24.8,999.0,999.0,999,999,0
999,999999,"86.1,89.1,88.4,89.3,90.0,90.6",19.5,999.0,999.0,999,999,0
999,999999,"106.8,108.5,112.1,113.9,114.5,118.1",30.1,999.0,999.0,999,999,0
999,999999,"73.0,74.5,73.8,71.7,74.4,81.2,80.0,81.1,80.0,81.5",24.4,999.0,999.0,999,999,0
999,999999,"79.1,80.7,83.4,84.8,91.5",24.4,999.0,999.0,999,999,0
999,999999,"110.3,110.5,111.9,112.7,114.9,113.6,113.6",20.1,999.0,999.0,999,999,0
999,999999,"114.8,115.4,114.0,115.4,113.7,113.7,114.5,115.8,117.4,118.1",30.2,999.0,999.0,999,999,0
999,999999,"89.1,90.8,92.0,92.8,95.8,95.6,96.9,97.2,109.6",15.5,999.0,999.0,999,999,0
999,999999,"110.1,112.1,113.4,114.8,113.6,115.5,116.6,115.8,116.1",33.9,999.0,999.0,999,999,0
999,999999,"61.2,63.5,65.3,66.7,66.4,26.5,71.6,73.2",26.3,999.0,999.0,999,999,0
999,999999,"74.7,81.1,82.1,83.8,83.3,81.5,28.7,79.6,109.4",27.5,999.0,999.0,999,999,0
999,999999,"106.0,108.0,109.8,111.6,112.4,119.8",22.8,999.0,999.0,999,999,0
999,999999,"57.1,60.0,61.3,60.0,61.2,62.8,62.3,68.2,70.5",13.3,999.0,999.0,999,999,0
999,999999,"86.3,89.6,90.9,95.2,97.5",19.0,999.0,999.0,999,999,0
999,999999,"92.5,93.7,97.3,100.9,102.6,100.9",21.3,999.0,999.0,999,999,0
999,999999,"107.6,106.6,105.5,15.9,109.0",22.9,999.0,999.0,999,999,0
999,999999,"97.2,99.0,99.1,96.9,97.1,95.1",11.3,999.0,999.0,999,999,0
999,999999,"106.9,106.5,108.5,109.0,110.7,113.1,113.8,114.7,115.2",32.7,999.0,999.0,999,999,0
999,999999,"101.3,102.5,103.7,104.0,104.6,105.4,107.9,109.3",29.2,999.0,999.0,999,999,0
999,999999,"110.3,110.4,110.3,111.8,112.0,113.8,116.0,118.5,119.7",31.9,999.0,999.0,999,999,0
999,999999,"67.7,69.4,71.2,70.5,192.7,71.4",28.7,999.0,999.0,999,999,0
999,999999,"99.1,99.0,102.0,101.1,102.4,104.2,106.6",25.4,999.0,999.0,999,999,0
999,999999,"77.0,78.5,80.6,83.5,85.5,87.4,88.4,90.3",26.4,999.0,999.0,999,999,0
999,999999,"85.8,88.4,90.7,91.9,91.8,93.5,95.6,94.3,95.7,98.2",32.7,999.0,999.0,999,999,0
999,999999,"110.5,108.4,110.1,109.1,110.3",14.2,999.0,999.0,999,999,0
999,999999,"89.8,86.5,87.4,89.8,91.7,92.1,92.0,92.5",19.8,999.0,999.0,999,999,0
999,999999,"103.5,102.9,104.5,106.4,106.3,108.6,111.7",11.2,999.0,999.0,999,999,0
999,999999,"94.3,95.5,94.3,97.7,97.4,100.8,105.7,104.5,103.9,106.7",9.8,999.0,999.0,999,999,0
999,999999,"107.2,104.9,105.2,104.9,106.6,105.0,105.1,108.1,110.1",24.4,999.0,999.0,999,999,0
999,999999,"95.5,98.4,99.3,99.8,102.2",19.5,999.0,999.0,999,999,0
999,999999,"80.0,80.3,81.3,84.1,81.7,82.2,85.7",21.2,999.0,999.0,999,999,0
999,999999,"76.3,78.5,80.1,82.4,82.8,85.8,87.1,90.1,91.0",35.2,999.0,999.0,999,999,0
999,999999,"68.3,72.7,75.6,77.1,79.4,81.6,82.2,88.6,87.1",16.3,999.0,999.0,999,999,0
999,999999,"97.8,98.1,99.0,98.7,99.3,99.9",21.6,999.0,999.0,999,999,0
999,999999,"71.3,73.5,73.1,74.1,73.8,74.4,75.7,75.8,76.4",10.1,999.0,999.0,999,999,0
999,999999,"79.0,77.8,77.2,77.6,77.2",23.4,999.0,999.0,999,999,0
999,999999,"104.6,105.3,106.6,106.2,106.9,107.0,108.1,107.3",15.1,999.0,999.0,999,999,0
999,999999,"68.1,68.7,67.2,68.3,68.8,70.7,73.1,75.8,78.6",10.2,999.0,999.0,999,999,0
999,999999,"90.2,92.3,94.1,96.2,94.9,92.3,93.7",24.2,999.0,999.0,999,999,0
999,999999,"100.7,104.7,105.9,107.2,110.0",29.9,999.0,999.0,999,999,0
999,999999,"101.2,100.8,100.0,102.4,102.7,101.4,98.2,99.3,100.0",13.6,999.0,999.0,999,999,0
999,999999,"71.5,72.9,22.3,73.8,75.0,74.1,74.9,74.5",25.8,999.0,999.0,999,999,0
999,999999,"102.6,102.8,21.8,103.9,104.8,104.8,107.4,107.5,106.3,107.4",10.9,999.0,999.0,999,999,0
999,999999,"72.4,72.1,71.3,71.2,72.9",32.9,999.0,999.0,999,999,0
999,999999,"189.6,110.6,112.3,112.4,114.4,115.3,116.5,118.5",19.8,999.0,999.0,999,999,0
999,999999,"87.8,86.3,90.3,90.5,93.6,91.5",24.4,999.0,999.0,999,999,0
999,999999,"86.1,86.5,89.6,90.0,92.5,90.0,90.3,90.9",15.1,999.0,999.0,999,999,0
999,999999,"70.2,71.5,71.6,73.2,73.0,75.0,141.2,78.6,29.5",30.7,999.0,999.0,999,999,0
999,999999,"95.0,97.1,95.8,98.4,98.8,100.9",23.4,999.0,999.0,999,999,0
999,999999,"93.7,95.0,96.6,98.3,101.0,103.0,104.1,97.4,100.3",25.7,999.0,999.0,999,999,0
999,999999,"62.4,65.2,67.6,69.6,71.6",25.5,999.0,999.0,999,999,0
999,999999,"90.3,91.9,95.6,94.9,94.6,95.8,190.5,97.1",14.8,999.0,999.0,999,999,0
999,999999,"85.1,82.2,83.3,83.0,82.3,84.0,84.9,87.3",21.6,999.0,999.0,999,999,0
999,999999,"81.1,82.3,84.4,86.4,88.0,89.4,89.2,93.4",26.3,999.0,999.0,999,999,0
999,999999,"98.6,101.1,103.8,29.6,102.7,102.5,102.5,105.8,106.8",25.6,999.0,999.0,999,999,0
999,999999,"75.1,75.2,75.0,18.7,167.1,76.3",21.1,999.0,999.0,999,999,0
999,999999,"97.2,97.6,96.5,96.6,98.0,100.6,101.9",17.7,999.0,999.0,999,999,0
999,999999,"110.5,111.3,111.5,113.6,112.2,111.0,107.8",21.1,999.0,999.0,999,999,0
999,999999,"94.1,93.4,95.7,95.8,98.1,95.5",30.5,999.0,999.0,999,999,0
999,999999,"75.6,76.4,79.2,78.0,81.3,82.6,84.2,83.1,83.0,83.7",27.0,999.0,999.0,999,999,0
999,999999,"92.9,93.9,94.0,93.7,95.0,96.6,184.2,97.0",27.2,999.0,999.0,999,999,0
999,999999,"66.9,69.2,71.1,73.5,74.2,79.3,80.9",20.6,999.0,999.0,999,999,0
999,999999,"104.0,105.4,108.7,110.5,110.8,110.1,109.9",18.5,999.0,999.0,999,999,0
999,999999,"92.1,95.9,97.0,98.1,99.4,102.3,99.9,99.4",10.2,999.0,999.0,999,999,0
999,999999,"76.4,77.0,78.6,79.9,81.5,84.9,87.6,89.0,89.9",32.7,999.0,999.0,999,999,0
999,999999,"96.8,98.8,100.1,99.1,101.1,101.0,100.5,100.5,102.7",21.2,999.0,999.0,999,999,0
999,999999,"76.6,79.2,79.7,81.0,82.1,84.7,85.6,87.7,86.9,87.9",31.9,999.0,999.0,999,999,0
999,999999,"90.4,93.1,95.6,98.9,98.7",19.8,999.0,999.0,999,999,0
999,999999,"72.9,74.2,77.0,79.4,80.6",25.1,999.0,999.0,999,999,0
999,999999,"75.4,119.9,79.6,81.4,84.8,85.6,87.3,89.3,86.9,87.4",20.1,999.0,999.0,999,999,0
999,999999,"87.6,90.3,90.3,92.0,93.9",25.4,999.0,999.0,999,999,0
999,999999,"63.7,64.6,66.1,67.6,69.2,70.4,72.9",23.4,999.0,999.0,999,999,0
999,999999,"105.8,109.6,110.7,112.9,115.0",21.6,999.0,999.0,999,999,0
999,999999,"102.3,104.6,107.4,106.8,107.0,111.1,111.9,114.1,116.0,117.8",19.0,999.0,999.0,999,999,0
999,999999,"80.9,80.9,81.0,81.9,82.1,80.1,82.0,84.3,85.2",29.1,999.0,999.0,999,999,0
999,999999,"95.7,98.1,101.5,101.4,101.6,102.6,102.1,104.0,106.9",16.0,999.0,999.0,999,999,0
999,999999,"94.0,93.2,95.4,96.8,97.4,100.2,101.0,102.1,101.4,102.4",26.3,999.0,999.0,999,999,0
999,999999,"80.7,80.8,82.1,82.9,81.9,83.3,83.4,84.1,84.5,85.8",30.7,999.0,999.0,999,999,0
999,999999,"94.0,94.3,95.6,99.1,100.2,101.8,100.2",29.6,999.0,999.0,999,999,0
999,999999,"96.2,97.4,98.2,100.8,101.5,102.2,102.6,106.9",26.6,999.0,999.0,999,999,0
999,999999,"101.9,104.1,105.5,105.8,106.7,107.2,108.0,176.2,109.9,109.9",33.6,999.0,999.0,999,999,0
999,999999,"104.2,105.1,106.1,105.3,106.7,107.4,108.5,111.5,112.3,112.8",26.3,999.0,999.0,999,999,0
999,999999,"85.0,86.1,88.0,89.3,90.0,93.1",16.3,999.0,999.0,999,999,0
999,999999,"84.6,86.2,143.0,85.5,86.2,87.0,89.9",14.2,999.0,999.0,999,999,0
999,999999,"77.8,79.2,82.6,80.5,76.6,78.2,79.7,82.1",24.8,999.0,999.0,999,999,0
999,999999,"112.0,113.0,113.6,115.6,116.3",12.2,999.0,999.0,999,999,0
999,999999,"111.0,113.1,113.8,114.9,115.3,24.8",15.1,999.0,999.0,999,999,0
999,999999,"100.6,103.4,105.6,110.5,111.0,112.2,111.6",25.7,999.0,999.0,999,999,0
999,999999,"70.5,73.0,70.6,72.7,75.4,76.8,78.1,80.2,81.8,81.4",23.4,999.0,999.0,999,999,0
999,999999,"88.1,89.3,90.4,91.5,92.9,95.4,94.9,96.5,97.8",24.0,999.0,999.0,999,999,0
999,999999,"62.9,63.3,64.6,65.5,66.5,68.4,69.9,71.0,72.1,73.0",23.8,999.0,999.0,999,999,0
999,999999,"99.8,101.9,104.2,105.8,108.0,103.0,105.8,108.6,110.4,112.6",29.8,999.0,999.0,999,999,0
999,999999,"79.8,80.9,81.7,82.3,84.0,86.2,83.9,85.7,84.4,88.4",25.0,999.0,999.0,999,999,0
999,999999,"96.0,98.3,99.7,102.3,103.1,103.7,104.7,111.2,113.5",22.8,999.0,999.0,999,999,0
999,999999,"75.5,74.1,77.2,82.5,83.2",12.9,999.0,999.0,999,999,0
999,999999,"117.4,120.4,117.3,116.0,119.8,119.1",27.0,999.0,999.0,999,999,0
999,999999,"91.5,94.5,94.8,96.2,15.4",30.8,999.0,999.0,999,999,0
999,999999,"92.7,93.7,95.0,96.3,98.4",29.6,999.0,999.0,999,999,0
999,999999,"92.5,91.6,90.8,92.4,96.0,96.9,97.4,96.2,100.1,103.7",22.2,999.0,999.0,999,999,0
999,999999,"65.3,65.8,66.4,68.2,71.0,157.7,80.9,80.8,82.9,84.8",31.5,999.0,999.0,999,999,0
999,999999,"104.6,106.7,109.3,110.1,111.5,112.2",22.1,999.0,999.0,999,999,0
999,999999,"86.9,87.4,89.9,90.4,91.1",12.0,999.0,999.0,999,999,0
999,999999,"98.9,98.0,169.0,99.1,101.7",33.6,999.0,999.0,999,999,0
999,999999,"70.1,69.6,70.1,70.8,71.1,73.3,73.6,76.9,77.7,78.3",26.2,999.0,999.0,999,999,0
999,999999,"115.7,115.6,116.9,115.1,112.2,112.7,113.0,114.3",13.9,999.0,999.0,999,999,0
999,999999,"66.2,64.0,63.0,63.1,65.8,66.5,70.9",32.7,999.0,999.0,999,999,0
999,999999,"112.7,114.1,113.5,116.5,115.7,116.5,114.1",21.8,999.0,999.0,999,999,0
999,999999,"75.8,75.4,76.1,18.4,80.0,80.2,81.5,80.9,82.4",15.2,999.0,999.0,999,999,0
999,999999,"76.9,75.4,76.6,169.4,19.0",28.9,999.0,999.0,999,999,0
999,999999,"99.2,102.1,103.2,136.4,103.8",11.7,999.0,999.0,999,999,0
999,999999,"69.4,71.4,70.8,72.5,74.8,82.0,122.7,85.1",13.4,999.0,999.0,999,999,0
999,999999,"97.7,100.3,101.5,103.3,105.3,106.1,104.8",12.7,999.0,999.0,999,999,0
999,999999,"72.7,73.5,75.0,77.8,80.1,29.4,88.0,85.8,88.9,90.4",32.5,999.0,999.0,999,999,0
999,999999,"62.9,64.5,67.4,69.5,74.1,75.3,79.7,83.0,85.0",12.2,999.0,999.0,999,999,0
999,999999,"71.3,72.5,180.7,76.7,79.1,81.6,88.3,90.1,90.4",13.1,999.0,999.0,999,999,0
999,999999,"93.4,94.5,95.6,99.5,97.6,96.5,97.1,98.4",19.3,999.0,999.0,999,999,0
999,999999,"88.6,87.2,88.8,85.5,85.6,87.0,177.4,88.4,90.1",13.6,999.0,999.0,999,999,0
999,999999,"79.0,77.1,79.1,82.4,81.3,15.7,84.8,86.8",21.1,999.0,999.0,999,999,0
999,999999,"77.3,76.6,76.4,75.9,74.2,75.4,75.7,77.1,80.9",29.8,999.0,999.0,999,999,0
999,999999,"91.5,90.6,90.1,88.6,91.6,92.6,93.5,90.9,90.9",32.6,999.0,999.0,999,999,0
999,999999,"98.8,99.6,101.4,103.3,106.8,109.0,109.9,110.0,110.4,111.5",29.9,999.0,999.0,999,999,0
999,999999,"78.6,79.6,80.9,81.5,82.4,84.4,84.5",16.9,999.0,999.0,999,999,0
999,999999,"68.1,67.7,70.5,71.5,72.4,74.8,74.9,74.6,79.8",15.1,999.0,999.0,999,999,0
999,999999,"78.9,81.4,81.5,84.2,86.9,89.4",24.4,999.0,999.0,999,999,0
999,999999,"92.3,97.2,99.1,98.2,99.7,100.3,102.8",10.6,999.0,999.0,999,999,0
999,999999,"84.4,86.0,86.7,87.3,24.5,84.5,87.1,88.7,90.5,88.9",13.1,999.0,999.0,999,999,0
999,999999,"77.5,79.1,15.6,82.6,81.8,83.5,83.4,86.6,88.0",29.5,999.0,999.0,999,999,0
999,999999,"53.8,58.8,60.9,63.0,64.9,65.7,67.9,70.8",14.5,999.0,999.0,999,999,0
999,999999,"73.6,75.2,77.1,77.9,79.8,80.8,81.8,82.3,82.0,84.1",12.1,999.0,999.0,999,999,0
999,999999,"91.4,92.6,92.6,93.7,94.6,95.4,96.7,99.2",27.5,999.0,999.0,999,999,0
999,999999,"73.4,74.7,74.6,76.8,78.2,78.8,82.1,80.0,79.6",31.8,999.0,999.0,999,999,0
999,999999,"62.1,65.6,65.9,69.2,69.2,70.4,71.5,70.6,72.4",26.2,999.0,999.0,999,999,0
999,999999,"80.6,82.5,84.5,85.7,87.5,89.9,89.0,90.2",32.7,999.0,999.0,999,999,0
999,999999,"79.6,82.0,83.0,83.9,81.9,85.4,86.4,87.3,87.4",14.6,999.0,999.0,999,999,0
999,999999,"92.0,19.2,93.6,95.8,96.6,97.8,100.2,101.5,99.6",22.1,999.0,999.0,999,999,0
999,999999,"92.3,93.4,96.0,96.9,95.3,97.2,99.5,100.8",10.1,999.0,999.0,999,999,0
999,999999,"153.3,87.0,87.9,87.5,87.4,89.3",19.8,999.0,999.0,999,999,0
999,999999,"70.4,74.3,74.2,74.0,74.4,75.5,74.3,77.2,80.1,24.9",22.6,999.0,999.0,999,999,0
999,999999,"72.8,74.0,72.1,73.0,75.6,75.6,74.9",32.9,999.0,999.0,999,999,0
999,999999,"74.9,77.8,76.1,77.3,78.6,78.4,80.5,78.4,79.9,81.8",13.6,999.0,999.0,999,999,0
999,999999,"97.8,101.6,104.2,105.3,106.1,105.4,108.0",12.6,999.0,999.0,999,999,0
999,999999,"78.2,78.7,100.9,79.6,81.6",20.1,999.0,999.0,999,999,0
999,999999,"113.8,116.6,117.1,118.2,119.0",34.2,999.0,999.0,999,999,0
999,999999,"110.4,110.6,111.0,112.2,114.2,115.7,113.7",14.6,999.0,999.0,999,999,0
999,999999,"63.9,65.9,67.2,68.9,68.7,71.0,71.0,74.5",27.8,999.0,999.0,999,999,0
999,999999,"69.1,69.9,71.4,73.0,73.4,74.6",19.9,999.0,999.0,999,999,0
999,999999,"106.7,105.5,105.9,103.8,104.2,103.3,101.5,103.2",19.8,999.0,999.0,999,999,0
999,999999,"143.5,64.6,67.3,68.9,69.9,69.8,70.8",29.1,999.0,999.0,999,999,0
999,999999,"60.5,62.0,62.9,65.0,66.3,68.9,72.5",32.6,999.0,999.0,999,999,0
999,999999,"106.8,109.3,114.1,114.6,114.1,104.8,117.2",21.1,999.0,999.0,999,999,0
999,999999,"93.4,93.6,96.0,98.3,98.8,99.3,101.8,104.1,105.5,107.7",29.3,999.0,999.0,999,999,0
999,999999,"106.0,105.1,107.9,107.5,107.5,108.6",10.6,999.0,999.0,999,999,0
999,999999,"85.3,87.1,89.2,86.6,87.8,90.4,92.5,92.1",31.4,999.0,999.0,999,999,0
999,999999,"99.2,99.3,102.7,100.8,98.4,97.6,100.0,101.6",26.6,999.0,999.0,999,999,0
999,999999,"83.6,85.5,88.3,89.6,91.3,92.8,93.5,95.4",31.7,999.0,999.0,999,999,0
999,999999,"91.2,93.0,96.6,100.1,104.5,106.8,108.4,110.8",26.3,999.0,999.0,999,999,0
999,999999,"80.2,81.0,82.0,80.7,81.9,83.3,28.4,89.9,87.9,88.0",10.8,999.0,999.0,999,999,0
999,999999,"98.4,98.9,99.2,100.6,101.3,104.8,106.5,107.9",17.5,999.0,999.0,999,999,0
999,999999,"93.6,96.4,97.9,100.8,101.8",22.8,999.0,999.0,999,999,0
999,999999,"87.2,88.0,90.3,90.7,92.3,94.7,98.9,100.8,101.3",11.8,999.0,999.0,999,999,0
999,999999,"67.7,69.9,70.7,69.7,69.4,69.0,70.8,188.3,73.9,74.9",13.4,999.0,999.0,999,999,0
999,999999,"90.6,88.7,89.1,91.2,95.1",34.3,999.0,999.0,999,999,0
999,999999,"93.3,94.8,93.9,153.9,95.6,97.9,93.7,91.0,90.9",31.8,999.0,999.0,999,999,0
999,999999,"92.4,91.8,94.4,97.4,99.2,98.8,97.9,98.1,98.8",14.8,999.0,999.0,999,999,0
999,999999,"75.6,77.0,78.7,81.4,82.2",16.1,999.0,999.0,999,999,0
999,999999,"102.9,104.4,103.2,24.4,103.3",17.5,999.0,999.0,999,999,0
999,999999,"99.4,97.3,96.6,97.9,136.1,100.7,104.9,106.1,107.1",21.3,999.0,999.0,999,999,0
999,999999,"90.3,92.6,93.6,96.6,94.0,96.5,98.1,100.3,99.8",27.2,999.0,999.0,999,999,0
999,999999,"80.6,82.8,85.3,87.7,89.2,92.4",12.6,999.0,999.0,999,999,0
999,999999,"104.1,106.2,106.9,107.7,109.1,109.6",21.7,999.0,999.0,999,999,0
999,999999,"74.5,78.0,80.0,80.6,83.8,80.7,80.9",14.1,999.0,999.0,999,999,0
999,999999,"85.4,86.9,88.7,111.8,87.4,87.0",27.5,999.0,999.0,999,999,0
999,999999,"86.4,85.9,89.5,91.9,93.8,95.9,97.8,99.2",19.1,999.0,999.0,999,999,0
999,999999,"116.1,115.1,116.1,115.5,120.0,118.6,119.3,119.1",25.4,999.0,999.0,999,999,0
999,999999,"67.9,68.5,66.7,68.6,69.9,72.7,74.1,74.7",29.9,999.0,999.0,999,999,0
999,999999,"110.8,111.4,113.2,114.5,112.3,112.1,116.9",22.3,999.0,999.0,999,999,0
999,999999,"195.1,90.5,92.0,93.1,94.9",25.3,999.0,999.0,999,999,0
999,999999,"96.5,96.4,98.7,101.0,102.4",34.3,999.0,999.0,999,999,0
999,999999,"66.7,68.4,69.0,69.2,74.9,76.6",23.2,999.0,999.0,999,999,0
999,999999,"108.9,109.8,111.8,112.3,108.7,112.6,113.9,17.9,116.3",32.2,999.0,999.0,999,999,0
999,999999,"94.8,95.1,95.2,95.3,95.9,86.8,88.7,90.0",11.9,999.0,999.0,999,999,0
999,999999,"91.1,91.6,92.7,87.6,88.7,87.5",20.6,999.0,999.0,999,999,0
999,999999,"98.8,102.7,105.2,106.1,107.1,108.7",26.3,999.0,999.0,999,999,0
999,999999,"80.9,82.1,84.0,81.6,86.0,86.2,89.3,89.8,91.8",24.6,999.0,999.0,999,999,0
999,999999,"79.2,80.5,85.0,85.6,87.7,87.2,89.1,88.5",14.3,999.0,999.0,999,999,0
999,999999,"73.1,74.2,19.8,77.5,79.9",34.2,999.0,999.0,999,999,0
999,999999,"78.3,79.7,81.1,81.5,80.1,83.5,84.9,90.5,91.1,93.4",27.0,999.0,999.0,999,999,0
999,999999,"93.8,96.0,96.8,94.9,98.2,97.9,99.9,100.2,100.9,102.9",13.3,999.0,999.0,999,999,0
999,999999,"93.4,94.2,93.6,96.3,98.8",32.7,999.0,999.0,999,999,0
999,999999,"76.6,78.8,79.6,81.6,80.6",26.5,999.0,999.0,999,999,0
999,999999,"92.5,93.9,94.1,95.8,96.3,97.4,99.2",34.4,999.0,999.0,999,999,0
999,999999,"67.9,68.6,71.6,71.6,77.6,77.7,78.8,79.8,78.0,76.7",12.5,999.0,999.0,999,999,0
999,999999,"83.6,83.2,85.2,84.8,86.4,87.7,88.9,91.0,96.0",19.9,999.0,999.0,999,999,0
999,999999,"57.8,58.4,60.4,61.1,69.2,71.9,72.4",15.3,999.0,999.0,999,999,0
999,999999,"67.6,69.8,71.5,72.0,72.9",25.9,999.0,999.0,999,999,0
999,999999,"90.5,93.0,93.8,96.1,96.2,98.7,100.5,103.4,104.2,102.8",25.6,999.0,999.0,999,999,0
999,999999,"94.0,91.5,96.1,99.6,100.7,99.5,100.3,99.8,101.3",11.2,999.0,999.0,999,999,0
999,999999,"70.3,71.5,21.3,70.2,70.8,72.9,73.3,74.4",16.3,999.0,999.0,999,999,0
999,999999,"82.5,84.8,82.5,81.9,83.6,84.2",24.3,999.0,999.0,999,999,0
999,999999,"199.3,108.1,107.7,108.6,109.3,110.8",15.9,999.0,999.0,999,999,0
999,999999,"106.2,104.8,107.0,104.0,105.7,106.0",13.2,999.0,999.0,999,999,0
999,999999,"105.4,108.1,108.5,25.5,110.1,111.8",26.8,999.0,999.0,999,999,0
999,999999,"75.7,76.8,80.2,87.9,90.5,92.1,93.6,109.4,94.5,95.1",11.6,999.0,999.0,999,999,0
999,999999,"76.9,79.1,80.5,81.6,83.3,84.2,86.1,85.1,86.9",16.8,999.0,999.0,999,999,0
999,999999,"103.6,103.9,106.1,108.1,109.4,111.1",11.7,999.0,999.0,999,999,0
999,999999,"68.6,72.1,75.8,75.6,75.1,118.5,77.6,81.0,83.6,85.4",34.7,999.0,999.0,999,999,0
999,999999,"99.6,101.1,103.0,105.1,106.6,109.0,161.8,111.2,108.1,107.6",25.1,999.0,999.0,999,999,0
999,999999,"108.5,110.8,113.3,114.6,115.6,118.0",23.8,999.0,999.0,999,999,0
999,999999,"83.3,83.7,83.4,86.7,85.6,197.2",30.8,999.0,999.0,999,999,0
999,999999,"64.8,63.7,65.2,127.4,67.8,71.5,74.5,76.7,76.5",22.2,999.0,999.0,999,999,0
999,999999,"100.5,101.0,102.1,103.2,104.5,107.0,106.1,108.5,111.0",31.7,999.0,999.0,999,999,0
999,999999,"103.3,104.9,108.0,107.9,106.6",24.2,999.0,999.0,999,999,0
999,999999,"76.6,76.9,79.6,83.2,84.1",19.3,999.0,999.0,999,999,0
999,999999,"61.7,62.4,63.0,65.5,66.5,67.0,67.0,69.1,70.3,72.2",19.8,999.0,999.0,999,999,0
999,999999,"82.6,82.8,84.1,142.8,86.6,86.2,89.2,89.2,89.7",16.9,999.0,999.0,999,999,0
999,999999,"112.2,114.0,114.1,114.0,112.5,113.7,115.2,117.4",14.1,999.0,999.0,999,999,0
999,999999,"116.8,116.8,117.8,122.9,121.8,121.5,117.6",31.4,999.0,999.0,999,999,0
999,999999,"103.8,105.5,104.5,106.5,106.1,106.7,108.1,109.8",29.6,999.0,999.0,999,999,0
999,999999,"172.3,82.6,82.5,84.3,86.8,89.0,91.2,89.0,88.5,89.5",19.1,999.0,999.0,999,999,0
999,999999,"76.8,78.9,81.9,82.0,82.9,84.2,86.6",15.2,999.0,999.0,999,999,0
999,999999,"98.4,98.5,99.0,99.3,100.1,102.3,104.8,107.8,107.2",25.1,999.0,999.0,999,999,0
999,999999,"92.8,89.5,92.2,94.0,95.3,98.1,98.5",28.5,999.0,999.0,999,999,0
999,999999,"96.6,98.5,100.4,95.3,94.3,94.8,95.0,95.1",16.6,999.0,999.0,999,999,0
999,999999,"101.2,102.8,102.7,104.6,103.9,104.1,106.2,107.9",28.7,999.0,999.0,999,999,0
999,999999,"103.9,106.7,107.2,110.6,110.3,110.1",22.0,999.0,999.0,999,999,0
999,999999,"83.6,84.4,85.6,86.0,86.9,90.1,91.5",24.4,999.0,999.0,999,999,0
999,999999,"81.4,80.2,80.4,82.0,82.3",16.2,999.0,999.0,999,999,0
999,999999,"69.3,70.4,70.0,70.0,71.6,74.7,77.1,75.8,76.2",16.1,999.0,999.0,999,999,0
999,999999,"86.5,89.0,91.2,90.4,92.2",19.1,999.0,999.0,999,999,0
999,999999,"72.4,74.3,72.0,72.9,76.2,26.1,79.2,80.7,81.0",15.3,999.0,999.0,999,999,0
999,999999,"183.3,85.3,83.6,85.1,87.5,88.6,90.6,91.2,89.0,89.9",27.5,999.0,999.0,999,999,0
999,999999,"111.2,112.5,112.3,110.9,111.5,111.9,114.7,111.9,112.7,110.8",26.5,999.0,999.0,999,999,0
999,999999,"86.4,88.0,89.7,92.7,94.6,97.5,98.4,100.2,103.0,103.9",17.1,999.0,999.0,999,999,0
999,999999,"83.4,82.7,82.0,88.0,90.1",12.0,999.0,999.0,999,999,0
999,999999,"59.5,64.5,64.9,59.8,63.3,68.0,176.7,71.2,72.9",14.8,999.0,999.0,999,999,0
999,999999,"96.9,98.8,98.2,100.3,101.8,103.3,105.8,106.7,108.8,110.6",34.5,999.0,999.0,999,999,0
999,999999,"97.5,98.8,99.7,101.2,101.0,103.2,104.6,100.8,101.1",29.2,999.0,999.0,999,999,0
999,999999,"90.4,91.8,95.0,95.8,102.3,104.3,104.0",20.4,999.0,999.0,999,999,0
999,999999,"99.1,99.8,101.6,101.9,103.8",32.6,999.0,999.0,999,999,0
999,999999,"84.6,83.9,84.9,86.8,79.6,80.3",11.7,999.0,999.0,999,999,0
999,999999,"105.3,104.7,108.4,110.9,109.4,111.2,111.6,112.0,113.1",15.0,999.0,999.0,999,999,0
999,999999,"95.4,95.4,97.6,98.9,101.6,103.2,102.5",16.3,999.0,999.0,999,999,0
999,999999,"112.4,112.8,114.5,111.2,113.7,114.8,114.3,115.6,116.6,116.2",34.1,999.0,999.0,999,999,0
999,999999,"94.6,96.5,98.3,100.6,103.0,105.8,107.2,109.3",20.8,999.0,999.0,999,999,0
999,999999,"90.0,121.7,93.8,96.1,97.8,100.2,101.4,101.9,103.0",10.1,999.0,999.0,999,999,0
999,999999,"98.0,99.3,99.7,102.0,104.8,106.3,107.7,26.3",20.3,999.0,999.0,999,999,0
999,999999,"89.5,91.2,92.1,95.7,96.0,131.4,99.2,101.7,100.0,101.0",29.2,999.0,999.0,999,999,0
999,999999,"99.7,101.7,103.4,105.8,108.8,113.9,116.9,118.0,118.9,119.1",11.0,999.0,999.0,999,999,0
999,999999,"93.7,97.1,95.3,96.1,95.3,96.4,97.6,99.1,95.1",21.8,999.0,999.0,999,999,0
999,999999,"80.5,82.5,85.0,86.9,87.7",32.7,999.0,999.0,999,999,0
999,999999,"91.3,89.9,91.3,91.5,93.0,95.9",22.1,999.0,999.0,999,999,0
999,999999,"80.2,80.9,83.3,83.2,84.6,86.2,87.5",20.4,999.0,999.0,999,999,0
999,999999,"104.8,106.9,108.0,107.2,108.2,110.6",14.8,999.0,999.0,999,999,0
999,999999,"61.9,63.5,62.0,64.3,64.8,64.4,66.2,67.8,69.2,70.5",19.9,999.0,999.0,999,999,0
999,999999,"97.0,97.3,96.9,98.4,100.3,101.8",15.8,999.0,999.0,999,999,0
999,999999,"67.9,70.2,73.0,75.6,78.5,80.4,78.9,150.9,84.0,85.7",27.5,999.0,999.0,999,999,0
999,999999,"86.8,90.0,91.4,90.3,91.6,93.0,95.5,98.4",15.5,999.0,999.0,999,999,0
999,999999,"85.7,86.7,80.6,79.7,79.6",24.4,999.0,999.0,999,999,0
999,999999,"94.4,96.0,97.7,100.3,101.7,102.2,104.6,107.9,108.2,110.0",11.8,999.0,999.0,999,999,0
999,999999,"71.1,73.9,74.0,74.7,81.1,82.9,84.4,87.7,89.0,91.8",22.3,999.0,999.0,999,999,0
999,999999,"61.6,63.1,64.4,16.7,67.1,67.3,68.3,70.2,72.0,73.8",22.3,999.0,999.0,999,999,0
999,999999,"69.4,69.9,71.3,73.0,75.5,77.6,78.6,78.8,76.1,77.1",20.5,999.0,999.0,999,999,0
999,999999,"74.4,74.5,74.5,76.8,76.8",26.2,999.0,999.0,999,999,0
999,999999,"94.0,95.2,96.7,96.9,96.9",24.4,999.0,999.0,999,999,0
999,999999,"64.6,65.7,69.4,71.3,72.9,75.2,76.0,78.7,76.4",24.6,999.0,999.0,999,999,0
999,999999,"96.0,97.9,98.9,100.5,101.7,103.7",21.6,999.0,999.0,999,999,0
999,999999,"70.3,70.8,71.5,73.7,188.9,78.5,78.9,80.9,81.2,82.8",16.7,999.0,999.0,999,999,0
999,999999,"69.4,70.1,73.0,73.0,76.3,77.0",12.3,999.0,999.0,999,999,0
999,999999,"88.6,86.6,84.9,87.5,89.4,91.2,93.6,96.9,99.8,98.6",19.3,999.0,999.0,999,999,0
999,999999,"170.2,22.2,74.7,78.4,80.7,81.2,83.1,82.9,80.2",16.1,999.0,999.0,999,999,0
999,999999,"89.0,91.9,93.1,96.1,96.4,95.7,97.8",29.2,999.0,999.0,999,999,0
999,999999,"75.2,184.8,78.6,80.2,78.9",19.5,999.0,999.0,999,999,0
999,999999,"87.6,89.9,91.3,92.9,90.9,92.8,94.7,98.1",33.1,999.0,999.0,999,999,0
999,999999,"27.7,87.8,87.4,87.8,89.0,90.8,92.2,91.9,91.2",32.2,999.0,999.0,999,999,0
999,999999,"92.9,93.2,93.6,94.6,95.7,92.0,92.2,95.4,95.6,90.8",22.0,999.0,999.0,999,999,0
999,999999,"87.5,90.6,88.6,89.5,88.6,85.6,78.8,80.7,80.9,85.1",16.4,999.0,999.0,999,999,0
999,999999,"71.0,72.1,71.6,72.9,71.4,72.4,72.6,74.2,75.5,75.4",12.8,999.0,999.0,999,999,0
999,999999,"92.6,94.1,95.0,97.5,97.5",22.3,999.0,999.0,999,999,0
999,999999,"86.5,87.8,89.3,88.3,90.4,91.6,92.7,96.1",24.6,999.0,999.0,999,999,0
999,999999,"76.6,79.1,78.8,77.5,77.3,78.0,76.2,75.2,77.2",24.1,999.0,999.0,999,999,0
999,999999,"84.8,84.5,87.4,88.8,90.0,90.6",22.9,999.0,999.0,999,999,0
999,999999,"107.3,107.6,110.6,28.3,113.0,116.8,118.7,122.0,119.5",16.1,999.0,999.0,999,999,0
999,999999,"80.8,82.2,83.5,85.4,87.5,86.0,86.9,88.5,89.0",21.7,999.0,999.0,999,999,0
999,999999,"70.7,71.3,73.1,75.7,77.3,78.6",10.1,999.0,999.0,999,999,0
999,999999,"94.7,96.6,97.3,100.8,101.8,103.1,104.7,105.1",33.5,999.0,999.0,999,999,0
999,999999,"89.3,91.2,93.8,95.5,93.7,96.1,98.2,101.4,16.7,109.4",13.7,999.0,999.0,999,999,0
999,999999,"66.2,67.7,69.5,72.0,73.3,77.6,80.0",19.6,999.0,999.0,999,999,0
999,999999,"23.0,91.9,92.6,93.7,95.5,98.4,101.1,101.8,105.6,107.7",22.2,999.0,999.0,999,999,0
999,999999,"96.0,98.7,96.3,96.8,99.7,99.3,99.9",22.2,999.0,999.0,999,999,0
999,999999,"76.0,78.4,79.4,81.0,78.8,79.5,81.3,82.6,83.2",14.9,999.0,999.0,999,999,0
999,999999,"67.5,66.4,67.5,67.7,69.7,71.4",18.6,999.0,999.0,999,999,0
999,999999,"63.4,64.5,66.2,65.7,66.7,70.5,71.6,74.6,76.2",33.7,999.0,999.0,999,999,0
999,999999,"71.6,71.9,74.2,75.1,74.9,74.9,76.2,75.8",33.7,999.0,999.0,999,999,0
999,999999,"78.8,77.9,78.2,79.5,80.0,81.5,83.1,85.2,86.4,86.0",22.1,999.0,999.0,999,999,0
999,999999,"79.9,82.6,84.3,84.8,86.4,89.7,90.2,90.2,91.2",23.4,999.0,999.0,999,999,0
999,999999,"73.3,74.3,75.7,78.2,80.7,81.0,85.3,122.7",12.5,999.0,999.0,999,999,0
999,999999,"51.7,174.0,58.8,61.7,63.2,66.8,70.6",28.5,999.0,999.0,999,999,0
999,999999,"92.9,91.6,92.6,93.4,94.4,97.1,99.6,100.1,104.8,102.2",33.9,999.0,999.0,999,999,0
999,999999,"102.9,100.8,102.6,106.0,106.3,105.2",29.5,999.0,999.0,999,999,0
999,999999,"103.6,102.0,94.0,97.0,99.2,100.5,101.1,197.7,101.2",29.6,999.0,999.0,999,999,0
999,999999,"77.1,76.5,80.0,79.4,80.0,79.9,82.4",16.7,999.0,999.0,999,999,0
999,999999,"97.9,98.3,95.4,94.3,95.9,97.0",12.4,999.0,999.0,999,999,0
999,999999,"80.3,80.3,83.1,81.6,82.1,84.6,85.7,86.0,86.8",20.1,999.0,999.0,999,999,0
999,999999,"67.0,67.4,67.6,69.8,69.9,70.8,70.6,73.4",34.4,999.0,999.0,999,999,0
999,999999,"110.1,112.1,114.0,116.9,115.0,113.6,112.5,114.6",30.1,999.0,999.0,999,999,0
999,999999,"100.1,94.5,95.7,97.6,99.6,101.2,101.9,103.8,105.1",17.8,999.0,999.0,999,999,0
999,999999,"111.6,111.9,114.3,114.9,115.9,117.0",25.7,999.0,999.0,999,999,0
999,999999,"61.8,64.6,66.3,67.1,69.8,71.5,71.1,70.4",24.4,999.0,999.0,999,999,0
999,999999,"107.4,109.3,112.1,112.1,113.3,114.7,112.9",28.1,999.0,999.0,999,999,0
999,999999,"96.3,96.0,96.8,98.7,100.5,102.8,104.5,105.7,138.9",33.0,999.0,999.0,999,999,0
999,999999,"99.7,100.7,98.4,100.7,101.0,102.2,104.6,107.1,108.1,110.1",18.1,999.0,999.0,999,999,0
999,999999,"76.4,76.7,75.6,77.2,76.5,76.0,77.4",28.2,999.0,999.0,999,999,0
999,999999,"98.4,100.7,102.6,105.1,107.6,109.8",12.9,999.0,999.0,999,999,0
999,999999,"104.8,105.1,107.3,111.0,115.8,115.3,114.9,114.7,116.6",31.2,999.0,999.0,999,999,0
999,999999,"99.1,99.7,102.9,105.2,108.6,107.3,108.6,109.7,113.0",31.8,999.0,999.0,999,999,0
999,999999,"65.3,64.8,66.1,66.3,67.5,70.0,70.8",16.7,999.0,999.0,999,999,0
999,999999,"74.9,74.4,75.8,77.6,70.1,73.4,75.0",14.8,999.0,999.0,999,999,0
999,999999,"80.9,82.6,85.5,86.8,87.9,88.6,89.0",34.2,999.0,999.0,999,999,0
999,999999,"89.1,89.8,90.4,94.2,97.1,98.5",19.4,999.0,999.0,999,999,0
999,999999,"64.7,66.4,67.3,69.2,70.0,197.3,75.2,74.1,77.5",33.6,999.0,999.0,999,999,0
999,999999,"63.9,65.6,65.2,66.2,66.3,68.8,68.9,69.1,72.5",29.4,999.0,999.0,999,999,0
999,999999,"117.8,95.8,96.6,95.7,96.4",35.2,999.0,999.0,999,999,0
999,999999,"92.0,92.5,93.4,91.9,92.2,93.0",29.9,999.0,999.0,999,999,0
999,999999,"67.7,68.2,70.7,17.5,73.0",30.0,999.0,999.0,999,999,0
999,999999,"65.1,66.8,68.7,68.9,71.6,74.0,76.4,78.8",25.1,999.0,999.0,999,999,0
999,999999,"108.4,110.3,111.8,109.6,110.2",31.3,999.0,999.0,999,999,0
999,999999,"107.0,108.6,112.0,114.5,115.9,116.8,118.1",32.2,999.0,999.0,999,999,0
999,999999,"77.4,79.4,81.4,83.9,157.9,84.8,86.0,86.6,88.1,88.8",28.0,999.0,999.0,999,999,0
999,999999,"90.9,93.4,94.9,93.9,94.2,95.8,95.9,29.7",19.4,999.0,999.0,999,999,0
999,999999,"97.3,98.0,158.1,98.0,98.9,98.5,100.0,101.8,102.8,100.8",13.3,999.0,999.0,999,999,0
999,999999,"66.5,67.9,69.6,69.1,71.3,71.9,72.3,72.0",20.2,999.0,999.0,999,999,0
999,999999,"67.6,68.0,73.4,199.7,73.0,74.2,76.1,74.2,72.0",14.2,999.0,999.0,999,999,0
999,999999,"72.7,77.2,77.7,79.0,80.0,79.6,81.3,82.5",10.2,999.0,999.0,999,999,0
999,999999,"108.0,109.1,106.4,107.5,108.0,109.4,111.3,115.2",32.6,999.0,999.0,999,999,0
999,999999,"67.9,69.4,72.0,70.8,111.6,74.0,73.7,75.4,76.2",20.5,999.0,999.0,999,999,0
999,999999,"71.5,73.4,76.6,77.8,80.7,79.4,81.7,84.5,87.1",11.7,999.0,999.0,999,999,0
999,999999,"65.6,150.6,69.4,70.2,68.4,67.5,69.0,71.2,72.9,72.3",34.5,999.0,999.0,999,999,0
999,999999,"65.4,65.0,66.8,66.9,67.8,68.6,68.4,70.4,72.8",10.6,999.0,999.0,999,999,0
999,999999,"104.7,107.1,109.0,112.4,113.9,113.3,110.9",34.2,999.0,999.0,999,999,0
999,999999,"125.8,120.5,121.8,115.7,115.4,118.2",17.3,999.0,999.0,999,999,0
999,999999,"81.7,83.5,84.6,85.2,87.8",20.2,999.0,999.0,999,999,0
999,999999,"76.6,79.0,81.4,81.8,82.2",13.7,999.0,999.0,999,999,0
999,999999,"103.9,105.5,106.2,106.5,106.5,108.5,108.1,107.9,108.1,109.4",27.5,999.0,999.0,999,999,0
999,999999,"91.0,92.8,95.7,98.2,99.8,98.6,97.6,100.2,102.0,103.3",31.8,999.0,999.0,999,999,0
999,999999,"26.7,61.2,60.8,61.4,63.0,65.6,67.6,69.6,70.3,72.2",24.1,999.0,999.0,999,999,0
999,999999,"66.4,67.3,68.0,69.8,70.4,72.7,74.0,76.2,78.2,74.5",34.5,999.0,999.0,999,999,0
999,999999,"79.6,81.4,83.3,85.3,85.3,87.3,82.3,85.0,83.6",24.4,999.0,999.0,999,999,0
999,999999,"66.5,70.0,71.0,73.0,74.7,76.2",28.8,999.0,999.0,999,999,0
999,999999,"100.4,102.4,103.3,107.2,107.7",19.6,999.0,999.0,999,999,0
999,999999,"59.8,66.9,69.0,71.9,70.4,71.8,75.3,77.5",10.4,999.0,999.0,999,999,0
999,999999,"105.4,108.2,108.6,108.5,110.8,112.2,116.2,117.0,117.9",17.3,999.0,999.0,999,999,0
999,999999,"83.4,85.4,86.3,86.4,87.2",34.2,999.0,999.0,999,999,0
999,999999,"137.7,102.2,102.9,103.1,105.5,107.7,110.6,109.6,110.8",10.6,999.0,999.0,999,999,0
999,999999,"99.8,100.8,103.7,104.8,107.9,109.3,113.2,115.2,115.6",11.9,999.0,999.0,999,999,0
999,999999,"193.8,107.4,108.0,107.7,110.5,113.0",12.6,999.0,999.0,999,999,0
999,999999,"105.1,106.4,107.9,108.6,109.3,109.2,110.5,111.8",18.3,999.0,999.0,999,999,0
999,999999,"94.9,95.0,94.0,94.0,98.2,100.9,100.9,101.3,102.4,101.7",34.4,999.0,999.0,999,999,0
999,999999,"69.5,70.6,190.1,73.0,73.8",10.6,999.0,999.0,999,999,0
999,999999,"113.0,115.1,115.8,116.0,155.1,117.7,118.2,118.7,118.6",34.2,999.0,999.0,999,999,0
999,999999,"106.0,107.9,109.3,109.4,111.5,113.8",32.7,999.0,999.0,999,999,0
999,999999,"109.1,110.7,110.9,113.2,113.5,114.1,114.2",23.4,999.0,999.0,999,999,0
999,999999,"72.2,67.8,69.1,72.9,74.2,75.7,77.9,70.6,72.3,73.9",25.8,999.0,999.0,999,999,0
999,999999,"90.9,92.6,90.7,89.5,89.6,90.8,91.0,93.5,91.9",32.3,999.0,999.0,999,999,0
999,999999,"63.3,63.3,67.0,67.9,70.2,71.9,71.4",18.5,999.0,999.0,999,999,0
999,999999,"73.4,73.9,73.4,75.5,76.0,78.3,81.1,84.0",25.5,999.0,999.0,999,999,0
999,999999,"139.4,110.2,107.9,107.7,108.3,110.4,111.8",24.1,999.0,999.0,999,999,0
999,999999,"87.8,88.7,89.3,187.5,94.2",27.8,999.0,999.0,999,999,0
999,999999,"60.3,62.2,63.3,64.9,142.3,70.5,72.6,72.4",26.3,999.0,999.0,999,999,0
999,999999,"114.6,115.1,115.2,117.2,116.0,117.6,117.7",22.6,999.0,999.0,999,999,0
999,999999,"63.7,65.7,69.3,71.2,71.4,71.1,70.2,71.6,73.1,73.3",12.9,999.0,999.0,999,999,0
999,999999,"86.8,21.5,91.3,92.6,92.2,92.0,93.7,95.7,95.4",26.3,999.0,999.0,999,999,0
999,999999,"78.1,76.2,154.7,71.3,73.1,76.0,79.5",29.6,999.0,999.0,999,999,0
999,999999,"76.8,78.6,79.4,78.1,78.4",28.3,999.0,999.0,999,999,0
999,999999,"91.2,88.9,90.5,91.5,93.2,93.4,93.4,94.9",27.7,999.0,999.0,999,999,0
999,999999,"78.7,80.4,80.0,80.9,81.7,83.3,84.2,84.2,85.4",20.4,999.0,999.0,999,999,0
999,999999,"105.4,106.7,108.0,108.4,107.5,108.6,108.8,111.0",12.0,999.0,999.0,999,999,0
999,999999,"101.9,104.0,106.4,107.7,107.4,107.6",17.5,999.0,999.0,999,999,0
999,999999,"102.0,103.0,103.7,104.9,106.3,109.8,111.3,113.6,116.6,118.5",16.8,999.0,999.0,999,999,0
999,999999,"97.8,100.1,102.5,101.8,108.5",26.3,999.0,999.0,999,999,0
999,999999,"115.5,116.8,118.6,119.5,120.6,120.8,122.9,141.6,118.7",26.9,999.0,999.0,999,999,0
999,999999,"70.9,71.6,162.5,74.2,75.7,78.4,80.4,80.1,79.6,81.0",17.7,999.0,999.0,999,999,0
999,999999,"60.9,62.6,61.1,62.3,23.3,64.5,65.4,66.6,70.1",14.5,999.0,999.0,999,999,0
999,999999,"98.9,101.0,103.5,104.5,106.4,107.6,107.2,108.9,108.5",14.2,999.0,999.0,999,999,0
999,999999,"95.0,94.6,97.3,102.5,101.4,104.0,104.7,106.1,106.5",12.9,999.0,999.0,999,999,0
999,999999,"93.5,94.4,96.8,98.6,99.9",24.6,999.0,999.0,999,999,0
999,999999,"68.6,69.0,68.6,71.6,71.5,74.0,74.4,77.3,77.4,79.0",11.5,999.0,999.0,999,999,0
999,999999,"71.9,74.4,75.5,75.5,77.0,78.8,81.6,82.3,83.5,85.1",19.9,999.0,999.0,999,999,0
999,999999,"99.8,101.5,106.8,109.7,107.9,109.0,108.6,107.2,110.4",14.6,999.0,999.0,999,999,0
999,999999,"92.0,93.2,94.6,93.6,96.4,99.8,100.7",23.2,999.0,999.0,999,999,0
999,999999,"83.8,85.1,88.4,89.1,91.0,88.9,90.6,90.3,91.7",10.6,999.0,999.0,999,999,0
999,999999,"84.6,86.5,88.0,89.7,90.3,91.4,93.8,94.2,93.9",34.8,999.0,999.0,999,999,0
999,999999,"101.1,125.4,102.5,103.7,99.8,16.1",34.2,999.0,999.0,999,999,0
999,999999,"81.4,83.7,87.4,88.9,88.8,90.0,91.6",13.1,999.0,999.0,999,999,0
999,999999,"113.2,113.6,114.4,114.2,114.3,115.7",31.4,999.0,999.0,999,999,0
999,999999,"78.2,77.7,77.6,78.2,80.3,82.8,83.8,86.4,88.1",18.7,999.0,999.0,999,999,0
999,999999,"105.0,106.5,106.1,109.3,110.9,111.9,113.0",19.4,999.0,999.0,999,999,0
999,999999,"84.6,84.5,83.1,83.8,84.9,82.6,83.6,87.9,91.4",11.7,999.0,999.0,999,999,0
999,999999,"78.2,76.8,78.3,81.4,80.4",19.0,999.0,999.0,999,999,0
999,999999,"94.2,94.3,97.8,96.0,97.4,95.5,93.4",25.8,999.0,999.0,999,999,0
999,999999,"73.5,74.9,72.4,73.2,72.4,73.5",30.3,999.0,999.0,999,999,0
999,999999,"94.7,96.6,97.6,30.0,100.6,103.4,104.1",19.4,999.0,999.0,999,999,0
999,999999,"104.5,106.9,104.8,106.4,106.7,107.3",26.3,999.0,999.0,999,999,0
999,999999,"80.2,81.5,83.9,83.5,159.0",21.6,999.0,999.0,999,999,0
999,999999,"108.6,108.2,111.3,112.3,113.3,114.0,114.2,114.0",20.3,999.0,999.0,999,999,0
999,999999,"94.4,94.6,96.7,99.2,101.5,103.4",24.3,999.0,999.0,999,999,0
999,999999,"100.3,103.1,100.4,101.8,103.8,106.0,104.6",29.2,999.0,999.0,999,999,0
999,999999,"64.7,68.0,70.4,72.8,71.4",16.2,999.0,999.0,999,999,0
999,999999,"110.2,110.4,111.1,113.2,112.1,112.0",21.7,999.0,999.0,999,999,0
999,999999,"62.7,63.9,65.0,67.4,68.7,71.8,72.8,75.4,77.9,78.7",34.2,999.0,999.0,999,999,0
999,999999,"96.5,97.8,97.8,98.4,98.4,102.2,104.6",17.7,999.0,999.0,999,999,0
999,999999,"85.4,88.1,89.8,89.8,90.8,89.9,90.7,92.0",26.1,999.0,999.0,999,999,0
999,999999,"78.0,81.1,73.2,21.4,75.0,76.4",22.8,999.0,999.0,999,999,0
999,999999,"76.8,80.0,80.7,80.6,83.1,84.5,83.6,82.3,85.6",27.0,999.0,999.0,999,999,0
999,999999,"76.8,75.2,76.8,78.7,79.3,78.3,79.9,77.4",31.7,999.0,999.0,999,999,0
999,999999,"82.9,83.8,83.5,84.5,86.0,88.4",12.2,999.0,999.0,999,999,0
999,999999,"97.2,100.0,99.1,100.2,101.7,101.8,101.9,101.0,104.9,105.9",35.2,999.0,999.0,999,999,0
999,999999,"94.7,97.2,97.6,99.4,100.7,95.4,95.6,97.5,99.4,97.6",26.7,999.0,999.0,999,999,0
999,999999,"115.2,117.1,118.4,120.8,113.4",24.1,999.0,999.0,999,999,0
999,999999,"94.9,96.8,100.2,102.1,101.8",20.5,999.0,999.0,999,999,0
999,999999,"78.0,78.6,81.9,81.6,77.3,79.2",30.8,999.0,999.0,999,999,0
999,999999,"93.0,94.0,94.8,97.1,98.9,101.1,100.2,102.5",25.6,999.0,999.0,999,999,0
999,999999,"93.3,95.3,96.4,96.9,99.3,100.5",29.5,999.0,999.0,999,999,0
999,999999,"112.4,113.8,113.4,112.6,114.6,116.8,117.7,118.0,121.0,119.5",32.7,999.0,999.0,999,999,0
999,999999,"112.0,114.4,116.0,118.0,118.4",27.7,999.0,999.0,999,999,0
999,999999,"85.4,76.6,78.6,80.7,82.3,83.6,84.4,85.9,87.7",19.8,999.0,999.0,999,999,0
999,999999,"69.1,70.8,72.6,74.5,74.5",34.8,999.0,999.0,999,999,0
999,999999,"94.5,96.7,98.8,100.4,101.2,101.2,102.8",13.2,999.0,999.0,999,999,0
999,999999,"86.8,87.7,90.8,92.8,92.0,93.4",31.7,999.0,999.0,999,999,0
999,999999,"61.3,63.6,65.0,66.5,70.3,68.6,71.2,73.2,74.8",34.2,999.0,999.0,999,999,0
999,999999,"66.5,68.9,72.2,72.2,70.3,70.5,70.4,72.1",33.9,999.0,999.0,999,999,0
999,999999,"71.5,71.1,72.5,72.6,74.5,76.8,77.5,26.6,164.5,79.0",19.6,999.0,999.0,999,999,0
999,999999,"95.9,94.6,95.3,96.9,97.4",25.5,999.0,999.0,999,999,0
999,999999,"83.0,86.1,86.2,84.6,83.3,81.6,83.5,85.1,86.2,87.8",25.4,999.0,999.0,999,999,0
999,999999,"109.2,109.2,111.5,113.9,114.0,113.6",28.7,999.0,999.0,999,999,0
999,999999,"68.3,69.1,165.1,74.1,75.4,76.4",32.0,999.0,999.0,999,999,0
999,999999,"92.6,92.9,90.4,91.9,94.3,92.5,92.0,94.3,94.2",13.6,999.0,999.0,999,999,0
999,999999,"66.6,67.9,71.6,72.4,72.3",12.0,999.0,999.0,999,999,0
999,999999,"104.5,106.2,106.9,108.7,106.7",21.6,999.0,999.0,999,999,0
999,999999,"86.1,86.1,87.6,87.6,88.3,89.1",28.4,999.0,999.0,999,999,0
999,999999,"101.3,100.3,102.8,107.8,105.1,107.5",11.2,999.0,999.0,999,999,0
999,999999,"88.3,88.9,93.8,98.2,17.6,99.2,100.4,102.5,101.7",12.8,999.0,999.0,999,999,0
999,999999,"95.6,97.1,98.4,99.4,95.9,96.5,98.9,99.9",31.7,999.0,999.0,999,999,0
999,999999,"96.8,98.1,97.9,99.7,100.4,103.3,106.2,109.6,111.4",19.9,999.0,999.0,999,999,0
999,999999,"73.5,77.0,78.1,76.5,76.5,78.2,80.9,81.8,84.3,86.7",20.8,999.0,999.0,999,999,0
999,999999,"90.8,91.2,93.7,95.7,97.4",13.1,999.0,999.0,999,999,0
999,999999,"112.3,112.3,149.0,114.5,115.6,116.5,119.5",11.9,999.0,999.0,999,999,0
999,999999,"79.7,80.2,80.1,80.9,82.9",21.6,999.0,999.0,999,999,0
999,999999,"110.7,111.9,116.5,16.5,119.4",16.4,999.0,999.0,999,999,0
999,999999,"98.5,96.3,96.3,98.2,100.1,100.6,101.7,102.6,101.4",18.3,999.0,999.0,999,999,0
999,999999,"85.4,88.2,88.2,85.7,90.4",21.5,999.0,999.0,999,999,0
999,999999,"99.3,98.2,97.9,102.6,104.4,105.9,106.8,15.3,111.5",31.7,999.0,999.0,999,999,0
999,999999,"88.2,88.8,89.2,90.9,90.9,91.8",19.1,999.0,999.0,999,999,0
999,999999,"80.4,78.9,76.8,78.4,78.4,76.7,76.5,78.0,81.4,82.1",24.6,999.0,999.0,999,999,0
999,999999,"86.3,85.7,88.1,153.1,92.1,93.2,96.5,96.2",29.0,999.0,999.0,999,999,0
999,999999,"90.0,93.4,93.8,94.4,93.6,96.1,96.0,97.1,97.6",11.7,999.0,999.0,999,999,0
999,999999,"74.9,75.7,75.6,78.2,80.4,80.5,83.1,83.2,142.5,84.3",27.7,999.0,999.0,999,999,0
999,999999,"92.9,95.2,95.6,96.9,98.1,96.2,98.2",20.2,999.0,999.0,999,999,0
999,999999,"95.4,94.0,97.4,96.2,97.3,100.1,102.1,104.3",24.1,999.0,999.0,999,999,0
999,999999,"68.0,69.7,71.6,72.8,73.5,74.8,77.5,116.4,84.0,85.0",29.6,999.0,999.0,999,999,0
999,999999,"22.2,99.1,100.9,104.1,105.3,103.5",32.9,999.0,999.0,999,999,0
999,999999,"84.1,85.4,88.7,84.8,86.7",24.8,999.0,999.0,999,999,0
999,999999,"106.8,108.8,110.7,113.5,115.6,116.8,116.8,118.7,119.2",17.8,999.0,999.0,999,999,0
999,999999,"108.3,111.6,112.3,111.1,114.8,115.0,115.4",11.8,999.0,999.0,999,999,0
999,999999,"88.5,90.7,91.7,91.6,92.0,93.8",30.1,999.0,999.0,999,999,0
999,999999,"113.9,115.9,116.8,115.8,119.3,118.6,196.8,121.8,118.6",13.6,999.0,999.0,999,999,0
999,999999,"85.9,87.7,87.8,91.6,93.0,93.9,93.0,91.6,93.2,95.9",30.7,999.0,999.0,999,999,0
999,999999,"68.6,71.1,74.6,76.8,75.3,76.6,78.6,80.6,83.1",31.8,999.0,999.0,999,999,0
999,999999,"114.5,115.0,117.2,119.6,118.7",23.4,999.0,999.0,999,999,0
999,999999,"64.4,67.4,68.1,67.3,68.8,70.7",15.4,999.0,999.0,999,999,0
999,999999,"82.0,83.1,84.7,87.2,89.4,90.5,126.0,90.2",19.0,999.0,999.0,999,999,0
999,999999,"82.6,84.0,86.0,86.8,88.2,89.2,89.7,91.7,93.7,91.1",21.1,999.0,999.0,999,999,0
999,999999,"73.2,71.1,70.4,69.1,70.0,72.9",24.4,999.0,999.0,999,999,0
999,999999,"84.1,82.1,80.4,78.2,79.1,80.2,81.2,83.0",22.1,999.0,999.0,999,999,0
999,999999,"72.3,75.6,76.3,77.0,78.0,78.3,81.0",16.7,999.0,999.0,999,999,0
999,999999,"81.7,81.1,81.7,80.4,80.4,77.4,79.9,82.8,82.0,85.8",19.8,999.0,999.0,999,999,0
999,999999,"109.5,110.8,112.4,112.7,116.1",24.1,999.0,999.0,999,999,0
999,999999,"108.0,109.0,110.1,108.0,108.6,108.5,109.3,108.2,109.8,107.1",12.4,999.0,999.0,999,999,0
999,999999,"67.7,69.9,71.4,73.0,74.1,73.9,76.8,78.1,75.9",28.2,999.0,999.0,999,999,0
999,999999,"83.6,84.5,83.8,86.7,87.9,89.6",22.6,999.0,999.0,999,999,0
999,999999,"89.8,91.1,92.8,95.3,94.6,95.3,96.4,95.6",31.4,999.0,999.0,999,999,0
999,999999,"100.9,105.6,107.9,110.1,108.2,111.2,115.7,116.9,118.7,20.1",33.6,999.0,999.0,999,999,0
999,999999,"67.4,68.4,67.4,122.3,70.5,73.1",15.0,999.0,999.0,999,999,0
999,999999,"106.4,107.4,110.2,111.3,110.3,111.8",25.4,999.0,999.0,999,999,0
999,999999,"102.1,102.6,106.1,107.7,108.1,111.8,112.4,114.5,116.4,119.6",24.4,999.0,999.0,999,999,0
999,999999,"79.1,80.2,81.9,83.2,85.2,86.4,86.7,88.8,90.6,93.1",15.4,999.0,999.0,999,999,0
999,999999,"86.4,88.5,88.5,92.3,95.2,94.9",13.3,999.0,999.0,999,999,0
999,999999,"102.8,106.4,108.1,109.3,108.9,112.2,110.3,22.9",21.2,999.0,999.0,999,999,0
999,999999,"61.3,16.8,65.2,66.7,70.1,71.9,74.4,76.6,77.1",27.8,999.0,999.0,999,999,0
999,999999,"72.7,74.4,76.1,77.8,78.9",13.7,999.0,999.0,999,999,0
999,999999,"109.9,112.0,114.7,115.5,115.5,114.9,114.8,117.1",28.5,999.0,999.0,999,999,0
999,999999,"79.1,81.4,83.0,17.1,80.2,79.0,82.5,87.6,88.7,89.9",27.2,999.0,999.0,999,999,0
999,999999,"97.6,97.8,98.4,101.2,103.6,104.4",24.8,999.0,999.0,999,999,0
999,999999,"79.7,80.4,82.0,83.9,86.3",31.8,999.0,999.0,999,999,0
999,999999,"102.4,105.4,118.2,108.7,111.2,114.3",21.7,999.0,999.0,999,999,0
999,999999,"101.6,105.8,146.9,109.4,112.1",22.8,999.0,999.0,999,999,0
999,999999,"86.6,86.7,88.2,90.0,89.6",26.3,999.0,999.0,999,999,0
999,999999,"105.0,107.4,108.9,109.4,22.0,105.4,106.1,108.2,108.0",31.4,999.0,999.0,999,999,0
999,999999,"70.1,70.2,71.9,73.1,72.1,72.1,69.8,71.9,72.6,74.8",32.0,999.0,999.0,999,999,0
999,999999,"99.4,100.2,102.8,103.0,101.1,101.4",33.2,999.0,999.0,999,999,0
999,999999,"88.6,86.3,87.4,90.0,91.0,92.1,94.2",17.9,999.0,999.0,999,999,0
999,999999,"93.8,94.1,91.7,94.2,95.5",24.5,999.0,999.0,999,999,0
999,999999,"78.0,80.3,81.7,82.3,82.4",33.5,999.0,999.0,999,999,0
999,999999,"78.1,111.5,79.9,81.9,83.5",17.8,999.0,999.0,999,999,0
999,999999,"77.2,79.4,76.5,76.6,73.0,76.1",10.9,999.0,999.0,999,999,0
999,999999,"67.0,67.9,69.2,68.1,68.9,71.2",17.4,999.0,999.0,999,999,0
999,999999,"89.4,90.9,92.1,92.5,92.6",28.8,999.0,999.0,999,999,0
999,999999,"66.3,70.2,71.7,75.2,21.2",34.1,999.0,999.0,999,999,0
999,999999,"106.8,109.9,112.9,113.7,114.6",25.0,999.0,999.0,999,999,0
999,999999,"109.8,110.4,110.5,110.1,109.5,109.8",10.6,999.0,999.0,999,999,0
999,999999,"112.9,114.5,112.1,113.5,114.2",32.7,999.0,999.0,999,999,0
999,999999,"55.6,24.6,58.8,187.5,68.2,69.4,71.7,74.2,75.1",11.0,999.0,999.0,999,999,0
999,999999,"91.4,19.0,92.9,91.3,94.1,92.2,92.3,92.7",27.2,999.0,999.0,999,999,0
999,999999,"102.4,104.4,106.3,108.5,110.9,112.9,114.3",24.0,999.0,999.0,999,999,0
999,999999,"73.4,77.1,79.0,80.3,84.0,84.1,83.8,83.4",26.9,999.0,999.0,999,999,0
999,999999,"65.1,63.7,64.8,65.8,67.4,71.1,70.9,72.0",26.5,999.0,999.0,999,999,0
999,999999,"109.5,111.9,111.6,111.8,111.6,113.9,115.9,120.4,119.9,119.0",24.6,999.0,999.0,999,999,0
999,999999,"73.3,78.1,77.1,80.0,82.3,81.6",28.7,999.0,999.0,999,999,0
999,999999,"64.0,63.8,63.6,65.1,66.5,67.7,68.7,70.9",13.4,999.0,999.0,999,999,0
999,999999,"116.0,116.7,115.8,117.1,115.8",21.7,999.0,999.0,999,999,0
999,999999,"87.6,88.6,86.6,88.1,90.6,91.3",29.1,999.0,999.0,999,999,0
999,999999,"54.7,57.9,59.3,58.9,61.8,61.4,64.0,66.9,69.2,70.3",10.1,999.0,999.0,999,999,0
999,999999,"72.9,68.8,68.9,71.2,71.1,72.0,70.1,70.2,70.1,18.8",12.7,999.0,999.0,999,999,0
999,999999,"91.6,93.5,94.5,96.6,98.7,101.7",26.1,999.0,999.0,999,999,0
999,999999,"54.9,57.7,60.4,62.8,66.8,68.1,69.7,69.0,71.3",27.2,999.0,999.0,999,999,0
999,999999,"92.7,93.7,95.2,96.5,98.4,99.5",19.0,999.0,999.0,999,999,0
999,999999,"59.5,60.6,65.4,68.2,73.7,74.3,75.1",23.6,999.0,999.0,999,999,0
999,999999,"66.9,67.6,67.4,28.3,69.4,70.4,71.6,73.6",34.8,999.0,999.0,999,999,0
999,999999,"73.8,74.5,77.0,76.7,76.6,76.6,78.7",21.8,999.0,999.0,999,999,0
999,999999,"65.8,67.1,65.9,66.3,67.3,67.5,68.8,70.5,72.5",16.8,999.0,999.0,999,999,0
999,999999,"72.1,74.5,75.4,76.1,79.3,80.5,82.4,84.8",19.1,999.0,999.0,999,999,0
999,999999,"101.7,104.6,101.9,96.6,162.8,100.1",35.2,999.0,999.0,999,999,0
999,999999,"80.2,81.8,154.8,86.1,84.2,85.4,86.9,88.3,88.4",24.6,999.0,999.0,999,999,0
999,999999,"109.9,110.0,111.9,115.5,114.4,114.1,113.4,116.1,117.9,117.2",17.8,999.0,999.0,999,999,0
999,999999,"83.8,82.8,84.3,84.7,85.5,87.8,88.4,89.4",31.7,999.0,999.0,999,999,0
999,999999,"88.1,89.0,89.0,90.2,88.7,18.0",14.6,999.0,999.0,999,999,0
999,999999,"105.4,108.0,108.9,109.8,109.9,110.1,109.9,17.2,111.2",22.8,999.0,999.0,999,999,0
999,999999,"102.4,104.5,103.0,104.8,107.8,108.1,109.5,111.0,108.8,107.5",13.7,999.0,999.0,999,999,0
999,999999,"64.3,65.9,67.4,68.6,70.3,70.1,71.5,71.6,72.6",17.3,999.0,999.0,999,999,0
999,999999,"105.7,106.0,107.1,108.2,109.1",9.8,999.0,999.0,999,999,0
999,999999,"88.0,90.5,89.1,89.4,194.4,89.2,91.2",26.4,999.0,999.0,999,999,0
999,999999,"72.5,73.4,74.5,76.2,77.9,76.5,74.6,74.5",12.3,999.0,999.0,999,999,0
999,999999,"89.7,89.7,91.5,93.1,95.0,94.7,99.7,101.0,101.7,103.2",29.6,999.0,999.0,999,999,0
999,999999,"100.3,99.2,100.6,101.0,102.6,104.0,106.8,108.5",21.3,999.0,999.0,999,999,0
999,999999,"91.3,93.2,94.4,97.0,17.8,100.4,102.3",27.9,999.0,999.0,999,999,0
999,999999,"91.2,15.2,88.8,90.2,91.6,88.9,89.0,90.7,90.6",26.4,999.0,999.0,999,999,0
999,999999,"103.7,105.2,107.9,110.6,113.3,114.8",19.0,999.0,999.0,999,999,0
999,999999,"67.6,69.2,71.5,77.1,173.5,76.0,76.6,79.8,82.6",29.7,999.0,999.0,999,999,0
999,999999,"107.9,109.6,111.2,106.5,106.6,105.9,106.4",19.5,999.0,999.0,999,999,0
999,999999,"67.8,66.9,67.6,69.1,71.5,69.8,70.7",11.7,999.0,999.0,999,999,0
999,999999,"102.3,105.6,106.9,108.1,108.5,110.1,113.2,114.7,116.1,117.0",13.3,999.0,999.0,999,999,0
999,999999,"77.9,80.2,81.7,82.3,84.0,86.8,88.2,20.0,93.6",22.2,999.0,999.0,999,999,0
999,999999,"95.2,95.9,97.1,98.9,100.9,97.8,29.7",30.1,999.0,999.0,999,999,0
999,999999,"113.8,114.0,115.7,114.2,113.0,113.1,114.4",26.8,999.0,999.0,999,999,0
999,999999,"101.9,102.5,105.4,17.9,109.1,110.9,109.7",24.0,999.0,999.0,999,999,0
999,999999,"74.0,76.0,82.4,85.3,85.3,86.0,86.1,84.9,85.8,86.6",34.2,999.0,999.0,999,999,0
999,999999,"99.1,101.5,103.4,103.0,104.0",31.8,999.0,999.0,999,999,0
999,999999,"79.5,82.1,77.8,79.1,78.4,79.6",22.2,999.0,999.0,999,999,0
999,999999,"88.6,89.4,89.9,90.5,93.9,97.3,97.8,98.1",16.1,999.0,999.0,999,999,0
999,999999,"79.0,80.1,80.3,166.5,79.8,79.7",24.4,999.0,999.0,999,999,0
999,999999,"84.6,87.0,89.9,93.5,95.5,198.3,98.2,99.9,102.2,99.2",32.7,999.0,999.0,999,999,0
999,999999,"93.1,92.8,93.5,92.5,94.6,95.8,97.7",30.5,999.0,999.0,999,999,0
999,999999,"80.4,81.0,82.1,85.3,86.4,23.0,89.5,93.1,93.6,93.3",16.9,999.0,999.0,999,999,0
999,999999,"72.4,72.7,72.0,73.0,75.0",23.6,999.0,999.0,999,999,0
999,999999,"96.9,100.9,102.0,101.5,102.1,105.6,108.7,19.8",20.8,999.0,999.0,999,999,0
999,999999,"87.1,88.7,89.3,92.0,92.1,18.1,98.8,101.7,101.4",27.2,999.0,999.0,999,999,0
999,999999,"94.8,95.6,96.6,97.5,97.4,98.2,100.0,101.0,104.1",10.1,999.0,999.0,999,999,0
999,999999,"94.6,96.3,96.4,97.9,98.2,100.3",24.1,999.0,999.0,999,999,0
999,999999,"79.9,80.1,80.3,82.4,87.6,87.8",31.2,999.0,999.0,999,999,0
999,999999,"87.9,88.1,89.3,103.7,88.5,90.3,89.8,89.9,90.7",19.3,999.0,999.0,999,999,0
999,999999,"104.0,106.5,109.6,110.4,111.4,112.3,112.7,114.1,115.1,118.1",28.7,999.0,999.0,999,999,0
999,999999,"94.3,97.7,98.5,101.3,101.2",29.3,999.0,999.0,999,999,0
999,999999,"70.4,119.8,78.4,79.7,80.6",21.6,999.0,999.0,999,999,0
999,999999,"96.7,94.5,98.5,100.4,103.5,105.8,104.9,109.4,109.3",25.9,999.0,999.0,999,999,0
999,999999,"118.8,118.3,118.0,116.1,117.0,118.7,117.1,124.2",16.1,999.0,999.0,999,999,0
999,999999,"63.6,65.0,64.5,65.5,67.2,64.3,67.1,69.4,70.1",26.3,999.0,999.0,999,999,0
999,999999,"115.4,166.7,116.3,116.4,117.0,117.1",27.2,999.0,999.0,999,999,0
999,999999,"70.2,70.3,71.7,72.6,72.5,29.1,72.1",22.0,999.0,999.0,999,999,0
999,999999,"93.2,94.1,96.4,97.3,98.5,98.6,100.6,109.2,104.6,106.2",23.3,999.0,999.0,999,999,0
999,999999,"91.9,93.3,95.7,96.0,98.5,98.2,98.8",16.1,999.0,999.0,999,999,0
999,999999,"101.4,132.1,102.2,105.3,107.0",14.2,999.0,999.0,999,999,0
999,999999,"89.4,90.7,92.3,92.3,94.4,96.2,96.2,98.4,97.3",26.8,999.0,999.0,999,999,0
999,999999,"93.6,95.5,95.6,95.6,113.9,99.3,101.3,100.0",25.8,999.0,999.0,999,999,0
999,999999,"82.5,83.2,83.8,85.1,85.7,85.8,88.6",26.8,999.0,999.0,999,999,0
999,999999,"85.2,84.9,88.6,89.1,86.7,90.9",16.9,999.0,999.0,999,999,0
999,999999,"91.2,91.4,165.1,25.5,97.5",14.8,999.0,999.0,999,999,0
999,999999,"96.8,98.1,102.3,103.1,105.0,105.1",25.1,999.0,999.0,999,999,0
999,999999,"77.9,76.7,78.6,80.3,82.0,81.9,85.0,87.9",17.6,999.0,999.0,999,999,0
999,999999,"97.3,98.9,97.6,99.4,98.7,99.8,103.3,106.1",22.3,999.0,999.0,999,999,0
999,999999,"96.8,99.3,100.6,103.3,105.7,106.6",31.6,999.0,999.0,999,999,0
999,999999,"21.2,75.3,77.1,79.5,85.7,87.0,90.0,94.3,97.0,98.3",29.8,999.0,999.0,999,999,0
999,999999,"88.6,88.7,88.5,89.1,90.9,90.9",9.8,999.0,999.0,999,999,0
999,999999,"108.5,112.6,114.4,116.5,118.0,118.6,119.9",33.1,999.0,999.0,999,999,0
999,999999,"112.5,118.1,115.1,116.8,118.4,119.2,116.5,116.2",26.7,999.0,999.0,999,999,0
999,999999,"88.3,88.1,92.8,97.2,98.6,97.7,100.6,102.9",32.7,999.0,999.0,999,999,0
999,999999,"76.7,77.9,80.4,79.0,80.3,84.0",24.4,999.0,999.0,999,999,0
999,999999,"77.4,78.3,76.5,77.6,79.2,74.6,78.1",11.6,999.0,999.0,999,999,0
999,999999,"102.6,101.6,103.3,104.9,108.1,108.7,111.4,195.9,114.5",29.2,999.0,999.0,999,999,0
999,999999,"108.7,109.9,104.9,105.4,107.8,111.2,114.0,115.2",25.4,999.0,999.0,999,999,0
999,999999,"69.9,71.5,75.2,78.7,80.7,82.4,83.4,84.7",14.8,999.0,999.0,999,999,0
999,999999,"80.1,81.6,81.1,79.3,79.8,79.5,82.4,80.5,81.3",32.9,999.0,999.0,999,999,0
999,999999,"81.1,83.2,85.6,87.5,90.2",15.3,999.0,999.0,999,999,0
999,999999,"80.8,83.0,84.4,85.5,87.4",10.8,999.0,999.0,999,999,0
999,999999,"110.1,110.2,112.4,110.5,114.0,115.8,117.0",24.2,999.0,999.0,999,999,0
999,999999,"18.8,98.1,100.2,99.2,100.5",26.4,999.0,999.0,999,999,0
999,999999,"96.4,98.8,99.9,131.5,101.9,103.8,106.7",10.1,999.0,999.0,999,999,0
999,999999,"92.1,97.7,99.5,101.9,101.7,100.5",22.1,999.0,999.0,999,999,0
999,999999,"79.2,82.5,79.9,83.0,87.5",14.8,999.0,999.0,999,999,0
999,999999,"96.5,98.6,100.4,101.1,103.9,105.3,107.1,114.0,114.7",22.3,999.0,999.0,999,999,0
999,999999,"80.3,79.1,81.9,82.6,84.8,87.7,89.3",11.1,999.0,999.0,999,999,0
999,999999,"83.5,82.0,83.6,85.8,83.2,81.0,81.3",24.4,999.0,999.0,999,999,0
999,999999,"75.8,75.8,79.3,80.2,80.8,82.1,78.6,78.6",31.7,999.0,999.0,999,999,0
999,999999,"96.1,94.9,96.4,99.6,100.4,104.6,103.2,104.8",29.2,999.0,999.0,999,999,0
999,999999,"69.8,70.9,72.9,76.0,77.0,77.2,80.0,81.3,77.9",30.7,999.0,999.0,999,999,0
999,999999,"110.9,110.4,112.2,111.3,113.9,112.1,112.0,112.5",11.5,999.0,999.0,999,999,0
999,999999,"99.0,101.4,101.0,103.1,106.1,107.1,106.5,112.0,23.7,121.1",17.7,999.0,999.0,999,999,0
999,999999,"59.2,60.6,62.1,62.7,63.6,64.7,67.9,70.0",32.0,999.0,999.0,999,999,0
999,999999,"96.5,98.1,101.3,100.1,101.0,102.1,103.5,110.3,107.5,109.0",12.5,999.0,999.0,999,999,0
999,999999,"90.8,91.9,108.7,95.6,94.2,95.0,96.8,98.9,99.6",30.5,999.0,999.0,999,999,0
999,999999,"80.6,81.7,84.0,85.5,86.4,121.3",21.2,999.0,999.0,999,999,0
999,999999,"82.6,82.2,81.8,82.2,83.5,85.3,88.1,88.3",30.8,999.0,999.0,999,999,0
999,999999,"113.9,115.4,115.4,117.6,118.3",25.6,999.0,999.0,999,999,0
999,999999,"118.7,114.3,112.8,112.6,113.5",25.5,999.0,999.0,999,999,0
999,999999,"96.0,98.0,99.7,101.0,105.3,103.4,103.5,102.6,104.3,105.0",22.1,999.0,999.0,999,999,0
999,999999,"65.5,66.2,67.7,71.5,21.1,80.4,81.3,82.4,86.0",10.8,999.0,999.0,999,999,0
999,999999,"105.8,107.7,110.1,111.2,112.9,111.4",21.7,999.0,999.0,999,999,0
999,999999,"88.9,89.1,89.8,88.8,92.0,89.6,89.8,89.8,90.0",19.3,999.0,999.0,999,999,0
999,999999,"106.0,107.0,106.6,109.7,110.1,107.9,108.3",26.7,999.0,999.0,999,999,0
999,999999,"114.9,116.5,113.7,115.1,117.1,118.7,118.4,119.9,119.2,119.3",19.4,999.0,999.0,999,999,0
999,999999,"80.5,81.2,83.2,83.2,84.4,22.8",23.6,999.0,999.0,999,999,0
999,999999,"76.6,78.5,78.2,77.2,78.5,83.3",28.5,999.0,999.0,999,999,0
999,999999,"103.4,105.5,106.8,108.2,110.3,109.0,108.8,109.1,109.0,108.9",16.3,999.0,999.0,999,999,0
999,999999,"106.8,109.2,109.8,15.0,110.7,112.6,113.8,115.6,116.3,115.3",27.8,999.0,999.0,999,999,0
999,999999,"88.2,91.1,92.5,184.9,100.1,28.9,99.5",12.5,999.0,999.0,999,999,0
999,999999,"91.6,94.4,96.1,94.4,95.4,97.6,100.3,100.9",31.8,999.0,999.0,999,999,0
999,999999,"106.8,107.0,106.7,108.4,109.0,110.2,112.4,114.7,116.4",20.5,999.0,999.0,999,999,0
999,999999,"74.3,74.8,77.6,77.4,78.5,78.7,80.3,82.8,82.4",13.7,999.0,999.0,999,999,0
999,999999,"68.6,72.3,73.8,20.8,76.1,79.1",32.6,999.0,999.0,999,999,0
999,999999,"67.4,68.7,68.3,69.1,73.8,75.8,77.0",29.5,999.0,999.0,999,999,0
999,999999,"72.0,73.8,76.5,78.8,79.9,81.8,82.4",26.1,999.0,999.0,999,999,0
999,999999,"107.7,107.7,109.9,111.8,111.7,112.6,114.5,117.5,118.3",29.6,999.0,999.0,999,999,0
999,999999,"78.9,80.7,82.0,83.8,85.4,86.7,89.0,90.5",24.6,999.0,999.0,999,999,0
999,999999,"68.8,70.3,72.0,71.6,72.8,75.3",30.1,999.0,999.0,999,999,0
999,999999,"51.7,53.7,53.5,57.2,58.4,64.7,70.2,25.5,73.9",26.3,999.0,999.0,999,999,0
999,999999,"21.1,67.6,71.1,72.4,76.1,76.7",31.4,999.0,999.0,999,999,0
999,999999,"62.6,63.9,66.2,65.3,68.3,70.6,71.4,74.0,76.0",31.2,999.0,999.0,999,999,0
999,999999,"91.6,92.6,94.1,96.2,97.2,98.6,99.2,178.6,101.2,101.4",31.8,999.0,999.0,999,999,0
999,999999,"75.2,153.2,73.8,74.7,74.3,76.3,79.0,81.9",34.4,999.0,999.0,999,999,0
999,999999,"93.4,94.1,95.6,95.1,93.8,95.6",26.1,999.0,999.0,999,999,0
999,999999,"67.3,65.6,166.1,70.5,72.3,71.8,72.3,74.6,76.5",24.6,999.0,999.0,999,999,0
999,999999,"100.1,98.9,100.1,103.8,106.4,107.4,111.0,111.6,112.0,113.4",14.6,999.0,999.0,999,999,0
999,999999,"124.1,125.5,126.8,126.7,125.8,126.4,124.5,125.7,126.9,117.6",13.1,999.0,999.0,999,999,0
999,999999,"94.7,95.6,95.1,94.9,94.5,93.4",10.6,999.0,999.0,999,999,0
999,999999,"92.1,90.5,91.6,94.1,95.1,95.2,94.9,95.8,92.9,95.7",23.4,999.0,999.0,999,999,0
999,999999,"95.9,96.7,95.9,20.5,99.6,98.6",17.8,999.0,999.0,999,999,0
999,999999,"87.6,89.0,93.0,95.5,97.1,103.4",22.2,999.0,999.0,999,999,0
999,999999,"108.6,112.0,112.5,115.0,116.3,107.9,108.8",10.8,999.0,999.0,999,999,0
999,999999,"89.6,108.5,91.7,93.2,92.0,92.9",29.2,999.0,999.0,999,999,0
999,999999,"99.1,101.0,101.8,101.7,101.9,101.6",14.8,999.0,999.0,999,999,0
999,999999,"93.6,94.7,95.1,96.4,97.1,99.1,100.8,102.4",25.9,999.0,999.0,999,999,0
999,999999,"108.3,110.9,114.3,116.7,117.8,115.9",29.9,999.0,999.0,999,999,0
999,999999,"86.0,87.1,82.5,80.7,83.6,81.6,82.5,82.4,82.6,84.2",10.6,999.0,999.0,999,999,0
999,999999,"105.3,103.6,105.4,105.7,107.5,107.6,109.8",16.1,999.0,999.0,999,999,0
999,999999,"91.2,90.7,93.3,94.0,97.4,97.7,99.7,101.5,104.0,102.3",13.1,999.0,999.0,999,999,0
999,999999,"91.5,93.8,95.5,94.2,94.4,93.2,96.2",34.2,999.0,999.0,999,999,0
999,999999,"97.1,99.5,101.0,101.3,101.1,103.1,104.3,106.6,109.2,111.6",10.2,999.0,999.0,999,999,0
999,999999,"70.2,71.8,73.7,70.3,70.6,71.9,74.8,75.9",21.8,999.0,999.0,999,999,0
999,999999,"70.0,71.1,73.0,75.6,77.1,179.8",10.1,999.0,999.0,999,999,0
999,999999,"79.3,79.6,82.5,82.3,83.1,86.3,88.3",21.7,999.0,999.0,999,999,0
999,999999,"88.2,88.4,90.6,92.4,28.3,94.0,95.4",14.2,999.0,999.0,999,999,0
999,999999,"70.7,74.3,76.8,77.6,79.6",22.3,999.0,999.0,999,999,0
999,999999,"91.7,92.9,94.5,96.1,95.6",16.8,999.0,999.0,999,999,0
999,999999,"81.6,79.9,81.0,80.7,82.5",24.5,999.0,999.0,999,999,0
999,999999,"85.4,86.6,90.0,91.5,93.6",32.0,999.0,999.0,999,999,0
999,999999,"65.2,66.5,65.1,65.6,63.5,65.7,65.9,68.4,71.8",33.5,999.0,999.0,999,999,0
999,999999,"113.9,115.2,115.5,117.4,118.3,119.8",27.7,999.0,999.0,999,999,0
999,999999,"92.2,88.8,89.2,22.0,89.8,91.1",11.3,999.0,999.0,999,999,0
999,999999,"95.0,95.5,97.9,97.0,98.9,99.5",19.4,999.0,999.0,999,999,0
999,999999,"64.6,64.7,67.9,69.5,71.3,73.1,71.3,72.0,72.5",13.5,999.0,999.0,999,999,0
999,999999,"71.8,70.2,71.3,73.8,77.6,82.0,86.9,88.0,89.2,22.1",16.6,999.0,999.0,999,999,0
999,999999,"66.6,154.0,69.0,70.0,70.9,71.8,72.2,74.4",31.7,999.0,999.0,999,999,0
999,999999,"60.2,63.3,64.8,67.2,68.4,69.3,71.8,72.5,74.6",19.1,999.0,999.0,999,999,0
999,999999,"77.7,80.5,80.5,82.0,81.9,85.0,85.8,83.3,86.1,89.8",16.0,999.0,999.0,999,999,0
999,999999,"75.9,77.6,78.1,77.5,77.5,78.1,77.9,79.4,171.9,81.2",13.4,999.0,999.0,999,999,0
999,999999,"81.4,81.4,82.1,84.5,89.1,91.1",27.7,999.0,999.0,999,999,0
999,999999,"87.9,84.1,82.8,83.8,84.4,86.1,86.7,90.7",31.2,999.0,999.0,999,999,0
999,999999,"88.0,25.0,90.3,92.2,93.4,95.7",26.3,999.0,999.0,999,999,0
999,999999,"98.3,100.6,103.5,105.8,106.9,106.1,104.5,104.1,104.8",19.4,999.0,999.0,999,999,0
999,999999,"77.2,76.7,75.0,16.5,77.6",20.3,999.0,999.0,999,999,0
999,999999,"90.1,91.5,153.9,93.4,94.0,95.2,97.1",19.8,999.0,999.0,999,999,0
999,999999,"72.5,71.1,71.0,69.6,69.7,71.3,74.7,75.7",23.4,999.0,999.0,999,999,0
999,999999,"99.9,102.2,132.9,105.0,106.7,110.9,112.0,113.4",25.2,999.0,999.0,999,999,0
999,999999,"73.4,28.1,75.8,75.4,75.4",34.8,999.0,999.0,999,999,0
999,999999,"78.5,79.4,83.1,83.4,85.7,89.5,87.6,90.2,93.0",15.8,999.0,999.0,999,999,0
999,999999,"99.0,99.2,103.5,102.6,103.6,104.5,107.0,106.7,106.2",10.1,999.0,999.0,999,999,0
999,999999,"138.3,73.5,73.3,74.1,75.8",32.7,999.0,999.0,999,999,0
999,999999,"99.6,95.4,94.0,94.4,93.2",31.2,999.0,999.0,999,999,0
999,999999,"87.1,89.0,88.7,89.1,90.6,90.1",29.2,999.0,999.0,999,999,0
999,999999,"96.3,97.3,97.5,95.5,19.3,99.1",20.0,999.0,999.0,999,999,0
999,999999,"102.0,101.5,103.3,106.8,104.4,104.0,104.7,106.1,106.7",22.8,999.0,999.0,999,999,0
999,999999,"24.3,95.0,97.9,98.9,100.5,99.9,100.9,105.6",21.2,999.0,999.0,999,999,0
999,999999,"83.0,83.6,84.1,85.7,87.1,85.5,82.8,84.5,86.9,88.2",11.1,999.0,999.0,999,999,0
999,999999,"101.0,106.5,106.0,104.7,105.8,106.6,106.5,108.3",28.3,999.0,999.0,999,999,0
999,999999,"137.4,96.7,98.9,98.0,99.8",11.7,999.0,999.0,999,999,0
999,999999,"107.6,108.0,107.5,108.9,110.6,108.0,108.6,107.2",33.0,999.0,999.0,999,999,0
999,999999,"104.1,104.7,107.5,123.5,107.7,109.1",15.0,999.0,999.0,999,999,0
999,999999,"82.8,84.1,85.0,84.9,85.4,87.3,88.8",26.1,999.0,999.0,999,999,0
999,999999,"74.7,77.7,77.3,78.6,82.0,82.6,83.5",29.7,999.0,999.0,999,999,0
999,999999,"99.9,101.7,103.0,104.0,106.6",30.3,999.0,999.0,999,999,0
999,999999,"86.1,87.4,89.2,90.5,92.4",18.5,999.0,999.0,999,999,0
999,999999,"75.4,77.2,79.3,80.6,81.8,83.5",24.6,999.0,999.0,999,999,0
999,999999,"71.0,72.1,72.7,76.7,77.1,80.1",18.5,999.0,999.0,999,999,0
999,999999,"79.7,81.1,82.2,78.4,81.6,82.4,85.4",17.5,999.0,999.0,999,999,0
999,999999,"73.1,74.5,70.1,71.1,71.1,72.7",30.8,999.0,999.0,999,999,0
999,999999,"92.4,93.7,95.3,95.5,96.8,98.6",21.6,999.0,999.0,999,999,0
999,999999,"68.9,69.8,72.7,73.8,75.3,77.8,77.0",10.1,999.0,999.0,999,999,0
999,999999,"91.7,92.5,95.7,97.8,100.7,103.5,103.9,104.4",15.2,999.0,999.0,999,999,0
999,999999,"80.6,77.9,80.2,83.0,83.8,87.7,86.5,87.1",26.8,999.0,999.0,999,999,0
999,999999,"84.1,85.5,85.1,85.1,85.7,23.9,86.5,89.3,90.3,92.4",30.4,999.0,999.0,999,999,0
999,999999,"89.8,89.6,88.3,95.2,96.4,98.2,101.3,103.3",11.3,999.0,999.0,999,999,0
999,999999,"112.3,114.6,115.8,114.2,114.5,118.5",29.4,999.0,999.0,999,999,0
999,999999,"105.1,105.7,100.4,98.3,100.8",29.6,999.0,999.0,999,999,0
999,999999,"91.6,91.9,88.8,87.3,91.4,92.5",21.6,999.0,999.0,999,999,0
999,999999,"99.9,103.1,104.5,105.6,108.2,108.5,108.7,110.1,111.2",33.7,999.0,999.0,999,999,0
999,999999,"99.0,15.1,106.8,108.0,109.4,110.5,112.2",14.1,999.0,999.0,999,999,0
999,999999,"98.4,99.3,101.6,104.7,104.3,107.7,106.8,109.0",13.8,999.0,999.0,999,999,0
999,999999,"75.1,76.2,75.0,76.3,19.4,80.4",19.3,999.0,999.0,999,999,0
999,999999,"68.2,67.4,69.3,71.0,71.8,74.1,74.9,73.5",19.9,999.0,999.0,999,999,0
999,999999,"113.7,115.8,117.2,116.0,116.3,117.8",16.8,999.0,999.0,999,999,0
999,999999,"99.3,98.9,100.2,103.7,105.0",13.3,999.0,999.0,999,999,0
999,999999,"97.7,98.0,99.9,140.1,101.4,102.7",25.7,999.0,999.0,999,999,0
999,999999,"68.2,68.3,73.2,71.2,72.9",34.5,999.0,999.0,999,999,0
999,999999,"95.2,95.3,98.5,99.3,101.1,103.0",25.7,999.0,999.0,999,999,0
999,999999,"60.7,62.9,64.7,66.8,69.3,73.5,77.5,78.5,79.4",28.9,999.0,999.0,999,999,0
999,999999,"110.6,112.8,113.6,115.0,115.8,115.9,114.5,115.0,115.4",22.2,999.0,999.0,999,999,0
999,999999,"96.9,100.9,100.7,102.4,105.4,102.5,103.9",11.1,999.0,999.0,999,999,0
999,999999,"79.5,81.2,83.2,84.9,86.8,87.2",22.6,999.0,999.0,999,999,0
999,999999,"80.8,80.0,80.0,80.6,82.9",15.3,999.0,999.0,999,999,0
999,999999,"98.1,100.9,100.0,101.3,103.8,103.3,105.2,108.0,109.2,109.5",12.0,999.0,999.0,999,999,0
999,999999,"78.9,80.6,81.1,76.9,79.6,29.0,82.6,84.9,83.5,83.5",29.6,999.0,999.0,999,999,0
999,999999,"111.2,111.7,111.5,112.2,114.2,115.3,114.5",14.8,999.0,999.0,999,999,0
999,999999,"64.0,198.5,64.4,64.9,67.9,69.5,73.1,73.8",33.8,999.0,999.0,999,999,0
999,999999,"105.6,108.2,109.4,110.0,114.5,115.9",23.5,999.0,999.0,999,999,0
999,999999,"99.2,100.2,97.9,97.0,97.5,97.0,98.1,99.3,101.3",32.7,999.0,999.0,999,999,0
999,999999,"85.1,86.5,88.3,91.6,93.6,94.0,95.7,96.9,99.1",32.6,999.0,999.0,999,999,0
999,999999,"104.0,104.2,105.0,103.9,103.6,105.5",10.2,999.0,999.0,999,999,0
999,999999,"111.1,109.3,110.8,112.2,113.1,110.8",15.9,999.0,999.0,999,999,0
999,999999,"18.8,90.9,92.2,93.1,94.9",25.0,999.0,999.0,999,999,0
999,999999,"69.8,69.3,71.7,75.4,78.0,81.0",21.2,999.0,999.0,999,999,0
999,999999,"87.5,90.1,167.6,93.2,94.3,96.7,100.0,101.6,103.2",10.2,999.0,999.0,999,999,0
999,999999,"69.1,72.5,74.7,72.6,72.8,72.7,73.1,74.7",14.8,999.0,999.0,999,999,0
999,999999,"96.1,100.3,102.5,104.4,104.9,103.5,103.9,108.1",25.9,999.0,999.0,999,999,0
999,999999,"88.1,87.9,88.0,89.3,93.5,96.4",30.2,999.0,999.0,999,999,0
999,999999,"96.1,97.5,97.1,98.9,100.2",33.1,999.0,999.0,999,999,0
999,999999,"101.2,103.4,104.7,105.9,107.2,107.5,106.4,196.1,106.5",19.4,999.0,999.0,999,999,0
999,999999,"90.3,90.7,93.3,94.4,94.0,94.7,95.4",24.8,999.0,999.0,999,999,0
999,999999,"68.6,69.4,69.9,72.3,72.7,73.9",16.3,999.0,999.0,999,999,0
999,999999,"83.4,26.6,86.9,88.8,89.0",17.7,999.0,999.0,999,999,0
999,999999,"71.3,72.7,70.0,69.9,70.5,70.5,68.4,72.4",28.1,999.0,999.0,999,999,0
999,999999,"93.2,95.5,99.1,98.0,99.9,99.4,101.8,101.5",20.3,999.0,999.0,999,999,0
999,999999,"104.9,108.8,111.0,111.4,111.4,22.2",27.2,999.0,999.0,999,999,0
999,999999,"111.6,112.3,114.7,113.6,117.6,117.6",29.5,999.0,999.0,999,999,0
999,999999,"101.4,100.7,102.4,103.1,104.3,105.1,107.8,109.4,107.9",9.8,999.0,999.0,999,999,0
999,999999,"78.3,81.8,82.4,81.2,84.3",32.5,999.0,999.0,999,999,0
999,999999,"59.7,61.0,60.3,109.7,64.3,67.3,71.1,71.3,24.7,74.3",14.6,999.0,999.0,999,999,0
999,999999,"97.8,99.8,101.2,105.3,106.1",15.3,999.0,999.0,999,999,0
999,999999,"68.0,71.4,72.1,73.5,76.3",19.4,999.0,999.0,999,999,0
999,999999,"82.4,83.9,85.0,85.6,87.3,90.6,91.8,92.8,94.6,97.9",19.0,999.0,999.0,999,999,0
999,999999,"80.8,80.5,82.0,80.2,82.0,84.5",13.1,999.0,999.0,999,999,0
999,999999,"60.3,61.7,63.3,62.5,62.7,69.3,69.3,108.5",18.3,999.0,999.0,999,999,0
999,999999,"65.6,66.7,68.6,68.6,71.8,75.0,78.3,79.9,80.9",19.2,999.0,999.0,999,999,0
999,999999,"71.8,72.4,73.7,74.3,75.0,76.6,77.5,80.3,83.1",28.1,999.0,999.0,999,999,0
999,999999,"102.1,101.6,103.3,101.5,103.3,103.1,102.2,102.9,103.0",29.6,999.0,999.0,999,999,0
999,999999,"107.4,107.3,108.8,111.6,112.6,113.5,114.9",33.5,999.0,999.0,999,999,0
999,999999,"77.6,80.6,79.5,150.7,82.5,83.4,83.5",15.5,999.0,999.0,999,999,0
999,999999,"64.6,64.2,65.4,67.3,67.1,68.3,68.6,70.9,71.0",35.2,999.0,999.0,999,999,0
999,999999,"67.2,69.6,71.5,21.4,71.1,71.1",26.9,999.0,999.0,999,999,0
999,999999,"97.6,100.2,100.0,101.7,100.8,96.1",32.6,999.0,999.0,999,999,0
999,999999,"105.5,104.0,105.4,106.7,109.0,108.9",32.5,999.0,999.0,999,999,0
999,999999,"99.4,21.3,102.3,182.1,101.4,103.6,105.2,105.5,106.8",18.3,999.0,999.0,999,999,0
999,999999,"101.8,101.0,101.8,102.5,103.1,106.4,108.2,109.9,15.6",12.7,999.0,999.0,999,999,0
999,999999,"70.4,144.0,69.7,71.1,72.2,73.4",34.4,999.0,999.0,999,999,0
999,999999,"92.9,95.5,97.2,96.6,97.3,101.3",20.5,999.0,999.0,999,999,0
999,999999,"69.6,72.8,75.3,76.4,77.3,78.3,77.5",15.2,999.0,999.0,999,999,0
999,999999,"74.1,72.7,76.1,78.0,81.0",17.8,999.0,999.0,999,999,0
999,999999,"98.7,101.3,102.1,103.1,105.8,107.5",22.8,999.0,999.0,999,999,0
999,999999,"98.6,100.1,101.3,101.1,103.5,105.7",12.9,999.0,999.0,999,999,0
999,999999,"108.8,111.0,107.3,110.5,110.7,179.8,108.3,109.6",24.1,999.0,999.0,999,999,0
999,999999,"61.5,63.3,65.9,68.4,68.9,21.7,67.4,73.9",23.9,999.0,999.0,999,999,0
999,999999,"113.4,110.6,109.4,111.8,116.4,117.9",27.8,999.0,999.0,999,999,0
999,999999,"91.3,89.0,90.1,79.2,80.3,180.3,81.1",25.0,999.0,999.0,999,999,0
999,999999,"59.4,60.2,63.1,65.2,64.6,64.5,65.7,67.9,69.8,73.1",17.7,999.0,999.0,999,999,0
999,999999,"105.8,107.2,109.5,112.3,114.2,115.8,117.5",11.9,999.0,999.0,999,999,0
999,999999,"66.5,68.4,70.3,70.7,69.9,70.5,71.8,74.7,78.4",18.5,999.0,999.0,999,999,0
999,999999,"96.1,96.0,94.9,92.1,93.5",32.5,999.0,999.0,999,999,0
999,999999,"91.7,89.6,92.1,94.0,95.6,97.5,99.5,101.2,102.6",16.7,999.0,999.0,999,999,0
999,999999,"78.5,80.0,78.1,79.4,82.5,82.5,84.0,86.4",13.8,999.0,999.0,999,999,0
999,999999,"149.8,90.0,91.3,92.4,94.5,95.6",11.0,999.0,999.0,999,999,0
999,999999,"76.4,77.8,76.7,76.7,76.2,77.8,76.7",15.0,999.0,999.0,999,999,0
999,999999,"115.2,116.8,116.1,194.2,118.5",29.9,999.0,999.0,999,999,0
999,999999,"63.1,62.9,64.5,67.8,70.4,70.7,72.8",30.4,999.0,999.0,999,999,0
999,999999,"65.1,64.0,68.3,74.4,75.3,77.6,79.7,72.3,73.1",22.2,999.0,999.0,999,999,0
999,999999,"71.8,73.5,75.3,75.3,74.6,76.2",33.2,999.0,999.0,999,999,0
999,999999,"91.7,93.4,95.5,141.1,98.4,100.8,102.5,102.9,105.3,106.2",14.5,999.0,999.0,999,999,0
999,999999,"76.4,79.7,78.8,79.6,82.1,82.7,84.9",34.4,999.0,999.0,999,999,0
999,999999,"66.6,70.1,71.3,72.6,74.8,76.6,75.8,76.6",30.7,999.0,999.0,999,999,0
999,999999,"79.6,79.8,81.3,79.8,112.9,82.0",22.2,999.0,999.0,999,999,0
999,999999,"102.9,105.3,107.3,108.5,20.2",21.0,999.0,999.0,999,999,0
999,999999,"84.5,84.7,85.7,86.6,89.5,93.3,95.1,99.5,134.5",35.2,999.0,999.0,999,999,0
999,999999,"107.9,109.6,109.9,111.5,110.2,111.7,112.2,113.4,115.2,116.2",25.4,999.0,999.0,999,999,0
999,999999,"66.6,69.6,71.5,72.9,77.9",28.4,999.0,999.0,999,999,0
999,999999,"64.4,65.3,66.1,66.9,69.6,69.2,71.6,73.1,75.0",18.3,999.0,999.0,999,999,0
999,999999,"96.9,98.5,99.7,101.7,101.8,102.6",19.9,999.0,999.0,999,999,0
999,999999,"104.1,105.0,105.7,103.8,104.6,105.8,108.6,107.7,107.7",30.7,999.0,999.0,999,999,0
999,999999,"91.1,91.9,93.7,95.2,97.9,96.8",22.3,999.0,999.0,999,999,0
999,999999,"91.9,91.1,92.5,95.3,94.7,96.7,98.9,98.6,100.2,100.9",25.1,999.0,999.0,999,999,0
999,999999,"87.3,87.4,88.6,91.3,93.1,93.7,175.6,97.3,98.9",10.8,999.0,999.0,999,999,0
999,999999,"94.5,95.1,107.2,92.5,93.0",24.1,999.0,999.0,999,999,0
999,999999,"111.9,115.5,115.0,113.0,115.0,116.6",21.3,999.0,999.0,999,999,0
999,999999,"59.6,25.3,62.7,63.9,68.8,75.1,76.9,83.1,84.9,88.7",24.1,999.0,999.0,999,999,0
999,999999,"83.7,86.3,88.2,90.0,91.8,92.6,95.1,97.3",27.8,999.0,999.0,999,999,0
999,999999,"61.4,64.7,64.8,67.0,69.8,71.4,73.5,79.0,79.6,83.0",13.4,999.0,999.0,999,999,0
999,999999,"78.7,79.5,80.8,177.8,79.9,83.2,82.1,83.9,81.4",29.8,999.0,999.0,999,999,0
999,999999,"68.2,65.1,65.4,67.5,67.5,69.4,72.8,73.4,73.4,71.5",20.1,999.0,999.0,999,999,0
999,999999,"71.9,72.1,72.3,72.5,75.1",29.8,999.0,999.0,999,999,0
999,999999,"92.4,94.3,94.2,95.6,97.3,99.3,101.1,102.7,106.4",25.3,999.0,999.0,999,999,0
999,999999,"88.5,90.1,90.4,92.4,94.3,95.6,96.0,98.1,99.1",19.0,999.0,999.0,999,999,0
999,999999,"72.6,74.7,76.7,78.8,75.1,74.0,75.1",25.8,999.0,999.0,999,999,0
999,999999,"67.5,70.5,72.8,74.6,76.7,77.8,29.9,76.0,164.2,80.7",28.7,999.0,999.0,999,999,0
999,999999,"94.8,96.2,98.0,99.2,101.1,102.8,105.4,107.9,110.8,113.5",15.8,999.0,999.0,999,999,0
999,999999,"59.0,59.7,63.7,65.7,67.5,68.6,69.7,70.2,71.6,72.3",21.7,999.0,999.0,999,999,0
999,999999,"82.0,84.1,88.0,89.8,91.3,93.0,95.9,100.2",15.2,999.0,999.0,999,999,0
999,999999,"65.1,67.4,66.1,66.9,68.6,70.6,71.9",24.8,999.0,999.0,999,999,0
999,999999,"75.8,78.4,79.5,81.7,83.0,84.4,84.9,85.9,86.6",12.2,999.0,999.0,999,999,0
999,999999,"72.3,70.5,73.4,75.2,76.1,79.0,80.1,80.6",10.1,999.0,999.0,999,999,0
999,999999,"86.7,109.3,89.3,88.4,89.1,89.8",31.7,999.0,999.0,999,999,0
999,999999,"81.2,80.8,83.7,82.1,79.3,82.3,79.8,80.9,82.8,81.5",19.3,999.0,999.0,999,999,0
999,999999,"66.5,67.9,65.8,66.7,67.6,68.0,69.9,71.6,71.2",26.5,999.0,999.0,999,999,0
999,999999,"89.9,178.8,94.9,96.2,95.4",16.9,999.0,999.0,999,999,0
999,999999,"101.6,104.8,109.1,110.7,111.3,110.1,111.4,21.8,116.6",12.0,999.0,999.0,999,999,0
999,999999,"67.2,69.8,70.5,70.8,73.9",25.2,999.0,999.0,999,999,0
999,999999,"102.7,103.0,105.0,106.7,106.5,105.3,107.5,110.6,113.0,115.7",17.1,999.0,999.0,999,999,0
999,999999,"91.6,92.4,92.0,91.4,91.5,92.6,96.0",10.1,999.0,999.0,999,999,0
999,999999,"74.9,77.3,80.4,75.8,78.7,78.0,78.6,79.9,81.8,80.7",22.8,999.0,999.0,999,999,0
999,999999,"66.2,67.5,67.3,67.1,72.2",32.9,999.0,999.0,999,999,0
999,999999,"108.0,107.7,110.7,114.2,114.1,116.0,117.4",11.5,999.0,999.0,999,999,0
999,999999,"87.5,92.5,93.9,95.6,96.1,98.1,99.2",19.5,999.0,999.0,999,999,0
999,999999,"145.3,85.6,87.7,88.8,90.3,92.2,89.0,90.7,89.3",14.6,999.0,999.0,999,999,0
999,999999,"97.1,96.2,97.9,100.1,102.3,103.4,107.1,105.6,170.8",13.8,999.0,999.0,999,999,0
999,999999,"82.5,85.0,83.6,86.0,87.5,87.6,88.7,91.4,92.6,94.3",28.0,999.0,999.0,999,999,0
999,999999,"96.0,98.5,99.6,100.4,102.4,107.3,107.7,108.9,109.8,111.8",17.5,999.0,999.0,999,999,0
999,999999,"83.7,82.2,84.0,86.9,88.7,90.4,91.8,90.6,91.2",31.3,999.0,999.0,999,999,0
999,999999,"83.7,84.9,84.5,85.3,87.8,88.5",14.6,999.0,999.0,999,999,0
999,999999,"104.5,106.0,109.2,109.8,109.5,111.8,113.9,114.1,114.8",26.1,999.0,999.0,999,999,0
999,999999,"190.7,66.9,67.4,66.9,67.1,70.3,71.8,73.9,75.2",17.1,999.0,999.0,999,999,0
999,999999,"107.5,112.0,110.1,110.8,114.7,113.2",13.5,999.0,999.0,999,999,0
999,999999,"97.5,98.0,100.4,97.5,100.5,102.2,104.6,106.0,104.1",35.2,999.0,999.0,999,999,0
999,999999,"99.3,96.5,98.2,101.5,146.7,106.2,107.6,110.4,111.2",14.8,999.0,999.0,999,999,0
999,999999,"111.3,112.7,115.9,134.3,119.9",22.4,999.0,999.0,999,999,0
999,999999,"88.8,91.0,93.7,93.4,91.1,92.7,93.2,93.3,94.4",31.8,999.0,999.0,999,999,0
999,999999,"94.9,92.8,94.0,95.7,97.1",33.5,999.0,999.0,999,999,0
999,999999,"81.4,82.5,84.9,85.9,88.1,91.4,92.1,92.5",15.4,999.0,999.0,999,999,0
999,999999,"86.1,88.4,91.2,91.6,188.4,92.9,95.9",20.4,999.0,999.0,999,999,0
999,999999,"73.5,75.5,77.8,79.5,81.8,82.3",21.1,999.0,999.0,999,999,0
999,999999,"91.5,93.9,96.0,97.4,99.7",16.7,999.0,999.0,999,999,0
999,999999,"103.3,105.8,106.3,108.3,109.7,110.9",14.9,999.0,999.0,999,999,0
999,999999,"58.3,59.9,62.6,65.7,68.9,72.1,70.5,72.1,72.6,73.2",15.8,999.0,999.0,999,999,0
999,999999,"69.6,72.0,74.0,75.1,73.7,74.2,75.0",18.7,999.0,999.0,999,999,0
999,999999,"97.0,98.4,103.1,105.4,107.4,181.3,108.2,110.6,110.2",12.5,999.0,999.0,999,999,0
999,999999,"82.7,83.3,81.8,82.8,133.1,82.0,84.4,85.5,85.7",13.7,999.0,999.0,999,999,0
999,999999,"59.2,60.5,62.0,64.7,66.1,66.6,67.4,71.6,73.1",10.4,999.0,999.0,999,999,0
999,999999,"77.4,77.9,82.5,83.8,85.9,87.6,88.8,92.6,92.7,93.5",10.8,999.0,999.0,999,999,0
999,999999,"179.9,74.2,74.1,75.7,74.8",21.1,999.0,999.0,999,999,0
999,999999,"95.5,98.4,100.0,103.4,105.9,107.1,109.1,108.5",19.9,999.0,999.0,999,999,0
999,999999,"87.3,87.8,88.7,87.2,90.3",10.6,999.0,999.0,999,999,0
999,999999,"98.5,99.7,101.0,102.9,100.5",27.5,999.0,999.0,999,999,0
999,999999,"106.0,106.7,108.9,107.1,109.0,109.4,109.0",30.2,999.0,999.0,999,999,0
999,999999,"100.8,98.5,99.7,97.7,99.0,98.1",14.8,999.0,999.0,999,999,0
999,999999,"65.0,67.7,68.0,66.9,68.2,68.4,68.2,70.8",22.3,999.0,999.0,999,999,0
999,999999,"75.0,77.5,79.3,81.8,82.0,82.8,83.6,81.3,85.8",15.4,999.0,999.0,999,999,0
999,999999,"97.9,100.1,100.9,102.6,105.6",31.8,999.0,999.0,999,999,0
999,999999,"114.7,116.2,115.3,114.8,114.8,116.1",10.8,999.0,999.0,999,999,0
999,999999,"70.5,71.6,69.7,70.6,69.4,73.9,74.8,72.5,74.7,77.5",32.2,999.0,999.0,999,999,0
999,999999,"95.6,97.7,100.1,99.0,101.9,104.3",12.5,999.0,999.0,999,999,0
999,999999,"79.3,81.1,28.1,78.8,81.9,83.1,80.1",31.7,999.0,999.0,999,999,0
999,999999,"77.4,77.7,134.9,79.3,78.2,81.3,84.3,83.9",17.5,999.0,999.0,999,999,0
999,999999,"96.5,96.5,96.6,96.9,97.5",31.8,999.0,999.0,999,999,0
999,999999,"67.2,67.7,67.2,68.8,69.2,70.7",23.2,999.0,999.0,999,999,0
999,999999,"75.7,75.9,77.6,78.4,80.0,80.5,83.0",21.8,999.0,999.0,999,999,0
999,999999,"85.1,84.5,86.4,86.9,93.1,94.4,92.6,94.9,95.9",25.7,999.0,999.0,999,999,0
999,999999,"69.7,71.3,72.0,74.5,76.3",10.8,999.0,999.0,999,999,0
999,999999,"82.6,84.1,84.6,85.7,87.4,89.7,21.6",29.0,999.0,999.0,999,999,0
999,999999,"67.6,70.5,72.7,74.7,75.1,78.0,79.3",16.1,999.0,999.0,999,999,0
999,999999,"86.3,85.1,85.4,82.5,81.9,82.1,83.2,86.3",22.2,999.0,999.0,999,999,0
999,999999,"92.9,94.1,95.5,92.0,93.4,95.0,96.0,96.6,98.3,99.4",11.0,999.0,999.0,999,999,0
999,999999,"76.7,78.0,76.2,78.5,80.6,83.5,81.5,83.1",10.7,999.0,999.0,999,999,0
999,999999,"77.8,80.2,82.0,84.4,85.9,85.6,85.9,84.7",21.0,999.0,999.0,999,999,0
999,999999,"69.0,70.5,73.0,75.0,76.0,77.5,77.1,78.2",25.9,999.0,999.0,999,999,0
999,999999,"64.5,66.9,68.2,69.0,72.1",33.6,999.0,999.0,999,999,0
999,999999,"82.3,82.5,84.8,85.1,87.8,90.0,89.3,88.9,91.2,93.4",20.8,999.0,999.0,999,999,0
999,999999,"82.5,80.4,77.2,80.3,79.9,81.3,80.3,79.1",33.5,999.0,999.0,999,999,0
999,999999,"84.9,85.6,87.7,87.1,88.6,89.7,92.0,92.2,94.2",34.2,999.0,999.0,999,999,0
999,999999,"94.5,96.1,99.4,103.1,106.1,106.3,104.5,121.8,106.9,109.6",12.0,999.0,999.0,999,999,0
999,999999,"79.0,82.1,84.0,85.3,86.2,88.0",14.6,999.0,999.0,999,999,0
999,999999,"66.7,66.7,67.9,69.8,72.1,74.4,74.8,75.4,77.6,78.2",32.7,999.0,999.0,999,999,0
999,999999,"97.2,99.5,101.9,105.0,107.8,108.9,109.0,109.6,107.9",22.2,999.0,999.0,999,999,0
999,999999,"102.4,104.4,103.6,106.8,106.5,107.3,111.3",10.9,999.0,999.0,999,999,0
999,999999,"65.2,68.1,69.3,69.4,70.5,71.9,73.6",29.5,999.0,999.0,999,999,0
999,999999,"77.8,79.0,81.0,28.6,81.9,82.7",31.9,999.0,999.0,999,999,0
999,999999,"106.1,107.3,108.1,105.3,106.9",21.7,999.0,999.0,999,999,0
999,999999,"81.0,81.8,181.0,83.6,84.6,84.9,87.3,19.5,92.1",33.0,999.0,999.0,999,999,0
999,999999,"100.4,101.1,104.2,106.0,103.6,105.7",12.5,999.0,999.0,999,999,0
999,999999,"88.4,88.5,91.0,87.2,83.5,86.2,88.4,89.1,87.5,87.1",29.7,999.0,999.0,999,999,0
999,999999,"111.6,109.4,112.9,112.2,114.1,115.2,117.3",13.3,999.0,999.0,999,999,0
999,999999,"108.1,109.0,108.7,109.6,110.1,109.3,107.5,108.4,109.6",29.2,999.0,999.0,999,999,0
999,999999,"100.0,101.8,170.4,105.1,105.6",11.9,999.0,999.0,999,999,0
999,999999,"64.8,172.2,68.5,69.9,71.9,74.1,73.0,73.3,71.3,72.5",33.1,999.0,999.0,999,999,0
999,999999,"100.9,102.2,103.9,106.0,103.3,104.0,104.9,105.6,107.9",18.1,999.0,999.0,999,999,0
999,999999,"86.9,89.4,89.8,141.3,91.8,93.0,93.4,92.0,92.5,89.6",32.2,999.0,999.0,999,999,0
999,999999,"86.3,26.5,87.3,88.1,88.4,88.6,89.2,89.6,92.0,93.9",22.2,999.0,999.0,999,999,0
999,999999,"98.9,103.7,105.7,108.1,110.7,111.9,113.3",15.2,999.0,999.0,999,999,0
999,999999,"81.2,81.7,84.4,86.5,87.3",12.4,999.0,999.0,999,999,0
999,999999,"64.7,67.0,70.0,70.6,71.8,72.9,73.3,75.9,73.8,74.4",24.6,999.0,999.0,999,999,0
999,999999,"62.8,62.9,65.5,68.1,70.7,76.9",11.2,999.0,999.0,999,999,0
999,999999,"100.1,101.0,101.3,103.0,103.2,105.1,107.9,108.7,112.2",31.4,999.0,999.0,999,999,0
999,999999,"70.6,71.4,72.9,74.5,73.3,75.0,75.5,78.9",12.4,999.0,999.0,999,999,0
999,999999,"89.8,92.2,20.2,92.5,94.2,88.8",16.3,999.0,999.0,999,999,0
999,999999,"67.8,68.8,68.8,69.0,72.1,76.5,78.4,79.7,83.2,84.5",24.1,999.0,999.0,999,999,0
999,999999,"112.3,110.0,111.9,114.4,17.7,116.0,117.2,118.0,118.7",16.3,999.0,999.0,999,999,0
999,999999,"93.4,94.6,94.6,96.6,98.2,99.7,100.8,103.3,106.5",32.9,999.0,999.0,999,999,0
999,999999,"94.1,93.5,94.6,96.5,96.5",21.2,999.0,999.0,999,999,0
999,999999,"103.4,29.4,106.8,106.8,107.9,108.8,108.5,109.0,109.5",24.5,999.0,999.0,999,999,0
999,999999,"69.4,67.8,68.5,69.3,71.3,71.5,73.2,75.6,77.1,78.4",21.0,999.0,999.0,999,999,0
999,999999,"100.9,103.6,105.4,105.3,140.5",32.6,999.0,999.0,999,999,0
999,999999,"94.3,96.0,96.3,15.7,99.2,99.6,99.4,101.6,102.8",21.0,999.0,999.0,999,999,0
999,999999,"94.3,92.6,93.3,91.2,93.9,96.1",31.5,999.0,999.0,999,999,0
999,999999,"75.6,76.3,76.6,77.8,80.3,80.6,82.3",13.8,999.0,999.0,999,999,0
999,999999,"61.2,64.7,64.7,67.7,69.2,71.6,73.8,75.6",21.0,999.0,999.0,999,999,0
999,999999,"76.3,79.8,81.4,82.7,84.1,85.8,85.8,106.7",11.7,999.0,999.0,999,999,0
999,999999,"105.0,105.7,106.6,105.6,108.0,108.9,109.8,111.4",27.5,999.0,999.0,999,999,0
999,999999,"87.1,88.2,90.3,93.7,95.1,95.9,93.5,96.0,94.2,95.1",21.6,999.0,999.0,999,999,0
999,999999,"70.6,73.5,74.4,74.9,76.2,77.6,79.9,83.1",33.8,999.0,999.0,999,999,0
999,999999,"76.0,78.0,80.9,83.6,86.1,89.2,90.6,15.1",18.5,999.0,999.0,999,999,0
999,999999,"113.5,115.9,117.8,117.8,119.4,119.6,118.0",13.7,999.0,999.0,999,999,0
999,999999,"92.1,93.3,93.3,93.5,93.5,96.3,96.7,97.4,98.7,100.0",27.0,999.0,999.0,999,999,0
999,999999,"109.5,109.9,111.4,112.0,182.8,112.3,112.9,114.8,118.3,119.3",20.4,999.0,999.0,999,999,0
999,999999,"85.2,88.4,87.9,89.2,90.5,91.7,93.9",10.1,999.0,999.0,999,999,0
999,999999,"97.8,97.0,98.7,94.1,96.1,96.0,98.9,101.5,103.6,104.9",27.5,999.0,999.0,999,999,0
999,999999,"99.7,100.5,100.7,102.3,102.7",13.5,999.0,999.0,999,999,0
999,999999,"83.0,84.3,86.9,90.3,90.8,92.0,92.8,95.3",17.0,999.0,999.0,999,999,0
999,999999,"105.2,106.2,107.5,110.2,111.1,111.6,112.9,113.6",32.5,999.0,999.0,999,999,0
999,999999,"109.7,110.0,112.0,115.1,114.3",29.6,999.0,999.0,999,999,0
999,999999,"90.3,93.1,94.4,94.8,95.6,98.0,102.0,102.9",29.0,999.0,999.0,999,999,0
999,999999,"115.0,117.4,176.3,119.1,116.6,120.0,115.5,116.8",16.0,999.0,999.0,999,999,0
999,999999,"114.0,115.5,117.4,118.1,115.9,116.9,117.8,118.5",21.8,999.0,999.0,999,999,0
999,999999,"81.7,84.2,85.7,89.3,91.3,92.4,92.0",29.9,999.0,999.0,999,999,0
999,999999,"64.9,67.7,68.9,70.0,70.7,70.6,73.9,75.9,77.9,78.3",33.1,999.0,999.0,999,999,0
999,999999,"94.2,97.4,100.0,100.5,103.1,102.0",22.3,999.0,999.0,999,999,0
999,999999,"123.5,17.1,75.3,78.2,78.3,80.9,82.3,82.6,81.8",14.2,999.0,999.0,999,999,0
999,999999,"84.0,84.6,86.1,87.1,85.1",28.3,999.0,999.0,999,999,0
999,999999,"84.8,86.2,86.4,88.2,89.3,90.1",24.4,999.0,999.0,999,999,0
999,999999,"85.9,86.2,169.4,87.8,91.7",12.2,999.0,999.0,999,999,0
999,999999,"93.5,93.7,96.5,97.4,100.3,101.2,102.9,104.8,104.4,102.9",29.7,999.0,999.0,999,999,0
999,999999,"67.5,68.9,67.0,68.6,69.5,75.2,79.4,81.9,82.8,83.3",17.3,999.0,999.0,999,999,0
999,999999,"76.3,78.5,80.2,143.1,77.5,79.4,81.7",21.2,999.0,999.0,999,999,0
999,999999,"99.5,15.8,101.5,100.3,101.7",10.6,999.0,999.0,999,999,0
999,999999,"100.3,110.3,112.6,111.0,110.6,111.3,113.2",20.4,999.0,999.0,999,999,0
999,999999,"76.5,78.0,77.7,79.1,81.0,83.0",17.9,999.0,999.0,999,999,0
999,999999,"73.7,74.3,77.9,77.7,80.0",29.4,999.0,999.0,999,999,0
999,999999,"69.7,71.5,72.7,72.1,71.2,71.9",16.4,999.0,999.0,999,999,0
999,999999,"100.2,100.7,101.0,101.6,103.3,105.2",20.4,999.0,999.0,999,999,0
999,999999,"80.4,81.2,83.7,86.4,88.6,88.0,88.9,90.6,88.5,87.9",19.9,999.0,999.0,999,999,0
999,999999,"72.5,73.9,74.8,77.1,78.2",25.5,999.0,999.0,999,999,0
999,999999,"80.0,77.4,75.9,76.8,78.6",15.8,999.0,999.0,999,999,0
999,999999,"94.1,95.1,96.0,98.2,98.6",23.1,999.0,999.0,999,999,0
999,999999,"107.3,108.4,107.3,109.4,111.1,108.8,110.5,111.1,112.3,112.9",34.4,999.0,999.0,999,999,0
999,999999,"18.3,118.6,118.8,119.1,119.8,117.1,118.6,119.6",24.1,999.0,999.0,999,999,0
999,999999,"64.8,65.8,67.7,71.6,74.3",34.4,999.0,999.0,999,999,0
999,999999,"81.9,83.7,84.0,17.0,89.1",12.6,999.0,999.0,999,999,0
999,999999,"93.9,94.4,96.9,99.7,100.9,103.3,104.9",13.4,999.0,999.0,999,999,0
999,999999,"82.8,86.0,86.7,86.7,87.7,90.1,89.6,92.9,94.0,93.7",33.1,999.0,999.0,999,999,0
999,999999,"65.1,65.9,67.0,68.4,69.8,71.8",13.2,999.0,999.0,999,999,0
999,999999,"84.5,84.8,85.6,87.1,89.4,90.6,92.1,90.0,91.1,91.0",25.6,999.0,999.0,999,999,0
999,999999,"69.0,68.6,70.9,70.9,73.3,73.8,76.5,77.0,76.9,81.5",31.8,999.0,999.0,999,999,0
999,999999,"59.7,64.4,65.3,67.1,70.3,106.1",10.1,999.0,999.0,999,999,0
999,999999,"100.9,106.0,108.4,107.7,109.3,108.0,108.9,109.9,110.5,111.2",16.9,999.0,999.0,999,999,0
999,999999,"79.1,80.3,81.2,85.0,87.8,88.1,89.1,89.5,90.9",31.5,999.0,999.0,999,999,0
999,999999,"102.7,103.8,105.4,16.1,117.3",31.8,999.0,999.0,999,999,0
999,999999,"74.8,75.3,76.8,77.5,76.3,78.1,82.8,84.7,85.1",17.7,999.0,999.0,999,999,0
999,999999,"83.1,85.4,80.3,81.5,83.8,85.3,86.2",10.6,999.0,999.0,999,999,0
999,999999,"76.5,78.5,79.8,82.1,84.5,89.5,91.1,97.1,97.1",18.3,999.0,999.0,999,999,0
999,999999,"99.7,99.6,91.7,93.3,96.4,95.1,97.4",23.3,999.0,999.0,999,999,0
999,999999,"97.0,100.9,111.7,102.3,104.2,104.7",22.2,999.0,999.0,999,999,0
999,999999,"95.5,95.1,96.6,98.4,98.6,101.0,104.2,107.1,107.4,105.5",21.6,999.0,999.0,999,999,0
999,999999,"99.5,100.7,102.2,104.3,105.7,108.6,108.4,109.6,108.2,110.5",19.4,999.0,999.0,999,999,0
999,999999,"66.5,66.0,67.2,70.1,71.1,72.5,73.6,72.5,22.1,75.1",33.2,999.0,999.0,999,999,0
999,999999,"108.5,107.5,109.4,108.7,109.1,110.9,112.2,112.9,27.0,118.1",28.1,999.0,999.0,999,999,0
999,999999,"81.1,81.8,82.4,86.5,144.4,89.3,92.4,93.9",16.4,999.0,999.0,999,999,0
999,999999,"81.5,82.0,81.8,85.2,86.2,83.3",29.2,999.0,999.0,999,999,0
999,999999,"93.2,95.9,97.2,99.1,99.9,101.8,101.5,102.3,103.2",29.1,999.0,999.0,999,999,0
999,999999,"78.8,79.4,80.4,80.5,84.3,22.4,86.3",18.3,999.0,999.0,999,999,0
999,999999,"76.5,77.5,146.6,81.0,81.2",29.8,999.0,999.0,999,999,0
999,999999,"79.6,83.3,83.4,88.9,91.4,93.1,94.5,93.5",24.0,999.0,999.0,999,999,0
999,999999,"85.3,89.6,92.7,93.1,94.9,96.9,100.4",12.5,999.0,999.0,999,999,0
999,999999,"75.6,78.0,79.2,83.3,85.2,29.5,83.8",28.1,999.0,999.0,999,999,0
999,999999,"100.4,101.7,102.5,103.7,105.7,108.2",26.8,999.0,999.0,999,999,0
999,999999,"107.3,108.8,108.7,109.1,20.2,108.9,112.1,114.1",15.2,999.0,999.0,999,999,0
999,999999,"83.1,84.5,86.2,87.0,87.0,88.2,89.3,91.2,92.5,94.0",22.8,999.0,999.0,999,999,0
999,999999,"91.6,94.9,95.4,94.1,95.5,96.3,96.1,97.9",17.1,999.0,999.0,999,999,0
999,999999,"105.1,106.0,107.2,110.4,111.6",25.8,999.0,999.0,999,999,0
999,999999,"93.5,94.6,94.0,96.7,97.9,100.1,102.0",22.2,999.0,999.0,999,999,0
999,999999,"98.2,100.0,101.9,105.0,104.2,104.2,107.9,108.8,110.6,112.2",17.5,999.0,999.0,999,999,0
999,999999,"94.7,95.6,96.9,98.3,100.1",12.3,999.0,999.0,999,999,0
999,999999,"96.4,97.6,98.7,100.3,103.4,103.8,103.9",31.4,999.0,999.0,999,999,0
999,999999,"60.8,64.2,66.3,71.3,71.6,72.0,75.2",31.9,999.0,999.0,999,999,0
999,999999,"91.6,94.9,94.5,95.3,97.0,96.9",11.6,999.0,999.0,999,999,0
999,999999,"97.0,99.2,99.4,100.7,101.6,101.3",21.1,999.0,999.0,999,999,0
999,999999,"91.7,91.7,91.7,92.8,95.8,95.1,96.3",24.2,999.0,999.0,999,999,0
999,999999,"65.4,67.1,68.7,67.2,66.5,68.8,71.1,73.3,179.8,72.8",14.8,999.0,999.0,999,999,0
999,999999,"88.1,91.1,94.4,96.8,97.9,98.3,100.3,103.0,17.4",10.1,999.0,999.0,999,999,0
999,999999,"104.3,106.0,106.0,107.7,108.3,108.9,111.0,112.9",19.4,999.0,999.0,999,999,0
999,999999,"92.7,92.9,90.0,90.9,91.8",23.8,999.0,999.0,999,999,0
999,999999,"70.6,70.4,67.8,70.2,76.4,79.7,81.0,79.5,80.4",17.0,999.0,999.0,999,999,0
999,999999,"92.7,93.7,93.2,94.9,95.2,96.0,100.4",13.9,999.0,999.0,999,999,0
999,999999,"97.2,99.6,101.2,104.3,104.0,105.7",14.3,999.0,999.0,999,999,0
999,999999,"93.8,94.7,94.5,96.1,98.2,99.9,101.3,102.3",23.4,999.0,999.0,999,999,0
999,999999,"83.4,84.1,83.6,85.0,87.6,198.5",23.5,999.0,999.0,999,999,0
999,999999,"64.0,65.8,64.9,69.5,73.6,74.9,21.0,74.0,76.3",20.8,999.0,999.0,999,999,0
999,999999,"89.2,89.3,91.7,93.8,95.4,97.3",17.7,999.0,999.0,999,999,0
999,999999,"70.2,71.6,74.8,76.0,73.4",34.5,999.0,999.0,999,999,0
999,999999,"62.4,64.0,66.1,64.6,67.2,69.1,71.3,72.1",11.1,999.0,999.0,999,999,0
999,999999,"99.2,97.8,98.4,100.4,102.3,18.3,103.3,175.4,102.7,103.1",26.3,999.0,999.0,999,999,0
999,999999,"104.7,105.8,105.9,100.8,112.6,115.0",23.4,999.0,999.0,999,999,0
999,999999,"70.6,73.3,72.0,73.5,73.4,75.4",27.8,999.0,999.0,999,999,0
999,999999,"83.6,85.4,83.7,86.5,88.0,88.9,25.3",10.6,999.0,999.0,999,999,0
999,999999,"57.0,58.9,62.6,61.1,61.8,67.7,69.1,69.6,69.8,71.2",11.0,999.0,999.0,999,999,0
999,999999,"64.6,66.3,68.4,20.2,69.2,178.5,71.4,71.3,72.7,75.1",25.9,999.0,999.0,999,999,0
999,999999,"88.8,91.6,94.5,93.5,93.2,95.5,97.7,99.4,99.6,98.3",23.9,999.0,999.0,999,999,0
999,999999,"76.3,73.3,76.2,77.5,79.3,81.0,82.2,84.2",27.5,999.0,999.0,999,999,0
999,999999,"67.1,69.3,70.5,152.7,70.1,71.6",23.2,999.0,999.0,999,999,0
999,999999,"23.2,80.6,83.5,84.2,86.8,87.2,86.8,91.1",11.2,999.0,999.0,999,999,0
999,999999,"102.0,105.8,107.2,110.2,111.4,115.2,116.5",26.9,999.0,999.0,999,999,0
999,999999,"74.1,75.7,77.7,78.3,78.5,80.2,77.2,77.5",23.3,999.0,999.0,999,999,0
999,999999,"64.3,65.0,66.1,71.1,72.8,73.0,75.0,78.1,80.0,80.5",18.3,999.0,999.0,999,999,0
999,999999,"67.5,70.3,68.3,69.6,72.3",16.8,999.0,999.0,999,999,0
999,999999,"80.2,83.4,82.7,17.8,87.9,88.8",16.7,999.0,999.0,999,999,0
999,999999,"88.5,87.9,90.2,89.8,90.3,91.6,92.9,90.6",20.4,999.0,999.0,999,999,0
999,999999,"102.8,106.4,108.5,108.9,110.0",18.2,999.0,999.0,999,999,0
999,999999,"77.4,78.0,80.5,80.7,81.4,83.1,83.3,84.2",11.9,999.0,999.0,999,999,0
999,999999,"120.1,121.5,122.2,123.3,121.6,120.6,118.8,119.8",11.8,999.0,999.0,999,999,0
999,999999,"95.3,23.5,97.3,98.9,100.2",30.7,999.0,999.0,999,999,0
999,999999,"83.7,82.3,84.7,84.1,86.4,90.4,91.5,92.1,94.1",24.5,999.0,999.0,999,999,0
999,999999,"100.6,101.9,100.4,97.3,98.0,99.4",25.6,999.0,999.0,999,999,0
999,999999,"74.2,72.8,62.5,66.1,65.7,66.7,68.4,70.4,72.1",13.9,999.0,999.0,999,999,0
999,999999,"96.6,100.8,97.4,98.5,99.6",26.4,999.0,999.0,999,999,0
999,999999,"87.6,177.3,92.5,95.0,97.8,100.3,100.0",19.4,999.0,999.0,999,999,0
999,999999,"77.5,144.0,75.6,75.7,78.1",19.9,999.0,999.0,999,999,0
999,999999,"98.6,102.5,105.2,107.7,108.8",15.3,999.0,999.0,999,999,0
999,999999,"85.4,86.0,87.3,89.4,91.1,91.9,94.9,95.8,96.4",16.7,999.0,999.0,999,999,0
999,999999,"102.4,103.3,104.6,105.1,108.8,110.4,187.2,108.9",16.4,999.0,999.0,999,999,0
999,999999,"92.2,93.4,95.5,95.5,96.2,97.4,99.9,98.6,102.0",29.2,999.0,999.0,999,999,0
999,999999,"106.9,108.4,107.0,18.8,109.1,111.7",33.8,999.0,999.0,999,999,0
999,999999,"109.3,110.0,111.3,112.2,115.2,116.7",28.7,999.0,999.0,999,999,0
999,999999,"95.0,96.3,96.3,96.1,100.1,102.1",18.6,999.0,999.0,999,999,0
999,999999,"78.3,79.4,81.6,84.4,85.3,86.7,82.2",22.1,999.0,999.0,999,999,0
999,999999,"82.5,84.2,87.1,85.5,86.1",22.8,999.0,999.0,999,999,0
999,999999,"78.9,78.4,79.7,85.3,84.9,86.8,89.1,19.2,95.7",30.7,999.0,999.0,999,999,0
999,999999,"95.4,97.7,100.0,98.5,98.0,97.6,97.8,99.1",23.1,999.0,999.0,999,999,0
999,999999,"27.6,64.6,65.2,68.6,72.8,73.9,75.5",26.3,999.0,999.0,999,999,0
999,999999,"104.0,105.3,105.6,106.8,107.9,107.1,109.3",17.8,999.0,999.0,999,999,0
999,999999,"89.5,89.4,91.9,94.8,96.8,97.5,99.8",33.1,999.0,999.0,999,999,0
999,999999,"82.3,83.7,18.0,85.8,82.8,81.8,81.9,82.0",13.1,999.0,999.0,999,999,0
999,999999,"65.2,66.7,67.0,68.4,71.3",10.1,999.0,999.0,999,999,0
999,999999,"67.5,69.5,68.2,69.7,71.4,73.2,77.2,78.5",14.4,999.0,999.0,999,999,0
999,999999,"102.5,103.6,105.4,106.8,108.7,106.3,107.7,108.7",17.0,999.0,999.0,999,999,0
999,999999,"98.1,102.3,105.3,107.9,108.6,108.3,109.3,110.5,15.9,137.6",25.7,999.0,999.0,999,999,0
999,999999,"16.4,70.5,70.7,72.8,75.8,76.6",16.3,999.0,999.0,999,999,0
999,999999,"103.5,104.5,104.2,105.2,107.7,105.8",17.0,999.0,999.0,999,999,0
999,999999,"70.4,70.9,70.8,70.6,73.1",20.1,999.0,999.0,999,999,0
999,999999,"70.4,71.1,72.7,75.1,75.9,78.0,78.9,79.9,82.1,80.5",17.4,999.0,999.0,999,999,0
999,999999,"91.2,91.1,93.0,95.0,95.1,98.6,102.5",11.3,999.0,999.0,999,999,0
999,999999,"112.5,114.2,114.9,113.8,113.4,115.6,112.4",20.8,999.0,999.0,999,999,0
999,999999,"88.1,88.8,154.8,89.9,90.6,92.3,93.6,98.5,98.8,101.6",33.1,999.0,999.0,999,999,0
999,999999,"92.8,95.1,93.7,93.9,95.3",11.6,999.0,999.0,999,999,0
999,999999,"101.6,101.5,105.2,21.0,108.1,111.1,113.4,115.0",16.3,999.0,999.0,999,999,0
999,999999,"76.7,77.4,79.9,81.0,82.1,81.8,84.8,85.9",13.1,999.0,999.0,999,999,0
999,999999,"94.1,95.7,96.8,97.4,99.2,101.0,100.8,100.9,102.1,101.8",13.8,999.0,999.0,999,999,0
999,999999,"70.1,69.5,71.2,71.7,72.4,73.5,75.1",31.6,999.0,999.0,999,999,0
999,999999,"103.6,104.1,102.7,103.1,102.2,27.3",26.1,999.0,999.0,999,999,0
999,999999,"86.4,85.1,87.2,84.9,85.7,89.2,93.5",10.1,999.0,999.0,999,999,0
999,999999,"60.4,62.1,62.8,67.4,67.1,70.5,74.1,76.6",19.0,999.0,999.0,999,999,0
999,999999,"79.5,83.3,79.4,82.6,26.7",22.6,999.0,999.0,999,999,0
999,999999,"80.7,81.3,78.3,79.1,79.9,81.6,81.3,83.9",17.5,999.0,999.0,999,999,0
999,999999,"72.1,70.7,72.7,75.4,75.4,74.9,25.0",25.8,999.0,999.0,999,999,0
999,999999,"104.1,106.3,108.4,111.4,111.8",16.4,999.0,999.0,999,999,0
999,999999,"70.7,72.6,74.1,75.0,74.8",22.8,999.0,999.0,999,999,0
999,999999,"106.5,106.3,106.7,108.3,110.3",18.6,999.0,999.0,999,999,0
999,999999,"92.6,95.2,95.4,97.3,98.1,98.4",33.7,999.0,999.0,999,999,0
999,999999,"78.4,79.5,81.4,83.4,85.9,86.1,86.2",13.7,999.0,999.0,999,999,0
999,999999,"66.4,66.9,67.9,66.8,66.6,66.8,70.1,72.4,77.9,77.8",18.6,999.0,999.0,999,999,0
999,999999,"104.7,106.5,107.6,106.6,110.9,111.1",25.4,999.0,999.0,999,999,0
999,999999,"66.4,68.0,71.3,71.6,74.1,75.0",14.4,999.0,999.0,999,999,0
999,999999,"103.8,105.6,106.5,107.2,105.5,106.8,108.4,108.9,110.9,109.0",17.4,999.0,999.0,999,999,0
999,999999,"118.9,92.8,95.9,98.6,100.9,101.6,102.3",14.5,999.0,999.0,999,999,0
999,999999,"109.7,111.2,113.3,116.7,118.3,118.6,118.0",20.6,999.0,999.0,999,999,0
999,999999,"73.1,75.5,77.7,77.9,81.2",10.8,999.0,999.0,999,999,0
999,999999,"64.2,66.8,69.0,68.4,67.7,68.4,68.5,71.4,73.1,71.2",14.1,999.0,999.0,999,999,0
999,999999,"81.4,82.6,84.2,86.2,87.2,88.3",28.3,999.0,999.0,999,999,0
999,999999,"73.8,76.4,78.5,81.6,82.9,85.9,83.1,88.0",22.0,999.0,999.0,999,999,0
999,999999,"89.2,90.5,92.8,93.0,95.4",27.2,999.0,999.0,999,999,0
999,999999,"72.6,73.7,74.3,77.8,80.1,81.7,84.1,83.6,86.5",20.1,999.0,999.0,999,999,0
999,999999,"75.1,81.6,81.8,82.1,83.8,85.4",11.7,999.0,999.0,999,999,0
999,999999,"66.2,66.8,66.0,65.3,67.7,68.7,70.2",16.6,999.0,999.0,999,999,0
999,999999,"91.3,91.4,92.6,93.8,97.9,99.9,101.6,102.3",24.2,999.0,999.0,999,999,0
999,999999,"70.7,68.6,69.7,70.1,70.8,75.2,77.3,75.2,78.1,79.3",32.6,999.0,999.0,999,999,0
999,999999,"79.3,80.4,81.2,82.2,85.4",25.1,999.0,999.0,999,999,0
999,999999,"93.6,96.2,98.9,97.9,98.5",24.6,999.0,999.0,999,999,0
999,999999,"86.7,86.0,86.9,88.8,91.1,93.1,115.0,92.2",31.9,999.0,999.0,999,999,0
999,999999,"100.7,98.2,102.5,105.0,106.0,107.8,111.0,112.2,113.3,114.3",33.9,999.0,999.0,999,999,0
999,999999,"100.0,100.9,101.3,104.0,106.5,108.0,107.4",29.9,999.0,999.0,999,999,0
999,999999,"82.8,83.6,15.2,87.8,91.9,93.7,94.6,95.7,100.5",31.2,999.0,999.0,999,999,0
999,999999,"96.5,95.8,99.3,100.0,100.8,103.9",16.3,999.0,999.0,999,999,0
999,999999,"108.5,108.6,109.6,111.6,115.0,116.0,118.0,118.3",20.6,999.0,999.0,999,999,0
999,999999,"83.0,81.0,83.6,85.5,86.5,89.5",20.6,999.0,999.0,999,999,0
999,999999,"75.3,163.4,77.0,78.2,79.9,81.4,84.1,84.6,84.7",28.1,999.0,999.0,999,999,0
999,999999,"84.6,82.2,83.5,83.6,83.2,85.7,85.0",13.3,999.0,999.0,999,999,0
999,999999,"88.5,90.0,91.1,91.2,93.0,92.5,93.0",28.1,999.0,999.0,999,999,0
999,999999,"79.8,81.5,83.9,84.7,81.8,83.7,86.1,87.2",29.7,999.0,999.0,999,999,0
999,999999,"88.0,90.3,90.4,90.5,92.0,92.7",23.3,999.0,999.0,999,999,0
999,999999,"96.0,96.3,96.7,97.2,98.0,98.8",16.3,999.0,999.0,999,999,0
999,999999,"76.2,76.9,78.5,80.4,80.9,81.9,79.4",24.3,999.0,999.0,999,999,0
999,999999,"72.2,74.3,74.1,73.7,77.1,75.2,75.7,76.1,76.8,78.1",28.3,999.0,999.0,999,999,0
999,999999,"67.9,70.8,74.8,78.1,80.5,190.6,83.7,86.1",30.5,999.0,999.0,999,999,0
999,999999,"104.4,182.2,104.8,103.5,104.5,104.4,103.3,104.6,104.4",13.7,999.0,999.0,999,999,0
999,999999,"75.6,118.1,77.3,77.9,80.7,75.6",29.8,999.0,999.0,999,999,0
999,999999,"74.5,76.3,75.5,78.9,79.6,82.0,83.2,85.3,83.7,86.6",35.2,999.0,999.0,999,999,0
999,999999,"97.9,101.9,104.7,102.7,103.9,105.0,107.8,108.7",10.9,999.0,999.0,999,999,0
999,999999,"69.1,71.4,116.6,73.1,77.0,77.6,80.2,80.8",21.0,999.0,999.0,999,999,0
999,999999,"116.3,114.8,117.8,118.2,27.1",26.1,999.0,999.0,999,999,0
999,999999,"86.0,86.1,88.3,90.8,91.8,96.3",14.2,999.0,999.0,999,999,0
999,999999,"81.0,84.3,194.0,90.9,93.1,92.2,94.9,91.6,93.5,91.4",35.2,999.0,999.0,999,999,0
999,999999,"103.1,104.3,107.7,107.2,108.9,111.7,112.5,107.8,108.0,108.3",32.7,999.0,999.0,999,999,0
999,999999,"116.2,109.8,109.9,111.8,111.7,113.4",33.1,999.0,999.0,999,999,0
999,999999,"65.8,71.3,72.4,73.8,77.0,74.4,75.1",26.1,999.0,999.0,999,999,0
999,999999,"95.9,97.9,99.7,103.5,105.3",27.0,999.0,999.0,999,999,0
999,999999,"116.7,117.1,116.1,116.8,118.3,119.9,117.1",26.1,999.0,999.0,999,999,0
999,999999,"74.7,75.2,75.2,78.5,76.8,78.6,83.9",13.9,999.0,999.0,999,999,0
999,999999,"84.0,85.6,87.3,87.8,90.7,94.4,95.2,93.5,92.7,96.1",29.2,999.0,999.0,999,999,0
999,999999,"86.2,86.7,88.6,85.2,85.1,81.7",19.3,999.0,999.0,999,999,0
999,999999,"85.3,85.7,88.0,89.4,90.0,91.3,92.2,91.3,91.8,92.9",33.0,999.0,999.0,999,999,0
999,999999,"76.3,79.6,81.9,79.7,80.7,82.2",26.1,999.0,999.0,999,999,0
999,999999,"96.2,98.1,99.6,102.1,102.3,106.0,107.4,108.7,110.2,110.4",29.2,999.0,999.0,999,999,0
999,999999,"96.3,96.9,99.2,98.1,98.3,100.2,101.9,107.0",14.2,999.0,999.0,999,999,0
999,999999,"64.2,67.5,68.2,70.5,71.5,127.4,73.6,76.3",10.2,999.0,999.0,999,999,0
999,999999,"95.0,97.9,98.4,101.7,106.1,107.8,111.3,114.2",29.2,999.0,999.0,999,999,0
999,999999,"94.9,97.8,98.1,98.4,100.7,99.1,102.0,102.7,104.3",18.1,999.0,999.0,999,999,0
999,999999,"111.1,112.4,113.6,113.4,113.7,115.2,112.6,114.9",16.9,999.0,999.0,999,999,0
999,999999,"87.6,88.2,87.0,87.1,87.3,88.0,90.2,91.4",10.6,999.0,999.0,999,999,0
999,999999,"88.0,89.4,90.0,88.1,90.1",10.1,999.0,999.0,999,999,0
999,999999,"105.0,18.6,150.9,107.4,107.6,107.2,108.3,111.0,112.5,112.6",21.8,999.0,999.0,999,999,0
999,999999,"108.9,110.5,108.8,110.1,110.2",17.7,999.0,999.0,999,999,0
999,999999,"98.9,102.7,101.0,103.3,103.8,102.8",20.1,999.0,999.0,999,999,0
999,999999,"97.2,98.8,100.3,100.9,100.4,104.4",22.2,999.0,999.0,999,999,0
999,999999,"82.5,83.6,85.9,88.6,87.7,90.5,91.1",14.6,999.0,999.0,999,999,0
999,999999,"105.8,107.1,108.7,109.0,113.0,118.6,119.5",24.6,999.0,999.0,999,999,0
999,999999,"104.4,104.6,107.0,107.5,108.6,185.3,114.6,114.3,117.0",26.2,999.0,999.0,999,999,0
999,999999,"71.8,73.1,74.4,76.3,77.1,77.1,78.6,81.3",14.8,999.0,999.0,999,999,0
999,999999,"71.2,69.9,73.6,75.5,77.1",32.6,999.0,999.0,999,999,0
999,999999,"81.5,82.7,86.0,87.2,86.8,89.5",21.8,999.0,999.0,999,999,0
999,999999,"82.1,82.0,79.5,80.2,81.8,81.8,87.5,90.7",31.8,999.0,999.0,999,999,0
999,999999,"90.4,182.1,92.5,92.5,94.1,95.8,97.7,100.6",28.2,999.0,999.0,999,999,0
999,999999,"81.4,84.3,85.5,84.0,83.9,85.9,87.8,88.3",27.8,999.0,999.0,999,999,0
999,999999,"72.1,73.6,192.0,79.0,75.8,76.8,77.0",10.9,999.0,999.0,999,999,0
999,999999,"86.6,88.1,89.2,91.4,90.7,91.1",26.1,999.0,999.0,999,999,0
999,999999,"96.1,96.8,95.6,96.7,97.2,99.0,99.6",23.6,999.0,999.0,999,999,0
999,999999,"73.4,71.6,73.0,73.1,71.3",11.0,999.0,999.0,999,999,0
999,999999,"87.2,88.3,89.4,91.6,92.0,98.0,97.6,98.3,98.9,101.4",26.1,999.0,999.0,999,999,0
999,999999,"113.4,115.8,116.5,116.6,115.3,115.9,117.6,118.9",14.8,999.0,999.0,999,999,0
999,999999,"71.6,71.4,71.3,71.8,27.8",17.5,999.0,999.0,999,999,0
999,999999,"108.9,109.1,111.5,111.6,113.0,112.1,111.8,115.8,117.1",17.8,999.0,999.0,999,999,0
999,999999,"66.6,66.7,68.9,69.9,71.3,70.6,72.5",26.8,999.0,999.0,999,999,0
999,999999,"100.0,101.8,101.1,103.5,106.8,108.4,109.4,110.9,114.0,113.7",23.3,999.0,999.0,999,999,0
999,999999,"104.5,104.5,107.4,109.3,112.6,116.6",26.1,999.0,999.0,999,999,0
999,999999,"80.2,80.7,81.6,82.8,84.0,83.9,84.5",19.9,999.0,999.0,999,999,0
999,999999,"87.7,87.7,88.2,87.6,87.4,88.6,90.1,93.6,93.9",21.6,999.0,999.0,999,999,0
999,999999,"129.0,73.3,75.1,78.5,79.3,19.6",34.4,999.0,999.0,999,999,0
999,999999,"20.6,98.3,98.6,101.0,101.8",27.0,999.0,999.0,999,999,0
999,999999,"74.7,75.3,76.7,78.1,78.1,81.6,80.6,82.4,83.9,86.8",13.7,999.0,999.0,999,999,0
999,999999,"81.4,83.2,17.6,87.3,89.2,87.2,87.3,89.5,90.8,93.7",13.5,999.0,999.0,999,999,0
999,999999,"91.3,94.3,92.9,95.3,96.9,98.8,100.5,101.9,103.2",14.3,999.0,999.0,999,999,0
999,999999,"70.7,189.3,72.6,75.4,76.1",13.4,999.0,999.0,999,999,0
999,999999,"87.1,91.0,111.3,94.2,96.2,95.2,95.8,95.1",16.7,999.0,999.0,999,999,0
999,999999,"62.2,65.2,68.7,73.0,73.3,75.6",24.4,999.0,999.0,999,999,0
999,999999,"73.3,70.8,70.3,71.7,70.5,70.6",11.2,999.0,999.0,999,999,0
999,999999,"106.7,108.5,110.0,110.5,111.1,113.2,113.1,113.4",10.2,999.0,999.0,999,999,0
999,999999,"80.1,81.1,82.5,15.5,87.5",17.7,999.0,999.0,999,999,0
999,999999,"98.7,100.1,100.8,21.1,160.1",21.3,999.0,999.0,999,999,0
999,999999,"106.1,105.4,106.4,104.9,106.0,103.9",13.9,999.0,999.0,999,999,0
999,999999,"104.4,107.5,108.8,109.0,110.5,107.8,108.7,110.2,112.0",23.3,999.0,999.0,999,999,0
999,999999,"78.3,80.8,82.8,83.4,84.2,86.6,87.3",30.1,999.0,999.0,999,999,0
999,999999,"70.9,74.9,75.4,78.4,81.3",11.7,999.0,999.0,999,999,0
999,999999,"112.9,112.1,113.4,113.4,115.4,115.5,114.9,116.7,117.9",14.8,999.0,999.0,999,999,0
999,999999,"66.2,66.4,67.2,66.7,69.0,69.6,69.1,70.5,73.4",19.5,999.0,999.0,999,999,0
999,999999,"82.6,84.3,86.3,87.4,88.9,90.8",14.6,999.0,999.0,999,999,0
999,999999,"82.9,83.1,81.7,82.3,82.1,84.4,82.0,78.5",20.8,999.0,999.0,999,999,0
999,999999,"114.6,115.2,115.4,113.9,115.4,114.1,115.6,15.3",24.1,999.0,999.0,999,999,0
999,999999,"95.1,95.3,96.9,99.5,101.0,100.5,101.8,102.7",31.3,999.0,999.0,999,999,0
999,999999,"86.6,85.3,85.9,87.3,90.8",24.0,999.0,999.0,999,999,0
999,999999,"86.5,89.2,88.9,87.6,91.1,93.2,94.0,93.4,96.1",20.6,999.0,999.0,999,999,0
999,999999,"87.6,90.5,92.3,93.3,94.3",29.4,999.0,999.0,999,999,0
999,999999,"68.3,70.1,72.9,73.5,75.9,75.5,76.8,80.2,82.5,84.6",30.5,999.0,999.0,999,999,0
999,999999,"70.8,72.5,73.8,74.7,77.4,82.3,85.0,88.6,88.9",31.9,999.0,999.0,999,999,0
999,999999,"72.6,73.2,21.1,72.9,75.1",32.6,999.0,999.0,999,999,0
999,999999,"88.4,89.5,91.1,91.7,94.1,93.1,92.0,26.3",21.0,999.0,999.0,999,999,0
999,999999,"112.7,114.1,115.7,117.1,118.2",20.6,999.0,999.0,999,999,0
999,999999,"67.7,67.2,66.8,68.5,70.1",16.3,999.0,999.0,999,999,0
999,999999,"82.4,85.3,87.2,88.5,87.3,87.7",26.7,999.0,999.0,999,999,0
999,999999,"87.6,86.4,84.4,86.0,87.3,88.9,91.7",30.8,999.0,999.0,999,999,0
999,999999,"66.9,69.5,69.9,72.1,72.7,76.5,76.8,78.0,79.5,77.5",34.1,999.0,999.0,999,999,0
999,999999,"89.5,89.9,90.4,92.5,94.6,96.2",20.8,999.0,999.0,999,999,0
999,999999,"80.1,80.3,81.4,82.5,100.8,83.0",34.8,999.0,999.0,999,999,0
999,999999,"105.9,106.5,105.6,105.2,107.1,104.8,105.9",17.5,999.0,999.0,999,999,0
999,999999,"83.7,85.5,84.7,86.4,86.7,88.0",22.8,999.0,999.0,999,999,0
999,999999,"61.4,64.2,66.4,69.0,66.5,70.4,73.4",22.8,999.0,999.0,999,999,0
999,999999,"68.1,70.1,69.6,71.2,73.1,74.2,116.6",14.3,999.0,999.0,999,999,0
999,999999,"64.4,67.5,69.4,69.6,70.7,71.9,15.7,76.6,75.2,75.8",17.4,999.0,999.0,999,999,0
999,999999,"107.6,108.7,108.9,110.2,109.2",22.3,999.0,999.0,999,999,0
999,999999,"91.1,87.7,87.7,89.3,91.3",20.5,999.0,999.0,999,999,0
999,999999,"71.4,73.7,77.8,82.4,84.1,84.4,86.3,86.4,87.2,89.0",34.2,999.0,999.0,999,999,0
999,999999,"98.8,96.8,98.1,96.1,95.1,92.7",19.3,999.0,999.0,999,999,0
999,999999,"105.7,106.7,105.7,107.0,107.2,109.6,19.5,112.5,112.9",13.6,999.0,999.0,999,999,0
999,999999,"75.0,74.7,130.0,76.5,79.8",22.4,999.0,999.0,999,999,0
999,999999,"97.6,96.6,98.1,99.5,101.8,102.0,103.2,104.6,106.5,134.5",24.6,999.0,999.0,999,999,0
999,999999,"89.1,89.3,89.6,91.0,92.2,169.8",15.2,999.0,999.0,999,999,0
999,999999,"97.9,99.5,98.3,97.3,100.7,101.5",12.7,999.0,999.0,999,999,0
999,999999,"73.4,74.4,75.9,77.2,75.7,76.9",31.2,999.0,999.0,999,999,0
999,999999,"104.1,106.7,107.2,29.7,109.4",14.4,999.0,999.0,999,999,0
999,999999,"72.9,75.8,77.8,80.4,82.0,82.7,83.7,85.3",14.2,999.0,999.0,999,999,0
999,999999,"171.3,107.0,107.0,108.2,110.2,111.3,111.2,112.6",31.8,999.0,999.0,999,999,0
999,999999,"114.3,114.7,116.2,117.3,119.0,117.8",11.3,999.0,999.0,999,999,0
999,999999,"110.4,107.8,107.8,108.7,108.2,109.2",25.9,999.0,999.0,999,999,0
999,999999,"99.3,100.9,103.1,105.0,106.8,107.9,106.2,112.1,113.3,115.2",10.4,999.0,999.0,999,999,0
999,999999,"66.5,68.2,70.5,72.7,75.3,76.5,76.1,77.5,75.2,76.8",14.6,999.0,999.0,999,999,0
999,999999,"101.1,104.5,105.8,108.5,109.4,111.4,113.6,114.0,111.6,114.7",20.4,999.0,999.0,999,999,0
999,999999,"85.4,86.8,88.0,90.2,91.2,90.5",25.2,999.0,999.0,999,999,0
999,999999,"23.8,100.3,102.7,103.7,103.1,105.6,106.9,108.7,109.8",19.5,999.0,999.0,999,999,0
999,999999,"77.2,79.8,81.8,83.9,83.7,84.6,86.4",20.9,999.0,999.0,999,999,0
999,999999,"114.2,187.2,114.8,115.6,115.3",27.0,999.0,999.0,999,999,0
999,999999,"100.8,101.4,103.7,101.9,103.2",27.9,999.0,999.0,999,999,0
999,999999,"81.3,82.7,84.6,85.6,85.9",31.7,999.0,999.0,999,999,0
999,999999,"111.3,113.9,116.7,117.6,118.5",15.9,999.0,999.0,999,999,0
999,999999,"109.6,112.9,114.3,115.4,115.8",10.1,999.0,999.0,999,999,0
999,999999,"110.9,110.6,111.8,112.5,114.0,113.7,116.9",16.7,999.0,999.0,999,999,0
999,999999,"99.8,99.8,100.9,102.0,102.6,104.0,105.9,106.0,104.4",28.9,999.0,999.0,999,999,0
999,999999,"96.0,97.2,98.3,100.3,101.7,101.8,102.5",15.8,999.0,999.0,999,999,0
999,999999,"69.1,69.3,69.9,70.9,72.7,72.3",22.2,999.0,999.0,999,999,0
999,999999,"102.2,104.3,103.8,104.2,106.8,109.1,107.7,108.0,108.5",27.5,999.0,999.0,999,999,0
999,999999,"83.0,84.4,84.9,86.1,88.8,135.6,89.9,90.4",24.5,999.0,999.0,999,999,0
999,999999,"107.9,109.5,106.4,107.8,110.7,113.6,115.9,117.8,115.7,116.2",25.1,999.0,999.0,999,999,0
999,999999,"83.6,82.9,84.7,83.9,85.2,86.1,87.8,89.2,90.9,90.6",27.5,999.0,999.0,999,999,0
999,999999,"101.9,96.5,98.0,151.1,98.0,98.7,101.0,103.4,106.7",30.8,999.0,999.0,999,999,0
999,999999,"68.9,70.5,73.0,74.9,76.8",16.3,999.0,999.0,999,999,0
999,999999,"76.7,77.7,76.9,77.2,78.7,78.5,76.9",23.1,999.0,999.0,999,999,0
999,999999,"97.4,97.0,99.3,99.8,101.2,102.3,101.6,103.4,103.0",29.7,999.0,999.0,999,999,0
