model,barcode,power,temperature,boundaryPowerMax,boundaryPowerMin,compressorModel,doza,label
553,553100595149810530553,"70,75.5,78,79,80,81.5,83.5,85,84.5",21.4,77.61,93.47,GMCC SZ80Е1H,34,1
553,553100595149810520553,"75,73,73.5,77.5,79,81.5,82,83.5,85",21.4,77.61,93.47,GMCC SZ80Е1H,34,1
553,553100595149810510553,"71,74,74.5,75.5,77,77.5,79.5,81.5,83,83.5",21.4,77.61,93.47,GMCC SZ80Е1H,34,1
553,553100595149810500553,"76.5,77.5,78,79.5,80,82.5,84,84.5",21.3,77.43,93.29,GMCC SZ80Е1H,34,1
553,553100595149810470553,"74,74.5,76.5,78.5,80,81.5,83,83.5,85.5,86,86.5,87",21.4,77.61,93.47,GMCC SZ80Е1H,34,1
553,553100595149810440553,"79,72,74.5,74,81,81.5,83.5,84,85.5,85",21.4,77.61,93.47,GMCC SZ80Е1H,34,1
553,553100595149810400553,"75,76.5,79.5,82,82.5,83,84,85.5",21.4,77.61,93.47,GMCC SZ80Е1H,34,1
553,553100595149810390553,"73,73.5,75.5,78,80.5,82.5,83,85",21.4,77.61,93.47,GMCC SZ80Е1H,34,1
553,553100595149810380553,"72.5,76.5,78,79,80.5,82,82.5,83.5",21.4,77.61,93.47,GMCC SZ80Е1H,34,1
553,553100595149810370553,"74,76.5,75.5,77.5,79.5,80,81,82,82.5",21.5,77.79,93.65,GMCC SZ80Е1H,34,1
553,553100595149810360553,"71,73.5,73,75,76.5,77,79.5,80.5,81,81.5",21.4,77.61,93.47,GMCC SZ80Е1H,34,1
553,553100595149810330553,"79,79.5,82,84,85.5,86,87.5,89,90",21.4,77.61,93.47,GMCC SZ80Е1H,34,1
553,553100595149810320553,"68.5,74,75,74.5,75.5,76.5,78,80",21.4,77.61,93.47,GMCC SZ80Е1H,34,1
553,553100595149810300553,"71.5,72.5,74.5,75,77,78,80,80.5,80",21.4,77.61,93.47,GMCC SZ80Е1H,34,1
553,553100595149810290553,"75,76.5,77,78.5,80,81,82.5,83,83.5",21.4,77.61,93.47,GMCC SZ80Е1H,34,1
553,553100595149810280553,"70.5,75.5,74.5,75,76.5,77.5,79.5,80,81",21.4,77.61,93.47,GMCC SZ80Е1H,34,1
553,553100595149810270553,"76.5,78,78.5,80,83,83.5,84.5,85.5",21.4,77.61,93.47,GMCC SZ80Е1H,34,1
553,553100595149810260553,"81.5,75,76,76.5,77.5,80,80.5,82,82.5,84,85,86.5",21.4,77.61,93.47,GMCC SZ80Е1H,34,1
553,553100595149810250553,"76,78,77.5,80,83.5,85,87,86.5,88.5",21.7,78.15,94.01,GMCC SZ80Е1H,34,1
553,553100595149810240553,"74,75,76.5,78,82,84.5,85,86,87",21.4,77.61,93.47,GMCC SZ80Е1H,34,1
553,553100595149810220553,"72.5,74,76.5,78,80.5,81.5,82,84",21.4,77.61,93.47,GMCC SZ80Е1H,34,1
553,553100595149810200553,"74,75.5,77.5,81,82.5,83.5,85,85.5,86",21.4,77.61,93.47,GMCC SZ80Е1H,34,1
553,553100595149810190553,"71,74.5,76,77,78,78.5,80.5,81,81.5",21.4,77.61,93.47,GMCC SZ80Е1H,34,1
553,553100595149810170553,"78,74,73,74.5,77.5,78,80,79.5,80.5,81,82",21.4,77.61,93.47,GMCC SZ80Е1H,34,1
553,553100595149810150553,"74,75.5,75,77.5,78.5,80,81,81.5,82,82.5",21.4,77.61,93.47,GMCC SZ80Е1H,34,1
553,553100595149810140553,"73,74,75,77,78,80,82.5,83.5,82",21.5,77.79,93.65,GMCC SZ80Е1H,34,1
553,553100595149810130553,"74.5,74,74.5,75.5,78.5,81,83,84.5,85",21.5,77.79,93.65,GMCC SZ80Е1H,34,1
553,553100595149810120553,"71,73.5,71,76.5,79,81,83,84.5",21.4,77.61,93.47,GMCC SZ80Е1H,34,1
553,553100595149810110553,"75,76,82.5,84,86.5,88,89",21.5,77.79,93.65,GMCC SZ80Е1H,34,1
553,553100595149810090553,"70.5,75,76.5,79,80.5,81.5,82.5,83,84",21.5,77.79,93.65,GMCC SZ80Е1H,34,1
553,553100595149810080553,"77,78,79.5,81.5,83,84,84.5,86,87,88",21.5,77.79,93.65,GMCC SZ80Е1H,34,1
553,553100595149810070553,"72.5,77,76,76.5,77,80,81,81.5",21.5,77.79,93.65,GMCC SZ80Е1H,34,1
553,553100595149810050553,"73.5,76,78.5,79.5,81.5,82.5",21.5,77.79,93.65,GMCC SZ80Е1H,34,1
553,553100595149810040553,"75.5,76.5,73.5,77,79,80,81.5,82.5,84",21.5,77.79,93.65,GMCC SZ80Е1H,34,1
553,553100595149810030553,"73.5,75.5,76,77,78.5,79.5,80,80.5,83.5,84.5,84",21.5,77.79,93.65,GMCC SZ80Е1H,34,1
553,553100595149810020553,"75.5,74.5,76,77.5,80,80.5,82,82.5,84,83.5",21.5,77.79,93.65,GMCC SZ80Е1H,34,1
553,553100595149809990553,"74.5,76.5,78.5,81.5,85,87,86.5",21.6,77.97,93.83,GMCC SZ80Е1H,34,1
553,553100595149809960553,"74,75,77,78.5,80,81,82,82.5,83.5",21.6,77.97,93.83,GMCC SZ80Е1H,34,1
553,553100595149809920553,"75,74.5,74,74.5,76.5,77.5,80.5,81.5,82.5,83.5",21.9,78.52,94.37,GMCC SZ80Е1H,34,1
553,553100595149809910553,"74,75.5,77.5,78.5,81,80.5",21.7,78.15,94.01,GMCC SZ80Е1H,34,1
553,553100595149809900553,"76,77.5,78,77.5,79,80,82,83,84",21.8,78.34,94.19,GMCC SZ80Е1H,34,1
553,553100595149809870553,"72.5,76,77,79.5,82,83.5,85,84.5",21.8,78.34,94.19,GMCC SZ80Е1H,34,1
553,553100595149809850553,"74,78.5,80,81.5,82.5,84,85,84.5,86,85.5",21.8,78.34,94.19,GMCC SZ80Е1H,34,1
553,553100595149809830553,"72.5,78,77.5,78,79.5,80,82.5,81.5",21.8,78.34,94.19,GMCC SZ80Е1H,34,1
553,553100595149809820553,"71,75,74.5,77.5,79.5,80.5,82,83.5",22.4,79.42,95.28,GMCC SZ80Е1H,34,1
553,553100595149809810553,"75,75.5,77,78.5,79.5,80.5,82.5,83.5,84,85.5",21.8,78.34,94.19,GMCC SZ80Е1H,34,1
553,553100595149809800553,"73.5,75,74.5,75,75.5,77.5,79.5,80,81.5,83.5,84",21.9,78.52,94.37,GMCC SZ80Е1H,34,1
553,553100595149809690553,"77,80.5,82,83.5,84,85.5,86.5,88,89.5",22.4,79.42,95.28,GMCC SZ80Е1H,34,1
553,553100595149809680553,"80,81,81.5,84,85.5,87,89.5,88.5",22.6,79.79,95.64,GMCC SZ80Е1H,34,1
553,553100595149809670553,"75,76,78,80.5,82.5,84.5,88,87,87.5,88.5",22.4,79.42,95.28,GMCC SZ80Е1H,34,1
553,553100595149809660553,"77,81,84,85.5,86.5,87,87.5,89,90",22.4,79.42,95.28,GMCC SZ80Е1H,34,1
553,553100595149809640553,"75.5,79,80.5,82.5,84,85,86.5,88",22.4,79.42,95.28,GMCC SZ80Е1H,34,1
553,553100595149809630553,"75.5,78,78.5,80,80.5,83,83.5,85.5,85,87",22.4,79.42,95.28,GMCC SZ80Е1H,34,1
553,553100595149809610553,"75.5,81,82,83,84.5,86,86.5,87,88",22.4,79.42,95.28,GMCC SZ80Е1H,34,1
553,553100595149809600553,"70.5,78,79.5,80,83.5,85,85.5,87,87.5,87",22.9,80.33,96.19,GMCC SZ80Е1H,34,1
553,553100595149809590553,"76,77.5,79.5,80.5,81.5,84,85,86,86.5,88,87.5",22.4,79.42,95.28,GMCC SZ80Е1H,34,1
553,553100595149809580553,"75,77,78,80,83.5,84.5,85.5,86",22.4,79.42,95.28,GMCC SZ80Е1H,34,1
553,553100595149809520553,"78.5,80,81,83,85,87,85",22.4,79.42,95.28,GMCC SZ80Е1H,34,1
553,553100595149809500553,"77,78,79,82,84,85.5,88,89,87.5",22.9,80.33,96.19,GMCC SZ80Е1H,34,1
553,553100595149809480553,"76.5,78,80.5,81,83,85,86.5,87.5",23.1,80.69,96.55,GMCC SZ80Е1H,34,1
553,553100595149809470553,"78,80,77.5,78.5,80,81.5,82,84,85.5,86.5,87",23.0,80.51,96.37,GMCC SZ80Е1H,34,1
553,553100595149809460553,"74,77,78,81,83.5,85,86.5,88,89",22.7,79.97,95.83,GMCC SZ80Е1H,34,1
553,553100595149809450553,"77,79,79.5,80.5,83.5,84,85,86,88,88.5",22.5,79.61,95.46,GMCC SZ80Е1H,34,1
553,553100595149809440553,"72,75,76.5,77,78.5,79.5,82.5,83.5,84.5",22.5,79.61,95.46,GMCC SZ80Е1H,34,1
553,553100595149809430553,"76,78,77,79.5,80,83,82.5,83,85",22.6,79.79,95.64,GMCC SZ80Е1H,34,1
553,553100595149809420553,"69.5,75,76,76.5,79.5,80.5,82.5,83.5,84,85.5",22.6,79.79,95.64,GMCC SZ80Е1H,34,1
553,553100595149809410553,"74,73.5,77.5,78,79,80.5,82,84",23.0,80.51,96.37,GMCC SZ80Е1H,34,1
553,553100595149809390553,"77.5,84,85.5,87,90,90.5,91.5,93",22.9,80.33,96.19,GMCC SZ80Е1H,34,1
553,553100595149809380553,"75,78.5,80.5,82,83,85,86.5,85",22.7,79.97,95.83,GMCC SZ80Е1H,34,1
553,553100595149809370553,"75.5,78.5,80,82.5,85,86.5,86,86.5,88,89.5",22.9,80.33,96.19,GMCC SZ80Е1H,34,1
553,553100595149809350553,"77.5,82.5,84,85.5,87,88,90.5,92",22.9,80.33,96.19,GMCC SZ80Е1H,34,1
553,553100595149809320553,"78,76,75.5,77,77.5,79,79.5,81,81.5,82.5,82,83.5",22.9,80.33,96.19,GMCC SZ80Е1H,34,1
553,553100595149809310553,"84,80.5,79.5,81,82,84.5,87,89",22.9,80.33,96.19,GMCC SZ80Е1H,34,1
553,553100595149809280553,"70.5,75.5,77.5,79,82.5,83,84,85",22.9,80.33,96.19,GMCC SZ80Е1H,34,1
553,553100595149809270553,"76,77,77.5,79.5,81,84,85,87.5",23.1,80.69,96.55,GMCC SZ80Е1H,34,1
553,553100595149809240553,"78,77.5,79,82.5,84,86,87",23.2,80.87,96.73,GMCC SZ80Е1H,34,1
553,553100595149809230553,"76.5,79.5,81,84,85.5,87.5,89",23.2,80.87,96.73,GMCC SZ80Е1H,34,1
553,553100595149809210553,"77,77.5,78.5,81.5,84.5,86.5,87.5",23.2,80.87,96.73,GMCC SZ80Е1H,34,1
553,553100595149809200553,"79.5,80.5,82,83.5,86.5,87.5,88.5,89",23.4,81.24,97.1,GMCC SZ80Е1H,34,1
553,553100595149809190553,"75,80.5,83.5,85.5,88,89,91",23.9,82.14,98.0,GMCC SZ80Е1H,34,1
553,553100595149809180553,"78,75.5,76,79,82,84.5,87,88,88.5",23.2,80.87,96.73,GMCC SZ80Е1H,34,1
553,553100595149809170553,"73,75.5,76.5,77.5,80,82.5,84,85.5",23.2,80.87,96.73,GMCC SZ80Е1H,34,1
553,553100595149809100553,"77.5,78.5,80.5,82.5,83,85,85.5,86,89",23.3,81.06,96.91,GMCC SZ80Е1H,34,1
553,553100595149809010553,"72,78,72.5,79.5,81,82.5,83,85.5",23.8,81.96,97.82,GMCC SZ80Е1H,34,1
553,553100595149809000553,"77.5,80,81.5,86,86.5,87,88,88.5",24.0,82.32,98.19,GMCC SZ80Е1H,34,1
553,553100595149808970553,"69.5,74.5,78.5,79.5,82.5,84,85.5",23.8,81.96,97.82,GMCC SZ80Е1H,34,1
553,553100595149808940553,"74.5,78.5,75.5,77.5,78.5,80.5,83.5,84.5,86",23.8,81.96,97.82,GMCC SZ80Е1H,34,1
553,553100595149808930553,"73.5,76.5,79,79.5,81,82,83.5,82.5,85",23.9,82.14,98.0,GMCC SZ80Е1H,34,1
553,553100595149808920553,"71,78.5,80,81,82.5,83",23.8,81.96,97.82,GMCC SZ80Е1H,34,1
553,553100595149808900553,"77,77.5,79.5,80.5,83,84,85.5,86",23.8,81.96,97.82,GMCC SZ80Е1H,34,1
553,553100595149808890553,"74,76.5,78.5,82,84,85,86",23.8,81.96,97.82,GMCC SZ80Е1H,34,1
553,553100595149808850553,"75,77.5,79.5,81,82.5,84,86,87.5,88.5,89",24.3,82.87,98.73,GMCC SZ80Е1H,34,1
553,553100595149808830553,"76.5,79,82,83.5,85,86,87",24.0,82.32,98.19,GMCC SZ80Е1H,34,1
553,553100595149808820553,"77.5,80.5,82,84.5,85,86,86.5,88",24.0,82.32,98.19,GMCC SZ80Е1H,34,1
553,553100595149808810553,"75.5,78,79,79.5,82,84,85.5,85",24.0,82.32,98.19,GMCC SZ80Е1H,34,1
553,553100595149808780553,"79.5,80,82,83.5,85,86.5,87.5,89.5,87.5",23.9,82.14,98.0,GMCC SZ80Е1H,34,1
553,553100595149808770553,"76.5,80,85.5,88,90,90.5",24.3,82.87,98.73,GMCC SZ80Е1H,34,1
553,553100595149808760553,"74.5,79.5,81.5,83.5,86,87.5,90,89,90",24.3,82.87,98.73,GMCC SZ80Е1H,34,1
553,553100595149808740553,"77.5,80,82,83.5,84.5,86.5,87,89,90",24.0,82.32,98.19,GMCC SZ80Е1H,34,1
553,553100595149808720553,"85,78.5,79,80,81,83.5,86,86.5,87.5,88,89",24.0,82.32,98.19,GMCC SZ80Е1H,34,1
553,553100595149808710553,"78,78.5,80.5,84.5,86,87.5,89,89.5,91",24.1,82.51,98.37,GMCC SZ80Е1H,34,1
553,553100595149808700553,"79,78.5,79,80.5,83.5,83,85.5,87,87.5,88.5,89",24.1,82.51,98.37,GMCC SZ80Е1H,34,1
553,553100595149808670553,"74,77.5,79,80,83.5,84.5,86,87,88",24.2,82.69,98.55,GMCC SZ80Е1H,34,1
553,553100595149808650553,"81,82,84,86,88.5,88,90,90.5,92.5",24.0,82.32,98.19,GMCC SZ80Е1H,34,1
553,553100595149808630553,"81.5,79.5,82.5,83.5,85,87,89.5,90.5",23.9,82.14,98.0,GMCC SZ80Е1H,34,1
553,553100595149808600553,"80,80.5,81,82,85.5,87.5,88.5,89",24.0,82.32,98.19,GMCC SZ80Е1H,34,1
553,553100595149808590553,"78.5,79,80.5,82.5,84,85.5,87.5,90.5,92.5,93,94",24.0,82.32,98.19,GMCC SZ80Е1H,34,1
553,553100595149808570553,"81.5,80,79.5,78.5,81,83,87,88.5,90,91,92",24.0,82.32,98.19,GMCC SZ80Е1H,34,1
553,553100595149808550553,"79.5,81,83.5,85.5,87,88,88.5,89.5",24.0,82.32,98.19,GMCC SZ80Е1H,34,1
553,553100595149808540553,"76.5,79.5,80,84,86.5,88,89,91,90",24.0,82.32,98.19,GMCC SZ80Е1H,34,1
553,553100595149808530553,"73.5,77,76.5,80.5,82.5,85,87,86",24.1,82.51,98.37,GMCC SZ80Е1H,34,1
553,553100595149808520553,"73,74.5,77.5,79,81.5,86,84.5",24.1,82.51,98.37,GMCC SZ80Е1H,34,1
553,553100595149808510553,"74,76,75.5,80.5,82,84.5,86.5,88,90",24.1,82.51,98.37,GMCC SZ80Е1H,34,1
553,553100595149808500553,"74.5,79.5,81.5,84.5,85,86.5,88.5,89.5,90",24.1,82.51,98.37,GMCC SZ80Е1H,34,1
553,553100595149808490553,"70.5,74,72,73.5,78,83,84.5,86",24.2,82.69,98.55,GMCC SZ80Е1H,34,1
553,553100595149808430553,"78.5,79,82.5,85.5,86.5,89,91.5",24.3,82.87,98.73,GMCC SZ80Е1H,34,1
553,553100595149808350553,"77.5,76.5,78.5,80,82,84,86.5,88,88.5",24.4,83.05,98.91,GMCC SZ80Е1H,34,1
553,553100297749793050553,"74.5,73.5,73,73.5,74,74.5,77,77.5,78.5,79.5,80.5,81",20.0,75.07,90.93,GMCC SZ80Е1H,34,1
553,553100297749793000553,"76,76.5,77.5,78,80,80.5,82.5",20.1,75.25,91.11,GMCC SZ80Е1H,34,1
553,553100297749792980553,"73,75,75.5,77.5,79.5,82.5,83",20.1,75.25,91.11,GMCC SZ80Е1H,34,1
553,553100150849619520553,"77.5,78,76.5,77.5,79,80,81.5,81",18.2,71.81,87.66,GMCC SZ80Е1H,34,1
553,553100595149661650553,"63,64.5,64,64.5,66.5,67,69,68.5",13.1,62.56,78.4,GMCC SZ80Е1H,34,1
553,553100297749792960553,"73.5,75,76,77,78.5,79.5,81.5,81",20.1,75.25,91.11,GMCC SZ80Е1H,34,1
553,553100150849611430553,"72.5,73.5,72.5,74.5,75.5,78.5,80.5,82",20.6,76.16,92.01,GMCC SZ80Е1H,34,1
553,553100297749792950553,"72.5,76,75.5,77,78.5,79.5,81,82",19.4,73.98,89.84,GMCC SZ80Е1H,34,1
553,553100150849618130553,"75,77.5,77,79,81,82,84,83",17.3,70.18,86.03,GMCC SZ80Е1H,34,1
553,553100297749792930553,"71.5,76,75.5,77,78,79.5,81,81.5,82",20.4,75.8,91.65,GMCC SZ80Е1H,34,1
553,553100297749792900553,"72.5,76.5,77.5,79.5,79,82,81.5",19.2,73.62,89.47,GMCC SZ80Е1H,34,1
553,553100150849617480553,"77.5,77,77.5,77,80,79.5,82.5,82",17.9,71.27,87.12,GMCC SZ80Е1H,34,1
553,553100595149661630553,"69,66.5,67,68.5,69.5,70.5,71.5",12.9,62.2,78.04,GMCC SZ80Е1H,34,1
553,553100297749792750553,"67,70,70.5,71,71.5,73,75.5",19.1,73.44,89.29,GMCC SZ80Е1H,34,1
553,553100297749792730553,"72.5,76,74.5,73.5,74.5,75,78,76.5",19.1,73.44,89.29,GMCC SZ80Е1H,34,1
553,553100297749792720553,"75.5,75,75.5,77.5,77,79,78,79.5",19.1,73.44,89.29,GMCC SZ80Е1H,34,1
553,553100595149659770553,"72.5,71,69,71,72,72.5,74,73",15.9,67.64,83.49,GMCC SZ80Е1H,34,1
553,553100595149708930553,"72,73.5,74,75,75.5,77.5,79.5,78.5",17.7,70.9,86.75,GMCC SZ80Е1H,34,1
553,553100150849613850553,"75,76,76.5,77.5,76.5,79,80,79",16.7,69.09,84.94,GMCC SZ80Е1H,34,1
553,553100150849618610553,"76,75.5,76.5,77,78.5,79.5,79",16.5,68.73,84.57,GMCC SZ80Е1H,34,1
553,553100595149709550553,"77.5,78,77,76.5,77,76.5,76",17.1,69.81,85.66,GMCC SZ80Е1H,34,1
553,553100150849618730553,"75.5,75,76,76.5,79,77.5",16.8,69.27,85.12,GMCC SZ80Е1H,34,1
553,553100297749792470553,"75.5,76.5,74.5,75.5,77,79,79.5,83",19.6,74.35,90.2,GMCC SZ80Е1H,34,1
553,553100297749792460553,"76,77.5,80,78,79.5,81,82,83.5,84.5,85.5,86",19.7,74.53,90.38,GMCC SZ80Е1H,34,1
553,553100297749792450553,"76.5,75.5,74.5,75.5,79,80,82.5,82",19.6,74.35,90.2,GMCC SZ80Е1H,34,1
553,553100595149661560553,"67,64,65,62.5,67.5,66,69,69.5,71",13.3,62.93,78.77,GMCC SZ80Е1H,34,1
553,553100297749792420553,"76.5,78,79,80.5,80,82.5,84.5,83",19.7,74.53,90.38,GMCC SZ80Е1H,34,1
553,553100150849616890553,"79,80,80.5,81.5,81,83,84.5,83.5",19.7,74.53,90.38,GMCC SZ80Е1H,34,1
553,553100297749792390553,"75.5,73,74,75.5,76,77,79.5,81.5,81",19.8,74.71,90.56,GMCC SZ80Е1H,34,1
553,553100150849613550553,"75,75.5,76,77.5,78.5,80.5,79",17.3,70.18,86.03,GMCC SZ80Е1H,34,1
553,553100150849612210553,"66.5,73,70.5,71,72.5,73.5,75,77,77.5",20.4,75.8,91.65,GMCC SZ80Е1H,34,1
553,553100595149660620553,"68.5,67,66,68,68.5,70.5,71,70.5,72.5,71.5",14.7,65.46,81.31,GMCC SZ80Е1H,34,1
553,553100297749792380553,"79,73.5,78,77.5,78.5,80.5,81,82.5,83.5",20.1,75.25,91.11,GMCC SZ80Е1H,34,1
553,553100297749792350553,"70,73.5,75,76,77.5,77,79.5,80,81",20.1,75.25,91.11,GMCC SZ80Е1H,34,1
553,553100297749792320553,"70.5,75,74.5,76,78,78.5,79.5,80.5,81,82,82.5",19.9,74.89,90.74,GMCC SZ80Е1H,34,1
553,553100150849619310553,"76.5,78.5,78,79.5,80.5,81,83.5",18.4,72.17,88.02,GMCC SZ80Е1H,34,1
553,553100595149705470553,"74.5,74,69.5,72.5,73.5,75,76.5,75.5,77.5,79",18.1,71.63,87.48,GMCC SZ80Е1H,34,1
553,553100297749792310553,"72,73,74.5,75,75.5,76,78,78.5,81",20.0,75.07,90.93,GMCC SZ80Е1H,34,1
553,553100297749792910553,"75,75.5,76,78.5,80,83,82.5",19.4,73.98,89.84,GMCC SZ80Е1H,34,1
553,553100150849614360553,"74.5,73.5,72.5,74,72,74,74.5,77",17.1,69.81,85.66,GMCC SZ80Е1H,34,1
553,553100297749792270553,"74.5,74,75.5,77,76.5,77.5,78.5,79.5,80",20.1,75.25,91.11,GMCC SZ80Е1H,34,1
553,553100297749792230553,"71.5,76,77,78.5,80.5,82,82.5",20.1,75.25,91.11,GMCC SZ80Е1H,34,1
553,553100595149705190553,"72.5,71,72,73,77,79,80,81",18.4,72.17,88.02,GMCC SZ80Е1H,34,1
553,553100150849619190553,"78,77.5,78.5,79,79.5,80.5,79,81.5,81,81.5",18.3,71.99,87.84,GMCC SZ80Е1H,34,1
553,553100297749793410553,"72,75,76,76.5,78,79,81,80.5",20.0,75.07,90.93,GMCC SZ80Е1H,34,1
553,553100297749791920553,"77.5,77,78.5,80.5,81,83.5,84.5,85.5,86",20.7,76.34,92.2,GMCC SZ80Е1H,34,1
553,553100297749791860553,"78.5,74.5,75,76.5,80.5,83.5,84.5,85.5",20.8,76.52,92.38,GMCC SZ80Е1H,34,1
553,553100595149704970553,"71,74,76.5,79,80,82.5,83,85",18.5,72.35,88.2,GMCC SZ80Е1H,34,1
553,553100297749791840553,"72.5,75.5,77.5,78.5,79.5,80.5,83,82.5,84.5",20.8,76.52,92.38,GMCC SZ80Е1H,34,1
553,553100595149662160553,"74.5,75.5,76,78,80.5,83,86.5,84.5,85.5",20.4,75.8,91.65,GMCC SZ80Е1H,34,1
553,553100595149705850553,"74.5,74,74.5,75.5,78.5,79,80,80.5",18.2,71.81,87.66,GMCC SZ80Е1H,34,1
553,553100297749791820553,"76,77.5,78.5,81.5,83.5,85.5,86",20.8,76.52,92.38,GMCC SZ80Е1H,34,1
553,553100150849610340553,"73,74.5,77,79,81.5,82,83.5,86,85",21.6,77.97,93.83,GMCC SZ80Е1H,34,1
553,553100150849609980553,"76.5,77.5,81,82,84.5,86.5,86",21.9,78.52,94.37,GMCC SZ80Е1H,34,1
553,553100297749791730553,"78,78.5,82,84.5,85.5,85",21.0,76.89,92.74,GMCC SZ80Е1H,34,1
553,553100595149660740553,"71,69,70,69.5,70,70.5",14.8,65.64,81.49,GMCC SZ80Е1H,34,1
553,553100297749791690553,"74.5,76,75.5,79,82,83,86,88,88.5,89.5",21.0,76.89,92.74,GMCC SZ80Е1H,34,1
553,553100297749791670553,"74,74.5,76,79,79.5,81,83.5,85.5",21.0,76.89,92.74,GMCC SZ80Е1H,34,1
553,553100150849614630553,"79.5,80,80.5,81.5,83.5,84.5,86.5,85",20.2,75.44,91.29,GMCC SZ80Е1H,34,1
553,553100297749791740553,"72,79.5,80.5,81.5,82.5,83.5,85.5,86.5,87.5",21.3,77.43,93.29,GMCC SZ80Е1H,34,1
553,553100297749791570553,"76,77.5,76.5,77,78,81,80.5,83,84.5,84,85",21.3,77.43,93.29,GMCC SZ80Е1H,34,1
553,553100595149709100553,"74.5,72.5,73,75.5,77,79,81.5,82",17.8,71.08,86.93,GMCC SZ80Е1H,34,1
553,553100297749792940553,"77,79,79.5,80.5,82.5,84,84.5",20.3,75.62,91.47,GMCC SZ80Е1H,34,1
553,553100297749792600553,"74.5,75.5,76,77,79,79.5,80.5,82.5",19.5,74.17,90.02,GMCC SZ80Е1H,34,1
553,553100150849619580553,"81,82.5,81.5,83,84.5,85.5,86,87.5",18.3,71.99,87.84,GMCC SZ80Е1H,34,1
553,553100595149808620553,"80.5,77,79,79.5,81.5,83,85.5,86.5,88,88.5,90.5",24.0,82.32,98.19,GMCC SZ80Е1H,34,1
553,553100150849493160553,"73.5,75.5,76,76.5,77.5,78.5,80",16.7,69.09,84.94,GMCC SZ80Е1H,34,1
553,553100150849619540553,"77.5,76.5,77,79,80.5,80,81.5,82.5",17.7,70.9,86.75,GMCC SZ80Е1H,34,1
553,553100150849615420553,"78.5,80,80.5,80,81.5,83.5,84,85.5",21.3,77.43,93.29,GMCC SZ80Е1H,34,1
553,553100595149706820553,"70.5,73,69.5,71,70.5,73.5,74,75.5,75",18.3,71.99,87.84,GMCC SZ80Е1H,34,1
553,553100150849619440553,"77.5,77,78,80,82,83.5,82.5",18.1,71.63,87.48,GMCC SZ80Е1H,34,1
553,553100297749792040553,"79.5,79,79.5,81,82.5,84,84.5,85.5,86.5",20.6,76.16,92.01,GMCC SZ80Е1H,34,1
553,553100150849619410553,"77.5,77,78.5,79,82.5,83.5",18.1,71.63,87.48,GMCC SZ80Е1H,34,1
553,553100150849609940553,"76.5,75.5,75,77.5,79.5,82,84,85",21.9,78.52,94.37,GMCC SZ80Е1H,34,1
553,553100150849619350553,"78.5,79,79.5,81.5,82.5,82",18.0,71.45,87.3,GMCC SZ80Е1H,34,1
553,553100150849619330553,"76.5,74.5,73.5,77.5,78,78.5,79,80",17.8,71.08,86.93,GMCC SZ80Е1H,34,1
553,553100150849611810553,"72,75,77,79.5,80,82.5,84.5,84",19.9,74.89,90.74,GMCC SZ80Е1H,34,1
553,553100297749792560553,"74.5,74,73,75,77,79.5,80,81,82.5",19.5,74.17,90.02,GMCC SZ80Е1H,34,1
553,553100150849619250553,"75,76.5,75.5,77,76.5,77.5,77,78",18.2,71.81,87.66,GMCC SZ80Е1H,34,1
553,553100595149703660553,"70.5,72,71.5,72,73.5,74.5,75.5,75",16.9,69.45,85.3,GMCC SZ80Е1H,34,1
553,553100150849619200553,"78.5,78,78.5,79.5,80,80.5,81.5,83",18.0,71.45,87.3,GMCC SZ80Е1H,34,1
553,553100150849619170553,"78.5,78,80.5,80,81,82,83",18.1,71.63,87.48,GMCC SZ80Е1H,34,1
553,553100595149709310553,"69,70.5,71.5,72,74.5,75.5,74.5",17.1,69.81,85.66,GMCC SZ80Е1H,34,1
553,553100150849619160553,"74.5,75,76,78.5,78,80.5,81,81.5,83.5,84",17.8,71.08,86.93,GMCC SZ80Е1H,34,1
553,553100150849619150553,"77.5,78,77.5,80,80.5,83,80.5",18.1,71.63,87.48,GMCC SZ80Е1H,34,1
553,553100595149704610553,"70,76,73.5,74.5,76.5,77,75.5",15.7,67.28,83.12,GMCC SZ80Е1H,34,1
553,553100150849619100553,"77,78,77.5,78.5,79,81,82,82.5",18.2,71.81,87.66,GMCC SZ80Е1H,34,1
553,553100150849615590553,"79,78.5,79,81.5,82.5,85,84.5",20.9,76.7,92.56,GMCC SZ80Е1H,34,1
553,553100595149660170553,"69,69.5,70,70.5,72.5,72,74.5,73.5",15.4,66.73,82.58,GMCC SZ80Е1H,34,1
553,553100150849615440553,"79.5,79,78,80,81,83,84.5,84",21.3,77.43,93.29,GMCC SZ80Е1H,34,1
553,553100595149704620553,"72,75,73.5,74.5,76,77.5,77",15.8,67.46,83.3,GMCC SZ80Е1H,34,1
553,553100595149691960553,"73.5,72,71,72,73,74.5,73.5",16.3,68.36,84.21,GMCC SZ80Е1H,34,1
553,553100150849619030553,"76,75,76,78,80,80.5,82,83",18.3,71.99,87.84,GMCC SZ80Е1H,34,1
553,553100150849619020553,"76,78,79,80,81,83.5,82",18.3,71.99,87.84,GMCC SZ80Е1H,34,1
553,553100297749793760553,"72.5,71.5,73.5,75.5,76,76.5,78.5,80.5,82.5",20.2,75.44,91.29,GMCC SZ80Е1H,34,1
553,553100595149660930553,"67,69.5,70,71.5,73,74,73",14.3,64.74,80.58,GMCC SZ80Е1H,34,1
553,553100297749792340553,"78,69.5,73,75.5,76.5,78.5,78,80.5,81",19.8,74.71,90.56,GMCC SZ80Е1H,34,1
553,553100150849610900553,"74,80,80.5,82.5,85,87,88.5,89",21.1,77.07,92.92,GMCC SZ80Е1H,34,1
553,553100150849612540553,"75,74.5,75,76.5,78,80,83,81.5",18.9,73.08,88.93,GMCC SZ80Е1H,34,1
553,553100595149660670553,"67.5,67,68,69.5,70.5,69.5,70",14.8,65.64,81.49,GMCC SZ80Е1H,34,1
553,553100150849619010553,"81,80.5,81.5,83,85.5,86.5,88",20.6,76.16,92.01,GMCC SZ80Е1H,34,1
553,553100150849619000553,"73.5,74.5,75.5,76.5,77.5,77,80.5,78.5",16.2,68.18,84.03,GMCC SZ80Е1H,34,1
553,553100595149708330553,"76,74,73.5,74.5,76,78.5,79.5,80",18.2,71.81,87.66,GMCC SZ80Е1H,34,1
553,553100150849618980553,"78.5,77.5,77,79,80.5,81,83.5,84.5",18.6,72.53,88.39,GMCC SZ80Е1H,34,1
553,553100595149705550553,"72,74.5,75,78,78.5,80,81,81.5,82",18.0,71.45,87.3,GMCC SZ80Е1H,34,1
553,553100297749792030553,"70,73,75,75.5,76,80,83,82",20.5,75.98,91.83,GMCC SZ80Е1H,34,1
553,553100150849618910553,"76,76.5,78.5,79,81,83.5,82.5",18.5,72.35,88.2,GMCC SZ80Е1H,34,1
553,553100595149659690553,"70,69.5,69,71,72.5,74,73.5",15.6,67.1,82.94,GMCC SZ80Е1H,34,1
553,553100150849618860553,"78.5,79,79.5,82,85.5,86,85.5",18.8,72.9,88.75,GMCC SZ80Е1H,34,1
553,553100150849612580553,"71.5,76.5,77,77.5,79,80.5,83,82",19.1,73.44,89.29,GMCC SZ80Е1H,34,1
553,553100595149708370553,"73,73.5,75.5,77.5,79.5,80,81",19.8,74.71,90.56,GMCC SZ80Е1H,34,1
553,553100595149709680553,"74,73.5,72,73,75,77.5,79.5,80",16.4,68.55,84.39,GMCC SZ80Е1H,34,1
553,553100150849618740553,"74.5,73.5,75.5,75,77.5,78.5,79.5,78.5",15.8,67.46,83.3,GMCC SZ80Е1H,34,1
553,553100150849618700553,"78.5,77,75.5,76,77.5,76,77.5,79,77.5",16.7,69.09,84.94,GMCC SZ80Е1H,34,1
553,553100150849618880553,"78,79.5,80.5,82,84,83",18.8,72.9,88.75,GMCC SZ80Е1H,34,1
553,553100297749792580553,"75,74,75,75.5,77,79.5,80.5,82.5,83",20.8,76.52,92.38,GMCC SZ80Е1H,34,1
553,553100150849618650553,"76,77.5,78,78.5,79,80,81,79.5",16.6,68.91,84.76,GMCC SZ80Е1H,34,1
553,553100595149709130553,"68,71.5,70.5,72,74,75.5,76",17.7,70.9,86.75,GMCC SZ80Е1H,34,1
553,553100150849618560553,"74,75.5,76,75.5,77.5,79.5,79",16.5,68.73,84.57,GMCC SZ80Е1H,34,1
553,553100150849618870553,"78,78.5,81,81.5,83,82.5",18.7,72.72,88.57,GMCC SZ80Е1H,34,1
553,553100150849618520553,"74,74.5,75.5,76.5,77.5,77",16.6,68.91,84.76,GMCC SZ80Е1H,34,1
553,553100595149808910553,"80,79,82.5,85,88,89,90,91,91.5,92.5",24.0,82.32,98.19,GMCC SZ80Е1H,34,1
553,553100595149702930553,"68,72.5,72,73,74.5,74,76,77,78.5",18.3,71.99,87.84,GMCC SZ80Е1H,34,1
553,553100150849611710553,"72.5,77,77.5,78,79,80.5,83,82.5",20.0,75.07,90.93,GMCC SZ80Е1H,34,1
553,553100150849618490553,"75,76.5,77,76,77.5,78,79,80,79",16.6,68.91,84.76,GMCC SZ80Е1H,34,1
553,553100595149660550553,"69,65.5,66,62,65,67.5,68,69.5,69,70",14.9,65.83,81.67,GMCC SZ80Е1H,34,1
553,553100150849618430553,"76,76.5,75,78,79,79.5,81.5,81",16.7,69.09,84.94,GMCC SZ80Е1H,34,1
553,553100150849612910553,"69.5,72,72.5,73,74,75,76.5,75.5",18.4,72.17,88.02,GMCC SZ80Е1H,34,1
553,553100150849618420553,"75,75.5,76.5,78,78.5,79.5,80",16.6,68.91,84.76,GMCC SZ80Е1H,34,1
553,553100595149702870553,"70,72,74,75.5,77,79,79.5",18.5,72.35,88.2,GMCC SZ80Е1H,34,1
553,553100297749792500553,"71.5,76,73.5,76,77,79.5,78",19.6,74.35,90.2,GMCC SZ80Е1H,34,1
553,553100150849618390553,"74,75,76,77,77.5,80,79",16.8,69.27,85.12,GMCC SZ80Е1H,34,1
553,553100595149706900553,"68.5,72,70,71.5,72,74.5,74,73.5",18.4,72.17,88.02,GMCC SZ80Е1H,34,1
553,553100150849618360553,"74.5,76,76.5,77.5,78.5,80,81,80.5",16.8,69.27,85.12,GMCC SZ80Е1H,34,1
553,553100150849618300553,"74,73,75,76,77.5,78.5,79",16.9,69.45,85.3,GMCC SZ80Е1H,34,1
553,553100150849618270553,"72.5,73,74.5,75.5,77,77.5,78.5",17.0,69.63,85.48,GMCC SZ80Е1H,34,1
553,553100150849618240553,"74,73.5,71.5,76.5,77,79,80.5,82",17.0,69.63,85.48,GMCC SZ80Е1H,34,1
553,553100595149705210553,"72.5,75.5,77,77.5,78.5,79.5,80",18.3,71.99,87.84,GMCC SZ80Е1H,34,1
553,553100150849619220553,"76.5,75.5,75,75.5,77,77.5,80,80.5",18.0,71.45,87.3,GMCC SZ80Е1H,34,1
553,553100595149692630553,"71,76,73.5,72.5,75.5,76,76.5,78",17.9,71.27,87.12,GMCC SZ80Е1H,34,1
553,553100150849618160553,"77.5,78,76.5,78.5,80,81,82",17.6,70.72,86.57,GMCC SZ80Е1H,34,1
553,553100150849618150553,"76.5,75,78,78.5,80,80.5,81.5,83.5",17.5,70.54,86.39,GMCC SZ80Е1H,34,1
553,553100150849618140553,"76,76.5,77.5,79,80,80.5",17.4,70.36,86.21,GMCC SZ80Е1H,34,1
553,553100150849618050553,"76,74,78.5,79.5,81.5,83,82.5,85.5,86",17.5,70.54,86.39,GMCC SZ80Е1H,34,1
553,553100595149709440553,"71.5,73,74.5,76,77,78,79.5",17.1,69.81,85.66,GMCC SZ80Е1H,34,1
553,553100595149708440553,"71.5,75.5,76,77,79,80,79.5",18.1,71.63,87.48,GMCC SZ80Е1H,34,1
553,553100150849609670553,"73.5,77,77.5,79.5,80.5,82.5,83.5,85.5,84.5",20.3,75.62,91.47,GMCC SZ80Е1H,34,1
553,553100595149702910553,"69.5,73,75.5,76,76.5,78,79.5,80.5",18.3,71.99,87.84,GMCC SZ80Е1H,34,1
553,553100595149705740553,"72,74,75.5,77.5,80,80.5,82,82.5",18.1,71.63,87.48,GMCC SZ80Е1H,34,1
553,553100150849617910553,"77.5,78,79.5,79,81,80.5",17.1,69.81,85.66,GMCC SZ80Е1H,34,1
553,553100150849618670553,"75.5,77,78.5,79.5,80.5,81.5,80.5",16.6,68.91,84.76,GMCC SZ80Е1H,34,1
553,553100150849617890553,"75,77,78.5,79.5,80.5,81.5,82",18.4,72.17,88.02,GMCC SZ80Е1H,34,1
553,553100150849617860553,"76,77,77.5,80,78.5,81,78.5",17.4,70.36,86.21,GMCC SZ80Е1H,34,1
553,553100150849618570553,"76.5,76,76.5,78,79.5,79",16.6,68.91,84.76,GMCC SZ80Е1H,34,1
553,553100150849617850553,"76,78.5,80,80.5,82,81,81.5,84.5",17.2,70.0,85.84,GMCC SZ80Е1H,34,1
553,553100297749794530553,"71,73.5,72.5,74.5,76,79.5,77.5,80,79.5,80",19.0,73.26,89.11,GMCC SZ80Е1H,34,1
553,553100150849616270553,"79.5,80,81.5,83,84.5,85",20.5,75.98,91.83,GMCC SZ80Е1H,34,1
553,553100150849617830553,"77,78,79,78.5,79.5,82,81",17.4,70.36,86.21,GMCC SZ80Е1H,34,1
553,553100150849617820553,"76,77,75.5,77.5,78.5,80,81,80",17.5,70.54,86.39,GMCC SZ80Е1H,34,1
553,553100595149708000553,"74,73,69,71,73.5,74.5,76.5,76",19.4,73.98,89.84,GMCC SZ80Е1H,34,1
553,553100150849617810553,"72,76,76.5,77,77.5,78,79,80,79",17.3,70.18,86.03,GMCC SZ80Е1H,34,1
553,553100150849611480553,"74.5,74,74.5,75.5,77.5,78,81,80.5",20.4,75.8,91.65,GMCC SZ80Е1H,34,1
553,553100595149661900553,"70,69.5,70,71,72,73,74",13.4,63.11,78.95,GMCC SZ80Е1H,34,1
553,553100150849493110553,"76.5,75.5,77,78.5,79.5,78.5",16.9,69.45,85.3,GMCC SZ80Е1H,34,1
553,553100595149657780553,"68,68.5,67.5,71,71.5,72,74,73",15.3,66.55,82.4,GMCC SZ80Е1H,34,1
553,553100150849617710553,"79.5,81,82,82.5,83.5,84.5,85,86.5,86",18.3,71.99,87.84,GMCC SZ80Е1H,34,1
553,553100595149808690553,"76.5,77.5,76.5,78.5,79.5,80,84,85.5,87.5,88.5",24.2,82.69,98.55,GMCC SZ80Е1H,34,1
553,553100150849615150553,"78,79,80.5,81,83,84,86.5,84",21.4,77.61,93.47,GMCC SZ80Е1H,34,1
553,553100150849617690553,"78.5,77,79.5,78,79.5,81.5,83,83.5,84,83.5",17.7,70.9,86.75,GMCC SZ80Е1H,34,1
553,553100595149661540553,"66,67,66.5,68,69,70.5,72,70.5",13.4,63.11,78.95,GMCC SZ80Е1H,34,1
553,553100595149703410553,"68.5,69,71,72,71,73.5,73,74,75,77",17.3,70.18,86.03,GMCC SZ80Е1H,34,1
553,553100150849617660553,"76,77,77.5,78.5,78,79.5,81,79.5",17.5,70.54,86.39,GMCC SZ80Е1H,34,1
553,553100150849616640553,"79.5,80,82.5,82,83.5,85,87",19.9,74.89,90.74,GMCC SZ80Е1H,34,1
553,553100595149704910553,"69,74,75.5,78,79,80.5,81,81.5",18.5,72.35,88.2,GMCC SZ80Е1H,34,1
553,553100150849617640553,"76.5,77.5,78,78.5,81,82,80.5",18.1,71.63,87.48,GMCC SZ80Е1H,34,1
553,553100595149702860553,"73,72.5,73,73.5,76,79.5",18.4,72.17,88.02,GMCC SZ80Е1H,34,1
553,553100150849617940553,"75,73,74.5,75.5,76.5,78,80",17.0,69.63,85.48,GMCC SZ80Е1H,34,1
553,553100150849609760553,"74,76,76.5,78,80,82,84,83",20.3,75.62,91.47,GMCC SZ80Е1H,34,1
553,553100595149809150553,"76,81.5,82.5,84,85,85.5,87,88",23.3,81.06,96.91,GMCC SZ80Е1H,34,1
553,553100150849617600553,"75.5,76.5,77,78.5,80.5,81,82",17.6,70.72,86.57,GMCC SZ80Е1H,34,1
553,553100150849617590553,"77.5,79.5,77.5,79,79.5,80,80.5,80",17.8,71.08,86.93,GMCC SZ80Е1H,34,1
553,553100150849617580553,"77.5,78,77,79,80,80.5,82",17.8,71.08,86.93,GMCC SZ80Е1H,34,1
553,553100297749793200553,"75.5,79.5,80.5,82,82.5,83,83.5,86",19.9,74.89,90.74,GMCC SZ80Е1H,34,1
553,553100595149658440553,"70,68.5,67.5,69.5,70,70.5,71,71.5,74.5",15.4,66.73,82.58,GMCC SZ80Е1H,34,1
553,553100150849617570553,"76,75.5,77.5,76.5,79,80,81.5,83,83.5",17.6,70.72,86.57,GMCC SZ80Е1H,34,1
553,553100150849617560553,"79.5,80,80.5,81,81.5,84,83.5,84",17.8,71.08,86.93,GMCC SZ80Е1H,34,1
553,553100297749792590553,"69.5,73,73.5,75,77.5,78,79,80",19.5,74.17,90.02,GMCC SZ80Е1H,34,1
553,553100595149660250553,"67.5,69,67,68.5,70.5,70",15.1,66.19,82.03,GMCC SZ80Е1H,34,1
553,553100595149692640553,"69,69.5,69,69.5,70,71,72",15.2,66.37,82.22,GMCC SZ80Е1H,34,1
553,553100150849618970553,"77,76,76.5,77.5,79.5,81,80",18.4,72.17,88.02,GMCC SZ80Е1H,34,1
553,553100297749791650553,"69.5,76,76.5,77.5,79.5,81,82.5",21.1,77.07,92.92,GMCC SZ80Е1H,34,1
553,553100150849617530553,"77.5,79.5,78,79.5,80,82,81.5,82.5",17.8,71.08,86.93,GMCC SZ80Е1H,34,1
553,553100150849617520553,"74.5,76,76.5,77,79,80.5,82,84.5",17.9,71.27,87.12,GMCC SZ80Е1H,34,1
553,553100150849614880553,"82,81.5,81,82.5,84.5,88,87.5,86.5",20.2,75.44,91.29,GMCC SZ80Е1H,34,1
553,553100595149658650553,"70,69.5,70,70.5,72.5,75,75.5,75",15.3,66.55,82.4,GMCC SZ80Е1H,34,1
553,553100595149661410553,"71,70.5,65.5,69,70,71.5,72,74,75",13.9,64.01,79.86,GMCC SZ80Е1H,34,1
553,553100595149657740553,"72.5,73,73.5,74.5,76.5,76",15.2,66.37,82.22,GMCC SZ80Е1H,34,1
553,553100595149708070553,"77,74.5,75.5,76.5,78,79.5,80.5,82.5",19.6,74.35,90.2,GMCC SZ80Е1H,34,1
553,553100150849617470553,"78,78.5,76,79.5,80,81,83,83.5",17.8,71.08,86.93,GMCC SZ80Е1H,34,1
553,553100150849617450553,"76,74.5,77.5,79,78,80,80.5,83,82.5,83,83.5",17.8,71.08,86.93,GMCC SZ80Е1H,34,1
553,553100150849617420553,"75,74.5,75.5,76.5,78,78.5,77.5,80",17.9,71.27,87.12,GMCC SZ80Е1H,34,1
553,553100150849619060553,"78,80,81,82,81.5",18.4,72.17,88.02,GMCC SZ80Е1H,34,1
553,553100150849492560553,"80,78,79,81.5,83.5,84.5,85.5,86,85.5,86,87.5,86.5",17.6,70.72,86.57,GMCC SZ80Е1H,34,1
553,553100595149703800553,"66,71.5,68,71,73,74,76,77,77.5",16.7,69.09,84.94,GMCC SZ80Е1H,34,1
553,553100595149704430553,"71,74.5,73,73.5,75,76.5,77.5,77",15.8,67.46,83.3,GMCC SZ80Е1H,34,1
553,553100150849617350553,"79,77,77.5,79.5,82.5,80",20.5,75.98,91.83,GMCC SZ80Е1H,34,1
553,553100150849617210553,"81,80,79.5,82.5,83,83.5,85.5,85",18.9,73.08,88.93,GMCC SZ80Е1H,34,1
553,553100150849617340553,"77.5,80,77.5,78.5,81,82,83,82.5",20.1,75.25,91.11,GMCC SZ80Е1H,34,1
553,553100150849619560553,"80.5,79,80,80.5,82,83,84.5,73.5",18.3,71.99,87.84,GMCC SZ80Е1H,34,1
553,553100150849615410553,"76,77,77.5,79.5,79,82,83,82.5,84,84.5,84",21.3,77.43,93.29,GMCC SZ80Е1H,34,1
553,553100150849613490553,"73.5,75,73.5,74,75,77,77.5,78",17.4,70.36,86.21,GMCC SZ80Е1H,34,1
553,553100150849617330553,"83.5,82,84.5,86.5,88.5,90,88.5",19.9,74.89,90.74,GMCC SZ80Е1H,34,1
553,553100150849617320553,"81.5,80.5,83,83.5,84.5,86,88,86",19.9,74.89,90.74,GMCC SZ80Е1H,34,1
553,553100595149809330553,"76.5,78,78.5,80.5,83.5,85.5,87",22.9,80.33,96.19,GMCC SZ80Е1H,34,1
553,553100150849492950553,"74.5,75,75.5,76,77.5,79,78",17.1,69.81,85.66,GMCC SZ80Е1H,34,1
553,553100595149708720553,"79.5,72,73.5,72,74,75,76.5,79,79.5,81",18.5,72.35,88.2,GMCC SZ80Е1H,34,1
553,553100150849617290553,"78,78.5,80,82.5,85,86.5,85.5",19.9,74.89,90.74,GMCC SZ80Е1H,34,1
553,553100150849612000553,"73,71.5,73,73.5,75,76,78.5,77.5",19.8,74.71,90.56,GMCC SZ80Е1H,34,1
553,553100150849617260553,"74.5,78,77.5,80,79.5,82,82.5,84",18.4,72.17,88.02,GMCC SZ80Е1H,34,1
553,553100595149708950553,"74,76,75.5,77,78,77,78,80,81",18.5,72.35,88.2,GMCC SZ80Е1H,34,1
553,553100595149705540553,"73,73.5,74,75,77,78.5,80,79.5",18.0,71.45,87.3,GMCC SZ80Е1H,34,1
553,553100595149691780553,"75,74,75,76.5,77.5,79,78.5",16.5,68.73,84.57,GMCC SZ80Е1H,34,1
553,553100150849617180553,"77,76.5,77,78.5,81.5,82.5,86.5,85",18.6,72.53,88.39,GMCC SZ80Е1H,34,1
553,553100150849612840553,"71.5,71,71.5,74.5,73.5,74.5,75,76",18.4,72.17,88.02,GMCC SZ80Е1H,34,1
553,553100150849614650553,"77.5,78.5,79.5,80,81.5,82,85.5,83",20.2,75.44,91.29,GMCC SZ80Е1H,34,1
553,553100150849617170553,"78.5,79.5,80,81.5,83,84,85.5",18.9,73.08,88.93,GMCC SZ80Е1H,34,1
553,553100150849618510553,"75,77.5,75,76.5,77,77.5,78,79,80,79",16.6,68.91,84.76,GMCC SZ80Е1H,34,1
553,553100150849617160553,"78.5,77,79,78.5,79.5,81,82,83.5,84,83.5",18.6,72.53,88.39,GMCC SZ80Е1H,34,1
553,553100595149708600553,"71.5,75,76,75,77,77.5,80,79.5",17.8,71.08,86.93,GMCC SZ80Е1H,34,1
553,553100150849617090553,"77,78.5,80,81,84,85.5",18.8,72.9,88.75,GMCC SZ80Е1H,34,1
553,553100297749793560553,"73,76,78.5,80.5,82,84,85.5,86.5",20.6,76.16,92.01,GMCC SZ80Е1H,34,1
553,553100150849616970553,"78,79.5,78,83,84,85,86,86.5",19.4,73.98,89.84,GMCC SZ80Е1H,34,1
553,553100297749792630553,"70.5,73,73.5,76.5,79,80,82.5,81.5",19.5,74.17,90.02,GMCC SZ80Е1H,34,1
553,553100297749792700553,"72.5,76.5,75.5,77,79,81,82.5,81",19.2,73.62,89.47,GMCC SZ80Е1H,34,1
553,553100150849616910553,"78.5,77,78.5,79.5,81,83.5,86,87",20.0,75.07,90.93,GMCC SZ80Е1H,34,1
553,553100150849616840553,"77.5,79.5,80,81,83,84,83",19.9,74.89,90.74,GMCC SZ80Е1H,34,1
553,553100150849613520553,"74.5,73.5,75,77,76,77.5,80.5",17.3,70.18,86.03,GMCC SZ80Е1H,34,1
553,553100150849616820553,"78.5,80,80.5,84,85.5,85",19.9,74.89,90.74,GMCC SZ80Е1H,34,1
553,553100595149660020553,"72,69.5,69,70,70.5,72.5,72",15.6,67.1,82.94,GMCC SZ80Е1H,34,1
553,553100150849616800553,"79.5,81,81.5,83,88.5,87.5,87",19.6,74.35,90.2,GMCC SZ80Е1H,34,1
553,553100150849615180553,"79,80.5,82,82.5,85,87,89,88",21.4,77.61,93.47,GMCC SZ80Е1H,34,1
553,553100595149809490553,"74.5,75.5,78,80,80.5,82.5,84",22.6,79.79,95.64,GMCC SZ80Е1H,34,1
553,553100150849616790553,"80,80.5,81,82.5,83,84.5,86.5,85",19.9,74.89,90.74,GMCC SZ80Е1H,34,1
553,553100150849610860553,"71,74.5,78,79.5,82,84,86,85.5",21.1,77.07,92.92,GMCC SZ80Е1H,34,1
553,553100595149662390553,"76.5,75,76,77.5,80,81.5,84.5,84",20.3,75.62,91.47,GMCC SZ80Е1H,34,1
553,553100150849619130553,"78.5,79,81,80.5,81.5",18.0,71.45,87.3,GMCC SZ80Е1H,34,1
553,553100150849612350553,"74,73,72.5,74,75.5,77,77.5,79,82",19.5,74.17,90.02,GMCC SZ80Е1H,34,1
553,553100150849617980553,"74,76,73.5,75,76,76.5,77.5",17.0,69.63,85.48,GMCC SZ80Е1H,34,1
553,553100595149692280553,"65,64.5,68.5,69.5,70.5,72,73.5,74",16.9,69.45,85.3,GMCC SZ80Е1H,34,1
553,553100150849616730553,"76,78,79,81.5,82.5,84,85.5,86",19.6,74.35,90.2,GMCC SZ80Е1H,34,1
553,553100150849616700553,"79.5,78.5,81.5,80,82.5,84,86,84",19.7,74.53,90.38,GMCC SZ80Е1H,34,1
553,553100150849616680553,"77.5,77,78.5,80.5,81,83.5,84.5,84,86,86.5",19.7,74.53,90.38,GMCC SZ80Е1H,34,1
553,553100297749792690553,"72,74,74.5,74,74.5,75.5,77.5,77",19.2,73.62,89.47,GMCC SZ80Е1H,34,1
553,553100150849616650553,"83.5,82.5,82,83,83.5,87,84.5,86,87.5,90,88.5",19.9,74.89,90.74,GMCC SZ80Е1H,34,1
553,553100150849616620553,"79.5,73.5,80.5,81.5,82,85,85.5,87",19.8,74.71,90.56,GMCC SZ80Е1H,34,1
553,553100150849616610553,"81.5,84,83.5,85,87,88.5,89.5",19.9,74.89,90.74,GMCC SZ80Е1H,34,1
553,553100150849616600553,"79,78,78.5,79.5,81,83.5,85,84.5",19.9,74.89,90.74,GMCC SZ80Е1H,34,1
553,553100150849613270553,"74,73.5,75.5,76.5,77.5,79.5,79",17.9,71.27,87.12,GMCC SZ80Е1H,34,1
553,553100150849616590553,"80,79.5,78.5,81,80.5,83,84.5",19.9,74.89,90.74,GMCC SZ80Е1H,34,1
553,553100150849619320553,"79.5,78.5,80.5,80,82,83.5,84.5,84",18.5,72.35,88.2,GMCC SZ80Е1H,34,1
553,553100150849616580553,"79,80,78,78.5,80.5,82.5,83,82.5",20.0,75.07,90.93,GMCC SZ80Е1H,34,1
553,553100150849616570553,"79.5,82,81,84,85,88,87.5",19.9,74.89,90.74,GMCC SZ80Е1H,34,1
553,553100595149692300553,"70.5,72,69.5,70,71.5,71,73.5,73",16.9,69.45,85.3,GMCC SZ80Е1H,34,1
553,553100150849616520553,"76.5,77,77.5,79,79.5,81,84.5,85.5",20.0,75.07,90.93,GMCC SZ80Е1H,34,1
553,553100297749792070553,"80,78,80.5,81,82.5,84.5,87.5,86.5",20.5,75.98,91.83,GMCC SZ80Е1H,34,1
553,553100150849614180553,"81.5,83,83.5,85.5,88,90,92.5,91",20.4,75.8,91.65,GMCC SZ80Е1H,34,1
553,553100150849616430553,"75.5,76,79,79.5,81.5,83,86,84.5",20.1,75.25,91.11,GMCC SZ80Е1H,34,1
553,553100150849616410553,"79,78.5,78,81.5,81,82,84,84.5,85.5",20.3,75.62,91.47,GMCC SZ80Е1H,34,1
553,553100595149808580553,"76.5,79,79.5,81.5,84,85,86,86.5,90,88.5,91",24.0,82.32,98.19,GMCC SZ80Е1H,34,1
553,553100595149702960553,"71,75.5,76,75,77,77.5,79.5,80",18.2,71.81,87.66,GMCC SZ80Е1H,34,1
553,553100297749792410553,"76.5,75.5,77,77.5,79.5,80,83,81",19.7,74.53,90.38,GMCC SZ80Е1H,34,1
553,553100150849492580553,"79.5,76.5,78.5,80,79.5,80,81.5,82.5,85,84",17.6,70.72,86.57,GMCC SZ80Е1H,34,1
553,553100150849616440553,"78.5,84,82,83,84.5,88,86.5",20.1,75.25,91.11,GMCC SZ80Е1H,34,1
553,553100297749791580553,"71,74,76,78.5,79.5,80,82.5,83.5",21.1,77.07,92.92,GMCC SZ80Е1H,34,1
553,553100150849615880553,"80,79.5,81,82,84,86,85",20.6,76.16,92.01,GMCC SZ80Е1H,34,1
553,553100595149702850553,"71.5,74.5,73.5,75,77.5,78.5,78,79",18.4,72.17,88.02,GMCC SZ80Е1H,34,1
553,553100150849616400553,"78.5,77.5,79,81,81.5,83.5,84,85",20.3,75.62,91.47,GMCC SZ80Е1H,34,1
553,553100150849616380553,"77,76.5,77.5,78,79,80.5,81.5,84,84.5",20.2,75.44,91.29,GMCC SZ80Е1H,34,1
553,553100150849616360553,"76,75.5,76.5,78,79.5,82,83,81.5,82",20.2,75.44,91.29,GMCC SZ80Е1H,34,1
553,553100150849618850553,"80,78,79,80,81,83,84,85.5",18.8,72.9,88.75,GMCC SZ80Е1H,34,1
553,553100297749791800553,"81,78,79.5,81,84.5,85,85.5",20.9,76.7,92.56,GMCC SZ80Е1H,34,1
553,553100150849616330553,"76.5,77,78,79.5,81.5,83.5,83,84",20.2,75.44,91.29,GMCC SZ80Е1H,34,1
553,553100595149704190553,"72.5,73,71,73,73.5,75.5,76.5",17.0,69.63,85.48,GMCC SZ80Е1H,34,1
553,553100297749791540553,"74,77,78,78.5,81,82.5,83.5,86,87.5,86.5",21.3,77.43,93.29,GMCC SZ80Е1H,34,1
553,553100150849618600553,"74.5,75,75.5,77.5,77,80,78",16.4,68.55,84.39,GMCC SZ80Е1H,34,1
553,553100595149702940553,"73,72.5,73,74,74.5,76,76.5,78,79",18.4,72.17,88.02,GMCC SZ80Е1H,34,1
553,553100150849616310553,"79.5,80.5,82,82.5,83.5,87,86",20.4,75.8,91.65,GMCC SZ80Е1H,34,1
553,553100150849612050553,"67,68.5,71.5,72,72.5,73.5,74,75,76,76.5",19.9,74.89,90.74,GMCC SZ80Е1H,34,1
553,553100595149657840553,"66.5,70,70.5,71,73,72.5",14.4,64.92,80.76,GMCC SZ80Е1H,34,1
553,553100595149707650553,"70.5,72.5,73,75,77.5,77,78,78.5",20.3,75.62,91.47,GMCC SZ80Е1H,34,1
553,553100150849616300553,"76.5,76,79,81,81.5,83.5,84",20.3,75.62,91.47,GMCC SZ80Е1H,34,1
553,553100150849617000553,"77.5,79,80,82,84.5,87,85.5",20.0,75.07,90.93,GMCC SZ80Е1H,34,1
553,553100595149703340553,"78.5,70.5,72,73.5,75.5,77",17.3,70.18,86.03,GMCC SZ80Е1H,34,1
553,553100595149692400553,"71,71.5,74,74.5,73.5,75.5,73.5,75",16.2,68.18,84.03,GMCC SZ80Е1H,34,1
553,553100150849616250553,"80,81,83,85,85.5,87.5,87",20.4,75.8,91.65,GMCC SZ80Е1H,34,1
553,553100150849613250553,"73.5,75,73.5,74.5,76,78,79,81",17.9,71.27,87.12,GMCC SZ80Е1H,34,1
553,553100595149808400553,"80.5,81.5,83.5,85,86,86.5,87,88,88.5",24.3,82.87,98.73,GMCC SZ80Е1H,34,1
553,553100150849616240553,"79.5,81,83.5,85,85.5,89,88",20.5,75.98,91.83,GMCC SZ80Е1H,34,1
553,553100150849616230553,"83,82,82.5,83.5,85,86,89,89.5",20.5,75.98,91.83,GMCC SZ80Е1H,34,1
553,553100595149705040553,"68.5,73.5,74,77.5,79,80.5,81,81.5",18.5,72.35,88.2,GMCC SZ80Е1H,34,1
553,553100150849616210553,"80,81,82,84.5,86,88,87",20.5,75.98,91.83,GMCC SZ80Е1H,34,1
553,553100150849616050553,"78.5,78,79,80,82,84.5,85",21.2,77.25,93.1,GMCC SZ80Е1H,34,1
553,553100150849613820553,"76,74.5,76,77,77.5,79.5,79",16.7,69.09,84.94,GMCC SZ80Е1H,34,1
553,553100595149704980553,"80.5,70,75,75.5,77,78,78.5,79.5,80.5,84",18.5,72.35,88.2,GMCC SZ80Е1H,34,1
553,553100150849616010553,"75,78.5,79.5,78.5,80.5,81,83,84.5,82.5",20.8,76.52,92.38,GMCC SZ80Е1H,34,1
553,553100297749792440553,"75.5,76.5,77,78,80,82,81.5",19.6,74.35,90.2,GMCC SZ80Е1H,34,1
553,553100595149704490553,"64.5,65.5,66,69,70,71,72.5,72",15.7,67.28,83.12,GMCC SZ80Е1H,34,1
553,553100150849615980553,"77.5,79.5,80.5,82,84,86.5,85",21.1,77.07,92.92,GMCC SZ80Е1H,34,1
553,553100150849617040553,"77,81,81.5,83,85.5,87,85.5",18.8,72.9,88.75,GMCC SZ80Е1H,34,1
553,553100595149707930553,"74,75,75.5,78,79,81,83,83.5",19.9,74.89,90.74,GMCC SZ80Е1H,34,1
553,553100595149659520553,"70,69.5,68.5,69,70,69.5,71.5,73.5,72.5",15.6,67.1,82.94,GMCC SZ80Е1H,34,1
553,553100595149708790553,"76,76.5,76,79,79.5,82,81.5",17.8,71.08,86.93,GMCC SZ80Е1H,34,1
553,553100297749792240553,"76,78.5,79.5,80.5,83,84.5,86.5,86",20.1,75.25,91.11,GMCC SZ80Е1H,34,1
553,553100595149658930553,"69,66,68,62.5,67.5,68,68.5,68,69,70,71.5",15.1,66.19,82.03,GMCC SZ80Е1H,34,1
553,553100150849615950553,"80,78.5,81,83,85,84.5",21.3,77.43,93.29,GMCC SZ80Е1H,34,1
553,553100150849617240553,"77,75.5,76,77,79.5,81,81.5,82.5",19.5,74.17,90.02,GMCC SZ80Е1H,34,1
553,553100150849617410553,"74,75.5,76,75.5,76.5,77,78.5,81",17.9,71.27,87.12,GMCC SZ80Е1H,34,1
553,553100150849615910553,"79.5,82,81,84,86,85,86.5,87",20.9,76.7,92.56,GMCC SZ80Е1H,34,1
553,553100150849615900553,"81.5,74.5,78.5,81,83,83.5,86,88,88.5,90",20.5,75.98,91.83,GMCC SZ80Е1H,34,1
553,553100150849615890553,"79,79.5,79,80.5,81,81.5,82.5,82,86.5",20.5,75.98,91.83,GMCC SZ80Е1H,34,1
553,553100297749793770553,"71,72,73.5,74.5,76,77.5,79,81,81.5",20.2,75.44,91.29,GMCC SZ80Е1H,34,1
553,553100150849618440553,"74.5,76,75.5,76.5,76,77.5,79,78.5",16.8,69.27,85.12,GMCC SZ80Е1H,34,1
553,553100150849613320553,"74.5,76,78,79.5,80,81.5,80.5",17.8,71.08,86.93,GMCC SZ80Е1H,34,1
553,553100595149658640553,"71.5,70.5,68.5,70,72,73.5,74,73",15.3,66.55,82.4,GMCC SZ80Е1H,34,1
553,553100150849618750553,"72,75,75.5,76,78,77.5,80.5,80",15.9,67.64,83.49,GMCC SZ80Е1H,34,1
553,553100150849492100553,"77.5,78,79,81.5,80.5,83.5,83",18.5,72.35,88.2,GMCC SZ80Е1H,34,1
553,553100150849617900553,"76.5,77.5,79,79.5,81,82.5,81.5",17.1,69.81,85.66,GMCC SZ80Е1H,34,1
553,553100150849615850553,"79.5,81.5,82.5,82,83.5,84,85,84.5,86.5,87.5",20.7,76.34,92.2,GMCC SZ80Е1H,34,1
553,553100150849613240553,"77.5,77,78,79.5,79,80,81.5",17.9,71.27,87.12,GMCC SZ80Е1H,34,1
553,553100297749793130553,"75,76,76.5,77,78.5,80.5,81.5,82",20.0,75.07,90.93,GMCC SZ80Е1H,34,1
553,553100595149659070553,"72,69,67.5,70.5,71,72,73.5,74.5",16.2,68.18,84.03,GMCC SZ80Е1H,34,1
553,553100150849615830553,"81,80.5,80,81,84,87,85",20.6,76.16,92.01,GMCC SZ80Е1H,34,1
553,553100150849616670553,"77.5,78,78.5,79.5,81,82.5,84.5,84",20.1,75.25,91.11,GMCC SZ80Е1H,34,1
553,553100150849618290553,"75,76,76.5,79,80,79",17.1,69.81,85.66,GMCC SZ80Е1H,34,1
553,553100595149705750553,"74,78,75,77,77.5,78.5,79.5,79,80.5",18.2,71.81,87.66,GMCC SZ80Е1H,34,1
553,553100150849615780553,"78.5,81,81.5,82,83.5,84.5,85.5",20.7,76.34,92.2,GMCC SZ80Е1H,34,1
553,553100150849615770553,"80,79.5,81,80,81,84.5,85.5,87.5,86.5",20.8,76.52,92.38,GMCC SZ80Е1H,34,1
553,553100595149658170553,"68.5,70,69.5,70,71.5,72,73,72",15.7,67.28,83.12,GMCC SZ80Е1H,34,1
553,553100297749791960553,"78.5,77,80.5,83,84,85,86,86.5",20.7,76.34,92.2,GMCC SZ80Е1H,34,1
553,553100595149661120553,"67.5,65.5,66,69,70,69",14.2,64.56,80.4,GMCC SZ80Е1H,34,1
553,553100150849615740553,"79,80,81.5,82.5,84.5,85,84",20.8,76.52,92.38,GMCC SZ80Е1H,34,1
553,553100150849619140553,"78,79,80.5,82.5,84.5,83.5",18.9,73.08,88.93,GMCC SZ80Е1H,34,1
553,553100150849617360553,"75.5,77,76,77,79,80.5,83.5,82",20.1,75.25,91.11,GMCC SZ80Е1H,34,1
553,553100595149706660553,"69,71.5,68.5,69,71,72.5,73.5,75,77",19.2,73.62,89.47,GMCC SZ80Е1H,34,1
553,553100150849615720553,"80,78,80.5,82,84,85.5,88.5,89.5",20.9,76.7,92.56,GMCC SZ80Е1H,34,1
553,553100150849615700553,"76,74.5,78.5,80,82.5,83.5,85.5,87,86.5",20.8,76.52,92.38,GMCC SZ80Е1H,34,1
553,553100595149692600553,"66,67,65,67.5,68.5,69.5,69",14.6,65.28,81.13,GMCC SZ80Е1H,34,1
553,553100150849615690553,"80,81,83.5,85,84.5,87.5,87",20.7,76.34,92.2,GMCC SZ80Е1H,34,1
553,553100150849615670553,"79.5,81.5,83,85.5,85,88",20.8,76.52,92.38,GMCC SZ80Е1H,34,1
553,553100150849611770553,"72.5,75,75.5,77.5,78.5,80.5,83,83.5",20.3,75.62,91.47,GMCC SZ80Е1H,34,1
553,553100595149658630553,"69.5,71,69.5,71,72,73,73.5",15.3,66.55,82.4,GMCC SZ80Е1H,34,1
553,553100595149708990553,"73,71.5,73.5,74.5,75.5,76,76.5,78",17.5,70.54,86.39,GMCC SZ80Е1H,34,1
553,553100150849615650553,"80.5,80,81.5,82.5,83,85,87,87.5",21.3,77.43,93.29,GMCC SZ80Е1H,34,1
553,553100150849615640553,"79.5,78,79.5,81,82.5,83,86.5,86",20.8,76.52,92.38,GMCC SZ80Е1H,34,1
553,553100595149662210553,"77,74,75.5,77.5,80.5,84,83.5",20.5,75.98,91.83,GMCC SZ80Е1H,34,1
553,553100150849615630553,"79,77.5,79,80,81.5,82.5,84,85.5",20.9,76.7,92.56,GMCC SZ80Е1H,34,1
553,553100595149692370553,"70.5,69.5,69,71,72.5,73.5,73",14.9,65.83,81.67,GMCC SZ80Е1H,34,1
553,553100297749792970553,"74,76.5,77.5,78,80,82.5,84,84.5,86",20.1,75.25,91.11,GMCC SZ80Е1H,34,1
553,553100150849614370553,"75,76,75,76,77.5,78.5,79.5",17.1,69.81,85.66,GMCC SZ80Е1H,34,1
553,553100150849617880553,"76,75.5,74.5,78,77.5,79,78",17.8,71.08,86.93,GMCC SZ80Е1H,34,1
553,553100595149660730553,"70,67,68,69,70,69",14.9,65.83,81.67,GMCC SZ80Е1H,34,1
553,553100150849616930553,"77.5,76,78,81.5,83,85,83",20.0,75.07,90.93,GMCC SZ80Е1H,34,1
553,553100150849611240553,"75.5,76.5,77,78,80,80.5,82,85.5,86",20.8,76.52,92.38,GMCC SZ80Е1H,34,1
553,553100150849611030553,"71.5,72.5,73.5,74.5,77,79.5,81.5,81",21.1,77.07,92.92,GMCC SZ80Е1H,34,1
553,553100297749794430553,"69,74,73,74.5,75,76.5,78,77.5",19.8,74.71,90.56,GMCC SZ80Е1H,34,1
553,553100150849615620553,"80,81.5,83.5,84.5,85,86,88.5",20.9,76.7,92.56,GMCC SZ80Е1H,34,1
553,553100595149662630553,"73,76,75,76.5,77.5,79,80.5,81.5,82.5,84.5,86,87",20.3,75.62,91.47,GMCC SZ80Е1H,34,1
553,553100150849619380553,"81,80,80.5,81,83.5,83,85,84",18.8,72.9,88.75,GMCC SZ80Е1H,34,1
553,553100150849613960553,"69,75,77.5,80,80.5,81.5,84.5,83.5",20.6,76.16,92.01,GMCC SZ80Е1H,34,1
553,553100150849618760553,"74.5,72.5,76.5,75.5,76.5,78,77.5",15.8,67.46,83.3,GMCC SZ80Е1H,34,1
553,553100150849615600553,"80,79,82,81,82.5,86.5,86",21.3,77.43,93.29,GMCC SZ80Е1H,34,1
553,553100150849615580553,"80.5,81.5,83,85,86.5,87.5,90,89.5",20.9,76.7,92.56,GMCC SZ80Е1H,34,1
553,553100150849615920553,"80.5,81,82,82.5,83,85,85.5,86,88.5",20.9,76.7,92.56,GMCC SZ80Е1H,34,1
553,553100595149707600553,"71,72,74,75.5,77.5,79.5,80",20.4,75.8,91.65,GMCC SZ80Е1H,34,1
553,553100150849615540553,"79.5,80,79.5,81.5,82,84.5,83,83.5",21.3,77.43,93.29,GMCC SZ80Е1H,34,1
553,553100150849615520553,"79.5,77.5,78.5,79,82.5,83.5,85.5,84.5",21.3,77.43,93.29,GMCC SZ80Е1H,34,1
553,553100150849493540553,"74,76.5,75,78,79,78.5",16.7,69.09,84.94,GMCC SZ80Е1H,34,1
553,553100595149706640553,"70.5,73.5,72.5,74,76,78.5,80.5,81.5",19.3,73.8,89.66,GMCC SZ80Е1H,34,1
553,553100150849612660553,"75.5,76.5,74.5,76.5,78.5,80,80.5",18.8,72.9,88.75,GMCC SZ80Е1H,34,1
553,553100150849615510553,"80.5,80,78.5,80.5,82,82.5,85,83.5",21.4,77.61,93.47,GMCC SZ80Е1H,34,1
553,553100595149809620553,"72.5,77.5,78,80.5,83,84.5,86.5",22.4,79.42,95.28,GMCC SZ80Е1H,34,1
553,553100150849493010553,"73,75.5,75,76,77,78.5,78",16.9,69.45,85.3,GMCC SZ80Е1H,34,1
553,553100150849617550553,"75,77.5,79,79.5,81.5,83.5,83",17.7,70.9,86.75,GMCC SZ80Е1H,34,1
553,553100297749794480553,"72,73.5,74.5,75,76.5,78,80.5,79.5",18.9,73.08,88.93,GMCC SZ80Е1H,34,1
553,553100150849617400553,"73.5,72.5,73.5,77,77.5,78,78.5,79.5,81.5,81",18.0,71.45,87.3,GMCC SZ80Е1H,34,1
553,553100150849611600553,"76.5,73,72,75,77,78,79,82,83,84",20.6,76.16,92.01,GMCC SZ80Е1H,34,1
553,553100150849613000553,"70,71,74,73.5,73,75.5,74.5",18.3,71.99,87.84,GMCC SZ80Е1H,34,1
553,553100150849615380553,"79,79.5,80.5,82.5,84,86,85.5",21.3,77.43,93.29,GMCC SZ80Е1H,34,1
553,553100595149702990553,"66.5,71.5,65,73,75,76.5,78.5,79.5",18.6,72.53,88.39,GMCC SZ80Е1H,34,1
553,553100297749791900553,"77,80,80.5,82,82.5,84,84.5,85.5,85,85.5",20.8,76.52,92.38,GMCC SZ80Е1H,34,1
553,553100595149703530553,"70,73.5,74,75,76.5,77.5,77",17.1,69.81,85.66,GMCC SZ80Е1H,34,1
553,553100595149808660553,"84,78,80.5,81,84,87.5,89,89.5,90.5,90",24.0,82.32,98.19,GMCC SZ80Е1H,34,1
553,553100150849615340553,"79.5,78,80,81.5,83.5,84,85",21.3,77.43,93.29,GMCC SZ80Е1H,34,1
553,553100150849615330553,"79.5,79,78,80.5,82,84,86",21.3,77.43,93.29,GMCC SZ80Е1H,34,1
553,553100297749793300553,"70.5,75,72.5,76.5,77,79,80.5,81.5,82.5,84.5",20.0,75.07,90.93,GMCC SZ80Е1H,34,1
553,553100150849615530553,"77,82,81.5,82.5,83.5,85,86.5,86",21.3,77.43,93.29,GMCC SZ80Е1H,34,1
553,553100150849615310553,"81.5,82,82.5,83,85,86.5,86",21.3,77.43,93.29,GMCC SZ80Е1H,34,1
553,553100150849615300553,"78,79.5,80,80.5,84,86,85.5",21.3,77.43,93.29,GMCC SZ80Е1H,34,1
553,553100297749792650553,"76.5,75.5,76,77.5,78,80,79.5",19.3,73.8,89.66,GMCC SZ80Е1H,34,1
553,553100595149705990553,"72.5,74.5,74,74.5,76.5,77,79,78.5",17.9,71.27,87.12,GMCC SZ80Е1H,34,1
553,553100595149706790553,"73.5,70.5,71.5,72,73.5,74.5,75.5,76.5,77.5",18.3,71.99,87.84,GMCC SZ80Е1H,34,1
553,553100297749792480553,"79,77.5,75.5,79,80,82,84.5,84",19.6,74.35,90.2,GMCC SZ80Е1H,34,1
553,553100150849615250553,"78.5,79,79.5,81,82.5,85,87,86",21.4,77.61,93.47,GMCC SZ80Е1H,34,1
553,553100150849616280553,"76.5,74.5,71,74,75,78,76.5,77.5,78.5,79.5,79,80.5,80,78.5,81.5,81,79.5,81,81.5,82.5,83.5,83,84",20.3,75.62,91.47,GMCC SZ80Е1H,34,1
553,553100150849615200553,"80.5,80,83.5,85.5,86.5,87,88,89",21.4,77.61,93.47,GMCC SZ80Е1H,34,1
553,553100297749793880553,"72,76,78.5,80.5,82.5,84,86,86.5",20.0,75.07,90.93,GMCC SZ80Е1H,34,1
553,553100297749791950553,"75,78,79,80,80.5,82.5,84,84.5",20.7,76.34,92.2,GMCC SZ80Е1H,34,1
553,553100595149704830553,"74,73,76,76.5,77,79,79.5,82,82.5",18.6,72.53,88.39,GMCC SZ80Е1H,34,1
553,553100595149705760553,"71,75,76.5,78.5,80.5,80",17.9,71.27,87.12,GMCC SZ80Е1H,34,1
553,553100150849492190553,"75,77,77.5,77,78.5,79.5,80.5,81",18.1,71.63,87.48,GMCC SZ80Е1H,34,1
553,553100297749792920553,"70.5,76.5,77.5,78.5,80,81,83,82.5",20.3,75.62,91.47,GMCC SZ80Е1H,34,1
553,553100150849612780553,"70,71,72,75,81",18.4,72.17,88.02,GMCC SZ80Е1H,34,1
553,553100150849619470553,"77,75.5,78.5,79,80,79,79.5,81.5,80.5,81,82,80.5,81,82,81.5,82.5,83,82.5,83,83.5,83,84.5,85",18.0,71.45,87.3,GMCC SZ80Е1H,34,1
553,553100150849615120553,"79,80,82,83,84,85,88,87",21.4,77.61,93.47,GMCC SZ80Е1H,34,1
553,553100595149707230553,"75,70.5,68.5,70,71.5,73,74,75,77",18.4,72.17,88.02,GMCC SZ80Е1H,34,1
553,553100150849614990553,"79,80.5,79.5,81,82.5,84,82.5,83",20.2,75.44,91.29,GMCC SZ80Е1H,34,1
553,553100150849615230553,"78.5,79,80,81.5,83.5,85,88,87.5",21.3,77.43,93.29,GMCC SZ80Е1H,34,1
553,553100150849611540553,"73.5,76.5,84",20.6,76.16,92.01,GMCC SZ80Е1H,34,1
553,553100150849614970553,"78.5,78,80,81.5,83.5,84.5",20.2,75.44,91.29,GMCC SZ80Е1H,34,1
553,553100150849614950553,"77,76,77,77.5,79.5,79,80,81,81.5",20.1,75.25,91.11,GMCC SZ80Е1H,34,1
553,553100595149704880553,"68.5,72.5,71,72,72.5,74.5,75.5,75",15.8,67.46,83.3,GMCC SZ80Е1H,34,1
553,553100595149660860553,"65.5,68,69.5,70.5,71,72,70.5",14.6,65.28,81.13,GMCC SZ80Е1H,34,1
553,553100150849614940553,"79,80,80.5,80,80.5,82,84.5,85,85.5",20.1,75.25,91.11,GMCC SZ80Е1H,34,1
553,553100150849492570553,"78,77,79,80.5,81,83.5,83",18.0,71.45,87.3,GMCC SZ80Е1H,34,1
553,553100595149705150553,"71,71.5,73.5,76,76.5,78",16.0,67.82,83.67,GMCC SZ80Е1H,34,1
553,553100150849614910553,"77.5,78,78.5,79,81.5,82,83.5,84",20.2,75.44,91.29,GMCC SZ80Е1H,34,1
553,553100150849615500553,"78.5,78,80,82.5,83,84.5,85.5,87",21.3,77.43,93.29,GMCC SZ80Е1H,34,1
553,553100150849615160553,"78,80.5,80,81,82.5,85,85.5,86",21.4,77.61,93.47,GMCC SZ80Е1H,34,1
553,553100150849614900553,"79.5,80.5,83.5,84.5,86.5,88.5,88,87.5",20.1,75.25,91.11,GMCC SZ80Е1H,34,1
553,553100150849612400553,"75.5,73.5,75,76,77.5,79,79.5,81.5",19.5,74.17,90.02,GMCC SZ80Е1H,34,1
553,553100595149657910553,"65,68,69.5,68.5,70,70.5,71,72.5,71,71.5,72.5,73,73.5,74.5,74",14.6,65.28,81.13,GMCC SZ80Е1H,34,1
553,553100595149706450553,"80,68,72,71,72,72.5,73,76,77.5,78,78.5",19.7,74.53,90.38,GMCC SZ80Е1H,34,1
553,553100150849614870553,"79.5,80,81,81.5,82.5,84,84.5,85.5,87.5",20.2,75.44,91.29,GMCC SZ80Е1H,34,1
553,553100150849614850553,"79,81,82,83.5,85.5,88.5,86",20.1,75.25,91.11,GMCC SZ80Е1H,34,1
553,553100297749793830553,"68.5,73,73.5,75,77,78,78.5,79.5,81,82.5,82",20.1,75.25,91.11,GMCC SZ80Е1H,34,1
553,553100150849616740553,"79,78,82.5,84,85,88,88.5,89",19.9,74.89,90.74,GMCC SZ80Е1H,34,1
553,553100595149662200553,"74.5,75,79,80,82.5,84.5,85",20.5,75.98,91.83,GMCC SZ80Е1H,34,1
553,553100595149703140553,"70.5,74.5,71.5,74.5,76.5,78,77",18.1,71.63,87.48,GMCC SZ80Е1H,34,1
553,553100150849614800553,"81,82.5,82,85,87,88,90,89",20.1,75.25,91.11,GMCC SZ80Е1H,34,1
553,553100150849614720553,"79.5,80,81,83.5,85.5,87,88.5",20.1,75.25,91.11,GMCC SZ80Е1H,34,1
553,553100595149662080553,"74,72.5,73,75.5,77.5,84",20.4,75.8,91.65,GMCC SZ80Е1H,34,1
553,553100595149705840553,"73,74.5,75.5,76,77,79,80,79.5",17.9,71.27,87.12,GMCC SZ80Е1H,34,1
553,553100595149692580553,"71,70.5,70,71,72.5,73,74,74.5",14.8,65.64,81.49,GMCC SZ80Е1H,34,1
553,553100150849614690553,"81.5,84.5,83.5,84.5,86,87.5,88.5",20.2,75.44,91.29,GMCC SZ80Е1H,34,1
553,553100150849614680553,"78.5,78,79,80.5,81.5,81.5",20.2,75.44,91.29,GMCC SZ80Е1H,34,1
553,553100297749792000553,"75.5,73.5,74.5,76.5,77.5,79,81,81.5",20.6,76.16,92.01,GMCC SZ80Е1H,34,1
553,553100297749791770553,"74,79,80.5,82.5,84,84.5,85.5,85",20.9,76.7,92.56,GMCC SZ80Е1H,34,1
553,553100150849614660553,"80,81.5,82.5,83.5,84,85,86.5,88",20.2,75.44,91.29,GMCC SZ80Е1H,34,1
553,553100150849617280553,"77.5,78,77,79.5,80.5,82.5,81.5",18.2,71.81,87.66,GMCC SZ80Е1H,34,1
553,553100150849614510553,"78.5,80.5,79,81.5,82,83,85,83.5",20.2,75.44,91.29,GMCC SZ80Е1H,34,1
553,553100297749793730553,"71,74.5,76,78.5,82,83.5,82.5",20.2,75.44,91.29,GMCC SZ80Е1H,34,1
553,553100150849617110553,"76.5,78,79,80,82,82.5,83",18.6,72.53,88.39,GMCC SZ80Е1H,34,1
553,553100150849613540553,"77.5,76.5,77,79.5,80,83,81.5",17.3,70.18,86.03,GMCC SZ80Е1H,34,1
553,553100150849615400553,"83.5,84.5,88,90.5,91,94,93",21.3,77.43,93.29,GMCC SZ80Е1H,34,1
553,553100595149659760553,"71,70.5,71.5,72,73,74,74.5",15.8,67.46,83.3,GMCC SZ80Е1H,34,1
553,553100150849614730553,"82.5,80,81.5,82.5,83,87.5,89,89.5",20.3,75.62,91.47,GMCC SZ80Е1H,34,1
553,553100150849615220553,"77,78,78.5,80.5,82,83,84.5,86.5",21.4,77.61,93.47,GMCC SZ80Е1H,34,1
553,553100595149659680553,"69,68.5,70,69.5,70,71,69.5",15.7,67.28,83.12,GMCC SZ80Е1H,34,1
553,553100150849615320553,"78,80.5,82,83,86.5,85.5",21.3,77.43,93.29,GMCC SZ80Е1H,34,1
553,553100150849619530553,"79.5,80.5,80,81,82,83.5,83",17.8,71.08,86.93,GMCC SZ80Е1H,34,1
553,553100595149658730553,"71,68,68.5,69.5,68.5,69.5,70.5,71.5,73.5",15.2,66.37,82.22,GMCC SZ80Е1H,34,1
553,553100150849614580553,"82,83.5,84.5,87.5,88",20.2,75.44,91.29,GMCC SZ80Е1H,34,1
553,553100595149691980553,"72.5,73,74.5,75.5,76",16.3,68.36,84.21,GMCC SZ80Е1H,34,1
553,553100150849614570553,"79.5,78,76,77.5,79,80,80.5",16.5,68.73,84.57,GMCC SZ80Е1H,34,1
553,553100150849616660553,"80,81.5,82.5,84.5,85.5,86,88",19.9,74.89,90.74,GMCC SZ80Е1H,34,1
553,553100595149707510553,"73,74.5,75.5,77,80,81.5,83,84,85",20.4,75.8,91.65,GMCC SZ80Е1H,34,1
553,553100150849614550553,"79,78.5,80.5,81.5,83.5,85,84",20.2,75.44,91.29,GMCC SZ80Е1H,34,1
553,553100595149808370553,"72.5,78,79.5,81.5,84,85.5,88.5,88",24.4,83.05,98.91,GMCC SZ80Е1H,34,1
553,553100150849611350553,"69.5,72.5,72,73,74.5,75.5,77,78,79",20.6,76.16,92.01,GMCC SZ80Е1H,34,1
553,553100595149661460553,"65,69.5,68,67.5,68.5,70,71,70.5",13.5,63.29,79.13,GMCC SZ80Е1H,34,1
553,553100150849611320553,"72.5,71.5,72,75,78.5,80,82,81",20.7,76.34,92.2,GMCC SZ80Е1H,34,1
553,553100595149704820553,"72.5,75.5,76.5,77.5,79,81,81.5",18.6,72.53,88.39,GMCC SZ80Е1H,34,1
553,553100150849611280553,"73.5,75.5,76.5,78,80,82.5,83",20.8,76.52,92.38,GMCC SZ80Е1H,34,1
553,553100150849615710553,"77.5,78,79.5,80,82.5,84,83",20.7,76.34,92.2,GMCC SZ80Е1H,34,1
553,553100150849610210553,"73.5,75,75.5,78.5,79.5,82.5,84,85",21.7,78.15,94.01,GMCC SZ80Е1H,34,1
553,553100595149709120553,"71,70.5,71,72.5,73.5,74.5,76.5,76",17.3,70.18,86.03,GMCC SZ80Е1H,34,1
553,553100150849610160553,"73.5,74.5,75.5,77.5,79.5,83,83.5",21.7,78.15,94.01,GMCC SZ80Е1H,34,1
553,553100150849611190553,"73,74,76,77.5,80.5,83,83.5",20.8,76.52,92.38,GMCC SZ80Е1H,34,1
553,553100150849609730553,"75,74,75,76,77.5,81,82,82.5,83",20.4,75.8,91.65,GMCC SZ80Е1H,34,1
553,553100595149691900553,"66.5,69,67,70.5,71,72.5,73.5",16.0,67.82,83.67,GMCC SZ80Е1H,34,1
553,553100297749791640553,"77.5,78,80.5,81.5,84,85,86,87",21.1,77.07,92.92,GMCC SZ80Е1H,34,1
553,553100150849619300553,"76.5,78.5,79,80,82,82.5,81.5",18.4,72.17,88.02,GMCC SZ80Е1H,34,1
553,553100150849611150553,"74.5,73.5,75.5,76.5,79,82,84.5,84",21.0,76.89,92.74,GMCC SZ80Е1H,34,1
553,553100297749791870553,"81,78.5,78,81,81.5,82.5,83,84.5,85.5,86.5",20.8,76.52,92.38,GMCC SZ80Е1H,34,1
553,553100150849619040553,"75,75.5,77.5,77,79,80,79.5",18.3,71.99,87.84,GMCC SZ80Е1H,34,1
553,553100150849618820553,"77,77.5,78,79.5,80,82,81.5",18.9,73.08,88.93,GMCC SZ80Е1H,34,1
553,553100150849610390553,"74.5,76,77,79,81,83.5,85,85.5",21.7,78.15,94.01,GMCC SZ80Е1H,34,1
553,553100595149707010553,"74.5,72,71,72,73.5,74,75.5",18.1,71.63,87.48,GMCC SZ80Е1H,34,1
553,553100150849611620553,"73,78,79.5,82,83.5,86,86.5",21.8,78.34,94.19,GMCC SZ80Е1H,34,1
553,553100150849611110553,"72,73.5,75,76,78.5,81.5,83,84",20.9,76.7,92.56,GMCC SZ80Е1H,34,1
553,553100150849613860553,"78,79.5,80,80.5,81.5,80.5",16.7,69.09,84.94,GMCC SZ80Е1H,34,1
553,553100595149658150553,"67,72.5,70,70.5,72,73,73.5,73",15.8,67.46,83.3,GMCC SZ80Е1H,34,1
553,553100150849612700553,"69,73.5,71,73,72.5,74,75.5,77.5,78.5",19.4,73.98,89.84,GMCC SZ80Е1H,34,1
553,553100150849618380553,"73.5,75.5,72.5,77,77.5,79,78.5",16.8,69.27,85.12,GMCC SZ80Е1H,34,1
553,553100297749791710553,"75,75.5,76,76.5,79.5,80.5,82,82.5",21.0,76.89,92.74,GMCC SZ80Е1H,34,1
553,553100595149704890553,"72.5,76.5,78,79.5,80.5,81,83",18.8,72.9,88.75,GMCC SZ80Е1H,34,1
553,553100150849612260553,"72,72.5,73,74,76.5,77,77.5,79.5,80.5",19.5,74.17,90.02,GMCC SZ80Е1H,34,1
553,553100150849617840553,"77,78.5,79.5,79,81,82,84,82.5",17.5,70.54,86.39,GMCC SZ80Е1H,34,1
553,553100150849616060553,"76.5,80.5,78.5,80.5,81.5,83,85,85.5",21.2,77.25,93.1,GMCC SZ80Е1H,34,1
553,553100150849614610553,"79.5,80.5,80,81.5,83.5,84.5,86.5,85",20.2,75.44,91.29,GMCC SZ80Е1H,34,1
553,553100595149660650553,"67,68,67,68,69,69.5,71.5,71",14.6,65.28,81.13,GMCC SZ80Е1H,34,1
553,553100150849611040553,"71,75.5,74.5,78,78.5,80.5,82.5,83",21.1,77.07,92.92,GMCC SZ80Е1H,34,1
553,553100595149659880553,"67,65.5,67,67.5,68.5,69,69.5,69",15.2,66.37,82.22,GMCC SZ80Е1H,34,1
553,553100595149707120553,"67.5,70,69.5,70.5,71,72.5,73,74.5",18.0,71.45,87.3,GMCC SZ80Е1H,34,1
553,553100150849611360553,"73,72,75,77.5,79.5,80.5,84,83.5",20.7,76.34,92.2,GMCC SZ80Е1H,34,1
553,553100150849611260553,"75,74.5,74,75.5,77.5,80,81,81.5,82",20.8,76.52,92.38,GMCC SZ80Е1H,34,1
553,553100150849613040553,"70,70.5,72,71.5,74,74.5,76,75.5,77.5",18.2,71.81,87.66,GMCC SZ80Е1H,34,1
553,553100150849610870553,"71,72.5,74.5,76,78.5,79.5,82,82.5",21.1,77.07,92.92,GMCC SZ80Е1H,34,1
553,553100150849616760553,"77.5,78.5,81.5,83.5,86,87,86",19.6,74.35,90.2,GMCC SZ80Е1H,34,1
553,553100150849616810553,"80,81,82.5,83.5,85,87,87.5",19.6,74.35,90.2,GMCC SZ80Е1H,34,1
553,553100150849613940553,"77,76.5,77.5,78,78.5,78,80,79",16.5,68.73,84.57,GMCC SZ80Е1H,34,1
553,553100595149709360553,"75,73.5,74,75.5,77.5,78,78.5,79",17.3,70.18,86.03,GMCC SZ80Е1H,34,1
553,553100150849610820553,"77.5,76.5,78,79.5,81,84.5,86,85",21.2,77.25,93.1,GMCC SZ80Е1H,34,1
553,553100150849618280553,"76,76.5,76,76.5,78,80,82,80.5",17.0,69.63,85.48,GMCC SZ80Е1H,34,1
553,553100150849617750553,"75.5,76.5,77,78.5,79.5,80.5,82",17.9,71.27,87.12,GMCC SZ80Е1H,34,1
553,553100150849613380553,"78.5,79.5,79,79.5,80,82.5,83,82.5",17.7,70.9,86.75,GMCC SZ80Е1H,34,1
553,553100150849618550553,"75,76,75,75.5,76.5,78,78.5,79",16.8,69.27,85.12,GMCC SZ80Е1H,34,1
553,553100595149691950553,"72,73.5,75.5,76,78,77",16.4,68.55,84.39,GMCC SZ80Е1H,34,1
553,553100595149704070553,"71.5,73.5,72,71,73,74.5,76,78",16.3,68.36,84.21,GMCC SZ80Е1H,34,1
553,553100595149708780553,"69,72.5,71.5,73.5,74,74.5,76,76.5",17.9,71.27,87.12,GMCC SZ80Е1H,34,1
553,553100595149809710553,"74,77,78.5,80,82,83,83.5,84,85",22.4,79.42,95.28,GMCC SZ80Е1H,34,1
553,553100150849615970553,"79.5,81,83.5,84.5,86,89,87.5",21.3,77.43,93.29,GMCC SZ80Е1H,34,1
553,553100595149707290553,"64,66.5,68.5,69,69.5,70,71,71.5",17.2,70.0,85.84,GMCC SZ80Е1H,34,1
553,553100150849492210553,"76,74.5,75.5,77.5,79,79.5,81,80.5",18.1,71.63,87.48,GMCC SZ80Е1H,34,1
553,553100595149659000553,"74.5,73.5,75,76,77,76",16.3,68.36,84.21,GMCC SZ80Е1H,34,1
553,553100150849612670553,"72.5,76,75.5,76,77.5,78.5,80.5,81",18.6,72.53,88.39,GMCC SZ80Е1H,34,1
553,553100595149703130553,"68.5,71,67.5,70,72.5,74,75",18.1,71.63,87.48,GMCC SZ80Е1H,34,1
553,553100595149808790553,"79.5,81.5,83.5,87.5,88,89.5,90,90.5",24.0,82.32,98.19,GMCC SZ80Е1H,34,1
553,553100297749791560553,"74.5,75.5,74.5,76,79,78.5,80,83,84,85",21.3,77.43,93.29,GMCC SZ80Е1H,34,1
553,553100297749792530553,"75,76,76.5,79.5,80.5,82.5,82",19.6,74.35,90.2,GMCC SZ80Е1H,34,1
553,553100150849610710553,"74,76.5,78,79.5,81,82.5,85.5,84",21.4,77.61,93.47,GMCC SZ80Е1H,34,1
553,553100150849619480553,"79.5,76.5,79,82,83,83.5,85.5,87",18.0,71.45,87.3,GMCC SZ80Е1H,34,1
553,553100150849613500553,"76,76.5,78,76,77,79,81.5,80",17.4,70.36,86.21,GMCC SZ80Е1H,34,1
553,553100595149808870553,"78,80,81,83,86,87.5,89,90.5",24.0,82.32,98.19,GMCC SZ80Е1H,34,1
553,553100595149659540553,"67,69,70,70.5,71.5,72.5,73",15.8,67.46,83.3,GMCC SZ80Е1H,34,1
553,553100150849612920553,"72,75.5,75,75.5,77.5,79.5,82,80",18.6,72.53,88.39,GMCC SZ80Е1H,34,1
553,553100297749792610553,"74,75.5,75,76.5,78,79,77.5",19.4,73.98,89.84,GMCC SZ80Е1H,34,1
553,553100150849619570553,"75,74.5,76,78.5,79.5,79",18.2,71.81,87.66,GMCC SZ80Е1H,34,1
553,553100297749794250553,"76,75,77.5,79,81,82.5,85",20.1,75.25,91.11,GMCC SZ80Е1H,34,1
553,553100150849616860553,"79,81.5,83,84.5,85,87.5,85.5",20.0,75.07,90.93,GMCC SZ80Е1H,34,1
553,553100150849492910553,"76.5,75,77,77.5,78,79.5,81.5,83",17.3,70.18,86.03,GMCC SZ80Е1H,34,1
553,553100595149660300553,"70.5,69,70,71.5,72.5,74",14.9,65.83,81.67,GMCC SZ80Е1H,34,1
553,553100150849616450553,"76.5,77.5,78,81,82,82.5,83",20.1,75.25,91.11,GMCC SZ80Е1H,34,1
553,553100150849610650553,"70.5,74,75,76,77,78,81,80.5",21.6,77.97,93.83,GMCC SZ80Е1H,34,1
553,553100297749792170553,"71,74.5,75.5,76.5,77.5,79.5,82.5,81.5",20.1,75.25,91.11,GMCC SZ80Е1H,34,1
553,553100595149704440553,"72,72.5,73,74.5,76.5,76",15.9,67.64,83.49,GMCC SZ80Е1H,34,1
553,553100150849492490553,"75.5,76,77,78,79.5,80,80.5",18.1,71.63,87.48,GMCC SZ80Е1H,34,1
553,553100595149658600553,"70,68.5,67.5,68,69,70,71.5",15.2,66.37,82.22,GMCC SZ80Е1H,34,1
553,553100595149708280553,"72,73.5,74,74.5,76,76.5,78,77.5",20.0,75.07,90.93,GMCC SZ80Е1H,34,1
553,553100150849492700553,"77.5,78.5,79.5,81,83,83.5,84",17.6,70.72,86.57,GMCC SZ80Е1H,34,1
553,553100150849610590553,"74,79,81.5,82.5,85,87.5,88.5,89",21.4,77.61,93.47,GMCC SZ80Е1H,34,1
553,553100150849613510553,"75.5,73,75.5,77.5,78.5,81,80.5",17.3,70.18,86.03,GMCC SZ80Е1H,34,1
553,553100150849616560553,"78.5,77,80.5,81.5,83.5,85,87,86.5",19.9,74.89,90.74,GMCC SZ80Е1H,34,1
553,553100297749792430553,"75.5,76,74.5,75.5,78,79.5,80.5,80,80.5",19.7,74.53,90.38,GMCC SZ80Е1H,34,1
553,553100150849610220553,"72.5,73.5,75.5,77.5,80,81.5,83,84",21.8,78.34,94.19,GMCC SZ80Е1H,34,1
553,553100595149661110553,"70.5,68,65.5,68.5,68,70.5,71,71.5",14.2,64.56,80.4,GMCC SZ80Е1H,34,1
553,553100150849613700553,"75.5,76.5,76,77.5,79,78.5,79.5,80.5",17.0,69.63,85.48,GMCC SZ80Е1H,34,1
553,553100595149810000553,"72,76.5,77.5,78.5,80,80.5,82.5,83,83.5",21.6,77.97,93.83,GMCC SZ80Е1H,34,1
553,553100150849612380553,"69.5,74,72.5,71.5,74.5,74,76.5,78",20.0,75.07,90.93,GMCC SZ80Е1H,34,1
553,553100150849618920553,"75.5,74.5,75,76,78,80,82,82.5",18.5,72.35,88.2,GMCC SZ80Е1H,34,1
553,553100595149709480553,"69,75,72.5,73.5,75.5,76,75.5",17.3,70.18,86.03,GMCC SZ80Е1H,34,1
553,553100595149708710553,"70,72,72.5,73.5,75,78.5,77.5",17.7,70.9,86.75,GMCC SZ80Е1H,34,1
553,553100150849610540553,"73.5,77.5,78.5,80.5,82,84,86.5,85",21.9,78.52,94.37,GMCC SZ80Е1H,34,1
553,553100595149661440553,"68.5,67.5,67,67.5,68,70.5,71.5,72.5",13.5,63.29,79.13,GMCC SZ80Е1H,34,1
553,553100297749791970553,"79.5,75.5,78,79,79.5,82,82.5,83.5,85,85.5",20.6,76.16,92.01,GMCC SZ80Е1H,34,1
553,553100595149709050553,"70,71.5,71,72,73,74,76,78",17.7,70.9,86.75,GMCC SZ80Е1H,34,1
553,553100150849610520553,"78.5,76.5,76,78.5,80.5,83.5,84.5,86",21.7,78.15,94.01,GMCC SZ80Е1H,34,1
553,553100150849614420553,"79,77.5,79.5,82,83,82.5",17.1,69.81,85.66,GMCC SZ80Е1H,34,1
553,553100150849614980553,"80,78,77.5,78,79.5,81,81.5,81",20.1,75.25,91.11,GMCC SZ80Е1H,34,1
553,553100297749793030553,"74.5,76.5,77,78,79,80.5,81",19.4,73.98,89.84,GMCC SZ80Е1H,34,1
553,553100297749794000553,"71,73.5,75,77,79,80,81,82,81.5",19.9,74.89,90.74,GMCC SZ80Е1H,34,1
553,553100150849618770553,"73,73.5,75,73.5,75,75.5,77,77.5",15.8,67.46,83.3,GMCC SZ80Е1H,34,1
553,553100150849610490553,"74,74.5,76.5,80,82,84.5,86.5,86",21.5,77.79,93.65,GMCC SZ80Е1H,34,1
553,553100150849610470553,"77.5,75,76,79.5,82.5,85.5,86",21.4,77.61,93.47,GMCC SZ80Е1H,34,1
553,553100595149661480553,"70,67.5,69,68,68.5,70.5,71",13.4,63.11,78.95,GMCC SZ80Е1H,34,1
553,553100595149662550553,"74,76,78,79.5,81.5,82,84,86.5,84.5",20.4,75.8,91.65,GMCC SZ80Е1H,34,1
553,553100150849612960553,"72.5,72,72.5,74.5,77,78.5,79.5,79",18.3,71.99,87.84,GMCC SZ80Е1H,34,1
553,553100150849611080553,"73,74,75.5,78,80.5,83.5,84",21.0,76.89,92.74,GMCC SZ80Е1H,34,1
553,553100150849610380553,"73.5,76,77,79,82.5,85,84",21.5,77.79,93.65,GMCC SZ80Е1H,34,1
553,553100150849610370553,"80.5,79,80.5,82,83.5,85.5,87,87.5,88.5,89",21.6,77.97,93.83,GMCC SZ80Е1H,34,1
553,553100150849617930553,"78,80,81.5,82,84,84.5,85,84.5",17.2,70.0,85.84,GMCC SZ80Е1H,34,1
553,553100150849615240553,"77.5,78.5,79.5,81,83,84.5,84",21.3,77.43,93.29,GMCC SZ80Е1H,34,1
553,553100150849613350553,"75,76,79,77.5,79,80.5,83,81.5",17.8,71.08,86.93,GMCC SZ80Е1H,34,1
553,553100297749794050553,"71.5,75.5,78,79.5,80.5,83,82.5",19.8,74.71,90.56,GMCC SZ80Е1H,34,1
553,553100150849618260553,"73.5,74,76,77,76.5,78,80.5,80",17.0,69.63,85.48,GMCC SZ80Е1H,34,1
553,553100150849610350553,"75,76.5,77.5,79.5,82.5,83,86,88.5,89.5",21.5,77.79,93.65,GMCC SZ80Е1H,34,1
553,553100150849612280553,"75,71.5,72.5,73.5,75.5,77.5,79,78.5",19.4,73.98,89.84,GMCC SZ80Е1H,34,1
553,553100595149659620553,"72.5,74.5,75,76,77,75.5,78.5",15.9,67.64,83.49,GMCC SZ80Е1H,34,1
553,553100150849610320553,"72.5,76,76.5,77,79,81,83,84",21.7,78.15,94.01,GMCC SZ80Е1H,34,1
553,553100150849610310553,"71.5,74,76,78,79,82,84,83",21.6,77.97,93.83,GMCC SZ80Е1H,34,1
553,553100150849613740553,"75.5,75,77,77.5,78,79.5,80",16.9,69.45,85.3,GMCC SZ80Е1H,34,1
553,553100150849614920553,"79.5,81.5,82.5,85.5,87,88.5,88",20.4,75.8,91.65,GMCC SZ80Е1H,34,1
553,553100595149658260553,"70,72.5,73.5,74",15.4,66.73,82.58,GMCC SZ80Е1H,34,1
553,553100150849613020553,"73.5,72,72.5,74,76.5,76",18.3,71.99,87.84,GMCC SZ80Е1H,34,1
553,553100297749792790553,"72,74.5,75.5,76,77,78,79",19.0,73.26,89.11,GMCC SZ80Е1H,34,1
553,553100150849492280553,"77,77.5,78,79.5,81.5,82.5",18.1,71.63,87.48,GMCC SZ80Е1H,34,1
553,553100150849614770553,"81.5,81,80.5,82,83,85,86,86.5",20.1,75.25,91.11,GMCC SZ80Е1H,34,1
553,553100595149705800553,"73,75.5,77.5,78,79.5,80.5,82,82.5",18.4,72.17,88.02,GMCC SZ80Е1H,34,1
553,553100150849616030553,"78,80.5,81.5,82.5,84,85.5,88,87",21.2,77.25,93.1,GMCC SZ80Е1H,34,1
553,553100150849610280553,"76.5,76,77.5,79,82,84.5,87,88",21.6,77.97,93.83,GMCC SZ80Е1H,34,1
553,553100150849610170553,"75.5,74.5,76.5,77.5,79.5,83,84.5,84",21.7,78.15,94.01,GMCC SZ80Е1H,34,1
553,553100150849610120553,"76,74.5,75.5,77.5,80,83,86,85.5",21.8,78.34,94.19,GMCC SZ80Е1H,34,1
553,553100150849618590553,"75,74,74.5,75,77,78.5,80.5,81.5,80.5",16.7,69.09,84.94,GMCC SZ80Е1H,34,1
553,553100150849610500553,"77,79,80.5,83.5,85.5,84.5",21.4,77.61,93.47,GMCC SZ80Е1H,34,1
553,553100150849610100553,"77.5,77,77.5,80,82,84.5,85.5,88.5",21.8,78.34,94.19,GMCC SZ80Е1H,34,1
553,553100150849614960553,"79,79.5,80.5,81,82.5,85.5,85",20.1,75.25,91.11,GMCC SZ80Е1H,34,1
553,553100150849612950553,"76.5,79,78.5,79,80.5,81.5,83.5,82.5",18.8,72.9,88.75,GMCC SZ80Е1H,34,1
553,553100150849613340553,"77,79,80.5,83,82.5",17.7,70.9,86.75,GMCC SZ80Е1H,34,1
553,553100150849492460553,"77.5,77,79.5,78.5,79.5,82,83.5,82",17.7,70.9,86.75,GMCC SZ80Е1H,34,1
553,553100297749792400553,"76,77.5,76.5,79,80.5,81.5,83,82.5,83.5",19.7,74.53,90.38,GMCC SZ80Е1H,34,1
553,553100150849616510553,"82,80.5,82,85,85.5,86.5",19.9,74.89,90.74,GMCC SZ80Е1H,34,1
553,553100595149692700553,"68.5,69,66.5,69,69.5,70.5,71.5",15.1,66.19,82.03,GMCC SZ80Е1H,34,1
553,553100595149703540553,"77,73.5,71,72.5,74,74.5,76.5",17.1,69.81,85.66,GMCC SZ80Е1H,34,1
553,553100150849611010553,"73.5,72.5,77,78.5,81,83.5,85.5,85",21.1,77.07,92.92,GMCC SZ80Е1H,34,1
553,553100150849614030553,"77,76.5,77,79.5,80,81",16.5,68.73,84.57,GMCC SZ80Е1H,34,1
553,553100150849610890553,"74,79.5,80,82.5,84,86,85",21.1,77.07,92.92,GMCC SZ80Е1H,34,1
553,553100595149705900553,"71,70,71.5,72.5,74,76.5,75",18.3,71.99,87.84,GMCC SZ80Е1H,34,1
553,553100150849611580553,"74.5,80.5,83.5,85.5,86.5,90.5",21.5,77.79,93.65,GMCC SZ80Е1H,34,1
553,553100595149662520553,"72,75,76,78.5,81.5,82.5,83.5",20.5,75.98,91.83,GMCC SZ80Е1H,34,1
553,553100595149704900553,"70,73.5,74.5,75.5,77,80,79.5",18.5,72.35,88.2,GMCC SZ80Е1H,34,1
553,553100150849609640553,"77,80.5,82.5,84,87.5,88,89.5,88.5",20.3,75.62,91.47,GMCC SZ80Е1H,34,1
553,553100150849610440553,"74,77,78,80,82.5,85.5",21.5,77.79,93.65,GMCC SZ80Е1H,34,1
553,553100150849609820553,"73.5,75,76,78,79.5,81,83.5,82.5",20.3,75.62,91.47,GMCC SZ80Е1H,34,1
553,553100595149662600553,"73,70,73.5,75,77,79,80,79.5",20.2,75.44,91.29,GMCC SZ80Е1H,34,1
553,553100595149709560553,"72.5,71.5,73,73.5,74,75.5,74.5",16.7,69.09,84.94,GMCC SZ80Е1H,34,1
553,553100297749791880553,"79,77,76,79,80.5,82,81",20.8,76.52,92.38,GMCC SZ80Е1H,34,1
553,553100150849617230553,"79,76.5,77,80,81.5,83,85,86",18.6,72.53,88.39,GMCC SZ80Е1H,34,1
553,553100595149661790553,"70.5,69,67.5,69.5,71.5,72.5,72",12.8,62.02,77.86,GMCC SZ80Е1H,34,1
553,553100150849614740553,"79.5,83,81.5,83,83.5,84.5,87,85.5",20.1,75.25,91.11,GMCC SZ80Е1H,34,1
553,553100150849610410553,"77,78.5,78,80,82.5,84,86.5,89.5",21.5,77.79,93.65,GMCC SZ80Е1H,34,1
553,553100595149660290553,"68.5,66,65,66.5,67.5,69.5,70,71,72,71.5,72.5",15.0,66.01,81.85,GMCC SZ80Е1H,34,1
553,553100150849613900553,"78,77,79,78.5,79.5,78.5,81.5,81",16.8,69.27,85.12,GMCC SZ80Е1H,34,1
553,553100150849610780553,"72.5,77,76.5,78,80.5,83,84,83",21.2,77.25,93.1,GMCC SZ80Е1H,34,1
553,553100150849617950553,"72,75.5,76,77.5,78,78.5,80.5,79.5",17.0,69.63,85.48,GMCC SZ80Е1H,34,1
553,553100595149808610553,"78.5,80.5,84,84.5,86,87.5,88,88.5,90,90.5",24.1,82.51,98.37,GMCC SZ80Е1H,34,1
553,553100150849616750553,"78.5,80.5,79,80.5,81.5,83.5,86,86.5",19.6,74.35,90.2,GMCC SZ80Е1H,34,1
553,553100150849609650553,"75,75.5,77,78.5,81,83.5,82",20.4,75.8,91.65,GMCC SZ80Е1H,34,1
553,553100595149706400553,"74,71,71.5,73.5,74.5,76,77,78.5",19.5,74.17,90.02,GMCC SZ80Е1H,34,1
553,553100150849492790553,"75,76.5,77.5,78,80.5,81.5,81",17.6,70.72,86.57,GMCC SZ80Е1H,34,1
553,553100150849492710553,"78.5,80,81.5,80",17.4,70.36,86.21,GMCC SZ80Е1H,34,1
553,553100150849612110553,"72.5,73,72.5,74,76,77.5,78,77.5,79.5,80.5",19.5,74.17,90.02,GMCC SZ80Е1H,34,1
553,553100150849615810553,"80.5,79.5,81,81.5,82.5,84,86,86.5",20.7,76.34,92.2,GMCC SZ80Е1H,34,1
553,553100595149660370553,"70.5,69,68.5,71,72,71",15.3,66.55,82.4,GMCC SZ80Е1H,34,1
553,553100150849612470553,"74.5,73.5,74,74.5,78.5,82,85.5,86",18.9,73.08,88.93,GMCC SZ80Е1H,34,1
553,553100595149703790553,"67.5,71,69,70.5,71.5,73,74,74.5",17.0,69.63,85.48,GMCC SZ80Е1H,34,1
553,553100150849616500553,"78,78.5,81.5,82,83,85,84.5",20.1,75.25,91.11,GMCC SZ80Е1H,34,1
553,553100595149659060553,"74.5,72.5,67.5,73.5,72.5,74.5,75,75.5",16.3,68.36,84.21,GMCC SZ80Е1H,34,1
553,553100150849492900553,"75.5,77.5,78.5,79,82,80.5",17.1,69.81,85.66,GMCC SZ80Е1H,34,1
553,553100150849615280553,"78,78.5,80.5,79,80.5,82.5,85,83.5",21.4,77.61,93.47,GMCC SZ80Е1H,34,1
553,553100150849618540553,"77.5,77,77.5,78.5,80.5,82,78.5",16.7,69.09,84.94,GMCC SZ80Е1H,34,1
553,553100150849613720553,"78,79.5,80.5,79.5,81.5,82.5,84,84.5",17.0,69.63,85.48,GMCC SZ80Е1H,34,1
553,553100595149809970553,"75,74,74.5,76,77.5,79.5,82,83",21.6,77.97,93.83,GMCC SZ80Е1H,34,1
553,553100150849612600553,"74.5,75.5,77,78,79.5,81.5,80.5",18.9,73.08,88.93,GMCC SZ80Е1H,34,1
553,553100150849614300553,"73.5,73,72,73.5,74,75,74.5,75.5,76",17.1,69.81,85.66,GMCC SZ80Е1H,34,1
553,553100297749792330553,"73,74,74.5,75.5,76,77,78.5,80.5",19.8,74.71,90.56,GMCC SZ80Е1H,34,1
553,553100150849612240553,"69,74,72.5,72,76,78,80,83",19.5,74.17,90.02,GMCC SZ80Е1H,34,1
553,553100150849617800553,"77.5,78.5,79,80,82,82.5,83.5,84.5,85.5",17.3,70.18,86.03,GMCC SZ80Е1H,34,1
553,553100595149707550553,"68,73,72.5,74.5,75.5,76.5,77,78",20.3,75.62,91.47,GMCC SZ80Е1H,34,1
553,553100297749792010553,"76,80,79,79.5,82,83.5,84",20.5,75.98,91.83,GMCC SZ80Е1H,34,1
553,553100595149707730553,"71.5,72.5,73,73.5,75,76,77.5,76.5",19.9,74.89,90.74,GMCC SZ80Е1H,34,1
553,553100150849609950553,"76,74,75,77,78.5,81.5,84,84.5",21.9,78.52,94.37,GMCC SZ80Е1H,34,1
553,553100150849493080553,"76,77,76.5,78,79,80,79",16.9,69.45,85.3,GMCC SZ80Е1H,34,1
553,553100595149703700553,"70,71,70,71,73,75.5,77,75.5,77",16.8,69.27,85.12,GMCC SZ80Е1H,34,1
553,553100595149708570553,"70.5,74.5,75.5,75,77,79,80",18.3,71.99,87.84,GMCC SZ80Е1H,34,1
553,553100150849492370553,"77,79,80,81,81.5,82",17.7,70.9,86.75,GMCC SZ80Е1H,34,1
553,553100595149691970553,"71.5,71,69.5,72,73.5,74,74.5",16.3,68.36,84.21,GMCC SZ80Е1H,34,1
553,553100150849492690553,"73.5,79,79.5,82,84,83.5,84",17.4,70.36,86.21,GMCC SZ80Е1H,34,1
553,553100150849610680553,"77,77.5,78.5,79.5,82,84,86.5,87",21.5,77.79,93.65,GMCC SZ80Е1H,34,1
553,553100595149706950553,"73,70.5,68.5,69.5,71,73,72.5,74,75.5",18.0,71.45,87.3,GMCC SZ80Е1H,34,1
553,553100150849615610553,"82.5,80.5,81.5,82.5,84,85.5,86.5,84.5,86.5",21.3,77.43,93.29,GMCC SZ80Е1H,34,1
553,553100150849609740553,"77,78,80,81,83,85,87.5,85",20.3,75.62,91.47,GMCC SZ80Е1H,34,1
553,553100595149661700553,"65.5,67.5,69,70,71",13.4,63.11,78.95,GMCC SZ80Е1H,34,1
553,553100595149702720553,"75.5,76.5,80,80.5,81.5,82.5,84.5,85.5",19.1,73.44,89.29,GMCC SZ80Е1H,34,1
553,553100150849619390553,"76,74.5,75.5,78,77.5,80,82,82.5",18.2,71.81,87.66,GMCC SZ80Е1H,34,1
553,553100150849492530553,"78,77,79,80,81.5,82.5,84.5",17.8,71.08,86.93,GMCC SZ80Е1H,34,1
553,553100595149703610553,"64,69,64.5,71,72,73,74,74.5",17.0,69.63,85.48,GMCC SZ80Е1H,34,1
553,553100595149809980553,"72.5,75.5,76.5,80,81.5,84",21.6,77.97,93.83,GMCC SZ80Е1H,34,1
553,553100595149708340553,"72,75,75.5,76,77,78,79.5,79",18.7,72.72,88.57,GMCC SZ80Е1H,34,1
553,553100150849617870553,"76,77,76,77.5,78,79,80,80.5",17.2,70.0,85.84,GMCC SZ80Е1H,34,1
553,553100150849492550553,"75.5,75,75.5,77.5,79.5,79",17.6,70.72,86.57,GMCC SZ80Е1H,34,1
553,553100150849610810553,"78,79.5,83,85.5,86.5,89,88",21.2,77.25,93.1,GMCC SZ80Е1H,34,1
553,553100150849614090553,"73.5,79,74,78.5,80.5,81,83,83.5",16.4,68.55,84.39,GMCC SZ80Е1H,34,1
553,553100150849612890553,"71,72.5,73.5,74,74.5,74",18.4,72.17,88.02,GMCC SZ80Е1H,34,1
553,553100150849612590553,"69,73.5,71.5,73,75.5,76.5,79.5,78.5",20.0,75.07,90.93,GMCC SZ80Е1H,34,1
553,553100595149660680553,"71,71.5,71,71.5,72.5,74,74.5,74",14.8,65.64,81.49,GMCC SZ80Е1H,34,1
553,553100150849610560553,"76,76.5,77.5,80.5,82.5,84.5,87,86.5",21.4,77.61,93.47,GMCC SZ80Е1H,34,1
553,553100595149704040553,"74,71,71.5,71,73.5,76,78,79",16.3,68.36,84.21,GMCC SZ80Е1H,34,1
553,553100595149809540553,"73.5,78.5,80,81.5,83.5,84,87,87.5,88.5",24.2,82.69,98.55,GMCC SZ80Е1H,34,1
553,553100150849617460553,"75.5,77,79,81,83,81.5,84.5,85",17.8,71.08,86.93,GMCC SZ80Е1H,34,1
553,553100150849492830553,"78.5,78,79.5,80.5,81.5,84,83.5",17.4,70.36,86.21,GMCC SZ80Е1H,34,1
553,553100595149707070553,"73,70.5,70,71,71.5,74,75,75.5,77,78",17.6,70.72,86.57,GMCC SZ80Е1H,34,1
553,553100595149810160553,"75,76,78,80.5,82,83.5,84.5",21.4,77.61,93.47,GMCC SZ80Е1H,34,1
553,553100595149706830553,"71.5,70,71,73,75,74.5,76,76.5,77.5,76.5,77",18.4,72.17,88.02,GMCC SZ80Е1H,34,1
553,553100150849614790553,"79.5,81.5,82,83,84,87,85.5",20.1,75.25,91.11,GMCC SZ80Е1H,34,1
553,553100150849612720553,"71.5,69.5,68.5,70.5,71.5,72,74,75",18.5,72.35,88.2,GMCC SZ80Е1H,34,1
553,553100150849611100553,"73.5,70.5,71,74,75.5,79.5,80.5,81",20.9,76.7,92.56,GMCC SZ80Е1H,34,1
553,553100150849615960553,"76,79,80,82,84,85.5,86.5,87",21.3,77.43,93.29,GMCC SZ80Е1H,34,1
553,553100297749793400553,"76,78,78.5,79,81,83,87,86",20.3,75.62,91.47,GMCC SZ80Е1H,34,1
553,553100150849614280553,"76,75,73,74,74.5,75.5,76,78",17.1,69.81,85.66,GMCC SZ80Е1H,34,1
553,553100150849613610553,"75,74,74.5,76.5,77.5,78,81,79.5",17.2,70.0,85.84,GMCC SZ80Е1H,34,1
553,553100150849493140553,"74,73.5,75,75.5,74.5,77,79,78",16.8,69.27,85.12,GMCC SZ80Е1H,34,1
553,553100150849613080553,"70.5,71,72.5,74,75,78,76.5",18.5,72.35,88.2,GMCC SZ80Е1H,34,1
553,553100297749792990553,"74,75,76.5,77,79.5,81,82.5",20.1,75.25,91.11,GMCC SZ80Е1H,34,1
553,553100595149659280553,"71,70,69.5,71,71.5,72.5,73",15.8,67.46,83.3,GMCC SZ80Е1H,34,1
553,553100595149661720553,"67,70,65.5,68.5,70.5,72,69.5,71",14.2,64.56,80.4,GMCC SZ80Е1H,34,1
553,553100595149809880553,"72,75.5,76.5,78,80,80.5,81.5,82,83.5,84.5,85",21.8,78.34,94.19,GMCC SZ80Е1H,34,1
553,553100150849610700553,"72,75,76,78,79,81,84,83",21.2,77.25,93.1,GMCC SZ80Е1H,34,1
553,553100595149706170553,"69,72,73,74.5,75,76.5,77,77.5",18.3,71.99,87.84,GMCC SZ80Е1H,34,1
553,553100150849610060553,"75.5,80.5,81,83,84,87,89.5,89",21.9,78.52,94.37,GMCC SZ80Е1H,34,1
553,553100150849492270553,"76.5,78,77,78.5,79.5,81.5,80",17.9,71.27,87.12,GMCC SZ80Е1H,34,1
553,553100150849493060553,"74,75.5,74.5,75,77,77.5,79.5,79",16.9,69.45,85.3,GMCC SZ80Е1H,34,1
553,553100297749793810553,"74.5,73.5,74,76,77.5,78.5,80,81.5,83",20.1,75.25,91.11,GMCC SZ80Е1H,34,1
553,553100150849492500553,"81.5,79.5,80,81,81.5,83,85",18.0,71.45,87.3,GMCC SZ80Е1H,34,1
553,553100150849615840553,"80,76.5,79,82,83,84.5,84,86.5",20.6,76.16,92.01,GMCC SZ80Е1H,34,1
553,553100150849492240553,"77,76,77.5,80.5,81,80.5",18.1,71.63,87.48,GMCC SZ80Е1H,34,1
553,553100150849493150553,"74,74.5,75.5,76,77,79,80,79",16.7,69.09,84.94,GMCC SZ80Е1H,34,1
553,553100150849614210553,"69,70,75,76,80,80.5,81,81.5",17.1,69.81,85.66,GMCC SZ80Е1H,34,1
553,553100297749794470553,"73.5,75.5,77,79,81,83,82,83",18.8,72.9,88.75,GMCC SZ80Е1H,34,1
553,553100595149661610553,"67,69.5,70,68,68.5,69,71,72,72.5",13.5,63.29,79.13,GMCC SZ80Е1H,34,1
553,553100150849610020553,"76.5,75.5,76.5,78.5,81,83.5,86,85.5",21.8,78.34,94.19,GMCC SZ80Е1H,34,1
553,553100150849492860553,"75,77.5,76.5,79,80.5,81,83,82.5,82,82.5",18.2,71.81,87.66,GMCC SZ80Е1H,34,1
553,553100150849612480553,"68,71.5,73,74,76,78",19.4,73.98,89.84,GMCC SZ80Е1H,34,1
553,553100150849611130553,"69,73,74.5,75,77.5,79,81,81.5",20.9,76.7,92.56,GMCC SZ80Е1H,34,1
553,553100150849611610553,"72.5,73.5,74,76.5,78,82,80.5",20.6,76.16,92.01,GMCC SZ80Е1H,34,1
553,553100595149709340553,"72.5,70.5,71,73,75.5,76.5,79.5,79",17.8,71.08,86.93,GMCC SZ80Е1H,34,1
553,553100150849614380553,"76.5,75.5,73,74,75,76,77.5,77",16.9,69.45,85.3,GMCC SZ80Е1H,34,1
553,553100595149706570553,"73,74,70.5,75,75.5,76.5,79,79.5,80.5",19.3,73.8,89.66,GMCC SZ80Е1H,34,1
553,553100595149661710553,"65,68,67,68.5,69,70,71.5,72",13.4,63.11,78.95,GMCC SZ80Е1H,34,1
553,553100150849610720553,"75,76.5,77.5,78,80,81.5,83,84.5",21.3,77.43,93.29,GMCC SZ80Е1H,34,1
553,553100595149661200553,"68,66.5,68,69.5,71,72,71.5",14.1,64.38,80.22,GMCC SZ80Е1H,34,1
553,553100595149692180553,"72.5,74.5,71.5,71,73.5,74,75,76.5",15.7,67.28,83.12,GMCC SZ80Е1H,34,1
553,553100150849618620553,"72,76,76.5,77.5,78,80.5,81",16.7,69.09,84.94,GMCC SZ80Е1H,34,1
553,553100595149705010553,"72,73.5,74.5,76,77.5,78.5,77.5",15.7,67.28,83.12,GMCC SZ80Е1H,34,1
553,553100150849610510553,"75,75.5,77.5,78.5,81.5,83.5,86,84.5",21.4,77.61,93.47,GMCC SZ80Е1H,34,1
553,553100595149660780553,"71.5,69.5,68,68.5,69.5,70,71.5,72",15.2,66.37,82.22,GMCC SZ80Е1H,34,1
553,553100595149704120553,"68,65.5,68.5,70.5,72,72.5",16.9,69.45,85.3,GMCC SZ80Е1H,34,1
553,553100150849492670553,"78,76,76.5,77.5,78.5,79.5,81.5,82",17.5,70.54,86.39,GMCC SZ80Е1H,34,1
553,553100150849618710553,"74,73,72.5,75.5,76.5,78,78.5",16.1,68.0,83.85,GMCC SZ80Е1H,34,1
553,553100595149706100553,"71,75,73,72.5,74,75,76.5",18.4,72.17,88.02,GMCC SZ80Е1H,34,1
553,553100595149702970553,"71.5,75,75.5,78.5,79.5,78.5,81.5,83.5",18.2,71.81,87.66,GMCC SZ80Е1H,34,1
553,553100150849616170553,"80.5,80,81.5,83,85.5,86,87.5",20.5,75.98,91.83,GMCC SZ80Е1H,34,1
553,553100595149704590553,"69.5,73,73.5,75,77,78",15.7,67.28,83.12,GMCC SZ80Е1H,34,1
553,553100150849492740553,"80,80.5,81.5,81,82,83,84,84.5",17.4,70.36,86.21,GMCC SZ80Е1H,34,1
553,553100595149708560553,"72.5,73,74,76.5,77.5,79.5,80.5,81",17.9,71.27,87.12,GMCC SZ80Е1H,34,1
553,553100150849492660553,"78,79,80,83,84,83.5",17.6,70.72,86.57,GMCC SZ80Е1H,34,1
553,553100150849618960553,"73.5,75,76,77.5,78,80,79.5",18.4,72.17,88.02,GMCC SZ80Е1H,34,1
553,553100595149660280553,"65,65.5,65,68,68.5,69.5,69,71,71.5",15.0,66.01,81.85,GMCC SZ80Е1H,34,1
553,553100595149706470553,"76,74.5,76.5,77.5,78.5,81,80.5",19.4,73.98,89.84,GMCC SZ80Е1H,34,1
553,553100150849493500553,"75,76.5,78,78.5,80.5,81,80.5",16.7,69.09,84.94,GMCC SZ80Е1H,34,1
553,553100150849611230553,"73.5,74.5,75,77,80,82,81.5",20.8,76.52,92.38,GMCC SZ80Е1H,34,1
553,553100595149660560553,"68.5,66.5,67.5,66.5,67,68,68.5,70,69.5",14.7,65.46,81.31,GMCC SZ80Е1H,34,1
553,553100595149707560553,"77.5,71,71.5,73.5,75,76.5,79.5,81,81.5,83",20.4,75.8,91.65,GMCC SZ80Е1H,34,1
553,553100595149657790553,"70,69.5,67,68.5,70,71,70.5",15.2,66.37,82.22,GMCC SZ80Е1H,34,1
553,553100150849492440553,"76.5,75,76.5,77.5,79,80,79.5",18.1,71.63,87.48,GMCC SZ80Е1H,34,1
553,553100150849610690553,"75,76.5,77.5,78,79,81.5,82,81.5,83,84",21.4,77.61,93.47,GMCC SZ80Е1H,34,1
553,553100150849614150553,"80.5,82,83,85.5,88,90,89",20.5,75.98,91.83,GMCC SZ80Е1H,34,1
553,553100150849616040553,"77.5,77,79.5,80.5,81.5,83,83.5",21.2,77.25,93.1,GMCC SZ80Е1H,34,1
553,553100150849610330553,"75.5,75,74.5,75.5,77.5,80.5,81.5,82,83,85,85.5",21.6,77.97,93.83,GMCC SZ80Е1H,34,1
553,553100150849493240553,"72.5,73,72.5,74,73,74.5,76,75",16.6,68.91,84.76,GMCC SZ80Е1H,34,1
553,553100150849611180553,"73.5,73,75.5,77,79,80",20.9,76.7,92.56,GMCC SZ80Е1H,34,1
553,553100150849618990553,"77,79.5,80.5,78.5,79.5,82.5,82,81.5",18.8,72.9,88.75,GMCC SZ80Е1H,34,1
553,553100150849611630553,"67,75,74,75,76,76.5,77.5,79.5,81,82",21.5,77.79,93.65,GMCC SZ80Е1H,34,1
553,553100595149808410553,"76,77.5,78,80,82.5,84.5,86.5,85.5",24.3,82.87,98.73,GMCC SZ80Е1H,34,1
553,553100595149709420553,"72.5,71.5,73.5,75,75.5,76",16.9,69.45,85.3,GMCC SZ80Е1H,34,1
553,553100150849492170553,"77.5,78,79.5,80.5,82,83,82.5",18.4,72.17,88.02,GMCC SZ80Е1H,34,1
553,553100595149709710553,"73,70.5,67,70.5,71.5,72.5,74,74.5",16.3,68.36,84.21,GMCC SZ80Е1H,34,1
553,553100150849618900553,"76.5,78,78.5,80.5,80,81.5,80",18.6,72.53,88.39,GMCC SZ80Е1H,34,1
553,553100150849492350553,"78.5,80,81,82.5,84.5,87,85",17.7,70.9,86.75,GMCC SZ80Е1H,34,1
553,553100150849618060553,"74.5,75.5,76.5,79,80.5,79.5",17.5,70.54,86.39,GMCC SZ80Е1H,34,1
553,553100595149660910553,"68.5,66.5,68,67.5,69,69.5,71,72",14.4,64.92,80.76,GMCC SZ80Е1H,34,1
553,553100150849615750553,"78.5,78,79,82,81.5,85,83",20.7,76.34,92.2,GMCC SZ80Е1H,34,1
553,553100150849492720553,"79,79.5,80,79.5,80.5,81.5,83,82.5",17.4,70.36,86.21,GMCC SZ80Е1H,34,1
553,553100595149707630553,"70.5,72,70,72,73,74.5,75.5,72.5,75",17.9,71.27,87.12,GMCC SZ80Е1H,34,1
553,553100150849492140553,"79.5,78,78.5,80,82,83,85,83.5",18.4,72.17,88.02,GMCC SZ80Е1H,34,1
553,553100150849614190553,"81,81.5,83,85.5,87,87.5,90",20.4,75.8,91.65,GMCC SZ80Е1H,34,1
553,553100297749793440553,"77,76.5,77.5,78.5,80,82.5,81.5",20.0,75.07,90.93,GMCC SZ80Е1H,34,1
553,553100150849614540553,"80,81,82,82.5,83.5,85,87.5,88,89",20.2,75.44,91.29,GMCC SZ80Е1H,34,1
553,553100150849492130553,"77,76.5,76,77.5,79.5,78.5,80,81.5",18.5,72.35,88.2,GMCC SZ80Е1H,34,1
553,553100150849616320553,"75,76,77.5,77,78,79,80.5",20.3,75.62,91.47,GMCC SZ80Е1H,34,1
553,553100150849618720553,"74.5,75,76,75.5,77,76,78,77",15.9,67.64,83.49,GMCC SZ80Е1H,34,1
553,553100297749794280553,"71.5,76,76.5,78.5,80,82,80",19.7,74.53,90.38,GMCC SZ80Е1H,34,1
553,553100150849611200553,"68.5,72.5,73,75.5,77,78.5,80.5,82.5",20.9,76.7,92.56,GMCC SZ80Е1H,34,1
553,553100150849610880553,"73,75,76.5,77.5,80,82.5,85.5,86",21.1,77.07,92.92,GMCC SZ80Е1H,34,1
553,553100150849614410553,"78.5,77.5,75.5,78.5,79,80,81.5,81",16.5,68.73,84.57,GMCC SZ80Е1H,34,1
553,553100150849618890553,"78.5,80,81,81.5,82,83.5,82.5",18.8,72.9,88.75,GMCC SZ80Е1H,34,1
553,553100297749794170553,"71,72.5,73.5,75,76.5,79,78.5",19.8,74.71,90.56,GMCC SZ80Е1H,34,1
553,553100150849492430553,"77,76.5,75,77,78,78.5,79",17.7,70.9,86.75,GMCC SZ80Е1H,34,1
553,553100595149707870553,"73.5,74.5,71.5,76.5,77,77.5,79.5,80,80.5,82,83.5",19.6,74.35,90.2,GMCC SZ80Е1H,34,1
553,553100150849492340553,"79.5,81,81.5,83.5,83,82.5,83.5",18.1,71.63,87.48,GMCC SZ80Е1H,34,1
553,553100150849614160553,"81,83.5,84.5,85.5,86.5,87.5,88",20.4,75.8,91.65,GMCC SZ80Е1H,34,1
553,553100150849492230553,"76.5,78,78.5,79.5,80.5,81.5,83.5,82",18.3,71.99,87.84,GMCC SZ80Е1H,34,1
553,553100150849611850553,"69.5,71,72.5,73,74.5,75.5,77,78",19.9,74.89,90.74,GMCC SZ80Е1H,34,1
553,553100150849615550553,"81,79,80.5,82,83,84,86.5,84",21.4,77.61,93.47,GMCC SZ80Е1H,34,1
553,553100595149659120553,"69,70,71.5,72,73.5",16.1,68.0,83.85,GMCC SZ80Е1H,34,1
553,553100595149709570553,"75,72,70.5,73,74,75,76,77,78",16.7,69.09,84.94,GMCC SZ80Е1H,34,1
553,553100150849612940553,"75,65.5,70,71,73,74,75.5,76.5",18.5,72.35,88.2,GMCC SZ80Е1H,34,1
553,553100595149692130553,"69,72,69,70,71.5,72,73",16.2,68.18,84.03,GMCC SZ80Е1H,34,1
553,553100595149705820553,"71,75.5,76,76.5,78.5,80,79.5,80.5,82",18.3,71.99,87.84,GMCC SZ80Е1H,34,1
553,553100595149707420553,"79,72.5,73,72.5,76,78.5,81.5,82.5,84.5,85.5",20.6,76.16,92.01,GMCC SZ80Е1H,34,1
553,553100150849492220553,"75.5,77,78,78.5,79.5,82,81",18.1,71.63,87.48,GMCC SZ80Е1H,34,1
553,553100150849613330553,"73.5,76,74.5,75,76.5,78.5,79.5,80",17.7,70.9,86.75,GMCC SZ80Е1H,34,1
553,553100595149658330553,"70,71,72.5,73.5,74.5,76.5,77,77.5",15.3,66.55,82.4,GMCC SZ80Е1H,34,1
553,553100595149660120553,"72,68,70,69.5,70,72,73,74",15.5,66.91,82.76,GMCC SZ80Е1H,34,1
553,553100150849492250553,"79.5,80,79,79.5,82,84,83.5",18.5,72.35,88.2,GMCC SZ80Е1H,34,1
553,553100150849610290553,"75,73.5,75,77.5,80.5,84,87,86.5",21.6,77.97,93.83,GMCC SZ80Е1H,34,1
553,553100150849610600553,"72.5,75,76,77,78.5,81,83,82.5",21.6,77.97,93.83,GMCC SZ80Е1H,34,1
553,553100595149659920553,"72.5,69,68,70.5,71.5,72.5,74,73",15.2,66.37,82.22,GMCC SZ80Е1H,34,1
553,553100595149660710553,"70,67.5,65,66.5,67.5,68.5,69,68.5",14.9,65.83,81.67,GMCC SZ80Е1H,34,1
553,553100150849611500553,"71,74,76,77,79,81,83",20.5,75.98,91.83,GMCC SZ80Е1H,34,1
553,553100595149706080553,"78,69,70.5,71.5,72.5,74,75.5,76.5",18.3,71.99,87.84,GMCC SZ80Е1H,34,1
553,553100150849609930553,"75,76.5,77.5,80.5,82.5,83,85,84.5",20.3,75.62,91.47,GMCC SZ80Е1H,34,1
553,553100150849616540553,"80,79,79.5,80,82.5,83.5,84",20.0,75.07,90.93,GMCC SZ80Е1H,34,1
553,553100150849492160553,"80.5,81.5,81,83,84.5,85,84",18.6,72.53,88.39,GMCC SZ80Е1H,34,1
553,553100150849615470553,"78.5,80,80.5,84,85.5,85",21.3,77.43,93.29,GMCC SZ80Е1H,34,1
553,553100150849618340553,"75.5,77,75,77,77.5,79,79.5",16.8,69.27,85.12,GMCC SZ80Е1H,34,1
553,553100150849492260553,"77,78.5,79.5,81,82,80.5",18.1,71.63,87.48,GMCC SZ80Е1H,34,1
553,553100150849612270553,"72.5,71.5,72,73,75,76.5,78.5,78",19.4,73.98,89.84,GMCC SZ80Е1H,34,1
553,553100150849615430553,"78,78.5,79.5,81,82,85,85.5,86",21.3,77.43,93.29,GMCC SZ80Е1H,34,1
553,553100595149704520553,"70,72,74,75,75.5,76.5,77,78,77.5",18.2,71.81,87.66,GMCC SZ80Е1H,34,1
553,553100150849615290553,"77,77.5,78,80.5,81,83,84,83.5",21.3,77.43,93.29,GMCC SZ80Е1H,34,1
553,553100150849493210553,"73.5,72.5,73.5,74.5,75,75.5,75",16.8,69.27,85.12,GMCC SZ80Е1H,34,1
553,553100297749793420553,"73,75,76.5,77.5,79.5,80.5,82.5,82",20.0,75.07,90.93,GMCC SZ80Е1H,34,1
553,553100595149659140553,"68,69.5,70.5,71.5,72,74,73,72.5",16.1,68.0,83.85,GMCC SZ80Е1H,34,1
553,553100595149660360553,"71.5,69,67,68,69.5,70,70.5,70",15.2,66.37,82.22,GMCC SZ80Е1H,34,1
553,553100150849492200553,"79,79.5,80,79.5,80,81,83.5,83",18.1,71.63,87.48,GMCC SZ80Е1H,34,1
553,553100150849492380553,"77,74.5,77.5,79.5,80,79.5,81.5,80.5",17.7,70.9,86.75,GMCC SZ80Е1H,34,1
553,553100150849615450553,"76,78.5,78,78.5,80.5,81.5,82.5,82",21.3,77.43,93.29,GMCC SZ80Е1H,34,1
553,553100150849610270553,"72,77,78.5,80.5,84,86,88,87,87.5",21.6,77.97,93.83,GMCC SZ80Е1H,34,1
553,553100150849617680553,"75,76.5,77,79,80,82,82.5",17.4,70.36,86.21,GMCC SZ80Е1H,34,1
553,553100150849492470553,"76,74.5,75,76,77,80,81,82",18.2,71.81,87.66,GMCC SZ80Е1H,34,1
553,553100595149706250553,"77,72.5,72,74.5,75.5,75,78,77,77.5,78",18.1,71.63,87.48,GMCC SZ80Е1H,34,1
553,553100150849492360553,"80.5,80,81.5,83,83.5,84.5,83.5",17.7,70.9,86.75,GMCC SZ80Е1H,34,1
553,553100150849612880553,"69.5,73.5,72.5,75,76.5,75.5,76.5",18.3,71.99,87.84,GMCC SZ80Е1H,34,1
553,553100150849618100553,"78.5,75,79.5,80,80.5,81,83,84.5",17.5,70.54,86.39,GMCC SZ80Е1H,34,1
553,553100595149659310553,"66.5,68.5,67,67.5,68,68.5,70,69.5,70",15.7,67.28,83.12,GMCC SZ80Е1H,34,1
553,553100595149708970553,"72,70.5,73,74,74.5,75",17.6,70.72,86.57,GMCC SZ80Е1H,34,1
553,553100150849492400553,"78.5,77,78,78.5,80.5,81,83,82",17.7,70.9,86.75,GMCC SZ80Е1H,34,1
553,553100595149703040553,"67.5,70,71.5,73,73.5,75.5,75,75.5",18.2,71.81,87.66,GMCC SZ80Е1H,34,1
553,553100150849492330553,"77,80,81,82.5,85,84.5",17.7,70.9,86.75,GMCC SZ80Е1H,34,1
553,553100150849610130553,"79,78,80,81.5,83,86,88.5,88",21.8,78.34,94.19,GMCC SZ80Е1H,34,1
553,553100150849613730553,"77.5,77,77.5,79,81,83",16.9,69.45,85.3,GMCC SZ80Е1H,34,1
553,553100595149705570553,"74.5,75,76.5,79,80,83.5,83",17.9,71.27,87.12,GMCC SZ80Е1H,34,1
553,553100150849611740553,"72,72.5,74.5,76,78.5,81,83.5",20.3,75.62,91.47,GMCC SZ80Е1H,34,1
553,553100595149692560553,"66.5,69.5,65,69.5,70,70.5,71.5,71",15.7,67.28,83.12,GMCC SZ80Е1H,34,1
553,553100595149703150553,"64,68.5,73.5,74,75,76.5,78",18.1,71.63,87.48,GMCC SZ80Е1H,34,1
553,553100150849609610553,"70.5,72.5,73,74.5,75,76.5,79,79.5,82.5",20.5,75.98,91.83,GMCC SZ80Е1H,34,1
553,553100150849618530553,"74.5,75.5,76,77,78.5",16.5,68.73,84.57,GMCC SZ80Е1H,34,1
553,553100595149660190553,"70,66.5,67.5,66,68.5,67.5,69.5,70,69.5,70,70.5",15.4,66.73,82.58,GMCC SZ80Е1H,34,1
553,553100150849492110553,"78,77.5,78,79.5,81,82.5,81",17.7,70.9,86.75,GMCC SZ80Е1H,34,1
553,553100150849616470553,"78,80.5,82,83.5,86,88,86.5",20.1,75.25,91.11,GMCC SZ80Е1H,34,1
553,553100150849492410553,"77.5,77,76.5,77,78,77,76,78.5,79",17.7,70.9,86.75,GMCC SZ80Е1H,34,1
553,553100595149658290553,"71.5,70,68.5,69,71.5,74.5,75,75.5",15.3,66.55,82.4,GMCC SZ80Е1H,34,1
553,553100150849611690553,"70.5,75,76,77,78.5,80,82.5,81.5,82",20.6,76.16,92.01,GMCC SZ80Е1H,34,1
553,553100595149660520553,"69.5,68,62.5,69,68.5,69.5,68",14.9,65.83,81.67,GMCC SZ80Е1H,34,1
553,553100150849614820553,"80.5,82,83,83.5,86,86.5,88,87.5",20.1,75.25,91.11,GMCC SZ80Е1H,34,1
553,553100595149658830553,"66.5,68.5,67.5,69.5,70,70.5,71.5,72",15.2,66.37,82.22,GMCC SZ80Е1H,34,1
553,553100150849492320553,"76,77,76.5,77,79,79.5,79",18.0,71.45,87.3,GMCC SZ80Е1H,34,1
553,553100150849614620553,"79,80.5,81,83,84,87,85.5",20.2,75.44,91.29,GMCC SZ80Е1H,34,1
553,553100595149660760553,"64.5,65.5,65,66,68,69,69.5,71.5,71",14.9,65.83,81.67,GMCC SZ80Е1H,34,1
553,553100150849493170553,"75.5,76,73,76,77,77.5,79,77.5",16.7,69.09,84.94,GMCC SZ80Е1H,34,1
553,553100150849618810553,"77,76.5,77,79,80,81.5,82.5",18.9,73.08,88.93,GMCC SZ80Е1H,34,1
553,553100150849610420553,"72.5,75,77,78,79.5,82,83,85.5",21.4,77.61,93.47,GMCC SZ80Е1H,34,1
553,553100150849614600553,"77.5,79,79.5,80,81.5,83.5,85,84.5",20.2,75.44,91.29,GMCC SZ80Е1H,34,1
553,553100150849617650553,"77.5,77,76.5,79,80.5,82,85,83.5",17.5,70.54,86.39,GMCC SZ80Е1H,34,1
553,553100150849610840553,"77,78,79,82,84,86,88,87.5",21.2,77.25,93.1,GMCC SZ80Е1H,34,1
553,553100595149809260553,"77.5,77,80.5,83,84.5,87.5,88.5",23.1,80.69,96.55,GMCC SZ80Е1H,34,1
553,553100297749792370553,"76.5,79,80,81.5,85,86,87.5,87",19.8,74.71,90.56,GMCC SZ80Е1H,34,1
553,553100150849610800553,"72.5,75.5,76.5,79,80.5,83,86,87",21.2,77.25,93.1,GMCC SZ80Е1H,34,1
553,553100297749792260553,"72.5,75,75.5,77.5,78.5,80.5,79.5,82",20.1,75.25,91.11,GMCC SZ80Е1H,34,1
553,553100595149708550553,"73,75.5,75,76.5,78,79,80.5,80",17.9,71.27,87.12,GMCC SZ80Е1H,34,1
553,553100150849616870553,"79.5,80.5,82.5,84,85,87.5,85",19.9,74.89,90.74,GMCC SZ80Е1H,34,1
553,553100297749794130553,"71,73.5,74.5,76,77,78,78.5,79",19.7,74.53,90.38,GMCC SZ80Е1H,34,1
553,553100595149809840553,"72,83.5,85,86.5,89,90,91.5,93,93.5,94",21.8,78.34,94.19,GMCC SZ80Е1H,34,1
553,553100595149660210553,"69.5,67,66,67,69,68.5",15.3,66.55,82.4,GMCC SZ80Е1H,34,1
553,553100150849615860553,"81,86.5,85,86.5,89,88.5",20.6,76.16,92.01,GMCC SZ80Е1H,34,1
553,553100595149704670553,"69,71.5,72.5,73,74.5,75.5,74.5",15.8,67.46,83.3,GMCC SZ80Е1H,34,1
553,553100150849492540553,"79,79.5,79,81,82,84,81",17.9,71.27,87.12,GMCC SZ80Е1H,34,1
553,553100595149705030553,"69.5,74,73,74,75.5,77,79,78",18.6,72.53,88.39,GMCC SZ80Е1H,34,1
553,553100150849613650553,"75,75.5,76,79.5,81,79.5",17.2,70.0,85.84,GMCC SZ80Е1H,34,1
553,553100595149708390553,"72.5,73.5,74,76,76.5,77.5,77,78,79",18.3,71.99,87.84,GMCC SZ80Е1H,34,1
553,553100150849617700553,"76.5,77,76.5,78,78.5,80,80.5,81",17.5,70.54,86.39,GMCC SZ80Е1H,34,1
553,553100150849492760553,"76.5,78,76.5,79,78.5,77.5,82,80.5",17.3,70.18,86.03,GMCC SZ80Е1H,34,1
553,553100150849611860553,"69.5,71.5,72,73.5,75,76.5,78,79.5",19.9,74.89,90.74,GMCC SZ80Е1H,34,1
553,553100595149705950553,"72.5,71.5,72,74,75.5,76.5,78,78.5",18.3,71.99,87.84,GMCC SZ80Е1H,34,1
553,553100150849613840553,"73.5,74,75.5,75,77.5,79.5,81",16.7,69.09,84.94,GMCC SZ80Е1H,34,1
553,553100150849618660553,"77.5,77,78,77.5,78,78.5,81,80",16.5,68.73,84.57,GMCC SZ80Е1H,34,1
553,553100150849614010553,"76.5,76,77,77.5,78,79,82,81",17.5,70.54,86.39,GMCC SZ80Е1H,34,1
553,553100150849618230553,"74.5,73.5,74.5,76.5,77,79,80.5,79.5",17.1,69.81,85.66,GMCC SZ80Е1H,34,1
553,553100150849615480553,"79.5,81,80.5,81.5,83,85,86.5,85.5",21.3,77.43,93.29,GMCC SZ80Е1H,34,1
553,553100150849616920553,"78,78.5,79,82,84,86.5,84.5",19.5,74.17,90.02,GMCC SZ80Е1H,34,1
553,553100595149659870553,"71,67,67.5,68,68.5,69.5,70.5,72",15.2,66.37,82.22,GMCC SZ80Е1H,34,1
553,553100150849493000553,"79.5,75,78,79.5,81,81.5,84.5,83",16.9,69.45,85.3,GMCC SZ80Е1H,34,1
553,553100150849492880553,"79,77,78.5,78,78.5,80.5,82,83",17.2,70.0,85.84,GMCC SZ80Е1H,34,1
553,553100150849493190553,"76,78,78.5,79.5,81,82,83",16.7,69.09,84.94,GMCC SZ80Е1H,34,1
553,553100150849614930553,"77,76.5,78,79.5,80,80.5",20.1,75.25,91.11,GMCC SZ80Е1H,34,1
553,553100297749792220553,"74,78,78.5,77.5,80,83,83.5,85.5",20.2,75.44,91.29,GMCC SZ80Е1H,34,1
553,553100595149661590553,"67,66.5,66,67.5,67,69.5,68.5",13.1,62.56,78.4,GMCC SZ80Е1H,34,1
553,553100595149706560553,"70.5,73,74.5,75.5,77.5,78.5,80,78.5",19.3,73.8,89.66,GMCC SZ80Е1H,34,1
553,553100150849611140553,"78,74,74.5,77,80,82,84,85.5",21.1,77.07,92.92,GMCC SZ80Е1H,34,1
553,553100150849615210553,"78,80,81,83.5,87,87.5,88",21.4,77.61,93.47,GMCC SZ80Е1H,34,1
553,553100150849611450553,"71,73,74,73.5,75,77,80,81",20.5,75.98,91.83,GMCC SZ80Е1H,34,1
553,553100150849615800553,"75.5,75,77.5,81,81.5,84,86,88.5,89.5",21.5,77.79,93.65,GMCC SZ80Е1H,34,1
553,553100150849612970553,"74.5,77,76,77.5,78,79.5,82,81.5",18.8,72.9,88.75,GMCC SZ80Е1H,34,1
553,553100150849493130553,"74.5,73.5,75.5,75,77.5,78,79.5",16.8,69.27,85.12,GMCC SZ80Е1H,34,1
553,553100150849618320553,"74.5,75.5,76.5,77.5,79,77.5",17.0,69.63,85.48,GMCC SZ80Е1H,34,1
553,553100595149706300553,"79.5,71,73,75,78,79,80.5,82.5,83",19.6,74.35,90.2,GMCC SZ80Е1H,34,1
553,553100297749792300553,"85,73.5,78,77.5,79,81,82,84,84.5,85",20.7,76.34,92.2,GMCC SZ80Е1H,34,1
553,553100150849612460553,"73,74,73.5,74,77,78.5,81,80",19.0,73.26,89.11,GMCC SZ80Е1H,34,1
553,553100150849492610553,"80,78.5,79.5,82,82.5,82",17.6,70.72,86.57,GMCC SZ80Е1H,34,1
553,553100150849492850553,"77,75,76.5,77.5,79,81,81.5",17.3,70.18,86.03,GMCC SZ80Е1H,34,1
553,553100150849610610553,"73.5,75,76,78,80,82.5,85,86",21.6,77.97,93.83,GMCC SZ80Е1H,34,1
553,553100595149709450553,"72.5,75.5,74,75,75.5,76,76.5",16.9,69.45,85.3,GMCC SZ80Е1H,34,1
553,553100150849612490553,"73.5,74,74.5,75,77,78.5,79,79.5,80.5,82",19.1,73.44,89.29,GMCC SZ80Е1H,34,1
553,553100150849613260553,"75,76,77,78,76.5,79.5,79",17.9,71.27,87.12,GMCC SZ80Е1H,34,1
553,553100150849492960553,"78.5,79.5,81,80.5,82,82.5,81,82",18.2,71.81,87.66,GMCC SZ80Е1H,34,1
553,553100595149658540553,"64,69.5,70.5,71,74,74.5,75,76",15.3,66.55,82.4,GMCC SZ80Е1H,34,1
553,553100150849610240553,"71,73.5,75.5,77,79,80.5,83.5,84.5",21.7,78.15,94.01,GMCC SZ80Е1H,34,1
553,553100595149661740553,"65,68,64,67,68,69,69.5,70.5,71.5",13.6,63.47,79.31,GMCC SZ80Е1H,34,1
553,553100150849609750553,"70.5,75.5,71,71.5,73.5,76.5,79,80.5",20.3,75.62,91.47,GMCC SZ80Е1H,34,1
553,553100595149709020553,"70.5,71.5,72,73.5,75.5,76.5,78.5,78",17.6,70.72,86.57,GMCC SZ80Е1H,34,1
553,553100150849492640553,"76,76.5,78.5,79,80",17.5,70.54,86.39,GMCC SZ80Е1H,34,1
553,553100150849619490553,"78,77,78,78.5,80,81.5,80.5",17.7,70.9,86.75,GMCC SZ80Е1H,34,1
553,553100595149692350553,"73,72,73.5,76,76.5,78",16.1,68.0,83.85,GMCC SZ80Е1H,34,1
553,553100150849618090553,"76.5,77.5,76.5,77,78,79.5,80,82,80.5",17.5,70.54,86.39,GMCC SZ80Е1H,34,1
553,553100150849612690553,"71,74,73,74,75,77,79,80.5",19.4,73.98,89.84,GMCC SZ80Е1H,34,1
553,553100595149658610553,"66.5,67.5,66.5,67.5,68.5,68,68.5,69",15.2,66.37,82.22,GMCC SZ80Е1H,34,1
553,553100595149660600553,"72,70.5,71.5,72.5,73,75.5,73.5",14.7,65.46,81.31,GMCC SZ80Е1H,34,1
553,553100150849619550553,"81,82,83.5,84,85.5,88,86.5",18.4,72.17,88.02,GMCC SZ80Е1H,34,1
553,553100297749791620553,"77,76.5,75,79,82,81.5,84.5,86.5,87.5",21.3,77.43,93.29,GMCC SZ80Е1H,34,1
553,553100595149692440553,"65.5,72,71,70.5,72.5,73.5,74.5,73.5",15.7,67.28,83.12,GMCC SZ80Е1H,34,1
553,553100150849611060553,"73.5,74,71.5,75,74.5,77,78.5,80,80.5,82",21.0,76.89,92.74,GMCC SZ80Е1H,34,1
553,553100150849493070553,"73.5,74,73.5,74,75,75.5,77,76.5",16.9,69.45,85.3,GMCC SZ80Е1H,34,1
553,553100150849492290553,"76.5,77.5,78,79,80,80.5,83,82",17.8,71.08,86.93,GMCC SZ80Е1H,34,1
553,553100595149809070553,"83,79.5,78.5,79.5,81,84,85,87,88,89.5,90.5,92",23.4,81.24,97.1,GMCC SZ80Е1H,34,1
553,553100595149661180553,"71,69.5,68,68.5,76",14.1,64.38,80.22,GMCC SZ80Е1H,34,1
553,553100297749791720553,"72.5,76,75.5,76,77.5,78.5,79.5,82,83",21.3,77.43,93.29,GMCC SZ80Е1H,34,1
553,553100150849612410553,"70.5,74.5,76,77,79,78.5",19.4,73.98,89.84,GMCC SZ80Е1H,34,1
553,553100150849611340553,"72.5,74,72.5,73.5,74,76.5,77,79.5,81.5",20.7,76.34,92.2,GMCC SZ80Е1H,34,1
553,553100595149658280553,"70,68,68.5,71,72,74.5,75.5",15.3,66.55,82.4,GMCC SZ80Е1H,34,1
553,553100595149707620553,"72.5,76.5,77.5,78.5,80.5,82",20.6,76.16,92.01,GMCC SZ80Е1H,34,1
553,553100150849493120553,"72.5,74.5,75.5,76,77,78,77.5",16.8,69.27,85.12,GMCC SZ80Е1H,34,1
553,553100150849613640553,"77,76.5,78,78.5,80,78.5,81,81.5",17.3,70.18,86.03,GMCC SZ80Е1H,34,1
553,553100595149809160553,"78.5,79.5,81.5,82,85,86,89,89.5,91",23.4,81.24,97.1,GMCC SZ80Е1H,34,1
553,553100150849614670553,"79,80,79,80.5,81,83.5,85,85.5",20.1,75.25,91.11,GMCC SZ80Е1H,34,1
553,553100150849614830553,"81.5,80,81,82,83.5,85.5,85",20.4,75.8,91.65,GMCC SZ80Е1H,34,1
553,553100595149810100553,"75.5,77,77.5,78,78.5,79,80,81.5,82,83,83.5",21.5,77.79,93.65,GMCC SZ80Е1H,34,1
553,553100150849610050553,"76,73.5,76,77.5,79,80,82.5,83.5,85.5",21.9,78.52,94.37,GMCC SZ80Е1H,34,1
553,553100150849613990553,"77,74.5,75.5,76.5,77.5,78,81,80",17.4,70.36,86.21,GMCC SZ80Е1H,34,1
553,553100150849611160553,"69,73,75,76,78,80.5,82.5,83.5",20.9,76.7,92.56,GMCC SZ80Е1H,34,1
553,553100595149707950553,"72.5,74.5,75,76.5,77.5,78.5,79.5,80",19.7,74.53,90.38,GMCC SZ80Е1H,34,1
553,553100297749791910553,"76,77.5,74,79,83,85,86,87.5",20.7,76.34,92.2,GMCC SZ80Е1H,34,1
553,553100595149810350553,"71,76,78,78.5,80,80.5,81.5,82",21.7,78.15,94.01,GMCC SZ80Е1H,34,1
553,553100595149707180553,"69,71,72,71.5,72,73,72.5",17.4,70.36,86.21,GMCC SZ80Е1H,34,1
553,553100297749794200553,"71.5,73.5,72.5,74,75,77,78,77.5",19.7,74.53,90.38,GMCC SZ80Е1H,34,1
553,553100595149659010553,"73.5,71,70,71,72,72.5,74.5,73",16.3,68.36,84.21,GMCC SZ80Е1H,34,1
553,553100150849615930553,"80.5,82,80,84.5,84,85.5,87,86",20.9,76.7,92.56,GMCC SZ80Е1H,34,1
553,553100150849493200553,"74,75.5,76,75,76.5,78,79,78",16.7,69.09,84.94,GMCC SZ80Е1H,34,1
553,553100297749791980553,"77.5,77,78.5,80.5,83.5,85,87.5,87",20.8,76.52,92.38,GMCC SZ80Е1H,34,1
553,553100150849615190553,"79,78,80.5,81.5,84,86,87",21.3,77.43,93.29,GMCC SZ80Е1H,34,1
553,553100150849609620553,"74.5,76.5,78.5,79.5,82.5,81.5",20.3,75.62,91.47,GMCC SZ80Е1H,34,1
553,553100150849613660553,"74.5,76,78,78.5,79,80.5,82.5,84.5",17.2,70.0,85.84,GMCC SZ80Е1H,34,1
553,553100150849615870553,"77,78.5,78,78.5,81,82,84,84.5",20.8,76.52,92.38,GMCC SZ80Е1H,34,1
553,553100595149707780553,"71,74.5,75,77.5,79,80.5,81",19.9,74.89,90.74,GMCC SZ80Е1H,34,1
553,553100150849619420553,"80.5,77.5,78.5,79.5,83.5,85,87,86.5",18.1,71.63,87.48,GMCC SZ80Е1H,34,1
553,553100595149659510553,"71.5,69.5,70.5,72,73,74,76,74.5",15.7,67.28,83.12,GMCC SZ80Е1H,34,1
553,553100150849616390553,"78,77.5,80.5,81.5,83.5,85,86.5,87",20.2,75.44,91.29,GMCC SZ80Е1H,34,1
553,553100595149709610553,"74.5,72,72.5,73,74,74.5,75.5",17.3,70.18,86.03,GMCC SZ80Е1H,34,1
553,553100595149662640553,"76,78.5,80,81,83.5,84.5,84",20.4,75.8,91.65,GMCC SZ80Е1H,34,1
553,553100150849609660553,"77.5,77,78,80,82.5,84.5,85.5,84.5",20.3,75.62,91.47,GMCC SZ80Е1H,34,1
553,553100595149662670553,"74,75.5,77,77.5,80,82,83,84.5,83.5",20.3,75.62,91.47,GMCC SZ80Е1H,34,1
553,553100150849492970553,"76,76.5,78,77.5,78.5,79,81.5,80.5",16.9,69.45,85.3,GMCC SZ80Е1H,34,1
553,553100150849613460553,"75.5,76.5,78.5,77.5,79.5,80,80.5,81",17.5,70.54,86.39,GMCC SZ80Е1H,34,1
553,553100150849617130553,"75,79,78,79.5,84.5,85.5,87.5,88",20.4,75.8,91.65,GMCC SZ80Е1H,34,1
553,553100595149661470553,"68,67.5,67,68,69.5,70.5,72.5,72",13.5,63.29,79.13,GMCC SZ80Е1H,34,1
553,553100150849612220553,"70.5,72.5,74,76,77.5,80,81.5",19.5,74.17,90.02,GMCC SZ80Е1H,34,1
553,553100595149703370553,"71,72.5,71.5,73,72.5,73.5,75,76,76.5",17.1,69.81,85.66,GMCC SZ80Е1H,34,1
553,553100150849609680553,"74,74.5,75.5,76,77,79.5,81.5,81",20.3,75.62,91.47,GMCC SZ80Е1H,34,1
553,553100595149702920553,"70.5,72.5,73.5,73,74,75,76,77,78,78.5",18.3,71.99,87.84,GMCC SZ80Е1H,34,1
553,553100150849611720553,"72,74,75,78.5,80,80.5,81,83,83.5",20.5,75.98,91.83,GMCC SZ80Е1H,34,1
553,553100150849610660553,"71.5,69.5,75.5,77,78.5,80.5,83,82.5",21.8,78.34,94.19,GMCC SZ80Е1H,34,1
553,553100150849609690553,"77,76.5,78.5,79,80,85,88,87",20.4,75.8,91.65,GMCC SZ80Е1H,34,1
553,553100150849613570553,"74.5,75,77,77.5,79,81.5,80.5,81.5",17.3,70.18,86.03,GMCC SZ80Е1H,34,1
553,553100595149692310553,"70.5,71.5,71,72.5,74,74.5,76",16.6,68.91,84.76,GMCC SZ80Е1H,34,1
553,553100150849616420553,"78,78.5,77.5,82.5,83,84.5,85.5",20.3,75.62,91.47,GMCC SZ80Е1H,34,1
553,553100150849492630553,"78.5,81,81.5,82.5",17.6,70.72,86.57,GMCC SZ80Е1H,34,1
553,553100150849609700553,"73.5,74,75,75.5,77,78.5,79.5,82",20.3,75.62,91.47,GMCC SZ80Е1H,34,1
553,553100595149692360553,"68,71,70,70.5,71.5,72.5,74,73.5",15.8,67.46,83.3,GMCC SZ80Е1H,34,1
553,553100595149703490553,"68.5,73,73.5,74,75,76.5,75.5,76.5",17.1,69.81,85.66,GMCC SZ80Е1H,34,1
553,553100150849619400553,"78,79,80.5,81.5,83.5,85.5",18.1,71.63,87.48,GMCC SZ80Е1H,34,1
553,553100297749791680553,"79.5,73,74.5,75,77,79,81,82,82.5",21.0,76.89,92.74,GMCC SZ80Е1H,34,1
553,553100150849492730553,"79.5,78,78.5,81,80.5,81,82.5,81",17.4,70.36,86.21,GMCC SZ80Е1H,34,1
553,553100150849611680553,"72.5,75,76,76.5,77,79.5,82,83",21.7,78.15,94.01,GMCC SZ80Е1H,34,1
553,553100595149703760553,"68,70,69,70.5,71.5,74,74.5,73.5",16.8,69.27,85.12,GMCC SZ80Е1H,34,1
553,553100595149703070553,"70.5,75.5,76,78,78.5,79.5,82",18.2,71.81,87.66,GMCC SZ80Е1H,34,1
553,553100150849614000553,"75.5,75,76,77.5,78,80,79",17.4,70.36,86.21,GMCC SZ80Е1H,34,1
553,553100150849610630553,"75,73,75,77.5,79.5,82.5,86,85",21.3,77.43,93.29,GMCC SZ80Е1H,34,1
553,553100150849610200553,"75,74,74.5,76.5,79.5,81.5,84,85",21.7,78.15,94.01,GMCC SZ80Е1H,34,1
553,553100150849610450553,"64,66.5,64.5,67,67.5,68.5,70,69.5",14.0,64.19,80.04,GMCC SZ80Е1H,34,1
553,553100595149706340553,"70.5,73,72.5,73,74,75,76.5,78,79",19.5,74.17,90.02,GMCC SZ80Е1H,34,1
553,553100297749791790553,"74,73.5,77.5,80,82.5,82,83,84,85,86.5",20.8,76.52,92.38,GMCC SZ80Е1H,34,1
553,553100150849614460553,"76.5,78.5,79.5,81,81.5,85,86.5,86",20.2,75.44,91.29,GMCC SZ80Е1H,34,1
553,553100150849609770553,"72.5,74,73.5,75,76,77,78,80,81,84,84.5",20.3,75.62,91.47,GMCC SZ80Е1H,34,1
553,553100150849613030553,"71.5,71,73,74.5,75,74.5,77,76",18.2,71.81,87.66,GMCC SZ80Е1H,34,1
553,553100595149705560553,"75,74,75.5,78.5,79.5,81,82.5",17.9,71.27,87.12,GMCC SZ80Е1H,34,1
553,553100595149706520553,"72,72.5,73.5,75,76.5,77.5,79,80",19.3,73.8,89.66,GMCC SZ80Е1H,34,1
553,553100150849611020553,"74,71.5,72.5,75,77,79.5,81,82",21.1,77.07,92.92,GMCC SZ80Е1H,34,1
553,553100595149809300553,"81.5,77.5,78,79.5,81.5,83.5,84.5,85.5,86.5,87.5,88",23.0,80.51,96.37,GMCC SZ80Е1H,34,1
553,553100595149808880553,"75,74.5,76,78.5,81,82.5,83",23.8,81.96,97.82,GMCC SZ80Е1H,34,1
553,553100595149706020553,"75,72,72.5,73.5,75.5,76.5,78.5,78",18.3,71.99,87.84,GMCC SZ80Е1H,34,1
553,553100297749792740553,"73,77.5,79,80.5,82,81.5",19.1,73.44,89.29,GMCC SZ80Е1H,34,1
553,553100297749791550553,"78,77.5,79.5,84.5,85,86.5,88.5",21.2,77.25,93.1,GMCC SZ80Е1H,34,1
553,553100595149709170553,"75.5,77,77.5,79,80.5,81,82.5,82,82.5",20.0,75.07,90.93,GMCC SZ80Е1H,34,1
553,553100150849611380553,"72,73.5,74.5,76,78,80.5,81",21.8,78.34,94.19,GMCC SZ80Е1H,34,1
553,553100595149708520553,"75.5,76.5,76,76.5,78.5,79,81,80.5",18.0,71.45,87.3,GMCC SZ80Е1H,34,1
553,553100150849611410553,"72.5,74,74.5,77,79.5,81,81.5,82,83,83.5",20.6,76.16,92.01,GMCC SZ80Е1H,34,1
553,553100150849492600553,"78,77,79.5,78.5,80.5,81,81.5,82.5,83",17.6,70.72,86.57,GMCC SZ80Е1H,34,1
553,553100150849611470553,"76.5,70.5,72.5,74.5,77,78,80,81.5",20.4,75.8,91.65,GMCC SZ80Е1H,34,1
553,553100595149708300553,"75.5,72.5,73,73.5,75,76.5,78.5,79.5",18.3,71.99,87.84,GMCC SZ80Е1H,34,1
553,553100595149661390553,"66,65.5,66,67,67.5,69",13.5,63.29,79.13,GMCC SZ80Е1H,34,1
553,553100150849609960553,"77,76.5,77.5,79.5,82,84.5,85",21.9,78.52,94.37,GMCC SZ80Е1H,34,1
553,553100595149704320553,"69.5,70.5,72.5,71,73.5,74,74.5,76",15.8,67.46,83.3,GMCC SZ80Е1H,34,1
553,553100150849617510553,"76,75.5,74.5,75.5,78,76,77.5,78,79,80",17.9,71.27,87.12,GMCC SZ80Е1H,34,1
553,553100595149659390553,"72.5,70.5,71.5,72,73.5,73,76.5,75",15.7,67.28,83.12,GMCC SZ80Е1H,34,1
553,553100150849610670553,"74.5,73.5,76.5,79,81.5,83,85.5",21.4,77.61,93.47,GMCC SZ80Е1H,34,1
553,553100150849615350553,"79,78,80.5,82.5,86.5,84.5",21.4,77.61,93.47,GMCC SZ80Е1H,34,1
553,553100150849612650553,"67.5,72.5,71,72,73,74.5,77,76",19.4,73.98,89.84,GMCC SZ80Е1H,34,1
553,553100150849611490553,"72.5,73,73.5,75,77,79,81,82.5",20.4,75.8,91.65,GMCC SZ80Е1H,34,1
553,553100297749794440553,"71,73.5,74.5,75,76,78,80,81,82.5",18.9,73.08,88.93,GMCC SZ80Е1H,34,1
553,553100150849610000553,"74.5,78,80.5,83,86,87,91,90",21.9,78.52,94.37,GMCC SZ80Е1H,34,1
553,553100150849611520553,"73.5,75.5,77,78.5,79.5,82.5,83",20.5,75.98,91.83,GMCC SZ80Е1H,34,1
553,553100297749793270553,"69.5,76,77.5,79.5,80.5,82.5,84,83.5",19.9,74.89,90.74,GMCC SZ80Е1H,34,1
553,553100297749791780553,"80.5,77,78.5,79,78,80,82.5,83,84.5,85,87,88",20.9,76.7,92.56,GMCC SZ80Е1H,34,1
553,553100150849614590553,"77.5,79,81.5,80.5,83,84.5,89,86.5",20.2,75.44,91.29,GMCC SZ80Е1H,34,1
553,553100297749792780553,"71,76,73,75,75.5,76,77.5,78.5,78,79.5,79,80,82.5",19.1,73.44,89.29,GMCC SZ80Е1H,34,1
553,553100150849612070553,"67.5,72.5,68.5,71.5,72.5,73.5,75.5,75,76,77.5,77",19.8,74.71,90.56,GMCC SZ80Е1H,34,1
553,553100150849612090553,"71,70,70.5,68.5,70,71,73.5,75,76,76.5,77",19.9,74.89,90.74,GMCC SZ80Е1H,34,1
553,553100595149708500553,"72,74,74.5,76,76.5,78,78.5,78",17.9,71.27,87.12,GMCC SZ80Е1H,34,1
553,553100150849618940553,"80.5,80,80.5,82,82.5,84.5,87.5,86.5",18.7,72.72,88.57,GMCC SZ80Е1H,34,1
553,553100595149707840553,"72.5,74,75,77,78.5,79.5,81",19.7,74.53,90.38,GMCC SZ80Е1H,34,1
553,553100150849611210553,"73.5,75,76.5,76,77,80,81,83.5,85.5",20.9,76.7,92.56,GMCC SZ80Е1H,34,1
553,553100150849610550553,"72.5,75,75.5,77.5,80.5,83,84.5,85.5",21.4,77.61,93.47,GMCC SZ80Е1H,34,1
553,553100150849493360553,"76,75,73.5,74,73,74,76,76.5,78,77,78,77.5,78,79,78.5,79",16.8,69.27,85.12,GMCC SZ80Е1H,34,1
553,553100150849611660553,"73,73.5,74.5,75.5,78,80.5,82,82.5",20.4,75.8,91.65,GMCC SZ80Е1H,34,1
553,553100150849613780553,"74,76,75.5,77.5,78.5,81,82",16.8,69.27,85.12,GMCC SZ80Е1H,34,1
553,553100150849611670553,"74.5,75.5,76,78,78.5,80.5,83.5,84",20.4,75.8,91.65,GMCC SZ80Е1H,34,1
553,553100150849618120553,"75,74,75,75.5,77.5,78,79.5,78.5",17.4,70.36,86.21,GMCC SZ80Е1H,34,1
553,553100150849611700553,"73.5,74.5,75.5,77,78,79.5,82,84,82",20.6,76.16,92.01,GMCC SZ80Е1H,34,1
553,553100595149704740553,"70.5,75,74.5,76,77.5,79,78.5,80.5",18.7,72.72,88.57,GMCC SZ80Е1H,34,1
553,553100595149706870553,"70.5,69,65.5,72,70.5,74,74.5",18.3,71.99,87.84,GMCC SZ80Е1H,34,1
553,553100150849613360553,"75.5,75,76,78,79,80,79.5",17.7,70.9,86.75,GMCC SZ80Е1H,34,1
553,553100150849616020553,"76,75.5,76.5,78,80,82,83.5,84",21.2,77.25,93.1,GMCC SZ80Е1H,34,1
553,553100150849492180553,"76,75.5,76.5,77.5,79.5,77",18.1,71.63,87.48,GMCC SZ80Е1H,34,1
553,553100150849614530553,"80,81,81.5,84,86,86.5,88.5",20.4,75.8,91.65,GMCC SZ80Е1H,34,1
553,553100297749793060553,"77,78,77.5,77,79,80.5,82,83.5,82.5",20.0,75.07,90.93,GMCC SZ80Е1H,34,1
553,553100150849492680553,"75,77,77.5,78,78.5,80.5,81.5,81",17.4,70.36,86.21,GMCC SZ80Е1H,34,1
553,553100150849611730553,"75,79,81,82.5,83.5,84,84.5",20.6,76.16,92.01,GMCC SZ80Е1H,34,1
553,553100150849611780553,"70,75,73.5,75.5,77,78.5,81.5,81",20.8,76.52,92.38,GMCC SZ80Е1H,34,1
553,553100150849612330553,"73,73.5,74.5,75.5,77,78.5,80.5,82.5",19.4,73.98,89.84,GMCC SZ80Е1H,34,1
553,553100150849614230553,"75,72,75.5,76.5,78,78.5,78,80.5,79",17.1,69.81,85.66,GMCC SZ80Е1H,34,1
553,553100150849492520553,"77,76.5,75.5,77,77.5,79,81,80",18.1,71.63,87.48,GMCC SZ80Е1H,34,1
553,553100595149706320553,"72,76,77.5,79.5,80,81,83,84",19.5,74.17,90.02,GMCC SZ80Е1H,34,1
553,553100150849611790553,"71.5,72,73,74,76,77,78",20.0,75.07,90.93,GMCC SZ80Е1H,34,1
553,553100150849618830553,"78.5,79.5,81,81.5,82.5,83,85,85.5",18.8,72.9,88.75,GMCC SZ80Е1H,34,1
553,553100150849614840553,"74.5,76,74.5,75,75.5,75,77.5,78.5",17.0,69.63,85.48,GMCC SZ80Е1H,34,1
553,553100150849611820553,"71.5,76,75.5,77.5,79,80,81,81.5",19.9,74.89,90.74,GMCC SZ80Е1H,34,1
553,553100150849611870553,"72,71.5,73.5,74.5,77,76",19.8,74.71,90.56,GMCC SZ80Е1H,34,1
553,553100150849616480553,"79.5,81,79.5,81,82,83.5,85,86",20.0,75.07,90.93,GMCC SZ80Е1H,34,1
553,553100595149662230553,"71,72.5,73,74.5,77,78,79.5,81.5,80.5",20.4,75.8,91.65,GMCC SZ80Е1H,34,1
553,553100150849615820553,"79.5,78.5,80,81.5,82,84,85.5,86,87.5,87",20.7,76.34,92.2,GMCC SZ80Е1H,34,1
553,553100595149704000553,"68.5,70.5,70,71,71.5,72.5,73.5,73",16.4,68.55,84.39,GMCC SZ80Е1H,34,1
553,553100150849492890553,"77.5,78,77.5,78.5,80.5,78.5",17.4,70.36,86.21,GMCC SZ80Е1H,34,1
553,553100150849493090553,"77.5,78.5,79,80,80.5,81.5,83,83.5",17.7,70.9,86.75,GMCC SZ80Е1H,34,1
553,553100150849612980553,"70.5,73,72,72.5,74,76,77",18.4,72.17,88.02,GMCC SZ80Е1H,34,1
553,553100595149810060553,"83,74.5,76.5,77,82,83.5,85,85.5,86",21.5,77.79,93.65,GMCC SZ80Е1H,34,1
553,553100150849618310553,"73.5,73,74,75,76.5,77,77.5,77",16.8,69.27,85.12,GMCC SZ80Е1H,34,1
553,553100595149659330553,"67,70,67,69,70,71,73",15.8,67.46,83.3,GMCC SZ80Е1H,34,1
553,553100595149709540553,"70.5,71,70.5,71,72.5,73.5,75.5,76",16.6,68.91,84.76,GMCC SZ80Е1H,34,1
553,553100150849617380553,"73.5,77.5,77,78.5,80,80.5,82.5,81",20.1,75.25,91.11,GMCC SZ80Е1H,34,1
553,553100595149691940553,"73,73.5,72,72.5,73,74,75,75.5",16.6,68.91,84.76,GMCC SZ80Е1H,34,1
553,553100595149707610553,"73,75,74.5,72,73,75.5,76,78,79,79.5,80,80.5",20.4,75.8,91.65,GMCC SZ80Е1H,34,1
553,553100150849613890553,"76.5,78.5,78,77.5,80,80.5,80",16.5,68.73,84.57,GMCC SZ80Е1H,34,1
553,553100150849611800553,"74.5,74,75,77.5,79,81,82.5",20.0,75.07,90.93,GMCC SZ80Е1H,34,1
553,553100595149707240553,"72,72.5,73.5,74.5,75,76,76.5,77,78",17.6,70.72,86.57,GMCC SZ80Е1H,34,1
553,553100150849617440553,"76.5,77,79.5,80,81,83.5,82",17.9,71.27,87.12,GMCC SZ80Е1H,34,1
553,553100150849611270553,"73,76,74.5,76,76.5,78,79,79.5,81.5,82",20.8,76.52,92.38,GMCC SZ80Е1H,34,1
553,553100595149659600553,"70.5,70,67,68.5,70,71.5,72,72.5",15.5,66.91,82.76,GMCC SZ80Е1H,34,1
553,553100150849612060553,"69.5,72,72.5,73,74.5,75.5,76,77,78",19.9,74.89,90.74,GMCC SZ80Е1H,34,1
553,553100150849617300553,"79,80,80.5,82,84.5,86.5,85.5",19.9,74.89,90.74,GMCC SZ80Е1H,34,1
553,553100150849613050553,"70.5,70,71.5,72,73,74.5,73",18.2,71.81,87.66,GMCC SZ80Е1H,34,1
553,553100150849613830553,"78.5,75.5,71.5,74.5,73.5,74,76,76.5,78,78.5,79",16.7,69.09,84.94,GMCC SZ80Е1H,34,1
553,553100297749793010553,"74,78,78.5,79.5,80,81,82.5,83.5",20.0,75.07,90.93,GMCC SZ80Е1H,34,1
553,553100150849492620553,"77.5,78.5,79,81,81.5,81,82.5,82",17.5,70.54,86.39,GMCC SZ80Е1H,34,1
553,553100297749792540553,"70.5,73,74,76.5,78.5,80.5,81",19.5,74.17,90.02,GMCC SZ80Е1H,34,1
553,553100150849610530553,"76,77.5,79.5,80.5,82.5,85.5,88,86.5",21.5,77.79,93.65,GMCC SZ80Е1H,34,1
553,553100150849612100553,"71,71.5,70.5,72,72.5,74.5,77,78",20.0,75.07,90.93,GMCC SZ80Е1H,34,1
553,553100150849612120553,"71,70,70.5,73,74,75,76.5,77.5",19.9,74.89,90.74,GMCC SZ80Е1H,34,1
553,553100595149657890553,"70,68.5,69,69.5,70,71,70",14.4,64.92,80.76,GMCC SZ80Е1H,34,1
553,553100150849615680553,"79,78.5,80,82.5,84,85.5,87",20.8,76.52,92.38,GMCC SZ80Е1H,34,1
553,553100595149708310553,"74.5,74,76,78,78.5,81,80.5",18.3,71.99,87.84,GMCC SZ80Е1H,34,1
553,553100297749794490553,"71.5,76,75.5,76,77.5,78,79,80.5,81",19.7,74.53,90.38,GMCC SZ80Е1H,34,1
553,553100150849617140553,"79,76,80,81.5,82.5,81,81.5,82,82.5,83.5,84.5,83.5,84.5,85.5,86",18.9,73.08,88.93,GMCC SZ80Е1H,34,1
553,553100297749792180553,"74.5,76.5,78,78.5,80.5,81.5,82.5,83,83.5,85.5",20.2,75.44,91.29,GMCC SZ80Е1H,34,1
553,553100150849612130553,"73.5,73,74.5,75.5,78,79,82.5,83,83.5",20.6,76.16,92.01,GMCC SZ80Е1H,34,1
553,553100150849616900553,"78.5,79.5,78.5,79,78.5,80.5,82,81.5",19.7,74.53,90.38,GMCC SZ80Е1H,34,1
553,553100595149661730553,"63.5,66.5,65.5,66,67.5,67,68.5,69.5,70.5",13.6,63.47,79.31,GMCC SZ80Е1H,34,1
553,553100150849612140553,"74.5,72.5,73,75,77.5,80,81,82",19.5,74.17,90.02,GMCC SZ80Е1H,34,1
553,553100595149692010553,"66.5,69,65.5,67.5,68,69,69.5,70.5,71",15.8,67.46,83.3,GMCC SZ80Е1H,34,1
553,553100150849613480553,"76.5,78.5,77.5,80,82,83,82.5",17.6,70.72,86.57,GMCC SZ80Е1H,34,1
553,553100595149809700553,"77,82,83,84,87,87.5,88.5,90,91",22.4,79.42,95.28,GMCC SZ80Е1H,34,1
553,553100150849611760553,"71,74.5,75,76,76.5,78.5,80.5,81",20.3,75.62,91.47,GMCC SZ80Е1H,34,1
553,553100150849616550553,"79.5,80.5,80,80.5,83,83.5,85,86.5",19.9,74.89,90.74,GMCC SZ80Е1H,34,1
553,553100150849492810553,"78.5,78,80.5,80,83.5,82.5",17.7,70.9,86.75,GMCC SZ80Е1H,34,1
553,553100150849614700553,"79,82,83,83.5",20.1,75.25,91.11,GMCC SZ80Е1H,34,1
553,553100595149705220553,"71.5,72.5,73,74.5,75.5,76,76.5,78,80.5",18.3,71.99,87.84,GMCC SZ80Е1H,34,1
553,553100150849612250553,"70,72,72.5,73.5,74.5,76,78,79.5",19.3,73.8,89.66,GMCC SZ80Е1H,34,1
553,553100595149660220553,"66,66.5,65,68,66,68,69",15.2,66.37,82.22,GMCC SZ80Е1H,34,1
553,553100150849615260553,"79,78.5,81,82,82.5,84,86,85.5",21.4,77.61,93.47,GMCC SZ80Е1H,34,1
553,553100595149705580553,"72,72.5,72,74,75.5,76.5,77.5,78.5,80.5",17.9,71.27,87.12,GMCC SZ80Е1H,34,1
553,553100150849615570553,"81,83,82.5,83.5,85.5,87,89,89.5",21.4,77.61,93.47,GMCC SZ80Е1H,34,1
553,553100150849616370553,"75.5,77,78,80,84",20.3,75.62,91.47,GMCC SZ80Е1H,34,1
553,553100150849617540553,"78.5,78,79,79.5,82,82.5,82",17.9,71.27,87.12,GMCC SZ80Е1H,34,1
553,553100595149702730553,"67,73.5,74,74.5,75.5,76.5,77.5,78.5,79,80.5",19.0,73.26,89.11,GMCC SZ80Е1H,34,1
553,553100150849615370553,"79,79.5,80.5,82,83.5,84,85.5",21.3,77.43,93.29,GMCC SZ80Е1H,34,1
553,553100150849616690553,"75.5,76,78.5,80.5,82.5,83.5,84",19.8,74.71,90.56,GMCC SZ80Е1H,34,1
553,553100150849617730553,"77.5,77,76.5,77.5,79.5,80.5,81,81.5",17.6,70.72,86.57,GMCC SZ80Е1H,34,1
553,553100595149661230553,"70,68.5,66,69,70,74.5",14.1,64.38,80.22,GMCC SZ80Е1H,34,1
553,553100150849614780553,"80.5,83,82.5,85,87,86,88,89",20.1,75.25,91.11,GMCC SZ80Е1H,34,1
553,553100595149707400553,"68,69.5,73.5,74.5,75.5,77.5,78,78.5",17.7,70.9,86.75,GMCC SZ80Е1H,34,1
553,553100595149707480553,"83,74,76,76.5,78,80.5,81,82,82.5",20.4,75.8,91.65,GMCC SZ80Е1H,34,1
553,553100150849493020553,"80,78,79.5,80,81,82.5,84",16.9,69.45,85.3,GMCC SZ80Е1H,34,1
553,553100595149662090553,"70.5,73,74,75.5,78.5,81,85,84",20.4,75.8,91.65,GMCC SZ80Е1H,34,1
553,553100150849612680553,"75,76,76.5,78.5,79.5,80,83.5,83",18.7,72.72,88.57,GMCC SZ80Е1H,34,1
553,553100150849610040553,"75.5,73,76,76.5,79.5,83.5,86,87",21.8,78.34,94.19,GMCC SZ80Е1H,34,1
553,553100595149704660553,"71.5,74.5,76,79,79.5,81.5,82.5,83.5,84",18.8,72.9,88.75,GMCC SZ80Е1H,34,1
553,553100595149708660553,"71.5,75,75.5,76.5,77.5,79,80.5,81.5,80.5",19.7,74.53,90.38,GMCC SZ80Е1H,34,1
553,553100595149661250553,"71,69.5,66.5,70,70.5,71.5,73.5,72",14.1,64.38,80.22,GMCC SZ80Е1H,34,1
553,553100595149809570553,"76.5,78.5,80.5,82,83.5,84.5,85.5,87",22.9,80.33,96.19,GMCC SZ80Е1H,34,1
553,553100595149703590553,"79.5,74.5,65,78,72,73,76.5,78.5",17.1,69.81,85.66,GMCC SZ80Е1H,34,1
553,553100150849612370553,"71.5,73.5,72,73,74,75.5,76.5",20.0,75.07,90.93,GMCC SZ80Е1H,34,1
553,553100595149661520553,"61,66.5,67,67.5,69,70,72,71",13.3,62.93,78.77,GMCC SZ80Е1H,34,1
553,553100297749792250553,"76,78,79,80.5,81.5,84",20.2,75.44,91.29,GMCC SZ80Е1H,34,1
553,553100150849611330553,"76,74,73.5,77,78.5,79.5,80.5,82.5",20.8,76.52,92.38,GMCC SZ80Е1H,34,1
553,553100595149703380553,"67.5,72.5,72,74,73.5,75.5,77,76.5,78,79,78.5",17.3,70.18,86.03,GMCC SZ80Е1H,34,1
553,553100150849609710553,"71,74,75.5,76.5,78.5,81,81.5,83.5,82.5",20.5,75.98,91.83,GMCC SZ80Е1H,34,1
553,553100595149704920553,"72,78,76,77.5,79.5,79,80,80.5,81",18.5,72.35,88.2,GMCC SZ80Е1H,34,1
553,553100595149709590553,"70.5,74,73,73.5,75.5,76,78,77.5",16.6,68.91,84.76,GMCC SZ80Е1H,34,1
553,553100150849612500553,"75,73,72.5,73.5,75,77,79,78",18.8,72.9,88.75,GMCC SZ80Е1H,34,1
553,553100297749794090553,"72,74.5,76,77.5,79.5,81,82,81.5",19.9,74.89,90.74,GMCC SZ80Е1H,34,1
553,553100150849610070553,"71.5,76,77,78.5,80,81,83.5,84.5",21.9,78.52,94.37,GMCC SZ80Е1H,34,1
553,553100297749791830553,"75.5,76,77,79,81.5,83.5,84",20.8,76.52,92.38,GMCC SZ80Е1H,34,1
553,553100150849610790553,"73.5,75.5,77,78,79.5,82,84.5,83.5",21.2,77.25,93.1,GMCC SZ80Е1H,34,1
553,553100297749794460553,"69,74.5,72.5,74.5,76,78,79.5,80.5",18.8,72.9,88.75,GMCC SZ80Е1H,34,1
553,553100595149704250553,"68.5,69,70.5,72.5,73,74,74.5,75,76.5",16.1,68.0,83.85,GMCC SZ80Е1H,34,1
553,553100150849612300553,"72.5,73.5,73,75,76.5,78,80.5,81",19.4,73.98,89.84,GMCC SZ80Е1H,34,1
553,553100150849609920553,"72.5,76,79,81,83.5,86,85.5",21.9,78.52,94.37,GMCC SZ80Е1H,34,1
553,553100595149706380553,"68.5,72.5,73,73.5,76,76.5,80,78.5",18.3,71.99,87.84,GMCC SZ80Е1H,34,1
553,553100150849614450553,"80,80.5,81.5,82,82.5,85,87,86",20.2,75.44,91.29,GMCC SZ80Е1H,34,1
553,553100595149692570553,"67.5,68,68.5,69,69.5,70.5,72",14.6,65.28,81.13,GMCC SZ80Е1H,34,1
553,553100150849614250553,"75.5,74.5,76.5,77,78,79.5",16.9,69.45,85.3,GMCC SZ80Е1H,34,1
553,553100595149708900553,"68.5,73.5,71.5,72.5,73,74,75.5,75",17.7,70.9,86.75,GMCC SZ80Е1H,34,1
553,553100595149705280553,"69,72,73,73.5,74,75,76,77.5",18.3,71.99,87.84,GMCC SZ80Е1H,34,1
553,553100595149660900553,"66,67.5,67,67.5,70.5,70,70.5,71",14.4,64.92,80.76,GMCC SZ80Е1H,34,1
553,553100150849613790553,"73.5,75.5,78,79.5,82.5,81.5,83",16.8,69.27,85.12,GMCC SZ80Е1H,34,1
553,553100595149703330553,"74.5,70.5,71.5,70.5,71,72,74,73.5",17.3,70.18,86.03,GMCC SZ80Е1H,34,1
553,553100150849612610553,"70,73.5,74,74.5,75.5,77.5,79.5,79",19.1,73.44,89.29,GMCC SZ80Е1H,34,1
553,553100150849613710553,"77,76.5,75.5,78,79,80,81.5,81",16.9,69.45,85.3,GMCC SZ80Е1H,34,1
553,553100150849612620553,"72.5,74.5,75.5,77,78.5,81,82.5",19.5,74.17,90.02,GMCC SZ80Е1H,34,1
553,553100150849613290553,"77.5,77,75.5,77,79.5,80,81,80.5,81.5,81,81.5,82,81,81.5",18.2,71.81,87.66,GMCC SZ80Е1H,34,1
553,553100595149659080553,"72,69.5,70,74,73,74.5,75.5,75,74.5",16.1,68.0,83.85,GMCC SZ80Е1H,34,1
553,553100150849612630553,"75,76,77.5,79.5,81.5,83",18.8,72.9,88.75,GMCC SZ80Е1H,34,1
553,553100150849612730553,"69.5,71.5,70.5,72,73,74.5,76.5,75.5",18.5,72.35,88.2,GMCC SZ80Е1H,34,1
553,553100595149658110553,"72,70.5,68.5,71.5,73.5,74.5,75.5,75",15.8,67.46,83.3,GMCC SZ80Е1H,34,1
553,553100150849618110553,"75.5,76,77,78,80,81,83.5,82",17.3,70.18,86.03,GMCC SZ80Е1H,34,1
553,553100150849618350553,"77.5,75,75.5,76.5,78.5,80,79.5,80,80.5,81",17.0,69.63,85.48,GMCC SZ80Е1H,34,1
553,553100150849612740553,"73.5,72,73.5,74.5,76,78.5,78",18.5,72.35,88.2,GMCC SZ80Е1H,34,1
553,553100595149808560553,"74.5,79,80,81.5,85,85.5,86.5,88,89.5",24.0,82.32,98.19,GMCC SZ80Е1H,34,1
553,553100150849613400553,"76,77,76.5,79.5,83.5,81.5",17.6,70.72,86.57,GMCC SZ80Е1H,34,1
553,553100150849612750553,"70,69,71,72.5,73,72.5,75.5,74.5",18.5,72.35,88.2,GMCC SZ80Е1H,34,1
553,553100595149703430553,"72,73.5,75,75.5,76,76.5,77.5,78,78.5,79.5",17.1,69.81,85.66,GMCC SZ80Е1H,34,1
553,553100595149707160553,"66.5,67.5,70.5,71.5,72,73.5,75.5",18.0,71.45,87.3,GMCC SZ80Е1H,34,1
553,553100150849618450553,"73,75.5,77.5,77,78.5,79.5,79",16.7,69.09,84.94,GMCC SZ80Е1H,34,1
553,553100150849613670553,"76,75,76,76.5,76,79.5,78.5,79,80",17.2,70.0,85.84,GMCC SZ80Е1H,34,1
553,553100150849612020553,"73.5,71,72,73,74.5,75.5,78,81",19.7,74.53,90.38,GMCC SZ80Е1H,34,1
553,553100595149659430553,"71,69,67.5,68.5,69,69.5,71.5,70.5",15.7,67.28,83.12,GMCC SZ80Е1H,34,1
553,553100150849612790553,"71,72,72.5,72,72.5,73,74,75",18.4,72.17,88.02,GMCC SZ80Е1H,34,1
553,553100595149657800553,"68,71,67,68.5,69,70.5,71",14.6,65.28,81.13,GMCC SZ80Е1H,34,1
553,553100595149661150553,"68.5,69,71,73,73.5,75.5,74.5",14.1,64.38,80.22,GMCC SZ80Е1H,34,1
553,553100595149708180553,"72,73,73.5,73,73.5,75.5,77.5,78.5,79",18.5,72.35,88.2,GMCC SZ80Е1H,34,1
553,553100150849610360553,"74,76,77.5,78.5,80,81,83.5,84.5,86.5,87.5",21.7,78.15,94.01,GMCC SZ80Е1H,34,1
553,553100595149659300553,"64,68.5,69,69.5,71.5,72.5,71.5",15.7,67.28,83.12,GMCC SZ80Е1H,34,1
553,553100150849612200553,"73.5,69.5,70,70.5,72.5,73,76,79,81,82",19.4,73.98,89.84,GMCC SZ80Е1H,34,1
553,553100595149657770553,"69,69.5,71,73.5,72.5",15.1,66.19,82.03,GMCC SZ80Е1H,34,1
553,553100150849612820553,"71.5,79",18.4,72.17,88.02,GMCC SZ80Е1H,34,1
553,553100297749793170553,"79.5,77,78,79,80.5,82.5,82",20.0,75.07,90.93,GMCC SZ80Е1H,34,1
553,553100150849612530553,"74.5,75.5,74.5,75.5,78,80,79.5",18.8,72.9,88.75,GMCC SZ80Е1H,34,1
553,553100150849612830553,"66.5,70.5,70,70.5,71,73,74.5,73",18.4,72.17,88.02,GMCC SZ80Е1H,34,1
553,553100150849618930553,"79.5,80,83,84,85.5,87,88",18.4,72.17,88.02,GMCC SZ80Е1H,34,1
553,553100150849614520553,"77,78,77.5,79,81,82.5,83.5,83",20.2,75.44,91.29,GMCC SZ80Е1H,34,1
553,553100150849618460553,"74.5,73.5,76,76.5,78,79.5,79",16.6,68.91,84.76,GMCC SZ80Е1H,34,1
553,553100150849616780553,"81,82.5,85.5,87,90,90.5",19.9,74.89,90.74,GMCC SZ80Е1H,34,1
553,553100150849613220553,"75,77,77.5,78.5,79,82,80.5",17.9,71.27,87.12,GMCC SZ80Е1H,34,1
553,553100150849611530553,"70,72,72.5,74.5,75,76.5,78.5,80.5,82.5",21.7,78.15,94.01,GMCC SZ80Е1H,34,1
553,553100150849612860553,"70,72,73.5,72,73.5,74.5,75,74.5",18.5,72.35,88.2,GMCC SZ80Е1H,34,1
553,553100150849615940553,"81.5,80,80.5,82.5,83,84,85.5,87",21.3,77.43,93.29,GMCC SZ80Е1H,34,1
553,553100595149692390553,"70.5,69,68,69.5,73,72,73.5",14.8,65.64,81.49,GMCC SZ80Е1H,34,1
553,553100150849610300553,"72.5,75.5,77.5,79.5,81,83,85.5,85",21.6,77.97,93.83,GMCC SZ80Е1H,34,1
553,553100150849612990553,"69,69.5,71,72,73,74.5,78,79",18.3,71.99,87.84,GMCC SZ80Е1H,34,1
553,553100150849612870553,"73.5,72.5,74,75,78.5,79,79.5",18.8,72.9,88.75,GMCC SZ80Е1H,34,1
553,553100150849492390553,"78,79,79.5,80.5,81,82,82.5,83.5,84",17.8,71.08,86.93,GMCC SZ80Е1H,34,1
553,553100595149709070553,"70,73.5,74,73.5,75.5,78,79,79.5",17.6,70.72,86.57,GMCC SZ80Е1H,34,1
553,553100150849614480553,"76,74,77.5,79.5,80,81.5,84",17.1,69.81,85.66,GMCC SZ80Е1H,34,1
553,553100150849611370553,"78,79,80,83,86.5,87.5",21.1,77.07,92.92,GMCC SZ80Е1H,34,1
553,553100150849612640553,"73.5,74,75.5,77,78.5,79.5,81.5",18.8,72.9,88.75,GMCC SZ80Е1H,34,1
553,553100595149704640553,"70,73.5,74.5,76,77.5,75.5",15.9,67.64,83.49,GMCC SZ80Е1H,34,1
553,553100595149707570553,"72,74,77.5,79.5,80,82.5",20.3,75.62,91.47,GMCC SZ80Е1H,34,1
553,553100150849612930553,"65.5,72.5,73,73.5,74,75.5,77",18.5,72.35,88.2,GMCC SZ80Е1H,34,1
553,553100595149658350553,"66.5,70,69.5,71.5,72.5,73,71.5",15.3,66.55,82.4,GMCC SZ80Е1H,34,1
553,553100150849616220553,"79,78.5,80.5,82,82.5,83.5,85.5,87,87.5",20.5,75.98,91.83,GMCC SZ80Е1H,34,1
553,553100150849613010553,"71,73.5,74,75.5,75,77,79.5,80.5",21.8,78.34,94.19,GMCC SZ80Е1H,34,1
553,553100150849615360553,"74,78.5,79,81,81.5,84,85,85.5",21.4,77.61,93.47,GMCC SZ80Е1H,34,1
553,553100150849617070553,"79.5,75,78,80.5,81.5,82.5,82,82.5,83.5,83,84.5,84,85,86,86.5",18.8,72.9,88.75,GMCC SZ80Е1H,34,1
553,553100150849612360553,"73,73.5,74,75,77,79,80.5",20.0,75.07,90.93,GMCC SZ80Е1H,34,1
553,553100150849613070553,"71.5,73,72,73,74.5,76,77.5,78",18.5,72.35,88.2,GMCC SZ80Е1H,34,1
553,553100150849613090553,"76,76.5,77,77.5,78,80,79.5",18.1,71.63,87.48,GMCC SZ80Е1H,34,1
553,553100595149703080553,"70,69,70.5,74,75,76,77,78.5",18.2,71.81,87.66,GMCC SZ80Е1H,34,1
553,553100150849616180553,"79.5,80.5,81,83,84,85.5,88,87",20.5,75.98,91.83,GMCC SZ80Е1H,34,1
553,553100150849613200553,"77.5,77,78,79,80.5,81,81.5",18.0,71.45,87.3,GMCC SZ80Е1H,34,1
553,553100150849613230553,"75.5,76,77.5,78.5,79.5,82,83,83.5",17.9,71.27,87.12,GMCC SZ80Е1H,34,1
553,553100595149692650553,"74.5,75,75.5,78,76.5",16.2,68.18,84.03,GMCC SZ80Е1H,34,1
553,553100150849615460553,"78.5,80,79.5,80,82,82.5,84,84.5",21.3,77.43,93.29,GMCC SZ80Е1H,34,1
553,553100150849619590553,"78.5,79,80.5,81,81.5,83,83.5,82",18.3,71.99,87.84,GMCC SZ80Е1H,34,1
553,553100150849613910553,"77,76,77,78,79.5,78,82,81",16.6,68.91,84.76,GMCC SZ80Е1H,34,1
553,553100150849611120553,"72,76,77,79,81,84,86.5,87.5",21.0,76.89,92.74,GMCC SZ80Е1H,34,1
553,553100150849612190553,"73,71.5,71,72.5,73.5,77,80,78.5,80",19.4,73.98,89.84,GMCC SZ80Е1H,34,1
553,553100150849617100553,"80,79.5,81,81.5,83,85,86",18.6,72.53,88.39,GMCC SZ80Е1H,34,1
553,553100150849613300553,"75.5,75,77,79,80,80.5,82,83.5,85.5",17.8,71.08,86.93,GMCC SZ80Е1H,34,1
553,553100297749792360553,"79.5,76,78,79,80.5,82,84.5,85",19.8,74.71,90.56,GMCC SZ80Е1H,34,1
553,553100150849613370553,"79.5,78.5,79.5,81,82.5,82",17.8,71.08,86.93,GMCC SZ80Е1H,34,1
553,553100150849617250553,"77,76.5,77,77.5,79,83.5,83",19.5,74.17,90.02,GMCC SZ80Е1H,34,1
553,553100595149706680553,"68.5,71.5,70,69.5,71,74,74.5,76",19.2,73.62,89.47,GMCC SZ80Е1H,34,1
553,553100150849613390553,"75,77,77.5,78,79.5,81.5,83,82.5",17.7,70.9,86.75,GMCC SZ80Е1H,34,1
553,553100595149658500553,"73,72,73.5,72.5,74.5,73",15.3,66.55,82.4,GMCC SZ80Е1H,34,1
553,553100150849618410553,"76.5,75,76.5,77,77.5,78.5,79",17.1,69.81,85.66,GMCC SZ80Е1H,34,1
553,553100595149708630553,"75,73,74,76.5,77,79,80.5,81",17.9,71.27,87.12,GMCC SZ80Е1H,34,1
553,553100150849616880553,"78,79,81,82.5,83.5,82",19.7,74.53,90.38,GMCC SZ80Е1H,34,1
553,553100595149660990553,"67,68.5,66,68,69.5,71.5,71,71.5",14.2,64.56,80.4,GMCC SZ80Е1H,34,1
553,553100150849611460553,"72,74,74.5,75.5,77,79,80.5,82,83",20.6,76.16,92.01,GMCC SZ80Е1H,34,1
553,553100595149659270553,"72.5,66,68,67.5,69,67,69.5,69,71.5,72",15.8,67.46,83.3,GMCC SZ80Е1H,34,1
553,553100595149706210553,"68.5,72,76.5,77.5,79,79.5",18.3,71.99,87.84,GMCC SZ80Е1H,34,1
553,553100150849613440553,"77,78,77,78.5,79,79.5,82.5,81.5",17.5,70.54,86.39,GMCC SZ80Е1H,34,1
553,553100150849614240553,"74.5,73.5,73,76.5,75.5,78.5,79,79.5",17.1,69.81,85.66,GMCC SZ80Е1H,34,1
553,553100150849492750553,"78.5,77.5,79.5,80,80.5,81",17.4,70.36,86.21,GMCC SZ80Е1H,34,1
553,553100595149707540553,"75,73.5,75,76,79,80.5,81,81.5,82.5,84.5",20.5,75.98,91.83,GMCC SZ80Е1H,34,1
553,553100595149702830553,"73,74.5,74,76,77.5,79,79.5,81.5",18.6,72.53,88.39,GMCC SZ80Е1H,34,1
553,553100595149708350553,"72,75,74,75.5,77,76.5,78.5,80,78.5",18.1,71.63,87.48,GMCC SZ80Е1H,34,1
553,553100150849613450553,"75,75.5,76.5,79,78.5",17.5,70.54,86.39,GMCC SZ80Е1H,34,1
553,553100297749793670553,"73,74.5,75,77.5,79,80,81,82.5,83.5,84",20.4,75.8,91.65,GMCC SZ80Е1H,34,1
553,553100595149657760553,"70.5,69.5,69,68.5,69.5,70,71.5,71",15.1,66.19,82.03,GMCC SZ80Е1H,34,1
553,553100150849613530553,"73.5,75.5,76.5,79,80,80.5",17.3,70.18,86.03,GMCC SZ80Е1H,34,1
553,553100150849609990553,"78,77,77.5,79.5,81.5,83.5,85.5,87.5,86.5",21.9,78.52,94.37,GMCC SZ80Е1H,34,1
553,553100297749794030553,"78,79,78.5,79,81.5,82,83,83.5",19.8,74.71,90.56,GMCC SZ80Е1H,34,1
553,553100595149659450553,"72,69,69.5,70.5,72,73,73.5",15.7,67.28,83.12,GMCC SZ80Е1H,34,1
553,553100150849614860553,"77.5,78.5,79.5,81,81.5,82.5,83.5,84.5",20.1,75.25,91.11,GMCC SZ80Е1H,34,1
553,553100150849613580553,"76.5,75,76,76.5,77,79.5,81,80.5",17.2,70.0,85.84,GMCC SZ80Е1H,34,1
553,553100595149692030553,"74,75,76,77.5,80,82.5",17.8,71.08,86.93,GMCC SZ80Е1H,34,1
553,553100595149662370553,"71.5,75.5,74.5,75.5,78,78.5,80.5,81.5",20.3,75.62,91.47,GMCC SZ80Е1H,34,1
553,553100297749791750553,"76,75,74,75.5,76,77,79,80,80.5,82",20.9,76.7,92.56,GMCC SZ80Е1H,34,1
553,553100595149706960553,"70,69.5,71,71.5,72.5,73.5,74,75.5,76",18.0,71.45,87.3,GMCC SZ80Е1H,34,1
553,553100150849617020553,"83,76.5,79,80.5,80,83.5,83,85.5",18.9,73.08,88.93,GMCC SZ80Е1H,34,1
553,553100150849613630553,"74.5,75,73.5,75.5,76.5,77,77.5,79.5,80.5",17.3,70.18,86.03,GMCC SZ80Е1H,34,1
553,553100150849613680553,"75,75.5,75,76.5,76,78.5,79.5,80",17.1,69.81,85.66,GMCC SZ80Е1H,34,1
553,553100595149658690553,"73.5,67.5,69.5,66,70.5,71,71.5,73.5",15.3,66.55,82.4,GMCC SZ80Е1H,34,1
553,553100150849613690553,"74.5,73.5,74.5,75.5,78,78.5",17.0,69.63,85.48,GMCC SZ80Е1H,34,1
553,553100150849493030553,"78,77.5,78.5,79,78.5,81,81.5,81",17.0,69.63,85.48,GMCC SZ80Е1H,34,1
553,553100150849615730553,"78.5,79,79.5,80,82,83.5,85.5,85",20.7,76.34,92.2,GMCC SZ80Е1H,34,1
553,553100150849613750553,"75.5,71,72.5,74.5,76.5,77,80,82",16.9,69.45,85.3,GMCC SZ80Е1H,34,1
553,553100150849613760553,"74.5,74,74.5,77.5,79,80.5,81.5",16.9,69.45,85.3,GMCC SZ80Е1H,34,1
553,553100150849613810553,"76,75.5,76,77.5,76.5,76,80.5,82",16.8,69.27,85.12,GMCC SZ80Е1H,34,1
553,553100150849617920553,"75.5,75,75.5,76,78,77.5,78",17.0,69.63,85.48,GMCC SZ80Е1H,34,1
553,553100595149709660553,"72,73.5,74.5,75.5,78,79",16.4,68.55,84.39,GMCC SZ80Е1H,34,1
553,553100150849613310553,"73.5,74,76,76.5,77.5,79,81,80.5",17.7,70.9,86.75,GMCC SZ80Е1H,34,1
553,553100150849618220553,"75,74.5,74,76,76.5,78,79,78.5",17.1,69.81,85.66,GMCC SZ80Е1H,34,1
553,553100297749792550553,"69.5,72,73,76,77,79,80,82",19.5,74.17,90.02,GMCC SZ80Е1H,34,1
553,553100150849615100553,"78.5,78,79.5,82,83,85.5,84.5,86.5,87",21.4,77.61,93.47,GMCC SZ80Е1H,34,1
553,553100150849613880553,"78,77,77.5,78.5,77.5,80,82,80",16.6,68.91,84.76,GMCC SZ80Е1H,34,1
553,553100150849613920553,"77.5,76.5,78,79,78,79.5,81,82",16.5,68.73,84.57,GMCC SZ80Е1H,34,1
553,553100595149660660553,"68.5,66,69,69.5,68.5,70,71.5,72.5,73.5",14.8,65.64,81.49,GMCC SZ80Е1H,34,1
553,553100297749792290553,"71.5,75,76,77,80,81,80.5",20.1,75.25,91.11,GMCC SZ80Е1H,34,1
553,553100150849614290553,"74.5,73,71,73,73.5,74,75,77.5",17.1,69.81,85.66,GMCC SZ80Е1H,34,1
553,553100595149659490553,"71,69,68.5,70,71.5,73.5,73",15.6,67.1,82.94,GMCC SZ80Е1H,34,1
553,553100150849613950553,"78.5,78,76,77,78,80,79.5",16.7,69.09,84.94,GMCC SZ80Е1H,34,1
553,553100595149692060553,"70,72.5,73,74.5,75,77,76.5",16.1,68.0,83.85,GMCC SZ80Е1H,34,1
553,553100297749793320553,"73.5,75,77.5,78.5,79.5,81,82.5,84,85.5",20.0,75.07,90.93,GMCC SZ80Е1H,34,1
553,553100150849613970553,"76.5,77.5,78,78.5,80,81.5,82",17.2,70.0,85.84,GMCC SZ80Е1H,34,1
553,553100297749791760553,"74,77,77.5,79.5,81,83.5,84,84.5",21.0,76.89,92.74,GMCC SZ80Е1H,34,1
553,553100150849614810553,"80.5,81,80.5,81.5,82,83,85.5,84",20.2,75.44,91.29,GMCC SZ80Е1H,34,1
553,553100595149661860553,"66,68.5,68,67.5,69,69.5,68.5,71.5",13.3,62.93,78.77,GMCC SZ80Е1H,34,1
553,553100150849613980553,"71,73.5,76.5,76,77.5,77,78,80",17.3,70.18,86.03,GMCC SZ80Е1H,34,1
553,553100150849611560553,"71.5,74.5,73,74,75.5,76.5,78.5,79",20.6,76.16,92.01,GMCC SZ80Е1H,34,1
553,553100150849617120553,"78.5,79,78,81,82.5,84",18.6,72.53,88.39,GMCC SZ80Е1H,34,1
553,553100150849616720553,"79.5,80,80.5,81.5,82.5,87,86,87.5",19.7,74.53,90.38,GMCC SZ80Е1H,34,1
553,553100297749792570553,"74,74.5,72.5,74,75,76.5,76,77,78.5,79",19.6,74.35,90.2,GMCC SZ80Е1H,34,1
553,553100150849610850553,"76,77.5,77,79.5,82.5,84.5,86.5,85.5",21.1,77.07,92.92,GMCC SZ80Е1H,34,1
553,553100595149692320553,"74,73,72.5,73,73.5,74.5,76,76.5",16.3,68.36,84.21,GMCC SZ80Е1H,34,1
553,553100150849610250553,"74,76,75,75.5,77.5,78,80,82.5,86",21.7,78.15,94.01,GMCC SZ80Е1H,34,1
553,553100595149692550553,"68.5,69.5,70,70.5,71,72.5,73.5,74.5",14.8,65.64,81.49,GMCC SZ80Е1H,34,1
553,553100150849617370553,"81.5,82.5,83,84,85.5,87.5,88",19.9,74.89,90.74,GMCC SZ80Е1H,34,1
553,553100150849492990553,"74,74.5,75,75.5,74.5,76,77.5,79,79.5,81",16.9,69.45,85.3,GMCC SZ80Е1H,34,1
553,553100595149706480553,"76.5,75,76,77,76.5,78,79.5,80,80.5,81.5,82.5",19.4,73.98,89.84,GMCC SZ80Е1H,34,1
553,553100595149708620553,"70.5,73.5,75.5,77.5,78.5,78,79.5,80,81",18.3,71.99,87.84,GMCC SZ80Е1H,34,1
553,553100150849614050553,"78.5,77.5,78,77,80,81.5,80.5",16.3,68.36,84.21,GMCC SZ80Е1H,34,1
553,553100297749793710553,"70.5,74,74.5,77,78.5,81,81.5,83,84.5,85,85.5",20.3,75.62,91.47,GMCC SZ80Е1H,34,1
553,553100595149659230553,"70,69.5,68,69,68,69.5,71,70",15.9,67.64,83.49,GMCC SZ80Е1H,34,1
553,553100595149706290553,"67.5,70.5,71,72,74,74.5,76,77,78.5,79.5,79",19.8,74.71,90.56,GMCC SZ80Е1H,34,1
553,553100595149707210553,"67.5,70.5,67.5,69.5,71,71.5,72.5,73.5,74.5",17.9,71.27,87.12,GMCC SZ80Е1H,34,1
553,553100150849618170553,"75,74,75,77,78,80,79.5",17.2,70.0,85.84,GMCC SZ80Е1H,34,1
553,553100150849614060553,"78.5,77.5,75.5,78.5,81.5,83,84,83",16.4,68.55,84.39,GMCC SZ80Е1H,34,1
553,553100150849614070553,"75,76,73.5,75,76,75.5,78.5,77",16.4,68.55,84.39,GMCC SZ80Е1H,34,1
553,553100150849614100553,"76.5,76,77,76,77,78.5,80.5,79.5",16.9,69.45,85.3,GMCC SZ80Е1H,34,1
553,553100150849614110553,"80,82,83,84,86.5,89.5,88",20.4,75.8,91.65,GMCC SZ80Е1H,34,1
553,553100150849614120553,"81,83.5,82.5,84.5,86,88,90,89.5",20.4,75.8,91.65,GMCC SZ80Е1H,34,1
553,553100595149661310553,"66.5,63,65,66.5,67,67.5,68.5",13.8,63.83,79.67,GMCC SZ80Е1H,34,1
553,553100150849614220553,"76.5,75.5,73,76,77.5,78.5,79.5,82",17.0,69.63,85.48,GMCC SZ80Е1H,34,1
553,553100595149705250553,"65.5,70,71,72,73.5,74,75,77",18.3,71.99,87.84,GMCC SZ80Е1H,34,1
553,553100150849614390553,"77,75,72.5,75,76.5,76,77.5,78.5",16.5,68.73,84.57,GMCC SZ80Е1H,34,1
553,553100150849614400553,"76,75.5,74,76.5,78,80,79",17.2,70.0,85.84,GMCC SZ80Е1H,34,1
553,553100150849611070553,"75.5,77,78,79,81.5,83,86,87.5",21.0,76.89,92.74,GMCC SZ80Е1H,34,1
553,553100595149658810553,"73,70,70.5,71.5,72,72.5,73.5",15.2,66.37,82.22,GMCC SZ80Е1H,34,1
553,553100595149709330553,"71,74,75,76.5,77.5,78.5,79",17.3,70.18,86.03,GMCC SZ80Е1H,34,1
553,553100297749793070553,"76.5,77,78,79,80.5,82,84,85",20.0,75.07,90.93,GMCC SZ80Е1H,34,1
553,553100595149691840553,"71,71.5,72.5,73.5,74.5,75.5,76.5",17.0,69.63,85.48,GMCC SZ80Е1H,34,1
553,553100297749793650553,"69.5,68.5,75,76,77.5,78.5,79.5,81.5",20.5,75.98,91.83,GMCC SZ80Е1H,34,1
553,553100297749793100553,"78,76.5,75.5,76,77.5,79,81.5,80",19.9,74.89,90.74,GMCC SZ80Е1H,34,1
553,553100297749793110553,"75,77,78,80,81.5,83,82.5",20.0,75.07,90.93,GMCC SZ80Е1H,34,1
553,553100150849609720553,"72,76,77.5,78,81,82,84.5,84,84.5",20.3,75.62,91.47,GMCC SZ80Е1H,34,1
553,553100297749793150553,"79.5,80,81.5,82,84,86,88,88.5",20.0,75.07,90.93,GMCC SZ80Е1H,34,1
553,553100150849612810553,"71.5,73.5,75.5,77.5,79.5,80,81.5",18.5,72.35,88.2,GMCC SZ80Е1H,34,1
553,553100297749793860553,"72.5,73,74,76,78.5,80,82.5,81.5",20.1,75.25,91.11,GMCC SZ80Е1H,34,1
553,553100595149706190553,"64,66.5,70,70.5,71.5,72.5,74,73.5",18.4,72.17,88.02,GMCC SZ80Е1H,34,1
553,553100595149706550553,"69.5,71.5,72,71.5,72.5,74,75.5,77,78.5",19.4,73.98,89.84,GMCC SZ80Е1H,34,1
553,553100297749793160553,"76.5,77,76,78,79,80,80.5,81.5,82",20.0,75.07,90.93,GMCC SZ80Е1H,34,1
553,553100297749793190553,"79.5,79,80,80.5,82.5,84.5,86,86.5",20.1,75.25,91.11,GMCC SZ80Е1H,34,1
553,553100297749793210553,"77,79,82.5,84,86,87.5,86.5",19.9,74.89,90.74,GMCC SZ80Е1H,34,1
553,553100595149658130553,"70,69.5,71,72,73,73.5,74,75,75.5,76.5",15.7,67.28,83.12,GMCC SZ80Е1H,34,1
553,553100595149708810553,"70.5,71.5,70.5,70,71.5,72.5,73,74.5,77,77.5",17.8,71.08,86.93,GMCC SZ80Е1H,34,1
553,553100595149708240553,"75.5,70.5,72,74.5,77.5,78.5,80.5,81",18.3,71.99,87.84,GMCC SZ80Е1H,34,1
553,553100297749793230553,"76,75,75.5,76.5,78.5,79,80.5,81.5",19.9,74.89,90.74,GMCC SZ80Е1H,34,1
553,553100297749793240553,"70.5,74,75.5,76,77.5,78.5,79.5",19.9,74.89,90.74,GMCC SZ80Е1H,34,1
553,553100297749793250553,"81,77.5,79.5,80.5,81.5,82",19.9,74.89,90.74,GMCC SZ80Е1H,34,1
553,553100595149658870553,"71,68,67,68,70,72,73,72.5,73.5,73",15.1,66.19,82.03,GMCC SZ80Е1H,34,1
553,553100297749793280553,"69.5,75.5,73,74.5,75.5,77,78,80,80.5",19.9,74.89,90.74,GMCC SZ80Е1H,34,1
553,553100297749793290553,"70,73,86",20.0,75.07,90.93,GMCC SZ80Е1H,34,1
553,553100297749793310553,"74,72,74.5,77.5,80,81.5,82",20.0,75.07,90.93,GMCC SZ80Е1H,34,1
553,553100595149658460553,"73,62.5,69,64,69,68.5,71,70,72",15.9,67.64,83.49,GMCC SZ80Е1H,34,1
553,553100297749793330553,"71,75.5,78.5,81.5,82.5,83.5,83",20.0,75.07,90.93,GMCC SZ80Е1H,34,1
553,553100595149661830553,"69,68.5,66,68,68.5,70,70.5,71,71.5",12.9,62.2,78.04,GMCC SZ80Е1H,34,1
553,553100297749793340553,"72,74,77,77.5,78.5,80,80.5,82,81.5",20.0,75.07,90.93,GMCC SZ80Е1H,34,1
553,553100297749793360553,"71,72.5,74,77,77.5,80,80.5,81.5",20.0,75.07,90.93,GMCC SZ80Е1H,34,1
553,553100595149703910553,"70.5,74,74.5,77,78,79,78.5",16.9,69.45,85.3,GMCC SZ80Е1H,34,1
553,553100297749793380553,"74,75,76,79,80.5,82,83,84.5",20.0,75.07,90.93,GMCC SZ80Е1H,34,1
553,553100297749791930553,"72.5,77.5,76,75,78,80,81,83,83.5",20.7,76.34,92.2,GMCC SZ80Е1H,34,1
553,553100150849618250553,"73,73.5,73,74,75.5,76.5,78.5,78",17.0,69.63,85.48,GMCC SZ80Е1H,34,1
553,553100297749793390553,"73.5,77.5,79.5,81,83.5,84,85.5,85",20.0,75.07,90.93,GMCC SZ80Е1H,34,1
553,553100297749793430553,"70,76.5,77,78,80,80.5,81.5,83.5,84.5",20.0,75.07,90.93,GMCC SZ80Е1H,34,1
553,553100297749793450553,"77,78.5,82,82.5,86.5,87.5,88",20.3,75.62,91.47,GMCC SZ80Е1H,34,1
553,553100297749793500553,"71.5,74.5,77,78.5,78,80.5,82,83,83.5",19.7,74.53,90.38,GMCC SZ80Е1H,34,1
553,553100297749793570553,"72,73.5,74,76,77.5,80,81.5,82.5",20.5,75.98,91.83,GMCC SZ80Е1H,34,1
553,553100297749793220553,"74,76,76.5,77,78.5,80,82,81.5",20.0,75.07,90.93,GMCC SZ80Е1H,34,1
553,553100297749793580553,"73,76,77.5,78,80,81,82.5,83,83.5,84.5,85.5",20.5,75.98,91.83,GMCC SZ80Е1H,34,1
553,553100297749793590553,"72.5,73,74.5,76.5,78.5,79.5,81,81.5,82.5",20.5,75.98,91.83,GMCC SZ80Е1H,34,1
553,553100297749793600553,"74.5,81,79,80,82,83.5,85,84.5",20.5,75.98,91.83,GMCC SZ80Е1H,34,1
553,553100595149706360553,"74.5,74,73.5,75,75.5,77.5,78.5,80,81.5,82.5,84",19.5,74.17,90.02,GMCC SZ80Е1H,34,1
553,553100297749793610553,"71,73.5,75,77,78.5,81,81.5,83",20.4,75.8,91.65,GMCC SZ80Е1H,34,1
553,553100595149709650553,"71.5,82.5",17.1,69.81,85.66,GMCC SZ80Е1H,34,1
553,553100297749793620553,"70.5,76,76.5,78,78.5,79,81,82.5,83.5,84.5",20.4,75.8,91.65,GMCC SZ80Е1H,34,1
553,553100297749793630553,"73.5,72,73.5,75,76.5,78,81,80.5",20.4,75.8,91.65,GMCC SZ80Е1H,34,1
553,553100595149708060553,"68.5,71.5,68,71.5,72.5,74,75,77,78",19.5,74.17,90.02,GMCC SZ80Е1H,34,1
553,553100150849492480553,"74.5,77,76.5,77,79,80,82,83",18.1,71.63,87.48,GMCC SZ80Е1H,34,1
553,553100297749793640553,"75,77,78,79.5,80.5,82,82.5,83",20.4,75.8,91.65,GMCC SZ80Е1H,34,1
553,553100297749793660553,"70.5,75.5,74,75.5,77,80,81,82.5,84",20.4,75.8,91.65,GMCC SZ80Е1H,34,1
553,553100595149704270553,"66,70.5,69.5,70.5,71.5,72.5,73,73.5,74.5",16.5,68.73,84.57,GMCC SZ80Е1H,34,1
553,553100150849614270553,"74.5,74,73,75,74.5,76,76.5",17.0,69.63,85.48,GMCC SZ80Е1H,34,1
553,553100297749793680553,"73.5,74,75,78,80.5,82,82.5,83.5,84",20.3,75.62,91.47,GMCC SZ80Е1H,34,1
553,553100297749793690553,"74,72.5,72,73,74,77,78.5,78,80,80.5",20.3,75.62,91.47,GMCC SZ80Е1H,34,1
553,553100297749793700553,"72,74.5,75.5,77.5,78,80,81,81.5",20.3,75.62,91.47,GMCC SZ80Е1H,34,1
553,553100150849492150553,"76.5,74.5,76,75.5,76.5,78,79.5,80",17.7,70.9,86.75,GMCC SZ80Е1H,34,1
553,553100297749793720553,"72.5,74.5,76,77,78.5,80.5,82.5,83.5,84",20.3,75.62,91.47,GMCC SZ80Е1H,34,1
553,553100595149661300553,"68.5,69,65,66.5,67,68.5,69",13.8,63.83,79.67,GMCC SZ80Е1H,34,1
553,553100595149704160553,"74,69.5,71,72,73,74.5",16.1,68.0,83.85,GMCC SZ80Е1H,34,1
553,553100297749793740553,"70,73.5,75,76,77,78.5,80,81,83.5",20.2,75.44,91.29,GMCC SZ80Е1H,34,1
553,553100595149658750553,"73,69.5,70,68,70.5,71,72,73,73.5,74",15.2,66.37,82.22,GMCC SZ80Е1H,34,1
553,553100150849612010553,"74.5,74,73.5,74,76,75,76.5,77.5,77,78.5,79,79.5,80,81,81.5",19.7,74.53,90.38,GMCC SZ80Е1H,34,1
553,553100297749793780553,"72.5,72,71.5,73.5,75.5,77.5,78,79",20.2,75.44,91.29,GMCC SZ80Е1H,34,1
553,553100595149706780553,"65,70.5,69.5,71.5,73,74,75,77.5,76.5,77.5,79",18.4,72.17,88.02,GMCC SZ80Е1H,34,1
553,553100595149692610553,"71,66,68,69.5,70,70.5,71.5,72",14.8,65.64,81.49,GMCC SZ80Е1H,34,1
553,553100297749793800553,"74,76.5,78,80.5,81.5,82.5,83",20.1,75.25,91.11,GMCC SZ80Е1H,34,1
553,553100595149705200553,"69,71,71.5,72.5,74.5,75,76.5",18.3,71.99,87.84,GMCC SZ80Е1H,34,1
553,553100297749792770553,"74,75.5,72.5,72,78.5,82,83.5,82.5",19.0,73.26,89.11,GMCC SZ80Е1H,34,1
553,553100297749793820553,"73,74,76,77,77.5,79,80,80.5,82,81.5",20.1,75.25,91.11,GMCC SZ80Е1H,34,1
553,553100595149658480553,"72.5,69,69.5,71,73,75,73.5",15.3,66.55,82.4,GMCC SZ80Е1H,34,1
553,553100297749793840553,"71.5,72.5,70.5,74,75,76.5,78,81",20.1,75.25,91.11,GMCC SZ80Е1H,34,1
553,553100595149659720553,"73.5,74,73,74,75,76,77,76.5",15.8,67.46,83.3,GMCC SZ80Е1H,34,1
553,553100297749793850553,"72,75,76.5,78.5,79.5,81.5,82,84",20.1,75.25,91.11,GMCC SZ80Е1H,34,1
553,553100297749793870553,"73.5,74,76,78.5,80,81.5,82.5,84",20.0,75.07,90.93,GMCC SZ80Е1H,34,1
553,553100297749793900553,"70,74,75,76.5,78,80,81.5,79",19.9,74.89,90.74,GMCC SZ80Е1H,34,1
553,553100297749793910553,"71,74.5,76,78.5,80,80.5,83,82.5",19.9,74.89,90.74,GMCC SZ80Е1H,34,1
553,553100297749793930553,"72.5,75.5,77,78,82,82.5,83.5,84.5,85",19.9,74.89,90.74,GMCC SZ80Е1H,34,1
553,553100150849609900553,"76.5,74,76,78.5,81.5,83,87,88",21.9,78.52,94.37,GMCC SZ80Е1H,34,1
553,553100297749793940553,"73,73.5,74.5,76,77,78.5,80",19.8,74.71,90.56,GMCC SZ80Е1H,34,1
553,553100297749793950553,"73.5,76.5,77.5,79.5,80,81,82.5,83.5,84.5,85",19.9,74.89,90.74,GMCC SZ80Е1H,34,1
553,553100297749793960553,"73,76,77.5,79,81,82.5,83.5,84,84.5,85.5",20.0,75.07,90.93,GMCC SZ80Е1H,34,1
553,553100595149659850553,"69.5,70.5,71,72,73,73.5,74",15.2,66.37,82.22,GMCC SZ80Е1H,34,1
553,553100297749793980553,"73.5,75,73.5,75,76.5,78,79.5,81,82",20.0,75.07,90.93,GMCC SZ80Е1H,34,1
553,553100297749793990553,"76.5,75.5,77.5,79,78.5,79.5,81.5,83",19.8,74.71,90.56,GMCC SZ80Е1H,34,1
553,553100150849493100553,"73,74.5,77,78.5,79,79.5,80.5",16.8,69.27,85.12,GMCC SZ80Е1H,34,1
553,553100150849610400553,"75.5,78,80,83.5,85,88.5,87",21.5,77.79,93.65,GMCC SZ80Е1H,34,1
553,553100297749794010553,"72.5,74,75,76,78,81,81.5",20.0,75.07,90.93,GMCC SZ80Е1H,34,1
553,553100297749794020553,"74,75,74.5,75.5,77.5,78,80.5,81.5",19.8,74.71,90.56,GMCC SZ80Е1H,34,1
553,553100297749794040553,"73.5,73,72.5,73.5,74,76,76.5,77.5,78.5,79.5",19.8,74.71,90.56,GMCC SZ80Е1H,34,1
553,553100595149691740553,"69.5,71.5,70.5,71.5,73.5,74,75,76.5",16.3,68.36,84.21,GMCC SZ80Е1H,34,1
553,553100297749794060553,"72,74,75,77,79,80",19.8,74.71,90.56,GMCC SZ80Е1H,34,1
553,553100595149705160553,"70,74,75.5,76.5,77.5,78,79,80.5",18.4,72.17,88.02,GMCC SZ80Е1H,34,1
553,553100595149706050553,"75,75.5,75,77,76.5,78,78.5,80.5,79.5",18.4,72.17,88.02,GMCC SZ80Е1H,34,1
553,553100297749794080553,"73.5,71,73.5,74,76,77,77.5,79",19.8,74.71,90.56,GMCC SZ80Е1H,34,1
553,553100595149657860553,"68.5,68,66.5,67.5,68,68.5,69.5,69",14.4,64.92,80.76,GMCC SZ80Е1H,34,1
553,553100595149704770553,"73,75.5,74.5,76.5,77.5,79.5,81,83,84",18.6,72.53,88.39,GMCC SZ80Е1H,34,1
553,553100297749794100553,"75.5,77.5,81.5,82,82.5,84,84.5,86,86.5",19.8,74.71,90.56,GMCC SZ80Е1H,34,1
553,553100595149706620553,"68.5,72,73,74.5,75.5,76.5,77.5,79",19.2,73.62,89.47,GMCC SZ80Е1H,34,1
553,553100297749794110553,"75,72.5,73.5,76,77.5,78,80.5,84",19.9,74.89,90.74,GMCC SZ80Е1H,34,1
553,553100297749794120553,"73.5,77,77.5,78,79,79.5,81,82.5,82",19.8,74.71,90.56,GMCC SZ80Е1H,34,1
553,553100297749794150553,"74.5,75.5,76.5,78,79,80,81,81.5,82.5",19.8,74.71,90.56,GMCC SZ80Е1H,34,1
553,553100595149659210553,"73,70,68.5,69.5,70,71.5,72,71.5,72.5",15.9,67.64,83.49,GMCC SZ80Е1H,34,1
553,553100297749794160553,"71.5,73,73.5,74,75.5,76.5,77.5,79.5,81.5",19.8,74.71,90.56,GMCC SZ80Е1H,34,1
553,553100297749794210553,"68.5,69,74,73.5,75,75.5,77,79.5,80.5",19.6,74.35,90.2,GMCC SZ80Е1H,34,1
553,553100595149658780553,"65.5,69,64,68,69.5,70,70.5,72.5,73",15.2,66.37,82.22,GMCC SZ80Е1H,34,1
553,553100595149662610553,"75.5,74.5,75.5,77.5,80,80.5,83,81.5",20.4,75.8,91.65,GMCC SZ80Е1H,34,1
553,553100595149662710553,"72,75.5,75,76,76.5,78,79,80,81,82.5",20.4,75.8,91.65,GMCC SZ80Е1H,34,1
553,553100297749794220553,"70,75,76,77,78.5,79,80.5,81.5",19.8,74.71,90.56,GMCC SZ80Е1H,34,1
553,553100595149659610553,"69.5,71,71.5,73.5,72,74.5,73",15.7,67.28,83.12,GMCC SZ80Е1H,34,1
553,553100297749794240553,"72,78,75,78,77,78,79,79.5,81.5,80",19.6,74.35,90.2,GMCC SZ80Е1H,34,1
553,553100150849613060553,"68.5,71.5,72.5,74,75.5,76",18.3,71.99,87.84,GMCC SZ80Е1H,34,1
553,553100595149659820553,"66,69.5,70.5,71,72,73,73.5,74,74.5",15.2,66.37,82.22,GMCC SZ80Е1H,34,1
553,553100595149707520553,"71.5,73,74,73,75,76.5,77,78.5,80.5",20.4,75.8,91.65,GMCC SZ80Е1H,34,1
553,553100297749794300553,"65,66,70.5,71,72,73,74.5,76,76.5",19.6,74.35,90.2,GMCC SZ80Е1H,34,1
553,553100297749794330553,"70.5,73.5,76.5,79,82,82.5,83.5,84.5",19.1,73.44,89.29,GMCC SZ80Е1H,34,1
553,553100297749794340553,"76,76.5,77.5,78.5,80,81.5,82.5,82",19.8,74.71,90.56,GMCC SZ80Е1H,34,1
553,553100595149702810553,"73,75,76.5,78,79.5,81,82.5,81.5",18.5,72.35,88.2,GMCC SZ80Е1H,34,1
553,553100297749794360553,"74,76,77,78,78.5,80.5,81",19.8,74.71,90.56,GMCC SZ80Е1H,34,1
553,553100297749794370553,"73.5,80.5,84,87,88",19.8,74.71,90.56,GMCC SZ80Е1H,34,1
553,553100297749794380553,"72,75.5,73,74,75,77.5,78.5,79.5,80",19.0,73.26,89.11,GMCC SZ80Е1H,34,1
553,553100297749794390553,"80,71,71.5,72,73.5,75,77,79,79.5,81",19.0,73.26,89.11,GMCC SZ80Е1H,34,1
553,553100595149660580553,"70,68,68.5,70.5,69.5,71.5,71",14.9,65.83,81.67,GMCC SZ80Е1H,34,1
553,553100150849614710553,"79.5,80.5,79,80.5,82.5,84,86,83.5",20.2,75.44,91.29,GMCC SZ80Е1H,34,1
553,553100150849616630553,"77,80.5,78.5,81,82,83.5,85.5,87.5,88",19.8,74.71,90.56,GMCC SZ80Е1H,34,1
553,553100297749794140553,"67.5,71.5,70,72.5,73.5,74.5,75.5,77",19.6,74.35,90.2,GMCC SZ80Е1H,34,1
553,553100297749794400553,"73,80,81,82,83.5,85.5,87,86.5",19.8,74.71,90.56,GMCC SZ80Е1H,34,1
553,553100595149661800553,"74,70.5,72,73.5,73",12.8,62.02,77.86,GMCC SZ80Е1H,34,1
553,553100297749794450553,"65.5,72.5,73.5,75,76.5,78.5,80",18.9,73.08,88.93,GMCC SZ80Е1H,34,1
553,553100150849612900553,"72.5,74,74.5,76,77",18.4,72.17,88.02,GMCC SZ80Е1H,34,1
553,553100595149657730553,"68,73,72.5,73,72.5,73.5,75,75.5,75",15.8,67.46,83.3,GMCC SZ80Е1H,34,1
553,553100297749794180553,"72,73,75,75.5,76.5,77,79,77.5",19.8,74.71,90.56,GMCC SZ80Е1H,34,1
553,553100595149660150553,"65.5,68.5,66,67,67.5,69,70,72",15.4,66.73,82.58,GMCC SZ80Е1H,34,1
553,553100595149692000553,"68,73,71,72.5,73.5,75,75.5,76",16.9,69.45,85.3,GMCC SZ80Е1H,34,1
553,553100150849617760553,"77,76,77,77.5,80,81,80.5",18.2,71.81,87.66,GMCC SZ80Е1H,34,1
553,553100150849612080553,"70.5,72.5,74.5,75.5,76.5,77.5,77",19.9,74.89,90.74,GMCC SZ80Е1H,34,1
553,553100595149657750553,"70,71,67.5,70,71.5,70.5,71,72,73",15.1,66.19,82.03,GMCC SZ80Е1H,34,1
553,553100595149659640553,"69,68,69,71,71.5,72,72.5,73",15.7,67.28,83.12,GMCC SZ80Е1H,34,1
553,553100595149702820553,"70,72.5,73,75.5,77,77.5,79.5,81",18.5,72.35,88.2,GMCC SZ80Е1H,34,1
553,553100595149657810553,"67,70.5,68.5,69.5,71,72,71.5",14.6,65.28,81.13,GMCC SZ80Е1H,34,1
553,553100150849610830553,"75.5,77.5,79,80.5,83.5,85.5,87.5,85.5",21.2,77.25,93.1,GMCC SZ80Е1H,34,1
553,553100595149703770553,"69.5,73,72,74,74.5,76.5,75",16.7,69.09,84.94,GMCC SZ80Е1H,34,1
553,553100595149657830553,"66,68.5,70.5,72,73,73.5,73",14.5,65.1,80.95,GMCC SZ80Е1H,34,1
553,553100595149657850553,"68.5,69.5,68.5,70.5,72,71",14.4,64.92,80.76,GMCC SZ80Е1H,34,1
553,553100595149692220553,"70,69,70.5,71,71.5,73.5,72",15.7,67.28,83.12,GMCC SZ80Е1H,34,1
553,553100150849616340553,"70.5,76.5,78,79,79.5,81,82,83.5",20.2,75.44,91.29,GMCC SZ80Е1H,34,1
553,553100595149657870553,"66.5,68.5,68,69.5,70,70.5,71,72",14.6,65.28,81.13,GMCC SZ80Е1H,34,1
553,553100595149658250553,"69.5,70,69,68.5,71,72,72.5",15.4,66.73,82.58,GMCC SZ80Е1H,34,1
553,553100297749793350553,"74.5,78,80.5,81,82,83.5,84,84.5",20.0,75.07,90.93,GMCC SZ80Е1H,34,1
553,553100595149657880553,"67.5,70,69.5,70,71,69,71,72",14.6,65.28,81.13,GMCC SZ80Е1H,34,1
553,553100150849615490553,"81,83.5,82,84.5,86.5,87",21.4,77.61,93.47,GMCC SZ80Е1H,34,1
553,553100595149657900553,"66.5,68.5,64.5,67,67.5,68,68.5,68,68.5",14.5,65.1,80.95,GMCC SZ80Е1H,34,1
553,553100150849619120553,"78.5,79,78.5,80,83,84.5,84",18.3,71.99,87.84,GMCC SZ80Е1H,34,1
553,553100595149657920553,"64.5,67,61,66,67.5,68,69,68",14.4,64.92,80.76,GMCC SZ80Е1H,34,1
553,553100150849619090553,"76,77,73.5,77.5,78.5,80,79.5",16.0,67.82,83.67,GMCC SZ80Е1H,34,1
553,553100595149658660553,"73,70,69,69.5,72,71.5,72,73.5,74.5,73",15.3,66.55,82.4,GMCC SZ80Е1H,34,1
553,553100150849618690553,"77.5,77,78,79.5,80,81,83,82.5",17.1,69.81,85.66,GMCC SZ80Е1H,34,1
553,553100595149657930553,"66.5,68.5,70.5,71,72,71.5",14.4,64.92,80.76,GMCC SZ80Е1H,34,1
553,553100595149708980553,"68.5,72.5,74.5,75.5,76.5,77,77.5",18.5,72.35,88.2,GMCC SZ80Е1H,34,1
553,553100595149658060553,"73.5,70.5,70,65,70,71.5,72,73,72.5",15.9,67.64,83.49,GMCC SZ80Е1H,34,1
553,553100595149658120553,"72,69.5,69,66.5,68.5,69.5,70,71,71.5,73,72.5,73",15.7,67.28,83.12,GMCC SZ80Е1H,34,1
553,553100150849619240553,"77.5,76.5,77,79.5,83,84.5,86,84.5",18.9,73.08,88.93,GMCC SZ80Е1H,34,1
553,553100150849611510553,"69.5,74,77,74.5,77,77.5,80.5,80",21.5,77.79,93.65,GMCC SZ80Е1H,34,1
553,553100595149658140553,"70,69.5,65,69.5,70.5,72,73.5,72",15.7,67.28,83.12,GMCC SZ80Е1H,34,1
553,553100595149658160553,"70,70.5,70,71.5,72,73.5,74,74.5",15.7,67.28,83.12,GMCC SZ80Е1H,34,1
553,553100595149691870553,"70,70.5,70,70.5,73,74,75,74.5",16.1,68.0,83.85,GMCC SZ80Е1H,34,1
553,553100595149708730553,"68,70.5,71.5,73.5,73,73.5,74.5,76,76.5",17.7,70.9,86.75,GMCC SZ80Е1H,34,1
553,553100595149658180553,"71.5,69.5,69,70,72.5,72,73.5,74",15.7,67.28,83.12,GMCC SZ80Е1H,34,1
553,553100595149658190553,"72,70.5,71,70.5,72.5,73.5,75,74.5",15.6,67.1,82.94,GMCC SZ80Е1H,34,1
553,553100595149658200553,"68.5,70.5,72,71,72,73,75,74",15.6,67.1,82.94,GMCC SZ80Е1H,34,1
553,553100595149658220553,"68.5,70.5,71.5,70.5,73.5,75.5,76.5,76",15.4,66.73,82.58,GMCC SZ80Е1H,34,1
553,553100595149658230553,"69.5,71.5,72,74,73,75,75.5",15.5,66.91,82.76,GMCC SZ80Е1H,34,1
553,553100150849610770553,"74,75.5,77,77.5,80.5,82,84.5,83.5",21.3,77.43,93.29,GMCC SZ80Е1H,34,1
553,553100595149658240553,"67,69.5,67.5,68,71,71.5,73.5",15.4,66.73,82.58,GMCC SZ80Е1H,34,1
553,553100595149658270553,"69.5,70,68,68.5,69.5,70.5,71.5,76.5,72",15.3,66.55,82.4,GMCC SZ80Е1H,34,1
553,553100595149658300553,"69,70.5,69.5,70,71,71.5,73,73.5",15.3,66.55,82.4,GMCC SZ80Е1H,34,1
553,553100297749794420553,"72,76.5,75,76,77.5,79,80.5,81.5,82.5",19.0,73.26,89.11,GMCC SZ80Е1H,34,1
553,553100595149658320553,"68.5,70,70.5,72,72.5,74,75.5",15.3,66.55,82.4,GMCC SZ80Е1H,34,1
553,553100150849612850553,"70,71.5,71,70,70.5,71,72.5,71.5,75",18.5,72.35,88.2,GMCC SZ80Е1H,34,1
553,553100595149658340553,"67,68.5,67.5,68.5,71.5,72,73,73.5",15.3,66.55,82.4,GMCC SZ80Е1H,34,1
553,553100150849612320553,"73,72.5,73,74,75,77.5,79,78.5",19.5,74.17,90.02,GMCC SZ80Е1H,34,1
553,553100595149658360553,"70.5,69,67.5,69,70.5,73,74,73",15.2,66.37,82.22,GMCC SZ80Е1H,34,1
553,553100595149658370553,"71,67.5,67,69,70,71,72,71.5",15.3,66.55,82.4,GMCC SZ80Е1H,34,1
553,553100595149659580553,"70.5,71.5,67,71,71.5,72.5,72",15.5,66.91,82.76,GMCC SZ80Е1H,34,1
553,553100595149658380553,"70,69.5,68.5,71,70.5,72.5,73,71",15.3,66.55,82.4,GMCC SZ80Е1H,34,1
553,553100595149658400553,"71,69,65,68,67,69.5,72.5,71.5",15.4,66.73,82.58,GMCC SZ80Е1H,34,1
553,553100595149658410553,"71,68,67.5,70.5,71.5,72,72.5,73",15.3,66.55,82.4,GMCC SZ80Е1H,34,1
553,553100297749792510553,"71,74,70,71,75,76,77.5,78.5,80.5,80",19.6,74.35,90.2,GMCC SZ80Е1H,34,1
553,553100595149660570553,"66,64.5,69.5,70,71,72,74",14.9,65.83,81.67,GMCC SZ80Е1H,34,1
553,553100595149658420553,"71.5,69.5,69,71.5,72,74,73.5",15.3,66.55,82.4,GMCC SZ80Е1H,34,1
553,553100595149658430553,"70,70.5,69.5,71,72,73,72",15.4,66.73,82.58,GMCC SZ80Е1H,34,1
553,553100595149705780553,"77,75,76,76.5,78.5,79,79.5",17.9,71.27,87.12,GMCC SZ80Е1H,34,1
553,553100595149658450553,"70.5,69.5,68,69,70.5,72,71.5",15.4,66.73,82.58,GMCC SZ80Е1H,34,1
553,553100595149658470553,"71.5,70,68.5,69.5,70,71.5,72.5,72",15.3,66.55,82.4,GMCC SZ80Е1H,34,1
553,553100595149662140553,"73.5,73,75,78.5,81,82,84,83.5",20.5,75.98,91.83,GMCC SZ80Е1H,34,1
553,553100595149658490553,"68,71,69,70,71.5,73,73.5",15.4,66.73,82.58,GMCC SZ80Е1H,34,1
553,553100595149703020553,"73.5,75,76,77,77.5,79.5,81.5,80",18.2,71.81,87.66,GMCC SZ80Е1H,34,1
553,553100595149658510553,"70.5,67.5,71,72.5,74.5,74,73.5",15.3,66.55,82.4,GMCC SZ80Е1H,34,1
553,553100595149708260553,"75,72.5,74.5,76.5,77,78",18.4,72.17,88.02,GMCC SZ80Е1H,34,1
553,553100595149658520553,"71,70,67.5,70,71,72.5,73,73.5,74.5",15.3,66.55,82.4,GMCC SZ80Е1H,34,1
553,553100595149658530553,"66.5,70,68,69,71.5,72,72.5",15.3,66.55,82.4,GMCC SZ80Е1H,34,1
553,553100595149658560553,"71.5,71,72,73.5,75.5,76.5",15.2,66.37,82.22,GMCC SZ80Е1H,34,1
553,553100150849612520553,"75,73,73.5,74,74.5,75.5,77.5,79.5,80",19.0,73.26,89.11,GMCC SZ80Е1H,34,1
553,553100150849611650553,"73.5,74,74.5,77,79,81,81.5",20.6,76.16,92.01,GMCC SZ80Е1H,34,1
553,553100595149658570553,"71,67.5,68,68.5,71,70.5,72.5,73.5",15.3,66.55,82.4,GMCC SZ80Е1H,34,1
553,553100595149706040553,"73,72.5,74,77,77.5,78.5",18.3,71.99,87.84,GMCC SZ80Е1H,34,1
553,553100595149661060553,"71,67,68,68.5,69,71,72,73",14.3,64.74,80.58,GMCC SZ80Е1H,34,1
553,553100595149658620553,"69.5,70,69,70,71.5,73,71.5,72",15.2,66.37,82.22,GMCC SZ80Е1H,34,1
553,553100595149658680553,"72,68,69,69.5,70.5,73,73.5,74,75",15.3,66.55,82.4,GMCC SZ80Е1H,34,1
553,553100595149658700553,"71.5,70,71,71.5,74,75.5,77.5,76",15.2,66.37,82.22,GMCC SZ80Е1H,34,1
553,553100595149692330553,"69.5,70,71.5,72.5,73.5,74,75.5,77",16.2,68.18,84.03,GMCC SZ80Е1H,34,1
553,553100150849613280553,"76.5,79,77.5,78.5,79.5,80.5,81.5,81",18.2,71.81,87.66,GMCC SZ80Е1H,34,1
553,553100595149709280553,"68.5,72.5,74,74.5,76,77.5,78",17.2,70.0,85.84,GMCC SZ80Е1H,34,1
553,553100595149692290553,"68,70,68.5,68,69.5,71.5,73,72.5",16.9,69.45,85.3,GMCC SZ80Е1H,34,1
553,553100595149658740553,"72.5,70.5,69.5,71,72.5,73.5,71",15.2,66.37,82.22,GMCC SZ80Е1H,34,1
553,553100595149658760553,"66.5,69,68,68.5,67.5,70,70.5,71,73.5",15.4,66.73,82.58,GMCC SZ80Е1H,34,1
553,553100595149703750553,"74,72,70.5,71,74.5,75.5,77",16.9,69.45,85.3,GMCC SZ80Е1H,34,1
553,553100595149658770553,"73,69.5,69,70,71,72,73,71.5",15.2,66.37,82.22,GMCC SZ80Е1H,34,1
553,553100595149704030553,"72,71,70,71.5,72,73,73.5,74.5",16.3,68.36,84.21,GMCC SZ80Е1H,34,1
553,553100595149658820553,"69.5,69,70.5,71,72.5,73",15.2,66.37,82.22,GMCC SZ80Е1H,34,1
553,553100595149704560553,"65.5,68.5,68,69,70,71,72",15.7,67.28,83.12,GMCC SZ80Е1H,34,1
553,553100595149658840553,"65,68,67,67.5,68,70,72,73,73.5,74.5",15.1,66.19,82.03,GMCC SZ80Е1H,34,1
553,553100595149660310553,"70,69,71,73,72",15.2,66.37,82.22,GMCC SZ80Е1H,34,1
553,553100595149658850553,"73.5,68.5,71,73,74,75.5",15.2,66.37,82.22,GMCC SZ80Е1H,34,1
553,553100595149706770553,"76,73,72,74.5,76,77,79,80.5,79",18.3,71.99,87.84,GMCC SZ80Е1H,34,1
553,553100595149662480553,"74,75.5,76,77.5,79,81,83,82.5",20.3,75.62,91.47,GMCC SZ80Е1H,34,1
553,553100595149658860553,"64,67.5,64.5,68,68.5,71,70.5,71",15.1,66.19,82.03,GMCC SZ80Е1H,34,1
553,553100595149692490553,"70.5,72.5,71,72,72.5,73,75,76.5",17.0,69.63,85.48,GMCC SZ80Е1H,34,1
553,553100595149658990553,"73,73.5,72,73,75.5,76,75",16.3,68.36,84.21,GMCC SZ80Е1H,34,1
553,553100595149659030553,"66,69.5,69,70,71.5,71",16.3,68.36,84.21,GMCC SZ80Е1H,34,1
553,553100595149659040553,"69.5,67,67.5,66,68.5,69.5,70.5,69",15.2,66.37,82.22,GMCC SZ80Е1H,34,1
553,553100595149659050553,"74,72,70,72,73.5,75,76.5,75.5",16.3,68.36,84.21,GMCC SZ80Е1H,34,1
553,553100595149659110553,"67,69.5,71,73.5,74,74.5",16.2,68.18,84.03,GMCC SZ80Е1H,34,1
553,553100595149705720553,"72,74,76,76.5,77.5,80,82,81",17.9,71.27,87.12,GMCC SZ80Е1H,34,1
553,553100595149659150553,"71.5,69,68.5,70,71,72.5,71.5",16.1,68.0,83.85,GMCC SZ80Е1H,34,1
553,553100595149708480553,"73,76,75,77,78.5,80,81",18.1,71.63,87.48,GMCC SZ80Е1H,34,1
553,553100595149659170553,"74.5,71.5,71,70.5,71,71.5,72,73,73.5,74",16.1,68.0,83.85,GMCC SZ80Е1H,34,1
553,553100595149706600553,"66,69.5,71,70.5,72,73.5,75,76.5,76,77",19.2,73.62,89.47,GMCC SZ80Е1H,34,1
553,553100595149659180553,"72.5,69.5,68.5,69.5,70.5,71,72,73.5",16.0,67.82,83.67,GMCC SZ80Е1H,34,1
553,553100150849619180553,"76.5,75,78.5,79.5,80.5,81.5,83,85",18.6,72.53,88.39,GMCC SZ80Е1H,34,1
553,553100595149659200553,"70.5,67.5,68,67,68,68.5,70,68.5",16.0,67.82,83.67,GMCC SZ80Е1H,34,1
553,553100595149659220553,"72.5,71,70,71,72,74.5,71.5",15.9,67.64,83.49,GMCC SZ80Е1H,34,1
553,553100595149706200553,"71.5,73,72.5,73.5,74,75.5,77,76",18.2,71.81,87.66,GMCC SZ80Е1H,34,1
553,553100297749793460553,"71.5,77,75.5,77,77.5,79,79.5,80",20.0,75.07,90.93,GMCC SZ80Е1H,34,1
553,553100595149659240553,"73.5,71,70.5,69.5,71.5,73,73.5",16.0,67.82,83.67,GMCC SZ80Е1H,34,1
553,553100297749793020553,"74,77.5,78,80,81.5,83,85,84",20.0,75.07,90.93,GMCC SZ80Е1H,34,1
553,553100595149703810553,"71.5,73,71,71.5,74.5,76,76.5",16.7,69.09,84.94,GMCC SZ80Е1H,34,1
553,553100595149709080553,"69,72.5,74,75.5,76,78,77.5",17.7,70.9,86.75,GMCC SZ80Е1H,34,1
553,553100595149659250553,"71,69.5,68,70,70.5,70,71,72,73",15.9,67.64,83.49,GMCC SZ80Е1H,34,1
553,553100150849610480553,"75.5,78.5,82.5,84,86,88.5,89.5",21.4,77.61,93.47,GMCC SZ80Е1H,34,1
553,553100595149662680553,"73,77,77.5,78.5,79.5,81.5,83,82.5",20.3,75.62,91.47,GMCC SZ80Е1H,34,1
553,553100595149659260553,"68.5,67.5,67,68.5,71,72,74",15.9,67.64,83.49,GMCC SZ80Е1H,34,1
553,553100595149660160553,"71.5,69,68,68.5,70,71,70.5,73,71.5",15.4,66.73,82.58,GMCC SZ80Е1H,34,1
553,553100595149659290553,"73.5,70,69,70,71.5,73,73.5,74.5",15.9,67.64,83.49,GMCC SZ80Е1H,34,1
553,553100595149659320553,"70,71,70.5,71.5,73.5,74,75.5",15.8,67.46,83.3,GMCC SZ80Е1H,34,1
553,553100595149659340553,"70.5,68,67.5,68.5,69.5,70,70.5,72,74",15.9,67.64,83.49,GMCC SZ80Е1H,34,1
553,553100297749791810553,"76.5,76,81,82,84,83.5,85,86",20.9,76.7,92.56,GMCC SZ80Е1H,34,1
553,553100595149660770553,"70,68,69.5,68,70,71.5,74,72.5",15.2,66.37,82.22,GMCC SZ80Е1H,34,1
553,553100595149659350553,"70,67.5,66.5,68.5,69.5,70.5,73,72",15.6,67.1,82.94,GMCC SZ80Е1H,34,1
553,553100595149659360553,"66.5,65,72,72.5,74,73",15.7,67.28,83.12,GMCC SZ80Е1H,34,1
553,553100595149659370553,"64,66,66.5,67,67.5,68,69",15.7,67.28,83.12,GMCC SZ80Е1H,34,1
553,553100595149659380553,"73,72.5,71.5,72.5,73,75,74",15.7,67.28,83.12,GMCC SZ80Е1H,34,1
553,553100595149659400553,"66.5,69.5,66.5,69.5,71,71.5",15.1,66.19,82.03,GMCC SZ80Е1H,34,1
553,553100297749791990553,"80,76.5,78,80.5,83.5,85.5,84",20.8,76.52,92.38,GMCC SZ80Е1H,34,1
553,553100150849615270553,"81,82,83,85,84.5,85.5,89.5,86",21.3,77.43,93.29,GMCC SZ80Е1H,34,1
553,553100595149706840553,"72,74,72,72.5,73.5,74,74.5,73",18.2,71.81,87.66,GMCC SZ80Е1H,34,1
553,553100595149706930553,"71.5,70.5,69,71,72.5,75,73",17.9,71.27,87.12,GMCC SZ80Е1H,34,1
553,553100595149808800553,"74,77.5,79.5,83,85,84.5",24.3,82.87,98.73,GMCC SZ80Е1H,34,1
553,553100595149658670553,"69.5,68,66,66.5,68.5,70.5,68.5",15.3,66.55,82.4,GMCC SZ80Е1H,34,1
553,553100595149659410553,"66,69.5,67,68.5,69,68.5,70.5,71",15.1,66.19,82.03,GMCC SZ80Е1H,34,1
553,553100297749791660553,"73,78,77,78,79.5,81,82.5,83,84.5,86",21.1,77.07,92.92,GMCC SZ80Е1H,34,1
553,553100595149659420553,"70.5,69,68.5,69,69.5,71,71.5,74",15.7,67.28,83.12,GMCC SZ80Е1H,34,1
553,553100595149659440553,"69.5,70,68.5,70,70.5,71.5,72.5,72",15.7,67.28,83.12,GMCC SZ80Е1H,34,1
553,553100595149659460553,"71.5,67.5,67,67.5,69,70,69.5,71,71.5,72",15.6,67.1,82.94,GMCC SZ80Е1H,34,1
553,553100595149659470553,"69.5,68,67.5,69.5,69,71,69.5,71.5",15.7,67.28,83.12,GMCC SZ80Е1H,34,1
553,553100595149659480553,"72,68,70,69.5,71,71.5,73.5,73",15.6,67.1,82.94,GMCC SZ80Е1H,34,1
553,553100595149662490553,"74,73.5,74.5,77.5,80,83.5,84",20.4,75.8,91.65,GMCC SZ80Е1H,34,1
553,553100595149659530553,"70.5,68,67,68.5,70,70.5,71",15.5,66.91,82.76,GMCC SZ80Е1H,34,1
553,553100595149659550553,"70.5,67.5,67,68.5,69.5,70.5,71.5,70.5",15.6,67.1,82.94,GMCC SZ80Е1H,34,1
553,553100595149659570553,"68.5,68,67,68.5,69,71,71.5",15.5,66.91,82.76,GMCC SZ80Е1H,34,1
553,553100595149659090553,"74,71.5,70.5,71.5,73.5,74,75.5,75",16.3,68.36,84.21,GMCC SZ80Е1H,34,1
553,553100595149661210553,"71.5,68,69.5,69,70,70.5,71.5,73",14.0,64.19,80.04,GMCC SZ80Е1H,34,1
553,553100595149659590553,"72,70,69.5,71,72.5,73,76,74.5",15.4,66.73,82.58,GMCC SZ80Е1H,34,1
553,553100595149659650553,"72,71,69,70.5,72,73.5,73",15.7,67.28,83.12,GMCC SZ80Е1H,34,1
553,553100595149659660553,"70,68.5,69,68,69.5,70,71.5,70,71.5",15.6,67.1,82.94,GMCC SZ80Е1H,34,1
553,553100595149659670553,"71.5,71,70.5,72,73.5,74.5,74",15.6,67.1,82.94,GMCC SZ80Е1H,34,1
553,553100595149659700553,"71,68.5,68,70,71.5,72,71.5",15.6,67.1,82.94,GMCC SZ80Е1H,34,1
553,553100595149706390553,"70.5,75,74,77.5,78,80.5",19.4,73.98,89.84,GMCC SZ80Е1H,34,1
553,553100595149659750553,"74,72,71.5,72,71.5,73,73.5,75,74,75,76",15.8,67.46,83.3,GMCC SZ80Е1H,34,1
553,553100297749792210553,"73.5,74.5,77,78,80,81",20.2,75.44,91.29,GMCC SZ80Е1H,34,1
553,553100595149704100553,"71,69.5,64,71,70.5,71,70.5,72,73.5",16.1,68.0,83.85,GMCC SZ80Е1H,34,1
553,553100595149659780553,"73.5,72,72.5,74,75,76",15.4,66.73,82.58,GMCC SZ80Е1H,34,1
553,553100150849493040553,"78,77,78,77.5,78,78.5,79.5,77,78,78.5,79",16.9,69.45,85.3,GMCC SZ80Е1H,34,1
553,553100595149659810553,"72.5,70,71,70.5,72,72.5,74,73",15.6,67.1,82.94,GMCC SZ80Е1H,34,1
553,553100595149704580553,"69,71.5,72,72.5,73.5,75.5,75",15.7,67.28,83.12,GMCC SZ80Е1H,34,1
553,553100595149658880553,"68,70,70.5,69.5,71.5,72,73.5,74",15.1,66.19,82.03,GMCC SZ80Е1H,34,1
553,553100595149659830553,"64.5,70,70.5,71,71.5,72.5,73.5,72",15.2,66.37,82.22,GMCC SZ80Е1H,34,1
553,553100595149703420553,"72.5,74.5,75,75.5,77,78,79,78.5",17.1,69.81,85.66,GMCC SZ80Е1H,34,1
553,553100595149705070553,"73,74.5,75,77,77.5,79,79.5,80",18.6,72.53,88.39,GMCC SZ80Е1H,34,1
553,553100150849614440553,"76.5,75,77.5,76.5,79,79.5,80",17.1,69.81,85.66,GMCC SZ80Е1H,34,1
553,553100595149659840553,"71.5,70,69,70.5,72,74,72.5",15.2,66.37,82.22,GMCC SZ80Е1H,34,1
553,553100595149659860553,"70,68.5,70,70.5,72,73,73.5",15.2,66.37,82.22,GMCC SZ80Е1H,34,1
553,553100595149659900553,"71.5,70.5,70,70.5,72.5,74,73.5",15.2,66.37,82.22,GMCC SZ80Е1H,34,1
553,553100595149659730553,"68,68.5,69.5,70.5,71.5,72.5,73.5",15.8,67.46,83.3,GMCC SZ80Е1H,34,1
553,553100595149659910553,"72.5,71,70.5,70,70.5,73,72",15.2,66.37,82.22,GMCC SZ80Е1H,34,1
553,553100595149662280553,"77,78.5,80.5,82.5,85,86.5,85.5",20.4,75.8,91.65,GMCC SZ80Е1H,34,1
553,553100595149659950553,"66.5,65.5,66.5,67,68.5,69",15.2,66.37,82.22,GMCC SZ80Е1H,34,1
553,553100150849618630553,"75,75.5,77.5,76,78,80.5,81",16.6,68.91,84.76,GMCC SZ80Е1H,34,1
553,553100150849618640553,"74.5,75,75.5,76.5,77.5,78,78.5,80",16.5,68.73,84.57,GMCC SZ80Е1H,34,1
553,553100595149659980553,"69,68,69.5,70.5,71,72",15.7,67.28,83.12,GMCC SZ80Е1H,34,1
553,553100595149708590553,"73.5,75,76,77.5,78,80,80.5,81",17.9,71.27,87.12,GMCC SZ80Е1H,34,1
553,553100595149659990553,"71.5,69,68.5,69.5,71,72,73.5,73",15.6,67.1,82.94,GMCC SZ80Е1H,34,1
553,553100595149809030553,"70.5,73,74,74.5,76,77,79.5,80.5,82.5,83.5",23.8,81.96,97.82,GMCC SZ80Е1H,34,1
553,553100595149660010553,"72,71.5,73,74,74.5,75,74",15.6,67.1,82.94,GMCC SZ80Е1H,34,1
553,553100595149660030553,"72.5,69.5,69,68.5,71,70,71,70.5",15.6,67.1,82.94,GMCC SZ80Е1H,34,1
553,553100595149703060553,"72,70.5,72.5,73.5,74.5,76.5,77.5,79",18.2,71.81,87.66,GMCC SZ80Е1H,34,1
553,553100595149660040553,"69,68,65.5,67.5,69.5,72,71",15.6,67.1,82.94,GMCC SZ80Е1H,34,1
553,553100595149660050553,"70.5,68.5,67.5,70,72,73.5,75,76.5",15.6,67.1,82.94,GMCC SZ80Е1H,34,1
553,553100595149659190553,"72,70.5,70,71,72,73.5,74.5,76",16.3,68.36,84.21,GMCC SZ80Е1H,34,1
553,553100595149660060553,"70,68.5,67,69.5,72,74,76,75.5",15.6,67.1,82.94,GMCC SZ80Е1H,34,1
553,553100595149660080553,"68,69.5,68.5,70.5,71,72.5,71.5",15.6,67.1,82.94,GMCC SZ80Е1H,34,1
553,553100150849611840553,"69,70,71.5,73.5,74.5,76,77,78.5",19.9,74.89,90.74,GMCC SZ80Е1H,34,1
553,553100595149660090553,"68.5,70.5,67,70,71,71.5,75",15.5,66.91,82.76,GMCC SZ80Е1H,34,1
553,553100595149660100553,"67,69.5,68.5,69,69.5,70.5,72.5,73.5",15.5,66.91,82.76,GMCC SZ80Е1H,34,1
553,553100595149660110553,"68.5,71,69.5,72,74,74.5,76",15.5,66.91,82.76,GMCC SZ80Е1H,34,1
553,553100595149660130553,"71.5,68,69.5,69,70,71.5,71,73",15.5,66.91,82.76,GMCC SZ80Е1H,34,1
553,553100595149660140553,"67,67.5,68,69.5,71.5,73.5",15.5,66.91,82.76,GMCC SZ80Е1H,34,1
553,553100595149660200553,"71.5,68.5,66,67.5,69,70,71.5,70",15.4,66.73,82.58,GMCC SZ80Е1H,34,1
553,553100595149658390553,"68,69,68.5,69.5,70,70.5,72.5,71",15.4,66.73,82.58,GMCC SZ80Е1H,34,1
553,553100595149660230553,"70.5,66.5,65,66,66.5,67.5,69,68.5",15.2,66.37,82.22,GMCC SZ80Е1H,34,1
553,553100595149660240553,"72,67,66.5,67.5,67,66.5,69.5,67.5",15.1,66.19,82.03,GMCC SZ80Е1H,34,1
553,553100150849611390553,"79,74.5,73.5,75,76.5,77,78.5,80.5,83",21.5,77.79,93.65,GMCC SZ80Е1H,34,1
553,553100595149662700553,"73.5,74.5,76.5,78,78.5,81,83,82.5",20.3,75.62,91.47,GMCC SZ80Е1H,34,1
553,553100595149703090553,"72,71,73.5,76.5,78,79,81,82",18.7,72.72,88.57,GMCC SZ80Е1H,34,1
553,553100595149660260553,"72,68.5,65.5,67.5,68,69.5,71.5,71",15.2,66.37,82.22,GMCC SZ80Е1H,34,1
553,553100595149660270553,"69,67.5,66,66.5,67.5,68.5,69.5,70,69",15.1,66.19,82.03,GMCC SZ80Е1H,34,1
553,553100595149703000553,"66.5,72.5,73.5,74.5,75,76,77,78.5",18.2,71.81,87.66,GMCC SZ80Е1H,34,1
553,553100595149660320553,"72.5,69.5,67.5,69.5,70.5,70,71,71.5",15.4,66.73,82.58,GMCC SZ80Е1H,34,1
553,553100595149660330553,"70.5,69,68.5,70.5,71,72.5,71.5",15.7,67.28,83.12,GMCC SZ80Е1H,34,1
553,553100595149660540553,"72,68,67.5,68,69,68.5,71.5,70,70.5",14.9,65.83,81.67,GMCC SZ80Е1H,34,1
553,553100150849618180553,"76.5,77.5,78.5,79,81.5,80.5",17.3,70.18,86.03,GMCC SZ80Е1H,34,1
553,553100595149660340553,"70,65.5,67,66.5,68.5,69.5,71,71.5,72.5",15.0,66.01,81.85,GMCC SZ80Е1H,34,1
553,553100595149658310553,"66,69.5,67.5,70,70.5,71,73.5,74.5,74",15.3,66.55,82.4,GMCC SZ80Е1H,34,1
553,553100595149660350553,"71,68.5,69.5,71,71.5,71",15.2,66.37,82.22,GMCC SZ80Е1H,34,1
553,553100595149660380553,"67.5,67,66,66.5,68,69,69.5",15.2,66.37,82.22,GMCC SZ80Е1H,34,1
553,553100595149660390553,"70.5,66.5,65.5,66.5,67.5,69.5,69",15.2,66.37,82.22,GMCC SZ80Е1H,34,1
553,553100595149660400553,"70,67,64.5,65,67,68,68.5,70,70.5",14.8,65.64,81.49,GMCC SZ80Е1H,34,1
553,553100150849610260553,"74.5,75.5,76,78.5,80.5,82,82.5,85,86.5",21.6,77.97,93.83,GMCC SZ80Е1H,34,1
553,553100595149660420553,"61.5,64.5,63.5,66,67,68,68.5,69.5",14.9,65.83,81.67,GMCC SZ80Е1H,34,1
553,553100595149660430553,"67,64.5,64,65,66,66.5,67.5,68,69,68.5",14.9,65.83,81.67,GMCC SZ80Е1H,34,1
553,553100150849618580553,"76,75.5,75,77,79,80,79.5",16.4,68.55,84.39,GMCC SZ80Е1H,34,1
553,553100595149705940553,"80,70.5,72.5,72,74.5,77.5,76.5,78.5,79.5",18.3,71.99,87.84,GMCC SZ80Е1H,34,1
553,553100595149660440553,"69,67,66.5,67,68.5,69.5,70",14.9,65.83,81.67,GMCC SZ80Е1H,34,1
553,553100150849612160553,"75,74,73.5,75,76.5,79,81",19.6,74.35,90.2,GMCC SZ80Е1H,34,1
553,553100595149692500553,"68.5,69.5,67,68.5,68,69.5,71.5,69.5",15.7,67.28,83.12,GMCC SZ80Е1H,34,1
553,553100150849614430553,"74.5,73,74,79.5,80.5,81.5,80,82.5",17.1,69.81,85.66,GMCC SZ80Е1H,34,1
553,553100595149660450553,"69.5,67.5,68,69.5,70,70.5,72",15.3,66.55,82.4,GMCC SZ80Е1H,34,1
553,553100595149660490553,"71.5,68,66.5,68,69,69.5,71",14.9,65.83,81.67,GMCC SZ80Е1H,34,1
553,553100595149660500553,"70,67.5,68.5,69,70.5,68.5",15.2,66.37,82.22,GMCC SZ80Е1H,34,1
553,553100595149660530553,"70.5,68,67,68.5,69,70,71,70.5",14.9,65.83,81.67,GMCC SZ80Е1H,34,1
553,553100595149809650553,"79.5,83,84,86.5,87.5,88.5,89,89.5,90",23.4,81.24,97.1,GMCC SZ80Е1H,34,1
553,553100595149660590553,"71.5,69.5,71,70.5,71.5,73,74",14.7,65.46,81.31,GMCC SZ80Е1H,34,1
553,553100595149660610553,"68,68.5,69,70,70.5,71.5,73,72.5",14.8,65.64,81.49,GMCC SZ80Е1H,34,1
553,553100150849614020553,"77,76.5,78.5,79,79.5,81,83,82",17.5,70.54,86.39,GMCC SZ80Е1H,34,1
553,553100595149660630553,"67.5,70.5,69.5,71.5,72,72.5,74.5,73,73.5",14.8,65.64,81.49,GMCC SZ80Е1H,34,1
553,553100595149660640553,"64.5,67.5,64.5,68,70,71,72,73",14.9,65.83,81.67,GMCC SZ80Е1H,34,1
553,553100595149704260553,"70.5,73,71.5,72,73.5,74.5,76.5,76,77",17.0,69.63,85.48,GMCC SZ80Е1H,34,1
553,553100595149660690553,"69,70,67.5,68.5,69.5,70,71,70",14.8,65.64,81.49,GMCC SZ80Е1H,34,1
553,553100595149660700553,"67,71,65,70,70.5,71.5,72.5,73,74",14.9,65.83,81.67,GMCC SZ80Е1H,34,1
553,553100150849611640553,"95.5,85,89,87,86.5,85.5,85,83.5",20.6,76.16,92.01,GMCC SZ80Е1H,34,1
553,553100150849617430553,"76,77.5,78,79.5,79,81,82.5,83",17.9,71.27,87.12,GMCC SZ80Е1H,34,1
553,553100595149708870553,"69.5,71,71.5,73,74.5,75.5,75",17.8,71.08,86.93,GMCC SZ80Е1H,34,1
553,553100595149660720553,"72,68,66.5,67.5,68,68.5,70,68",14.9,65.83,81.67,GMCC SZ80Е1H,34,1
553,553100595149660750553,"64.5,67.5,68,65,68.5,69,69.5,70.5,71.5",14.8,65.64,81.49,GMCC SZ80Е1H,34,1
553,553100595149708610553,"75,74.5,72.5,75,75.5,77,77.5,79,80,81.5",18.3,71.99,87.84,GMCC SZ80Е1H,34,1
553,553100595149660790553,"71,67.5,66.5,66,67.5,69.5,71,70.5",14.9,65.83,81.67,GMCC SZ80Е1H,34,1
553,553100595149660810553,"71.5,68.5,67.5,68.5,69,70,70.5,71.5",14.6,65.28,81.13,GMCC SZ80Е1H,34,1
553,553100595149660820553,"74,67,67.5,68,69.5,70.5,70,70.5",14.6,65.28,81.13,GMCC SZ80Е1H,34,1
553,553100595149660830553,"70,67,66,68,69.5,69,69.5,70.5",14.7,65.46,81.31,GMCC SZ80Е1H,34,1
553,553100595149692240553,"70.5,72.5,70.5,71.5,72.5,73,73.5,75,75.5,75,75.5,76.5,76,76.5,77.5",17.5,70.54,86.39,GMCC SZ80Е1H,34,1
553,553100595149707690553,"70,72.5,73,73.5,75.5,76,78,79.5",19.9,74.89,90.74,GMCC SZ80Е1H,34,1
553,553100595149660840553,"70.5,68.5,67.5,68.5,69.5,70.5,71.5",14.6,65.28,81.13,GMCC SZ80Е1H,34,1
553,553100595149704210553,"67,70,69,71,70.5,72,73,73.5",16.1,68.0,83.85,GMCC SZ80Е1H,34,1
553,553100595149660880553,"72,70,69,70,71,72,73,72.5",14.4,64.92,80.76,GMCC SZ80Е1H,34,1
553,553100150849612800553,"71.5,75,74,75,76,78.5,77.5",18.5,72.35,88.2,GMCC SZ80Е1H,34,1
553,553100595149707000553,"73.5,74.5,73.5,76.5,77,80,77.5",18.2,71.81,87.66,GMCC SZ80Е1H,34,1
553,553100595149660920553,"67.5,64.5,67,69,71.5,73,72,73",14.3,64.74,80.58,GMCC SZ80Е1H,34,1
553,553100297749791890553,"77,76.5,75.5,74.5,76.5,78,79.5,80.5,82.5",20.7,76.34,92.2,GMCC SZ80Е1H,34,1
553,553100595149708320553,"76,74.5,74,76,76.5,78,79,79.5",18.3,71.99,87.84,GMCC SZ80Е1H,34,1
553,553100595149660870553,"70,69,65.5,68,68.5,70",14.7,65.46,81.31,GMCC SZ80Е1H,34,1
553,553100150849617740553,"79.5,80,79,80.5,82,83.5",17.6,70.72,86.57,GMCC SZ80Е1H,34,1
553,553100595149660940553,"67,68.5,58.5,69,63.5,66,70,72.5",14.3,64.74,80.58,GMCC SZ80Е1H,34,1
553,553100595149661360553,"64,67,68,67,68,69.5,68.5,69.5",13.8,63.83,79.67,GMCC SZ80Е1H,34,1
553,553100595149708830553,"72.5,72,71.5,72,73.5,75,75.5,77.5,77",17.7,70.9,86.75,GMCC SZ80Е1H,34,1
553,553100595149809510553,"78.5,77.5,78.5,81.5,82.5,85,86.5,90,90.5",24.2,82.69,98.55,GMCC SZ80Е1H,34,1
553,553100595149661080553,"67.5,68.5,69,69.5,71,69.5",14.2,64.56,80.4,GMCC SZ80Е1H,34,1
553,553100595149661090553,"70.5,67,65.5,68.5,69.5,71.5,72.5,71",14.2,64.56,80.4,GMCC SZ80Е1H,34,1
553,553100595149661100553,"69,70,69.5,70.5,72.5,73.5,74.5,74",14.2,64.56,80.4,GMCC SZ80Е1H,34,1
553,553100595149705630553,"74.5,74,73.5,74,75.5,77,78,78.5",17.9,71.27,87.12,GMCC SZ80Е1H,34,1
553,553100595149661130553,"71.5,68.5,68,70.5,71,71.5,72.5",14.1,64.38,80.22,GMCC SZ80Е1H,34,1
553,553100595149661160553,"70.5,69.5,70,70.5,72.5,73,74,73.5",14.2,64.56,80.4,GMCC SZ80Е1H,34,1
553,553100595149659160553,"72.5,70,70.5,72,73,73.5,74",16.0,67.82,83.67,GMCC SZ80Е1H,34,1
553,553100595149661170553,"68,67.5,68,70,71,72",14.1,64.38,80.22,GMCC SZ80Е1H,34,1
553,553100595149661190553,"69.5,68.5,68,69,69.5,70.5,71.5,74.5",14.1,64.38,80.22,GMCC SZ80Е1H,34,1
553,553100595149709290553,"73,71.5,71,72.5,74,75,76,77",17.1,69.81,85.66,GMCC SZ80Е1H,34,1
553,553100595149661240553,"67.5,68,69,70,70.5,71.5,73,72.5",14.0,64.19,80.04,GMCC SZ80Е1H,34,1
553,553100595149661270553,"70.5,68.5,64,67.5,69,68.5,69.5",14.1,64.38,80.22,GMCC SZ80Е1H,34,1
553,553100595149661280553,"68,67,66,67.5,65.5,68.5,70,71",14.0,64.19,80.04,GMCC SZ80Е1H,34,1
553,553100595149692520553,"72.5,68.5,69.5,70,69.5,70.5,71.5,73",14.9,65.83,81.67,GMCC SZ80Е1H,34,1
553,553100150849614200553,"80.5,80,81,82,86,86.5,90,89",20.4,75.8,91.65,GMCC SZ80Е1H,34,1
553,553100595149661320553,"71,69.5,68.5,70,71.5,72",13.9,64.01,79.86,GMCC SZ80Е1H,34,1
553,553100595149661330553,"68.5,67,69,70.5,70,71.5,72.5,73.5,74",14.0,64.19,80.04,GMCC SZ80Е1H,34,1
553,553100595149808640553,"76.5,80,81.5,85,86,87.5,88.5",23.9,82.14,98.0,GMCC SZ80Е1H,34,1
553,553100150849493050553,"76,77,77.5,78.5,79.5,80.5,80",16.9,69.45,85.3,GMCC SZ80Е1H,34,1
553,553100595149704990553,"73.5,75,76,78,78.5,79.5,81,80",18.6,72.53,88.39,GMCC SZ80Е1H,34,1
553,553100595149661340553,"70,68.5,69.5,71,73.5",13.7,63.65,79.49,GMCC SZ80Е1H,34,1
553,553100595149691730553,"70.5,71,71.5,73.5,75.5,75",16.7,69.09,84.94,GMCC SZ80Е1H,34,1
553,553100595149661350553,"65,67,68,70.5,71.5,74",13.7,63.65,79.49,GMCC SZ80Е1H,34,1
553,553100297749791850553,"70.5,73,75.5,76,79,81,82,83.5",20.8,76.52,92.38,GMCC SZ80Е1H,34,1
553,553100595149661370553,"65.5,67.5,66.5,68,69,70.5,71.5,72",13.6,63.47,79.31,GMCC SZ80Е1H,34,1
553,553100595149661380553,"68,68.5,69.5,70.5,72.5,73.5,73",13.7,63.65,79.49,GMCC SZ80Е1H,34,1
553,553100595149661400553,"72.5,69,70,71,71.5,72,74",14.0,64.19,80.04,GMCC SZ80Е1H,34,1
553,553100595149661420553,"65.5,70,66.5,68.5,69,71.5,70",13.9,64.01,79.86,GMCC SZ80Е1H,34,1
553,553100595149703640553,"68.5,71,69.5,70.5,72,73,74,74.5,75.5",16.9,69.45,85.3,GMCC SZ80Е1H,34,1
553,553100595149709520553,"73.5,71,70.5,71,72,73,75,74.5,76,75.5",16.7,69.09,84.94,GMCC SZ80Е1H,34,1
553,553100595149661450553,"67,65,67,68.5,71",13.5,63.29,79.13,GMCC SZ80Е1H,34,1
553,553100150849617770553,"77.5,77,79,80.5,79.5,80.5,82",17.6,70.72,86.57,GMCC SZ80Е1H,34,1
553,553100595149661490553,"72,67,67.5,68,69,70,70.5",13.5,63.29,79.13,GMCC SZ80Е1H,34,1
553,553100150849618480553,"75.5,76,76.5,75.5,76.5,78,79,80.5,79.5",16.6,68.91,84.76,GMCC SZ80Е1H,34,1
553,553100297749792620553,"75,74.5,75,75.5,77,78,80.5,81.5",19.4,73.98,89.84,GMCC SZ80Е1H,34,1
553,553100150849612290553,"71,72.5,71.5,74,75.5,77,77.5,80",19.3,73.8,89.66,GMCC SZ80Е1H,34,1
553,553100595149692420553,"68,70.5,69,73,73.5,75,73",14.8,65.64,81.49,GMCC SZ80Е1H,34,1
553,553100595149661500553,"64.5,65,62.5,65.5,67.5,68.5,69.5,70.5",13.4,63.11,78.95,GMCC SZ80Е1H,34,1
553,553100595149707460553,"72,75,75.5,77.5,78,79.5,80.5,81.5,82.5,83,82.5",20.5,75.98,91.83,GMCC SZ80Е1H,34,1
553,553100150849493180553,"74,75,78,79,80,81.5,81",16.7,69.09,84.94,GMCC SZ80Е1H,34,1
553,553100595149661530553,"63,66,68.5,69.5,70.5,72",13.6,63.47,79.31,GMCC SZ80Е1H,34,1
553,553100297749792640553,"73.5,75,76.5,79,81,81.5,83.5",19.5,74.17,90.02,GMCC SZ80Е1H,34,1
553,553100595149662340553,"74.5,76,78,80,82,85,87.5,86.5",20.3,75.62,91.47,GMCC SZ80Е1H,34,1
553,553100595149661550553,"65.5,69.5,67,70,71,72,72.5,73.5",13.6,63.47,79.31,GMCC SZ80Е1H,34,1
553,553100595149662180553,"77.5,76.5,77,79.5,81.5,82.5,86",20.5,75.98,91.83,GMCC SZ80Е1H,34,1
553,553100595149661570553,"64.5,65.5,66,65.5,66.5,67.5,70,68",13.2,62.74,78.59,GMCC SZ80Е1H,34,1
553,553100595149661580553,"63.5,64.5,62.5,64.5,66,68,69",13.1,62.56,78.4,GMCC SZ80Е1H,34,1
553,553100150849617630553,"76.5,74,76.5,77.5,79,79.5,80.5,82",17.6,70.72,86.57,GMCC SZ80Е1H,34,1
553,553100595149703920553,"68,73.5,72,74,76,75,76,76.5",17.0,69.63,85.48,GMCC SZ80Е1H,34,1
553,553100595149659500553,"69.5,67,68,69,70,70.5",15.7,67.28,83.12,GMCC SZ80Е1H,34,1
553,553100595149661600553,"65.5,66.5,59,64.5,66.5,65.5,66.5,67.5,68",13.3,62.93,78.77,GMCC SZ80Е1H,34,1
553,553100595149661640553,"69.5,66.5,65,68,67.5,69.5,71.5,72,72.5,73",12.9,62.2,78.04,GMCC SZ80Е1H,34,1
553,553100595149661660553,"62.5,66,63.5,65,66.5,66",13.1,62.56,78.4,GMCC SZ80Е1H,34,1
553,553100150849612170553,"71,73,73.5,75,76,78,78.5,81",19.5,74.17,90.02,GMCC SZ80Е1H,34,1
553,553100595149661670553,"65,68,67.5,67,69,70.5,71",13.6,63.47,79.31,GMCC SZ80Е1H,34,1
553,553100595149704470553,"71,73,73.5,75,76.5,76",15.7,67.28,83.12,GMCC SZ80Е1H,34,1
553,553100595149661680553,"67,67.5,66.5,68,67.5,69,70.5",13.5,63.29,79.13,GMCC SZ80Е1H,34,1
553,553100595149809930553,"73.5,77.5,78.5,81,82,84",21.7,78.15,94.01,GMCC SZ80Е1H,34,1
553,553100595149704760553,"74,76,77.5,79,80.5,81.5,82,84,83.5",18.7,72.72,88.57,GMCC SZ80Е1H,34,1
553,553100595149661690553,"65,67.5,68,68.5,69.5,71.5",13.5,63.29,79.13,GMCC SZ80Е1H,34,1
553,553100595149705890553,"71.5,70.5,71.5,74,76,77,78,78.5,79,81",18.2,71.81,87.66,GMCC SZ80Е1H,34,1
553,553100595149661750553,"69,68.5,69,70,69.5",12.6,61.66,77.5,GMCC SZ80Е1H,34,1
553,553100595149661760553,"71,70,69.5,70.5,71,71.5,71",12.9,62.2,78.04,GMCC SZ80Е1H,34,1
553,553100595149661770553,"71,69.5,66,68,69.5,68.5",12.5,61.47,77.32,GMCC SZ80Е1H,34,1
553,553100595149703050553,"69.5,73,74.5,75,76,77.5,78.5,80",18.2,71.81,87.66,GMCC SZ80Е1H,34,1
553,553100150849616850553,"77.5,79,80,80.5,81.5,84,86,84.5",20.0,75.07,90.93,GMCC SZ80Е1H,34,1
553,553100595149661780553,"70.5,70,69.5,68.5,69.5,70,71,71.5,72,72.5",14.4,64.92,80.76,GMCC SZ80Е1H,34,1
553,553100595149659790553,"74,71.5,72,73,74.5,76,75.5",15.4,66.73,82.58,GMCC SZ80Е1H,34,1
553,553100595149661810553,"69,69.5,67,68,68.5,69.5,70.5",13.0,62.38,78.22,GMCC SZ80Е1H,34,1
553,553100595149808380553,"83,77.5,79,82,83,85.5,86,87,88.5,89.5",24.3,82.87,98.73,GMCC SZ80Е1H,34,1
553,553100297749793040553,"72,76,77,78,79.5,81,83,82.5",20.0,75.07,90.93,GMCC SZ80Е1H,34,1
553,553100595149703290553,"71.5,70.5,71.5,70.5,72.5,74,74.5,75.5,76,76.5,77.5,77",17.3,70.18,86.03,GMCC SZ80Е1H,34,1
553,553100595149661840553,"68.5,70,67.5,69,69.5,72,71",12.4,61.29,77.13,GMCC SZ80Е1H,34,1
553,553100595149809250553,"80.5,77.5,78.5,80.5,82.5,83.5,85.5,86",23.2,80.87,96.73,GMCC SZ80Е1H,34,1
553,553100595149661850553,"64.5,66.5,63.5,66.5,67,67.5,69.5,68,68.5",13.3,62.93,78.77,GMCC SZ80Е1H,34,1
553,553100150849614750553,"82,81.5,83,83.5,84.5,85.5,88.5,86.5",20.1,75.25,91.11,GMCC SZ80Е1H,34,1
553,553100595149661880553,"67,70,69,70,70.5,71.5,71,71.5,72.5",13.4,63.11,78.95,GMCC SZ80Е1H,34,1
553,553100150849617220553,"79,78.5,80.5,81.5,81,83,83.5",18.6,72.53,88.39,GMCC SZ80Е1H,34,1
553,553100595149661890553,"64.5,69,67.5,70,70.5,70,73.5",13.4,63.11,78.95,GMCC SZ80Е1H,34,1
553,553100595149661910553,"67.5,66,67,68.5,68,69.5,68.5",12.2,60.93,76.77,GMCC SZ80Е1H,34,1
553,553100595149692480553,"70.5,72,70.5,71.5,72.5,73,73.5,74,74.5",17.7,70.9,86.75,GMCC SZ80Е1H,34,1
553,553100595149661930553,"67,64.5,68.5,70,70.5,72,74,74.5",12.1,60.75,76.59,GMCC SZ80Е1H,34,1
553,553100595149662050553,"73.5,72.5,73,74.5,76.5,79.5,82.5,83.5",20.5,75.98,91.83,GMCC SZ80Е1H,34,1
553,553100595149662060553,"75.5,74,74.5,77,78.5,81.5,84.5,84",20.5,75.98,91.83,GMCC SZ80Е1H,34,1
553,553100297749793970553,"69.5,72.5,74,74.5,77,78.5,80.5,81.5",19.8,74.71,90.56,GMCC SZ80Е1H,34,1
553,553100595149662100553,"73.5,73,73.5,75.5,78,81,84.5,83.5",20.5,75.98,91.83,GMCC SZ80Е1H,34,1
553,553100595149707910553,"73,74.5,76,77.5,78.5,80,80.5",20.1,75.25,91.11,GMCC SZ80Е1H,34,1
553,553100595149808440553,"74,76,77.5,79.5,81.5,82.5,83,84,84.5,86",24.3,82.87,98.73,GMCC SZ80Е1H,34,1
553,553100595149662150553,"72,73.5,74,76,78.5,81,83,86",20.4,75.8,91.65,GMCC SZ80Е1H,34,1
553,553100595149703450553,"72,74,70.5,74,75,76,77,77.5,78",17.1,69.81,85.66,GMCC SZ80Е1H,34,1
553,553100595149662170553,"73,75,76.5,78,80,80.5,81.5,83,82.5",20.5,75.98,91.83,GMCC SZ80Е1H,34,1
553,553100595149662190553,"77.5,76.5,77.5,77,79.5,79,82,83.5,84,83.5",20.5,75.98,91.83,GMCC SZ80Е1H,34,1
553,553100595149809860553,"72.5,78,79,80.5,82,83.5,85.5,86.5,87",21.8,78.34,94.19,GMCC SZ80Е1H,34,1
553,553100595149659130553,"72,71,69,70,71,72.5,74,74.5,75.5,76.5,77",16.1,68.0,83.85,GMCC SZ80Е1H,34,1
553,553100595149662220553,"77,76.5,78.5,80,81.5,83.5,85,85.5,84.5",20.5,75.98,91.83,GMCC SZ80Е1H,34,1
553,553100595149662240553,"78,77.5,79,81,83,85,87.5,87",20.4,75.8,91.65,GMCC SZ80Е1H,34,1
553,553100595149662250553,"74.5,75.5,77.5,79,81,83.5,84",20.4,75.8,91.65,GMCC SZ80Е1H,34,1
553,553100595149662260553,"74.5,73.5,74.5,78,80,82.5,84,85",20.4,75.8,91.65,GMCC SZ80Е1H,34,1
553,553100595149703440553,"70,74.5,73,74,74.5,76,77,76.5",17.1,69.81,85.66,GMCC SZ80Е1H,34,1
553,553100150849492980553,"75.5,74,75,76,77.5,79.5,79",17.0,69.63,85.48,GMCC SZ80Е1H,34,1
553,553100595149662270553,"75,76,79.5,80.5,82.5,85,87,86",20.4,75.8,91.65,GMCC SZ80Е1H,34,1
553,553100150849617080553,"78,79,81,79.5,83,83.5",18.8,72.9,88.75,GMCC SZ80Е1H,34,1
553,553100595149692090553,"73,72,73,73.5,74,75,74",15.8,67.46,83.3,GMCC SZ80Е1H,34,1
553,553100595149662290553,"73,75.5,76,78,80,81,82",20.4,75.8,91.65,GMCC SZ80Е1H,34,1
553,553100297749792520553,"70.5,72,74.5,75,75.5,78.5,80,79.5,80.5,81",19.5,74.17,90.02,GMCC SZ80Е1H,34,1
553,553100595149662300553,"70,73.5,74.5,76,77.5,78.5,79,81,80,83.5",20.4,75.8,91.65,GMCC SZ80Е1H,34,1
553,553100595149709510553,"73,70,69,71,71.5,72.5,73.5,74.5",16.6,68.91,84.76,GMCC SZ80Е1H,34,1
553,553100595149662330553,"71.5,73.5,74.5,76,77.5,80.5,83,84",20.4,75.8,91.65,GMCC SZ80Е1H,34,1
553,553100595149705790553,"74,73,72,72.5,73.5,75.5,76.5,78,79,81,82.5,83.5",18.1,71.63,87.48,GMCC SZ80Е1H,34,1
553,553100595149662350553,"75,76,77,78.5,81,82.5,85.5",20.3,75.62,91.47,GMCC SZ80Е1H,34,1
553,553100595149703470553,"70.5,71.5,72,71.5,72.5,73.5,74.5,75.5,76.5",17.1,69.81,85.66,GMCC SZ80Е1H,34,1
553,553100595149662360553,"71.5,73.5,75,76,78.5,81,81.5,82,84.5",20.3,75.62,91.47,GMCC SZ80Е1H,34,1
553,553100595149809140553,"76.5,79.5,79,80,84,84.5,86,87,89.5,90",23.5,81.42,97.28,GMCC SZ80Е1H,34,1
553,553100595149706940553,"71,71.5,72.5,70.5,73,74.5,76.5,75",18.2,71.81,87.66,GMCC SZ80Е1H,34,1
553,553100595149662380553,"78.5,78,80.5,81,83.5,85.5,88,86.5",20.3,75.62,91.47,GMCC SZ80Е1H,34,1
553,553100595149704690553,"72,74,75,75.5,77,76,79",15.8,67.46,83.3,GMCC SZ80Е1H,34,1
553,553100595149661430553,"67,69,69.5,70.5,72.5,73",13.8,63.83,79.67,GMCC SZ80Е1H,34,1
553,553100595149709040553,"69,70,72,73,74.5,76.5,77.5,77",17.7,70.9,86.75,GMCC SZ80Е1H,34,1
553,553100595149707530553,"72,74.5,75.5,77,77.5,79.5,80.5,81.5",20.6,76.16,92.01,GMCC SZ80Е1H,34,1
553,553100595149662400553,"73.5,76.5,77,79,81.5,84,86.5,86",20.4,75.8,91.65,GMCC SZ80Е1H,34,1
553,553100595149707310553,"67,70,63.5,69,71.5,75",19.2,73.62,89.47,GMCC SZ80Е1H,34,1
553,553100595149658590553,"71,69.5,69,71,72,74,75.5,74",15.2,66.37,82.22,GMCC SZ80Е1H,34,1
553,553100595149662410553,"73.5,77,78.5,82.5,83,86,84.5",20.2,75.44,91.29,GMCC SZ80Е1H,34,1
553,553100595149662420553,"72.5,75,76.5,78,80,81,83.5,82.5",20.3,75.62,91.47,GMCC SZ80Е1H,34,1
553,553100595149662430553,"74.5,75.5,76,76.5,79,81.5,83.5,85.5,85",20.4,75.8,91.65,GMCC SZ80Е1H,34,1
553,553100150849615110553,"76.5,77.5,78,79.5,81,82.5,85,83.5",21.4,77.61,93.47,GMCC SZ80Е1H,34,1
553,553100595149662460553,"75,77,78,80,81,84,86,87",20.4,75.8,91.65,GMCC SZ80Е1H,34,1
553,553100595149662470553,"76,72.5,73,71.5,75,78.5,80,81.5,83",20.4,75.8,91.65,GMCC SZ80Е1H,34,1
553,553100595149662500553,"76.5,78.5,79,80,82.5,87.5,85,85.5",20.4,75.8,91.65,GMCC SZ80Е1H,34,1
553,553100595149662510553,"76.5,78.5,81,82,84,86,88.5,86.5",20.5,75.98,91.83,GMCC SZ80Е1H,34,1
553,553100595149809340553,"78,75.5,76,77,78,79.5,80.5,83,83.5,85",22.7,79.97,95.83,GMCC SZ80Е1H,34,1
553,553100595149662530553,"76.5,74.5,75.5,77.5,79.5,81.5,82.5",20.4,75.8,91.65,GMCC SZ80Е1H,34,1
553,553100595149662560553,"71.5,77.5,78.5,80,81.5,82.5,83.5,84.5,85.5,86.5",20.3,75.62,91.47,GMCC SZ80Е1H,34,1
553,553100595149708430553,"72,74.5,72.5,73.5,76,75.5,76.5,78",18.0,71.45,87.3,GMCC SZ80Е1H,34,1
553,553100150849610010553,"76,80,81.5,83.5,86,87.5,89.5,88.5",21.9,78.52,94.37,GMCC SZ80Е1H,34,1
553,553100150849612340553,"70.5,72.5,74,76,77,79",19.4,73.98,89.84,GMCC SZ80Е1H,34,1
553,553100595149662570553,"75.5,78.5,80.5,83,85,86,85",20.4,75.8,91.65,GMCC SZ80Е1H,34,1
553,553100595149704680553,"71,74,73.5,74,78,77.5,78,79",18.8,72.9,88.75,GMCC SZ80Е1H,34,1
553,553100595149707980553,"72,72.5,74.5,71.5,74.5,75.5,76.5,77.5,78.5",17.3,70.18,86.03,GMCC SZ80Е1H,34,1
553,553100595149662650553,"78.5,78,79.5,81,82,83.5,85,87.5,86",20.4,75.8,91.65,GMCC SZ80Е1H,34,1
553,553100595149708230553,"69.5,72,74.5,76,77.5,78,79.5,81,82",19.5,74.17,90.02,GMCC SZ80Е1H,34,1
553,553100595149662660553,"73.5,78.5,80.5,81,83.5,86,85",20.4,75.8,91.65,GMCC SZ80Е1H,34,1
553,553100595149704280553,"73,69.5,69,72,73,74,75",15.9,67.64,83.49,GMCC SZ80Е1H,34,1
553,553100150849611420553,"71.5,74.5,75.5,76,78,81,83",21.5,77.79,93.65,GMCC SZ80Е1H,34,1
553,553100595149691720553,"73.5,69.5,71,72.5,73,75.5,74.5",16.3,68.36,84.21,GMCC SZ80Е1H,34,1
553,553100150849618400553,"72.5,73.5,75,74.5,76.5,78,80,78.5",16.6,68.91,84.76,GMCC SZ80Е1H,34,1
553,553100595149691750553,"72,73.5,75,75.5,76.5,77.5,78.5,79.5",16.5,68.73,84.57,GMCC SZ80Е1H,34,1
553,553100595149691760553,"71.5,72.5,71,73,75.5,74",16.6,68.91,84.76,GMCC SZ80Е1H,34,1
553,553100595149691790553,"72,74,72,72.5,74,75,76,75",16.7,69.09,84.94,GMCC SZ80Е1H,34,1
553,553100595149691810553,"75.5,74.5,75.5,74.5,76,77,77.5",16.4,68.55,84.39,GMCC SZ80Е1H,34,1
553,553100595149691820553,"74,72,74,75,76,78,78.5,79.5",16.4,68.55,84.39,GMCC SZ80Е1H,34,1
553,553100595149707320553,"72,72.5,71,72,74,75.5,75",17.5,70.54,86.39,GMCC SZ80Е1H,34,1
553,553100595149691830553,"70.5,73.5,72,73.5,75,76,76.5,77.5",16.3,68.36,84.21,GMCC SZ80Е1H,34,1
553,553100595149691850553,"81,74.5,71.5,72,73,75.5,75",17.0,69.63,85.48,GMCC SZ80Е1H,34,1
553,553100595149706070553,"73,74,76,77,78.5,80.5,79",18.4,72.17,88.02,GMCC SZ80Е1H,34,1
553,553100595149691860553,"70,72,69.5,71,72.5,73.5,74",16.2,68.18,84.03,GMCC SZ80Е1H,34,1
553,553100297749793750553,"71,76.5,77.5,78.5,80,82,83.5,84",20.2,75.44,91.29,GMCC SZ80Е1H,34,1
553,553100595149661920553,"71.5,70.5,69.5,70,71,71.5,73,72.5,73.5",12.5,61.47,77.32,GMCC SZ80Е1H,34,1
553,553100595149706880553,"71.5,72,72.5,73,74,74.5,76,76.5",18.0,71.45,87.3,GMCC SZ80Е1H,34,1
553,553100595149691880553,"68,67,68.5,69,69.5,70,71.5,73",16.9,69.45,85.3,GMCC SZ80Е1H,34,1
553,553100595149691890553,"76.5,78,77,77.5,78.5,80,79.5,81.5",16.3,68.36,84.21,GMCC SZ80Е1H,34,1
553,553100595149691910553,"70.5,70,69.5,71.5,73,73.5,74,73.5",16.0,67.82,83.67,GMCC SZ80Е1H,34,1
553,553100595149691930553,"70.5,72,72.5,73,75,76,77",16.5,68.73,84.57,GMCC SZ80Е1H,34,1
553,553100595149692020553,"74,71,71.5,72.5,73.5,74.5,75,74.5,76.5",15.9,67.64,83.49,GMCC SZ80Е1H,34,1
553,553100150849609780553,"73.5,77.5,78,79.5,81.5,83,83.5",20.3,75.62,91.47,GMCC SZ80Е1H,34,1
553,553100595149692040553,"74.5,74,74.5,76,78.5,77.5,79",18.2,71.81,87.66,GMCC SZ80Е1H,34,1
553,553100595149692050553,"69,72.5,73,73.5,74.5,75.5,76.5",16.0,67.82,83.67,GMCC SZ80Е1H,34,1
553,553100595149692070553,"66.5,69.5,68,68.5,69,70,71.5,72",15.8,67.46,83.3,GMCC SZ80Е1H,34,1
553,553100595149707830553,"73.5,72.5,73,75.5,76.5,77,78,79.5,80,81",20.3,75.62,91.47,GMCC SZ80Е1H,34,1
553,553100595149692080553,"71.5,70.5,71.5,73.5,73,74.5,75,76,77.5",16.0,67.82,83.67,GMCC SZ80Е1H,34,1
553,553100595149709180553,"70.5,72,73,75,77,79",17.8,71.08,86.93,GMCC SZ80Е1H,34,1
553,553100595149708800553,"72,75,74.5,75,76.5,79,80,80.5",17.8,71.08,86.93,GMCC SZ80Е1H,34,1
553,553100150849611090553,"72,70.5,73.5,75,76.5,78.5,79.5",21.0,76.89,92.74,GMCC SZ80Е1H,34,1
553,553100595149692100553,"70.5,71,71.5,73.5,74.5,76,75.5",15.8,67.46,83.3,GMCC SZ80Е1H,34,1
553,553100595149692120553,"69.5,73,72.5,73,72,75,75.5,76,74.5",17.3,70.18,86.03,GMCC SZ80Е1H,34,1
553,553100595149692140553,"70,70.5,69.5,71,72,72.5,74,73.5,75.5",15.8,67.46,83.3,GMCC SZ80Е1H,34,1
553,553100595149692170553,"75.5,74.5,72.5,73.5,75,76,77.5,78",16.2,68.18,84.03,GMCC SZ80Е1H,34,1
553,553100595149708360553,"73.5,76.5,73.5,74.5,76,76.5,78,77.5",18.2,71.81,87.66,GMCC SZ80Е1H,34,1
553,553100595149662120553,"68.5,71,74.5,78,80.5,79.5",20.4,75.8,91.65,GMCC SZ80Е1H,34,1
553,553100595149691920553,"67,71.5,71,72,73.5,74.5,75",16.0,67.82,83.67,GMCC SZ80Е1H,34,1
553,553100595149692190553,"69,71.5,73.5,73,74,75.5,76.5",18.1,71.63,87.48,GMCC SZ80Е1H,34,1
553,553100595149706910553,"68.5,67,68,68.5,69.5,71,73,72",18.3,71.99,87.84,GMCC SZ80Е1H,34,1
553,553100595149692210553,"69.5,72,74.5,75,77,77.5,78.5",17.9,71.27,87.12,GMCC SZ80Е1H,34,1
553,553100595149692230553,"72.5,72,73,75,75.5,75",16.1,68.0,83.85,GMCC SZ80Е1H,34,1
553,553100595149692250553,"72,73.5,73,74,75,75.5,74.5",15.8,67.46,83.3,GMCC SZ80Е1H,34,1
553,553100595149692680553,"70.5,71,71.5,72,72.5,73.5,74.5,75,75.5",15.2,66.37,82.22,GMCC SZ80Е1H,34,1
553,553100595149706090553,"74.5,72.5,72,74.5,75,76,77,78,78.5,80",18.4,72.17,88.02,GMCC SZ80Е1H,34,1
553,553100595149692270553,"69,72.5,71.5,72,73.5,74,75.5,76,76.5,77",17.5,70.54,86.39,GMCC SZ80Е1H,34,1
553,553100595149692380553,"66.5,69,67,66.5,68,69,71,69.5",15.7,67.28,83.12,GMCC SZ80Е1H,34,1
553,553100150849617780553,"78.5,77,77.5,78,84,84.5,85.5",17.5,70.54,86.39,GMCC SZ80Е1H,34,1
553,553100595149692410553,"65.5,66,67,68.5,69,72,71.5,72.5",15.8,67.46,83.3,GMCC SZ80Е1H,34,1
553,553100595149692430553,"72.5,70,68.5,69.5,71,72.5,73,73.5",14.7,65.46,81.31,GMCC SZ80Е1H,34,1
553,553100297749793790553,"79.5,72.5,73,73.5,78,80,80.5,82,83.5,84,85.5",20.1,75.25,91.11,GMCC SZ80Е1H,34,1
553,553100595149707110553,"69,72,72.5,73.5,74.5,75,76,76.5",17.4,70.36,86.21,GMCC SZ80Е1H,34,1
553,553100595149692460553,"67.5,71.5,70.5,72,73.5,74.5",14.9,65.83,81.67,GMCC SZ80Е1H,34,1
553,553100595149810010553,"73.5,74.5,76,75.5,78,79.5,80.5,81.5,83.5,84",21.5,77.79,93.65,GMCC SZ80Е1H,34,1
553,553100595149692510553,"71.5,69.5,67,69,69.5,71,71.5,73,72.5",14.7,65.46,81.31,GMCC SZ80Е1H,34,1
553,553100595149692540553,"72,74,73,77,78.5,79,80,79.5",20.0,75.07,90.93,GMCC SZ80Е1H,34,1
553,553100595149659800553,"70,70.5,68.5,71,70,72.5,72",15.2,66.37,82.22,GMCC SZ80Е1H,34,1
553,553100150849618370553,"75,73,74.5,75,76,78.5,77",17.1,69.81,85.66,GMCC SZ80Е1H,34,1
553,553100595149692590553,"71,70.5,71,73,73.5,74,75,74.5,75",14.8,65.64,81.49,GMCC SZ80Е1H,34,1
553,553100595149691990553,"72,71.5,73,71,70.5,72,73,74.5,75.5,77.5",18.6,72.53,88.39,GMCC SZ80Е1H,34,1
553,553100150849617270553,"77,76.5,76,79,78.5,79,79.5,81.5,82.5,83,83.5",18.3,71.99,87.84,GMCC SZ80Е1H,34,1
553,553100595149708210553,"75,77,84.5",19.8,74.71,90.56,GMCC SZ80Е1H,34,1
553,553100150849618200553,"75.5,77.5,76.5,76,79,80,81.5,79.5",17.2,70.0,85.84,GMCC SZ80Е1H,34,1
553,553100595149692660553,"67,68.5,69,70,70.5,71.5,73.5,73",15.2,66.37,82.22,GMCC SZ80Е1H,34,1
553,553100595149706030553,"76,75,74.5,77,77.5,78,78.5",18.5,72.35,88.2,GMCC SZ80Е1H,34,1
553,553100595149692710553,"67,68.5,68,67.5,69,70,70.5,70",15.2,66.37,82.22,GMCC SZ80Е1H,34,1
553,553100595149702740553,"72,74,76,77,78,79.5,80.5,82.5",19.8,74.71,90.56,GMCC SZ80Е1H,34,1
553,553100150849618080553,"77,78,77.5,79.5,80.5,83,80.5,81",17.4,70.36,86.21,GMCC SZ80Е1H,34,1
553,553100595149707960553,"71,73.5,73,75.5,76.5,76,79.5,82",19.5,74.17,90.02,GMCC SZ80Е1H,34,1
553,553100595149702780553,"75,74.5,75,76,76.5,79,80,81.5",18.6,72.53,88.39,GMCC SZ80Е1H,34,1
553,553100595149702790553,"70.5,74.5,76.5,79,79.5,80,80.5,81.5,84.5",18.6,72.53,88.39,GMCC SZ80Е1H,34,1
553,553100595149702800553,"79.5,75,75.5,76,77,78.5,80,81",18.6,72.53,88.39,GMCC SZ80Е1H,34,1
553,553100150849618190553,"71.5,72,73,74.5,75.5,77.5,79,78.5",17.2,70.0,85.84,GMCC SZ80Е1H,34,1
553,553100595149702840553,"73.5,74.5,76.5,77.5,80.5,81.5,81",18.4,72.17,88.02,GMCC SZ80Е1H,34,1
553,553100595149660070553,"67.5,69.5,67.5,71,72,74,73.5",15.5,66.91,82.76,GMCC SZ80Е1H,34,1
553,553100595149702880553,"72,72.5,73.5,74,75,77.5,76.5",18.3,71.99,87.84,GMCC SZ80Е1H,34,1
553,553100595149702890553,"69.5,67,74.5,75,77,78.5,79.5,81",18.3,71.99,87.84,GMCC SZ80Е1H,34,1
553,553100150849613870553,"78,78.5,77.5,78.5,79,80.5,82,82.5",16.5,68.73,84.57,GMCC SZ80Е1H,34,1
553,553100595149702950553,"70,72,71.5,73,73.5,75,75.5,76.5,77",18.2,71.81,87.66,GMCC SZ80Е1H,34,1
553,553100150849617620553,"77,75,78,79,80.5,80,81,82.5,82",17.7,70.9,86.75,GMCC SZ80Е1H,34,1
553,553100595149658790553,"69.5,71,70.5,71,72,73,74,73.5",15.4,66.73,82.58,GMCC SZ80Е1H,34,1
553,553100595149709140553,"70,72,72.5,74,74.5,76.5,78,77.5",17.2,70.0,85.84,GMCC SZ80Е1H,34,1
553,553100595149702980553,"73.5,74.5,75,76,77,77.5,78,77.5",18.2,71.81,87.66,GMCC SZ80Е1H,34,1
553,553100150849609970553,"75,77,79.5,82,84.5,87.5,90,89.5",21.9,78.52,94.37,GMCC SZ80Е1H,34,1
553,553100297749793890553,"76.5,78,78.5,79,80.5,82.5,84,85.5",20.0,75.07,90.93,GMCC SZ80Е1H,34,1
553,553100595149703010553,"71.5,73,73.5,76.5,77.5,78.5,78",18.2,71.81,87.66,GMCC SZ80Е1H,34,1
553,553100595149703110553,"66.5,66,68,69,71,72.5,73,73.5",18.1,71.63,87.48,GMCC SZ80Е1H,34,1
553,553100595149703120553,"66.5,70.5,69.5,69,70.5,72,73.5,72",18.1,71.63,87.48,GMCC SZ80Е1H,34,1
553,553100595149703160553,"66.5,70,68,68.5,70.5,71,71.5,72",18.1,71.63,87.48,GMCC SZ80Е1H,34,1
553,553100595149692470553,"73,71,69.5,70.5,72.5,74,73.5",14.7,65.46,81.31,GMCC SZ80Е1H,34,1
553,553100595149703260553,"71,72,72.5,72,74,74.5,76.5,73",17.4,70.36,86.21,GMCC SZ80Е1H,34,1
553,553100150849619070553,"79.5,79,76.5,77,78,77.5,79,78",18.4,72.17,88.02,GMCC SZ80Е1H,34,1
553,553100595149703300553,"72.5,68.5,72.5,73.5,74.5,76,77,78.5,79.5",17.3,70.18,86.03,GMCC SZ80Е1H,34,1
553,553100297749791590553,"81.5,78,78.5,78,78.5,79.5,82,83,84,85,86",21.1,77.07,92.92,GMCC SZ80Е1H,34,1
553,553100595149703320553,"73,74.5,76,78",17.3,70.18,86.03,GMCC SZ80Е1H,34,1
553,553100595149703360553,"71.5,73,71,72.5,73.5,75.5,76.5,78.5",17.3,70.18,86.03,GMCC SZ80Е1H,34,1
553,553100595149702760553,"68,73,73.5,74.5,75,76,77,79,80,81.5",18.7,72.72,88.57,GMCC SZ80Е1H,34,1
553,553100595149704020553,"68.5,70,68.5,69,69.5,70.5,71.5,73,71.5",16.4,68.55,84.39,GMCC SZ80Е1H,34,1
553,553100595149703390553,"70,73,74,74.5,75,75.5,76.5,77,78,79.5,78.5",18.4,72.17,88.02,GMCC SZ80Е1H,34,1
553,553100150849616000553,"78,80,80.5,81,82.5,85,83",21.3,77.43,93.29,GMCC SZ80Е1H,34,1
553,553100595149703400553,"69.5,74.5,73.5,75,76.5,77.5,79,79.5,79,81.5",18.6,72.53,88.39,GMCC SZ80Е1H,34,1
553,553100595149662320553,"70,73.5,74.5,75.5,77.5,80,82,80.5,81.5",20.3,75.62,91.47,GMCC SZ80Е1H,34,1
553,553100595149703480553,"72.5,74,75,73.5,75,75.5,77.5,76",17.1,69.81,85.66,GMCC SZ80Е1H,34,1
553,553100595149703500553,"72,74,74.5,75,76.5,78,77.5",17.1,69.81,85.66,GMCC SZ80Е1H,34,1
553,553100150849610230553,"70,75,77.5,79,81.5,83.5,84.5",21.7,78.15,94.01,GMCC SZ80Е1H,34,1
553,553100595149703520553,"72.5,75.5,75,77,78.5,78,78.5",17.1,69.81,85.66,GMCC SZ80Е1H,34,1
553,553100595149703550553,"71.5,72,73,75.5,78,76.5",17.1,69.81,85.66,GMCC SZ80Е1H,34,1
553,553100150849619050553,"73.5,75.5,78.5,80,80.5,82,82.5",18.3,71.99,87.84,GMCC SZ80Е1H,34,1
553,553100595149703560553,"69,73,72,73.5,75,74.5,77",17.0,69.63,85.48,GMCC SZ80Е1H,34,1
553,553100595149703570553,"65.5,68.5,69,72.5,75,76",17.0,69.63,85.48,GMCC SZ80Е1H,34,1
553,553100595149703580553,"71.5,71,71.5,72.5,74,75.5,76,74.5",16.9,69.45,85.3,GMCC SZ80Е1H,34,1
553,553100150849615990553,"82,81,82.5,83,83.5,83,85,86,85.5",20.5,75.98,91.83,GMCC SZ80Е1H,34,1
553,553100595149703600553,"71,71.5,70.5,71,72.5,75,75.5,76.5",16.9,69.45,85.3,GMCC SZ80Е1H,34,1
553,553100595149703620553,"73.5,74.5,74,75,76,76.5,77.5,78",16.9,69.45,85.3,GMCC SZ80Е1H,34,1
553,553100150849492920553,"73.5,72.5,74,73.5,74,76,76.5,77",17.0,69.63,85.48,GMCC SZ80Е1H,34,1
553,553100595149703630553,"70,74,72.5,73,74.5,75.5,75",16.9,69.45,85.3,GMCC SZ80Е1H,34,1
553,553100150849616710553,"80,80.5,81.5,83,84,85,86,87,86.5",19.6,74.35,90.2,GMCC SZ80Е1H,34,1
553,553100595149707450553,"70.5,74,73,74.5,75.5,76.5,76,78.5,80,80.5,82.5",20.6,76.16,92.01,GMCC SZ80Е1H,34,1
553,553100595149703650553,"71,74,73.5,75,75.5,77.5,78",16.9,69.45,85.3,GMCC SZ80Е1H,34,1
553,553100595149707680553,"74.5,76,78,79,80,81.5,82",20.0,75.07,90.93,GMCC SZ80Е1H,34,1
553,553100595149662620553,"75.5,76.5,77.5,81,82,84.5,86,87",20.3,75.62,91.47,GMCC SZ80Е1H,34,1
553,553100595149703680553,"69.5,72,69.5,70.5,72,73,76,74.5",16.8,69.27,85.12,GMCC SZ80Е1H,34,1
553,553100595149703710553,"77,68.5,75,77,79",16.9,69.45,85.3,GMCC SZ80Е1H,34,1
553,553100595149703720553,"72.5,73,74,74.5,75.5,76,77.5,79.5",16.9,69.45,85.3,GMCC SZ80Е1H,34,1
553,553100150849619430553,"76.5,75,77,78,80,82.5,83",18.0,71.45,87.3,GMCC SZ80Е1H,34,1
553,553100595149703740553,"72.5,70.5,73,74,74.5,76,77.5,77",16.9,69.45,85.3,GMCC SZ80Е1H,34,1
553,553100595149703780553,"69,73,70,70.5,72.5,73,74,73.5",17.0,69.63,85.48,GMCC SZ80Е1H,34,1
553,553100595149703820553,"70.5,72.5,70.5,72,73,74,73",17.0,69.63,85.48,GMCC SZ80Е1H,34,1
553,553100595149703940553,"71.5,72.5,75,74.5,76.5,77,78,78.5",16.5,68.73,84.57,GMCC SZ80Е1H,34,1
553,553100595149703990553,"68,67.5,69,70.5,72,71,73,74.5",16.4,68.55,84.39,GMCC SZ80Е1H,34,1
553,553100595149704010553,"63.5,68,69,71,71.5,73,72.5",16.4,68.55,84.39,GMCC SZ80Е1H,34,1
553,553100595149704050553,"64,68.5,65.5,66.5,67,68.5,70,70.5,72,72.5",16.7,69.09,84.94,GMCC SZ80Е1H,34,1
553,553100595149704060553,"72,68.5,70.5,71,71.5,73,73.5",16.2,68.18,84.03,GMCC SZ80Е1H,34,1
553,553100595149704960553,"74,77,77.5,78,79,80,81,82.5,83",18.5,72.35,88.2,GMCC SZ80Е1H,34,1
553,553100595149704080553,"69.5,71,73,73.5,75,75.5,78,76.5",16.2,68.18,84.03,GMCC SZ80Е1H,34,1
553,553100595149708530553,"71,75,76.5,77.5,78.5,80,78.5",19.9,74.89,90.74,GMCC SZ80Е1H,34,1
553,553100297749793370553,"75,77,79.5,80,82.5,83.5,82.5",20.0,75.07,90.93,GMCC SZ80Е1H,34,1
553,553100595149704110553,"67.5,69,68,69.5,70.5,71.5,72,72.5",16.7,69.09,84.94,GMCC SZ80Е1H,34,1
553,553100595149704130553,"71.5,73.5,72,70.5,74,74.5,77,75.5",16.1,68.0,83.85,GMCC SZ80Е1H,34,1
553,553100150849614890553,"75,77,78,79,80.5,83,83.5,85.5,86",20.1,75.25,91.11,GMCC SZ80Е1H,34,1
553,553100595149704140553,"64,67,61.5,67.5,70.5,71.5,73,73.5",16.7,69.09,84.94,GMCC SZ80Е1H,34,1
553,553100150849616350553,"77,78,78.5,82,83,85,83.5",20.2,75.44,91.29,GMCC SZ80Е1H,34,1
553,553100595149704170553,"70,69.5,69,70,71.5,74,76,74.5",16.3,68.36,84.21,GMCC SZ80Е1H,34,1
553,553100595149704180553,"65.5,67,68.5,69.5,73",16.5,68.73,84.57,GMCC SZ80Е1H,34,1
553,553100595149704200553,"66,67,68.5,69,70,72,71.5",16.7,69.09,84.94,GMCC SZ80Е1H,34,1
553,553100595149704220553,"74.5,68.5,69.5,70.5,71.5,73,74,74.5,75",16.2,68.18,84.03,GMCC SZ80Е1H,34,1
553,553100595149704230553,"71,72.5,71.5,72.5,73.5,72.5,74,76,77.5",16.0,67.82,83.67,GMCC SZ80Е1H,34,1
553,553100595149702770553,"72,74,75.5,77,77.5,79,80,81.5",18.7,72.72,88.57,GMCC SZ80Е1H,34,1
553,553100595149704290553,"73.5,73,69.5,73,74,74.5,75,75.5",15.9,67.64,83.49,GMCC SZ80Е1H,34,1
553,553100595149704300553,"67,68,63.5,66.5,67,67.5,69.5,70,70.5,71",16.4,68.55,84.39,GMCC SZ80Е1H,34,1
553,553100595149704310553,"68,72,72.5,73,74,74.5,77,76",17.0,69.63,85.48,GMCC SZ80Е1H,34,1
553,553100595149662070553,"73,83.5",20.4,75.8,91.65,GMCC SZ80Е1H,34,1
553,553100595149704330553,"72.5,71.5,68.5,70,71,72,73,73.5,73,74,74.5",15.9,67.64,83.49,GMCC SZ80Е1H,34,1
553,553100595149704340553,"73,71.5,69,71.5,73,73.5,76,75.5",15.8,67.46,83.3,GMCC SZ80Е1H,34,1
553,553100595149704350553,"71.5,72.5,72,72.5,74,74.5,75,74.5",15.9,67.64,83.49,GMCC SZ80Е1H,34,1
553,553100595149703510553,"71.5,72,73,74.5,75,75.5",17.0,69.63,85.48,GMCC SZ80Е1H,34,1
553,553100595149704360553,"66.5,70.5,72.5,73,74.5,75.5,76",16.4,68.55,84.39,GMCC SZ80Е1H,34,1
553,553100150849610750553,"72,76,76.5,78,81,82.5,84.5,86",21.2,77.25,93.1,GMCC SZ80Е1H,34,1
553,553100150849617790553,"79,80,82,83,85,86,90.5,89",19.5,74.17,90.02,GMCC SZ80Е1H,34,1
553,553100595149704370553,"72.5,69,69.5,70.5,71.5,72,73.5",16.3,68.36,84.21,GMCC SZ80Е1H,34,1
553,553100595149704380553,"68,75.5,72.5,74.5,75,76.5,77,78.5",15.8,67.46,83.3,GMCC SZ80Е1H,34,1
553,553100150849614470553,"77.5,78.5,81,80.5,83.5,84.5,85.5",20.2,75.44,91.29,GMCC SZ80Е1H,34,1
553,553100595149705620553,"73,76.5,77,78.5,80,80.5,81,82.5,83.5",17.9,71.27,87.12,GMCC SZ80Е1H,34,1
553,553100150849611830553,"71,74.5,77,78,79,81.5",19.9,74.89,90.74,GMCC SZ80Е1H,34,1
553,553100595149704390553,"70.5,73,74,74.5,75,76,75.5",15.9,67.64,83.49,GMCC SZ80Е1H,34,1
553,553100150849615560553,"80,82,83.5,85,87,90,87.5",21.4,77.61,93.47,GMCC SZ80Е1H,34,1
553,553100595149705960553,"70.5,73.5,73,74.5,75.5,76.5,75.5,77,78.5,78,78.5",18.3,71.99,87.84,GMCC SZ80Е1H,34,1
553,553100595149704400553,"72,73.5,73,74,75.5,76.5,77.5,79.5,78",15.9,67.64,83.49,GMCC SZ80Е1H,34,1
553,553100595149704410553,"72.5,73.5,72.5,74.5,75.5,76,76.5,77.5,76.5",15.8,67.46,83.3,GMCC SZ80Е1H,34,1
553,553100595149707580553,"71.5,73.5,74.5,76.5,78.5,79.5,80",20.3,75.62,91.47,GMCC SZ80Е1H,34,1
553,553100595149704420553,"72,73,74,74.5,76,78,77",15.9,67.64,83.49,GMCC SZ80Е1H,34,1
553,553100150849617200553,"77,77.5,78,78.5,80,81.5,82.5,81.5",18.5,72.35,88.2,GMCC SZ80Е1H,34,1
553,553100297749794350553,"73,75.5,79,82,83.5,84.5,85.5,86",19.1,73.44,89.29,GMCC SZ80Е1H,34,1
553,553100595149709110553,"71,73,74.5,74,75,77,79.5,79",17.8,71.08,86.93,GMCC SZ80Е1H,34,1
553,553100150849610640553,"74.5,76.5,77,77.5,80.5,82,83.5,84.5",21.6,77.97,93.83,GMCC SZ80Е1H,34,1
553,553100595149704450553,"69,72,70.5,71,72,72.5,73,74,75.5",15.7,67.28,83.12,GMCC SZ80Е1H,34,1
553,553100595149704460553,"69,67.5,69.5,71.5,73,71.5,73",15.7,67.28,83.12,GMCC SZ80Е1H,34,1
553,553100595149704480553,"68.5,70.5,69,71,72,73,74",15.7,67.28,83.12,GMCC SZ80Е1H,34,1
553,553100595149704510553,"71,75.5,71,75,77,77.5,78.5,80",15.9,67.64,83.49,GMCC SZ80Е1H,34,1
553,553100595149704570553,"70,75,73,71.5,76.5,78,80,79",16.0,67.82,83.67,GMCC SZ80Е1H,34,1
553,553100595149704870553,"74,77.5,76,78.5,79,81,82.5,83",18.7,72.72,88.57,GMCC SZ80Е1H,34,1
553,553100595149704630553,"75,74.5,75.5,76.5,77,77.5,77",15.7,67.28,83.12,GMCC SZ80Е1H,34,1
553,553100150849613560553,"75,74,75.5,76,78.5,79.5,78.5",17.4,70.36,86.21,GMCC SZ80Е1H,34,1
553,553100150849614040553,"75,74.5,77,78.5,79.5,80,81",16.4,68.55,84.39,GMCC SZ80Е1H,34,1
553,553100595149704650553,"73.5,77,78,78.5,80,81,80.5",15.9,67.64,83.49,GMCC SZ80Е1H,34,1
553,553100595149704700553,"76.5,78,79.5,80,81.5,82.5,84,83",18.8,72.9,88.75,GMCC SZ80Е1H,34,1
553,553100595149704720553,"71,72.5,75,76,77.5,80,81.5,83.5",18.7,72.72,88.57,GMCC SZ80Е1H,34,1
553,553100150849615130553,"78,77.5,79,80.5,81,85.5,85",21.4,77.61,93.47,GMCC SZ80Е1H,34,1
553,553100595149706970553,"75.5,71,72,72.5,73,75.5,75,76,77,77.5",18.3,71.99,87.84,GMCC SZ80Е1H,34,1
553,553100595149704780553,"73,74,75,76.5,78,79.5,82,81,81.5",18.6,72.53,88.39,GMCC SZ80Е1H,34,1
553,553100150849617720553,"73.5,76,79,80,81,81.5,83.5,84.5,84",17.7,70.9,86.75,GMCC SZ80Е1H,34,1
553,553100595149704790553,"70,72,72.5,73.5,76,76.5,79.5,80.5",18.7,72.72,88.57,GMCC SZ80Е1H,34,1
553,553100150849611250553,"71.5,74.5,76,77,79,80,82,84",20.8,76.52,92.38,GMCC SZ80Е1H,34,1
553,553100595149704800553,"73.5,75,77.5,79,80.5,82.5,83",18.6,72.53,88.39,GMCC SZ80Е1H,34,1
553,553100595149704810553,"74.5,71,72,71.5,73.5,75.5,76,78,79,81",18.7,72.72,88.57,GMCC SZ80Е1H,34,1
553,553100595149704840553,"78.5,75,76.5,78,79.5,81,85,84.5",18.6,72.53,88.39,GMCC SZ80Е1H,34,1
553,553100595149704930553,"69,73.5,74,76,78,79,79.5,81.5,82",18.5,72.35,88.2,GMCC SZ80Е1H,34,1
553,553100150849612040553,"70,70.5,70,73.5,73,74.5,75.5,77,78,78.5",19.9,74.89,90.74,GMCC SZ80Е1H,34,1
553,553100595149704940553,"72,76.5,78,78.5,79.5,80,81,81.5,84,85",18.5,72.35,88.2,GMCC SZ80Е1H,34,1
553,553100595149704950553,"68,74.5,73.5,74,74.5,76,76.5,78",15.8,67.46,83.3,GMCC SZ80Е1H,34,1
553,553100150849492590553,"75.5,76,77.5,79,79.5,80.5,81.5",18.3,71.99,87.84,GMCC SZ80Е1H,34,1
553,553100595149706140553,"69,70,70.5,71,72,74,76,75",18.4,72.17,88.02,GMCC SZ80Е1H,34,1
553,553100595149705000553,"70,72.5,75,76,79,80.5,82",18.5,72.35,88.2,GMCC SZ80Е1H,34,1
553,553100595149705020553,"67,72,71,73,73.5,76.5,79.5,81,81.5,82.5",18.5,72.35,88.2,GMCC SZ80Е1H,34,1
553,553100595149659740553,"73,70.5,69,70.5,72,72.5,74,73.5",15.8,67.46,83.3,GMCC SZ80Е1H,34,1
553,553100150849618210553,"73,74.5,75.5,77,78,79,78.5",17.2,70.0,85.84,GMCC SZ80Е1H,34,1
553,553100595149705050553,"81,69,74,75.5,77,78.5,79.5,80.5,82.5",18.4,72.17,88.02,GMCC SZ80Е1H,34,1
553,553100150849619340553,"78,80,78,80,82,82.5,82",18.8,72.9,88.75,GMCC SZ80Е1H,34,1
553,553100595149705080553,"72,68.5,71.5,72.5,74,76.5,77,79,80",18.5,72.35,88.2,GMCC SZ80Е1H,34,1
553,553100595149705090553,"71,75,72,72.5,73,74,76,77,77.5",18.4,72.17,88.02,GMCC SZ80Е1H,34,1
553,553100595149705120553,"72,71.5,73.5,73,75.5,76,77,77.5",16.0,67.82,83.67,GMCC SZ80Е1H,34,1
553,553100595149705130553,"70.5,73.5,74,75.5,77,77.5,79,80,81,82",18.3,71.99,87.84,GMCC SZ80Е1H,34,1
553,553100595149705140553,"73,75.5,72.5,74.5,76.5,76,77.5",16.0,67.82,83.67,GMCC SZ80Е1H,34,1
553,553100150849617310553,"82.5,81.5,83,84,86.5,88.5",19.9,74.89,90.74,GMCC SZ80Е1H,34,1
553,553100595149705230553,"69.5,70.5,71.5,72.5,73,73.5,74,74.5,76",16.0,67.82,83.67,GMCC SZ80Е1H,34,1
553,553100595149705240553,"68,70.5,72,73,74.5,75.5",18.3,71.99,87.84,GMCC SZ80Е1H,34,1
553,553100595149709090553,"67,71.5,74,74.5,76.5,77.5,79,79.5",18.3,71.99,87.84,GMCC SZ80Е1H,34,1
553,553100595149707430553,"73,86",20.7,76.34,92.2,GMCC SZ80Е1H,34,1
553,553100595149705270553,"68,71,69.5,70.5,71,72.5,73.5",18.3,71.99,87.84,GMCC SZ80Е1H,34,1
553,553100595149705460553,"66,67,72,73.5,74,75.5,77,76,77",18.4,72.17,88.02,GMCC SZ80Е1H,34,1
553,553100595149708120553,"71,72,73.5,74,74.5,75.5,78.5,79",18.7,72.72,88.57,GMCC SZ80Е1H,34,1
553,553100595149705480553,"80,70.5,74,71.5,73.5,75.5,76,77.5,79.5,80,81,82",18.1,71.63,87.48,GMCC SZ80Е1H,34,1
553,553100595149706310553,"74,73,75,77.5,78,78.5,80,81",19.6,74.35,90.2,GMCC SZ80Е1H,34,1
553,553100595149705490553,"70,73,73.5,75.5,76.5,75,78.5,81,81.5,82.5",18.1,71.63,87.48,GMCC SZ80Е1H,34,1
553,553100595149705500553,"71,71.5,70.5,72.5,71.5,72.5,73,74.5,76.5,77,78",18.1,71.63,87.48,GMCC SZ80Е1H,34,1
553,553100150849617050553,"77.5,77,76.5,79,78.5,79.5,81,82",18.8,72.9,88.75,GMCC SZ80Е1H,34,1
553,553100595149705510553,"75,74,75,74.5,75.5,76.5,78,81,82",18.1,71.63,87.48,GMCC SZ80Е1H,34,1
553,553100595149705520553,"70.5,73,74.5,77,79,81,83",18.0,71.45,87.3,GMCC SZ80Е1H,34,1
553,553100595149705640553,"70.5,71.5,72,73,74,76.5,78,79.5",18.3,71.99,87.84,GMCC SZ80Е1H,34,1
553,553100595149705530553,"71.5,77,76,77.5,80,81,82,83",18.0,71.45,87.3,GMCC SZ80Е1H,34,1
553,553100595149705590553,"70,74,73.5,74,75.5,77.5,79,78.5",17.9,71.27,87.12,GMCC SZ80Е1H,34,1
553,553100595149705600553,"75.5,73.5,74,76,77,78.5,79.5,80,82.5,83.5",17.9,71.27,87.12,GMCC SZ80Е1H,34,1
553,553100595149705610553,"0.5,0.5,122.5,74,74.5,76,77.5,79.5,78.5,80",17.9,71.27,87.12,GMCC SZ80Е1H,34,1
553,553100595149810340553,"65,70,73,74,74.5,77,78,80.5,79",21.4,77.61,93.47,GMCC SZ80Е1H,34,1
553,553100595149705650553,"71.5,75.5,73.5,74,76,77,79,78.5",17.9,71.27,87.12,GMCC SZ80Е1H,34,1
553,553100595149659630553,"68.5,70.5,72,71.5,73,74,75,74.5",15.7,67.28,83.12,GMCC SZ80Е1H,34,1
553,553100150849613620553,"77,75.5,76.5,77,75.5,78,79.5,81.5",17.3,70.18,86.03,GMCC SZ80Е1H,34,1
553,553100595149705660553,"72.5,74.5,73,76,77,77.5,80,80.5,81",18.0,71.45,87.3,GMCC SZ80Е1H,34,1
553,553100150849611050553,"75.5,77,78,81,83.5,86,85.5",21.1,77.07,92.92,GMCC SZ80Е1H,34,1
553,553100595149707720553,"75,76.5,77.5,78,79.5,82,82.5",20.1,75.25,91.11,GMCC SZ80Е1H,34,1
553,553100595149705680553,"76.5,75,75.5,77,78.5,79,80.5,81.5,82.5,83",17.9,71.27,87.12,GMCC SZ80Е1H,34,1
553,553100595149661820553,"70.5,72,72.5,73.5,75,74.5,76",14.4,64.92,80.76,GMCC SZ80Е1H,34,1
553,553100595149706510553,"71,74.5,76,77,79.5,81,83,84.5",19.3,73.8,89.66,GMCC SZ80Е1H,34,1
553,553100595149705690553,"65,72,74.5,76.5,75.5,78,76",18.2,71.81,87.66,GMCC SZ80Е1H,34,1
553,553100297749793180553,"75,76.5,77.5,79,80.5,83",20.1,75.25,91.11,GMCC SZ80Е1H,34,1
553,553100595149705700553,"74,75,71,73.5,74.5,77.5,79,80,81.5",17.9,71.27,87.12,GMCC SZ80Е1H,34,1
553,553100595149708880553,"70,73.5,74.5,78,79.5,81,81.5",17.8,71.08,86.93,GMCC SZ80Е1H,34,1
553,553100595149705710553,"74,76.5,75.5,76.5,77.5,78.5,80,80.5",17.9,71.27,87.12,GMCC SZ80Е1H,34,1
553,553100595149809950553,"73.5,77,77.5,78,79.5,80,81,82,83.5,84",21.8,78.34,94.19,GMCC SZ80Е1H,34,1
553,553100595149707260553,"70.5,65.5,69,70.5,71,72.5,73.5,72.5",17.2,70.0,85.84,GMCC SZ80Е1H,34,1
553,553100595149705730553,"72.5,74.5,75.5,77.5,78,80,79.5",17.9,71.27,87.12,GMCC SZ80Е1H,34,1
553,553100595149705770553,"75,79,80,82,84,85.5,86,86.5",18.1,71.63,87.48,GMCC SZ80Е1H,34,1
553,553100595149705810553,"70.5,73.5,72,73.5,75.5,76.5,78,78.5",18.2,71.81,87.66,GMCC SZ80Е1H,34,1
553,553100595149708680553,"74.5,67.5,70.5,69.5,71,72.5,73,74,75.5",17.7,70.9,86.75,GMCC SZ80Е1H,34,1
553,553100150849492770553,"78,77,78,79,80.5,83.5,83",17.3,70.18,86.03,GMCC SZ80Е1H,34,1
553,553100595149705830553,"71.5,72,74,76,77.5,78.5,80.5,81",18.2,71.81,87.66,GMCC SZ80Е1H,34,1
553,553100150849613190553,"76,77.5,78,80.5,82.5,83,85,85.5",18.0,71.45,87.3,GMCC SZ80Е1H,34,1
553,553100297749793140553,"79.5,78,77.5,79.5,81,82.5,81.5",20.0,75.07,90.93,GMCC SZ80Е1H,34,1
553,553100595149705860553,"72,72.5,72,74,75.5,76.5,79,81",18.3,71.99,87.84,GMCC SZ80Е1H,34,1
553,553100150849616260553,"72.5,77,78.5,79.5,81,82.5,82,83",20.4,75.8,91.65,GMCC SZ80Е1H,34,1
553,553100595149705870553,"72,75,77.5,78,79,79.5,80.5,81",18.2,71.81,87.66,GMCC SZ80Е1H,34,1
553,553100595149705880553,"72,73,74,73.5,74,75.5,77,78.5,79.5,80.5,80",18.3,71.99,87.84,GMCC SZ80Е1H,34,1
553,553100595149705910553,"82.5,72.5,76,77,78,79,80,80.5,83,84.5,83.5,85.5",18.1,71.63,87.48,GMCC SZ80Е1H,34,1
553,553100297749793080553,"76.5,77.5,78,79.5,81.5,82",19.9,74.89,90.74,GMCC SZ80Е1H,34,1
553,553100595149705920553,"71.5,73,72.5,74,75,76.5,75",18.0,71.45,87.3,GMCC SZ80Е1H,34,1
553,553100595149658210553,"71,71.5,68.5,70,71.5,73,73.5,74",15.5,66.91,82.76,GMCC SZ80Е1H,34,1
553,553100595149705930553,"72.5,74,73,73.5,74,76.5,78,79",17.9,71.27,87.12,GMCC SZ80Е1H,34,1
553,553100595149661510553,"58.5,63,61.5,64.5,65,65.5,66.5,68.5",13.3,62.93,78.77,GMCC SZ80Е1H,34,1
553,553100595149705970553,"71.5,69.5,72,73,74.5,75,75.5,76,76.5",18.2,71.81,87.66,GMCC SZ80Е1H,34,1
553,553100595149705980553,"73.5,74.5,72.5,74.5,75,77,78.5,79",18.3,71.99,87.84,GMCC SZ80Е1H,34,1
553,553100595149707770553,"72,71.5,73,74,75.5,76.5,77",19.8,74.71,90.56,GMCC SZ80Е1H,34,1
553,553100595149706000553,"73,71.5,70.5,72.5,73.5,75,76,77.5",18.3,71.99,87.84,GMCC SZ80Е1H,34,1
553,553100595149660850553,"70,66.5,68,69,68.5,70.5,71,70.5,72.5",14.6,65.28,81.13,GMCC SZ80Е1H,34,1
553,553100595149706010553,"71.5,70.5,71,73,74,74.5,75,76.5,78.5,79.5",18.3,71.99,87.84,GMCC SZ80Е1H,34,1
553,553100595149808730553,"78.5,80.5,81.5,83.5,85.5,88.5,90,89.5,91,92.5",23.9,82.14,98.0,GMCC SZ80Е1H,34,1
553,553100595149706060553,"74.5,75,76.5,77.5,78.5,79,79.5",18.4,72.17,88.02,GMCC SZ80Е1H,34,1
553,553100150849616290553,"76.5,77.5,78,79,81.5,82.5,83,84.5",20.4,75.8,91.65,GMCC SZ80Е1H,34,1
553,553100595149706120553,"70,73,65.5,69.5,72,73.5,74.5,75.5,75,77",18.5,72.35,88.2,GMCC SZ80Е1H,34,1
553,553100150849619510553,"79.5,80,81,83,82,84.5,85.5,83.5",17.7,70.9,86.75,GMCC SZ80Е1H,34,1
553,553100595149709350553,"71,68.5,70,72,74,76,77",16.9,69.45,85.3,GMCC SZ80Е1H,34,1
553,553100595149706150553,"69.5,71.5,68.5,70,71,73,76,74.5",18.5,72.35,88.2,GMCC SZ80Е1H,34,1
553,553100150849612180553,"72.5,71.5,73.5,75.5,77,80,79.5",19.4,73.98,89.84,GMCC SZ80Е1H,34,1
553,553100595149706280553,"69,72,73.5,75,76,78,78.5,79.5,80",19.8,74.71,90.56,GMCC SZ80Е1H,34,1
553,553100595149706370553,"74,71,72.5,74,76.5,79.5,81,80",19.4,73.98,89.84,GMCC SZ80Е1H,34,1
553,553100595149706440553,"72,74,72,73,73.5,75,76.5,75",19.4,73.98,89.84,GMCC SZ80Е1H,34,1
553,553100150849611750553,"71,75.5,77,79,81,82.5,84",20.2,75.44,91.29,GMCC SZ80Е1H,34,1
553,553100595149706460553,"67.5,70,72,72.5,73.5,75.5,76,77",19.6,74.35,90.2,GMCC SZ80Е1H,34,1
553,553100595149706490553,"71.5,74.5,74,75.5,75,76,79",19.3,73.8,89.66,GMCC SZ80Е1H,34,1
553,553100595149706540553,"70,70.5,71,72.5,74,75.5,78,77.5",19.4,73.98,89.84,GMCC SZ80Е1H,34,1
553,553100595149706580553,"70,74,72,73,74,74.5,75.5,76,77.5,82",19.2,73.62,89.47,GMCC SZ80Е1H,34,1
553,553100595149660950553,"68,69,68.5,69.5,70.5,72,73,73.5",14.7,65.46,81.31,GMCC SZ80Е1H,34,1
553,553100150849612570553,"72,74.5,76.5,78,79.5,81.5,83.5",19.5,74.17,90.02,GMCC SZ80Е1H,34,1
553,553100150849611440553,"83.5,72,74.5,76,75.5,77,78.5,81.5",21.5,77.79,93.65,GMCC SZ80Е1H,34,1
553,553100595149706610553,"69.5,72.5,74.5,76.5,78,79.5,79,81,82",19.2,73.62,89.47,GMCC SZ80Е1H,34,1
553,553100595149703030553,"70,73,75,79",18.2,71.81,87.66,GMCC SZ80Е1H,34,1
553,553100595149709190553,"73.5,71,72,74,74.5,75,75.5",17.3,70.18,86.03,GMCC SZ80Е1H,34,1
553,553100595149706630553,"65.5,70,72,74,75,74,75",19.2,73.62,89.47,GMCC SZ80Е1H,34,1
553,553100595149707500553,"74.5,72,73,74.5,75,77.5,76",17.7,70.9,86.75,GMCC SZ80Е1H,34,1
553,553100595149709320553,"71.5,71,71.5,72.5,74.5,76,78,77",16.9,69.45,85.3,GMCC SZ80Е1H,34,1
553,553100150849615660553,"80.5,79,81,82,83.5,85,84",20.8,76.52,92.38,GMCC SZ80Е1H,34,1
553,553100595149706650553,"72.5,73.5,76,78,80.5,81,83,82.5",19.6,74.35,90.2,GMCC SZ80Е1H,34,1
553,553100595149706670553,"65.5,65,62,67.5,68,70,71,73,72.5,74",19.2,73.62,89.47,GMCC SZ80Е1H,34,1
553,553100150849619210553,"76,75.5,74.5,78.5,78,79,82.5,83,84.5",18.0,71.45,87.3,GMCC SZ80Е1H,34,1
553,553100595149660480553,"69.5,67,65.5,68,68.5,69.5,71",14.9,65.83,81.67,GMCC SZ80Е1H,34,1
553,553100595149706750553,"72,73,75,75.5,76.5,77,78,79",19.4,73.98,89.84,GMCC SZ80Е1H,34,1
553,553100150849492650553,"77,77.5,77,79,79.5,81.5,82,83",17.5,70.54,86.39,GMCC SZ80Е1H,34,1
553,553100595149707080553,"73,67.5,68.5,70.5,72,73,74,73.5",18.0,71.45,87.3,GMCC SZ80Е1H,34,1
553,553100595149810180553,"74,76,75,76,77,78.5,80,80.5,81,81.5",21.5,77.79,93.65,GMCC SZ80Е1H,34,1
553,553100595149706810553,"71.5,72,72.5,74,73,74,77,78,79",19.7,74.53,90.38,GMCC SZ80Е1H,34,1
553,553100595149706860553,"68.5,71,72.5,73,75,76.5,76,77.5,78",18.4,72.17,88.02,GMCC SZ80Е1H,34,1
553,553100595149706920553,"74,71.5,72.5,73.5,76,76.5,77.5,78",18.2,71.81,87.66,GMCC SZ80Е1H,34,1
553,553100150849610570553,"72.5,73.5,77,79.5,81.5,83.5,85.5,86.5,88",21.4,77.61,93.47,GMCC SZ80Е1H,34,1
553,553100595149706980553,"71.5,70.5,71.5,71,72.5,74,73,74.5,76",18.0,71.45,87.3,GMCC SZ80Е1H,34,1
553,553100595149706990553,"72,73,74,75,75.5,74.5",18.2,71.81,87.66,GMCC SZ80Е1H,34,1
553,553100595149660800553,"71.5,68,66.5,67.5,68,69,70.5,69",14.8,65.64,81.49,GMCC SZ80Е1H,34,1
553,553100595149707020553,"71,72,73.5,75,76,77",17.9,71.27,87.12,GMCC SZ80Е1H,34,1
553,553100595149707040553,"71,70.5,69,70,71,73,73.5,74,75.5",17.7,70.9,86.75,GMCC SZ80Е1H,34,1
553,553100595149707050553,"70,71.5,71,72.5,75,74.5,77,76",18.2,71.81,87.66,GMCC SZ80Е1H,34,1
553,553100297749792760553,"73,72,73.5,73,74,77,81",19.0,73.26,89.11,GMCC SZ80Е1H,34,1
553,553100595149707060553,"67.5,71,71.5,72,74,75,76",17.9,71.27,87.12,GMCC SZ80Е1H,34,1
553,553100595149658800553,"71,70,69.5,71.5,72,73,73.5,74,74.5,75",15.1,66.19,82.03,GMCC SZ80Е1H,34,1
553,553100595149707090553,"70,70.5,69,70.5,72.5,73,72.5,73",17.9,71.27,87.12,GMCC SZ80Е1H,34,1
553,553100595149707100553,"71,71.5,72,72.5,74.5,75,75.5,76.5,75",17.5,70.54,86.39,GMCC SZ80Е1H,34,1
553,553100595149707130553,"69,72,71,72,73,74.5,76",17.4,70.36,86.21,GMCC SZ80Е1H,34,1
553,553100595149707140553,"68,70,68,70.5,72,73.5,75",17.4,70.36,86.21,GMCC SZ80Е1H,34,1
553,553100595149708380553,"73.5,73,74.5,75,77,79.5,79",18.3,71.99,87.84,GMCC SZ80Е1H,34,1
553,553100297749793260553,"72.5,75,75.5,76.5,77.5,78.5,79.5",19.9,74.89,90.74,GMCC SZ80Е1H,34,1
553,553100595149659710553,"71.5,70.5,71,72,73.5,74.5",15.6,67.1,82.94,GMCC SZ80Е1H,34,1
553,553100595149707150553,"71.5,71,70.5,72,73.5,74.5,76",17.4,70.36,86.21,GMCC SZ80Е1H,34,1
553,553100595149707170553,"70,74,72.5,74,75,75.5,77",17.5,70.54,86.39,GMCC SZ80Е1H,34,1
553,553100150849614140553,"79,81.5,82,83,84.5,87.5,89,89.5",20.4,75.8,91.65,GMCC SZ80Е1H,34,1
553,553100595149657820553,"69,71.5,68.5,69,70.5,71.5",14.5,65.1,80.95,GMCC SZ80Е1H,34,1
553,553100595149707190553,"67,70.5,71,73.5,74,75,76",17.4,70.36,86.21,GMCC SZ80Е1H,34,1
553,553100595149708150553,"81.5,73,73.5,76,78,80,81.5,82",18.5,72.35,88.2,GMCC SZ80Е1H,34,1
553,553100150849610180553,"73,75,74.5,76,78,79,81.5,80.5",21.7,78.15,94.01,GMCC SZ80Е1H,34,1
553,553100595149709670553,"68.5,71,70.5,71.5,72.5,73.5,75,76,76.5",16.6,68.91,84.76,GMCC SZ80Е1H,34,1
553,553100595149707200553,"73.5,72,73.5,74,75,76,77.5,76.5",17.5,70.54,86.39,GMCC SZ80Е1H,34,1
553,553100595149810310553,"68,72,70,74.5,74,78,78.5",21.4,77.61,93.47,GMCC SZ80Е1H,34,1
553,553100595149707220553,"70,72.5,73.5,72.5,75,76,77,78.5,79.5",17.7,70.9,86.75,GMCC SZ80Е1H,34,1
553,553100595149707250553,"70.5,73,71,72,73.5,75,76.5,75.5",17.4,70.36,86.21,GMCC SZ80Е1H,34,1
553,553100595149707280553,"69.5,71,70,72.5,73.5,74,77",17.5,70.54,86.39,GMCC SZ80Е1H,34,1
553,553100595149707440553,"67,69.5,65.5,70,70.5,71.5,73,74",17.2,70.0,85.84,GMCC SZ80Е1H,34,1
553,553100150849615760553,"80,79.5,80.5,81,83.5,84.5,85.5",20.9,76.7,92.56,GMCC SZ80Е1H,34,1
553,553100595149709700553,"70,69.5,68,69.5,70.5,73,72.5",16.3,68.36,84.21,GMCC SZ80Е1H,34,1
553,553100595149708580553,"75,76.5,77,78.5,80.5,81.5,82",17.9,71.27,87.12,GMCC SZ80Е1H,34,1
553,553100595149707470553,"72.5,76.5,77,79,80,82,83.5,84.5",20.5,75.98,91.83,GMCC SZ80Е1H,34,1
553,553100595149707490553,"80,70.5,73.5,74,76,78,80,82.5,81.5",20.6,76.16,92.01,GMCC SZ80Е1H,34,1
553,553100595149704730553,"70.5,73.5,73,74,76,77,80,79",18.8,72.9,88.75,GMCC SZ80Е1H,34,1
553,553100595149707590553,"72.5,71,70,71.5,72,73,73.5,74,74.5",17.3,70.18,86.03,GMCC SZ80Е1H,34,1
553,553100595149707640553,"71,73,72.5,74.5,75.5,77.5,79,79.5,80",20.2,75.44,91.29,GMCC SZ80Е1H,34,1
553,553100595149707660553,"71.5,73,74,76.5,77,78,76.5,78",20.3,75.62,91.47,GMCC SZ80Е1H,34,1
553,553100595149707700553,"72,75,75.5,78,79.5,81,80.5",19.9,74.89,90.74,GMCC SZ80Е1H,34,1
553,553100595149707710553,"70,73,70,73,74,74.5,75.5,76,77",17.3,70.18,86.03,GMCC SZ80Е1H,34,1
553,553100595149707740553,"72.5,73,72.5,73,74,75.5,76,76.5,77,78",19.8,74.71,90.56,GMCC SZ80Е1H,34,1
553,553100595149707750553,"68.5,72,73,74,76,78,78.5",20.0,75.07,90.93,GMCC SZ80Е1H,34,1
553,553100150849610620553,"71.5,73,74.5,76,78.5,80.5,83,82",21.6,77.97,93.83,GMCC SZ80Е1H,34,1
553,553100595149707970553,"70.5,71,72.5,73.5,76,78,80,79.5",19.7,74.53,90.38,GMCC SZ80Е1H,34,1
553,553100150849612150553,"71.5,71,70,71.5,72,73.5,75.5,76,79",19.5,74.17,90.02,GMCC SZ80Е1H,34,1
553,553100595149707760553,"72,73.5,72.5,74,74.5,76,77.5,78.5,79,80.5,81.5",19.9,74.89,90.74,GMCC SZ80Е1H,34,1
553,553100595149707790553,"74.5,75,76.5,78.5,80.5,81.5,82.5,83.5",20.2,75.44,91.29,GMCC SZ80Е1H,34,1
553,553100595149708460553,"72.5,74.5,76,77.5,79,80.5,81",18.4,72.17,88.02,GMCC SZ80Е1H,34,1
553,553100297749792020553,"76,80,82,83.5,84.5,87,88,87.5",20.5,75.98,91.83,GMCC SZ80Е1H,34,1
553,553100595149707800553,"71,74,75.5,77.5,80,80.5,82,83.5",19.8,74.71,90.56,GMCC SZ80Е1H,34,1
553,553100150849613800553,"77.5,78.5,80,79.5,80.5,82,83.5",16.8,69.27,85.12,GMCC SZ80Е1H,34,1
553,553100595149707810553,"74.5,75,76,78,80.5,82.5,83.5,82.5",19.8,74.71,90.56,GMCC SZ80Е1H,34,1
553,553100595149662690553,"76.5,79,80,83,85.5,88,86.5",20.4,75.8,91.65,GMCC SZ80Е1H,34,1
553,553100595149707820553,"74.5,78.5,76,77,77.5,78,79.5,80",20.1,75.25,91.11,GMCC SZ80Е1H,34,1
553,553100595149707850553,"76.5,76,86.5",19.8,74.71,90.56,GMCC SZ80Е1H,34,1
553,553100595149708190553,"70.5,72,74,74.5,76,75.5,77.5,79,80",18.5,72.35,88.2,GMCC SZ80Е1H,34,1
553,553100595149658080553,"72.5,70.5,70,70.5,75,76",15.8,67.46,83.3,GMCC SZ80Е1H,34,1
553,553100595149707860553,"73.5,74,75,77.5,80,81,83.5,82",19.7,74.53,90.38,GMCC SZ80Е1H,34,1
553,553100150849617060553,"79.5,79,80,82,82.5,83,84.5",18.8,72.9,88.75,GMCC SZ80Е1H,34,1
553,553100595149707880553,"72.5,73.5,74.5,75,77,78.5,80,81",19.8,74.71,90.56,GMCC SZ80Е1H,34,1
553,553100150849619360553,"75,76.5,78,80,81,81.5,82",18.3,71.99,87.84,GMCC SZ80Е1H,34,1
553,553100595149707890553,"80.5,72.5,75,74,76,77,79,81.5,83,84",19.6,74.35,90.2,GMCC SZ80Е1H,34,1
553,553100595149707900553,"72.5,74,74.5,76.5,78,80,81,80",19.6,74.35,90.2,GMCC SZ80Е1H,34,1
553,553100595149707030553,"70,71,71.5,72,73,74.5,75",17.7,70.9,86.75,GMCC SZ80Е1H,34,1
553,553100595149707920553,"74,75.5,75,78.5,80.5,83",19.7,74.53,90.38,GMCC SZ80Е1H,34,1
553,553100150849614640553,"76,79.5,81,82,83,84.5,88,90.5,89.5",21.7,78.15,94.01,GMCC SZ80Е1H,34,1
553,553100595149660510553,"70,68,66.5,67.5,69,69.5,72,70",14.9,65.83,81.67,GMCC SZ80Е1H,34,1
553,553100595149707940553,"71,74,75,77,78.5,79,80",19.9,74.89,90.74,GMCC SZ80Е1H,34,1
553,553100595149707990553,"71,75.5,76,77,79,80,82,83.5,85",20.1,75.25,91.11,GMCC SZ80Е1H,34,1
553,553100150849613430553,"76.5,75.5,74,78,80,81,81.5",18.2,71.81,87.66,GMCC SZ80Е1H,34,1
553,553100297749794410553,"70.5,74.5,75,77.5,79,80.5,82,80.5",19.0,73.26,89.11,GMCC SZ80Е1H,34,1
553,553100595149708030553,"71.5,74,76,78,79,81.5,80",19.5,74.17,90.02,GMCC SZ80Е1H,34,1
553,553100595149708100553,"74,75,75.5,76,78,79.5,80,81.5",19.7,74.53,90.38,GMCC SZ80Е1H,34,1
553,553100595149706850553,"72.5,70,69.5,71,72,72.5,73.5,74,75",18.1,71.63,87.48,GMCC SZ80Е1H,34,1
553,553100595149708640553,"73.5,75.5,77,78,80,80.5,83,83.5",17.9,71.27,87.12,GMCC SZ80Е1H,34,1
553,553100595149708130553,"73.5,75.5,75,76.5,77,78.5,76.5",19.6,74.35,90.2,GMCC SZ80Е1H,34,1
553,553100595149708140553,"72,74.5,76,77.5,77,78.5,81.5,80",18.6,72.53,88.39,GMCC SZ80Е1H,34,1
553,553100595149708160553,"72.5,74,71,74,77,78,79.5,80.5,81.5",18.5,72.35,88.2,GMCC SZ80Е1H,34,1
553,553100595149708170553,"70,72.5,74,76,76.5,78.5,79.5,82",18.5,72.35,88.2,GMCC SZ80Е1H,34,1
553,553100150849618470553,"75.5,77,77.5,78,79.5,78.5",16.6,68.91,84.76,GMCC SZ80Е1H,34,1
553,553100595149708220553,"76,74,74.5,75.5,77,77.5,78.5,81,80.5",18.3,71.99,87.84,GMCC SZ80Е1H,34,1
553,553100595149708270553,"73,74,75.5,76.5,77.5,79",18.4,72.17,88.02,GMCC SZ80Е1H,34,1
553,553100595149708410553,"72.5,74,73.5,74.5,76,78.5,81,79.5",18.0,71.45,87.3,GMCC SZ80Е1H,34,1
553,553100595149708420553,"73.5,75.5,76.5,78,80,81.5,81",18.3,71.99,87.84,GMCC SZ80Е1H,34,1
553,553100595149708450553,"71,72.5,73.5,74.5,76.5,78,81,82",18.0,71.45,87.3,GMCC SZ80Е1H,34,1
553,553100595149708470553,"72.5,74,74.5,76,78,79,80,83",19.8,74.71,90.56,GMCC SZ80Е1H,34,1
553,553100595149708490553,"74,71.5,72.5,75,75.5,77.5,80,79",17.9,71.27,87.12,GMCC SZ80Е1H,34,1
553,553100595149708510553,"73,74.5,75,75.5,76,78,78.5,79",17.9,71.27,87.12,GMCC SZ80Е1H,34,1
553,553100595149708540553,"72.5,75.5,76,76.5,77,78.5,79,80",17.9,71.27,87.12,GMCC SZ80Е1H,34,1
553,553100150849618330553,"76.5,77.5,79.5,80,81,81.5",17.3,70.18,86.03,GMCC SZ80Е1H,34,1
553,553100150849610430553,"74.5,80,81.5,83,85,88,86",21.5,77.79,93.65,GMCC SZ80Е1H,34,1
553,553100150849492450553,"78,76.5,77.5,76.5,77.5,78.5,79,78.5",17.8,71.08,86.93,GMCC SZ80Е1H,34,1
553,553100150849612550553,"72.5,71,70.5,72.5,74.5,77.5,79,80",19.0,73.26,89.11,GMCC SZ80Е1H,34,1
553,553100595149708650553,"75.5,75,75.5,77.5,79.5,81,83,82",18.0,71.45,87.3,GMCC SZ80Е1H,34,1
553,553100595149705670553,"75,72.5,70.5,76.5,79,80.5,81.5,82.5",18.1,71.63,87.48,GMCC SZ80Е1H,34,1
553,553100595149708670553,"76,77.5,79,80,80.5,81,81.5",17.8,71.08,86.93,GMCC SZ80Е1H,34,1
553,553100595149705260553,"63.5,70,62,69.5,70.5,72,73,74,76.5",18.3,71.99,87.84,GMCC SZ80Е1H,34,1
553,553100595149708690553,"73.5,74.5,76,75.5,76.5,77.5,78,79",17.9,71.27,87.12,GMCC SZ80Е1H,34,1
553,553100595149692260553,"69.5,71.5,70,72.5,73,74,74.5,75",16.9,69.45,85.3,GMCC SZ80Е1H,34,1
553,553100150849615790553,"83,85.5,86.5,87.5,88,89.5,89",20.7,76.34,92.2,GMCC SZ80Е1H,34,1
553,553100595149708750553,"69.5,69,68.5,70,71,70.5,73,73.5,74",17.7,70.9,86.75,GMCC SZ80Е1H,34,1
553,553100595149708820553,"75,74,76.5,77,78,80.5,81.5,82",18.5,72.35,88.2,GMCC SZ80Е1H,34,1
553,553100297749792490553,"78.5,79.5,80,81.5,83.5,85,86,84.5",20.7,76.34,92.2,GMCC SZ80Е1H,34,1
553,553100595149708850553,"71,71.5,73.5,75.5,77,79,81,80",17.8,71.08,86.93,GMCC SZ80Е1H,34,1
553,553100595149692450553,"72,71.5,72,73,73.5,74,75,74",15.7,67.28,83.12,GMCC SZ80Е1H,34,1
553,553100595149708860553,"71.5,73.5,72,73,74,75,76.5,78.5,77.5,78.5,79",18.5,72.35,88.2,GMCC SZ80Е1H,34,1
553,553100595149708890553,"71,70.5,72,73,74,76.5,76",17.8,71.08,86.93,GMCC SZ80Е1H,34,1
553,553100595149708910553,"71,74.5,75.5,77.5,78,80,81,80",17.7,70.9,86.75,GMCC SZ80Е1H,34,1
553,553100595149708920553,"68.5,72.5,72,73.5,74.5,75,75.5,77.5,77",17.7,70.9,86.75,GMCC SZ80Е1H,34,1
553,553100150849617390553,"72,76,74,76,78.5,80.5,82.5,83,85",18.0,71.45,87.3,GMCC SZ80Е1H,34,1
553,553100595149692670553,"71.5,72,70.5,71,72,73,73.5,74",15.1,66.19,82.03,GMCC SZ80Е1H,34,1
553,553100595149708940553,"78,77,78,79.5,80,80.5,82.5,82",17.7,70.9,86.75,GMCC SZ80Е1H,34,1
553,553100595149692620553,"70.5,70,71,71.5,72.5,71.5",14.5,65.1,80.95,GMCC SZ80Е1H,34,1
553,553100595149708960553,"70,72,73,73.5,74.5,76,76.5,77.5,78.5",17.8,71.08,86.93,GMCC SZ80Е1H,34,1
553,553100595149709000553,"72,73,70,73,75.5,77,79,80.5,81.5,83",20.1,75.25,91.11,GMCC SZ80Е1H,34,1
553,553100595149660890553,"70.5,68,67,68,67.5,68.5,69.5,67.5",14.5,65.1,80.95,GMCC SZ80Е1H,34,1
553,553100595149709010553,"73.5,70.5,71,71.5,74,75,78,77",17.8,71.08,86.93,GMCC SZ80Е1H,34,1
553,553100595149709030553,"71,72,72.5,73.5,74,75.5,77,76",17.6,70.72,86.57,GMCC SZ80Е1H,34,1
553,553100595149704850553,"70,76,75.5,77.5,79,80,79,80,80.5",18.6,72.53,88.39,GMCC SZ80Е1H,34,1
553,553100595149709060553,"69.5,72.5,73,75,76,77.5,79.5",17.9,71.27,87.12,GMCC SZ80Е1H,34,1
553,553100595149662440553,"76.5,77.5,79,80,83,85,84",20.4,75.8,91.65,GMCC SZ80Е1H,34,1
553,553100595149709150553,"72,69.5,70.5,73,73.5,74.5,76.5,76",17.8,71.08,86.93,GMCC SZ80Е1H,34,1
553,553100150849613410553,"77,78,79.5,80.5,82,83.5,84",17.7,70.9,86.75,GMCC SZ80Е1H,34,1
553,553100595149709200553,"69.5,73.5,73,73.5,75,75.5,77.5,78",17.1,69.81,85.66,GMCC SZ80Е1H,34,1
553,553100150849492510553,"80.5,78.5,79,79.5,82,83.5,83",18.4,72.17,88.02,GMCC SZ80Е1H,34,1
553,553100595149709210553,"69,70,72.5,74,75,76.5,78,77.5",17.1,69.81,85.66,GMCC SZ80Е1H,34,1
553,553100595149809360553,"76,77.5,78,80,82,83,84.5,86",22.6,79.79,95.64,GMCC SZ80Е1H,34,1
553,553100595149658030553,"72.5,69.5,67.5,70,71.5,72.5,73",16.0,67.82,83.67,GMCC SZ80Е1H,34,1
553,553100595149709220553,"70,74.5,75,75.5,76.5,78.5,80,79.5",17.8,71.08,86.93,GMCC SZ80Е1H,34,1
553,553100595149709230553,"73,75,76,76.5,77.5,78.5,80,79.5",17.9,71.27,87.12,GMCC SZ80Е1H,34,1
553,553100595149661290553,"72,70.5,70,71.5,72,73.5,74,73.5",14.0,64.19,80.04,GMCC SZ80Е1H,34,1
553,553100595149662110553,"85,70.5,72.5,73.5,76,78.5,81.5,84.5,86.5",20.4,75.8,91.65,GMCC SZ80Е1H,34,1
553,553100595149709250553,"70,73,72,72.5,73.5,75.5,76.5,77",17.1,69.81,85.66,GMCC SZ80Е1H,34,1
553,553100150849619080553,"79.5,77.5,79,80.5,80,81,81.5",18.4,72.17,88.02,GMCC SZ80Е1H,34,1
553,553100150849612710553,"69.5,70.5,72,72.5,73,75,77,77.5",18.5,72.35,88.2,GMCC SZ80Е1H,34,1
553,553100595149709260553,"71,71.5,73,75.5,78,80,79.5",17.2,70.0,85.84,GMCC SZ80Е1H,34,1
553,553100595149703670553,"72,71,72,73,75.5,74",16.8,69.27,85.12,GMCC SZ80Е1H,34,1
553,553100595149709270553,"73.5,73,71,72.5,73,74,75.5,74",17.0,69.63,85.48,GMCC SZ80Е1H,34,1
553,553100595149658720553,"72.5,72,71,71.5,72.5,73.5,72",15.2,66.37,82.22,GMCC SZ80Е1H,34,1
553,553100595149709300553,"71.5,74,75,76.5,77.5,79,78",17.0,69.63,85.48,GMCC SZ80Е1H,34,1
553,553100595149692340553,"73.5,71.5,72.5,72,74.5,76.5,74.5",16.2,68.18,84.03,GMCC SZ80Е1H,34,1
553,553100595149709370553,"65.5,69.5,69,70,72,73,74.5,76",16.9,69.45,85.3,GMCC SZ80Е1H,34,1
553,553100150849619110553,"77,78,78.5,80,82",18.3,71.99,87.84,GMCC SZ80Е1H,34,1
553,553100595149709410553,"68.5,70.5,69.5,70,71.5,72,73.5,73",16.9,69.45,85.3,GMCC SZ80Е1H,34,1
553,553100595149658710553,"67.5,69.5,68.5,69.5,71,72.5,72",15.3,66.55,82.4,GMCC SZ80Е1H,34,1
553,553100595149709430553,"69,69.5,73,74.5,76,77,76.5",16.9,69.45,85.3,GMCC SZ80Е1H,34,1
553,553100595149709530553,"72.5,71,70.5,71,73,73.5,74,75",16.6,68.91,84.76,GMCC SZ80Е1H,34,1
553,553100595149709600553,"71.5,73,74.5,75.5,77.5,78.5,79.5",16.6,68.91,84.76,GMCC SZ80Е1H,34,1
553,553100595149709640553,"73.5,73,72,74,75,76,77.5,78.5",16.5,68.73,84.57,GMCC SZ80Е1H,34,1
553,553100595149709690553,"76,72.5,74,74.5,76.5,77,76.5",16.3,68.36,84.21,GMCC SZ80Е1H,34,1
553,553100150849619370553,"79.5,82,80.5,83,84,86,87.5,88",18.3,71.99,87.84,NS,NS,0
553,553100595149706420553,"66.5,68.5,71.5,71,73.5,74.5,76,77",21.4,77.61,93.47,NS,NS,0
553,553100150849619450553,"79.5,80.5,81.5,81,80.5,84,83,82.5,83,84.5,85.5,85,86.5,87.5,87,89",18.0,71.45,87.3,NS,NS,0
553,553100150849619460553,"74.5,82,85.5,86,88.5,89,89.5",17.9,71.27,87.12,NS,NS,0
553,553100595149809550553,"79,84,88,92.5,95.5,97,98.5,100",23.9,82.14,98.0,NS,NS,0
553,553100150849611550553,"73,73",20.6,76.16,92.01,NS,NS,0
553,553100595149706530553,"67,70.5,71.5,73,73.5,74.5,73",19.3,73.8,89.66,NS,NS,0
553,553100150849614170553,"82.5,83,82.5,86,88.5,89,91.5,92.5",20.4,75.8,91.65,NS,NS,0
553,553100150849492310553,"73,79,75,80.5,81,82,82.5,84,85.5,86,87",17.8,71.08,86.93,NS,NS,0
553,553100150849611400553,"73,72.5,73.5,73.5",20.6,76.16,92.01,NS,NS,0
553,553100150849611570553,"68.5,95.5",20.6,76.16,92.01,NS,NS,0
553,553100150849614500553,"79,81,80.5,82.5,86.5,91,91.5",20.2,75.44,91.29,NS,NS,0
553,553100150849616770553,"82,83.5,85.5,84.5,88,87.5,90,91",19.8,74.71,90.56,NS,NS,0
553,553100595149703100553,"59,62.5,57.5,59.5,58,62,65.5,67.5,68,69",18.1,71.63,87.48,NS,NS,0
553,553100150849617500553,"80,79,80.5,82,83.5,86.5,91.5",20.3,75.62,91.47,NS,NS,0
553,553100595149706590553,"71,69.5,68.5,63.5,69.5,68.5,69,73,72",19.3,73.8,89.66,NS,NS,0
999,999999,"103.4,103.4,105.7,105.3,103.9,105.9,108.1,108.4",10.5,999.0,999.0,999,999,0
999,999999,"108.0,109.0,110.3,112.4,113.7,114.8,116.0,116.4,119.2,119.4",10.5,999.0,999.0,999,999,0
999,999999,"103.7,107.7,155.5,105.3,106.2,107.4",10.4,999.0,999.0,999,999,0
999,999999,"89.6,90.6,92.0,175.4,88.5,88.1",10.2,999.0,999.0,999,999,0
999,999999,"115.4,117.3,117.7,118.6,118.5,117.2",10.6,999.0,999.0,999,999,0
999,999999,"104.3,104.7,107.0,101.8,109.4,99.7",10.5,999.0,999.0,999,999,0
999,999999,"91.1,93.0,95.3,94.9,95.5,95.0",10.4,999.0,999.0,999,999,0
999,999999,"104.4,105.8,105.3,106.0,109.3,113.1",10.3,999.0,999.0,999,999,0
999,999999,"97.6,93.6,95.0,96.4,98.1,97.8,99.4,100.4,98.5",10.7,999.0,999.0,999,999,0
999,999999,"106.0,106.1,107.8,108.7,107.7",10.4,999.0,999.0,999,999,0
999,999999,"85.1,88.1,89.5,91.6,92.6",10.6,999.0,999.0,999,999,0
999,999999,"110.1,111.3,113.2,106.8,108.8,106.7",11.3,999.0,999.0,999,999,0
999,999999,"101.0,100.2,101.0,97.0,99.6,110.1,22.0",11.1,999.0,999.0,999,999,0
999,999999,"101.1,102.0,106.6,104.9,106.3,108.3",11.4,999.0,999.0,999,999,0
999,999999,"90.0,91.8,93.1,94.2,96.6",11.7,999.0,999.0,999,999,0
999,999999,"111.2,111.3,112.3,113.9,115.8,118.2",11.4,999.0,999.0,999,999,0
999,999999,"24.4,111.0,116.4,173.9,115.9,116.6,117.5,118.4",11.7,999.0,999.0,999,999,0
999,999999,"73.1,74.0,75.5,76.7,78.6",11.7,999.0,999.0,999,999,0
999,999999,"94.3,96.7,99.0,98.1,98.5",11.6,999.0,999.0,999,999,0
999,999999,"69.2,70.2,70.8,74.2,77.4,80.5,81.3,79.6,79.5",11.8,999.0,999.0,999,999,0
999,999999,"89.6,91.6,94.5,94.7,94.6,94.7,97.9,99.6",12.4,999.0,999.0,999,999,0
999,999999,"67.5,69.1,70.6,180.0,75.3,75.6",11.9,999.0,999.0,999,999,0
999,999999,"107.2,186.2,111.1,112.7,115.0,116.4,119.3,119.8,120.3,20.4",11.9,999.0,999.0,999,999,0
999,999999,"61.5,62.3,64.4,68.4,72.0,73.5,74.0,74.5,76.5,77.2",12.6,999.0,999.0,999,999,0
999,999999,"96.3,95.8,100.2,141.8,102.4,102.0,105.5,107.0",12.6,999.0,999.0,999,999,0
999,999999,"62.1,69.4,70.3,71.1,72.4,74.2,74.7,77.2",12.0,999.0,999.0,999,999,0
999,999999,"98.6,98.8,100.4,101.7,102.8,103.4,103.4,103.6",12.2,999.0,999.0,999,999,0
999,999999,"67.4,69.7,73.0,70.8,73.9,72.6,74.6,75.1,73.7",12.4,999.0,999.0,999,999,0
999,999999,"99.2,101.3,102.2,103.4,104.4,105.5,107.7,165.6",13.0,999.0,999.0,999,999,0
999,999999,"70.1,72.3,73.1,71.8,73.2,73.6,75.1,76.2",12.5,999.0,999.0,999,999,0
999,999999,"89.9,89.4,89.2,91.6,94.0,95.1,95.6,95.5,96.0",13.0,999.0,999.0,999,999,0
999,999999,"106.3,107.5,110.7,111.9,113.3,112.2",13.5,999.0,999.0,999,999,0
999,999999,"75.5,74.6,75.5,76.5,77.8,77.4,77.5,78.6,80.4",13.0,999.0,999.0,999,999,0
999,999999,"80.2,80.0,81.0,82.6,84.3,84.5,86.9,87.1,88.4",12.9,999.0,999.0,999,999,0
999,999999,"81.3,78.3,80.3,82.3,82.6,84.0",13.2,999.0,999.0,999,999,0
999,999999,"83.1,85.1,140.0,89.8,90.1,91.9,92.7,93.8,95.5,98.5",13.4,999.0,999.0,999,999,0
999,999999,"118.1,15.7,117.8,118.5,119.6",13.6,999.0,999.0,999,999,0
999,999999,"90.5,92.6,93.1,91.9,92.7,93.8",14.1,999.0,999.0,999,999,0
999,999999,"78.2,80.1,81.5,83.4,82.2,82.8,81.1,85.2",13.6,999.0,999.0,999,999,0
999,999999,"78.8,80.0,81.6,82.8,82.0,84.3,85.3,85.9",13.5,999.0,999.0,999,999,0
999,999999,"101.8,100.7,102.3,101.5,102.8,103.0,105.7,107.3,110.3,111.9",13.7,999.0,999.0,999,999,0
999,999999,"109.2,111.6,110.8,111.1,109.1,108.7,110.7,109.6,111.0,113.8",13.6,999.0,999.0,999,999,0
999,999999,"95.1,96.0,97.6,98.3,98.4,140.2",14.3,999.0,999.0,999,999,0
999,999999,"73.5,75.1,75.7,72.8,74.2,74.5",14.1,999.0,999.0,999,999,0
999,999999,"75.6,77.3,79.0,80.7,80.8,81.5",14.6,999.0,999.0,999,999,0
999,999999,"93.0,94.2,94.4,95.6,99.0,99.2,100.4",14.5,999.0,999.0,999,999,0
999,999999,"91.9,92.7,96.4,97.2,98.4,101.9",15.0,999.0,999.0,999,999,0
999,999999,"112.4,113.2,117.4,117.0,117.9,118.6,118.0",14.3,999.0,999.0,999,999,0
999,999999,"83.0,84.6,86.3,87.4,89.8",14.8,999.0,999.0,999,999,0
999,999999,"107.5,110.0,111.0,110.8,113.8,114.1,114.3,117.0",15.3,999.0,999.0,999,999,0
999,999999,"112.8,113.7,115.5,116.6,114.7,117.0,117.2,118.5,118.1",15.2,999.0,999.0,999,999,0
999,999999,"77.0,80.2,80.8,82.1,85.5,87.3,85.7,85.7,86.3,87.6",14.8,999.0,999.0,999,999,0
999,999999,"79.8,79.8,80.3,15.6,84.1,85.1,86.6,86.9",15.6,999.0,999.0,999,999,0
999,999999,"64.0,65.5,66.7,68.5,72.4,74.4,76.2,77.8",15.2,999.0,999.0,999,999,0
999,999999,"73.3,27.4,73.9,73.4,74.7,178.1,75.5,76.0,78.0,80.9",15.6,999.0,999.0,999,999,0
999,999999,"146.3,65.0,65.5,65.4,66.3,68.1,70.2,72.3,73.4,74.8",16.0,999.0,999.0,999,999,0
999,999999,"85.9,87.6,85.8,87.3,90.4,91.8,92.8,94.2,95.4,97.8",15.5,999.0,999.0,999,999,0
999,999999,"59.8,59.1,58.5,61.8,66.0,68.0,68.9,70.8",16.0,999.0,999.0,999,999,0
999,999999,"96.1,98.1,99.9,101.3,102.9,104.2,106.4,106.8,108.8,110.9",16.0,999.0,999.0,999,999,0
999,999999,"156.9,82.6,84.1,85.0,86.8,88.2,92.2,96.0,96.7,17.2",16.2,999.0,999.0,999,999,0
999,999999,"110.2,108.8,109.1,112.2,111.4,112.8",16.2,999.0,999.0,999,999,0
999,999999,"75.4,76.3,79.0,81.4,83.7,85.6,86.7",15.8,999.0,999.0,999,999,0
999,999999,"67.7,68.7,69.9,69.7,69.8,70.1,69.5,70.9,73.6,73.7",16.2,999.0,999.0,999,999,0
999,999999,"105.1,105.7,106.5,107.2,107.0,109.2",16.0,999.0,999.0,999,999,0
999,999999,"103.1,104.8,105.8,107.3,106.3,108.9",16.6,999.0,999.0,999,999,0
999,999999,"68.0,68.2,66.2,70.2,70.7,73.4,76.2,78.8",16.7,999.0,999.0,999,999,0
999,999999,"55.1,57.9,68.8,71.4,68.7,71.9",16.9,999.0,999.0,999,999,0
999,999999,"101.2,102.2,28.0,107.9,109.2,107.2,111.2,111.2",17.1,999.0,999.0,999,999,0
999,999999,"83.8,84.6,83.8,83.3,82.9,83.5,84.5",16.5,999.0,999.0,999,999,0
999,999999,"76.5,77.1,74.8,75.1,75.2,76.7,75.0,74.8,76.7",16.9,999.0,999.0,999,999,0
999,999999,"68.4,70.2,154.1,72.6,75.0,76.6,77.0,78.5,80.8,81.5",17.4,999.0,999.0,999,999,0
999,999999,"107.2,17.3,107.4,109.5,110.7,102.9,113.3",16.7,999.0,999.0,999,999,0
999,999999,"75.5,74.8,76.9,77.4,76.4,79.5,81.4,82.7,82.7,85.2",16.8,999.0,999.0,999,999,0
999,999999,"84.2,85.2,86.2,86.2,88.4,89.2,87.3,90.9",17.2,999.0,999.0,999,999,0
999,999999,"98.0,98.6,95.6,98.9,100.3,101.1",17.6,999.0,999.0,999,999,0
999,999999,"84.1,83.8,83.5,85.0,85.7,85.6",18.0,999.0,999.0,999,999,0
999,999999,"82.1,83.3,82.2,82.5,83.4,85.7,85.5,87.5",17.3,999.0,999.0,999,999,0
999,999999,"96.4,98.8,100.1,101.3,103.8,105.5,107.3,108.8",17.4,999.0,999.0,999,999,0
999,999999,"99.3,118.6,18.4,103.9,105.4,103.3,100.6,102.5,102.3,101.9",18.0,999.0,999.0,999,999,0
999,999999,"104.5,106.3,108.6,111.1,111.8",17.4,999.0,999.0,999,999,0
999,999999,"97.1,101.2,102.4,102.0,102.3,103.2",18.3,999.0,999.0,999,999,0
999,999999,"67.1,66.4,66.6,66.9,67.4,69.6,69.8,152.2",18.4,999.0,999.0,999,999,0
999,999999,"73.4,73.8,75.5,75.2,76.2,78.0,75.5,77.2",18.6,999.0,999.0,999,999,0
999,999999,"70.7,73.8,74.3,76.2,74.7,75.7,77.6",17.9,999.0,999.0,999,999,0
999,999999,"68.8,69.0,69.4,70.7,70.0,70.2,70.7,76.6,78.8",17.9,999.0,999.0,999,999,0
999,999999,"72.1,72.9,194.5,71.5,73.7",18.7,999.0,999.0,999,999,0
999,999999,"92.6,93.9,97.7,97.5,96.0,100.9,98.7,101.1,100.6",19.1,999.0,999.0,999,999,0
999,999999,"69.1,70.4,70.9,71.2,71.4,72.7,71.6,73.0,73.9",18.5,999.0,999.0,999,999,0
999,999999,"109.7,111.3,110.9,112.1,113.6,114.9,114.8,118.1",18.8,999.0,999.0,999,999,0
999,999999,"80.7,81.2,83.3,84.6,22.2",18.5,999.0,999.0,999,999,0
999,999999,"68.5,69.7,72.1,72.6,70.2,73.1,75.3,77.4,76.9,75.6",19.4,999.0,999.0,999,999,0
999,999999,"99.7,99.5,98.0,100.9,102.1,101.7,103.5",18.7,999.0,999.0,999,999,0
999,999999,"74.1,75.7,76.0,77.0,77.0,77.6,78.7,80.5",19.1,999.0,999.0,999,999,0
999,999999,"91.0,92.8,91.4,92.1,17.7,94.4,95.7,96.7,97.4",19.3,999.0,999.0,999,999,0
999,999999,"110.9,110.3,112.3,114.6,114.2,118.3,118.2,119.9",19.4,999.0,999.0,999,999,0
999,999999,"81.9,82.1,83.6,182.6,84.7,86.5,84.5,83.6",19.8,999.0,999.0,999,999,0
999,999999,"94.3,95.8,96.9,98.1,98.1,100.6,99.9",19.5,999.0,999.0,999,999,0
999,999999,"87.3,87.7,89.0,90.0,91.9,91.6,92.6,94.3,91.5,89.6",19.5,999.0,999.0,999,999,0
999,999999,"72.4,75.5,76.9,76.9,75.9",19.4,999.0,999.0,999,999,0
999,999999,"70.3,73.0,73.7,74.3,75.8",20.2,999.0,999.0,999,999,0
999,999999,"115.2,120.0,120.8,118.1,119.1",20.4,999.0,999.0,999,999,0
999,999999,"79.2,80.2,80.5,79.8,82.1,82.2,84.7,91.0,93.4,94.2",19.8,999.0,999.0,999,999,0
999,999999,"85.0,82.4,83.3,85.2,87.8,89.8,92.0",20.4,999.0,999.0,999,999,0
999,999999,"79.7,81.0,81.7,80.2,80.8,81.2",20.0,999.0,999.0,999,999,0
999,999999,"89.4,91.5,91.5,92.7,93.1,94.4,95.3,97.8,98.7,101.2",20.8,999.0,999.0,999,999,0
999,999999,"111.0,111.5,110.7,112.7,114.9",20.8,999.0,999.0,999,999,0
999,999999,"107.8,109.5,108.8,110.0,113.0,113.6,114.7",20.5,999.0,999.0,999,999,0
999,999999,"100.0,101.9,99.6,97.7,98.9,99.4,101.0,99.8",20.4,999.0,999.0,999,999,0
999,999999,"23.8,74.0,75.0,76.1,76.8,78.1,78.3",20.6,999.0,999.0,999,999,0
999,999999,"84.1,85.3,157.7,89.4,89.6,90.8",21.1,999.0,999.0,999,999,0
999,999999,"102.7,104.6,106.7,109.4,108.2,108.6",21.2,999.0,999.0,999,999,0
999,999999,"118.2,121.6,120.9,119.2,116.7,115.1,114.2,115.5,114.4,115.5",21.3,999.0,999.0,999,999,0
999,999999,"111.5,113.2,114.4,113.6,113.5,113.0,115.0,118.2",21.6,999.0,999.0,999,999,0
999,999999,"75.9,76.1,76.8,78.8,79.7,81.7,80.2",21.5,999.0,999.0,999,999,0
999,999999,"61.8,62.6,65.7,68.5,70.9,73.0",21.2,999.0,999.0,999,999,0
999,999999,"97.5,98.9,98.9,96.0,99.0,101.0",21.5,999.0,999.0,999,999,0
999,999999,"90.5,93.4,94.4,96.4,97.9,98.9,102.2,104.4,106.4",21.1,999.0,999.0,999,999,0
999,999999,"108.6,109.2,108.9,109.4,109.1,110.5,106.3,103.5,103.8",22.0,999.0,999.0,999,999,0
999,999999,"103.1,103.6,104.9,106.6,108.5,110.5,113.7,115.0,113.2",22.2,999.0,999.0,999,999,0
999,999999,"79.0,81.1,83.5,21.9,88.7",21.5,999.0,999.0,999,999,0
999,999999,"92.4,99.4,100.1,195.6,101.6,101.7,104.5,105.3,107.9,110.8",22.2,999.0,999.0,999,999,0
999,999999,"114.0,113.2,112.8,114.4,115.3,117.8",22.6,999.0,999.0,999,999,0
999,999999,"108.3,114.1,115.7,116.6,116.0,114.8,116.0,118.2",22.6,999.0,999.0,999,999,0
999,999999,"66.0,65.9,67.9,114.9,73.4,76.6,77.2,77.8",22.6,999.0,999.0,999,999,0
999,999999,"61.0,62.7,64.6,65.5,67.5,68.2,68.8,70.5",22.8,999.0,999.0,999,999,0
999,999999,"85.8,88.7,88.2,87.8,88.5,90.0",22.7,999.0,999.0,999,999,0
999,999999,"101.0,103.8,103.4,103.6,106.9",22.9,999.0,999.0,999,999,0
999,999999,"118.4,72.1,24.3,73.5,71.5",22.8,999.0,999.0,999,999,0
999,999999,"114.4,113.8,114.8,115.2,113.7",22.6,999.0,999.0,999,999,0
999,999999,"72.3,73.4,75.4,75.7,75.4,75.9,75.4",23.2,999.0,999.0,999,999,0
999,999999,"110.9,29.9,103.9,106.2,107.2,109.1,109.6,111.5",23.4,999.0,999.0,999,999,0
999,999999,"102.4,103.4,100.5,103.8,101.9,104.1,105.2,106.0,106.7,108.2",23.6,999.0,999.0,999,999,0
999,999999,"113.1,113.4,112.7,112.6,111.4",23.4,999.0,999.0,999,999,0
999,999999,"108.8,71.9,74.3,73.8,76.0,77.5",23.4,999.0,999.0,999,999,0
999,999999,"78.0,79.0,81.2,81.6,84.7,82.2,83.2",22.9,999.0,999.0,999,999,0
999,999999,"93.1,91.1,91.2,91.4,179.7,90.7,91.8,94.3,96.6,98.9",23.7,999.0,999.0,999,999,0
999,999999,"89.7,92.5,94.6,96.5,97.0,97.1,96.1",23.4,999.0,999.0,999,999,0
999,999999,"98.5,98.2,98.0,99.5,99.9,101.3",23.3,999.0,999.0,999,999,0
999,999999,"71.0,71.5,71.4,75.7,77.9,78.6,77.6,78.4,78.1,76.5",23.4,999.0,999.0,999,999,0
999,999999,"89.9,90.1,91.2,93.4,94.6,98.0,98.9,103.1,105.7",24.3,999.0,999.0,999,999,0
999,999999,"79.3,83.3,82.2,85.6,86.4,87.0,88.0,88.0,88.7,80.2",23.9,999.0,999.0,999,999,0
999,999999,"109.4,111.9,113.1,116.1,118.6,118.3,117.3",24.0,999.0,999.0,999,999,0
999,999999,"105.7,107.8,110.3,110.7,111.2,110.1",24.1,999.0,999.0,999,999,0
999,999999,"66.1,69.2,71.9,72.3,71.1,74.1,73.2",24.1,999.0,999.0,999,999,0
999,999999,"22.3,77.0,77.5,74.0,75.7,77.6,78.7,77.2,77.6",24.5,999.0,999.0,999,999,0
999,999999,"86.0,84.8,85.5,86.4,86.3,88.7,175.2,92.3,94.1",25.0,999.0,999.0,999,999,0
999,999999,"68.3,69.3,73.0,73.0,76.2,76.4",24.3,999.0,999.0,999,999,0
999,999999,"77.2,80.3,82.4,82.7,84.4,86.0",24.4,999.0,999.0,999,999,0
999,999999,"64.0,62.9,64.3,64.9,67.0,65.1,64.1,65.7,71.1",25.1,999.0,999.0,999,999,0
999,999999,"101.3,103.6,105.0,105.7,107.4,106.6,108.9,106.2,195.5",25.1,999.0,999.0,999,999,0
999,999999,"118.3,116.1,117.4,118.1,120.0",25.1,999.0,999.0,999,999,0
999,999999,"93.7,23.7,96.4,99.3,100.1",24.6,999.0,999.0,999,999,0
999,999999,"24.7,90.4,91.8,91.9,92.3,93.5",25.0,999.0,999.0,999,999,0
999,999999,"81.5,83.1,85.2,86.0,86.7,90.6,125.8",25.7,999.0,999.0,999,999,0
999,999999,"96.8,101.9,101.1,103.0,104.9,107.0",25.6,999.0,999.0,999,999,0
999,999999,"81.3,79.8,82.2,121.3,83.3,84.3,89.8,87.2,87.8,92.6",25.1,999.0,999.0,999,999,0
999,999999,"103.2,105.1,107.7,111.8,111.6",25.1,999.0,999.0,999,999,0
999,999999,"65.6,65.1,64.6,65.8,65.8,68.0,69.7,71.4,71.3,72.0",25.5,999.0,999.0,999,999,0
999,999999,"102.4,103.8,105.6,105.9,105.5,106.7,106.6",25.5,999.0,999.0,999,999,0
999,999999,"75.4,76.4,77.7,77.4,76.2,78.0,107.9,81.3,82.2,84.1",26.1,999.0,999.0,999,999,0
999,999999,"76.8,78.3,81.2,80.7,82.9",26.3,999.0,999.0,999,999,0
999,999999,"63.4,65.6,69.3,68.9,70.6,147.5",26.6,999.0,999.0,999,999,0
999,999999,"114.7,116.0,111.8,110.2,111.7",26.4,999.0,999.0,999,999,0
999,999999,"95.6,96.0,98.7,97.1,99.0,98.9,26.8,98.8",25.9,999.0,999.0,999,999,0
999,999999,"94.4,171.2,98.7,101.7,102.0,102.8",26.3,999.0,999.0,999,999,0
999,999999,"77.1,79.0,79.8,81.6,76.6,78.9,80.4,80.8,79.2,80.9",26.2,999.0,999.0,999,999,0
999,999999,"117.8,117.1,117.5,118.8,119.1,119.0",26.5,999.0,999.0,999,999,0
999,999999,"62.1,63.7,66.0,70.0,70.9,72.4,74.2,74.3,77.0",26.7,999.0,999.0,999,999,0
999,999999,"100.9,104.3,105.8,106.5,105.5,104.6,106.3",26.5,999.0,999.0,999,999,0
999,999999,"90.2,88.6,90.9,21.2,93.0,93.7,95.3,98.8,99.0",27.1,999.0,999.0,999,999,0
999,999999,"79.4,81.2,81.3,82.4,84.9,85.9,88.9,89.6",26.7,999.0,999.0,999,999,0
999,999999,"79.6,80.2,80.5,80.7,82.8,82.9",27.3,999.0,999.0,999,999,0
999,999999,"78.9,80.5,81.1,82.4,82.7,82.2,85.0,87.0,89.4,90.5",26.9,999.0,999.0,999,999,0
999,999999,"90.8,91.2,93.1,95.9,99.0,99.1,100.1",27.1,999.0,999.0,999,999,0
999,999999,"100.0,98.4,101.5,97.7,97.2,170.7",26.9,999.0,999.0,999,999,0
999,999999,"116.8,118.6,117.7,119.2,119.6",27.7,999.0,999.0,999,999,0
999,999999,"97.6,95.3,87.7,89.3,91.0",27.7,999.0,999.0,999,999,0
999,999999,"78.7,80.7,83.4,85.1,85.6,88.5",28.2,999.0,999.0,999,999,0
999,999999,"106.5,187.7,110.5,110.2,111.4,115.7",27.4,999.0,999.0,999,999,0
999,999999,"84.0,82.9,83.1,82.5,82.2,83.9,85.1,85.0,85.3,88.7",28.3,999.0,999.0,999,999,0
999,999999,"104.1,103.6,104.5,105.6,105.0,108.4,107.1,107.9,108.2,109.1",27.6,999.0,999.0,999,999,0
999,999999,"103.6,159.3,102.8,102.9,102.0",28.6,999.0,999.0,999,999,0
999,999999,"94.2,94.9,95.8,95.9,98.4,98.4",28.0,999.0,999.0,999,999,0
999,999999,"110.5,110.7,111.1,111.8,113.4,114.0,115.8,118.7",28.2,999.0,999.0,999,999,0
999,999999,"82.7,84.3,84.8,86.0,87.2,86.1",28.4,999.0,999.0,999,999,0
999,999999,"76.0,79.1,80.8,82.0,82.2,81.5,80.8,84.1,86.0,85.4",28.9,999.0,999.0,999,999,0
999,999999,"85.3,86.4,89.8,90.2,92.3,92.7,94.5",28.3,999.0,999.0,999,999,0
999,999999,"69.0,71.0,72.1,72.6,71.9,72.3,73.6",28.8,999.0,999.0,999,999,0
999,999999,"71.3,69.2,70.1,71.2,73.7,74.6,74.1,74.8,76.5,78.4",28.9,999.0,999.0,999,999,0
999,999999,"78.2,80.3,80.5,81.0,80.8,81.8,82.4",28.7,999.0,999.0,999,999,0
999,999999,"104.8,104.9,104.7,106.0,107.7,109.9,109.8,111.7,111.2,110.7",29.1,999.0,999.0,999,999,0
999,999999,"114.9,116.1,117.1,117.5,117.4",28.9,999.0,999.0,999,999,0
999,999999,"91.3,93.8,96.7,98.4,99.0,97.5,94.6,96.2",29.1,999.0,999.0,999,999,0
999,999999,"82.6,147.0,84.6,86.7,85.3,86.3,87.7",29.6,999.0,999.0,999,999,0
999,999999,"69.9,73.0,75.1,76.5,78.8,78.9,85.7,87.2,89.6,89.0",28.9,999.0,999.0,999,999,0
999,999999,"79.5,80.6,146.6,83.9,86.0,86.5,87.0,87.4,88.0",29.3,999.0,999.0,999,999,0
999,999999,"106.6,102.0,103.0,103.0,101.9,102.1",30.1,999.0,999.0,999,999,0
999,999999,"107.4,108.7,111.8,113.0,114.0",29.5,999.0,999.0,999,999,0
999,999999,"101.4,99.9,99.8,101.0,100.1,101.9,108.3",29.5,999.0,999.0,999,999,0
999,999999,"77.3,78.5,80.6,80.9,81.6,79.7,81.7,83.4,82.7",29.5,999.0,999.0,999,999,0
999,999999,"82.6,82.3,83.8,84.2,85.5,86.2,87.5,90.3",29.9,999.0,999.0,999,999,0
999,999999,"88.8,89.6,96.2,96.7,96.3,96.7",30.5,999.0,999.0,999,999,0
999,999999,"100.2,19.9,104.0,105.4,104.7",29.8,999.0,999.0,999,999,0
999,999999,"85.3,85.7,88.6,87.1,88.5,87.1,88.3,87.2,86.7",30.6,999.0,999.0,999,999,0
999,999999,"100.4,101.5,101.6,102.9,102.6,103.2,101.3,103.0,104.8,103.5",30.7,999.0,999.0,999,999,0
999,999999,"67.5,67.4,69.6,70.7,72.1,73.1,76.4,74.0,77.5,80.0",30.9,999.0,999.0,999,999,0
999,999999,"99.1,100.1,100.5,101.8,102.8,103.2",30.9,999.0,999.0,999,999,0
999,999999,"111.0,112.3,113.4,115.0,116.7,117.7",30.9,999.0,999.0,999,999,0
999,999999,"112.4,114.2,114.8,117.8,23.7",30.6,999.0,999.0,999,999,0
999,999999,"78.7,79.1,80.4,80.9,128.7,82.1,83.3,83.8,84.7,85.8",31.3,999.0,999.0,999,999,0
999,999999,"71.0,71.7,72.5,102.5,71.5",31.5,999.0,999.0,999,999,0
999,999999,"77.4,78.6,78.7,80.3,80.0,80.0,81.2",30.9,999.0,999.0,999,999,0
999,999999,"87.7,89.3,89.6,92.4,92.2",30.9,999.0,999.0,999,999,0
999,999999,"60.2,62.2,63.8,66.0,68.0,68.4,71.0,72.2,72.3,73.3",31.2,999.0,999.0,999,999,0
999,999999,"99.8,101.8,102.9,101.6,105.7,107.0,104.8,106.8,106.5,108.8",31.3,999.0,999.0,999,999,0
999,999999,"80.4,80.9,81.3,84.6,85.0,85.0,86.1",31.5,999.0,999.0,999,999,0
999,999999,"68.1,68.8,69.5,69.7,70.3",31.4,999.0,999.0,999,999,0
999,999999,"99.2,101.6,102.0,103.6,107.6,19.4,111.4,114.0,113.5,117.7",32.0,999.0,999.0,999,999,0
999,999999,"97.0,162.0,96.4,98.9,97.3",31.9,999.0,999.0,999,999,0
999,999999,"97.4,97.9,98.9,100.0,101.7,105.0,106.8,108.8,110.3,111.2",31.5,999.0,999.0,999,999,0
999,999999,"89.2,90.8,91.4,95.2,97.2,96.2,98.1,99.5,100.4",32.5,999.0,999.0,999,999,0
999,999999,"105.3,106.6,109.5,111.4,113.4,114.7,116.6,115.9,117.0,118.4",31.9,999.0,999.0,999,999,0
999,999999,"72.5,68.2,182.9,70.7,72.4",32.5,999.0,999.0,999,999,0
999,999999,"111.8,113.1,113.1,111.2,109.3,112.5,111.1,113.2,113.4",32.7,999.0,999.0,999,999,0
999,999999,"105.3,107.3,108.3,110.3,110.7,112.4,114.2,114.1,112.4,113.7",32.3,999.0,999.0,999,999,0
999,999999,"103.8,105.6,105.2,101.8,103.5,104.3",32.5,999.0,999.0,999,999,0
999,999999,"85.6,84.6,86.0,87.7,90.2,91.2",32.1,999.0,999.0,999,999,0
999,999999,"71.7,72.2,71.7,73.1,75.6,77.4",32.4,999.0,999.0,999,999,0
999,999999,"76.5,78.0,79.4,80.3,81.5,83.7,83.9",32.9,999.0,999.0,999,999,0
999,999999,"108.3,107.3,108.7,112.8,114.7",33.3,999.0,999.0,999,999,0
999,999999,"89.8,92.3,92.5,94.4,92.7,91.0,93.8,96.0,98.1,99.1",32.7,999.0,999.0,999,999,0
999,999999,"75.6,76.0,78.6,77.8,78.9,80.1,80.3,82.0,82.6",33.5,999.0,999.0,999,999,0
999,999999,"109.5,111.3,114.3,116.7,119.0",32.8,999.0,999.0,999,999,0
999,999999,"109.4,111.6,112.3,112.1,111.6,113.8,115.3",33.7,999.0,999.0,999,999,0
999,999999,"138.6,84.0,85.2,83.8,85.7,86.3",33.3,999.0,999.0,999,999,0
999,999999,"83.1,82.6,82.5,84.3,87.4,87.6,89.8,88.7,90.4,90.6",33.3,999.0,999.0,999,999,0
999,999999,"99.2,98.3,100.2,99.2,99.0,99.7",33.9,999.0,999.0,999,999,0
999,999999,"90.1,91.4,92.2,92.4,94.6",33.9,999.0,999.0,999,999,0
999,999999,"75.7,75.6,75.2,76.8,75.0",34.1,999.0,999.0,999,999,0
999,999999,"87.6,87.5,90.7,92.8,16.8,95.0",33.9,999.0,999.0,999,999,0
999,999999,"104.5,101.9,105.2,108.1,108.7,110.1",34.5,999.0,999.0,999,999,0
999,999999,"80.1,79.2,81.1,81.8,82.0,84.2,85.3,85.9,88.3,87.8",33.8,999.0,999.0,999,999,0
999,999999,"86.1,88.0,88.4,90.1,89.6,89.7,89.5",34.5,999.0,999.0,999,999,0
999,999999,"76.1,80.9,80.4,112.3,82.9,83.0,82.8",33.8,999.0,999.0,999,999,0
999,999999,"111.8,112.1,112.8,114.0,116.7,115.5,113.7,114.6,116.9",34.3,999.0,999.0,999,999,0
999,999999,"78.4,17.6,80.4,81.2,82.8,81.9,84.8,86.0",34.6,999.0,999.0,999,999,0
999,999999,"94.2,93.2,95.5,97.5,98.8,99.5,100.6",34.4,999.0,999.0,999,999,0
999,999999,"71.1,73.7,73.8,75.4,77.1,79.4,81.2",35.0,999.0,999.0,999,999,0
999,999999,"90.9,92.4,92.8,93.6,92.1,93.6",35.0,999.0,999.0,999,999,0
999,999999,"94.5,95.7,101.4,102.5,108.6,102.6,103.6,102.9,103.5,102.0",35.0,999.0,999.0,999,999,0
999,999999,"83.1,83.7,82.9,86.8,89.2",10.2,999.0,999.0,999,999,0
999,999999,"78.9,20.0,84.2,81.1,80.0,79.4",10.6,999.0,999.0,999,999,0
999,999999,"103.6,104.5,105.9,106.7,108.0",9.8,999.0,999.0,999,999,0
999,999999,"109.3,111.2,110.6,109.2,108.5,106.0,113.2,115.5",9.8,999.0,999.0,999,999,0
999,999999,"77.9,80.1,79.9,81.4,81.7",10.3,999.0,999.0,999,999,0
999,999999,"100.1,100.1,100.1,99.7,98.1,99.8",10.9,999.0,999.0,999,999,0
999,999999,"78.4,82.6,84.5,83.4,84.4,86.4,88.5",10.3,999.0,999.0,999,999,0
999,999999,"77.7,79.7,78.7,80.1,83.0",10.6,999.0,999.0,999,999,0
999,999999,"75.9,77.9,80.0,81.2,81.4,82.5,84.5,87.5,90.3",10.4,999.0,999.0,999,999,0
999,999999,"65.0,68.3,68.9,70.3,71.8,72.5",11.0,999.0,999.0,999,999,0
999,999999,"70.4,72.2,74.5,77.0,78.2,78.7,80.6",10.9,999.0,999.0,999,999,0
999,999999,"107.8,107.9,109.4,110.1,108.8,108.5,110.0",11.3,999.0,999.0,999,999,0
999,999999,"105.1,107.5,146.5,109.0,110.7",11.3,999.0,999.0,999,999,0
999,999999,"98.3,101.0,101.5,103.5,105.4,106.3,107.8,106.8,106.6",10.9,999.0,999.0,999,999,0
999,999999,"96.5,96.5,100.7,99.6,99.8",11.9,999.0,999.0,999,999,0
999,999999,"116.0,117.6,118.4,153.3,114.9,23.6,114.3,113.3,115.2",11.8,999.0,999.0,999,999,0
999,999999,"106.8,107.9,110.2,111.5,113.4,114.1,116.2",11.2,999.0,999.0,999,999,0
999,999999,"74.5,76.5,77.9,79.7,81.2,83.2,25.8,83.4,84.5,85.3",11.4,999.0,999.0,999,999,0
999,999999,"67.1,66.0,69.2,71.7,71.6,73.2,75.1",11.4,999.0,999.0,999,999,0
999,999999,"59.4,61.1,62.1,68.1,68.5,70.1,74.0,73.8,71.9,73.8",12.1,999.0,999.0,999,999,0
999,999999,"70.9,72.4,72.1,71.0,74.2,76.1,77.3",11.6,999.0,999.0,999,999,0
999,999999,"88.1,89.2,87.2,89.5,89.9,92.6,94.0,93.7,98.4,100.6",12.0,999.0,999.0,999,999,0
999,999999,"73.3,74.7,76.6,77.5,80.1",12.0,999.0,999.0,999,999,0
999,999999,"95.8,98.8,99.6,100.6,101.2,101.5,101.3",12.8,999.0,999.0,999,999,0
999,999999,"93.4,96.2,96.4,97.1,100.3,100.4",11.9,999.0,999.0,999,999,0
999,999999,"69.6,69.8,69.6,72.7,73.4",12.5,999.0,999.0,999,999,0
999,999999,"22.4,60.6,64.2,67.1,68.2,70.4",12.4,999.0,999.0,999,999,0
999,999999,"67.5,68.0,69.2,71.2,72.7",12.7,999.0,999.0,999,999,0
999,999999,"99.5,99.6,113.4,113.2,112.7,111.2",12.8,999.0,999.0,999,999,0
999,999999,"110.5,112.1,113.2,114.0,111.6,110.9,112.9,113.2,114.5",12.4,999.0,999.0,999,999,0
999,999999,"84.4,84.7,82.7,83.6,84.7,87.2",12.7,999.0,999.0,999,999,0
999,999999,"66.5,67.9,67.6,69.6,70.2,75.6,77.2",13.4,999.0,999.0,999,999,0
999,999999,"66.8,70.1,70.7,70.4,73.1,73.4,75.5,77.2,79.5",13.6,999.0,999.0,999,999,0
999,999999,"110.4,111.4,109.9,111.4,111.6",13.3,999.0,999.0,999,999,0
999,999999,"74.7,78.4,78.6,79.7,79.5,80.5,79.7,80.5,81.6",13.6,999.0,999.0,999,999,0
999,999999,"88.5,88.7,93.2,95.4,96.0,95.5,97.7,99.7",13.6,999.0,999.0,999,999,0
999,999999,"71.1,73.4,70.5,28.8,73.0,72.4",14.0,999.0,999.0,999,999,0
999,999999,"76.3,80.1,79.9,80.2,80.9,83.0,85.8,86.9,88.6,89.4",13.4,999.0,999.0,999,999,0
999,999999,"78.7,78.6,79.1,82.9,27.8,85.1,88.2",14.3,999.0,999.0,999,999,0
999,999999,"119.2,120.1,121.6,119.7,119.1,119.6",13.9,999.0,999.0,999,999,0
999,999999,"74.1,74.4,75.2,76.9,77.5",13.9,999.0,999.0,999,999,0
999,999999,"94.3,95.2,96.4,96.6,95.4,121.9,93.5,96.1,97.8",14.3,999.0,999.0,999,999,0
999,999999,"82.6,86.1,87.4,87.9,89.3",14.2,999.0,999.0,999,999,0
999,999999,"108.9,110.3,109.2,104.5,102.7,102.7,103.4,106.5,107.6,108.7",14.7,999.0,999.0,999,999,0
999,999999,"98.5,99.7,101.7,100.3,100.8,100.6,101.2,102.1,102.0,104.1",14.1,999.0,999.0,999,999,0
999,999999,"70.9,71.9,73.7,72.6,71.8,69.6,71.8",14.1,999.0,999.0,999,999,0
999,999999,"112.1,113.1,113.7,114.9,115.9,116.6,116.0,19.3,116.7,119.1",14.8,999.0,999.0,999,999,0
999,999999,"76.3,77.7,77.5,78.9,81.5,83.5,83.2",14.8,999.0,999.0,999,999,0
999,999999,"68.8,69.1,71.1,70.4,73.0,74.3",14.8,999.0,999.0,999,999,0
999,999999,"93.5,97.3,101.3,104.2,107.1,103.9,103.6",14.4,999.0,999.0,999,999,0
999,999999,"81.6,79.6,83.7,84.3,85.2",14.6,999.0,999.0,999,999,0
999,999999,"78.6,78.9,80.2,81.6,82.4,85.9,86.6",15.4,999.0,999.0,999,999,0
999,999999,"101.2,101.8,102.2,103.2,104.6,144.0,103.6,105.0",14.9,999.0,999.0,999,999,0
999,999999,"88.7,91.4,92.8,95.3,95.3,95.1,102.1,105.1",15.3,999.0,999.0,999,999,0
999,999999,"68.6,69.8,69.8,71.2,70.1,72.5,72.2,74.7,74.5,76.3",15.7,999.0,999.0,999,999,0
999,999999,"115.0,115.3,116.5,118.8,120.0,119.6",15.0,999.0,999.0,999,999,0
999,999999,"81.3,15.9,82.6,85.5,164.3",15.5,999.0,999.0,999,999,0
999,999999,"15.3,89.6,137.3,91.6,93.5,95.0,95.2,96.4",15.9,999.0,999.0,999,999,0
999,999999,"66.7,69.7,66.8,68.2,71.2,67.9,65.9,67.7,70.3,70.9",15.5,999.0,999.0,999,999,0
999,999999,"105.0,106.2,106.9,104.8,106.4,107.5",15.7,999.0,999.0,999,999,0
999,999999,"87.7,176.7,89.5,87.9,86.6",16.0,999.0,999.0,999,999,0
999,999999,"102.3,103.5,104.1,102.9,103.9,107.3,110.1,111.9,113.7",15.8,999.0,999.0,999,999,0
999,999999,"81.0,80.5,82.3,84.7,86.3,88.2,89.9,90.8",15.8,999.0,999.0,999,999,0
999,999999,"63.6,63.9,65.6,66.1,67.6,69.1,69.0,70.2,69.9,70.4",16.7,999.0,999.0,999,999,0
999,999999,"75.0,75.0,77.4,80.0,81.5,83.0,83.0,84.6,86.7,89.0",16.6,999.0,999.0,999,999,0
999,999999,"91.1,91.8,93.3,94.3,96.7,97.4,92.8,93.7,93.9,92.6",16.7,999.0,999.0,999,999,0
999,999999,"89.5,88.8,89.8,91.2,91.0,92.0,91.8,91.6",16.8,999.0,999.0,999,999,0
999,999999,"102.0,103.2,105.3,105.6,106.6,107.5,109.5",17.0,999.0,999.0,999,999,0
999,999999,"80.3,81.8,82.7,82.7,83.2,83.3",16.7,999.0,999.0,999,999,0
999,999999,"112.7,118.0,119.2,120.0,117.0,117.4,117.6",16.8,999.0,999.0,999,999,0
999,999999,"58.5,60.3,61.9,65.2,66.5,155.7,68.3,68.5,71.6,73.6",16.7,999.0,999.0,999,999,0
999,999999,"112.1,112.1,111.0,115.3,115.2,117.0,118.6",17.6,999.0,999.0,999,999,0
999,999999,"112.2,112.8,113.4,116.8,117.6,118.3",17.0,999.0,999.0,999,999,0
999,999999,"92.1,90.7,91.4,92.4,93.0,91.7,91.9",17.3,999.0,999.0,999,999,0
999,999999,"95.4,95.1,96.0,96.7,98.6",17.3,999.0,999.0,999,999,0
999,999999,"85.4,86.6,86.5,88.4,90.0,87.9,89.5,86.5,87.2,87.7",17.7,999.0,999.0,999,999,0
999,999999,"87.7,85.1,86.8,87.6,88.3,85.4,86.7,87.3,87.4",17.4,999.0,999.0,999,999,0
999,999999,"104.4,107.9,108.7,110.0,112.1,112.4,114.9,116.7",17.7,999.0,999.0,999,999,0
999,999999,"91.0,92.3,93.2,91.3,92.7,94.8,96.2",17.6,999.0,999.0,999,999,0
999,999999,"80.5,82.5,82.7,84.3,86.6,29.4",17.5,999.0,999.0,999,999,0
999,999999,"90.7,92.5,94.4,22.9,96.8,97.5",18.0,999.0,999.0,999,999,0
999,999999,"111.7,112.1,112.4,111.2,112.2,115.3,115.3,116.6,118.7,118.6",18.3,999.0,999.0,999,999,0
999,999999,"69.3,67.2,68.7,70.6,71.9,72.0,72.0,73.3,75.4,77.3",18.2,999.0,999.0,999,999,0
999,999999,"94.9,98.3,19.7,101.2,102.3,103.1",18.2,999.0,999.0,999,999,0
999,999999,"94.2,97.4,95.0,96.4,96.8,99.4,100.4,103.2",18.6,999.0,999.0,999,999,0
999,999999,"111.4,111.4,111.4,111.6,111.2,112.3,113.5,17.5,117.1,115.6",18.7,999.0,999.0,999,999,0
999,999999,"73.7,75.3,76.7,77.3,79.0,81.3,81.4,86.5,85.8",18.6,999.0,999.0,999,999,0
999,999999,"81.2,80.9,22.2,81.8,78.4,173.6,79.9",18.9,999.0,999.0,999,999,0
999,999999,"63.8,66.1,67.6,69.3,68.6,69.7,71.5",18.5,999.0,999.0,999,999,0
999,999999,"71.1,70.5,72.1,72.4,76.6,77.3,79.2,81.0",18.8,999.0,999.0,999,999,0
999,999999,"84.9,86.2,86.4,87.4,87.6,89.1,90.3",18.6,999.0,999.0,999,999,0
999,999999,"81.2,82.4,82.9,82.3,83.4,85.8,87.5,87.4,86.0",19.0,999.0,999.0,999,999,0
999,999999,"100.7,27.7,100.8,104.1,105.1",19.2,999.0,999.0,999,999,0
999,999999,"105.8,107.3,109.4,108.4,109.6,112.7,113.1",19.7,999.0,999.0,999,999,0
999,999999,"117.1,117.4,118.7,119.8,115.5,115.9,116.1",18.9,999.0,999.0,999,999,0
999,999999,"169.6,113.9,114.7,113.9,115.3,111.7,114.0,116.0",19.2,999.0,999.0,999,999,0
999,999999,"76.3,78.0,80.9,79.3,81.7,81.8,83.0,86.5,89.5,90.8",19.4,999.0,999.0,999,999,0
999,999999,"62.8,63.6,65.9,67.7,69.7,18.6,71.5",19.2,999.0,999.0,999,999,0
999,999999,"80.1,81.9,82.6,81.2,83.8,84.1,87.9,88.8,84.5,84.7",20.2,999.0,999.0,999,999,0
999,999999,"62.1,67.8,72.7,75.8,79.6,81.0,79.5,77.1,78.6,80.2",20.2,999.0,999.0,999,999,0
999,999999,"82.1,82.9,83.1,83.1,84.3,85.7",20.0,999.0,999.0,999,999,0
999,999999,"95.4,94.9,95.9,97.5,95.8,98.1,98.3",20.1,999.0,999.0,999,999,0
999,999999,"95.0,97.7,98.5,100.3,102.6,103.0,103.0,106.9,107.7",20.4,999.0,999.0,999,999,0
999,999999,"87.6,85.9,84.5,82.8,83.3,85.3,180.0,85.7",20.3,999.0,999.0,999,999,0
999,999999,"76.9,78.8,77.5,79.5,79.9,80.8,81.8",20.6,999.0,999.0,999,999,0
999,999999,"91.4,91.8,90.3,90.8,90.6,92.7",20.6,999.0,999.0,999,999,0
999,999999,"78.7,79.6,78.2,80.1,81.1,80.8,81.6,81.9,82.6",20.4,999.0,999.0,999,999,0
999,999999,"187.6,98.8,15.9,96.0,94.6,96.3,96.9,98.0,103.4,101.4",21.2,999.0,999.0,999,999,0
999,999999,"76.3,78.0,78.7,78.7,75.7,76.3",20.7,999.0,999.0,999,999,0
999,999999,"91.7,93.7,92.2,95.1,97.0,98.4,96.5",21.1,999.0,999.0,999,999,0
999,999999,"96.5,97.1,98.3,101.1,102.7,102.9",20.7,999.0,999.0,999,999,0
999,999999,"80.0,80.9,81.4,23.8,80.8,82.8,84.2",20.7,999.0,999.0,999,999,0
999,999999,"145.2,75.7,77.1,76.9,79.7,81.9",21.4,999.0,999.0,999,999,0
999,999999,"85.3,87.4,88.9,90.7,90.5,92.6,92.0,94.7,96.2",21.6,999.0,999.0,999,999,0
999,999999,"82.3,85.8,88.6,89.2,89.8,93.0,95.1",21.9,999.0,999.0,999,999,0
999,999999,"86.0,87.5,87.6,86.2,86.6,88.9",21.6,999.0,999.0,999,999,0
999,999999,"62.6,120.9,66.2,67.5,70.0,70.2,72.9,78.0,78.8,79.6",21.2,999.0,999.0,999,999,0
999,999999,"99.5,101.8,103.0,106.4,103.6,107.1,102.3,103.9",21.7,999.0,999.0,999,999,0
999,999999,"87.2,87.7,88.5,88.2,90.2,96.2,97.5,98.3,99.8",22.1,999.0,999.0,999,999,0
999,999999,"87.3,85.8,85.9,87.7,87.0,88.9,91.3,94.4",21.5,999.0,999.0,999,999,0
999,999999,"98.0,99.5,99.8,26.6,102.4,102.9,104.4",22.3,999.0,999.0,999,999,0
999,999999,"81.4,82.9,83.2,86.2,83.8,85.8,86.2,84.9,86.2",22.3,999.0,999.0,999,999,0
999,999999,"28.0,104.2,105.5,104.1,102.0,103.4",22.4,999.0,999.0,999,999,0
999,999999,"108.5,108.6,111.4,113.1,114.4,116.5,111.9,112.6",22.4,999.0,999.0,999,999,0
999,999999,"76.7,77.9,77.7,79.0,80.5",22.1,999.0,999.0,999,999,0
999,999999,"68.6,69.5,68.5,69.0,69.6,70.1,71.0",22.0,999.0,999.0,999,999,0
999,999999,"82.8,85.0,88.0,89.7,90.5,93.1,94.5",22.6,999.0,999.0,999,999,0
999,999999,"77.7,79.0,80.0,81.2,81.3",22.7,999.0,999.0,999,999,0
999,999999,"111.5,111.8,113.0,112.3,119.4,114.3",22.5,999.0,999.0,999,999,0
999,999999,"94.8,95.9,96.0,99.2,101.4,100.9",22.8,999.0,999.0,999,999,0
999,999999,"74.6,75.6,78.3,79.6,80.1,77.9,78.6",23.0,999.0,999.0,999,999,0
999,999999,"104.2,106.6,107.0,109.0,103.2,103.4,104.1,102.9",23.0,999.0,999.0,999,999,0
999,999999,"114.7,114.4,117.6,118.9,118.7",22.7,999.0,999.0,999,999,0
999,999999,"75.1,75.5,82.7,84.5,87.4,90.9,89.6",23.0,999.0,999.0,999,999,0
999,999999,"112.3,114.5,115.1,115.7,116.9,118.4,119.9",23.1,999.0,999.0,999,999,0
999,999999,"94.2,94.8,95.3,100.8,19.5,103.6,102.4,104.3",23.9,999.0,999.0,999,999,0
999,999999,"103.6,104.9,107.0,108.6,110.7,112.2,111.2",23.2,999.0,999.0,999,999,0
999,999999,"100.2,102.0,102.9,107.8,113.6,116.0",23.8,999.0,999.0,999,999,0
999,999999,"113.8,112.6,110.5,110.7,113.5,113.0,115.2",24.0,999.0,999.0,999,999,0
999,999999,"161.7,115.4,116.0,116.2,115.8",24.0,999.0,999.0,999,999,0
999,999999,"71.7,71.5,72.9,71.1,72.3,73.4,76.0,78.5,79.8",23.6,999.0,999.0,999,999,0
999,999999,"66.0,69.0,70.7,73.4,19.4,77.6,79.5,81.3,82.6,83.9",24.2,999.0,999.0,999,999,0
999,999999,"108.8,109.8,112.2,113.5,114.5,115.4,116.9,119.0,120.2,118.8",24.0,999.0,999.0,999,999,0
999,999999,"82.1,85.1,87.4,88.5,89.9,90.3,91.1",24.0,999.0,999.0,999,999,0
999,999999,"108.5,110.1,111.0,115.0,113.7",24.8,999.0,999.0,999,999,0
999,999999,"15.6,63.0,69.5,70.8,69.7,117.5,70.7",24.6,999.0,999.0,999,999,0
999,999999,"91.0,92.7,120.1,94.1,96.3,97.5",24.7,999.0,999.0,999,999,0
999,999999,"116.3,118.7,118.7,119.7,120.0",24.4,999.0,999.0,999,999,0
999,999999,"97.3,96.7,98.1,97.7,96.9,97.2,96.3,96.2",24.9,999.0,999.0,999,999,0
999,999999,"88.5,88.0,89.4,17.3,95.3,97.0",25.2,999.0,999.0,999,999,0
999,999999,"84.0,83.1,83.1,80.6,85.2,85.5,85.8,82.7,83.9",25.2,999.0,999.0,999,999,0
999,999999,"115.6,115.8,27.7,118.2,118.4,173.4,115.5",24.8,999.0,999.0,999,999,0
999,999999,"62.8,63.0,65.3,195.9,67.4,68.0,71.2,73.1",25.3,999.0,999.0,999,999,0
999,999999,"102.9,103.7,103.1,104.0,107.5,108.6,112.7,112.5,113.7,116.8",25.3,999.0,999.0,999,999,0
999,999999,"15.5,77.3,79.3,79.5,81.4",25.4,999.0,999.0,999,999,0
999,999999,"72.7,74.4,74.2,137.0,75.9,76.4,79.5,78.9,80.9",25.9,999.0,999.0,999,999,0
999,999999,"71.2,72.9,73.8,75.9,75.5,77.0,77.8,79.7,86.0,86.9",25.4,999.0,999.0,999,999,0
999,999999,"75.3,76.9,78.2,77.3,78.6,77.2,80.7",25.9,999.0,999.0,999,999,0
999,999999,"83.5,85.7,84.7,86.6,87.7,89.6,84.8,87.3,87.8",25.8,999.0,999.0,999,999,0
999,999999,"15.1,94.3,91.6,93.4,94.1,95.5",25.9,999.0,999.0,999,999,0
999,999999,"109.8,111.6,111.5,111.6,113.9,114.0,115.2,115.5",25.6,999.0,999.0,999,999,0
999,999999,"106.1,106.5,23.7,106.9,108.3,111.1,111.0,111.8,111.6,111.4",26.0,999.0,999.0,999,999,0
999,999999,"63.0,63.8,64.5,65.9,68.3,69.6,70.8,72.9,74.3",26.0,999.0,999.0,999,999,0
999,999999,"89.4,90.9,89.2,88.2,87.5,85.4",26.6,999.0,999.0,999,999,0
999,999999,"68.3,69.4,70.2,72.4,72.5,70.5",26.1,999.0,999.0,999,999,0
999,999999,"105.2,98.0,98.8,99.0,99.3,100.4,101.2,101.8,104.0",26.6,999.0,999.0,999,999,0
999,999999,"59.7,61.5,62.8,66.1,66.6,67.0,68.8,70.7,72.1",26.9,999.0,999.0,999,999,0
999,999999,"90.4,92.4,93.1,93.2,92.0",26.9,999.0,999.0,999,999,0
999,999999,"69.7,71.6,72.5,73.0,73.4",27.3,999.0,999.0,999,999,0
999,999999,"87.2,85.3,86.9,15.5,90.4,97.0,98.7,98.7",27.0,999.0,999.0,999,999,0
999,999999,"107.9,109.7,110.1,108.8,108.7,109.1,111.6,114.0,113.7,115.0",27.0,999.0,999.0,999,999,0
999,999999,"108.8,107.2,108.5,111.4,26.2,113.0,110.7",26.6,999.0,999.0,999,999,0
999,999999,"105.3,106.3,106.0,107.8,107.4,106.8",26.9,999.0,999.0,999,999,0
999,999999,"74.7,74.8,76.9,75.7,79.9,80.1,83.4,84.6",27.0,999.0,999.0,999,999,0
999,999999,"68.7,71.6,73.0,73.5,73.9,75.6,77.1",27.0,999.0,999.0,999,999,0
999,999999,"98.6,96.4,97.9,95.7,96.7,97.9,100.1,101.5",27.7,999.0,999.0,999,999,0
999,999999,"64.1,65.6,65.6,65.6,68.2,70.6,73.6,72.0,73.2",27.9,999.0,999.0,999,999,0
999,999999,"101.9,102.2,103.6,103.0,103.8,103.9,105.3,106.2",27.6,999.0,999.0,999,999,0
999,999999,"82.1,86.2,84.9,84.2,86.9",27.6,999.0,999.0,999,999,0
999,999999,"79.8,81.2,81.8,83.7,78.9,79.9",28.3,999.0,999.0,999,999,0
999,999999,"99.4,100.3,102.3,102.9,103.3,103.3,104.5,105.9,104.7,106.5",27.5,999.0,999.0,999,999,0
999,999999,"102.6,104.1,102.8,105.1,106.6",28.4,999.0,999.0,999,999,0
999,999999,"72.6,16.9,77.5,79.3,79.5",28.3,999.0,999.0,999,999,0
999,999999,"89.1,88.3,91.9,93.9,94.0,95.0,96.6,98.6,104.0",28.2,999.0,999.0,999,999,0
999,999999,"87.1,90.3,95.2,97.4,97.8",28.5,999.0,999.0,999,999,0
999,999999,"64.8,66.0,68.4,67.2,67.2,67.4,68.0,68.6,70.5",28.4,999.0,999.0,999,999,0
999,999999,"64.7,65.4,65.0,68.9,69.7,71.1,72.9,71.8,72.2",29.0,999.0,999.0,999,999,0
999,999999,"101.8,103.2,103.9,104.6,106.0,107.7,108.0,109.0",28.4,999.0,999.0,999,999,0
999,999999,"65.8,66.6,68.7,71.6,72.4,75.6,75.4,78.3,84.3",28.7,999.0,999.0,999,999,0
999,999999,"67.5,67.2,68.2,72.0,73.0,73.3,73.9,74.9,75.0",29.0,999.0,999.0,999,999,0
999,999999,"77.0,79.2,79.3,80.6,84.7,86.1,86.7,88.3,89.1,88.2",29.2,999.0,999.0,999,999,0
999,999999,"86.0,85.4,87.4,89.1,90.6,88.4",29.4,999.0,999.0,999,999,0
999,999999,"75.8,77.1,77.2,75.8,76.1,78.0,78.8,79.7,79.5,79.8",29.2,999.0,999.0,999,999,0
999,999999,"79.4,81.7,83.6,86.4,86.8,90.6",29.6,999.0,999.0,999,999,0
999,999999,"64.5,66.3,66.3,68.4,67.7,68.8,74.7,76.9,77.7",29.0,999.0,999.0,999,999,0
999,999999,"97.7,99.8,102.6,104.0,104.7,100.8",29.9,999.0,999.0,999,999,0
999,999999,"94.6,97.8,99.6,100.9,105.8,105.7,107.0",29.3,999.0,999.0,999,999,0
999,999999,"89.3,91.9,92.5,94.6,93.1,93.8,94.3,97.1,95.4",30.1,999.0,999.0,999,999,0
999,999999,"137.7,81.1,81.6,81.1,84.0",29.5,999.0,999.0,999,999,0
999,999999,"79.5,81.7,79.9,82.4,82.4,83.7,84.8",29.4,999.0,999.0,999,999,0
999,999999,"100.2,165.6,103.7,104.7,105.5,104.0,103.4,104.5",29.7,999.0,999.0,999,999,0
999,999999,"74.2,75.2,77.8,78.5,78.3,80.5,80.8",30.1,999.0,999.0,999,999,0
999,999999,"75.1,75.4,75.8,76.3,75.4,76.7,77.9,77.4",30.2,999.0,999.0,999,999,0
999,999999,"108.9,110.1,114.7,116.6,116.8,118.5",30.5,999.0,999.0,999,999,0
999,999999,"72.5,71.4,69.4,70.3,134.7,73.8,74.1,74.9,76.3,81.5",30.8,999.0,999.0,999,999,0
999,999999,"75.3,75.5,77.0,77.2,79.5,81.3,79.4",30.6,999.0,999.0,999,999,0
999,999999,"113.2,114.0,115.2,117.2,117.4",30.4,999.0,999.0,999,999,0
999,999999,"98.6,102.0,103.3,104.7,107.3,108.2,110.3,111.3,111.2,109.9",30.3,999.0,999.0,999,999,0
999,999999,"96.9,95.4,97.0,98.6,100.0,98.9",31.1,999.0,999.0,999,999,0
999,999999,"67.6,68.7,66.5,65.2,69.2,69.7,71.9,70.9,72.5",31.0,999.0,999.0,999,999,0
999,999999,"86.2,91.0,92.9,93.9,96.2,97.4,100.2,102.2,101.6,102.7",31.1,999.0,999.0,999,999,0
999,999999,"101.7,103.1,103.8,105.5,106.0",30.6,999.0,999.0,999,999,0
999,999999,"92.5,92.9,92.7,92.5,93.0,93.2,97.2,97.0,97.0",31.3,999.0,999.0,999,999,0
999,999999,"61.0,61.5,62.9,64.4,66.3,68.6,70.9,70.2,72.7",31.3,999.0,999.0,999,999,0
999,999999,"114.7,115.6,116.0,117.8,120.3,119.6",31.8,999.0,999.0,999,999,0
999,999999,"97.4,100.0,97.1,99.9,101.2,101.7,27.5,105.1,105.6",31.7,999.0,999.0,999,999,0
999,999999,"62.7,64.8,64.2,67.9,72.9,17.9",31.9,999.0,999.0,999,999,0
999,999999,"111.8,112.7,112.9,113.8,114.2,115.4",32.0,999.0,999.0,999,999,0
999,999999,"87.3,90.7,91.5,102.7,104.6,106.3,107.8",31.4,999.0,999.0,999,999,0
999,999999,"75.0,76.5,80.7,81.6,82.8",31.5,999.0,999.0,999,999,0
999,999999,"63.4,64.8,66.4,67.0,67.6,69.0,70.0,71.2,71.3",31.6,999.0,999.0,999,999,0
999,999999,"86.0,150.3,84.1,85.0,17.3,88.4,89.7,91.3",31.9,999.0,999.0,999,999,0
999,999999,"89.3,92.3,98.2,96.3,98.1,99.3,99.5,101.0",32.1,999.0,999.0,999,999,0
999,999999,"110.1,113.4,115.8,113.7,114.7,117.0,118.1",32.2,999.0,999.0,999,999,0
999,999999,"85.2,86.5,88.4,89.8,91.2,92.6,92.3,94.2,94.4,94.7",32.7,999.0,999.0,999,999,0
999,999999,"17.4,78.2,77.7,80.2,82.3,84.8,88.1,90.0,90.8",32.7,999.0,999.0,999,999,0
999,999999,"104.7,110.0,110.3,111.8,109.7,111.6,110.2",32.2,999.0,999.0,999,999,0
999,999999,"78.0,78.2,76.9,79.8,79.3",33.1,999.0,999.0,999,999,0
999,999999,"81.1,83.9,84.2,86.6,88.2,86.9,89.0,89.6,89.1,90.1",32.6,999.0,999.0,999,999,0
999,999999,"91.4,93.6,94.7,96.1,94.7,96.5",33.1,999.0,999.0,999,999,0
999,999999,"101.6,102.6,103.3,102.3,106.5,105.4,108.9,110.2",33.1,999.0,999.0,999,999,0
999,999999,"92.3,145.6,93.8,95.5,96.6,99.0,100.0,100.8,101.3,104.7",33.5,999.0,999.0,999,999,0
999,999999,"72.3,71.1,72.0,71.9,72.8,74.8,77.0,79.3,78.1",32.9,999.0,999.0,999,999,0
999,999999,"116.1,112.6,113.9,117.5,119.9",33.3,999.0,999.0,999,999,0
999,999999,"98.4,99.7,99.9,138.2,104.5,106.8,108.5,111.1,111.2,111.7",33.8,999.0,999.0,999,999,0
999,999999,"90.1,92.5,94.3,95.2,96.9,97.2,96.4",33.1,999.0,999.0,999,999,0
999,999999,"69.5,71.3,73.1,74.5,74.9,73.2",33.9,999.0,999.0,999,999,0
999,999999,"28.0,87.3,87.7,86.7,87.1,89.3,94.5",33.3,999.0,999.0,999,999,0
999,999999,"106.6,107.8,107.9,109.2,109.7,109.5,110.4,111.7,112.7,112.4",33.4,999.0,999.0,999,999,0
999,999999,"102.5,101.8,104.3,103.8,107.0,109.4,111.0,110.6",33.9,999.0,999.0,999,999,0
999,999999,"107.3,110.5,111.8,111.0,108.9,109.0,108.8",33.9,999.0,999.0,999,999,0
999,999999,"94.7,97.0,98.8,101.4,102.0,104.4,106.4",34.1,999.0,999.0,999,999,0
999,999999,"106.6,107.2,106.6,108.0,110.7,194.1,113.4,112.0,113.5",34.5,999.0,999.0,999,999,0
999,999999,"89.9,90.3,93.0,94.8,95.4,98.3,97.1,109.8,99.6,98.3",34.7,999.0,999.0,999,999,0
999,999999,"76.1,77.1,76.8,78.8,78.9,80.6,81.4,81.5,84.3,85.5",34.1,999.0,999.0,999,999,0
999,999999,"102.9,102.3,103.7,104.3,106.0,108.1,111.5,111.2,113.1",34.5,999.0,999.0,999,999,0
999,999999,"105.9,107.0,109.6,110.3,110.4,111.6",34.3,999.0,999.0,999,999,0
999,999999,"106.6,107.5,110.1,108.4,108.1,109.8,111.5",35.1,999.0,999.0,999,999,0
999,999999,"100.7,102.9,101.0,99.2,99.3,123.7,101.1",34.3,999.0,999.0,999,999,0
999,999999,"79.6,80.4,80.5,86.1,87.3,88.5,89.5,91.2,95.4",35.2,999.0,999.0,999,999,0
999,999999,"60.9,59.8,63.0,64.4,66.2,69.0,21.2",20.4,999.0,999.0,999,999,0
999,999999,"68.4,67.4,67.8,23.1,70.4,73.1,75.8,77.6",28.4,999.0,999.0,999,999,0
999,999999,"107.1,109.5,110.6,128.7,110.3,111.8,113.2,111.4,113.2",20.2,999.0,999.0,999,999,0
999,999999,"89.1,90.6,91.3,91.4,93.2,94.6,95.5",11.6,999.0,999.0,999,999,0
999,999999,"84.8,87.4,87.6,88.9,90.5,90.6,92.4,92.2,91.6",20.5,999.0,999.0,999,999,0
999,999999,"78.4,80.1,79.7,81.1,83.1,85.5,87.5,90.7,90.9",16.7,999.0,999.0,999,999,0
999,999999,"111.6,112.7,113.3,113.6,114.2,114.5,115.5,117.7,116.3,118.0",28.9,999.0,999.0,999,999,0
999,999999,"100.6,98.4,97.1,98.0,100.6,102.8,103.9,104.7",12.4,999.0,999.0,999,999,0
999,999999,"90.5,92.3,93.6,97.0,98.8,99.4,100.1,100.5,101.5",20.4,999.0,999.0,999,999,0
999,999999,"70.8,70.6,71.8,73.4,73.4",22.6,999.0,999.0,999,999,0
999,999999,"73.2,75.4,76.8,76.0,79.8,79.0,78.7",31.9,999.0,999.0,999,999,0
999,999999,"108.2,108.8,110.8,112.7,115.1,112.4,113.7,117.5",31.3,999.0,999.0,999,999,0
999,999999,"63.7,62.7,64.5,66.9,68.6,71.0,71.3,73.4,76.7,79.1",18.0,999.0,999.0,999,999,0
999,999999,"65.8,68.4,69.9,69.1,70.3,72.2,75.4,28.8",31.1,999.0,999.0,999,999,0
999,999999,"75.3,76.4,77.9,80.7,18.2,86.1,87.8,88.6,90.2,94.5",18.5,999.0,999.0,999,999,0
999,999999,"94.0,96.5,98.6,98.5,97.7,96.9,96.0,97.5,99.6",22.4,999.0,999.0,999,999,0
999,999999,"88.6,89.3,90.7,88.2,90.7,91.2,93.7",20.2,999.0,999.0,999,999,0
999,999999,"89.2,90.5,91.8,94.1,95.1,95.0,96.3",21.1,999.0,999.0,999,999,0
999,999999,"86.8,88.2,91.1,92.5,93.6,95.5,98.3,97.9,98.9,100.3",24.6,999.0,999.0,999,999,0
999,999999,"90.8,89.4,90.0,91.3,93.2,94.8,95.7,95.5,95.5",23.4,999.0,999.0,999,999,0
999,999999,"77.2,75.2,75.7,75.8,77.9,81.3",25.1,999.0,999.0,999,999,0
999,999999,"22.7,99.3,100.4,100.0,98.6,97.3,98.1,100.4,101.4,103.2",15.5,999.0,999.0,999,999,0
999,999999,"104.6,105.5,112.0,112.3,112.3,113.5",10.6,999.0,999.0,999,999,0
999,999999,"84.8,84.9,85.8,84.0,85.4,86.8,89.2,90.9",19.7,999.0,999.0,999,999,0
999,999999,"77.1,22.4,79.9,81.1,84.3,85.0,83.7",34.1,999.0,999.0,999,999,0
999,999999,"77.4,78.5,79.3,80.4,75.7,76.4,76.0,76.2",26.6,999.0,999.0,999,999,0
999,999999,"75.7,78.0,79.6,83.4,84.8,85.6,86.5,88.4,88.3",14.7,999.0,999.0,999,999,0
999,999999,"105.5,106.2,109.4,110.6,111.7,114.6,115.1,115.2,117.2",23.9,999.0,999.0,999,999,0
999,999999,"97.4,97.5,100.3,97.0,97.0,97.5,97.6,96.7",28.9,999.0,999.0,999,999,0
999,999999,"92.3,94.0,93.1,94.5,95.3,95.3",29.6,999.0,999.0,999,999,0
999,999999,"106.0,106.1,108.6,109.7,110.9,112.3",12.4,999.0,999.0,999,999,0
999,999999,"90.0,91.2,93.7,95.6,94.2,94.7,94.8,96.6,97.2,94.1",26.3,999.0,999.0,999,999,0
999,999999,"105.0,105.0,106.3,107.6,108.5,110.7,111.7,115.3,117.0,118.8",31.0,999.0,999.0,999,999,0
999,999999,"74.2,74.8,76.4,77.2,80.4,83.1,84.2,85.8,87.9,89.6",16.7,999.0,999.0,999,999,0
999,999999,"72.1,73.1,76.4,78.2,78.5,80.2,82.4,83.7,82.1",11.9,999.0,999.0,999,999,0
999,999999,"74.8,78.5,81.6,83.6,82.3,81.9,84.4,84.7",9.8,999.0,999.0,999,999,0
999,999999,"84.6,86.1,87.3,86.8,195.6,88.7,89.4,90.7,89.4",33.3,999.0,999.0,999,999,0
999,999999,"67.5,65.8,66.4,68.5,70.5,71.6,71.5",18.9,999.0,999.0,999,999,0
999,999999,"103.6,103.1,104.3,105.9,106.8",14.8,999.0,999.0,999,999,0
999,999999,"91.2,91.7,92.4,93.2,92.9,91.0,90.8,91.8",32.7,999.0,999.0,999,999,0
999,999999,"115.2,115.0,113.1,114.2,111.2,110.6",16.0,999.0,999.0,999,999,0
999,999999,"73.7,75.6,77.2,78.4,77.7,76.4,76.8,77.2,77.4",27.1,999.0,999.0,999,999,0
999,999999,"87.0,88.0,19.1,92.3,94.1,95.8,96.4",32.7,999.0,999.0,999,999,0
999,999999,"70.5,70.7,71.2,73.3,73.1,74.8,74.7,76.5,75.1,74.2",28.8,999.0,999.0,999,999,0
999,999999,"105.8,108.1,109.2,110.2,110.6",31.3,999.0,999.0,999,999,0
999,999999,"66.9,67.4,68.1,69.3,71.4,73.1,74.0,77.0,78.6,81.5",11.6,999.0,999.0,999,999,0
999,999999,"92.2,95.2,95.4,95.3,95.6,96.7,98.4,100.7,101.9",28.7,999.0,999.0,999,999,0
999,999999,"61.9,65.3,65.3,68.3,70.7,70.5,70.5",29.9,999.0,999.0,999,999,0
999,999999,"97.6,98.1,98.6,98.9,99.1",26.9,999.0,999.0,999,999,0
999,999999,"93.1,94.7,95.0,96.1,97.4,100.5",29.9,999.0,999.0,999,999,0
999,999999,"83.3,83.9,85.1,129.9,89.6,94.3,94.6,97.0,99.8",15.2,999.0,999.0,999,999,0
999,999999,"87.5,89.5,91.4,94.4,95.2,96.2",21.6,999.0,999.0,999,999,0
999,999999,"89.9,93.0,91.7,90.4,91.9,94.1,95.6,96.2",15.6,999.0,999.0,999,999,0
999,999999,"91.0,91.2,89.7,90.1,88.9,88.6",33.8,999.0,999.0,999,999,0
999,999999,"76.2,75.7,75.1,77.4,180.4",16.8,999.0,999.0,999,999,0
999,999999,"109.1,111.3,112.0,109.1,110.9",23.4,999.0,999.0,999,999,0
999,999999,"104.5,104.7,106.5,107.4,107.4,140.9,108.7,111.7,113.7,115.1",33.8,999.0,999.0,999,999,0
999,999999,"80.5,80.5,81.7,80.0,80.2,82.8,82.6",15.5,999.0,999.0,999,999,0
999,999999,"59.8,61.7,63.6,66.2,67.9,71.2,72.1,72.5,73.3,72.9",22.9,999.0,999.0,999,999,0
999,999999,"72.6,73.6,74.6,118.1,76.3",12.4,999.0,999.0,999,999,0
999,999999,"111.4,113.4,113.0,112.9,113.5",17.6,999.0,999.0,999,999,0
999,999999,"90.9,92.3,90.8,91.8,91.0",26.5,999.0,999.0,999,999,0
999,999999,"118.1,117.2,117.9,120.5,121.0,117.3,118.9,119.8,121.2,119.8",12.8,999.0,999.0,999,999,0
999,999999,"110.7,111.2,112.2,113.4,114.1,114.8,117.2,116.7,117.5",23.8,999.0,999.0,999,999,0
999,999999,"102.8,101.5,105.4,103.8,104.7,106.5,106.1,105.6,106.6",18.8,999.0,999.0,999,999,0
999,999999,"88.9,89.4,89.7,91.4,92.0,90.6",16.7,999.0,999.0,999,999,0
999,999999,"92.2,92.2,92.0,93.2,94.4",11.4,999.0,999.0,999,999,0
999,999999,"88.3,90.4,92.4,95.3,91.4,92.6,93.7,95.1,96.2,179.8",33.8,999.0,999.0,999,999,0
999,999999,"94.4,96.7,97.7,100.1,101.2,105.8,107.8",11.9,999.0,999.0,999,999,0
999,999999,"111.2,112.2,111.3,111.6,113.5,113.8",19.2,999.0,999.0,999,999,0
999,999999,"83.6,84.8,82.4,83.3,85.5,85.1,86.3,88.3,89.1,88.2",15.6,999.0,999.0,999,999,0
999,999999,"110.8,111.1,112.3,112.8,115.0,116.4,117.1,117.0",23.9,999.0,999.0,999,999,0
999,999999,"65.1,65.9,66.5,68.6,71.4,72.9",18.8,999.0,999.0,999,999,0
999,999999,"67.7,101.5,73.0,74.7,79.9,81.5,82.7,83.5,85.2",18.7,999.0,999.0,999,999,0
999,999999,"95.7,95.6,95.3,96.9,99.1,97.6,98.2,100.3",21.2,999.0,999.0,999,999,0
999,999999,"75.7,77.4,77.9,80.1,82.5,83.2,84.2,84.4",29.6,999.0,999.0,999,999,0
999,999999,"109.5,111.3,114.1,113.8,115.7,114.9,115.9,120.1,118.0",30.8,999.0,999.0,999,999,0
999,999999,"112.2,110.4,111.3,110.8,111.5,112.5",27.6,999.0,999.0,999,999,0
999,999999,"98.5,115.1,97.1,96.6,100.1,101.4,102.3",10.9,999.0,999.0,999,999,0
999,999999,"93.6,95.8,97.8,101.8,103.9,106.5,107.7",27.5,999.0,999.0,999,999,0
999,999999,"66.9,65.6,67.7,69.7,25.8,72.0,74.1,76.0",13.2,999.0,999.0,999,999,0
999,999999,"95.9,96.9,100.4,102.5,103.7,105.0,109.4,112.3,112.0",30.9,999.0,999.0,999,999,0
999,999999,"87.3,88.7,91.4,89.4,91.7,93.0,93.1,93.8,117.2",18.3,999.0,999.0,999,999,0
999,999999,"74.8,74.6,75.1,75.2,77.0",27.0,999.0,999.0,999,999,0
999,999999,"99.4,99.1,101.4,101.2,103.3,103.4",15.3,999.0,999.0,999,999,0
999,999999,"101.2,101.2,101.2,101.4,101.6,98.9,98.6,96.5",21.1,999.0,999.0,999,999,0
999,999999,"94.4,97.3,99.3,164.6,103.7,106.8,108.3,107.9,110.3",23.8,999.0,999.0,999,999,0
999,999999,"92.0,94.6,96.9,99.9,101.8,101.8,100.4,101.3",10.5,999.0,999.0,999,999,0
999,999999,"82.4,84.4,85.0,85.3,87.5,88.7",24.0,999.0,999.0,999,999,0
999,999999,"86.6,87.9,90.4,90.6,91.8,93.3,96.1,98.6,98.6,100.8",15.2,999.0,999.0,999,999,0
999,999999,"78.4,79.7,80.1,78.6,79.9,80.1,81.4,83.5,84.0",20.8,999.0,999.0,999,999,0
999,999999,"69.0,70.4,70.3,71.7,72.9,76.5,77.3,77.3,78.0",11.0,999.0,999.0,999,999,0
999,999999,"92.2,91.1,93.0,93.8,93.6,94.1",15.7,999.0,999.0,999,999,0
999,999999,"84.8,85.9,86.8,89.2,89.4,91.9,93.9,92.6,92.8",32.2,999.0,999.0,999,999,0
999,999999,"87.5,88.9,88.4,89.9,89.9",29.1,999.0,999.0,999,999,0
999,999999,"15.6,108.6,107.5,108.3,110.0",24.8,999.0,999.0,999,999,0
999,999999,"90.4,90.3,89.3,89.7,91.6,93.0,93.4,94.8,95.5",32.0,999.0,999.0,999,999,0
999,999999,"99.7,101.1,102.7,104.3,105.7,103.8,104.9,106.0",14.1,999.0,999.0,999,999,0
999,999999,"85.2,85.4,85.3,85.7,87.9,89.9,89.5,93.2,94.0,96.6",26.6,999.0,999.0,999,999,0
999,999999,"106.7,108.2,109.3,108.4,111.8,113.9,15.7",30.5,999.0,999.0,999,999,0
999,999999,"83.1,85.4,82.9,83.1,84.7,86.0",29.9,999.0,999.0,999,999,0
999,999999,"76.7,77.3,79.0,79.0,79.7,82.5",33.3,999.0,999.0,999,999,0
999,999999,"178.8,101.0,103.1,101.5,103.4,105.1,107.2",12.1,999.0,999.0,999,999,0
999,999999,"82.1,82.8,83.1,86.2,89.1,89.9,92.3,18.2",20.0,999.0,999.0,999,999,0
999,999999,"105.2,103.1,103.5,105.5,104.5,107.3,105.3,103.8",15.3,999.0,999.0,999,999,0
999,999999,"100.5,101.7,103.7,107.4,107.9,109.2,109.5,110.3,111.1,111.6",11.6,999.0,999.0,999,999,0
999,999999,"66.5,67.7,67.8,70.6,71.9,73.2,76.2,78.9,79.0,78.1",30.6,999.0,999.0,999,999,0
999,999999,"64.9,66.0,110.5,69.8,70.7",30.6,999.0,999.0,999,999,0
999,999999,"82.0,82.7,15.8,79.8,79.4",31.3,999.0,999.0,999,999,0
999,999999,"100.4,101.9,103.5,103.6,100.9",10.6,999.0,999.0,999,999,0
999,999999,"15.7,79.6,188.0,84.4,84.4,85.2",28.7,999.0,999.0,999,999,0
999,999999,"63.7,64.4,65.9,66.9,66.7,72.9,74.8,73.7",14.1,999.0,999.0,999,999,0
999,999999,"108.9,110.9,114.7,112.6,113.8,113.6,113.6,116.1",30.9,999.0,999.0,999,999,0
999,999999,"87.4,18.5,89.8,87.3,85.8,85.9,88.0,89.2,86.9,88.3",30.9,999.0,999.0,999,999,0
999,999999,"93.5,92.7,94.9,96.4,95.2,95.8,95.4,97.1",33.9,999.0,999.0,999,999,0
999,999999,"65.8,67.2,66.4,68.8,69.5,70.9,74.2,75.0,74.0,74.4",18.9,999.0,999.0,999,999,0
999,999999,"23.3,93.0,94.3,92.4,90.7,91.8,91.7,90.7,93.7,95.6",21.2,999.0,999.0,999,999,0
999,999999,"90.4,160.5,91.0,92.7,92.3,93.8,94.3",15.6,999.0,999.0,999,999,0
999,999999,"72.5,73.9,73.5,74.5,74.3,75.0,74.8,76.5,78.9,81.3",12.4,999.0,999.0,999,999,0
999,999999,"94.6,96.0,95.2,94.2,94.9,92.7,17.5,96.4,99.1,99.9",25.9,999.0,999.0,999,999,0
999,999999,"103.0,103.4,107.1,105.7,105.3,105.9,107.1,108.8,111.9",31.4,999.0,999.0,999,999,0
999,999999,"97.7,98.4,96.7,96.4,97.3",10.6,999.0,999.0,999,999,0
999,999999,"100.9,98.4,99.9,101.9,102.4,103.8,104.3,103.7,105.4,107.6",28.8,999.0,999.0,999,999,0
999,999999,"110.7,109.1,110.0,111.4,111.2,113.3,115.9",22.8,999.0,999.0,999,999,0
999,999999,"77.3,78.9,21.3,81.3,82.9,88.6,88.4,85.4,85.9,79.6",34.5,999.0,999.0,999,999,0
999,999999,"75.7,73.8,74.4,72.9,74.3",13.7,999.0,999.0,999,999,0
999,999999,"79.9,82.6,84.7,85.8,86.1,81.3",25.1,999.0,999.0,999,999,0
999,999999,"79.9,75.9,78.4,80.4,78.5,78.4,78.3,78.7,79.9,82.8",11.7,999.0,999.0,999,999,0
999,999999,"100.3,180.5,105.8,106.3,109.7,110.0,112.0",14.6,999.0,999.0,999,999,0
999,999999,"102.3,103.8,105.0,16.3,171.8",16.6,999.0,999.0,999,999,0
999,999999,"103.5,104.2,106.1,107.2,107.4",18.9,999.0,999.0,999,999,0
999,999999,"76.2,80.2,19.5,83.1,81.3",17.4,999.0,999.0,999,999,0
999,999999,"104.5,104.8,105.6,105.7,106.7,106.4,108.0,105.4",10.7,999.0,999.0,999,999,0
999,999999,"107.5,108.8,110.1,111.5,112.8,113.6,110.8",19.7,999.0,999.0,999,999,0
999,999999,"92.4,92.1,94.4,94.5,97.3,98.3",22.6,999.0,999.0,999,999,0
999,999999,"103.3,103.3,105.6,107.7,109.3",34.1,999.0,999.0,999,999,0
999,999999,"104.8,105.0,106.0,107.3,108.3,109.6,110.7,109.8",23.7,999.0,999.0,999,999,0
999,999999,"66.8,67.0,69.6,71.2,24.2",31.9,999.0,999.0,999,999,0
999,999999,"86.5,89.3,93.3,94.8,94.9,88.7,91.4,87.5,87.4",16.2,999.0,999.0,999,999,0
999,999999,"99.1,185.1,98.9,98.9,100.8,102.0",23.4,999.0,999.0,999,999,0
999,999999,"65.2,67.6,69.6,70.3,71.2,73.2,70.6,73.2,73.7,73.6",34.3,999.0,999.0,999,999,0
999,999999,"62.7,64.5,66.9,67.3,68.4,20.0",18.3,999.0,999.0,999,999,0
999,999999,"84.5,86.6,88.5,86.7,86.2",24.2,999.0,999.0,999,999,0
999,999999,"83.9,193.8,83.6,84.6,81.7",26.4,999.0,999.0,999,999,0
999,999999,"65.6,69.5,69.6,70.3,70.6,73.3,72.8",27.3,999.0,999.0,999,999,0
999,999999,"110.4,112.8,114.6,114.7,114.8",14.3,999.0,999.0,999,999,0
999,999999,"114.9,118.8,120.7,122.0,102.6,116.6,114.7,114.2",22.5,999.0,999.0,999,999,0
999,999999,"111.9,113.5,114.0,114.3,116.1,116.5,116.3,118.5,118.2,153.8",10.9,999.0,999.0,999,999,0
999,999999,"23.9,84.5,83.6,84.1,85.0,85.6,87.9,89.3,93.1",33.9,999.0,999.0,999,999,0
999,999999,"77.0,76.3,77.5,78.3,78.6,79.0",32.7,999.0,999.0,999,999,0
999,999999,"58.0,60.4,192.9,62.1,64.6,66.1,68.1,70.3,72.2,71.7",13.7,999.0,999.0,999,999,0
999,999999,"84.5,87.9,91.5,92.3,93.3,94.6",12.4,999.0,999.0,999,999,0
999,999999,"103.0,105.1,104.6,106.3,108.8",22.9,999.0,999.0,999,999,0
999,999999,"92.8,94.7,94.8,94.4,93.5",29.9,999.0,999.0,999,999,0
999,999999,"77.6,79.6,81.4,83.7,85.5,88.7,91.2,89.9",17.7,999.0,999.0,999,999,0
999,999999,"110.8,110.9,111.5,113.4,115.3,116.7",11.4,999.0,999.0,999,999,0
999,999999,"89.9,90.8,92.1,92.2,93.1",26.9,999.0,999.0,999,999,0
999,999999,"65.1,66.3,66.9,68.7,67.7,72.3,75.7",13.0,999.0,999.0,999,999,0
999,999999,"57.7,59.1,61.5,61.0,61.7,62.3,131.9,70.2",14.3,999.0,999.0,999,999,0
999,999999,"75.3,76.1,77.8,79.3,80.8,80.9,82.8,82.9",25.4,999.0,999.0,999,999,0
999,999999,"114.1,113.6,112.7,116.0,116.8,117.1",15.8,999.0,999.0,999,999,0
999,999999,"82.8,83.2,84.8,87.0,88.4,89.6,88.7,81.3",31.5,999.0,999.0,999,999,0
999,999999,"108.8,109.9,109.8,110.0,112.0,116.3,116.5,118.1,119.1",14.2,999.0,999.0,999,999,0
999,999999,"99.5,100.8,102.7,100.9,102.7,103.7",19.4,999.0,999.0,999,999,0
999,999999,"74.9,75.3,78.1,76.8,75.8,78.2,79.2,80.4,76.9,78.4",27.3,999.0,999.0,999,999,0
999,999999,"113.5,112.2,113.9,114.8,116.3",21.1,999.0,999.0,999,999,0
999,999999,"76.0,80.0,78.8,78.3,79.6,80.2",31.2,999.0,999.0,999,999,0
999,999999,"98.4,99.1,100.3,100.5,98.6,98.0",32.7,999.0,999.0,999,999,0
999,999999,"81.3,83.7,84.7,88.5,89.1",13.2,999.0,999.0,999,999,0
999,999999,"70.2,71.8,76.1,77.2,78.8,77.0,79.5,79.6,81.4",29.5,999.0,999.0,999,999,0
999,999999,"91.9,93.8,93.7,92.1,91.7,91.2,93.1,95.8",32.1,999.0,999.0,999,999,0
999,999999,"76.7,78.5,79.3,81.4,80.9,82.4,84.6,84.8,85.8",20.4,999.0,999.0,999,999,0
999,999999,"70.1,68.2,69.7,71.9,70.4,70.9,71.9,72.6,70.2",27.5,999.0,999.0,999,999,0
999,999999,"65.9,67.3,70.4,72.1,73.7,76.1,77.5,77.8,78.6,77.9",30.6,999.0,999.0,999,999,0
999,999999,"113.4,113.0,114.7,115.9,113.6,114.3,110.1",23.4,999.0,999.0,999,999,0
999,999999,"85.5,84.5,86.7,192.7,89.4",10.3,999.0,999.0,999,999,0
999,999999,"103.3,105.2,109.9,111.8,114.9,115.8,116.8,117.2,118.5",10.6,999.0,999.0,999,999,0
999,999999,"75.2,75.6,77.6,78.6,79.1,81.3,81.7,86.0,165.7",32.0,999.0,999.0,999,999,0
999,999999,"88.4,88.3,89.8,91.8,92.3,92.7",10.3,999.0,999.0,999,999,0
999,999999,"97.9,99.6,99.6,100.1,100.2,99.5,101.7",24.4,999.0,999.0,999,999,0
999,999999,"72.2,73.5,75.1,76.0,76.1,75.3,76.9,77.6,78.1,79.6",20.7,999.0,999.0,999,999,0
999,999999,"111.7,112.2,113.9,115.1,113.6,116.6,116.7,117.2,118.5,118.7",13.6,999.0,999.0,999,999,0
999,999999,"108.3,109.7,111.0,111.4,112.8,110.5,111.9,15.2,129.2",24.0,999.0,999.0,999,999,0
999,999999,"87.6,88.3,86.5,87.0,88.6,90.7,91.4,92.2,93.3,93.3",30.9,999.0,999.0,999,999,0
999,999999,"98.7,100.7,102.8,103.2,103.3,105.4,107.1,108.5",11.7,999.0,999.0,999,999,0
999,999999,"71.5,74.5,76.2,77.7,78.2,79.8,172.1,82.0",19.2,999.0,999.0,999,999,0
999,999999,"167.9,90.0,89.8,93.2,94.5,96.3,97.5,99.2",13.6,999.0,999.0,999,999,0
999,999999,"88.2,88.7,86.8,91.0,90.7,92.7,93.3,94.7",22.8,999.0,999.0,999,999,0
999,999999,"108.1,111.7,109.2,110.4,112.1,113.7,116.1,117.9",31.1,999.0,999.0,999,999,0
999,999999,"106.7,108.9,110.6,113.7,112.6,106.5",27.4,999.0,999.0,999,999,0
999,999999,"83.1,84.8,87.8,89.1,90.8",16.2,999.0,999.0,999,999,0
999,999999,"97.7,96.5,98.3,100.5,141.7,100.6,98.8,99.1,102.5,105.0",20.1,999.0,999.0,999,999,0
999,999999,"94.4,96.1,93.3,95.4,94.0,94.4",32.7,999.0,999.0,999,999,0
999,999999,"69.9,71.3,72.6,73.9,74.9,76.1,75.1,77.9,81.4",34.5,999.0,999.0,999,999,0
999,999999,"81.0,82.0,82.7,84.5,85.6,185.7,90.3,88.8,88.1,88.5",14.8,999.0,999.0,999,999,0
999,999999,"89.6,93.1,96.1,99.3,100.7,100.8,101.5,103.3,104.8,106.1",19.8,999.0,999.0,999,999,0
999,999999,"106.0,106.6,106.5,107.1,106.8,107.0",23.8,999.0,999.0,999,999,0
999,999999,"83.8,85.6,86.6,88.8,90.2,92.7",31.9,999.0,999.0,999,999,0
999,999999,"63.9,64.0,66.5,66.5,68.1,69.3,72.9",33.8,999.0,999.0,999,999,0
999,999999,"76.1,78.4,76.0,76.5,77.3,77.3",25.4,999.0,999.0,999,999,0
999,999999,"69.8,69.4,69.3,71.0,70.7,72.6,71.4,73.3,73.7,74.1",32.7,999.0,999.0,999,999,0
999,999999,"81.8,81.9,83.3,84.3,86.1",33.9,999.0,999.0,999,999,0
999,999999,"98.6,97.5,97.8,97.1,99.3",24.1,999.0,999.0,999,999,0
999,999999,"83.8,84.6,88.0,87.0,85.9,26.3",26.7,999.0,999.0,999,999,0
999,999999,"108.7,110.0,112.1,194.6,112.9",13.0,999.0,999.0,999,999,0
999,999999,"73.5,74.6,75.4,76.6,78.1,80.4,80.6,79.3,81.4,83.0",13.4,999.0,999.0,999,999,0
999,999999,"86.7,87.0,19.2,94.3,120.5",11.1,999.0,999.0,999,999,0
999,999999,"83.8,85.2,84.7,86.1,89.7,89.8,92.0,92.5",26.1,999.0,999.0,999,999,0
999,999999,"154.2,71.1,73.8,74.5,77.0,77.8,77.1,78.5,78.4,78.8",17.4,999.0,999.0,999,999,0
999,999999,"62.5,65.4,65.4,66.6,71.1,74.5",28.3,999.0,999.0,999,999,0
999,999999,"84.2,85.2,86.4,85.9,86.0,88.1,89.2,87.8,89.3,87.6",34.5,999.0,999.0,999,999,0
999,999999,"65.0,65.8,69.7,71.4,70.2",18.7,999.0,999.0,999,999,0
999,999999,"18.0,86.4,86.9,87.7,85.9,85.7,86.7,87.6,87.3",13.3,999.0,999.0,999,999,0
999,999999,"109.1,111.2,111.2,111.6,113.8,114.6",16.7,999.0,999.0,999,999,0
999,999999,"88.8,89.4,90.8,93.1,91.3,92.4,91.2",27.1,999.0,999.0,999,999,0
999,999999,"74.6,79.9,80.5,77.5,77.6,79.0,82.4,82.9,87.0",14.6,999.0,999.0,999,999,0
999,999999,"85.9,87.4,88.2,90.9,90.1,91.2,93.9,95.9",15.8,999.0,999.0,999,999,0
999,999999,"88.5,179.7,91.2,93.3,95.5,97.1",29.2,999.0,999.0,999,999,0
999,999999,"151.6,96.3,96.0,97.4,96.6,96.5,97.9,97.3,97.8",23.4,999.0,999.0,999,999,0
999,999999,"82.5,84.2,81.8,82.1,83.7,84.2,85.6,85.9,86.8,88.4",13.3,999.0,999.0,999,999,0
999,999999,"148.6,99.3,102.1,103.6,105.6",12.4,999.0,999.0,999,999,0
999,999999,"84.9,85.2,84.2,85.0,86.2,86.2,87.7,90.1,89.1,195.4",20.4,999.0,999.0,999,999,0
999,999999,"90.5,90.9,91.6,93.5,92.9,95.0",14.1,999.0,999.0,999,999,0
999,999999,"70.5,68.8,71.6,79.8,81.8,84.1,84.6,82.7",18.8,999.0,999.0,999,999,0
999,999999,"113.2,113.2,113.2,114.7,117.5,119.7,120.0,120.3,122.4,119.0",13.6,999.0,999.0,999,999,0
999,999999,"99.5,101.0,21.5,107.4,110.8,113.2,114.9,116.2,116.7,117.6",29.9,999.0,999.0,999,999,0
999,999999,"64.4,139.4,67.4,68.8,67.6,68.0,68.8,69.2,71.5,70.7",18.0,999.0,999.0,999,999,0
999,999999,"106.4,108.3,108.1,106.7,108.8,110.0,111.7,113.0",22.8,999.0,999.0,999,999,0
999,999999,"110.2,111.9,109.8,115.5,116.5,119.2",19.2,999.0,999.0,999,999,0
999,999999,"87.9,89.9,93.3,94.6,91.8,92.6",32.1,999.0,999.0,999,999,0
999,999999,"71.8,72.1,72.7,73.9,77.2,77.2",32.7,999.0,999.0,999,999,0
999,999999,"71.2,71.0,72.0,73.5,73.6,72.9,74.5,76.7",28.7,999.0,999.0,999,999,0
999,999999,"78.9,80.2,80.1,81.4,81.7,83.8,84.8,84.9,85.2",32.3,999.0,999.0,999,999,0
999,999999,"72.2,74.4,77.5,79.5,80.0,79.5,81.4,83.5",23.1,999.0,999.0,999,999,0
999,999999,"77.5,77.6,74.9,77.7,81.4,81.5,80.3,80.6,80.5",22.6,999.0,999.0,999,999,0
999,999999,"60.2,62.5,64.2,64.2,68.2,69.1,69.6,69.8,162.1,72.1",13.6,999.0,999.0,999,999,0
999,999999,"66.5,67.7,67.7,69.8,70.0,71.3,71.5,70.8",29.9,999.0,999.0,999,999,0
999,999999,"96.4,93.9,96.0,96.7,22.6,100.4,100.1,100.5",22.2,999.0,999.0,999,999,0
999,999999,"95.2,96.1,129.9,99.0,99.2,101.1,102.7,104.4",21.5,999.0,999.0,999,999,0
999,999999,"89.2,137.4,90.3,20.5,91.7,92.0,94.4",31.1,999.0,999.0,999,999,0
999,999999,"87.9,87.0,90.0,91.6,93.1",32.8,999.0,999.0,999,999,0
999,999999,"93.5,90.7,100.1,92.6,24.4,91.9",10.4,999.0,999.0,999,999,0
999,999999,"100.1,101.4,101.3,105.3,106.2",20.7,999.0,999.0,999,999,0
999,999999,"96.1,97.3,98.9,96.6,96.4,97.6,98.4,99.8,101.6,104.7",29.5,999.0,999.0,999,999,0
999,999999,"116.5,113.8,113.8,114.4,118.7,118.2,118.7,118.4,119.4",30.6,999.0,999.0,999,999,0
999,999999,"69.0,72.0,73.1,75.1,75.7,77.2,78.4",25.6,999.0,999.0,999,999,0
999,999999,"67.1,69.0,70.5,70.6,68.8,72.7,79.6,81.9",23.4,999.0,999.0,999,999,0
999,999999,"83.6,83.1,82.4,83.5,85.7,85.9,86.1",17.0,999.0,999.0,999,999,0
999,999999,"75.6,75.6,76.5,79.0,79.0,79.1,80.5,82.9,85.1,86.5",26.3,999.0,999.0,999,999,0
999,999999,"83.0,84.1,84.4,87.9,91.2",32.3,999.0,999.0,999,999,0
999,999999,"64.3,66.8,67.3,69.1,67.7,70.6,71.9,71.0",15.5,999.0,999.0,999,999,0
999,999999,"78.6,81.6,85.3,86.0,85.6,87.9",33.7,999.0,999.0,999,999,0
999,999999,"76.4,23.8,79.5,80.8,82.9,84.2",27.3,999.0,999.0,999,999,0
999,999999,"104.0,105.8,106.4,106.0,106.7,107.2,109.4,112.1,113.4",24.6,999.0,999.0,999,999,0
999,999999,"70.2,72.8,74.0,76.5,78.9",31.3,999.0,999.0,999,999,0
999,999999,"78.8,80.9,83.3,24.1,84.4,129.3,83.4",16.6,999.0,999.0,999,999,0
999,999999,"78.6,81.1,82.9,81.8,82.7,83.2,82.5,85.0",22.4,999.0,999.0,999,999,0
999,999999,"81.8,80.6,80.3,81.9,84.9",26.1,999.0,999.0,999,999,0
999,999999,"99.8,102.3,104.3,104.7,106.4,97.5",19.8,999.0,999.0,999,999,0
999,999999,"91.5,91.0,93.3,94.1,96.3,98.8",31.9,999.0,999.0,999,999,0
999,999999,"116.1,77.1,78.2,78.8,78.8,79.0",32.8,999.0,999.0,999,999,0
999,999999,"60.5,60.6,63.1,65.7,68.1,70.5",28.3,999.0,999.0,999,999,0
999,999999,"99.7,103.5,103.6,104.7,106.4,105.4,106.5,106.3,107.6,107.9",21.6,999.0,999.0,999,999,0
999,999999,"107.2,107.4,107.3,108.1,109.4,111.5,137.1,111.8,112.5",17.0,999.0,999.0,999,999,0
999,999999,"87.9,87.9,88.1,90.4,90.8,95.2,97.1,95.2",34.3,999.0,999.0,999,999,0
999,999999,"79.9,29.6,81.2,82.5,82.5,84.1,84.3,86.6,86.7,88.6",29.4,999.0,999.0,999,999,0
999,999999,"93.5,94.8,96.9,94.8,95.0,95.9",14.8,999.0,999.0,999,999,0
999,999999,"99.0,100.3,100.6,102.3,100.8,185.2,103.2",11.4,999.0,999.0,999,999,0
999,999999,"112.5,113.5,114.1,115.9,117.4",14.1,999.0,999.0,999,999,0
999,999999,"100.2,93.8,95.2,96.8,98.0,99.6",23.9,999.0,999.0,999,999,0
999,999999,"74.2,71.6,72.5,73.4,68.7,71.1,71.1,73.4,75.0",23.2,999.0,999.0,999,999,0
999,999999,"61.2,63.2,66.1,65.4,67.2,69.1,73.7,73.8,75.6",21.6,999.0,999.0,999,999,0
999,999999,"103.1,104.1,102.5,102.3,104.8,104.5,105.1",20.4,999.0,999.0,999,999,0
999,999999,"95.0,97.4,97.9,99.6,103.3,105.7,106.9",21.6,999.0,999.0,999,999,0
999,999999,"97.3,97.2,97.8,100.3,100.5,102.1,101.1,99.9",29.0,999.0,999.0,999,999,0
999,999999,"68.4,72.1,72.8,75.3,76.3,78.8,20.2",18.3,999.0,999.0,999,999,0
999,999999,"86.8,90.8,88.9,87.7,86.4",28.3,999.0,999.0,999,999,0
999,999999,"112.3,110.9,109.9,110.3,113.5,109.6",21.6,999.0,999.0,999,999,0
999,999999,"90.1,28.1,95.5,96.8,96.6,98.4,97.4",10.5,999.0,999.0,999,999,0
999,999999,"90.3,88.3,86.4,87.7,90.0,87.9,86.9,86.7",23.2,999.0,999.0,999,999,0
999,999999,"102.8,105.6,102.0,102.8,103.5,104.6,105.9,107.4,108.7",31.5,999.0,999.0,999,999,0
999,999999,"82.2,83.6,84.3,86.6,86.4,88.3,90.6,92.0,94.0",15.2,999.0,999.0,999,999,0
999,999999,"116.1,117.8,118.8,118.0,119.4,120.6,121.2,118.4,119.5",19.2,999.0,999.0,999,999,0
999,999999,"73.6,72.8,196.8,77.4,78.5,77.5,77.2",33.8,999.0,999.0,999,999,0
999,999999,"69.0,69.4,70.7,73.5,75.6,21.6,77.2",32.7,999.0,999.0,999,999,0
999,999999,"88.9,91.5,92.3,92.3,94.0",32.3,999.0,999.0,999,999,0
999,999999,"89.7,90.9,92.5,93.0,95.2,95.0,96.3",23.1,999.0,999.0,999,999,0
999,999999,"95.6,96.5,97.0,98.3,99.1,98.2,97.5,97.3",25.3,999.0,999.0,999,999,0
999,999999,"76.2,79.2,79.2,80.0,80.9,81.7",22.7,999.0,999.0,999,999,0
999,999999,"72.8,71.8,73.9,75.3,77.5,78.1,79.3,80.0",23.2,999.0,999.0,999,999,0
999,999999,"102.3,100.3,104.8,106.6,109.1",15.6,999.0,999.0,999,999,0
999,999999,"74.3,74.5,75.2,76.9,78.0,79.9,81.4,82.6,84.1,85.8",27.3,999.0,999.0,999,999,0
999,999999,"103.3,103.5,103.7,105.8,106.9,107.8,109.4,110.2",32.0,999.0,999.0,999,999,0
999,999999,"71.7,74.1,74.3,75.7,75.9",26.1,999.0,999.0,999,999,0
999,999999,"106.0,108.6,107.4,107.8,109.4,107.2,109.4,109.2",29.5,999.0,999.0,999,999,0
999,999999,"110.6,111.2,112.5,113.1,113.8,115.2,115.7",26.6,999.0,999.0,999,999,0
999,999999,"66.9,69.6,69.1,68.2,68.6,69.4,71.8,73.8,75.6,75.9",34.4,999.0,999.0,999,999,0
999,999999,"77.6,81.8,82.9,82.0,83.4,83.6,83.4,88.2",17.3,999.0,999.0,999,999,0
999,999999,"100.8,103.6,105.4,106.4,107.4,108.6,109.4,109.0,110.3",28.7,999.0,999.0,999,999,0
999,999999,"64.9,68.0,70.5,73.0,72.7,73.8,75.3,76.0,79.5",29.8,999.0,999.0,999,999,0
999,999999,"90.6,88.5,92.2,91.6,94.7,96.8,97.7",28.2,999.0,999.0,999,999,0
999,999999,"76.7,75.7,76.2,74.2,75.0,76.1,77.1,77.5,78.9",22.6,999.0,999.0,999,999,0
999,999999,"97.7,99.5,100.7,103.1,105.5,106.1,108.6,108.8",25.2,999.0,999.0,999,999,0
999,999999,"70.2,72.0,73.7,72.7,74.2,76.0,76.8,77.5,77.4,79.6",10.3,999.0,999.0,999,999,0
999,999999,"98.9,100.1,101.0,102.0,105.5,106.8,102.8,104.7",14.7,999.0,999.0,999,999,0
999,999999,"102.5,105.2,103.4,106.3,109.5,111.4,111.5,116.9",12.4,999.0,999.0,999,999,0
999,999999,"110.1,110.4,111.4,111.0,111.4",17.3,999.0,999.0,999,999,0
999,999999,"74.3,75.2,75.0,75.9,78.2,81.5,82.6",22.3,999.0,999.0,999,999,0
999,999999,"111.2,112.3,113.6,114.8,114.2",19.5,999.0,999.0,999,999,0
999,999999,"87.8,90.6,91.8,91.6,93.4,96.3,25.0,100.7",29.5,999.0,999.0,999,999,0
999,999999,"75.4,77.2,78.5,78.5,78.5,83.9,85.2,85.4,87.2",31.5,999.0,999.0,999,999,0
999,999999,"102.5,103.0,104.1,105.2,107.5",24.8,999.0,999.0,999,999,0
999,999999,"94.0,91.8,96.2,97.9,99.6,98.3,96.4",33.9,999.0,999.0,999,999,0
999,999999,"92.0,93.1,91.4,93.6,95.8",24.1,999.0,999.0,999,999,0
999,999999,"102.4,103.7,105.5,106.0,108.5,109.8,107.5",19.5,999.0,999.0,999,999,0
999,999999,"68.1,69.5,69.2,67.7,69.8,71.9,72.8,74.4",29.9,999.0,999.0,999,999,0
999,999999,"114.9,114.9,115.2,117.5,117.7",22.6,999.0,999.0,999,999,0
999,999999,"71.9,163.4,71.6,73.5,75.2,77.7,80.3,80.4,79.9,78.6",28.3,999.0,999.0,999,999,0
999,999999,"87.0,89.2,90.8,90.7,92.5,94.1",17.7,999.0,999.0,999,999,0
999,999999,"75.6,77.2,77.9,82.2,82.1,83.6",31.3,999.0,999.0,999,999,0
999,999999,"78.3,79.6,80.6,81.2,86.7,88.1,90.3,94.0,93.4",20.2,999.0,999.0,999,999,0
999,999999,"83.1,147.5,88.9,92.9,94.5,95.7,96.8",10.4,999.0,999.0,999,999,0
999,999999,"114.5,115.7,117.0,118.4,119.9,119.9",24.4,999.0,999.0,999,999,0
999,999999,"104.0,105.6,107.3,110.4,109.1,110.6,113.4,115.1",10.6,999.0,999.0,999,999,0
999,999999,"167.1,90.5,90.8,92.0,94.2,93.9,93.6",29.2,999.0,999.0,999,999,0
999,999999,"86.0,84.6,85.4,85.4,85.5,84.7,84.7,20.7",27.0,999.0,999.0,999,999,0
999,999999,"115.2,116.0,119.0,20.8,119.8,121.2,121.0,120.1,120.9,119.2",25.3,999.0,999.0,999,999,0
999,999999,"91.1,91.9,94.3,94.6,96.7,98.3,100.6,99.6,101.4,102.1",19.2,999.0,999.0,999,999,0
999,999999,"90.8,90.4,92.3,94.3,94.8,94.6,94.4,95.2,94.9",29.7,999.0,999.0,999,999,0
999,999999,"81.5,85.0,86.0,87.1,88.0,92.4",24.3,999.0,999.0,999,999,0
999,999999,"98.3,96.5,97.5,99.0,100.3,99.4,99.6,100.8",24.4,999.0,999.0,999,999,0
999,999999,"74.0,76.7,76.5,80.0,81.6,86.4",20.1,999.0,999.0,999,999,0
999,999999,"96.9,21.1,93.3,95.4,94.8,94.9,96.7,98.8,101.6,100.9",29.5,999.0,999.0,999,999,0
999,999999,"74.0,72.1,71.9,72.0,74.3",15.9,999.0,999.0,999,999,0
999,999999,"75.6,28.0,75.0,72.1,71.7,73.9,73.1,73.3,74.2",33.4,999.0,999.0,999,999,0
999,999999,"102.9,103.8,103.8,106.2,103.5,104.2,107.5,109.0,111.3,113.3",26.9,999.0,999.0,999,999,0
999,999999,"89.7,90.0,90.4,92.4,92.2,93.5,95.5,96.6",27.0,999.0,999.0,999,999,0
999,999999,"70.5,79.0,80.4,81.7,85.0,86.3,89.7,90.0,86.4",22.8,999.0,999.0,999,999,0
999,999999,"79.3,80.0,82.2,85.0,86.4,84.9,86.4,88.7",13.6,999.0,999.0,999,999,0
999,999999,"80.2,81.5,82.1,85.8,86.3",18.9,999.0,999.0,999,999,0
999,999999,"86.1,87.6,88.9,89.8,92.1,93.3",21.1,999.0,999.0,999,999,0
999,999999,"111.4,110.7,113.9,115.1,114.5,114.6,112.7,115.7",22.6,999.0,999.0,999,999,0
999,999999,"60.3,62.0,17.9,60.4,61.5,62.4,69.6,72.3",11.2,999.0,999.0,999,999,0
999,999999,"80.4,79.4,80.1,80.4,80.3",32.7,999.0,999.0,999,999,0
999,999999,"65.9,69.4,69.8,70.5,71.2,72.4,73.3,74.6,75.4",29.2,999.0,999.0,999,999,0
999,999999,"100.9,100.4,102.9,104.3,103.3,105.3,109.0,111.2,110.8",32.1,999.0,999.0,999,999,0
999,999999,"90.7,90.6,94.2,97.1,95.7,98.2,98.8,101.6",28.2,999.0,999.0,999,999,0
999,999999,"114.8,115.9,116.8,109.3,110.1,109.4,109.9,109.4",25.1,999.0,999.0,999,999,0
999,999999,"142.0,69.5,71.7,73.3,75.7,77.2,78.9,79.7,77.7,77.9",26.1,999.0,999.0,999,999,0
999,999999,"92.6,93.8,92.5,87.7,88.6,88.4,90.1",33.1,999.0,999.0,999,999,0
999,999999,"106.8,109.7,112.4,113.1,109.7,111.1,111.1",14.8,999.0,999.0,999,999,0
999,999999,"79.3,79.6,82.5,88.1,89.8,90.1,102.9,93.0,91.5,87.9",19.4,999.0,999.0,999,999,0
999,999999,"92.5,94.6,92.8,94.0,95.7,98.7,101.1,101.1,101.5,103.6",11.3,999.0,999.0,999,999,0
999,999999,"24.1,88.2,81.5,83.6,84.0,86.9,88.3,88.7,88.9,93.1",10.6,999.0,999.0,999,999,0
999,999999,"80.5,81.3,83.2,85.1,87.6,90.6,87.4",24.1,999.0,999.0,999,999,0
999,999999,"100.7,99.1,131.2,101.6,103.3",19.2,999.0,999.0,999,999,0
999,999999,"91.4,91.8,93.6,96.6,97.8,102.6,102.5,100.8,103.2,103.6",21.3,999.0,999.0,999,999,0
999,999999,"68.6,26.8,70.2,72.0,72.7,72.3,73.5,74.5",35.2,999.0,999.0,999,999,0
999,999999,"94.4,93.7,94.7,95.0,98.1,99.8,99.5",16.2,999.0,999.0,999,999,0
999,999999,"75.6,78.6,80.4,80.9,80.7,82.6,85.0",22.1,999.0,999.0,999,999,0
999,999999,"114.2,115.4,115.3,113.8,115.5,116.1,117.9,119.3",10.5,999.0,999.0,999,999,0
999,999999,"129.6,74.7,15.3,74.0,77.6",23.1,999.0,999.0,999,999,0
999,999999,"112.5,113.9,111.0,111.2,112.5,112.8",15.3,999.0,999.0,999,999,0
999,999999,"76.2,112.5,72.4,73.8,72.4,71.8,69.6,68.9,70.3",9.8,999.0,999.0,999,999,0
999,999999,"71.4,73.8,75.4,77.0,76.6,142.7,81.0,81.2,83.6,83.3",24.3,999.0,999.0,999,999,0
999,999999,"77.5,78.9,79.9,80.5,76.7,77.4,80.7,80.1",30.2,999.0,999.0,999,999,0
999,999999,"68.0,71.2,69.6,71.7,72.0,73.2,72.9",13.6,999.0,999.0,999,999,0
999,999999,"81.7,83.2,84.6,85.7,88.2,88.9",26.1,999.0,999.0,999,999,0
999,999999,"89.0,87.8,86.7,88.1,88.2,91.1,91.6,94.2",10.7,999.0,999.0,999,999,0
999,999999,"91.9,91.4,89.2,91.8,91.0,91.4",32.8,999.0,999.0,999,999,0
999,999999,"94.2,94.7,94.4,96.1,90.5,91.8,96.1,96.6,97.1,99.2",19.4,999.0,999.0,999,999,0
999,999999,"89.6,91.5,94.4,96.8,98.9",24.3,999.0,999.0,999,999,0
999,999999,"91.4,92.5,94.2,95.0,93.6",15.3,999.0,999.0,999,999,0
999,999999,"87.5,89.9,87.3,89.3,89.3,90.7,93.0,95.1",30.9,999.0,999.0,999,999,0
999,999999,"82.6,83.8,84.8,86.7,86.6,87.4,88.8,91.4",23.4,999.0,999.0,999,999,0
999,999999,"115.2,115.1,114.1,112.3,113.7,114.3,113.0,114.7,119.3",25.3,999.0,999.0,999,999,0
999,999999,"90.0,89.8,91.7,92.1,94.2,95.5,97.7,97.8",24.6,999.0,999.0,999,999,0
999,999999,"90.2,91.7,91.8,93.1,92.1",15.2,999.0,999.0,999,999,0
999,999999,"98.5,98.8,99.8,100.1,163.4,102.0,103.6",21.5,999.0,999.0,999,999,0
999,999999,"104.3,105.9,107.9,108.7,106.8",26.3,999.0,999.0,999,999,0
999,999999,"78.4,77.1,77.0,79.1,82.3,83.2,82.5,79.3,78.7,80.1",25.9,999.0,999.0,999,999,0
999,999999,"97.6,99.0,101.1,97.8,98.2,98.8,98.2,98.6,97.9",21.5,999.0,999.0,999,999,0
999,999999,"73.1,72.0,75.2,75.5,78.0,79.6,81.7,82.4,86.4",17.6,999.0,999.0,999,999,0
999,999999,"75.6,75.9,76.8,79.2,80.2,81.7,82.9,85.3",21.6,999.0,999.0,999,999,0
999,999999,"85.9,86.1,193.9,89.3,90.8",30.6,999.0,999.0,999,999,0
999,999999,"76.6,75.8,76.7,78.8,78.8,80.7,82.4",27.0,999.0,999.0,999,999,0
999,999999,"95.4,131.6,98.9,104.2,106.6,108.0,109.4,109.6",26.6,999.0,999.0,999,999,0
999,999999,"100.3,99.8,98.7,101.2,103.0,102.4,105.7",20.0,999.0,999.0,999,999,0
999,999999,"73.7,21.5,74.5,74.6,74.6,74.6,74.2,74.4,75.6",18.8,999.0,999.0,999,999,0
999,999999,"120.5,122.0,123.3,112.9,113.9",9.8,999.0,999.0,999,999,0
999,999999,"96.5,100.3,101.2,99.7,100.7,101.3",32.1,999.0,999.0,999,999,0
999,999999,"95.7,95.4,97.7,99.6,100.8,102.0,102.3,104.6",21.3,999.0,999.0,999,999,0
999,999999,"77.8,80.6,81.1,82.1,82.9",32.1,999.0,999.0,999,999,0
999,999999,"96.3,97.4,99.7,100.7,99.9,100.7,104.1,105.6,106.8,107.8",19.4,999.0,999.0,999,999,0
999,999999,"85.8,89.4,89.7,90.0,91.9,90.2,90.7,91.5,95.4",25.0,999.0,999.0,999,999,0
999,999999,"79.4,79.3,80.9,81.9,83.0,84.4,86.3,87.5,88.9,89.5",20.2,999.0,999.0,999,999,0
999,999999,"78.1,78.6,82.0,83.3,86.0,87.9",24.8,999.0,999.0,999,999,0
999,999999,"96.1,95.0,93.8,94.7,92.8,93.7,93.8,93.4,91.0,92.5",23.0,999.0,999.0,999,999,0
999,999999,"68.1,68.3,69.6,68.6,70.7,72.9,73.6,73.3,74.9,74.7",21.6,999.0,999.0,999,999,0
999,999999,"73.5,75.5,75.1,77.2,77.7,78.9,79.6,79.0,81.9,83.5",18.9,999.0,999.0,999,999,0
999,999999,"65.8,66.0,68.2,69.0,72.4,75.4,78.2,79.9",29.6,999.0,999.0,999,999,0
999,999999,"78.9,78.6,81.8,81.8,80.9,81.3,85.5",15.7,999.0,999.0,999,999,0
999,999999,"73.8,74.8,68.1,68.1,69.6,72.5,73.6",26.4,999.0,999.0,999,999,0
999,999999,"63.9,68.7,68.0,68.5,68.3,68.4,75.9,81.5",30.9,999.0,999.0,999,999,0
999,999999,"71.3,73.7,73.4,70.7,71.2,73.3,73.6,74.2,73.8,75.2",29.0,999.0,999.0,999,999,0
999,999999,"75.4,75.9,77.4,82.8,82.6,83.7",26.5,999.0,999.0,999,999,0
999,999999,"85.2,87.2,89.3,90.7,91.2,93.3,94.3,94.5,96.3",33.3,999.0,999.0,999,999,0
999,999999,"78.9,79.9,79.9,80.6,82.3,82.9,85.7,85.9",26.3,999.0,999.0,999,999,0
999,999999,"83.1,83.9,86.3,151.2,89.5,90.9,91.1",17.1,999.0,999.0,999,999,0
999,999999,"94.6,96.1,96.3,98.7,102.3",14.3,999.0,999.0,999,999,0
999,999999,"68.0,69.9,70.9,70.3,70.0,72.7,73.6,72.7,73.6",24.4,999.0,999.0,999,999,0
999,999999,"75.5,76.1,77.6,79.1,79.7,80.7,82.3,85.7",12.4,999.0,999.0,999,999,0
999,999999,"98.1,98.0,99.0,101.7,104.7,105.4",15.3,999.0,999.0,999,999,0
999,999999,"84.7,84.0,85.4,83.7,83.2,82.1,82.4",25.3,999.0,999.0,999,999,0
999,999999,"70.0,69.2,72.0,72.5,72.6,74.9,73.4,74.7,76.9",23.0,999.0,999.0,999,999,0
999,999999,"75.6,77.2,79.2,79.4,78.0,79.4,81.3,82.7",24.2,999.0,999.0,999,999,0
999,999999,"103.1,104.2,108.0,108.6,109.8",22.9,999.0,999.0,999,999,0
999,999999,"78.3,80.9,79.3,80.3,79.7,79.5,80.8,81.3,82.4,84.5",28.9,999.0,999.0,999,999,0
999,999999,"67.9,68.6,71.7,73.7,74.0,76.2,76.2,77.7",25.2,999.0,999.0,999,999,0
999,999999,"82.6,83.5,82.8,81.6,84.5,29.5,87.1,91.7,91.3,92.1",22.8,999.0,999.0,999,999,0
999,999999,"117.6,120.0,117.3,115.9,116.3,116.9,116.1,118.3,120.0",13.0,999.0,999.0,999,999,0
999,999999,"85.6,87.0,88.3,89.5,89.2,87.4",27.7,999.0,999.0,999,999,0
999,999999,"73.5,75.6,75.1,76.7,78.9",31.0,999.0,999.0,999,999,0
999,999999,"73.2,74.3,74.4,75.6,74.3,75.7,76.7",29.2,999.0,999.0,999,999,0
999,999999,"99.5,101.0,100.9,100.7,99.4,99.9,101.9,103.7,106.0,107.0",22.3,999.0,999.0,999,999,0
999,999999,"112.2,115.0,117.9,116.3,117.6,115.3,115.7,113.6",31.5,999.0,999.0,999,999,0
999,999999,"91.2,94.2,95.8,97.7,97.4,96.7,100.0",22.1,999.0,999.0,999,999,0
999,999999,"114.5,116.9,116.5,117.7,193.1,119.4",11.9,999.0,999.0,999,999,0
999,999999,"75.0,76.6,77.6,79.4,82.5,83.8,84.2,82.5,82.5,83.9",33.9,999.0,999.0,999,999,0
999,999999,"75.2,76.6,74.8,77.5,77.2,78.2,77.5",25.5,999.0,999.0,999,999,0
999,999999,"15.5,87.3,89.3,91.5,92.0,93.3,93.6,93.3",14.1,999.0,999.0,999,999,0
999,999999,"71.3,72.0,73.2,73.4,74.2,75.8,77.2,78.1",33.3,999.0,999.0,999,999,0
999,999999,"105.8,104.8,108.3,108.4,110.6,109.5,109.7,111.4,113.4",21.9,999.0,999.0,999,999,0
999,999999,"109.1,111.2,109.2,110.0,107.2,108.4,110.7,109.9,111.5",15.2,999.0,999.0,999,999,0
999,999999,"84.1,85.4,86.3,88.7,89.1,90.2,91.3,91.3,93.4",28.4,999.0,999.0,999,999,0
999,999999,"74.8,74.7,75.8,77.0,77.7,28.3,80.1,81.7,82.3,184.3",10.9,999.0,999.0,999,999,0
999,999999,"65.6,67.1,67.5,67.9,70.6,71.7,71.8,71.1,70.9,70.5",13.6,999.0,999.0,999,999,0
999,999999,"88.2,92.3,92.6,91.7,92.9,94.1",12.2,999.0,999.0,999,999,0
999,999999,"138.1,97.4,94.2,95.0,95.7,95.8,96.7,99.2,97.8,97.0",32.5,999.0,999.0,999,999,0
999,999999,"62.6,62.9,63.0,65.9,70.2,73.4,73.1,75.0,75.4",12.4,999.0,999.0,999,999,0
999,999999,"94.4,196.6,95.8,95.9,96.4,99.4,97.3,99.6",13.6,999.0,999.0,999,999,0
999,999999,"75.4,75.6,77.6,76.3,78.0,79.4",19.5,999.0,999.0,999,999,0
999,999999,"85.5,86.1,93.9,94.1,96.1,115.7,94.9,94.1,95.3",13.3,999.0,999.0,999,999,0
999,999999,"97.8,99.3,99.9,99.8,100.0,98.9,99.4,99.9,102.0",21.2,999.0,999.0,999,999,0
999,999999,"65.9,67.6,175.2,69.8,68.2,70.9,72.8,73.0",30.1,999.0,999.0,999,999,0
999,999999,"120.1,113.0,113.8,113.6,113.2,112.6,112.6,112.3,113.4,112.9",33.1,999.0,999.0,999,999,0
999,999999,"103.4,101.5,103.3,106.1,105.9,110.6",30.2,999.0,999.0,999,999,0
999,999999,"81.7,83.1,85.1,87.7,90.9,92.5,93.0,92.9",16.8,999.0,999.0,999,999,0
999,999999,"88.8,89.2,89.4,90.1,92.1,91.4,89.6,90.0,91.3",15.3,999.0,999.0,999,999,0
999,999999,"96.6,96.3,99.6,102.2,100.9,102.2,105.1,107.6",24.3,999.0,999.0,999,999,0
999,999999,"100.8,100.6,101.6,102.7,103.7",10.2,999.0,999.0,999,999,0
999,999999,"91.8,94.4,95.2,94.0,91.3,92.5",13.2,999.0,999.0,999,999,0
999,999999,"83.8,85.3,87.2,19.1,101.3,100.9,100.3,102.3,104.2,106.9",28.9,999.0,999.0,999,999,0
999,999999,"67.7,64.4,66.3,69.6,70.4,70.1,72.3",14.8,999.0,999.0,999,999,0
999,999999,"84.8,85.7,85.2,86.2,86.8,88.2,88.2",11.7,999.0,999.0,999,999,0
999,999999,"67.3,68.7,69.2,69.1,71.5,74.1,72.6",27.3,999.0,999.0,999,999,0
999,999999,"96.0,102.5,105.5,108.8,111.8,113.1,114.8",31.5,999.0,999.0,999,999,0
999,999999,"66.8,66.1,67.5,67.6,67.2,69.1,70.2",25.5,999.0,999.0,999,999,0
999,999999,"62.6,175.9,67.0,70.0,72.5,71.9,72.5,71.4,71.6",32.2,999.0,999.0,999,999,0
999,999999,"95.1,189.7,98.8,99.9,100.0,101.4,102.2,102.2",14.5,999.0,999.0,999,999,0
999,999999,"97.2,98.4,98.8,99.4,105.8,107.8,107.9",22.4,999.0,999.0,999,999,0
999,999999,"99.0,100.8,100.4,98.7,100.2,102.6,104.6,105.6,107.2,107.2",10.5,999.0,999.0,999,999,0
999,999999,"72.0,124.6,73.6,75.4,77.4,79.0,80.9,80.3,84.0,84.8",19.4,999.0,999.0,999,999,0
999,999999,"64.8,66.4,70.1,72.2,73.3,74.8",22.8,999.0,999.0,999,999,0
999,999999,"162.2,61.6,65.5,69.3,70.9,72.3,75.0,79.0",32.8,999.0,999.0,999,999,0
999,999999,"56.7,57.7,59.0,60.0,61.6,65.3,65.1,67.6,69.0,70.2",13.6,999.0,999.0,999,999,0
999,999999,"99.6,103.1,105.1,109.7,110.9,112.5,114.4,192.8",12.4,999.0,999.0,999,999,0
999,999999,"90.0,91.3,180.1,90.4,90.2,90.7",20.2,999.0,999.0,999,999,0
999,999999,"91.5,92.8,93.5,93.0,94.9,97.4,97.4,95.3",34.3,999.0,999.0,999,999,0
999,999999,"73.9,73.5,75.8,77.1,78.3",15.4,999.0,999.0,999,999,0
999,999999,"92.6,23.0,96.1,95.6,98.2,161.1,100.8,103.7,104.9",27.6,999.0,999.0,999,999,0
999,999999,"104.6,106.2,106.4,109.5,112.9",19.4,999.0,999.0,999,999,0
999,999999,"107.6,107.7,108.9,109.6,109.1,108.7,107.8,110.7,111.0",19.4,999.0,999.0,999,999,0
999,999999,"91.9,93.5,94.3,93.8,95.7,97.0,98.9,102.2,104.3,106.2",28.8,999.0,999.0,999,999,0
999,999999,"106.4,109.5,112.2,155.9,112.8,112.4",33.1,999.0,999.0,999,999,0
999,999999,"93.2,94.2,94.8,97.1,99.1",21.5,999.0,999.0,999,999,0
999,999999,"72.2,73.1,159.4,71.3,72.7",29.1,999.0,999.0,999,999,0
999,999999,"75.8,77.0,101.3,77.6,80.0",9.8,999.0,999.0,999,999,0
999,999999,"91.1,94.2,97.4,94.7,95.8,97.2,98.5,99.3,101.7,101.5",31.4,999.0,999.0,999,999,0
999,999999,"86.2,87.7,88.6,91.1,92.5",26.6,999.0,999.0,999,999,0
999,999999,"101.9,104.1,103.7,106.2,104.3",31.6,999.0,999.0,999,999,0
999,999999,"62.0,62.3,62.5,64.8,65.0,61.0,62.2,62.5,74.9,74.4",26.3,999.0,999.0,999,999,0
999,999999,"85.1,85.7,87.0,88.4,88.8,87.8,89.3,92.6",10.9,999.0,999.0,999,999,0
999,999999,"83.0,82.8,84.4,85.8,86.8,82.3,24.5",17.0,999.0,999.0,999,999,0
999,999999,"89.8,89.5,93.0,93.4,95.0,92.8,96.3,114.6",22.8,999.0,999.0,999,999,0
999,999999,"15.7,96.9,96.8,98.1,100.4,101.0,102.1",11.7,999.0,999.0,999,999,0
999,999999,"110.2,112.3,114.0,112.8,112.4,114.6,116.0,117.3,119.0",12.7,999.0,999.0,999,999,0
999,999999,"73.8,73.4,71.5,74.0,72.7,71.8",33.9,999.0,999.0,999,999,0
999,999999,"63.5,66.4,68.3,68.7,147.5",32.5,999.0,999.0,999,999,0
999,999999,"92.8,94.3,95.6,96.4,97.7,100.6,102.4,102.6",15.2,999.0,999.0,999,999,0
999,999999,"109.8,111.0,113.3,115.4,114.7",16.0,999.0,999.0,999,999,0
999,999999,"112.1,111.1,110.9,112.0,113.2,113.7,115.8,114.9,116.5",17.0,999.0,999.0,999,999,0
999,999999,"80.6,82.3,86.0,86.0,191.8",21.1,999.0,999.0,999,999,0
999,999999,"22.7,100.5,101.1,102.1,103.8,105.8",27.1,999.0,999.0,999,999,0
999,999999,"98.5,99.0,102.2,102.6,103.3,104.6",12.4,999.0,999.0,999,999,0
999,999999,"64.8,65.5,67.1,67.8,70.2,74.3,16.6,75.9,77.0",21.5,999.0,999.0,999,999,0
999,999999,"91.6,93.0,93.6,95.7,110.6,98.1",13.4,999.0,999.0,999,999,0
999,999999,"75.2,75.8,74.3,75.8,76.0,75.3,77.9,77.1,80.2,78.8",27.5,999.0,999.0,999,999,0
999,999999,"82.1,82.9,82.5,84.6,85.9",19.0,999.0,999.0,999,999,0
999,999999,"66.6,65.5,67.7,68.8,70.2,71.3,72.8,71.4,71.4,73.2",25.1,999.0,999.0,999,999,0
999,999999,"73.0,73.9,72.0,73.5,74.1,74.5,74.0",29.4,999.0,999.0,999,999,0
999,999999,"71.1,72.6,24.4,73.6,75.8,78.1",22.9,999.0,999.0,999,999,0
999,999999,"67.5,70.9,72.8,74.2,75.6",25.6,999.0,999.0,999,999,0
999,999999,"71.2,73.1,72.6,72.6,70.7,71.9,73.2",33.9,999.0,999.0,999,999,0
999,999999,"112.0,112.4,112.9,114.1,115.4,116.7,117.8,119.1,120.0",23.9,999.0,999.0,999,999,0
999,999999,"83.5,83.9,86.1,85.8,86.7,87.5,88.9,88.9,89.2",32.2,999.0,999.0,999,999,0
999,999999,"123.2,96.6,98.7,100.1,100.3,100.5,101.3,101.8,104.0,101.7",12.0,999.0,999.0,999,999,0
999,999999,"63.3,65.6,67.3,71.7,75.9,75.6,75.6,75.8,74.8",20.0,999.0,999.0,999,999,0
999,999999,"83.5,83.2,85.9,87.4,85.2,86.4,88.4,89.8",26.9,999.0,999.0,999,999,0
999,999999,"67.9,64.5,67.0,70.0,71.0,73.2,74.9,73.6,75.3,76.2",24.0,999.0,999.0,999,999,0
999,999999,"85.7,86.6,87.1,86.9,144.9,91.2,91.6,92.6,92.6",14.8,999.0,999.0,999,999,0
999,999999,"93.6,94.8,95.9,97.8,96.6",34.6,999.0,999.0,999,999,0
999,999999,"102.0,21.1,102.6,103.8,104.9,103.4,105.3,107.7,109.2",27.7,999.0,999.0,999,999,0
999,999999,"91.2,94.3,96.7,97.7,100.5,103.9,102.0",13.6,999.0,999.0,999,999,0
999,999999,"104.9,103.9,104.1,104.2,105.9",32.2,999.0,999.0,999,999,0
999,999999,"66.9,68.7,70.1,72.1,73.9,76.4,110.2,76.3,77.8",27.1,999.0,999.0,999,999,0
999,999999,"106.3,108.5,149.6,107.2,110.0,110.8,112.0,114.0",34.4,999.0,999.0,999,999,0
999,999999,"109.5,109.9,109.5,111.2,112.3,115.5,116.2,117.2,118.1,117.2",12.0,999.0,999.0,999,999,0
999,999999,"82.8,83.9,87.4,89.6,87.7,88.2,88.6,87.4",20.6,999.0,999.0,999,999,0
999,999999,"87.4,88.4,90.8,92.3,93.2",15.0,999.0,999.0,999,999,0
999,999999,"85.8,24.4,87.8,87.7,90.5",25.8,999.0,999.0,999,999,0
999,999999,"83.8,89.7,88.3,88.6,89.5,91.6",25.9,999.0,999.0,999,999,0
999,999999,"106.0,107.7,199.6,25.4,112.3,107.8,106.4",11.1,999.0,999.0,999,999,0
999,999999,"113.2,114.9,116.3,114.5,116.4,118.2,119.3,120.1,119.7",16.7,999.0,999.0,999,999,0
999,999999,"61.8,64.9,66.9,68.6,70.6,71.0",23.6,999.0,999.0,999,999,0
999,999999,"70.7,73.3,72.8,70.9,72.0",15.8,999.0,999.0,999,999,0
999,999999,"99.9,106.6,107.8,107.7,119.9,118.7",13.4,999.0,999.0,999,999,0
999,999999,"90.0,91.3,93.3,94.6,96.1,93.2",26.9,999.0,999.0,999,999,0
999,999999,"106.9,109.8,106.2,107.8,106.9,106.6",11.8,999.0,999.0,999,999,0
999,999999,"104.1,104.4,107.4,109.8,110.5,111.3,17.8,115.5,115.5",16.7,999.0,999.0,999,999,0
999,999999,"77.9,76.7,193.3,79.6,76.1",10.9,999.0,999.0,999,999,0
999,999999,"84.0,87.6,87.6,87.4,89.1",34.7,999.0,999.0,999,999,0
999,999999,"88.5,91.2,92.9,93.3,95.6,96.7,100.0,97.0",25.2,999.0,999.0,999,999,0
999,999999,"100.9,98.2,99.2,100.4,102.4,104.9,101.2",24.0,999.0,999.0,999,999,0
999,999999,"84.3,85.5,85.4,86.1,87.7,86.5,85.2",31.0,999.0,999.0,999,999,0
999,999999,"71.9,73.4,74.1,73.5,74.6,74.2",22.3,999.0,999.0,999,999,0
999,999999,"103.9,104.2,106.4,107.3,107.7,108.7,110.1,111.6,112.1",31.6,999.0,999.0,999,999,0
999,999999,"93.0,86.1,87.8,90.9,90.5",24.1,999.0,999.0,999,999,0
999,999999,"86.0,87.6,89.3,91.1,93.6",18.7,999.0,999.0,999,999,0
999,999999,"123.0,123.5,121.6,120.6,121.9,123.0,122.6,117.6",20.3,999.0,999.0,999,999,0
999,999999,"102.9,106.8,108.8,109.1,110.1,109.6,108.3,26.6,111.3,110.2",17.6,999.0,999.0,999,999,0
999,999999,"144.2,88.9,89.0,93.4,92.2,92.8",13.4,999.0,999.0,999,999,0
999,999999,"92.4,93.0,93.2,95.1,96.5,198.9,99.2,100.4",31.3,999.0,999.0,999,999,0
999,999999,"73.3,74.4,77.2,77.2,79.6,81.2,84.2,84.4,87.5",29.3,999.0,999.0,999,999,0
999,999999,"102.7,103.7,102.9,104.6,107.9",19.0,999.0,999.0,999,999,0
999,999999,"70.8,72.7,72.8,75.1,27.8",15.2,999.0,999.0,999,999,0
999,999999,"88.8,87.5,110.2,89.3,90.5",25.0,999.0,999.0,999,999,0
999,999999,"98.9,99.7,102.0,101.0,102.4,105.4,106.0",28.9,999.0,999.0,999,999,0
999,999999,"90.3,91.7,93.4,94.3,95.4,98.8,100.4,104.0",16.2,999.0,999.0,999,999,0
999,999999,"90.2,91.7,94.1,94.4,98.0,99.5",28.7,999.0,999.0,999,999,0
999,999999,"76.3,75.8,153.3,80.3,81.9,79.7,82.2,80.7,84.2,83.1",22.8,999.0,999.0,999,999,0
999,999999,"94.4,95.1,94.7,96.0,96.4,97.2,99.0,99.3,100.8,102.3",25.1,999.0,999.0,999,999,0
999,999999,"99.6,102.5,103.9,105.9,107.6,107.9,108.0,110.8,114.2,114.9",16.7,999.0,999.0,999,999,0
999,999999,"63.4,65.2,65.6,66.9,66.7,70.4,71.6,72.9,74.6",16.0,999.0,999.0,999,999,0
999,999999,"82.6,82.9,83.6,84.5,86.0,89.5,90.0,89.9,90.2",19.0,999.0,999.0,999,999,0
999,999999,"24.0,76.9,77.8,78.1,79.4,83.0",15.7,999.0,999.0,999,999,0
999,999999,"87.3,85.3,93.0,90.3,172.1,89.8,91.2",28.3,999.0,999.0,999,999,0
999,999999,"81.4,82.5,85.3,86.9,88.6,89.7,88.9",27.1,999.0,999.0,999,999,0
999,999999,"106.8,109.5,111.3,115.1,115.9,117.6,119.1",17.7,999.0,999.0,999,999,0
999,999999,"111.6,111.6,111.3,110.6,108.2,109.3",11.6,999.0,999.0,999,999,0
999,999999,"26.7,82.0,85.0,85.5,87.4,88.8,88.7",15.2,999.0,999.0,999,999,0
999,999999,"71.3,73.1,74.1,75.5,77.2,79.3,81.0,82.7,83.2,84.5",33.9,999.0,999.0,999,999,0
999,999999,"110.9,112.6,111.8,112.3,109.5,108.1,24.2,110.3,113.0",29.6,999.0,999.0,999,999,0
999,999999,"82.5,79.7,80.7,81.3,83.8,86.4,88.8",20.4,999.0,999.0,999,999,0
999,999999,"119.8,119.5,113.2,113.9,114.8,117.0,118.1,119.9,118.1,119.0",33.1,999.0,999.0,999,999,0
999,999999,"112.0,113.1,111.8,111.4,112.6,111.3",10.9,999.0,999.0,999,999,0
999,999999,"111.2,110.3,111.9,115.8,116.8,118.0",15.6,999.0,999.0,999,999,0
999,999999,"101.6,105.4,104.3,104.2,106.7,107.3,105.4",16.2,999.0,999.0,999,999,0
999,999999,"83.5,85.8,85.7,196.9,85.6,86.5,88.3,90.2,91.3,93.4",34.1,999.0,999.0,999,999,0
999,999999,"100.9,101.4,102.5,103.5,104.4,101.9,102.7,103.2,103.8",20.4,999.0,999.0,999,999,0
999,999999,"110.6,112.0,111.0,115.0,114.9,114.6,115.0,116.2,118.0",10.6,999.0,999.0,999,999,0
999,999999,"67.9,70.8,70.9,72.9,74.0,74.9,76.8,76.4,78.4",20.4,999.0,999.0,999,999,0
999,999999,"79.5,77.8,75.4,76.7,78.1,79.5,80.4,81.1,82.7",29.3,999.0,999.0,999,999,0
999,999999,"70.9,69.1,70.9,74.7,73.1,74.1,75.9,75.6",11.3,999.0,999.0,999,999,0
999,999999,"89.5,91.4,91.4,92.7,93.3",21.9,999.0,999.0,999,999,0
999,999999,"29.5,65.5,68.6,68.5,69.6,71.5,73.4,74.6,75.5",33.1,999.0,999.0,999,999,0
999,999999,"100.3,101.4,103.1,128.9,105.4",22.3,999.0,999.0,999,999,0
999,999999,"103.6,126.4,105.8,104.4,105.7",20.2,999.0,999.0,999,999,0
999,999999,"92.9,92.1,92.3,92.8,95.1,97.0,98.6,101.3,101.3",15.0,999.0,999.0,999,999,0
999,999999,"105.7,105.3,108.8,110.5,110.2,112.4,111.9,112.4",20.6,999.0,999.0,999,999,0
999,999999,"89.8,90.6,91.3,90.5,91.9,92.1,94.5,91.6",16.0,999.0,999.0,999,999,0
999,999999,"64.9,165.6,70.2,71.1,74.4",27.0,999.0,999.0,999,999,0
999,999999,"97.6,100.4,102.1,100.4,100.4,101.5,103.2,105.4,106.0",15.9,999.0,999.0,999,999,0
999,999999,"72.7,74.8,77.5,79.8,80.5,80.6",24.1,999.0,999.0,999,999,0
999,999999,"100.1,101.1,100.9,103.4,104.3",11.4,999.0,999.0,999,999,0
999,999999,"96.6,96.4,98.1,99.8,19.9,100.9,101.6",21.5,999.0,999.0,999,999,0
999,999999,"83.0,84.9,86.5,88.5,85.3,85.4,86.7,86.4,88.1",22.6,999.0,999.0,999,999,0
999,999999,"88.3,90.3,91.5,93.0,92.6,90.1",20.8,999.0,999.0,999,999,0
999,999999,"62.1,64.5,64.0,65.4,66.9,69.1,72.2,74.5,77.8,76.6",25.5,999.0,999.0,999,999,0
999,999999,"61.1,62.0,64.5,66.0,69.1,71.0,68.7,71.0,70.1",24.3,999.0,999.0,999,999,0
999,999999,"121.0,118.1,119.0,116.0,185.2",24.5,999.0,999.0,999,999,0
999,999999,"89.1,91.3,91.1,93.8,93.8",21.5,999.0,999.0,999,999,0
999,999999,"105.4,105.0,106.2,107.4,110.4,111.8,113.4,115.3,116.0,114.4",16.7,999.0,999.0,999,999,0
999,999999,"109.2,108.7,107.6,107.8,19.3,105.7",11.9,999.0,999.0,999,999,0
999,999999,"64.4,64.1,65.8,71.5,70.1,68.7,70.7,72.9,75.4",18.7,999.0,999.0,999,999,0
999,999999,"87.4,91.8,93.7,95.7,95.7,95.5,97.4,98.3,98.7,98.8",16.0,999.0,999.0,999,999,0
999,999999,"92.7,93.6,143.9,97.0,98.6,98.1,97.5,99.2,99.7,99.9",28.7,999.0,999.0,999,999,0
999,999999,"88.7,86.8,87.5,91.8,91.3,93.2,94.9,97.9",19.2,999.0,999.0,999,999,0
999,999999,"29.0,88.5,88.9,87.0,87.7,89.2",32.9,999.0,999.0,999,999,0
999,999999,"102.4,99.6,100.6,101.8,99.7,99.2,101.5",32.2,999.0,999.0,999,999,0
999,999999,"103.2,103.3,102.4,104.5,104.6,107.3,111.4,114.3,117.2,117.7",21.1,999.0,999.0,999,999,0
999,999999,"113.0,105.9,106.8,108.1,108.5,110.8",17.0,999.0,999.0,999,999,0
999,999999,"88.4,90.0,92.9,93.9,96.5,95.7,97.6,95.3,98.4",12.8,999.0,999.0,999,999,0
999,999999,"100.4,103.6,105.2,106.0,108.5,121.4,109.3,110.7,111.7",22.9,999.0,999.0,999,999,0
999,999999,"87.3,88.1,139.5,89.8,90.7,87.8",24.0,999.0,999.0,999,999,0
999,999999,"76.5,77.3,21.5,81.3,81.5,86.5,85.9,85.0,85.8",24.6,999.0,999.0,999,999,0
999,999999,"77.3,77.5,77.3,77.5,79.0,80.7,82.5,194.4",22.6,999.0,999.0,999,999,0
999,999999,"81.0,83.3,83.6,85.3,86.6,86.1,87.3,89.1",16.0,999.0,999.0,999,999,0
999,999999,"57.8,57.2,59.1,60.3,59.2,61.8,64.0,66.1,68.4,70.8",22.6,999.0,999.0,999,999,0
999,999999,"84.8,87.0,88.4,169.4,91.7,93.6,95.4,97.6",10.5,999.0,999.0,999,999,0
999,999999,"98.7,101.0,100.9,102.9,102.7,103.0,136.8,106.3,106.8",34.1,999.0,999.0,999,999,0
999,999999,"91.3,87.5,89.2,91.9,93.3,94.4,95.3,96.3",13.9,999.0,999.0,999,999,0
999,999999,"91.6,90.2,90.9,90.7,92.9,92.0,96.0,99.1,99.4",19.8,999.0,999.0,999,999,0
999,999999,"74.7,76.7,76.9,79.3,81.9,83.2,85.4,85.7",22.7,999.0,999.0,999,999,0
999,999999,"91.4,91.2,91.8,93.7,94.1,94.5,95.5,98.8",22.0,999.0,999.0,999,999,0
999,999999,"77.6,77.2,78.0,77.6,77.9,78.6,82.6,16.7,80.0",14.3,999.0,999.0,999,999,0
999,999999,"88.5,86.1,87.0,89.7,91.0,93.3,92.5",18.8,999.0,999.0,999,999,0
999,999999,"82.6,84.2,87.8,86.4,89.3,90.1,92.8,93.1,94.8,99.8",33.3,999.0,999.0,999,999,0
999,999999,"59.3,59.3,60.7,64.1,64.4,67.2,68.0,69.8,70.4",33.9,999.0,999.0,999,999,0
999,999999,"91.5,120.9,93.5,98.5,100.7,103.4,103.9,105.7,106.1",22.4,999.0,999.0,999,999,0
999,999999,"108.0,109.3,109.8,110.4,113.5,115.2",23.1,999.0,999.0,999,999,0
999,999999,"91.4,93.2,25.5,94.9,95.9,95.9,97.8,97.3,98.7",12.0,999.0,999.0,999,999,0
999,999999,"66.5,66.9,65.5,70.7,72.2,72.5,72.9",28.9,999.0,999.0,999,999,0
999,999999,"65.7,67.9,67.9,74.3,75.5,76.8",33.9,999.0,999.0,999,999,0
999,999999,"87.7,88.8,89.1,90.8,89.5,87.9,88.0,88.4,90.4",28.9,999.0,999.0,999,999,0
999,999999,"96.5,98.4,99.9,98.3,192.6,98.8,99.2",29.3,999.0,999.0,999,999,0
999,999999,"96.7,98.4,99.3,101.1,102.0,103.9,106.7",16.5,999.0,999.0,999,999,0
999,999999,"91.1,92.6,98.8,100.9,100.8",12.7,999.0,999.0,999,999,0
999,999999,"99.8,102.9,105.7,105.9,105.9,106.6,106.3,108.2,106.2,109.2",20.2,999.0,999.0,999,999,0
999,999999,"74.5,80.8,82.6,86.7,90.2,90.4,91.6,91.7,94.1,93.7",34.4,999.0,999.0,999,999,0
999,999999,"49.2,50.2,50.9,53.1,53.7,54.0,56.0,57.2,71.0",29.7,999.0,999.0,999,999,0
999,999999,"180.5,78.0,80.0,80.9,82.3",18.0,999.0,999.0,999,999,0
999,999999,"69.3,71.1,70.1,70.6,70.3,71.8,72.3",25.7,999.0,999.0,999,999,0
999,999999,"111.5,113.9,114.5,115.0,116.1,116.6,119.0,192.8,118.5",24.1,999.0,999.0,999,999,0
999,999999,"106.0,106.0,106.7,108.2,109.9,112.3,115.7,118.2,117.9",28.5,999.0,999.0,999,999,0
999,999999,"92.2,94.5,96.5,99.5,100.9,100.4,99.3,99.6",33.8,999.0,999.0,999,999,0
999,999999,"74.3,75.9,77.9,78.0,78.4,79.2,81.1,82.4,84.1",18.7,999.0,999.0,999,999,0
999,999999,"97.0,96.9,93.8,91.8,95.7",28.4,999.0,999.0,999,999,0
999,999999,"77.8,81.3,81.5,80.6,82.5",13.6,999.0,999.0,999,999,0
999,999999,"87.7,91.0,91.3,92.5,93.0,93.8,96.1",30.6,999.0,999.0,999,999,0
999,999999,"113.6,113.1,114.6,116.4,119.1",31.5,999.0,999.0,999,999,0
999,999999,"68.2,69.1,71.2,73.0,75.9,78.9,80.4,81.8,82.8",16.5,999.0,999.0,999,999,0
999,999999,"73.4,74.4,75.0,72.5,73.7,74.9,76.9,79.7,80.5",15.0,999.0,999.0,999,999,0
999,999999,"103.5,106.0,187.1,105.4,105.1,104.8",34.3,999.0,999.0,999,999,0
999,999999,"69.5,70.4,72.6,74.1,74.0",19.3,999.0,999.0,999,999,0
999,999999,"105.7,108.8,106.3,109.4,22.7,112.4,114.1,114.4,116.3,119.5",33.9,999.0,999.0,999,999,0
999,999999,"90.6,93.5,96.8,96.0,97.0,98.9,97.8,99.3",29.9,999.0,999.0,999,999,0
999,999999,"72.6,135.8,74.6,77.4,76.1",35.2,999.0,999.0,999,999,0
999,999999,"69.1,71.5,71.8,74.3,75.2,75.7,76.6",30.2,999.0,999.0,999,999,0
999,999999,"73.7,72.8,74.2,72.1,72.4,74.9,75.6,76.1",30.6,999.0,999.0,999,999,0
999,999999,"91.1,93.7,93.5,89.5,93.2,95.2,121.4,94.0,98.2,97.0",25.2,999.0,999.0,999,999,0
999,999999,"111.8,114.4,117.7,113.7,113.3,112.8,112.1,114.6,115.0",32.0,999.0,999.0,999,999,0
999,999999,"105.9,108.2,108.9,107.6,108.5",32.2,999.0,999.0,999,999,0
999,999999,"100.7,98.6,98.6,103.5,104.0,103.5,104.3,181.5",28.4,999.0,999.0,999,999,0
999,999999,"103.4,98.7,100.3,99.3,101.2,101.3,104.3,105.6,106.9",18.6,999.0,999.0,999,999,0
999,999999,"79.8,79.8,79.6,79.5,80.7,81.2,82.6,82.8,85.0",13.6,999.0,999.0,999,999,0
999,999999,"102.1,102.3,102.1,103.2,104.4,106.3,107.1",20.2,999.0,999.0,999,999,0
999,999999,"93.6,94.1,97.3,99.2,99.5,101.7,102.5",14.3,999.0,999.0,999,999,0
999,999999,"102.7,103.8,106.9,108.3,106.0,104.6,105.3,106.5,107.2,107.5",9.8,999.0,999.0,999,999,0
999,999999,"87.3,87.1,87.6,89.3,133.5,91.2",31.9,999.0,999.0,999,999,0
999,999999,"113.2,113.0,114.3,114.9,114.5,115.5,110.6,110.8,112.5,110.8",20.4,999.0,999.0,999,999,0
999,999999,"109.3,108.9,110.7,112.5,113.3",11.9,999.0,999.0,999,999,0
999,999999,"82.9,186.3,80.0,81.1,82.5",35.0,999.0,999.0,999,999,0
999,999999,"77.6,78.8,81.7,80.3,81.3,83.1,83.4,83.9",10.4,999.0,999.0,999,999,0
999,999999,"84.1,87.4,89.6,91.2,91.4,93.3",34.6,999.0,999.0,999,999,0
999,999999,"98.9,101.4,101.9,103.1,104.6",17.3,999.0,999.0,999,999,0
999,999999,"79.7,149.5,78.7,80.1,81.6",20.2,999.0,999.0,999,999,0
999,999999,"103.4,103.4,103.5,102.2,104.3,106.3,108.8,110.8,113.0,114.9",13.9,999.0,999.0,999,999,0
999,999999,"106.0,106.3,109.2,110.6,112.0,112.3,113.3,111.3",28.3,999.0,999.0,999,999,0
999,999999,"82.2,83.1,83.8,84.4,84.5,83.2",32.5,999.0,999.0,999,999,0
999,999999,"72.8,71.5,71.5,72.6,73.4,159.4,76.9",24.0,999.0,999.0,999,999,0
999,999999,"74.3,75.2,77.4,76.2,77.2,80.7",35.0,999.0,999.0,999,999,0
999,999999,"91.2,92.4,90.3,107.9,94.4,93.9,94.9",24.3,999.0,999.0,999,999,0
999,999999,"91.8,92.7,94.4,94.5,95.5",29.4,999.0,999.0,999,999,0
999,999999,"152.7,91.1,93.7,95.4,95.3,97.9,98.0,100.1,100.7",19.8,999.0,999.0,999,999,0
999,999999,"91.5,92.4,94.9,95.5,97.8,97.8,15.8,100.4,102.0",10.3,999.0,999.0,999,999,0
999,999999,"120.9,121.0,119.0,22.4,118.4,119.2,119.4,117.5,116.3,118.6",17.3,999.0,999.0,999,999,0
999,999999,"91.2,90.1,89.8,91.1,91.0,92.2,94.8,97.0,98.0,97.3",34.5,999.0,999.0,999,999,0
999,999999,"111.8,113.1,114.4,115.3,115.5,117.1,117.0,117.7",10.2,999.0,999.0,999,999,0
999,999999,"74.0,74.6,75.8,76.9,77.3,78.0",11.4,999.0,999.0,999,999,0
999,999999,"72.7,74.8,74.8,75.8,76.6,77.6,75.8,77.1",12.4,999.0,999.0,999,999,0
999,999999,"87.6,87.8,87.8,89.0,90.6,92.4,93.2,94.4,96.5",18.7,999.0,999.0,999,999,0
999,999999,"70.0,70.1,72.1,70.7,74.1",34.4,999.0,999.0,999,999,0
999,999999,"93.4,97.8,97.3,98.3,96.0,98.2,100.1,100.6,100.3",10.6,999.0,999.0,999,999,0
999,999999,"107.2,108.3,110.7,110.6,112.5,29.6,108.5,111.1",34.3,999.0,999.0,999,999,0
999,999999,"69.8,69.2,70.8,72.6,73.3,77.3,79.0,80.7",32.7,999.0,999.0,999,999,0
999,999999,"70.1,70.8,64.9,66.2,67.0,66.0,66.7,68.7,68.4,70.7",23.0,999.0,999.0,999,999,0
999,999999,"98.8,102.3,105.0,107.5,109.4,111.2,113.2",26.1,999.0,999.0,999,999,0
999,999999,"104.7,105.0,108.6,110.2,112.2,113.6,115.4,116.3",32.7,999.0,999.0,999,999,0
999,999999,"75.5,76.7,79.2,80.4,81.6,82.3,83.3",18.8,999.0,999.0,999,999,0
999,999999,"69.2,70.0,71.6,73.1,75.5,75.8,75.6,76.8,78.7",24.6,999.0,999.0,999,999,0
999,999999,"106.4,107.2,107.0,105.2,108.0,107.5",24.6,999.0,999.0,999,999,0
999,999999,"97.6,97.9,102.6,105.8,102.6",28.2,999.0,999.0,999,999,0
999,999999,"197.2,29.0,90.5,91.9,91.8,92.0,89.2,89.6,91.2",26.4,999.0,999.0,999,999,0
999,999999,"93.9,94.9,95.9,99.1,101.3",22.8,999.0,999.0,999,999,0
999,999999,"103.0,103.5,108.2,107.7,107.8,109.6,110.3,114.1,115.8,119.6",13.0,999.0,999.0,999,999,0
999,999999,"81.9,82.6,80.8,84.2,85.8,84.5,87.1,89.9,91.1,91.9",26.9,999.0,999.0,999,999,0
999,999999,"91.8,187.4,94.5,95.7,95.9,97.9",29.0,999.0,999.0,999,999,0
999,999999,"71.4,178.7,75.3,77.5,80.5,80.9,82.2",27.4,999.0,999.0,999,999,0
999,999999,"115.1,116.5,117.9,118.6,115.6",27.9,999.0,999.0,999,999,0
999,999999,"61.7,62.4,67.5,68.6,72.5,74.2,75.1",20.4,999.0,999.0,999,999,0
999,999999,"85.5,87.1,86.7,88.1,87.8,87.0,85.9,85.7",11.4,999.0,999.0,999,999,0
999,999999,"72.7,74.7,77.7,80.6,82.2,83.4,83.5,84.6,86.4",17.0,999.0,999.0,999,999,0
999,999999,"186.7,63.0,62.8,64.2,67.6,70.9",16.6,999.0,999.0,999,999,0
999,999999,"76.5,77.1,74.8,73.8,76.7,78.0,76.7",26.9,999.0,999.0,999,999,0
999,999999,"75.9,77.6,74.8,77.1,76.5,76.4,73.2,75.2",26.7,999.0,999.0,999,999,0
999,999999,"89.4,94.8,95.4,95.2,94.3,95.9,93.6",17.5,999.0,999.0,999,999,0
999,999999,"87.3,87.9,89.1,88.5,91.9,93.1,94.6,95.6,95.7,98.0",14.3,999.0,999.0,999,999,0
999,999999,"61.8,62.7,63.6,186.3,67.7,68.4,69.4,71.6",14.1,999.0,999.0,999,999,0
999,999999,"108.3,110.2,111.2,111.7,113.5,114.6,116.3,117.8",13.6,999.0,999.0,999,999,0
999,999999,"93.3,93.6,94.2,94.2,94.0,94.3",24.7,999.0,999.0,999,999,0
999,999999,"97.3,98.3,100.8,101.8,103.4,100.9,99.6,103.9,106.4",11.3,999.0,999.0,999,999,0
999,999999,"65.5,66.2,65.9,66.3,72.2,73.7,73.2,73.0",19.4,999.0,999.0,999,999,0
999,999999,"87.1,90.0,90.7,92.9,93.6,96.5",15.4,999.0,999.0,999,999,0
999,999999,"95.4,94.9,96.2,98.8,101.4,193.2,102.8,104.0,104.2",23.9,999.0,999.0,999,999,0
999,999999,"99.9,102.2,101.6,99.1,101.2,101.7",9.8,999.0,999.0,999,999,0
999,999999,"73.8,74.5,77.9,77.8,79.5,82.3,81.1,80.7,83.8,83.7",34.3,999.0,999.0,999,999,0
999,999999,"73.4,72.4,74.6,66.5,69.0,71.3",33.8,999.0,999.0,999,999,0
999,999999,"94.6,94.9,97.5,99.2,100.0,99.4,100.4",13.2,999.0,999.0,999,999,0
999,999999,"96.2,97.7,96.8,95.6,97.3",31.3,999.0,999.0,999,999,0
999,999999,"104.9,106.6,108.0,109.2,110.7,111.7,111.8,112.5",18.6,999.0,999.0,999,999,0
999,999999,"87.5,87.8,88.2,89.0,92.1",18.5,999.0,999.0,999,999,0
999,999999,"105.3,107.5,110.8,112.5,112.6,115.0",10.9,999.0,999.0,999,999,0
