model,barcode,power,temperature,boundaryPowerMax,boundaryPowerMin,compressorModel,doza,label
410,410100298349517830410,"67,72.5,75.5,76.5,77.5,78,79",18.4,72.25,88.45,JiaXipera МM1090Y,18,1
410,410100298349517720410,"66,70.5,74,76.5,78.5,77.5,79,80,80.5",18.4,72.25,88.45,JiaXipera МM1090Y,18,1
410,410100298349517640410,"65.5,72.5,73.5,76,76.5,77,78.5,79.5",19.4,73.52,89.66,JiaXipera МM1090Y,18,1
410,410100298349517600410,"69.5,74,75,76.5,78,79.5,79,78.5",18.6,72.51,88.69,JiaXipera МM1090Y,18,1
410,410100298349517150410,"69,74.5,76,76.5,77,78.5,79",17.1,70.6,86.88,JiaXipera МM1090Y,18,1
410,410100298349516680410,"62,67,71,73.5,74,75,76,76.5,79",17.4,70.99,87.24,JiaXipera МM1090Y,18,1
410,410100298349516660410,"63.5,69,72,74.5,75.5,76,77,78,77.5",17.3,70.86,87.12,JiaXipera МM1090Y,18,1
410,410100298349516630410,"66,70,72,74,74.5,76,75",17.0,70.48,86.76,JiaXipera МM1090Y,18,1
410,410100298349516610410,"65,69,72,73.5,75,75.5,78,76.5",17.0,70.48,86.76,JiaXipera МM1090Y,18,1
410,410100298349495600410,"66.5,72,77.5,78.5,77,80.5,78.5",18.4,72.25,88.45,JiaXipera МM1090Y,18,1
410,410100298349394790410,"66.5,71.5,72.5,74,74.5,77,77.5,76",18.4,72.25,88.45,JiaXipera МM1090Y,18,1
410,410100261549676210410,"71,78.5,82,82.5,83,85,86,85.5",20.4,74.79,90.87,JiaXipera МM1090Y,18,1
410,410100261549676170410,"70,78,80.5,81,83,85,83.5,83",20.3,74.66,90.75,JiaXipera МM1090Y,18,1
410,410100261549676150410,"72.5,75,76.5,77.5,78.5,80.5,81.5,82",20.4,74.79,90.87,JiaXipera МM1090Y,18,1
410,410100261549676140410,"75.5,76.5,77.5,80,82,83,84",20.4,74.79,90.87,JiaXipera МM1090Y,18,1
410,410100261549676130410,"72,78,79,80.5,80,81,83,81.5",20.2,74.53,90.63,JiaXipera МM1090Y,18,1
410,410100261549676120410,"67.5,74.5,76,78,79,79.5,81,81.5",20.4,74.79,90.87,JiaXipera МM1090Y,18,1
410,410100261549676090410,"70.5,72,73,76.5,77,78.5,80,81,81.5,82,82.5,83.5,83,84,83.5,84,84.5,83.5,84",20.3,74.66,90.75,JiaXipera МM1090Y,18,1
410,410100261549676080410,"75,81,83.5,84,86,85.5,87.5,86.5",20.3,74.66,90.75,JiaXipera МM1090Y,18,1
410,410100261549676070410,"73,79.5,80,81.5,82.5,85.5,84,85",20.4,74.79,90.87,JiaXipera МM1090Y,18,1
410,410100261549676050410,"68,75,77,78,78.5,80.5,79.5,81.5",20.3,74.66,90.75,JiaXipera МM1090Y,18,1
410,410100261549676040410,"74,80,83,83.5,84,86,87,85.5",20.3,74.66,90.75,JiaXipera МM1090Y,18,1
410,410100261549676030410,"66,75,76,78.5,80,81,82,81",20.3,74.66,90.75,JiaXipera МM1090Y,18,1
410,410100261549676000410,"69.5,76,78,79.5,80,81,83,82",20.4,74.79,90.87,JiaXipera МM1090Y,18,1
410,410100261549675970410,"69.5,79,81.5,83,84,85,84",20.3,74.66,90.75,JiaXipera МM1090Y,18,1
410,410100261549675950410,"69,78,79.5,80.5,82,84,82",20.3,74.66,90.75,JiaXipera МM1090Y,18,1
410,410100261549675930410,"70.5,79,81,82.5,83,83.5,85.5,83",20.3,74.66,90.75,JiaXipera МM1090Y,18,1
410,410100261549675870410,"68,75.5,78,79.5,81,82,81.5",20.3,74.66,90.75,JiaXipera МM1090Y,18,1
410,410100261549675860410,"65.5,73.5,77.5,79.5,79,80.5,81.5,80",20.3,74.66,90.75,JiaXipera МM1090Y,18,1
410,410100261549675790410,"68.5,75,77,76.5,77.5,77,78",20.4,74.79,90.87,JiaXipera МM1090Y,18,1
410,410100261549675780410,"69,75.5,78,79.5,80,80.5,83,81",20.4,74.79,90.87,JiaXipera МM1090Y,18,1
410,410100261549675760410,"67.5,76,78,79.5,80.5,81.5,82.5,83",20.4,74.79,90.87,JiaXipera МM1090Y,18,1
410,410100261549675750410,"68,76.5,78,79,80.5,81.5,82.5,82",20.4,74.79,90.87,JiaXipera МM1090Y,18,1
410,410100261549675700410,"72,79,81.5,82,82.5,83,84,85,83",20.5,74.91,90.99,JiaXipera МM1090Y,18,1
410,410100261549675690410,"69,77.5,79,81.5,81,82,82.5,83.5,84.5",20.5,74.91,90.99,JiaXipera МM1090Y,18,1
410,410100261549675680410,"68,73.5,80,81.5,83.5,82",20.4,74.79,90.87,JiaXipera МM1090Y,18,1
410,410100261549675640410,"67,78.5,79.5,79,80.5,81,82.5",20.4,74.79,90.87,JiaXipera МM1090Y,18,1
410,410100261549675620410,"68.5,71.5,76.5,78.5,81.5,80.5,81.5,83,81.5",20.4,74.79,90.87,JiaXipera МM1090Y,18,1
410,410100261549675610410,"68,75.5,77,81,81.5,83,84,85.5",20.4,74.79,90.87,JiaXipera МM1090Y,18,1
410,410100261549675580410,"67.5,74.5,77.5,79,80.5,81.5,83,83.5",20.5,74.91,90.99,JiaXipera МM1090Y,18,1
410,410100261549675570410,"68.5,75,77.5,79.5,80,80.5,82",20.4,74.79,90.87,JiaXipera МM1090Y,18,1
410,410100261549675530410,"68,73,77,77.5,78.5,80.5,82,80",20.4,74.79,90.87,JiaXipera МM1090Y,18,1
410,410100261549675510410,"66.5,72.5,76,77.5,79,80,80.5",20.4,74.79,90.87,JiaXipera МM1090Y,18,1
410,410100261549675500410,"69,78,78.5,84.5",20.4,74.79,90.87,JiaXipera МM1090Y,18,1
410,410100261549675490410,"81.5,85.5,84.5,84,82.5",20.5,74.91,90.99,JiaXipera МM1090Y,18,1
410,410100261549675480410,"69,74,77.5,80,82,81.5",20.5,74.91,90.99,JiaXipera МM1090Y,18,1
410,410100261549675460410,"69.5,73,76,78.5,79.5,80.5,82,81",20.5,74.91,90.99,JiaXipera МM1090Y,18,1
410,410100261549675410410,"63,67.5,69,71,72.5,73,73.5,73",12.4,64.65,81.19,JiaXipera МM1090Y,18,1
410,410100261549675280410,"61.5,66.5,69.5,71,72.5,73,74.5,73.5",12.1,64.27,80.83,JiaXipera МM1090Y,18,1
410,410100261549675270410,"65.5,71,75,75.5,76,75,76,73.5",12.5,64.78,81.31,JiaXipera МM1090Y,18,1
410,410100261549675770410,"69,75.5,78,78.5,79.5,80.5,81.5,81",20.5,74.91,90.99,JiaXipera МM1090Y,18,1
410,410100261549675250410,"60.5,64.5,68,69,70,71,72.5,70.5",12.1,64.27,80.83,JiaXipera МM1090Y,18,1
410,410100261549675230410,"60,65,67.5,69.5,71,73,72",12.2,64.4,80.95,JiaXipera МM1090Y,18,1
410,410100261549675220410,"64,69,70.5,75,76,77,76",12.4,64.65,81.19,JiaXipera МM1090Y,18,1
410,410100261549675210410,"61.5,65.5,67,70.5,70,71,72.5,73.5",12.3,64.52,81.07,JiaXipera МM1090Y,18,1
410,410100261549675200410,"63.5,69,72.5,72,73.5,75,73.5",12.3,64.52,81.07,JiaXipera МM1090Y,18,1
410,410100261549675190410,"65,71.5,73.5,75,75.5,77.5,80.5,77.5",12.3,64.52,81.07,JiaXipera МM1090Y,18,1
410,410100261549675180410,"65.5,67.5,73.5,74,74.5,76,75",12.4,64.65,81.19,JiaXipera МM1090Y,18,1
410,410100261549675170410,"63.5,67.5,72.5,74,73.5,74.5,73",12.7,65.03,81.56,JiaXipera МM1090Y,18,1
410,410100261549675150410,"65.5,68,71,73.5,72,73.5,75.5,75",12.4,64.65,81.19,JiaXipera МM1090Y,18,1
410,410100261549675120410,"65,66.5,69,70,71,72,73.5,73,72.5",12.9,65.28,81.8,JiaXipera МM1090Y,18,1
410,410100261549675110410,"64.5,68.5,70.5,71.5,73.5,74,75,74.5",12.8,65.16,81.68,JiaXipera МM1090Y,18,1
410,410100261549675100410,"64,68,69,70.5,72.5,73,72.5",12.8,65.16,81.68,JiaXipera МM1090Y,18,1
410,410100261549675070410,"63.5,68,71.5,72.5,74,74.5,74",12.8,65.16,81.68,JiaXipera МM1090Y,18,1
410,410100261549675060410,"64.5,68.5,72.5,73.5,74,73.5,74.5",14.4,67.18,83.61,JiaXipera МM1090Y,18,1
410,410100261549674990410,"64.5,71,73,74.5,76,77.5,76",12.7,65.03,81.56,JiaXipera МM1090Y,18,1
410,410100261549674930410,"66,67.5,71.5,72.5,71.5,73,72.5,74.5",13.1,65.54,82.04,JiaXipera МM1090Y,18,1
410,410100261549674920410,"62,66.5,69,70,71.5,72.5,72,72.5",13.1,65.54,82.04,JiaXipera МM1090Y,18,1
410,410100261549674900410,"64,67,70,71,71.5,72,73.5,72.5",13.0,65.41,81.92,JiaXipera МM1090Y,18,1
410,410100261549674890410,"63,68,71,69.5,71.5,71,72,71.5,72",13.1,65.54,82.04,JiaXipera МM1090Y,18,1
410,410100261549674860410,"63.5,68.5,71.5,72.5,73.5,74,73.5",12.8,65.16,81.68,JiaXipera МM1090Y,18,1
410,410100261549674830410,"61.5,69,71.5,70.5,73,70",13.0,65.41,81.92,JiaXipera МM1090Y,18,1
410,410100261549674820410,"63,65,70.5,73,74.5,76,74.5",13.1,65.54,82.04,JiaXipera МM1090Y,18,1
410,410100261549674800410,"62.5,67,70.5,73,74,73,75.5,73.5,75.5,75,75.5",12.9,65.28,81.8,JiaXipera МM1090Y,18,1
410,410100261549675000410,"64,66.5,71.5,72.5,74,75",12.9,65.28,81.8,JiaXipera МM1090Y,18,1
410,410100261549674770410,"65,66,71.5,72,72.5,74,73,74.5",13.3,65.79,82.28,JiaXipera МM1090Y,18,1
410,410100261549674740410,"65,69.5,71,73,74.5,73.5,74,76,75",13.4,65.92,82.4,JiaXipera МM1090Y,18,1
410,410100261549674710410,"62.5,66.5,68.5,69.5,71,72.5,73,72",13.4,65.92,82.4,JiaXipera МM1090Y,18,1
410,410100261549674700410,"64.5,69,72.5,73,74,76.5,75.5",13.4,65.92,82.4,JiaXipera МM1090Y,18,1
410,410100261549674690410,"63.5,67,72,73,74.5,75,76.5,75",13.4,65.92,82.4,JiaXipera МM1090Y,18,1
410,410100261549674630410,"61,67,68.5,72.5,73,72,73.5,74.5",13.3,65.79,82.28,JiaXipera МM1090Y,18,1
410,410100261549674600410,"63,71.5,73.5,73,73.5,72.5,73.5,74",13.4,65.92,82.4,JiaXipera МM1090Y,18,1
410,410100261549674590410,"64.5,67.5,71.5,72.5,73.5,74,75.5",13.3,65.79,82.28,JiaXipera МM1090Y,18,1
410,410100261549674580410,"63,67,73,75.5,76,72.5,74.5,75.5,75",13.4,65.92,82.4,JiaXipera МM1090Y,18,1
410,410100261549674570410,"64,63.5,66,68.5,70,72,75,77.5,76",13.4,65.92,82.4,JiaXipera МM1090Y,18,1
410,410100261549674560410,"65,68,70.5,70,73,72,74,76",13.5,66.04,82.52,JiaXipera МM1090Y,18,1
410,410100261549674520410,"66.5,70,74.5,75.5,76,75.5,76.5",14.0,66.68,83.13,JiaXipera МM1090Y,18,1
410,410100261549674490410,"62.5,67,72.5,74,73,74.5,75",13.5,66.04,82.52,JiaXipera МM1090Y,18,1
410,410100261549674450410,"63,67,68.5,71,71.5,72,72.5,72,73.5",13.6,66.17,82.65,JiaXipera МM1090Y,18,1
410,410100261549674430410,"62.5,66.5,71.5,72,73,75.5",13.5,66.04,82.52,JiaXipera МM1090Y,18,1
410,410100261549674420410,"64,69,71.5,73,74,73.5,75.5,73.5",14.2,66.93,83.37,JiaXipera МM1090Y,18,1
410,410100261549674400410,"65,67.5,70.5,73,72,72.5,74,75,74",13.9,66.55,83.01,JiaXipera МM1090Y,18,1
410,410100261549674390410,"63.5,66.5,69,72.5,73.5,74,74.5,75.5,76.5",13.8,66.42,82.89,JiaXipera МM1090Y,18,1
410,410100261549674970410,"68,70.5,72.5,73,75,75.5,77,75.5,77.5,77",14.4,67.18,83.61,JiaXipera МM1090Y,18,1
410,410100261549674370410,"65,69.5,72,72.5,73.5,75,75.5,75",13.9,66.55,83.01,JiaXipera МM1090Y,18,1
410,410100261549674360410,"62,65.5,68.5,70,71.5,72.5,73.5,73",13.7,66.3,82.77,JiaXipera МM1090Y,18,1
410,410100261549674350410,"63,69.5,71,71.5,72.5,73,73.5,75,73.5",13.7,66.3,82.77,JiaXipera МM1090Y,18,1
410,410100261549674340410,"64.5,69.5,73.5,73,74,75,73.5,74.5,74",13.9,66.55,83.01,JiaXipera МM1090Y,18,1
410,410100261549674310410,"67,71,74,74.5,75,77,76,77,75.5",13.8,66.42,82.89,JiaXipera МM1090Y,18,1
410,410100261549675080410,"62.5,66.5,68.5,69.5,71,71.5,72.5,71,73",13.1,65.54,82.04,JiaXipera МM1090Y,18,1
410,410100261549674270410,"63.5,68.5,71.5,74.5,75,74.5,75,75.5,76.5,75,76.5,76,78,77.5",14.1,66.8,83.25,JiaXipera МM1090Y,18,1
410,410100261549674260410,"64.5,66.5,68,73,74,73.5,75.5,74.5,76",13.9,66.55,83.01,JiaXipera МM1090Y,18,1
410,410100261549674250410,"64,70,72,74,75.5,74.5",13.9,66.55,83.01,JiaXipera МM1090Y,18,1
410,410100261549674210410,"64,69,70.5,72,75,76,73.5",14.0,66.68,83.13,JiaXipera МM1090Y,18,1
410,410100261549674200410,"63.5,69,71,73,72.5,74,75,75.5",14.0,66.68,83.13,JiaXipera МM1090Y,18,1
410,410100261549674190410,"65,69,72.5,73,73.5,75,74.5",14.0,66.68,83.13,JiaXipera МM1090Y,18,1
410,410100261549674180410,"64,68.5,72.5,71",14.1,66.8,83.25,JiaXipera МM1090Y,18,1
410,410100261549674160410,"65,68.5,74,73.5,75,75.5,76.5,77.5",14.1,66.8,83.25,JiaXipera МM1090Y,18,1
410,410100261549674140410,"64.5,69,73,75.5,76.5,76,76.5,76",14.0,66.68,83.13,JiaXipera МM1090Y,18,1
410,410100261549675740410,"67,74.5,77,77.5,78.5,79.5,81,80.5",20.4,74.79,90.87,JiaXipera МM1090Y,18,1
410,410100261549674120410,"65,67.5,71,72.5,73.5,74,73.5,74,75,73.5,74.5,75,76",14.1,66.8,83.25,JiaXipera МM1090Y,18,1
410,410100261549674110410,"63,69.5,71",14.1,66.8,83.25,JiaXipera МM1090Y,18,1
410,410100261549674100410,"66,70,71,72.5,73,72.5,75.5,75,76,76.5",14.1,66.8,83.25,JiaXipera МM1090Y,18,1
410,410100261549674070410,"65.5,74,74.5,76,76.5,78.5,77",14.3,67.06,83.49,JiaXipera МM1090Y,18,1
410,410100261549674040410,"65,68,73.5,75,76,76.5,76,78",14.1,66.8,83.25,JiaXipera МM1090Y,18,1
410,410100261549674030410,"63.5,69,71.5,73.5,72.5,72,74.5,75,76.5",14.1,66.8,83.25,JiaXipera МM1090Y,18,1
410,410100261549673990410,"64,68,70.5,71.5,72,73.5,74,72.5",14.2,66.93,83.37,JiaXipera МM1090Y,18,1
410,410100261549673970410,"65,70.5,73,74,75,76,77,76.5",14.3,67.06,83.49,JiaXipera МM1090Y,18,1
410,410100261549673960410,"65,70.5,73.5,74,75,75.5,76,77.5",14.3,67.06,83.49,JiaXipera МM1090Y,18,1
410,410100261549673940410,"64.5,69.5,71,72.5,73,73.5,75,75.5,75,74.5",14.3,67.06,83.49,JiaXipera МM1090Y,18,1
410,410100261549675800410,"69.5,77.5,80.5,81.5,82,84,83",20.4,74.79,90.87,JiaXipera МM1090Y,18,1
410,410100261549673770410,"66,72.5,73,74.5,75.5,76.5,76,75.5",14.4,67.18,83.61,JiaXipera МM1090Y,18,1
410,410100261549673720410,"64.5,68.5,70,72,73,74.5,76,73.5",14.3,67.06,83.49,JiaXipera МM1090Y,18,1
410,410100261549674530410,"61.5,66,71,70,71,71.5,73,72.5",13.5,66.04,82.52,JiaXipera МM1090Y,18,1
410,410100261549673700410,"64.5,68.5,73,74,74.5,75.5,75,75.5",14.4,67.18,83.61,JiaXipera МM1090Y,18,1
410,410100261549673690410,"65,67,68.5,71.5,73,73.5,75,76,75.5,76",14.4,67.18,83.61,JiaXipera МM1090Y,18,1
410,410100261549673680410,"65,68.5,71.5,73.5,74,74.5,74,75",14.4,67.18,83.61,JiaXipera МM1090Y,18,1
410,410100261549673670410,"65,66.5,69,72.5,75.5,76.5,76,76.5,77",14.5,67.31,83.73,JiaXipera МM1090Y,18,1
410,410100261549673650410,"64.5,68,72,74.5,76,78",14.6,67.44,83.86,JiaXipera МM1090Y,18,1
410,410100261549673630410,"66,69.5,71,72.5,73.5,74.5,75,74",14.5,67.31,83.73,JiaXipera МM1090Y,18,1
410,410100261549673610410,"64,66.5,70,73.5,74.5,74,75,76",14.5,67.31,83.73,JiaXipera МM1090Y,18,1
410,410100261549673600410,"63.5,67,70,72,73,73.5,74.5",14.4,67.18,83.61,JiaXipera МM1090Y,18,1
410,410100261549673590410,"63,66.5,70,72.5,73.5,74.5,75,76.5,77.5,76",14.5,67.31,83.73,JiaXipera МM1090Y,18,1
410,410100261549673580410,"62.5,67.5,71,72,72.5,73.5,73,74,74.5,73",14.6,67.44,83.86,JiaXipera МM1090Y,18,1
410,410100261549675160410,"64,70,75,75.5,77,78",12.4,64.65,81.19,JiaXipera МM1090Y,18,1
410,410100261549673550410,"64.5,70.5,73.5,74.5,75,76,77",14.6,67.44,83.86,JiaXipera МM1090Y,18,1
410,410100261549673540410,"62.5,66.5,72.5,73.5,74,75.5",14.5,67.31,83.73,JiaXipera МM1090Y,18,1
410,410100261549675720410,"69.5,76.5,77.5,79,80.5,82.5,83.5,81.5,83",20.5,74.91,90.99,JiaXipera МM1090Y,18,1
410,410100261549673500410,"67,69.5,72,73,74.5,75,75.5,76",14.6,67.44,83.86,JiaXipera МM1090Y,18,1
410,410100261549673490410,"64,68,71.5,74,75,76,76.5,74",14.6,67.44,83.86,JiaXipera МM1090Y,18,1
410,410100261549673480410,"64,73,71,72,73.5,74,74.5,75.5",14.7,67.56,83.98,JiaXipera МM1090Y,18,1
410,410100261549673470410,"65,70.5,73.5,75.5,77,76.5,78.5,78",15.1,68.07,84.46,JiaXipera МM1090Y,18,1
410,410100261549675730410,"68,71.5,75.5,79,81,82,81",20.5,74.91,90.99,JiaXipera МM1090Y,18,1
410,410100261549673450410,"63.5,65,71.5,72.5,73,74,74.5,77",14.4,67.18,83.61,JiaXipera МM1090Y,18,1
410,410100261549676060410,"71.5,78,80.5,82.5,83.5,84,86,84.5",20.4,74.79,90.87,JiaXipera МM1090Y,18,1
410,410100261549673440410,"64.5,67.5,71.5,72.5,73,74,76,74.5",14.8,67.69,84.1,JiaXipera МM1090Y,18,1
410,410100261549673430410,"63.5,68.5,72.5,74.5,75,76",14.5,67.31,83.73,JiaXipera МM1090Y,18,1
410,410100261549674870410,"63.5,69.5,72,74,75,77,74.5",12.8,65.16,81.68,JiaXipera МM1090Y,18,1
410,410100261549673400410,"65,65.5,72.5,73,73.5,73,74,74.5,76.5",14.6,67.44,83.86,JiaXipera МM1090Y,18,1
410,410100261549673390410,"63,69,72.5,74,76,76.5,76",14.5,67.31,83.73,JiaXipera МM1090Y,18,1
410,410100261549673380410,"62,67,67.5,70.5,72,71.5,73.5,74.5,73",14.8,67.69,84.1,JiaXipera МM1090Y,18,1
410,410100261549673370410,"64,66.5,72,72.5,74,74.5,75.5,76.5,75.5,76,76.5",14.7,67.56,83.98,JiaXipera МM1090Y,18,1
410,410100261549673340410,"65,69.5,72,73,74,76,75.5,77,75.5",14.7,67.56,83.98,JiaXipera МM1090Y,18,1
410,410100261549673330410,"66.5,69,71.5,72.5,74,75,76.5",15.1,68.07,84.46,JiaXipera МM1090Y,18,1
410,410100261549673300410,"64,69.5,71,73,73.5,75.5,74.5,76.5",14.6,67.44,83.86,JiaXipera МM1090Y,18,1
410,410100261549673290410,"65,68,69.5,72.5,74.5,75,78",14.6,67.44,83.86,JiaXipera МM1090Y,18,1
410,410100261549673280410,"62.5,71.5,70.5,72.5,74.5,73.5,74.5,76,75.5",14.7,67.56,83.98,JiaXipera МM1090Y,18,1
410,410100261549676190410,"70.5,77.5,79,79.5,82,81.5,84,83",20.4,74.79,90.87,JiaXipera МM1090Y,18,1
410,410100261549673270410,"67.5,70,74.5,75.5,75,76.5,77",14.9,67.82,84.22,JiaXipera МM1090Y,18,1
410,410100261549673260410,"62,68.5,71.5,72,74,74.5,76,74",14.9,67.82,84.22,JiaXipera МM1090Y,18,1
410,410100261549673250410,"64,68.5,71.5,72.5,74,74.5",14.9,67.82,84.22,JiaXipera МM1090Y,18,1
410,410100261549673230410,"61.5,68,71,72,73.5,72,74,74.5",15.2,68.2,84.58,JiaXipera МM1090Y,18,1
410,410100261549673220410,"63,68.5,72,73.5,75,76,75",14.8,67.69,84.1,JiaXipera МM1090Y,18,1
410,410100261549673210410,"69.5,71.5,73,73.5,74,75,74.5,75",14.8,67.69,84.1,JiaXipera МM1090Y,18,1
410,410100261549673180410,"64,68.5,71,73,73.5,73,74,73.5",14.8,67.69,84.1,JiaXipera МM1090Y,18,1
410,410100261549675820410,"69,76,77.5,79,79.5,81,83.5,82",20.4,74.79,90.87,JiaXipera МM1090Y,18,1
410,410100261549673170410,"64,69,71.5,73,72.5,74.5,76,74.5",15.2,68.2,84.58,JiaXipera МM1090Y,18,1
410,410100261549673140410,"64,69,71.5,71,71.5,74.5,75.5,76,74.5",14.9,67.82,84.22,JiaXipera МM1090Y,18,1
410,410100261549673130410,"65.5,69.5,74,74.5,76.5,78,78.5",14.8,67.69,84.1,JiaXipera МM1090Y,18,1
410,410100261549673110410,"65,69.5,72,74.5,75,75.5,76,76.5",14.9,67.82,84.22,JiaXipera МM1090Y,18,1
410,410100261549673100410,"67,70,73.5,75,77,77.5,78",14.9,67.82,84.22,JiaXipera МM1090Y,18,1
410,410100261549673090410,"63.5,69.5,72,73,75,75.5,74.5",14.9,67.82,84.22,JiaXipera МM1090Y,18,1
410,410100261549673080410,"66,68.5,72,75,75.5,76,77.5,75.5,76",14.9,67.82,84.22,JiaXipera МM1090Y,18,1
410,410100261549673160410,"64,69,73,73.5,74.5,75,75.5,76",14.8,67.69,84.1,JiaXipera МM1090Y,18,1
410,410100261549673070410,"67,70.5,74.5,75.5,76.5,75.5,76.5,78.5",14.8,67.69,84.1,JiaXipera МM1090Y,18,1
410,410100261549673060410,"66.5,72,74.5,74,75.5,76.5,77.5,77",14.9,67.82,84.22,JiaXipera МM1090Y,18,1
410,410100261549673050410,"65.5,70,72.5,74,74.5,74,75.5,74",14.9,67.82,84.22,JiaXipera МM1090Y,18,1
410,410100261549673040410,"66,71,74,76,75.5,77,77.5,77",14.9,67.82,84.22,JiaXipera МM1090Y,18,1
410,410100261549673010410,"63.5,66,69.5,72,74,73.5,74,74.5,74,76",15.3,68.32,84.7,JiaXipera МM1090Y,18,1
410,410100261549673000410,"65.5,67.5,70.5,72.5,73.5,74,76,77.5",15.3,68.32,84.7,JiaXipera МM1090Y,18,1
410,410100261549672970410,"63.5,72.5,75,74.5,74,75.5",14.8,67.69,84.1,JiaXipera МM1090Y,18,1
410,410100261549672920410,"66,71.5,72.5,75,76.5,76",15.2,68.2,84.58,JiaXipera МM1090Y,18,1
410,410100261549672890410,"67,73,75,76.5,76,77.5,78.5,77.5",15.6,68.7,85.06,JiaXipera МM1090Y,18,1
410,410100261549674510410,"62,63.5,64,69.5,72,73,74.5,75",14.0,66.68,83.13,JiaXipera МM1090Y,18,1
410,410100261549672880410,"68,74,75,76.5,77,78.5,79,78.5",15.7,68.83,85.19,JiaXipera МM1090Y,18,1
410,410100261549675960410,"65.5,72.5,75,76,78.5,80,79.5",20.3,74.66,90.75,JiaXipera МM1090Y,18,1
410,410100261549672940410,"66,72.5,75.5,74,76,75,77.5,75.5",14.7,67.56,83.98,JiaXipera МM1090Y,18,1
410,410100261549672840410,"69,74,76.5,77,77.5,78,79.5,77.5",15.7,68.83,85.19,JiaXipera МM1090Y,18,1
410,410100261549672830410,"68,74.5,77.5,79,80,79.5",15.6,68.7,85.06,JiaXipera МM1090Y,18,1
410,410100261549672790410,"67.5,67,70,73,74,74.5,76,73.5,76,77.5",15.0,67.94,84.34,JiaXipera МM1090Y,18,1
410,410100261549672780410,"60.5,63.5,67.5,69,72.5,73,73.5,75",15.0,67.94,84.34,JiaXipera МM1090Y,18,1
410,410100261549672750410,"66,70,73,74,75,76.5,77,76.5",15.1,68.07,84.46,JiaXipera МM1090Y,18,1
410,410100261549672740410,"65,69,72,73,73.5,74,75,76",15.1,68.07,84.46,JiaXipera МM1090Y,18,1
410,410100261549672730410,"65.5,69.5,73.5,74.5,75,76.5,77.5,78",15.2,68.2,84.58,JiaXipera МM1090Y,18,1
410,410100261549672720410,"65,71,75,75.5,75,76.5,76,77.5",15.2,68.2,84.58,JiaXipera МM1090Y,18,1
410,410100261549674300410,"64,69.5,72.5,73.5,74,75,76.5,75",14.0,66.68,83.13,JiaXipera МM1090Y,18,1
410,410100261549672710410,"65,69.5,74,74.5,76,76.5,77,76",15.2,68.2,84.58,JiaXipera МM1090Y,18,1
410,410100261549672700410,"66,70.5,73,74,74.5,75,75.5,76",15.2,68.2,84.58,JiaXipera МM1090Y,18,1
410,410100261549672680410,"67,73,75,76.5,77.5,76.5",15.3,68.32,84.7,JiaXipera МM1090Y,18,1
410,410100261549674620410,"65.5,71,73,74,76,75.5,76.5,76",13.3,65.79,82.28,JiaXipera МM1090Y,18,1
410,410100261549672670410,"65,69,72.5,73.5,74,76,77,74.5",15.3,68.32,84.7,JiaXipera МM1090Y,18,1
410,410100261549672650410,"65.5,66.5,71.5,75,74.5,76,75.5,77.5,77",15.4,68.45,84.82,JiaXipera МM1090Y,18,1
410,410100261549672620410,"64,70,71.5,74.5,75,76,77,77.5",15.4,68.45,84.82,JiaXipera МM1090Y,18,1
410,410100261549672610410,"67.5,72,74.5,76.5,77.5,79.5,78",15.4,68.45,84.82,JiaXipera МM1090Y,18,1
410,410100261549672590410,"64.5,70,73,75,75.5,77,75.5",15.6,68.7,85.06,JiaXipera МM1090Y,18,1
410,410100261549672580410,"64.5,71,73,73.5,74,75,74,75.5",15.2,68.2,84.58,JiaXipera МM1090Y,18,1
410,410100261549672560410,"66.5,72,74.5,75,76.5,77,78.5,77.5",15.6,68.7,85.06,JiaXipera МM1090Y,18,1
410,410100261549672540410,"67,73,76,79,79.5,79,80.5",15.6,68.7,85.06,JiaXipera МM1090Y,18,1
410,410100261549672530410,"69,71.5,76,78,78.5,80,79",15.6,68.7,85.06,JiaXipera МM1090Y,18,1
410,410100261549672520410,"69,73.5,76,76.5,78.5,77.5,79.5,79",15.7,68.83,85.19,JiaXipera МM1090Y,18,1
410,410100261549672490410,"67,71.5,72,74.5,76,76.5,76,77.5,77,78.5",15.5,68.58,84.94,JiaXipera МM1090Y,18,1
410,410100261549672480410,"63,70.5,73,74.5,75.5,75",15.2,68.2,84.58,JiaXipera МM1090Y,18,1
410,410100261549674090410,"66,70.5,72.5,74.5,75,75.5,76.5,75",14.1,66.8,83.25,JiaXipera МM1090Y,18,1
410,410100261549672470410,"66,71.5,74,73.5,75,76,78.5,77",15.6,68.7,85.06,JiaXipera МM1090Y,18,1
410,410100261549672460410,"65.5,70.5,73.5,74,76,77.5,76.5",15.6,68.7,85.06,JiaXipera МM1090Y,18,1
410,410100261549672440410,"70.5,75.5,78,79.5,78.5,80.5,78.5",15.6,68.7,85.06,JiaXipera МM1090Y,18,1
410,410100261549672420410,"67,71.5,75.5,77,77.5,78.5,79.5,80",15.6,68.7,85.06,JiaXipera МM1090Y,18,1
410,410100261549672410410,"69.5,72.5,76.5,78.5,78,79,79.5",15.7,68.83,85.19,JiaXipera МM1090Y,18,1
410,410100261549672390410,"64.5,70.5,72,73.5,75.5,75,76.5,75",15.7,68.83,85.19,JiaXipera МM1090Y,18,1
410,410100261549672300410,"65,70.5,72,73.5,74.5,73.5,74.5,75.5",15.2,68.2,84.58,JiaXipera МM1090Y,18,1
410,410100261549672270410,"66.5,71,74.5,75,76,77.5,76",15.4,68.45,84.82,JiaXipera МM1090Y,18,1
410,410100261549675890410,"67,75,76,77,78.5,80,81,82.5",20.4,74.79,90.87,JiaXipera МM1090Y,18,1
410,410100261549672260410,"63.5,67.5,69,72.5,73.5,74,75,74",15.2,68.2,84.58,JiaXipera МM1090Y,18,1
410,410100261549672210410,"62.5,67.5,70,71,72,72.5,73.5,74,75",15.1,68.07,84.46,JiaXipera МM1090Y,18,1
410,410100261549675040410,"63.5,67,70.5,71.5,72,73,72",13.1,65.54,82.04,JiaXipera МM1090Y,18,1
410,410100261549672200410,"65,70,72.5,73,74.5,76,76.5,76",15.2,68.2,84.58,JiaXipera МM1090Y,18,1
410,410100261549672180410,"67,71.5,74.5,75,76.5,77,78.5,76",15.2,68.2,84.58,JiaXipera МM1090Y,18,1
410,410100261549672170410,"68,76,77,78.5,79.5,79,81,80",15.7,68.83,85.19,JiaXipera МM1090Y,18,1
410,410100261549672150410,"61,68.5,71,72,71.5,73,73.5,73",15.2,68.2,84.58,JiaXipera МM1090Y,18,1
410,410100261549625620410,"71,77.5,79.5,80.5,81.5,82.5,81.5",20.4,74.79,90.87,JiaXipera МM1090Y,18,1
410,410100261549625070410,"69.5,71,74.5,77,77.5,78.5",17.2,70.73,87.0,JiaXipera МM1090Y,18,1
410,410100261549670980410,"67,71,76,75.5,76.5,77,77.5,78.5,77.5",16.0,69.21,85.55,JiaXipera МM1090Y,18,1
410,410100261549625610410,"71.5,79.5,81,82.5,84,85.5,84.5",20.5,74.91,90.99,JiaXipera МM1090Y,18,1
410,410100261549673120410,"61.5,68.5,70,71.5,72.5,72,74,73,75",14.9,67.82,84.22,JiaXipera МM1090Y,18,1
410,410100261549626000410,"72.5,77,82.5,83,83.5,86,85",20.2,74.53,90.63,JiaXipera МM1090Y,18,1
410,410100261549625480410,"65.5,71.5,73.5,75.5,75,76,77,76",17.4,70.99,87.24,JiaXipera МM1090Y,18,1
410,410100261549625600410,"70,78.5,82,82.5,83,83.5,85.5,84",20.4,74.79,90.87,JiaXipera МM1090Y,18,1
410,410100261549622700410,"69.5,74,78,80,80.5,81.5,83.5,82.5",20.3,74.66,90.75,JiaXipera МM1090Y,18,1
410,410100261549621640410,"71,76.5,78,79.5,80.5,82,83,82",21.3,75.93,91.96,JiaXipera МM1090Y,18,1
410,410100261549628270410,"70.5,74,77.5,79.5,79,80.5,81.5,82.5",19.7,73.9,90.02,JiaXipera МM1090Y,18,1
410,410100261549671560410,"64,70.5,73.5,74.5,75.5,75,77",15.6,68.7,85.06,JiaXipera МM1090Y,18,1
410,410100261549625450410,"66,69,72,72.5,73.5,75,75.5,76.5,77,79",17.2,70.73,87.0,JiaXipera МM1090Y,18,1
410,410100261549625440410,"66.5,70,71,72.5,71,72,73,71.5",16.8,70.22,86.52,JiaXipera МM1090Y,18,1
410,410100261549621470410,"71,78.5,80,81.5,83,83.5,85,83.5",21.5,76.18,92.2,JiaXipera МM1090Y,18,1
410,410100261549628750410,"66.5,74.5,77,79,79.5,81.5,81",18.7,72.63,88.81,JiaXipera МM1090Y,18,1
410,410100261549625370410,"67.5,75.5,76,78,78.5,80,78.5",16.6,69.97,86.27,JiaXipera МM1090Y,18,1
410,410100261549628220410,"66.5,71,73,75.5,77.5,78,79,80.5,80,79.5,80",19.8,74.03,90.15,JiaXipera МM1090Y,18,1
410,410100261549670220410,"66,71,74,76,77,77.5,77,77.5,78.5",15.6,68.7,85.06,JiaXipera МM1090Y,18,1
410,410100261549625460410,"67,73,76,77.5,77,79,77.5,79.5,80.5",17.3,70.86,87.12,JiaXipera МM1090Y,18,1
410,410100261549625350410,"66,70.5,74,75,76.5,77,76.5",16.7,70.1,86.4,JiaXipera МM1090Y,18,1
410,410100261549674500410,"67.5,70.5,73,73.5,74,75.5,74,75.5,76",13.5,66.04,82.52,JiaXipera МM1090Y,18,1
410,410100261549621700410,"69,76.5,79,80.5,83,82.5,86",21.3,75.93,91.96,JiaXipera МM1090Y,18,1
410,410100261549673360410,"64,71,72,74,73.5,74,75,76",14.7,67.56,83.98,JiaXipera МM1090Y,18,1
410,410100261549625320410,"66,69,71,74.5,75.5,77,75.5,76,76.5,78.5,79.5",16.7,70.1,86.4,JiaXipera МM1090Y,18,1
410,410100261549625290410,"65.5,73.5,76,73.5,76,77.5,78.5,77",16.7,70.1,86.4,JiaXipera МM1090Y,18,1
410,410100261549670240410,"64.5,70,71.5,73.5,75,74.5,77,78.5",15.9,69.08,85.43,JiaXipera МM1090Y,18,1
410,410100261549625260410,"69,74.5,75,78,79,80.5,82,80.5",19.5,73.65,89.78,JiaXipera МM1090Y,18,1
410,410100261549625250410,"66.5,71.5,74.5,75.5,76,77,78.5,78",16.8,70.22,86.52,JiaXipera МM1090Y,18,1
410,410100261549625220410,"65.5,70,73.5,75,75.5,77,78.5,76.5,77.5",16.8,70.22,86.52,JiaXipera МM1090Y,18,1
410,410100261549674910410,"63,68,70.5,72,72.5,74.5",13.1,65.54,82.04,JiaXipera МM1090Y,18,1
410,410100261549620470410,"74,79.5,83,85,85.5,86",21.9,76.69,92.69,JiaXipera МM1090Y,18,1
410,410100261549625160410,"68,72,75.5,76,77,78,79.5,78.5",17.0,70.48,86.76,JiaXipera МM1090Y,18,1
410,410100261549673570410,"62.5,64.5,69,70,71.5,73,74,75,75.5,76.5",14.7,67.56,83.98,JiaXipera МM1090Y,18,1
410,410100261549625150410,"67.5,74,76,77.5,78,78.5,80,78",17.3,70.86,87.12,JiaXipera МM1090Y,18,1
410,410100261549675600410,"68.5,69.5,73,77.5,79.5,78.5,80.5,81,83",20.4,74.79,90.87,JiaXipera МM1090Y,18,1
410,410100261549625130410,"68.5,74.5,76,77,77.5,78.5,79.5,78",17.0,70.48,86.76,JiaXipera МM1090Y,18,1
410,410100261549675540410,"68,74.5,77.5,78.5,79.5,80.5,82,81",20.5,74.91,90.99,JiaXipera МM1090Y,18,1
410,410100261549621960410,"71.5,74.5,76,77,78.5,79.5,78.5",20.3,74.66,90.75,JiaXipera МM1090Y,18,1
410,410100261549627370410,"70.5,78.5,79.5,81,81.5,84,81.5",20.9,75.42,91.48,JiaXipera МM1090Y,18,1
410,410100261549625120410,"67.5,73.5,76.5,77,76,78,80,79.5",17.0,70.48,86.76,JiaXipera МM1090Y,18,1
410,410100261549625040410,"68.5,75,76.5,77.5,78,78.5,80.5,79.5",17.2,70.73,87.0,JiaXipera МM1090Y,18,1
410,410100261549670260410,"70.5,75,76.5,77.5,78.5,77",15.9,69.08,85.43,JiaXipera МM1090Y,18,1
410,410100261549625030410,"67,70.5,72.5,74.5,79,78.5,80,81,79.5",17.2,70.73,87.0,JiaXipera МM1090Y,18,1
410,410100261549629330410,"68,72.5,75,76.5,76,77,78.5,79",17.5,71.11,87.36,JiaXipera МM1090Y,18,1
410,410100261549624950410,"66.5,74,76.5,77,77.5,78.5,79,78",17.4,70.99,87.24,JiaXipera МM1090Y,18,1
410,410100261549624370410,"67.5,75.5,77.5,79,80.5,81.5,81,80",18.0,71.75,87.97,JiaXipera МM1090Y,18,1
410,410100261549620500410,"69.5,76.5,80,82,83,84,87,84",21.8,76.56,92.56,JiaXipera МM1090Y,18,1
410,410100261549624930410,"65.5,68.5,71.5,73,74.5,76,76.5,75.5,76.5,77,76.5",17.3,70.86,87.12,JiaXipera МM1090Y,18,1
410,410100261549623330410,"70.5,76.5,80,80.5,81.5,82.5,84.5,84",19.8,74.03,90.15,JiaXipera МM1090Y,18,1
410,410100261549670310410,"67,71,74.5,75.5,76,79,78",15.9,69.08,85.43,JiaXipera МM1090Y,18,1
410,410100261549624890410,"64.5,66,71.5,73,74,75,75.5,77,76.5",17.3,70.86,87.12,JiaXipera МM1090Y,18,1
410,410100261549671390410,"71,74.5,74,75,76.5,76,75",15.7,68.83,85.19,JiaXipera МM1090Y,18,1
410,410100261549621090410,"71,77,78.5,81.5,82.5,84.5,85.5",21.4,76.05,92.08,JiaXipera МM1090Y,18,1
410,410100261549669860410,"67,72.5,75.5,77.5,78.5,79.5,80.5",15.4,68.45,84.82,JiaXipera МM1090Y,18,1
410,410100261549625590410,"72.5,79.5,81,84,80.5,84.5,84",20.5,74.91,90.99,JiaXipera МM1090Y,18,1
410,410100261549624860410,"68,72.5,74.5,77,76.5,77.5,79,78.5",17.3,70.86,87.12,JiaXipera МM1090Y,18,1
410,410100261549624810410,"68.5,75,77.5,79.5,79,80.5,78.5",17.5,71.11,87.36,JiaXipera МM1090Y,18,1
410,410100261549623730410,"66.5,74,77,78.5,79,79.5,80",19.1,73.14,89.3,JiaXipera МM1090Y,18,1
410,410100261549624800410,"68,73,75,76.5,77.5,78.5,79.5,78.5",17.7,71.37,87.6,JiaXipera МM1090Y,18,1
410,410100261549620240410,"72.5,76,82,81.5,82.5,84",20.3,74.66,90.75,JiaXipera МM1090Y,18,1
410,410100261549628970410,"66.5,72.5,76.5,78,77.5,78.5,80.5,79.5",18.2,72.0,88.21,JiaXipera МM1090Y,18,1
410,410100261549624780410,"67.5,72,75.5,77,77.5,78,78.5,79",17.7,71.37,87.6,JiaXipera МM1090Y,18,1
410,410100261549624760410,"68,74,76.5,77.5,79.5,78.5,80,78.5",17.7,71.37,87.6,JiaXipera МM1090Y,18,1
410,410100261549625310410,"65.5,66,67.5,71,72,74,76,77,76,78.5,80,79",16.7,70.1,86.4,JiaXipera МM1090Y,18,1
410,410100261549624740410,"65.5,69.5,75,78,78.5,80,80.5",17.8,71.49,87.73,JiaXipera МM1090Y,18,1
410,410100261549624900410,"65,70.5,71,74,76,76.5,77.5,79",17.3,70.86,87.12,JiaXipera МM1090Y,18,1
410,410100261549624710410,"67.5,72,74.5,75,76.5,77,76.5,79,78.5,78",17.6,71.24,87.48,JiaXipera МM1090Y,18,1
410,410100261549673310410,"66,70,73,74.5,75,75.5,76.5,75",15.1,68.07,84.46,JiaXipera МM1090Y,18,1
410,410100261549625270410,"64,70,73,75,76.5,77.5,78",16.8,70.22,86.52,JiaXipera МM1090Y,18,1
410,410100261549624100410,"66.5,78,76,78.5,79.5,80,79.5",18.5,72.38,88.57,JiaXipera МM1090Y,18,1
410,410100261549624650410,"70,74.5,77,77.5,78.5,80,79.5",17.7,71.37,87.6,JiaXipera МM1090Y,18,1
410,410100261549624640410,"68,74,76.5,77,81,80,79",17.7,71.37,87.6,JiaXipera МM1090Y,18,1
410,410100261549625140410,"65.5,72,74,75,76,77,78.5,77.5",17.1,70.6,86.88,JiaXipera МM1090Y,18,1
410,410100298349516700410,"63.5,66,70.5,72.5,73.5,75.5,76",17.3,70.86,87.12,JiaXipera МM1090Y,18,1
410,410100261549625180410,"65.5,71,74.5,77.5,80.5,81.5,80",18.0,71.75,87.97,JiaXipera МM1090Y,18,1
410,410100261549624590410,"66,71.5,74.5,75.5,76.5,77.5,79,78",17.8,71.49,87.73,JiaXipera МM1090Y,18,1
410,410100261549624520410,"66.5,71.5,75,75.5,77,76.5,77.5,78.5",17.9,71.62,87.85,JiaXipera МM1090Y,18,1
410,410100261549624500410,"66,70,71,73,75.5,76,76.5,77,79",17.9,71.62,87.85,JiaXipera МM1090Y,18,1
410,410100261549619710410,"66.5,73,77,78.5,79,80.5,80,81.5",20.5,74.91,90.99,JiaXipera МM1090Y,18,1
410,410100261549627340410,"70.5,77.5,80.5,81,82,83,82.5",20.5,74.91,90.99,JiaXipera МM1090Y,18,1
410,410100261549624420410,"69,73.5,77.5,78.5,79.5,80,82",18.0,71.75,87.97,JiaXipera МM1090Y,18,1
410,410100261549624410410,"69.5,75.5,77.5,78.5,79.5,80,81",18.0,71.75,87.97,JiaXipera МM1090Y,18,1
410,410100261549624380410,"68,75,78.5,80.5,81.5,82,85,83",18.0,71.75,87.97,JiaXipera МM1090Y,18,1
410,410100261549676200410,"72,79.5,81.5,83,84,86.5,86,85",20.4,74.79,90.87,JiaXipera МM1090Y,18,1
410,410100261549619790410,"71,77.5,81,82.5,84,86.5,85.5,87",20.4,74.79,90.87,JiaXipera МM1090Y,18,1
410,410100261549624360410,"71,79.5,81,82,83.5,85.5,84.5",18.1,71.87,88.09,JiaXipera МM1090Y,18,1
410,410100261549675520410,"67,73,77,79.5,80,82.5,81.5",20.4,74.79,90.87,JiaXipera МM1090Y,18,1
410,410100261549621430410,"67.5,69,75.5,79,80,83,83.5,85,84.5",21.5,76.18,92.2,JiaXipera МM1090Y,18,1
410,410100261549672800410,"69,75.5,77,78,79.5,79,78.5",15.6,68.7,85.06,JiaXipera МM1090Y,18,1
410,410100261549626200410,"72,78.5,82,83,86,87,85.5",20.1,74.41,90.51,JiaXipera МM1090Y,18,1
410,410100261549624350410,"68.5,71.5,78,79.5,81.5,80",18.5,72.38,88.57,JiaXipera МM1090Y,18,1
410,410100261549624330410,"71,76,79.5,81,81.5,83.5,82.5",18.1,71.87,88.09,JiaXipera МM1090Y,18,1
410,410100261549624340410,"66.5,75,76.5,75.5,79.5,80,80.5,82",18.1,71.87,88.09,JiaXipera МM1090Y,18,1
410,410100261549626670410,"71,77.5,81.5,82,82.5,83,85,84.5",21.3,75.93,91.96,JiaXipera МM1090Y,18,1
410,410100261549624320410,"69.5,75.5,79,79.5,80.5,81.5,82.5,81.5",18.2,72.0,88.21,JiaXipera МM1090Y,18,1
410,410100261549625820410,"71,76.5,78.5,79.5,80,82,81",20.4,74.79,90.87,JiaXipera МM1090Y,18,1
410,410100261549627660410,"64,70.5,76,81,80.5,82,84",20.5,74.91,90.99,JiaXipera МM1090Y,18,1
410,410100261549675880410,"66.5,76.5,78,79.5,80,81.5,82",20.5,74.91,90.99,JiaXipera МM1090Y,18,1
410,410100261549670150410,"63.5,68.5,73,73.5,75,76.5,76",15.3,68.32,84.7,JiaXipera МM1090Y,18,1
410,410100261549624310410,"67.5,73.5,76.5,77.5,80,81,81.5",18.1,71.87,88.09,JiaXipera МM1090Y,18,1
410,410100261549670930410,"67.5,71.5,74,74.5,77,78,77.5,77",16.1,69.34,85.67,JiaXipera МM1090Y,18,1
410,410100261549671070410,"65.5,70.5,74,74.5,75,76,76.5",16.0,69.21,85.55,JiaXipera МM1090Y,18,1
410,410100261549674480410,"63,69.5,72.5,73.5,73,74,75,75.5",13.5,66.04,82.52,JiaXipera МM1090Y,18,1
410,410100261549627030410,"70.5,77,78.5,79.5,80.5,83,81.5,82.5",20.9,75.42,91.48,JiaXipera МM1090Y,18,1
410,410100261549670600410,"65,71,73,74.5,74,75.5,77,76",15.1,68.07,84.46,JiaXipera МM1090Y,18,1
410,410100261549670380410,"63,67,70,71,72.5,73,75.5,74",15.9,69.08,85.43,JiaXipera МM1090Y,18,1
410,410100261549624250410,"70,75.5,78,80,79.5,81,80.5,82",18.2,72.0,88.21,JiaXipera МM1090Y,18,1
410,410100261549621160410,"70.5,80,82.5,83,85.5,87,86",21.5,76.18,92.2,JiaXipera МM1090Y,18,1
410,410100261549624240410,"67,70.5,72,79,78.5,79,80.5",18.3,72.13,88.33,JiaXipera МM1090Y,18,1
410,410100261549624170410,"68,73.5,74.5,76.5,77.5,79,81,80.5",18.5,72.38,88.57,JiaXipera МM1090Y,18,1
410,410100261549672770410,"65.5,70,72,74.5,75,75.5,76,75.5",15.1,68.07,84.46,JiaXipera МM1090Y,18,1
410,410100261549622510410,"70.5,77,78,81,82,82.5,83.5,85.5",20.4,74.79,90.87,JiaXipera МM1090Y,18,1
410,410100261549624160410,"67,73,77.5,78,80,79.5,82.5,81",18.4,72.25,88.45,JiaXipera МM1090Y,18,1
410,410100261549624150410,"67.5,72,74.5,76.5,78.5,79.5,80.5,79",18.5,72.38,88.57,JiaXipera МM1090Y,18,1
410,410100261549623160410,"64.5,69.5,73,74.5,76.5,78,78.5,79,78",19.8,74.03,90.15,JiaXipera МM1090Y,18,1
410,410100261549622420410,"70.5,77,78.5,79.5,81,82,83.5,85,83.5",20.6,75.04,91.11,JiaXipera МM1090Y,18,1
410,410100261549624130410,"70.5,75.5,76,79,78.5,80.5,82,81",19.1,73.14,89.3,JiaXipera МM1090Y,18,1
410,410100261549624090410,"69,73.5,76,76.5,77.5,78,80,78.5",18.5,72.38,88.57,JiaXipera МM1090Y,18,1
410,410100261549621820410,"73,76.5,78.5,79,81,81.5,82.5,84,84.5,84,84.5",21.0,75.55,91.6,JiaXipera МM1090Y,18,1
410,410100261549624020410,"66.5,71,73.5,76,78,79.5,79",19.6,73.77,89.9,JiaXipera МM1090Y,18,1
410,410100261549621670410,"67.5,76,79,79.5,81,83,83.5,84",21.2,75.8,91.84,JiaXipera МM1090Y,18,1
410,410100261549625700410,"72,76.5,79,79.5,83,85,84,85,84.5",20.4,74.79,90.87,JiaXipera МM1090Y,18,1
410,410100261549625010410,"65,71,72.5,73,74,75.5,76,75.5",18.5,72.38,88.57,JiaXipera МM1090Y,18,1
410,410100261549623990410,"67,73,76,78,78.5,80.5,82.5,82",19.6,73.77,89.9,JiaXipera МM1090Y,18,1
410,410100261549623970410,"69,74.5,76.5,78.5,79,81,83,81.5",19.4,73.52,89.66,JiaXipera МM1090Y,18,1
410,410100261549629440410,"68.5,72,75.5,76.5,78,78.5,80,79,79.5",17.2,70.73,87.0,JiaXipera МM1090Y,18,1
410,410100261549675050410,"64.5,67,70,73.5,72.5,73.5,74.5,72.5",12.5,64.78,81.31,JiaXipera МM1090Y,18,1
410,410100261549622910410,"68.5,76,78,79.5,82,83.5",20.0,74.28,90.39,JiaXipera МM1090Y,18,1
410,410100261549622290410,"65,75,79,77.5,80.5,81,82",20.6,75.04,91.11,JiaXipera МM1090Y,18,1
410,410100261549623850410,"69,75,76.5,79.5,80.5,81,82.5,82",18.9,72.89,89.06,JiaXipera МM1090Y,18,1
410,410100261549627180410,"71.5,78,79.5,81.5,82,82.5,84.5",20.8,75.29,91.35,JiaXipera МM1090Y,18,1
410,410100261549625950410,"74,79.5,81,81.5,83,84.5,84,86,85",20.2,74.53,90.63,JiaXipera МM1090Y,18,1
410,410100261549626430410,"78,79.5,81,81.5,82.5,84,82.5,81.5",20.1,74.41,90.51,JiaXipera МM1090Y,18,1
410,410100261549623830410,"66,71.5,76,77,78,79.5,79,79.5",18.9,72.89,89.06,JiaXipera МM1090Y,18,1
410,410100261549629270410,"68,73.5,76,77.5,78.5,80,79",17.6,71.24,87.48,JiaXipera МM1090Y,18,1
410,410100261549623820410,"66.5,76,79,77,78,79.5,80.5,79.5",19.0,73.01,89.18,JiaXipera МM1090Y,18,1
410,410100261549624050410,"60,62.5,65.5,67,70.5,71,72,73,72.5,73.5",14.9,67.82,84.22,JiaXipera МM1090Y,18,1
410,410100261549623800410,"67,74.5,78,79,79.5,80,80.5,81,82",19.0,73.01,89.18,JiaXipera МM1090Y,18,1
410,410100261549675130410,"64.5,69.5,73,73.5,74.5,75,74,75.5,76.5",12.5,64.78,81.31,JiaXipera МM1090Y,18,1
410,410100261549625360410,"67.5,72,74.5,77,77.5,78.5,78",16.5,69.84,86.15,JiaXipera МM1090Y,18,1
410,410100261549623790410,"67.5,71.5,76,79,80,79.5,80.5",19.0,73.01,89.18,JiaXipera МM1090Y,18,1
410,410100261549619840410,"72,78,80.5,82,83,84,85.5,85",20.3,74.66,90.75,JiaXipera МM1090Y,18,1
410,410100261549628830410,"65.5,71,74,76,77,78,79.5,78",18.3,72.13,88.33,JiaXipera МM1090Y,18,1
410,410100261549624840410,"65.5,70,73,75,76,78,76",17.4,70.99,87.24,JiaXipera МM1090Y,18,1
410,410100261549625300410,"69,72,76,77.5,78,79,78.5",16.7,70.1,86.4,JiaXipera МM1090Y,18,1
410,410100261549670510410,"65,68.5,71,72.5,74,75.5,75",15.2,68.2,84.58,JiaXipera МM1090Y,18,1
410,410100261549623080410,"77.5,81,80.5,81.5,83,83.5,83,82",19.9,74.15,90.27,JiaXipera МM1090Y,18,1
410,410100261549623760410,"65,70,72.5,74.5,75,76.5,76,78.5,81.5,79.5,80",19.1,73.14,89.3,JiaXipera МM1090Y,18,1
410,410100261549623720410,"65.5,71.5,77,78.5,80,80.5,81,82.5",19.5,73.65,89.78,JiaXipera МM1090Y,18,1
410,410100261549627050410,"69,77.5,79.5,81,82,83.5,83",20.9,75.42,91.48,JiaXipera МM1090Y,18,1
410,410100261549625470410,"66,70.5,72.5,75,76,77.5,76.5,78,79",17.3,70.86,87.12,JiaXipera МM1090Y,18,1
410,410100261549674020410,"66,71.5,72.5,73.5,75,77.5,77",14.1,66.8,83.25,JiaXipera МM1090Y,18,1
410,410100261549624450410,"65,72,75,76,77.5,78.5,79,78.5",18.0,71.75,87.97,JiaXipera МM1090Y,18,1
410,410100261549623710410,"67,72.5,77.5,79.5,79,81,83,83.5",19.6,73.77,89.9,JiaXipera МM1090Y,18,1
410,410100261549623650410,"67.5,72.5,76,78,78.5,79.5,78.5",19.2,73.27,89.42,JiaXipera МM1090Y,18,1
410,410100261549621950410,"68,74,76.5,77,79,80.5,81.5,80",20.9,75.42,91.48,JiaXipera МM1090Y,18,1
410,410100261549621860410,"70,74.5,81,81.5,82.5,83.5,86,83.5",21.0,75.55,91.6,JiaXipera МM1090Y,18,1
410,410100261549619750410,"69.5,77,78.5,80,81.5,82,82.5,84,83",20.3,74.66,90.75,JiaXipera МM1090Y,18,1
410,410100261549623780410,"68,73,76,76.5,77.5,78,80,79.5",19.1,73.14,89.3,JiaXipera МM1090Y,18,1
410,410100261549623700410,"67,73.5,79,77,80.5,80,81,80",19.6,73.77,89.9,JiaXipera МM1090Y,18,1
410,410100261549623600410,"67,70,75.5,77,78,79,79.5,81.5",19.2,73.27,89.42,JiaXipera МM1090Y,18,1
410,410100261549622390410,"66.5,74,76.5,80,82,83,82",20.6,75.04,91.11,JiaXipera МM1090Y,18,1
410,410100261549623550410,"69.5,77,78.5,77.5,79,79.5,80.5,81,82,83",19.3,73.39,89.54,JiaXipera МM1090Y,18,1
410,410100261549619820410,"67.5,71.5,77,78.5,80,81.5,80.5",20.3,74.66,90.75,JiaXipera МM1090Y,18,1
410,410100261549623580410,"66.5,71.5,74.5,76.5,77,79.5,80.5,78.5",19.5,73.65,89.78,JiaXipera МM1090Y,18,1
410,410100261549625920410,"68,73.5,78.5,79,80.5,81,80.5,83,82",20.2,74.53,90.63,JiaXipera МM1090Y,18,1
410,410100261549674880410,"64,71,73.5,74.5,75,75.5,76",13.1,65.54,82.04,JiaXipera МM1090Y,18,1
410,410100261549623520410,"67.5,72.5,74.5,76,77,77.5,78.5,79.5,80",19.5,73.65,89.78,JiaXipera МM1090Y,18,1
410,410100261549623900410,"67.5,72.5,74.5,77.5,78.5,80,79",19.7,73.9,90.02,JiaXipera МM1090Y,18,1
410,410100261549625830410,"69.5,76,78,80.5,81,82,82.5,82,84",20.4,74.79,90.87,JiaXipera МM1090Y,18,1
410,410100261549623510410,"69,77,78.5,79,80,80.5,81.5,81",19.5,73.65,89.78,JiaXipera МM1090Y,18,1
410,410100261549623490410,"65.5,72.5,75,78,78.5,79,81,80.5",19.4,73.52,89.66,JiaXipera МM1090Y,18,1
410,410100261549623480410,"69,73,79,80,81,79.5,81.5,82.5,83.5",19.5,73.65,89.78,JiaXipera МM1090Y,18,1
410,410100261549674540410,"63.5,65.5,70.5,71.5,73.5,74,75,74",13.5,66.04,82.52,JiaXipera МM1090Y,18,1
410,410100261549620130410,"70.5,74.5,78,79.5,81,81.5,82",20.3,74.66,90.75,JiaXipera МM1090Y,18,1
410,410100261549623460410,"67,75.5,81.5,81,82.5,85.5,83",19.7,73.9,90.02,JiaXipera МM1090Y,18,1
410,410100261549623470410,"68,73.5,76,77,78,80,79.5,80,82,81",19.4,73.52,89.66,JiaXipera МM1090Y,18,1
410,410100261549623450410,"67,71.5,75,76,78,79.5,79,79.5",19.4,73.52,89.66,JiaXipera МM1090Y,18,1
410,410100261549623440410,"66.5,72,75,76.5,78,79,80",19.4,73.52,89.66,JiaXipera МM1090Y,18,1
410,410100261549627960410,"73,77,79,80.5,81,81.5,82.5,83.5,84.5",19.9,74.15,90.27,JiaXipera МM1090Y,18,1
410,410100261549671790410,"64,69.5,74.5,75.5,76,75.5,77.5,77",15.4,68.45,84.82,JiaXipera МM1090Y,18,1
410,410100261549623400410,"65,74,78.5,79.5,80.5,82.5",19.5,73.65,89.78,JiaXipera МM1090Y,18,1
410,410100261549627950410,"67,74,79.5,80.5,82.5,82",19.9,74.15,90.27,JiaXipera МM1090Y,18,1
410,410100261549624040410,"67.5,75,77,78.5,79,79.5,81.5",19.0,73.01,89.18,JiaXipera МM1090Y,18,1
410,410100261549623380410,"72,82",19.7,73.9,90.02,JiaXipera МM1090Y,18,1
410,410100261549623350410,"69,76.5,81,82,83.5,84.5,84",19.8,74.03,90.15,JiaXipera МM1090Y,18,1
410,410100261549621840410,"71,78.5,81,83,84,85.5,86",21.0,75.55,91.6,JiaXipera МM1090Y,18,1
410,410100261549621990410,"67,75.5,80,80.5,82,83,85,86.5",20.9,75.42,91.48,JiaXipera МM1090Y,18,1
410,410100261549623340410,"71.5,77,80.5,82,81.5,82.5,84.5,83",19.8,74.03,90.15,JiaXipera МM1090Y,18,1
410,410100261549673560410,"64,67.5,70,71.5,73.5,73,74,73.5,74,73.5,74",15.1,68.07,84.46,JiaXipera МM1090Y,18,1
410,410100261549670960410,"71,76.5,75.5,77,76,77.5,77",16.1,69.34,85.67,JiaXipera МM1090Y,18,1
410,410100261549623150410,"65.5,70,73,76,78.5,80,79.5",19.8,74.03,90.15,JiaXipera МM1090Y,18,1
410,410100261549675550410,"65.5,73.5,76,78.5,81.5,82,81.5",20.4,74.79,90.87,JiaXipera МM1090Y,18,1
410,410100261549674460410,"61,65,68.5,70,71,73,74.5,73.5,73",13.5,66.04,82.52,JiaXipera МM1090Y,18,1
410,410100261549628000410,"68.5,76.5,78.5,81,82,83.5,82.5",19.9,74.15,90.27,JiaXipera МM1090Y,18,1
410,410100261549671410410,"67,71.5,75.5,76,76.5,77,78,79",15.7,68.83,85.19,JiaXipera МM1090Y,18,1
410,410100261549675850410,"67,74,74.5,76.5,78.5,79,79.5,80.5,82.5",20.3,74.66,90.75,JiaXipera МM1090Y,18,1
410,410100261549623130410,"65,70.5,74,76.5,77.5,78,79,79.5",19.8,74.03,90.15,JiaXipera МM1090Y,18,1
410,410100261549628730410,"66,72.5,75.5,79,80,80.5,81,80.5",18.6,72.51,88.69,JiaXipera МM1090Y,18,1
410,410100261549619640410,"72,75,81.5,82.5,83,84.5,85,85.5",20.3,74.66,90.75,JiaXipera МM1090Y,18,1
410,410100261549623070410,"69,76.5,80.5,81.5,82,84,83.5,83",19.9,74.15,90.27,JiaXipera МM1090Y,18,1
410,410100261549625190410,"62.5,65,71.5,73,75,75.5,76,78",18.0,71.75,87.97,JiaXipera МM1090Y,18,1
410,410100261549623570410,"65.5,75.5,78.5,80,81,82.5,83,83.5",19.3,73.39,89.54,JiaXipera МM1090Y,18,1
410,410100261549623030410,"69.5,75,78.5,79,81,82.5,84",20.3,74.66,90.75,JiaXipera МM1090Y,18,1
410,410100261549622990410,"65,74.5,76.5,78,80,81.5,80",20.0,74.28,90.39,JiaXipera МM1090Y,18,1
410,410100261549622970410,"70.5,74.5,77.5,78.5,80,79.5,82,80,80.5",20.5,74.91,90.99,JiaXipera МM1090Y,18,1
410,410100261549674980410,"62.5,69,73,74,73,74,76,74.5",12.8,65.16,81.68,JiaXipera МM1090Y,18,1
410,410100261549619650410,"69,74.5,80.5,79.5,81,83.5,82",20.4,74.79,90.87,JiaXipera МM1090Y,18,1
410,410100261549625060410,"63.5,68,72,72.5,75,75.5,76.5,76",17.2,70.73,87.0,JiaXipera МM1090Y,18,1
410,410100261549622950410,"69,76.5,80.5,81,82,83.5,84.5,83.5",20.1,74.41,90.51,JiaXipera МM1090Y,18,1
410,410100261549628300410,"71,75,78,79.5,81,81.5,83,83.5",19.7,73.9,90.02,JiaXipera МM1090Y,18,1
410,410100261549622940410,"75,77,79,81,82,81,81.5",20.2,74.53,90.63,JiaXipera МM1090Y,18,1
410,410100261549622640410,"67.5,73,76,77,78.5,80,80.5,80",20.3,74.66,90.75,JiaXipera МM1090Y,18,1
410,410100261549627110410,"69,75.5,78.5,79.5,81,82.5,81",20.8,75.29,91.35,JiaXipera МM1090Y,18,1
410,410100261549672950410,"65,70,75.5,76,77.5,78,77",14.8,67.69,84.1,JiaXipera МM1090Y,18,1
410,410100261549671730410,"69.5,76,78,79.5,80.5,81.5,80.5",15.4,68.45,84.82,JiaXipera МM1090Y,18,1
410,410100261549622920410,"67,72.5,74.5,75.5,77.5,78.5,78",20.0,74.28,90.39,JiaXipera МM1090Y,18,1
410,410100261549625050410,"66,72.5,76.5,75.5,77,77.5,79,80.5",17.3,70.86,87.12,JiaXipera МM1090Y,18,1
410,410100261549622900410,"70,77,78,81,80.5,82.5,84,81.5",20.0,74.28,90.39,JiaXipera МM1090Y,18,1
410,410100261549671020410,"67.5,73.5,75,76,77.5,76",16.0,69.21,85.55,JiaXipera МM1090Y,18,1
410,410100261549624560410,"63.5,71,74,75,75.5,77,76",17.8,71.49,87.73,JiaXipera МM1090Y,18,1
410,410100261549622880410,"68.5,75,77.5,78.5,78,79.5,80.5,81.5",20.0,74.28,90.39,JiaXipera МM1090Y,18,1
410,410100261549625110410,"67.5,75,77,79,81,78.5,79",17.0,70.48,86.76,JiaXipera МM1090Y,18,1
410,410100261549623090410,"69.5,77,79,80.5,81.5,81,82.5,84",19.9,74.15,90.27,JiaXipera МM1090Y,18,1
410,410100261549622870410,"66,69,73,79.5,80,80.5,81,82.5",20.2,74.53,90.63,JiaXipera МM1090Y,18,1
410,410100261549671720410,"69,69.5,72,74,75.5,76,76.5,76,78,78.5",15.5,68.58,84.94,JiaXipera МM1090Y,18,1
410,410100261549671360410,"64.5,69,73,74,75.5,77,76",15.7,68.83,85.19,JiaXipera МM1090Y,18,1
410,410100261549622860410,"68,69,75,78,78.5,80,82,80.5",20.2,74.53,90.63,JiaXipera МM1090Y,18,1
410,410100261549671280410,"65.5,68,71,75.5,77,77.5,78,80,79.5",15.6,68.7,85.06,JiaXipera МM1090Y,18,1
410,410100298349516650410,"64.5,68,72.5,74,74.5,76.5,77.5,78",17.4,70.99,87.24,JiaXipera МM1090Y,18,1
410,410100261549623540410,"67.5,72,77.5,78,79,78,79.5,80,82",19.3,73.39,89.54,JiaXipera МM1090Y,18,1
410,410100261549622840410,"66.5,73,75.5,76,79,79.5,80",20.2,74.53,90.63,JiaXipera МM1090Y,18,1
410,410100261549672550410,"63.5,71,72,74,73,74,74.5,75",15.1,68.07,84.46,JiaXipera МM1090Y,18,1
410,410100261549627730410,"70.5,74.5,78,80,81,83.5,82",20.4,74.79,90.87,JiaXipera МM1090Y,18,1
410,410100261549675980410,"69,75,77.5,79,80,79.5,81,82.5",20.3,74.66,90.75,JiaXipera МM1090Y,18,1
410,410100261549628960410,"66.5,71,75,76.5,77,77.5,79,77",18.3,72.13,88.33,JiaXipera МM1090Y,18,1
410,410100261549620890410,"71.5,79,82,83,85,86.5,86",21.6,76.31,92.32,JiaXipera МM1090Y,18,1
410,410100261549622800410,"65,71,75.5,77.5,78.5,79,80,82",20.1,74.41,90.51,JiaXipera МM1090Y,18,1
410,410100261549622150410,"67.5,72,73.5,79.5,77.5,78.5,79,80.5",20.8,75.29,91.35,JiaXipera МM1090Y,18,1
410,410100261549620750410,"72,78,79.5,80,80.5,83,85,84",21.7,76.43,92.44,JiaXipera МM1090Y,18,1
410,410100261549621970410,"70.5,75.5,79,80.5,81.5,81,83,84.5,84",20.9,75.42,91.48,JiaXipera МM1090Y,18,1
410,410100261549622770410,"70,76.5,78,79.5,81,82,84.5,83.5",20.2,74.53,90.63,JiaXipera МM1090Y,18,1
410,410100261549629470410,"66,73.5,77,79,81.5,79",17.3,70.86,87.12,JiaXipera МM1090Y,18,1
410,410100261549622760410,"68,74.5,77.5,80,79.5,80,81,81.5",20.2,74.53,90.63,JiaXipera МM1090Y,18,1
410,410100261549673240410,"64,69,72,73.5,75.5,76,75.5",14.8,67.69,84.1,JiaXipera МM1090Y,18,1
410,410100261549625630410,"72.5,80.5,82.5,84.5,83.5,84.5,86,86.5",20.4,74.79,90.87,JiaXipera МM1090Y,18,1
410,410100261549674410410,"65.5,68.5,72,73.5,74,75.5,74.5,75.5",14.0,66.68,83.13,JiaXipera МM1090Y,18,1
410,410100261549622720410,"70.5,76.5,79.5,81,81.5,83,84.5",20.4,74.79,90.87,JiaXipera МM1090Y,18,1
410,410100261549624550410,"67.5,73.5,77,77.5,78,77.5",17.8,71.49,87.73,JiaXipera МM1090Y,18,1
410,410100261549622710410,"68.5,73,77,76.5,79,79.5,82,81",20.3,74.66,90.75,JiaXipera МM1090Y,18,1
410,410100261549673190410,"64,67.5,69,71,73.5,73,73.5,75,76",14.9,67.82,84.22,JiaXipera МM1090Y,18,1
410,410100261549622690410,"68.5,75.5,79.5,81.5,82.5,84,82",20.3,74.66,90.75,JiaXipera МM1090Y,18,1
410,410100261549622680410,"68,74.5,79,80.5,80,82,81.5,82,81.5,83",20.4,74.79,90.87,JiaXipera МM1090Y,18,1
410,410100261549627810410,"68.5,74,77.5,79,80,81,82,80.5",20.2,74.53,90.63,JiaXipera МM1090Y,18,1
410,410100261549620730410,"72,79,81.5,82,82.5,83.5,85.5,86.5",21.8,76.56,92.56,JiaXipera МM1090Y,18,1
410,410100261549671610410,"65,69,72.5,74,74.5,76,75",15.5,68.58,84.94,JiaXipera МM1090Y,18,1
410,410100261549622500410,"71.5,78,79,80,80.5,81.5,82.5,82,83.5",20.5,74.91,90.99,JiaXipera МM1090Y,18,1
410,410100261549622670410,"67,75.5,77,78,80.5,81,82,81",20.3,74.66,90.75,JiaXipera МM1090Y,18,1
410,410100261549622740410,"68.5,75.5,77.5,79,80.5,81,84,83,82.5",20.2,74.53,90.63,JiaXipera МM1090Y,18,1
410,410100261549622630410,"68,74,76,78,80,79",20.3,74.66,90.75,JiaXipera МM1090Y,18,1
410,410100261549627510410,"67,73,75.5,76.5,78.5,77.5,80,78",20.5,74.91,90.99,JiaXipera МM1090Y,18,1
410,410100261549671550410,"66.5,74.5,77,78.5,79,81,79",15.7,68.83,85.19,JiaXipera МM1090Y,18,1
410,410100261549623940410,"69.5,75,78.5,81,82.5,83,83.5,84,84.5",18.9,72.89,89.06,JiaXipera МM1090Y,18,1
410,410100261549622620410,"68,76,77,79.5,80.5,82,83,84,84.5",20.6,75.04,91.11,JiaXipera МM1090Y,18,1
410,410100261549622600410,"68,71.5,77.5,80,81.5,82.5,84,83.5,84.5",20.4,74.79,90.87,JiaXipera МM1090Y,18,1
410,410100261549673020410,"64.5,72,75,74.5,75.5,76,77.5,78,79",14.9,67.82,84.22,JiaXipera МM1090Y,18,1
410,410100261549626630410,"72,79,81,84,83.5,84.5,86,85",21.4,76.05,92.08,JiaXipera МM1090Y,18,1
410,410100261549629540410,"69,73.5,75,78,77.5,78,78.5",17.1,70.6,86.88,JiaXipera МM1090Y,18,1
410,410100261549622570410,"69,75,81,79.5,81,82,83",20.4,74.79,90.87,JiaXipera МM1090Y,18,1
410,410100261549628940410,"67,71,73.5,75,75.5,76.5,78,78.5,78",18.2,72.0,88.21,JiaXipera МM1090Y,18,1
410,410100261549628790410,"67,73,74.5,76,77.5,80.5,78",18.5,72.38,88.57,JiaXipera МM1090Y,18,1
410,410100261549625230410,"66,70,73,74.5,75,76.5,76",16.8,70.22,86.52,JiaXipera МM1090Y,18,1
410,410100261549625390410,"66.5,70.5,73.5,76,75.5,77,78.5,77.5",16.7,70.1,86.4,JiaXipera МM1090Y,18,1
410,410100261549621250410,"72,82.5,84,85,86.5,83.5",21.4,76.05,92.08,JiaXipera МM1090Y,18,1
410,410100261549623640410,"69.5,72,77.5,78,79.5,79,81,82,83",19.2,73.27,89.42,JiaXipera МM1090Y,18,1
410,410100261549623930410,"69,74.5,78,80.5,81,82,83.5,83",19.6,73.77,89.9,JiaXipera МM1090Y,18,1
410,410100261549622520410,"70.5,77.5,79.5,81,80.5,83,83.5",21.0,75.55,91.6,JiaXipera МM1090Y,18,1
410,410100261549622490410,"69.5,76,80.5,80,82,83,83.5,84,85",20.5,74.91,90.99,JiaXipera МM1090Y,18,1
410,410100261549621010410,"70,78.5,82,83,84,85.5,86.5,89",21.6,76.31,92.32,JiaXipera МM1090Y,18,1
410,410100261549620990410,"73.5,80.5,82.5,82,83.5,84,85.5,84",21.5,76.18,92.2,JiaXipera МM1090Y,18,1
410,410100261549628440410,"70.5,73.5,76.5,79,81.5,80.5,81.5,82.5,83.5",19.9,74.15,90.27,JiaXipera МM1090Y,18,1
410,410100261549623920410,"67.5,73.5,78.5,77,76,79,80.5,81",18.9,72.89,89.06,JiaXipera МM1090Y,18,1
410,410100261549619830410,"65.5,72,78,77,79.5,80.5,82.5",20.4,74.79,90.87,JiaXipera МM1090Y,18,1
410,410100261549620640410,"72.5,77,81.5,82,83,86,85",21.8,76.56,92.56,JiaXipera МM1090Y,18,1
410,410100261549670560410,"63,66,68.5,71,73.5,74,75",15.1,68.07,84.46,JiaXipera МM1090Y,18,1
410,410100261549620870410,"69,77,80,81.5,82.5,83,86,84.5",21.6,76.31,92.32,JiaXipera МM1090Y,18,1
410,410100261549672600410,"65.5,70,71,73,74.5,75.5,76,78",15.4,68.45,84.82,JiaXipera МM1090Y,18,1
410,410100261549624630410,"70,74.5,80,77,80,82.5,81",18.6,72.51,88.69,JiaXipera МM1090Y,18,1
410,410100261549628700410,"71,77.5,80,81,81.5,82.5,81",18.6,72.51,88.69,JiaXipera МM1090Y,18,1
410,410100261549620840410,"71,79,81,82.5,83,83.5,84.5,85.5,86.5",21.7,76.43,92.44,JiaXipera МM1090Y,18,1
410,410100261549625420410,"65,73,73.5,74,74.5,75,77.5,75.5",16.6,69.97,86.27,JiaXipera МM1090Y,18,1
410,410100261549621020410,"71.5,75.5,78.5,81.5,84,85,86.5,84.5,88",21.5,76.18,92.2,JiaXipera МM1090Y,18,1
410,410100261549625090410,"64.5,70,72.5,73,75.5,74.5,75.5,76,77,77.5",17.3,70.86,87.12,JiaXipera МM1090Y,18,1
410,410100261549621060410,"68,75,79,81.5,82.5,84.5,85,84",21.7,76.43,92.44,JiaXipera МM1090Y,18,1
410,410100261549621730410,"67.5,71,74.5,77,79,81.5,79.5",21.1,75.67,91.72,JiaXipera МM1090Y,18,1
410,410100261549626050410,"69.5,74.5,79,79.5,80.5,85,83,81",20.2,74.53,90.63,JiaXipera МM1090Y,18,1
410,410100261549620780410,"71,79,81.5,83,84.5,85.5,86.5,85.5",21.7,76.43,92.44,JiaXipera МM1090Y,18,1
410,410100261549674220410,"64,68,70.5,73,74.5,73.5,74.5,71.5",14.0,66.68,83.13,JiaXipera МM1090Y,18,1
410,410100261549619620410,"69,75.5,80,81,81.5,83.5,85,83",20.3,74.66,90.75,JiaXipera МM1090Y,18,1
410,410100261549671250410,"65,71,69,73,75,75.5,74.5,75.5,76",15.7,68.83,85.19,JiaXipera МM1090Y,18,1
410,410100261549629070410,"67,75,78,79.5,81.5,82,81",17.9,71.62,87.85,JiaXipera МM1090Y,18,1
410,410100261549623840410,"67.5,73,75.5,77,78,79,81,80",19.6,73.77,89.9,JiaXipera МM1090Y,18,1
410,410100261549620930410,"69,76.5,80.5,82.5,83.5,85.5,87,86.5",21.6,76.31,92.32,JiaXipera МM1090Y,18,1
410,410100261549628130410,"68.5,75.5,78.5,80.5,82.5,83.5,83",19.8,74.03,90.15,JiaXipera МM1090Y,18,1
410,410100261549624300410,"70.5,75.5,78,80,81,82,84.5,83.5",18.2,72.0,88.21,JiaXipera МM1090Y,18,1
410,410100261549621560410,"81.5,85,86,85.5,88.5,87.5,87",21.5,76.18,92.2,JiaXipera МM1090Y,18,1
410,410100261549621880410,"69,74.5,77.5,80,81,82",21.0,75.55,91.6,JiaXipera МM1090Y,18,1
410,410100261549627010410,"70.5,75,78.5,79.5,81.5,80.5,83,82.5,83.5",21.0,75.55,91.6,JiaXipera МM1090Y,18,1
410,410100261549622550410,"70.5,76.5,80.5,81,80,82.5,81.5,82.5,83.5",20.6,75.04,91.11,JiaXipera МM1090Y,18,1
410,410100261549624510410,"66.5,72,73.5,75.5,76,76.5,77.5,79.5",17.9,71.62,87.85,JiaXipera МM1090Y,18,1
410,410100261549620030410,"72,79.5,81.5,83,82.5,83.5,84.5,85.5",20.3,74.66,90.75,JiaXipera МM1090Y,18,1
410,410100261549629340410,"70,74.5,77,78.5,78,79.5,80.5,79,80.5",17.6,71.24,87.48,JiaXipera МM1090Y,18,1
410,410100261549620690410,"73.5,79.5,84,84.5,86.5,87.5,89.5,90",21.7,76.43,92.44,JiaXipera МM1090Y,18,1
410,410100261549624490410,"65.5,67,72.5,74.5,76,76.5,77.5,79,78.5",17.9,71.62,87.85,JiaXipera МM1090Y,18,1
410,410100261549620970410,"73.5,81.5,83.5,84,85,86,86.5,86",21.5,76.18,92.2,JiaXipera МM1090Y,18,1
410,410100261549629490410,"67.5,73.5,76.5,78,79,78,79,80,79.5",17.3,70.86,87.12,JiaXipera МM1090Y,18,1
410,410100261549624010410,"66.5,70,75.5,77.5,78,78.5,80,79",19.1,73.14,89.3,JiaXipera МM1090Y,18,1
410,410100261549626440410,"67.5,73,76.5,78,78.5,79.5,82,81",20.2,74.53,90.63,JiaXipera МM1090Y,18,1
410,410100261549626820410,"66,74,76,77.5,78,78.5,80,80.5",21.2,75.8,91.84,JiaXipera МM1090Y,18,1
410,410100261549624460410,"67.5,71.5,76.5,77.5,77,79,78.5",18.0,71.75,87.97,JiaXipera МM1090Y,18,1
410,410100261549671430410,"66.5,71,74.5,73.5,75,74.5,75,77,76.5",15.6,68.7,85.06,JiaXipera МM1090Y,18,1
410,410100261549620810410,"73.5,80,83,83.5,85,86,85",21.7,76.43,92.44,JiaXipera МM1090Y,18,1
410,410100261549621370410,"70.5,78,80,81,82.5,83.5,84.5,85.5",21.3,75.93,91.96,JiaXipera МM1090Y,18,1
410,410100261549620600410,"70.5,78,80,81,83,85,86.5,85.5",21.8,76.56,92.56,JiaXipera МM1090Y,18,1
410,410100261549621380410,"67.5,72,75,77.5,78.5,80.5,77.5,81.5,83.5",21.3,75.93,91.96,JiaXipera МM1090Y,18,1
410,410100261549620160410,"67,72,75,79,80,82.5,83",20.3,74.66,90.75,JiaXipera МM1090Y,18,1
410,410100261549622650410,"67.5,73,76,78,79,81,80.5",20.3,74.66,90.75,JiaXipera МM1090Y,18,1
410,410100261549621240410,"72.5,79.5,82,83,85,86,87.5,85",21.5,76.18,92.2,JiaXipera МM1090Y,18,1
410,410100261549619810410,"69.5,79.5,81,81.5,82.5,84.5,84,85.5,84",20.3,74.66,90.75,JiaXipera МM1090Y,18,1
410,410100261549623170410,"62.5,67.5,71,75.5,77,79,78.5",19.8,74.03,90.15,JiaXipera МM1090Y,18,1
410,410100261549624960410,"66.5,70,72.5,73,75.5,76,77,77.5",17.2,70.73,87.0,JiaXipera МM1090Y,18,1
410,410100261549672690410,"65.5,71,74.5,75.5,76.5,77,77.5,77",15.7,68.83,85.19,JiaXipera МM1090Y,18,1
410,410100261549622790410,"69,75,79,81,82,83.5,83",20.3,74.66,90.75,JiaXipera МM1090Y,18,1
410,410100261549671530410,"66.5,72.5,74.5,76.5,77,78.5,77",15.6,68.7,85.06,JiaXipera МM1090Y,18,1
410,410100261549620710410,"70,77,80.5,82.5,83.5,86,85.5",21.8,76.56,92.56,JiaXipera МM1090Y,18,1
410,410100261549627440410,"68,76,78.5,81.5,83.5,82.5,84.5,83.5",20.5,74.91,90.99,JiaXipera МM1090Y,18,1
410,410100261549676010410,"73.5,82,83.5,84,85.5,87,85.5",20.3,74.66,90.75,JiaXipera МM1090Y,18,1
410,410100261549623770410,"67.5,71,75.5,76,78,79.5,79,79.5,81,80",19.1,73.14,89.3,JiaXipera МM1090Y,18,1
410,410100261549620580410,"68.5,74.5,78.5,79,81.5,82.5,84.5,83",21.8,76.56,92.56,JiaXipera МM1090Y,18,1
410,410100261549672040410,"65,70,71.5,73.5,74.5,74,76,74.5",15.2,68.2,84.58,JiaXipera МM1090Y,18,1
410,410100261549623740410,"68.5,75,77,79,80.5,79.5,81.5,80.5",19.1,73.14,89.3,JiaXipera МM1090Y,18,1
410,410100261549620570410,"70.5,78,81.5,84.5,85,85.5,85,85.5,86.5",21.8,76.56,92.56,JiaXipera МM1090Y,18,1
410,410100261549621480410,"74.5,83.5,85,87,87.5,86.5,91,89",21.5,76.18,92.2,JiaXipera МM1090Y,18,1
410,410100261549628310410,"71,73.5,76.5,77,79.5,80,82,82.5",19.7,73.9,90.02,JiaXipera МM1090Y,18,1
410,410100261549670160410,"63,67,69.5,72.5,74,73.5,75,74.5",15.9,69.08,85.43,JiaXipera МM1090Y,18,1
410,410100261549623630410,"69.5,75.5,77.5,80,80.5,81.5,80.5",19.2,73.27,89.42,JiaXipera МM1090Y,18,1
410,410100261549629170410,"67.5,71.5,74,75.5,77.5,77,78",17.8,71.49,87.73,JiaXipera МM1090Y,18,1
410,410100261549674380410,"64.5,69.5,71.5,72,73.5,74.5,74,75.5,74.5,75,74.5",14.1,66.8,83.25,JiaXipera МM1090Y,18,1
410,410100261549619610410,"70,77,80,82,83,84,85,85.5,85,85.5",20.4,74.79,90.87,JiaXipera МM1090Y,18,1
410,410100261549626040410,"67.5,76.5,80,81.5,80.5,84.5,85.5,82",20.2,74.53,90.63,JiaXipera МM1090Y,18,1
410,410100261549620620410,"70.5,76,80,82,84.5,85.5,85",21.9,76.69,92.69,JiaXipera МM1090Y,18,1
410,410100261549628810410,"68,72.5,75,77.5,78.5,80.5,78.5",18.6,72.51,88.69,JiaXipera МM1090Y,18,1
410,410100261549626010410,"73.5,81,82.5,83.5,84.5,86,84.5",20.4,74.79,90.87,JiaXipera МM1090Y,18,1
410,410100261549620510410,"69.5,76.5,77.5,80,81,83.5,83,85,84",21.8,76.56,92.56,JiaXipera МM1090Y,18,1
410,410100261549670500410,"64.5,72,75,76.5,77,77.5",15.2,68.2,84.58,JiaXipera МM1090Y,18,1
410,410100261549623370410,"72,78.5,81.5,81,83,85.5,83",19.8,74.03,90.15,JiaXipera МM1090Y,18,1
410,410100261549625020410,"70,76,78.5,78,80,78",17.2,70.73,87.0,JiaXipera МM1090Y,18,1
410,410100261549620410410,"72,79.5,82.5,81.5,83.5,84,83.5",21.9,76.69,92.69,JiaXipera МM1090Y,18,1
410,410100261549624060410,"66,73,74.5,76,77.5,78,80,79",19.1,73.14,89.3,JiaXipera МM1090Y,18,1
410,410100261549620480410,"71.5,79,81,83,85.5,86,85.5",21.9,76.69,92.69,JiaXipera МM1090Y,18,1
410,410100261549622580410,"64.5,71.5,75.5,77.5,78,79,81,80.5",20.3,74.66,90.75,JiaXipera МM1090Y,18,1
410,410100261549624480410,"67.5,73.5,77,78,80.5,80,82,81.5",17.9,71.62,87.85,JiaXipera МM1090Y,18,1
410,410100261549621500410,"69,77,79,80.5,83,86.5,85",21.5,76.18,92.2,JiaXipera МM1090Y,18,1
410,410100261549621590410,"71,78,84,84.5,86.5,86,88",21.5,76.18,92.2,JiaXipera МM1090Y,18,1
410,410100298349517700410,"70.5,78,81.5,81,82,83,85,83.5",18.8,72.76,88.94,JiaXipera МM1090Y,18,1
410,410100261549670570410,"61,65,71,72.5,73,74,74.5",15.1,68.07,84.46,JiaXipera МM1090Y,18,1
410,410100261549619760410,"70,76.5,79,80.5,81.5,82,83.5,82.5",20.3,74.66,90.75,JiaXipera МM1090Y,18,1
410,410100261549620450410,"72,80,81,82.5,84,84.5,85.5,87,85",21.9,76.69,92.69,JiaXipera МM1090Y,18,1
410,410100261549671170410,"65.5,67,72.5,74,74.5,75,74,76",15.9,69.08,85.43,JiaXipera МM1090Y,18,1
410,410100261549620420410,"71,79,82.5,82,83,84.5,85.5,84.5",21.9,76.69,92.69,JiaXipera МM1090Y,18,1
410,410100261549620380410,"73.5,79.5,82,83.5,84.5,86.5,88,87",21.9,76.69,92.69,JiaXipera МM1090Y,18,1
410,410100261549623120410,"66.5,73.5,75.5,77.5,78,80.5,80",19.9,74.15,90.27,JiaXipera МM1090Y,18,1
410,410100261549675900410,"68,75,80,81,82.5,83.5,84.5,84",20.3,74.66,90.75,JiaXipera МM1090Y,18,1
410,410100261549673640410,"65,69.5,71.5,72,72.5,75.5,73.5",14.4,67.18,83.61,JiaXipera МM1090Y,18,1
410,410100261549620950410,"68.5,73.5,78,79,81.5,84,82.5",21.6,76.31,92.32,JiaXipera МM1090Y,18,1
410,410100261549624440410,"67,74,77,78,79,81,80.5,80",18.0,71.75,87.97,JiaXipera МM1090Y,18,1
410,410100261549627390410,"70.5,75.5,78.5,79.5,81.5,80.5,83,82",20.9,75.42,91.48,JiaXipera МM1090Y,18,1
410,410100261549622850410,"69,77,78.5,80,80.5,81.5,82.5,82",20.4,74.79,90.87,JiaXipera МM1090Y,18,1
410,410100261549671740410,"63,68.5,72,73.5,75,74.5,75.5,77",15.6,68.7,85.06,JiaXipera МM1090Y,18,1
410,410100261549626400410,"67,74.5,81,80,80.5,81.5,82.5",20.2,74.53,90.63,JiaXipera МM1090Y,18,1
410,410100261549625980410,"70.5,77.5,80,81,81.5,85,82",20.2,74.53,90.63,JiaXipera МM1090Y,18,1
410,410100261549675590410,"68.5,76.5,78,79.5,81,80.5,82,83.5,82.5",20.4,74.79,90.87,JiaXipera МM1090Y,18,1
410,410100261549621200410,"71.5,79,81.5,83.5,85,85.5,85",21.4,76.05,92.08,JiaXipera МM1090Y,18,1
410,410100261549672930410,"73,75.5,77,77.5,79,78.5,78,77.5",14.7,67.56,83.98,JiaXipera МM1090Y,18,1
410,410100261549625570410,"71.5,78.5,81.5,81,83,82.5,85.5,84.5",20.4,74.79,90.87,JiaXipera МM1090Y,18,1
410,410100261549622010410,"68.5,75,78.5,80.5,82,82.5,83.5",20.9,75.42,91.48,JiaXipera МM1090Y,18,1
410,410100261549627630410,"71.5,75.5,80,81,81.5,82.5,83.5",20.5,74.91,90.99,JiaXipera МM1090Y,18,1
410,410100261549623750410,"67.5,72.5,77,78.5,79.5,81.5,82,82.5",19.6,73.77,89.9,JiaXipera МM1090Y,18,1
410,410100261549626330410,"73,78.5,79.5,81.5,83.5,85,83.5",20.2,74.53,90.63,JiaXipera МM1090Y,18,1
410,410100261549619630410,"73,80,80.5,83,84,86,87,84",20.4,74.79,90.87,JiaXipera МM1090Y,18,1
410,410100261549624470410,"66.5,70.5,74.5,76.5,78,79,79.5",18.0,71.75,87.97,JiaXipera МM1090Y,18,1
410,410100261549620080410,"69.5,77,79,82,83,84,82.5",20.3,74.66,90.75,JiaXipera МM1090Y,18,1
410,410100261549620650410,"70,77,78,79.5,80.5,82,82.5,83.5",21.7,76.43,92.44,JiaXipera МM1090Y,18,1
410,410100261549628020410,"73.5,76.5,81,83.5,82,82.5,84.5,83.5",19.9,74.15,90.27,JiaXipera МM1090Y,18,1
410,410100261549621000410,"67,76,80,82.5,83,84,86.5,87.5,86",21.5,76.18,92.2,JiaXipera МM1090Y,18,1
410,410100261549623100410,"68,73,78.5,82,81.5,80.5,82.5",19.9,74.15,90.27,JiaXipera МM1090Y,18,1
410,410100261549622310410,"69,75,76.5,80,81.5,81,82,83.5",20.7,75.17,91.23,JiaXipera МM1090Y,18,1
410,410100261549620770410,"70,78,82,84.5,87,86.5,86",21.7,76.43,92.44,JiaXipera МM1090Y,18,1
410,410100261549625340410,"67.5,72.5,74.5,75,76,77,79.5,77,77.5",16.7,70.1,86.4,JiaXipera МM1090Y,18,1
410,410100261549623060410,"68,76,78,79,80,81.5,81,82.5",20.0,74.28,90.39,JiaXipera МM1090Y,18,1
410,410100261549670810410,"68.5,74.5,76.5,77.5,77,78.5,79,79.5,79",16.4,69.72,86.03,JiaXipera МM1090Y,18,1
410,410100261549620340410,"72.5,79,80,82.5,83.5,84.5,85",21.9,76.69,92.69,JiaXipera МM1090Y,18,1
410,410100261549629040410,"65,71.5,73.5,76,75.5,76,77.5,78.5",17.9,71.62,87.85,JiaXipera МM1090Y,18,1
410,410100261549620980410,"70,76.5,80,82,82.5,83.5,85,86",21.6,76.31,92.32,JiaXipera МM1090Y,18,1
410,410100261549623050410,"72,80,80.5,82,82.5,84",20.0,74.28,90.39,JiaXipera МM1090Y,18,1
410,410100261549621710410,"69.5,77.5,80,81.5,82,84.5,86,85",21.3,75.93,91.96,JiaXipera МM1090Y,18,1
410,410100261549620020410,"70.5,77.5,80,81,81.5,83,84.5,83",20.3,74.66,90.75,JiaXipera МM1090Y,18,1
410,410100261549624830410,"65.5,70,72.5,74,74.5,75.5,78,75.5",17.4,70.99,87.24,JiaXipera МM1090Y,18,1
410,410100261549624430410,"67.5,74,76,78,78.5,79.5,81.5,81",18.0,71.75,87.97,JiaXipera МM1090Y,18,1
410,410100261549622820410,"71.5,75.5,77,78,80,81.5,81,82,83.5,85",20.1,74.41,90.51,JiaXipera МM1090Y,18,1
410,410100261549620680410,"71,75,79.5,81.5,82,82.5,85,86.5,83",21.8,76.56,92.56,JiaXipera МM1090Y,18,1
410,410100261549619690410,"69.5,77.5,80.5,82.5,83.5,84,86,84",20.4,74.79,90.87,JiaXipera МM1090Y,18,1
410,410100261549620940410,"67.5,71.5,77.5,78.5,79.5,80.5,82,81",21.6,76.31,92.32,JiaXipera МM1090Y,18,1
410,410100261549672760410,"64.5,70.5,72,73,74,76,75.5,74.5",15.2,68.2,84.58,JiaXipera МM1090Y,18,1
410,410100261549629350410,"65.5,70,74,75.5,76.5,79,77",17.4,70.99,87.24,JiaXipera МM1090Y,18,1
410,410100261549671760410,"67,72.5,76,76.5,77,77.5,78.5",15.6,68.7,85.06,JiaXipera МM1090Y,18,1
410,410100261549619720410,"71.5,76,77.5,79.5,80,82,82.5,83,85.5,85,85.5",20.3,74.66,90.75,JiaXipera МM1090Y,18,1
410,410100261549672100410,"66.5,70,73,75.5,76,75.5,77,77.5",15.2,68.2,84.58,JiaXipera МM1090Y,18,1
410,410100261549621040410,"72.5,78,82,81.5,83,83.5,86,86.5,86",21.6,76.31,92.32,JiaXipera МM1090Y,18,1
410,410100261549674550410,"64.5,72.5,72,75,74,75,76,77.5",13.5,66.04,82.52,JiaXipera МM1090Y,18,1
410,410100261549621930410,"69.5,76.5,79.5,81,83,82.5",21.0,75.55,91.6,JiaXipera МM1090Y,18,1
410,410100261549621120410,"71.5,79.5,83,83.5,82.5,84.5,86,88.5",21.5,76.18,92.2,JiaXipera МM1090Y,18,1
410,410100261549629280410,"66,71,73.5,75,75.5,77,77.5,76.5",17.5,71.11,87.36,JiaXipera МM1090Y,18,1
410,410100261549675240410,"63.5,68.5,72.5,73,72.5,73.5,75,73.5",12.2,64.4,80.95,JiaXipera МM1090Y,18,1
410,410100261549619740410,"68.5,75.5,79,80,81.5,82.5,83,84,83",20.4,74.79,90.87,JiaXipera МM1090Y,18,1
410,410100261549627790410,"69,76.5,79,80.5,82.5,83.5,80.5,81.5",20.2,74.53,90.63,JiaXipera МM1090Y,18,1
410,410100261549625200410,"67,70,75.5,77,77.5,78.5,80.5",16.9,70.35,86.64,JiaXipera МM1090Y,18,1
410,410100261549624980410,"68,69,70,75,76.5,77,77.5,78.5,80",17.3,70.86,87.12,JiaXipera МM1090Y,18,1
410,410100261549674660410,"61.5,66,70,72.5,71.5,71,71.5,74,72.5",13.3,65.79,82.28,JiaXipera МM1090Y,18,1
410,410100261549625080410,"66.5,71.5,74.5,76,77,77.5,78,78.5",17.2,70.73,87.0,JiaXipera МM1090Y,18,1
410,410100261549625000410,"64,68.5,72.5,74,74.5,75,77,76",17.3,70.86,87.12,JiaXipera МM1090Y,18,1
410,410100261549622660410,"69,72,74.5,78.5,79.5,81,83,84.5",20.3,74.66,90.75,JiaXipera МM1090Y,18,1
410,410100261549625530410,"66.5,69.5,72.5,74,75,74.5,76.5,76",16.4,69.72,86.03,JiaXipera МM1090Y,18,1
410,410100261549622470410,"69.5,75.5,77.5,78,79.5,79,81,81.5,83",20.5,74.91,90.99,JiaXipera МM1090Y,18,1
410,410100261549621220410,"69,77,79.5,81.5,83.5,85.5,85",21.5,76.18,92.2,JiaXipera МM1090Y,18,1
410,410100261549627270410,"67.5,74,77.5,79,81.5,81,81.5",20.7,75.17,91.23,JiaXipera МM1090Y,18,1
410,410100261549620150410,"68.5,77.5,78.5,80.5,79.5,80.5,81,79.5",20.3,74.66,90.75,JiaXipera МM1090Y,18,1
410,410100261549619960410,"72.5,78.5,79.5,81,81.5,82,82.5,86",20.3,74.66,90.75,JiaXipera МM1090Y,18,1
410,410100261549628430410,"70.5,75.5,77.5,79,79.5,81.5,82,83",19.9,74.15,90.27,JiaXipera МM1090Y,18,1
410,410100261549621980410,"64.5,74.5,77.5,81,81.5,82,83.5,84",21.0,75.55,91.6,JiaXipera МM1090Y,18,1
410,410100261549622220410,"66,72,76,77,79,78.5,79,80,81.5",20.7,75.17,91.23,JiaXipera МM1090Y,18,1
410,410100261549670010410,"68,72,74,75,76,76.5,77,77.5",15.7,68.83,85.19,JiaXipera МM1090Y,18,1
410,410100261549621310410,"67,73.5,78,78.5,79.5,80.5,80,81",21.4,76.05,92.08,JiaXipera МM1090Y,18,1
410,410100261549626370410,"70.5,76,78.5,79.5,80,80.5,79",20.1,74.41,90.51,JiaXipera МM1090Y,18,1
410,410100261549622060410,"70,75,78.5,81,83.5,83,85.5,84",20.8,75.29,91.35,JiaXipera МM1090Y,18,1
410,410100261549671230410,"63.5,69.5,70.5,72.5,73,74.5,75.5,76,77",15.8,68.96,85.31,JiaXipera МM1090Y,18,1
410,410100261549672510410,"68.5,72,74,77,79,80,81.5",15.5,68.58,84.94,JiaXipera МM1090Y,18,1
410,410100261549628740410,"67,73.5,76,77,77.5,78,79,81,77.5",18.6,72.51,88.69,JiaXipera МM1090Y,18,1
410,410100261549623390410,"69,76.5,78.5,78,79.5,81,82,81.5,82.5",19.5,73.65,89.78,JiaXipera МM1090Y,18,1
410,410100261549620880410,"69,76.5,79.5,80.5,81,82.5,83.5,84",21.6,76.31,92.32,JiaXipera МM1090Y,18,1
410,410100261549629500410,"65,72.5,75.5,76.5,78,79.5,78",17.4,70.99,87.24,JiaXipera МM1090Y,18,1
410,410100261549622540410,"68,73,76.5,77,78,79,79.5,79",20.4,74.79,90.87,JiaXipera МM1090Y,18,1
410,410100261549624610410,"66,71.5,74.5,75.5,76.5,77.5,78,79,79.5,79,80.5",17.8,71.49,87.73,JiaXipera МM1090Y,18,1
410,410100261549672310410,"62.5,66.5,72,75,74.5",15.2,68.2,84.58,JiaXipera МM1090Y,18,1
410,410100261549629510410,"67.5,72,73.5,75.5,76,76.5,78.5,77",17.2,70.73,87.0,JiaXipera МM1090Y,18,1
410,410100261549671880410,"64,72,74,76,75,77,76,77.5",15.6,68.7,85.06,JiaXipera МM1090Y,18,1
410,410100261549620560410,"72.5,80.5,81.5,83,83.5,84,85,84.5,86.5,86,86.5",21.8,76.56,92.56,JiaXipera МM1090Y,18,1
410,410100261549620910410,"67.5,74.5,78,81,82,83.5,84.5,83.5",21.6,76.31,92.32,JiaXipera МM1090Y,18,1
410,410100261549622240410,"68.5,73,75,77,79,80,82,84.5",20.7,75.17,91.23,JiaXipera МM1090Y,18,1
410,410100261549619910410,"71,76,79,80.5,82.5,82,85,84.5",20.3,74.66,90.75,JiaXipera МM1090Y,18,1
410,410100261549622230410,"70.5,77.5,81.5,83,85,85.5,86,84.5",20.7,75.17,91.23,JiaXipera МM1090Y,18,1
410,410100261549620100410,"69.5,74,78.5,79,80.5,82,82.5,83",20.3,74.66,90.75,JiaXipera МM1090Y,18,1
410,410100261549628770410,"66.5,71,76,77,78,79,77.5",18.5,72.38,88.57,JiaXipera МM1090Y,18,1
410,410100261549625280410,"65.5,68,71.5,73,74.5,76,75.5,73",16.8,70.22,86.52,JiaXipera МM1090Y,18,1
410,410100261549628490410,"68,72.5,77,78,78.5,77,79,80",19.5,73.65,89.78,JiaXipera МM1090Y,18,1
410,410100261549622360410,"73.5,79,80.5,83,82.5,83,84.5,85",20.6,75.04,91.11,JiaXipera МM1090Y,18,1
410,410100261549619940410,"70.5,76,79.5,80.5,82,83,84,84.5",20.3,74.66,90.75,JiaXipera МM1090Y,18,1
410,410100261549619950410,"70,76.5,79,80.5,82.5,83,84,85",20.4,74.79,90.87,JiaXipera МM1090Y,18,1
410,410100261549624270410,"67.5,72.5,76.5,79.5,79,80,81.5,81",18.2,72.0,88.21,JiaXipera МM1090Y,18,1
410,410100261549621050410,"72,80,80.5,83,84.5,85,85.5,87,86.5",21.5,76.18,92.2,JiaXipera МM1090Y,18,1
410,410100261549620610410,"70,74.5,80,83,84,86,86.5",21.8,76.56,92.56,JiaXipera МM1090Y,18,1
410,410100261549620800410,"70.5,77.5,81,80.5,84,85.5,84",21.7,76.43,92.44,JiaXipera МM1090Y,18,1
410,410100261549620090410,"69.5,77.5,78.5,80.5,80,82.5,84,82.5,84,84.5,84",20.3,74.66,90.75,JiaXipera МM1090Y,18,1
410,410100261549619970410,"68,77.5,79,80.5,81.5,83.5,82.5,83,83.5",20.3,74.66,90.75,JiaXipera МM1090Y,18,1
410,410100261549625660410,"73,79,80,82,81.5,84,83.5",20.4,74.79,90.87,JiaXipera МM1090Y,18,1
410,410100261549623420410,"67.5,73.5,78.5,80,77.5,80,80.5,83,83.5",19.4,73.52,89.66,JiaXipera МM1090Y,18,1
410,410100261549623680410,"72.5,74.5,75.5,77,80.5,79,79.5",19.1,73.14,89.3,JiaXipera МM1090Y,18,1
410,410100261549670490410,"72.5,75.5,76,76.5,75.5,76",15.1,68.07,84.46,JiaXipera МM1090Y,18,1
410,410100261549672810410,"65,73,76.5,77,76.5,77.5,79,78",15.6,68.7,85.06,JiaXipera МM1090Y,18,1
410,410100261549620000410,"67.5,73.5,77,76.5,80,82.5",20.3,74.66,90.75,JiaXipera МM1090Y,18,1
410,410100261549673200410,"63.5,69,71.5,73.5,75.5,75",14.8,67.69,84.1,JiaXipera МM1090Y,18,1
410,410100261549627070410,"69,76,78,78.5,79.5,80.5,82,83,82.5,82",21.0,75.55,91.6,JiaXipera МM1090Y,18,1
410,410100261549628880410,"67,70,73,73.5,75.5,76,77,76.5",18.2,72.0,88.21,JiaXipera МM1090Y,18,1
410,410100261549628690410,"74.5,77.5,79.5,80,81,84,82.5",18.7,72.63,88.81,JiaXipera МM1090Y,18,1
410,410100261549619800410,"68.5,75.5,77.5,79.5,80,81,82,81",20.5,74.91,90.99,JiaXipera МM1090Y,18,1
410,410100261549626950410,"69.5,75.5,78,79.5,80.5,82,82.5,83.5,84.5",20.9,75.42,91.48,JiaXipera МM1090Y,18,1
410,410100261549620010410,"68,79.5,81,80,81.5,83,84.5",20.4,74.79,90.87,JiaXipera МM1090Y,18,1
410,410100261549628640410,"66.5,72.5,77.5,78.5,79.5,79,78.5,80,82,80.5",18.9,72.89,89.06,JiaXipera МM1090Y,18,1
410,410100261549621100410,"68,77,79,80.5,82,83.5,84",21.5,76.18,92.2,JiaXipera МM1090Y,18,1
410,410100261549623950410,"72.5,77.5,79.5,80.5,81.5,82.5,84,81",18.8,72.76,88.94,JiaXipera МM1090Y,18,1
410,410100261549620860410,"70.5,79.5,81,82.5,83.5,84,86,84.5",21.7,76.43,92.44,JiaXipera МM1090Y,18,1
410,410100261549628090410,"67,73.5,76,77.5,78.5,80,78",19.9,74.15,90.27,JiaXipera МM1090Y,18,1
410,410100261549620830410,"69.5,78.5,80,81.5,82,85.5,86,85.5",21.7,76.43,92.44,JiaXipera МM1090Y,18,1
410,410100261549622160410,"69.5,75.5,80,81,82,83,84,81.5",20.8,75.29,91.35,JiaXipera МM1090Y,18,1
410,410100261549627430410,"65,73,75,77,78,78.5,80,80.5",21.1,75.67,91.72,JiaXipera МM1090Y,18,1
410,410100261549671220410,"63.5,71,73,74.5,75,76,77,77.5",15.8,68.96,85.31,JiaXipera МM1090Y,18,1
410,410100298349516770410,"67,70,73.5,76,77,78,77",17.0,70.48,86.76,JiaXipera МM1090Y,18,1
410,410100261549670890410,"68,73.5,77,76.5,78,79,80.5,80",16.3,69.59,85.91,JiaXipera МM1090Y,18,1
410,410100261549626840410,"69.5,76,77.5,78.5,79,79.5,80.5,82,81.5",21.2,75.8,91.84,JiaXipera МM1090Y,18,1
410,410100261549673350410,"63.5,70,73,73.5,75.5,75,76,75.5",14.8,67.69,84.1,JiaXipera МM1090Y,18,1
410,410100261549619860410,"73.5,78,80,81,83,82.5,84.5,83",20.3,74.66,90.75,JiaXipera МM1090Y,18,1
410,410100261549625430410,"67,72,73.5,74.5,75.5,77,76.5",16.8,70.22,86.52,JiaXipera МM1090Y,18,1
410,410100261549624660410,"65,71,74,77,78.5,79,80.5,79",17.7,71.37,87.6,JiaXipera МM1090Y,18,1
410,410100261549624280410,"70.5,78.5,80,81,83,82.5",18.2,72.0,88.21,JiaXipera МM1090Y,18,1
410,410100261549620760410,"74,81.5,85.5,86,85,87.5,89,87.5",21.7,76.43,92.44,JiaXipera МM1090Y,18,1
410,410100261549620070410,"71,75.5,80,81,82.5,81.5,83.5,83",20.3,74.66,90.75,JiaXipera МM1090Y,18,1
410,410100261549624000410,"70.5,75.5,79.5,81,80.5,81,82.5,82",19.1,73.14,89.3,JiaXipera МM1090Y,18,1
410,410100261549627100410,"67.5,76.5,79,80,81.5,82,83",20.8,75.29,91.35,JiaXipera МM1090Y,18,1
410,410100261549620110410,"72.5,78,80.5,81.5,81,82.5,84,82.5",20.3,74.66,90.75,JiaXipera МM1090Y,18,1
410,410100261549624080410,"66.5,72,75,77.5,78,79.5,76.5,79",18.5,72.38,88.57,JiaXipera МM1090Y,18,1
410,410100261549621910410,"70.5,78,79.5,81.5,82,83.5,84,84.5",20.9,75.42,91.48,JiaXipera МM1090Y,18,1
410,410100261549669540410,"67,75.5,77,76,77,79.5,77",15.7,68.83,85.19,JiaXipera МM1090Y,18,1
410,410100261549620720410,"70.5,78.5,81.5,82,82.5,84,84.5,86.5,87.5",21.8,76.56,92.56,JiaXipera МM1090Y,18,1
410,410100261549620660410,"72.5,82.5,81.5,83.5,85,87,85",21.7,76.43,92.44,JiaXipera МM1090Y,18,1
410,410100261549623610410,"71,73,76,77.5,78.5,79.5,80.5,81,83.5,82.5,83.5",19.3,73.39,89.54,JiaXipera МM1090Y,18,1
410,410100261549670910410,"68.5,73.5,77,78.5,79.5,79",16.2,69.46,85.79,JiaXipera МM1090Y,18,1
410,410100261549623880410,"67,76,78.5,79,78.5,80.5,83,81.5",18.9,72.89,89.06,JiaXipera МM1090Y,18,1
410,410100261549628060410,"69.5,74.5,76.5,79,81,82,81.5,83.5",19.9,74.15,90.27,JiaXipera МM1090Y,18,1
410,410100261549620530410,"69.5,77.5,79,81.5,84,83.5",21.9,76.69,92.69,JiaXipera МM1090Y,18,1
410,410100261549620460410,"70.5,77,79.5,81.5,83,83.5,85.5,84",21.8,76.56,92.56,JiaXipera МM1090Y,18,1
410,410100261549625690410,"67.5,76,79,80,82,83,84,84.5",20.4,74.79,90.87,JiaXipera МM1090Y,18,1
410,410100261549619780410,"70.5,77,79.5,82,81.5,82.5,81.5,83,84.5,85",20.3,74.66,90.75,JiaXipera МM1090Y,18,1
410,410100261549620330410,"69.5,78.5,80,82,84,84.5",21.9,76.69,92.69,JiaXipera МM1090Y,18,1
410,410100261549623590410,"68.5,74,79,79.5,80.5,81,82,81.5",19.3,73.39,89.54,JiaXipera МM1090Y,18,1
410,410100261549620550410,"71.5,77.5,81.5,83,85,85.5,86",21.8,76.56,92.56,JiaXipera МM1090Y,18,1
410,410100261549625730410,"70,75.5,79,81.5,82,84.5,85.5,84.5",20.4,74.79,90.87,JiaXipera МM1090Y,18,1
410,410100261549673510410,"64,68.5,72,73.5,74,74.5,76.5,76,76.5,77",14.7,67.56,83.98,JiaXipera МM1090Y,18,1
410,410100261549623660410,"69,76,78.5,79,80,80.5,81.5,82,83.5",19.2,73.27,89.42,JiaXipera МM1090Y,18,1
410,410100261549627930410,"71,78.5,80,80.5,81.5,82,82.5,82",20.1,74.41,90.51,JiaXipera МM1090Y,18,1
410,410100261549622100410,"70.5,76.5,81.5,84.5,84,85,84,85",20.8,75.29,91.35,JiaXipera МM1090Y,18,1
410,410100261549622080410,"69,77.5,77,79,80,80.5,82,83,84",20.9,75.42,91.48,JiaXipera МM1090Y,18,1
410,410100261549624730410,"68,69.5,77.5,79,79.5,82",17.7,71.37,87.6,JiaXipera МM1090Y,18,1
410,410100261549674150410,"65,68.5,70.5,72.5,73.5,74,76.5",14.1,66.8,83.25,JiaXipera МM1090Y,18,1
410,410100261549624070410,"69.5,74.5,76.5,78.5,79.5,80,80.5",18.5,72.38,88.57,JiaXipera МM1090Y,18,1
410,410100261549622730410,"66.5,73.5,76,77,79,81,80.5,82.5",20.2,74.53,90.63,JiaXipera МM1090Y,18,1
410,410100261549621720410,"69.5,78.5,81.5,82,83.5,85.5,85",21.3,75.93,91.96,JiaXipera МM1090Y,18,1
410,410100261549625330410,"67.5,73,75,77.5,76.5,78.5,79.5",16.7,70.1,86.4,JiaXipera МM1090Y,18,1
410,410100261549626190410,"70,76,76.5,79.5,80.5,82.5,82",20.2,74.53,90.63,JiaXipera МM1090Y,18,1
410,410100261549624600410,"69,72,76,77,78,79,79.5",17.9,71.62,87.85,JiaXipera МM1090Y,18,1
410,410100261549624920410,"68.5,73.5,76,77.5,76,76.5,77.5,79.5,78.5",17.3,70.86,87.12,JiaXipera МM1090Y,18,1
410,410100261549628720410,"69.5,75.5,78,79,80.5,81.5,82,82.5",18.6,72.51,88.69,JiaXipera МM1090Y,18,1
410,410100261549624570410,"68,74,77,77.5,78.5,80,81,80",17.8,71.49,87.73,JiaXipera МM1090Y,18,1
410,410100261549621110410,"68.5,77,80,81.5,82,83,83.5",21.6,76.31,92.32,JiaXipera МM1090Y,18,1
410,410100261549621450410,"72.5,79,81.5,83.5,85.5,87,85",21.5,76.18,92.2,JiaXipera МM1090Y,18,1
410,410100261549626660410,"69,77,77.5,79,81,82,83.5,81.5",21.3,75.93,91.96,JiaXipera МM1090Y,18,1
410,410100261549622460410,"69.5,73.5,75,77,80.5,82,82.5,82",20.5,74.91,90.99,JiaXipera МM1090Y,18,1
410,410100261549628800410,"66,70.5,75,76.5,77.5,77,79.5,77",18.4,72.25,88.45,JiaXipera МM1090Y,18,1
410,410100261549671620410,"66.5,73.5,76,76.5,78,78.5,79.5",15.7,68.83,85.19,JiaXipera МM1090Y,18,1
410,410100261549623410410,"69,76,78.5,80,81.5,82",19.5,73.65,89.78,JiaXipera МM1090Y,18,1
410,410100261549621130410,"69,74,79.5,80,82.5,81,84,83",21.5,76.18,92.2,JiaXipera МM1090Y,18,1
410,410100261549621080410,"72.5,79.5,81,83.5,84,84.5,86,86.5,86",21.5,76.18,92.2,JiaXipera МM1090Y,18,1
410,410100261549621150410,"71,77.5,79,81,81.5,84,85,82.5,84",21.5,76.18,92.2,JiaXipera МM1090Y,18,1
410,410100261549628480410,"71,79.5,78.5,80,81,81.5,84,82",19.7,73.9,90.02,JiaXipera МM1090Y,18,1
410,410100261549672080410,"67.5,70,73.5,74,75,76,76.5,77,76",15.2,68.2,84.58,JiaXipera МM1090Y,18,1
410,410100261549620920410,"65,71,77,78.5,79,80.5,82,80.5",21.6,76.31,92.32,JiaXipera МM1090Y,18,1
410,410100261549621230410,"72,79.5,81.5,82,83,82,83,86",21.5,76.18,92.2,JiaXipera МM1090Y,18,1
410,410100261549674940410,"60,65,68.5,69,70,69.5,71,70,71.5",13.1,65.54,82.04,JiaXipera МM1090Y,18,1
410,410100261549622780410,"67.5,73.5,76,78,79,80,82.5",20.2,74.53,90.63,JiaXipera МM1090Y,18,1
410,410100261549621260410,"72,79,80.5,82,83,85.5,86",21.7,76.43,92.44,JiaXipera МM1090Y,18,1
410,410100261549621270410,"71,79.5,82,83.5,84,85.5,87,86",21.9,76.69,92.69,JiaXipera МM1090Y,18,1
410,410100261549621300410,"69,76,76.5,78.5,80,81,81.5,82.5",21.4,76.05,92.08,JiaXipera МM1090Y,18,1
410,410100261549674080410,"67,72.5,75.5,76,76.5,76,78.5,76.5",14.1,66.8,83.25,JiaXipera МM1090Y,18,1
410,410100261549621390410,"71,79.5,81.5,82,83.5,85,84",21.5,76.18,92.2,JiaXipera МM1090Y,18,1
410,410100261549671750410,"64,69.5,73.5,74,75.5,78.5,77.5",15.6,68.7,85.06,JiaXipera МM1090Y,18,1
410,410100261549621320410,"70,78,79.5,80,81,82,81,82.5",21.3,75.93,91.96,JiaXipera МM1090Y,18,1
410,410100261549673660410,"68,72,75,76.5,76,77,78,77",14.4,67.18,83.61,JiaXipera МM1090Y,18,1
410,410100261549623430410,"71,77.5,78.5,80.5,81,83,84,83.5",19.7,73.9,90.02,JiaXipera МM1090Y,18,1
410,410100261549621330410,"69.5,74,78.5,79,81,82.5,84.5,83",21.3,75.93,91.96,JiaXipera МM1090Y,18,1
410,410100261549672860410,"67.5,73.5,76.5,77,77.5,78,79,78",15.7,68.83,85.19,JiaXipera МM1090Y,18,1
410,410100261549670970410,"68,72.5,76,77.5,78.5,77.5,79.5",16.1,69.34,85.67,JiaXipera МM1090Y,18,1
410,410100261549625210410,"66,71.5,74,75,76.5,78,79.5,81",16.8,70.22,86.52,JiaXipera МM1090Y,18,1
410,410100261549624820410,"67,73.5,76,77,76.5,78,79.5,78.5",17.5,71.11,87.36,JiaXipera МM1090Y,18,1
410,410100261549628010410,"70,77,78,81.5,81,83,84.5,85",19.9,74.15,90.27,JiaXipera МM1090Y,18,1
410,410100261549621360410,"70,78,80,81.5,82.5,84,86,85",21.3,75.93,91.96,JiaXipera МM1090Y,18,1
410,410100261549625490410,"67,72,75.5,76.5,77.5,78.5,80,79.5",17.5,71.11,87.36,JiaXipera МM1090Y,18,1
410,410100261549620140410,"69.5,76,78.5,80,81,83.5,83",20.3,74.66,90.75,JiaXipera МM1090Y,18,1
410,410100261549628870410,"67,70,74.5,77.5,78,77.5,78.5,80.5",18.4,72.25,88.45,JiaXipera МM1090Y,18,1
410,410100261549669990410,"65.5,70,72.5,74.5,75.5,76,77.5,78",15.3,68.32,84.7,JiaXipera МM1090Y,18,1
410,410100261549624680410,"65,71.5,75,76,75.5,77,78,79.5",17.7,71.37,87.6,JiaXipera МM1090Y,18,1
410,410100261549621400410,"66.5,73,75,77.5,78.5,80,82,81",21.4,76.05,92.08,JiaXipera МM1090Y,18,1
410,410100261549626020410,"72.5,80.5,81,83,85.5,86,86.5",20.2,74.53,90.63,JiaXipera МM1090Y,18,1
410,410100261549621530410,"70,77,79.5,79,81,83,83.5,82.5",21.5,76.18,92.2,JiaXipera МM1090Y,18,1
410,410100261549621410410,"70,78.5,80.5,81.5,82.5,83.5,84,83.5",21.3,75.93,91.96,JiaXipera МM1090Y,18,1
410,410100261549670130410,"65.5,71,73.5,74,75,77.5,76.5,77.5",15.9,69.08,85.43,JiaXipera МM1090Y,18,1
410,410100261549676180410,"69.5,73.5,78,80.5,81.5,83,85,84.5",20.4,74.79,90.87,JiaXipera МM1090Y,18,1
410,410100261549621800410,"68,78,80,82,81.5,83,84,85.5",21.1,75.67,91.72,JiaXipera МM1090Y,18,1
410,410100261549625790410,"71,78.5,80,82,81.5,82,84,85",20.4,74.79,90.87,JiaXipera МM1090Y,18,1
410,410100261549672350410,"62.5,66.5,69.5,71,71.5,72.5,74.5,73",15.2,68.2,84.58,JiaXipera МM1090Y,18,1
410,410100261549620400410,"72,79,81,81.5,84,84.5,86,84",21.9,76.69,92.69,JiaXipera МM1090Y,18,1
410,410100261549621900410,"68,77,80.5,81,82.5,83.5,85.5,83.5",21.0,75.55,91.6,JiaXipera МM1090Y,18,1
410,410100261549622140410,"69,77.5,79,81,82.5,83.5,83,83.5,84",20.8,75.29,91.35,JiaXipera МM1090Y,18,1
410,410100261549622450410,"72,77,80,80.5,82,81.5",20.5,74.91,90.99,JiaXipera МM1090Y,18,1
410,410100261549670460410,"63,68.5,70.5,72.5,73,73.5,76,77,77.5",15.1,68.07,84.46,JiaXipera МM1090Y,18,1
410,410100261549670900410,"66.5,69.5,73.5,74.5,75.5,78,77,77.5",16.1,69.34,85.67,JiaXipera МM1090Y,18,1
410,410100261549622610410,"70.5,78.5,80.5,80,82.5,83.5,86,83",20.3,74.66,90.75,JiaXipera МM1090Y,18,1
410,410100261549622750410,"67,73.5,75,76,76.5,78,78.5,79.5,80.5",20.2,74.53,90.63,JiaXipera МM1090Y,18,1
410,410100261549669800410,"67.5,69.5,72,75.5,78,78.5,77.5,80,81",15.3,68.32,84.7,JiaXipera МM1090Y,18,1
410,410100261549671510410,"65,68.5,72.5,71,75,74.5,75,76",15.6,68.7,85.06,JiaXipera МM1090Y,18,1
410,410100261549627800410,"68,76.5,78,79,80.5,82,81",20.5,74.91,90.99,JiaXipera МM1090Y,18,1
410,410100261549619770410,"69,76.5,79.5,81.5,82.5,83,81.5,83,83.5",20.4,74.79,90.87,JiaXipera МM1090Y,18,1
410,410100261549629180410,"67.5,75.5,75,78,79.5,79,82.5,80",17.7,71.37,87.6,JiaXipera МM1090Y,18,1
410,410100261549621190410,"72,79.5,82.5,84,84.5,85.5,86.5",21.4,76.05,92.08,JiaXipera МM1090Y,18,1
410,410100261549623560410,"66.5,71.5,73.5,75.5,76.5,78.5,79,80,80.5,81.5",19.3,73.39,89.54,JiaXipera МM1090Y,18,1
410,410100261549674810410,"64,68.5,71.5,72,73.5,74.5,75.5,73",13.1,65.54,82.04,JiaXipera МM1090Y,18,1
410,410100261549671680410,"65,70,72,75,76,77,76",15.5,68.58,84.94,JiaXipera МM1090Y,18,1
410,410100261549625780410,"69.5,76,79.5,81.5,83,82.5,83",20.4,74.79,90.87,JiaXipera МM1090Y,18,1
410,410100261549626990410,"67.5,72,75.5,76,79,79.5,78,80.5",20.9,75.42,91.48,JiaXipera МM1090Y,18,1
410,410100261549621280410,"68,74,77.5,79,79.5,81,80.5,81.5",21.4,76.05,92.08,JiaXipera МM1090Y,18,1
410,410100261549674240410,"67,70.5,73,75,74.5,75,75.5,75,76,77.5",14.0,66.68,83.13,JiaXipera МM1090Y,18,1
410,410100261549624030410,"71,78,80,80.5,81,82",19.2,73.27,89.42,JiaXipera МM1090Y,18,1
410,410100261549671930410,"67,70.5,73.5,75,76,77.5,76.5",15.4,68.45,84.82,JiaXipera МM1090Y,18,1
410,410100261549622130410,"73.5,75.5,78.5,79.5,82.5,81.5,83,83.5,83",20.8,75.29,91.35,JiaXipera МM1090Y,18,1
410,410100261549619900410,"69.5,76.5,82,83.5,84.5,85",20.3,74.66,90.75,JiaXipera МM1090Y,18,1
410,410100261549625810410,"70,76.5,78,79.5,80,82,82.5,81.5",20.4,74.79,90.87,JiaXipera МM1090Y,18,1
410,410100261549620120410,"64.5,70,74.5,76.5,78.5,78,80,82.5",20.3,74.66,90.75,JiaXipera МM1090Y,18,1
410,410100261549620370410,"70,77.5,79,81,82.5,83.5,83",21.9,76.69,92.69,JiaXipera МM1090Y,18,1
410,410100261549625510410,"68.5,76,78,77.5,78.5,78",16.4,69.72,86.03,JiaXipera МM1090Y,18,1
410,410100261549627400410,"67.5,73.5,78,80.5,79.5,80,82,82.5",21.3,75.93,91.96,JiaXipera МM1090Y,18,1
410,410100261549621540410,"69,76,79.5,81.5,80.5,83.5,85,84",21.4,76.05,92.08,JiaXipera МM1090Y,18,1
410,410100261549622530410,"70,77,78,80,79.5,81,80.5,81",20.8,75.29,91.35,JiaXipera МM1090Y,18,1
410,410100261549626780410,"69.5,77,79.5,80.5,81.5,82.5,83.5,84.5",21.3,75.93,91.96,JiaXipera МM1090Y,18,1
410,410100261549621600410,"70,78.5,80,82,82.5,84,85.5,85",21.2,75.8,91.84,JiaXipera МM1090Y,18,1
410,410100261549621620410,"67,76,79.5,79,81.5,81,83.5,82",21.4,76.05,92.08,JiaXipera МM1090Y,18,1
410,410100261549621030410,"71,78,81.5,83.5,85,86,86.5",21.5,76.18,92.2,JiaXipera МM1090Y,18,1
410,410100261549619660410,"72.5,74.5,80,81,82,83.5,84,83.5",20.4,74.79,90.87,JiaXipera МM1090Y,18,1
410,410100261549621660410,"70,78,81.5,82,82.5,83.5,86,83.5",21.3,75.93,91.96,JiaXipera МM1090Y,18,1
410,410100261549619730410,"71,77,79.5,80.5,81,83,84,85",20.3,74.66,90.75,JiaXipera МM1090Y,18,1
410,410100261549623020410,"67,74,76.5,78,78.5,77.5,79,80.5,83",20.2,74.53,90.63,JiaXipera МM1090Y,18,1
410,410100261549621680410,"69.5,78,81.5,82,83.5,85.5,85,84.5",21.3,75.93,91.96,JiaXipera МM1090Y,18,1
410,410100261549670410410,"66,71,74.5,75,76,76.5",15.2,68.2,84.58,JiaXipera МM1090Y,18,1
410,410100261549671040410,"65,73,76,76.5,78.5,79.5,80.5",16.0,69.21,85.55,JiaXipera МM1090Y,18,1
410,410100261549629010410,"66.5,72.5,73.5,75,76.5,77.5,79.5,80",18.1,71.87,88.09,JiaXipera МM1090Y,18,1
410,410100261549625100410,"64.5,72,74.5,75.5,76,75.5,77.5,76.5",17.1,70.6,86.88,JiaXipera МM1090Y,18,1
410,410100261549672660410,"65,69.5,72.5,74.5,74,76,77,76.5",15.4,68.45,84.82,JiaXipera МM1090Y,18,1
410,410100261549620820410,"76,78,78.5,79.5,80.5,82,81,82",21.7,76.43,92.44,JiaXipera МM1090Y,18,1
410,410100261549621940410,"75,80.5,82.5,83.5,84,85,87",21.1,75.67,91.72,JiaXipera МM1090Y,18,1
410,410100261549620590410,"69,76.5,80,81,80,83.5,85,84.5",21.8,76.56,92.56,JiaXipera МM1090Y,18,1
410,410100261549621740410,"69.5,74.5,78,79.5,80,81.5,83.5,82",21.1,75.67,91.72,JiaXipera МM1090Y,18,1
410,410100261549627670410,"70,76.5,80,79.5,80.5,83,81.5",20.6,75.04,91.11,JiaXipera МM1090Y,18,1
410,410100261549622210410,"69.5,76,79.5,81,80.5,82,84",20.7,75.17,91.23,JiaXipera МM1090Y,18,1
410,410100261549620900410,"69.5,75.5,79.5,80,80.5,83,84.5,83.5",21.6,76.31,92.32,JiaXipera МM1090Y,18,1
410,410100261549672190410,"62,64,67.5,70,70.5,69.5,71,72",15.2,68.2,84.58,JiaXipera МM1090Y,18,1
410,410100261549621520410,"72,81,80.5,82,84.5,84,84.5,86.5,88",21.5,76.18,92.2,JiaXipera МM1090Y,18,1
410,410100261549627700410,"69.5,76,81.5,82.5,83,85,84",20.4,74.79,90.87,JiaXipera МM1090Y,18,1
410,410100261549674730410,"65.5,66.5,70.5,72,73,74.5,72",13.1,65.54,82.04,JiaXipera МM1090Y,18,1
410,410100261549621550410,"68,75,78,79,80,80.5,82.5,81",21.3,75.93,91.96,JiaXipera МM1090Y,18,1
410,410100261549621750410,"62.5,69.5,75,79.5,78.5,79.5,82,81",21.1,75.67,91.72,JiaXipera МM1090Y,18,1
410,410100261549626070410,"70.5,77,80,81.5,83,85,86.5,85",20.2,74.53,90.63,JiaXipera МM1090Y,18,1
410,410100261549621810410,"71.5,79,80.5,82.5,84,84.5,86,85",21.1,75.67,91.72,JiaXipera МM1090Y,18,1
410,410100261549623000410,"67,72.5,77,78.5,80.5,82,82.5",20.3,74.66,90.75,JiaXipera МM1090Y,18,1
410,410100261549624720410,"66.5,70.5,73.5,75,77,79,78",17.6,71.24,87.48,JiaXipera МM1090Y,18,1
410,410100261549621850410,"71,78,80.5,82,81.5,82.5,85,84",21.0,75.55,91.6,JiaXipera МM1090Y,18,1
410,410100261549672870410,"67,72,74.5,76,76.5,77,79,78.5",15.6,68.7,85.06,JiaXipera МM1090Y,18,1
410,410100261549621870410,"68,73,76.5,78,79,80,80.5,81.5",21.0,75.55,91.6,JiaXipera МM1090Y,18,1
410,410100261549622180410,"69,77.5,81,81.5,82,83.5,82.5,84,84.5",20.7,75.17,91.23,JiaXipera МM1090Y,18,1
410,410100261549625500410,"69.5,75.5,77,78.5,79,80,83,82",16.4,69.72,86.03,JiaXipera МM1090Y,18,1
410,410100261549622070410,"69,77,81,80.5,82,82.5,84.5,85",20.9,75.42,91.48,JiaXipera МM1090Y,18,1
410,410100261549627060410,"70.5,76.5,80,80.5,82,81.5",20.9,75.42,91.48,JiaXipera МM1090Y,18,1
410,410100261549623690410,"69.5,77,78.5,80.5,81,82,83,82",19.1,73.14,89.3,JiaXipera МM1090Y,18,1
410,410100261549619990410,"69,77,79.5,82,82.5,83.5,86,84",20.5,74.91,90.99,JiaXipera МM1090Y,18,1
410,410100261549621340410,"68,76.5,79,82,82.5,83.5,85.5,84",21.3,75.93,91.96,JiaXipera МM1090Y,18,1
410,410100261549621490410,"72,76.5,77.5,80,81,81.5,82.5,82",21.4,76.05,92.08,JiaXipera МM1090Y,18,1
410,410100261549621170410,"67.5,73,77,77.5,79.5,79,78.5",21.5,76.18,92.2,JiaXipera МM1090Y,18,1
410,410100261549622280410,"66,71,75.5,77.5,79,80.5,81.5,80.5",20.6,75.04,91.11,JiaXipera МM1090Y,18,1
410,410100261549625380410,"66.5,71.5,74,75,75.5,76.5,77,77.5",16.8,70.22,86.52,JiaXipera МM1090Y,18,1
410,410100261549627240410,"70.5,75.5,78,79.5,81,82,79.5",20.7,75.17,91.23,JiaXipera МM1090Y,18,1
410,410100261549621350410,"68,75.5,79.5,80.5,81,83,84.5,83.5",21.3,75.93,91.96,JiaXipera МM1090Y,18,1
410,410100261549622030410,"71,78,79.5,81,82,83,84,85,86,85",20.8,75.29,91.35,JiaXipera МM1090Y,18,1
410,410100261549622040410,"70.5,75,78.5,80,81,81.5,83,82.5",20.9,75.42,91.48,JiaXipera МM1090Y,18,1
410,410100261549625410410,"68.5,72,75.5,76.5,76,78,77.5",16.5,69.84,86.15,JiaXipera МM1090Y,18,1
410,410100261549622960410,"65,71.5,75.5,77,78,80,82.5,81",20.3,74.66,90.75,JiaXipera МM1090Y,18,1
410,410100261549671380410,"65,70,72.5,75,75.5,76.5,75.5",15.7,68.83,85.19,JiaXipera МM1090Y,18,1
410,410100261549622430410,"68.5,76,79.5,82,83,82.5,84.5,85",20.6,75.04,91.11,JiaXipera МM1090Y,18,1
410,410100261549624990410,"66,72,75,75.5,76,78,76.5",17.3,70.86,87.12,JiaXipera МM1090Y,18,1
410,410100261549621180410,"73,76.5,83,83.5,85.5,86,88.5,89.5",21.5,76.18,92.2,JiaXipera МM1090Y,18,1
410,410100261549620540410,"70,76.5,80.5,82,82.5,84,88,85",21.8,76.56,92.56,JiaXipera МM1090Y,18,1
410,410100261549622200410,"68.5,75.5,77.5,79.5,80,81.5,81,82,83,83.5",20.7,75.17,91.23,JiaXipera МM1090Y,18,1
410,410100261549624530410,"67,71,75,75.5,76.5,78.5,76.5",17.9,71.62,87.85,JiaXipera МM1090Y,18,1
410,410100261549625770410,"68.5,74.5,78.5,80,80.5,81,82,83",20.4,74.79,90.87,JiaXipera МM1090Y,18,1
410,410100261549624940410,"65,71.5,73.5,74,76,77,76",17.4,70.99,87.24,JiaXipera МM1090Y,18,1
410,410100261549627750410,"78,77.5,78.5,80,82,82.5,83,83.5",20.3,74.66,90.75,JiaXipera МM1090Y,18,1
410,410100261549622250410,"67.5,75.5,77,78,80,80.5,82,83",20.6,75.04,91.11,JiaXipera МM1090Y,18,1
410,410100261549622260410,"69.5,75.5,77.5,79.5,81,82.5,82,82.5,83",20.6,75.04,91.11,JiaXipera МM1090Y,18,1
410,410100261549626360410,"74.5,78,81,80.5,82.5,82,83.5,83,83.5,84",20.1,74.41,90.51,JiaXipera МM1090Y,18,1
410,410100261549626560410,"70,78.5,81,82,83.5,83,85,85.5",21.4,76.05,92.08,JiaXipera МM1090Y,18,1
410,410100261549628630410,"68.5,74,77,78,78.5,80,82,79.5",18.9,72.89,89.06,JiaXipera МM1090Y,18,1
410,410100261549620670410,"69,73,80,81.5,83,84",21.7,76.43,92.44,JiaXipera МM1090Y,18,1
410,410100261549672220410,"64,68,72.5,72,73.5,75.5,76",15.2,68.2,84.58,JiaXipera МM1090Y,18,1
410,410100261549623040410,"70,76.5,77.5,80,79,80,81,81.5,81",20.0,74.28,90.39,JiaXipera МM1090Y,18,1
410,410100261549622300410,"69,76.5,75.5,78.5,80,82.5,80",20.8,75.29,91.35,JiaXipera МM1090Y,18,1
410,410100261549621290410,"67,74.5,77.5,78.5,79,81,82,82.5",21.4,76.05,92.08,JiaXipera МM1090Y,18,1
410,410100261549624290410,"66.5,72,79,80,79.5,82,84",18.3,72.13,88.33,JiaXipera МM1090Y,18,1
410,410100261549619850410,"70.5,76.5,78.5,80.5,81.5,83,84.5",20.2,74.53,90.63,JiaXipera МM1090Y,18,1
410,410100261549621580410,"68,75,80,83,83.5,84.5,86.5,84.5",21.5,76.18,92.2,JiaXipera МM1090Y,18,1
410,410100261549622400410,"67,71.5,75.5,78,79,78.5,81.5,81",20.6,75.04,91.11,JiaXipera МM1090Y,18,1
410,410100261549620700410,"70.5,78,80,83.5,83,85,86,87",21.7,76.43,92.44,JiaXipera МM1090Y,18,1
410,410100261549671300410,"62,69.5,73,73.5,74,75,76,76.5",15.7,68.83,85.19,JiaXipera МM1090Y,18,1
410,410100261549622410410,"71.5,77.5,79,79.5,80.5,82,81",20.6,75.04,91.11,JiaXipera МM1090Y,18,1
410,410100261549624540410,"67.5,74,77,77.5,78,79.5,78.5",17.9,71.62,87.85,JiaXipera МM1090Y,18,1
410,410100261549622440410,"69.5,74.5,78.5,79,80,79.5,82.5,81,82.5",20.6,75.04,91.11,JiaXipera МM1090Y,18,1
410,410100261549627920410,"68.5,77.5,78.5,80.5,80,81.5,82.5,83.5",20.0,74.28,90.39,JiaXipera МM1090Y,18,1
410,410100261549623530410,"68,74,77.5,79,80,80.5,79",19.4,73.52,89.66,JiaXipera МM1090Y,18,1
410,410100261549622480410,"67,74.5,78,80,79.5,81,82,83",20.5,74.91,90.99,JiaXipera МM1090Y,18,1
410,410100261549625640410,"69,76,79,81,82.5,82,85",20.4,74.79,90.87,JiaXipera МM1090Y,18,1
410,410100261549627480410,"67,71.5,76,77.5,78.5,79.5,82,81.5",20.5,74.91,90.99,JiaXipera МM1090Y,18,1
410,410100261549626890410,"67.5,74,76.5,79,81.5,83.5,82.5",21.0,75.55,91.6,JiaXipera МM1090Y,18,1
410,410100261549673420410,"65.5,69.5,74,75.5,74.5,76.5",14.6,67.44,83.86,JiaXipera МM1090Y,18,1
410,410100261549628530410,"67,72,74.5,77,79,80.5,80",19.4,73.52,89.66,JiaXipera МM1090Y,18,1
410,410100261549621420410,"70.5,77,79,80.5,83,82.5,83.5,82.5",21.4,76.05,92.08,JiaXipera МM1090Y,18,1
410,410100261549625650410,"70.5,75.5,80,79.5,83,83.5,86.5,84",20.4,74.79,90.87,JiaXipera МM1090Y,18,1
410,410100261549625670410,"71,77.5,81,80.5,82.5,85.5,84.5",20.4,74.79,90.87,JiaXipera МM1090Y,18,1
410,410100261549626900410,"67,72.5,76.5,78,79.5,80.5",21.0,75.55,91.6,JiaXipera МM1090Y,18,1
410,410100261549626760410,"72,78.5,80.5,81.5,82.5,83,84,83",21.3,75.93,91.96,JiaXipera МM1090Y,18,1
410,410100261549627090410,"69.5,74.5,78,79,79.5,80,80.5",20.9,75.42,91.48,JiaXipera МM1090Y,18,1
410,410100261549625680410,"70.5,75.5,79,81,80,80.5,82.5,81",16.5,69.84,86.15,JiaXipera МM1090Y,18,1
410,410100261549629300410,"66.5,71.5,75,76.5,77.5,79,79.5,80.5",17.3,70.86,87.12,JiaXipera МM1090Y,18,1
410,410100261549627260410,"69.5,75,78.5,79,79.5,80,81.5",20.7,75.17,91.23,JiaXipera МM1090Y,18,1
410,410100261549625710410,"66.5,77,78.5,79.5,79,82,83,83.5,84.5,83.5",20.4,74.79,90.87,JiaXipera МM1090Y,18,1
410,410100261549625760410,"71,77,79.5,79,81,82,83,82",20.4,74.79,90.87,JiaXipera МM1090Y,18,1
410,410100261549625800410,"70,77.5,78,80,81.5,82,83.5,82.5",20.4,74.79,90.87,JiaXipera МM1090Y,18,1
410,410100261549625840410,"68,76.5,78,80,80.5,82,81",20.4,74.79,90.87,JiaXipera МM1090Y,18,1
410,410100261549625850410,"69,77,79,80.5,79.5,80.5,82,80.5",20.3,74.66,90.75,JiaXipera МM1090Y,18,1
410,410100261549625860410,"72,77.5,80.5,81,82.5,83.5,85,82",20.2,74.53,90.63,JiaXipera МM1090Y,18,1
410,410100261549629480410,"68,75.5,77.5,76,78,78.5,80.5",17.3,70.86,87.12,JiaXipera МM1090Y,18,1
410,410100261549622340410,"70,74.5,78,80,81.5,82.5,85,83.5,85",20.7,75.17,91.23,JiaXipera МM1090Y,18,1
410,410100261549625890410,"68.5,78.5,79.5,80.5,82,83.5,82.5",20.4,74.79,90.87,JiaXipera МM1090Y,18,1
410,410100261549673460410,"65.5,70.5,72.5,73.5,74,73.5,75.5,75",14.5,67.31,83.73,JiaXipera МM1090Y,18,1
410,410100261549627140410,"70.5,75,79.5,80.5,79,80.5,82,81.5",20.7,75.17,91.23,JiaXipera МM1090Y,18,1
410,410100261549674010410,"63.5,68,69.5,71.5,73.5,74,73",14.2,66.93,83.37,JiaXipera МM1090Y,18,1
410,410100261549624120410,"66.5,71.5,73.5,77,78.5,76.5,78.5,80.5",18.5,72.38,88.57,JiaXipera МM1090Y,18,1
410,410100261549622320410,"66.5,72,72.5,75.5,77.5,78,79.5,81,82",20.7,75.17,91.23,JiaXipera МM1090Y,18,1
410,410100261549629560410,"68,73,77.5,79,79.5,80,80.5,80,79.5",17.1,70.6,86.88,JiaXipera МM1090Y,18,1
410,410100261549625900410,"69,76,77,78.5,81.5,80,81,82",20.4,74.79,90.87,JiaXipera МM1090Y,18,1
410,410100261549625910410,"68,74.5,80,81,82.5,83.5,83",20.2,74.53,90.63,JiaXipera МM1090Y,18,1
410,410100261549625940410,"69,75,78,80,81,82.5",20.2,74.53,90.63,JiaXipera МM1090Y,18,1
410,410100261549625960410,"73,79.5,81,80,82.5,83,84.5,86.5,85",20.2,74.53,90.63,JiaXipera МM1090Y,18,1
410,410100261549670300410,"65.5,71.5,72.5,73.5,75.5,77,79,78,79.5",15.9,69.08,85.43,JiaXipera МM1090Y,18,1
410,410100261549625970410,"68,75,78,79.5,80.5,80,81.5,82",20.3,74.66,90.75,JiaXipera МM1090Y,18,1
410,410100261549625990410,"71.5,79,81.5,82.5,83.5,86.5,81.5",20.3,74.66,90.75,JiaXipera МM1090Y,18,1
410,410100261549626880410,"66.5,71.5,75,76,77.5,78,80,79",21.1,75.67,91.72,JiaXipera МM1090Y,18,1
410,410100261549671600410,"67,71,75,76.5,77.5,78,78.5",15.5,68.58,84.94,JiaXipera МM1090Y,18,1
410,410100261549671460410,"69.5,72.5,74.5,77.5,79,81.5",15.6,68.7,85.06,JiaXipera МM1090Y,18,1
410,410100261549626030410,"72.5,78.5,80,82.5,83.5,84.5,86.5,83",20.2,74.53,90.63,JiaXipera МM1090Y,18,1
410,410100261549626060410,"72,77.5,81,81.5,84,86,83",20.2,74.53,90.63,JiaXipera МM1090Y,18,1
410,410100261549626080410,"71.5,77,83.5,84,83.5,84,86.5,84.5",20.2,74.53,90.63,JiaXipera МM1090Y,18,1
410,410100261549674440410,"62.5,65.5,73.5,73,74.5,75,74.5,75",13.8,66.42,82.89,JiaXipera МM1090Y,18,1
410,410100261549626090410,"70,73.5,79,80,82,83,84.5",20.1,74.41,90.51,JiaXipera МM1090Y,18,1
410,410100261549620630410,"70,76.5,81,81.5,81,82,82.5,83,82.5,83.5,84,83.5,85.5,86,86.5,86",21.8,76.56,92.56,JiaXipera МM1090Y,18,1
410,410100261549626100410,"70.5,79.5,81,83.5,85.5,84.5,84,85,84.5,85.5,86,86.5",20.2,74.53,90.63,JiaXipera МM1090Y,18,1
410,410100261549626110410,"73,75,77.5,81,84.5,84",20.3,74.66,90.75,JiaXipera МM1090Y,18,1
410,410100261549627770410,"69.5,77,78.5,80.5,81.5,82.5,85,83",20.4,74.79,90.87,JiaXipera МM1090Y,18,1
410,410100261549626120410,"67.5,73,76,79.5,79,80.5,81,84,82",20.2,74.53,90.63,JiaXipera МM1090Y,18,1
410,410100261549626130410,"70.5,80.5,82,81.5,82,82.5,86,83.5",20.1,74.41,90.51,JiaXipera МM1090Y,18,1
410,410100261549621070410,"79.5,82,83.5,85.5,85,87,84.5,86,86.5",21.5,76.18,92.2,JiaXipera МM1090Y,18,1
410,410100261549626150410,"70.5,76.5,79.5,81.5,83,84,85,86,85.5",20.1,74.41,90.51,JiaXipera МM1090Y,18,1
410,410100261549626160410,"68.5,76.5,80.5,80,81,83,84,82.5",20.1,74.41,90.51,JiaXipera МM1090Y,18,1
410,410100261549626850410,"66,69,76.5,77,78,78.5,79,80,81",21.1,75.67,91.72,JiaXipera МM1090Y,18,1
410,410100261549626170410,"72.5,77,81.5,82.5,84,84.5,83.5",20.2,74.53,90.63,JiaXipera МM1090Y,18,1
410,410100261549626180410,"71,75.5,77.5,80.5,82,83,82",20.2,74.53,90.63,JiaXipera МM1090Y,18,1
410,410100261549627470410,"71.5,78,80,81.5,81,81.5,83,83.5,83",20.5,74.91,90.99,JiaXipera МM1090Y,18,1
410,410100261549626210410,"72.5,79.5,82,83.5,83,84,86.5,86",20.1,74.41,90.51,JiaXipera МM1090Y,18,1
410,410100261549628030410,"72,77,78.5,80.5,81.5,81,82,84.5",19.9,74.15,90.27,JiaXipera МM1090Y,18,1
410,410100261549628190410,"68.5,74,77.5,79,80,81.5,82.5",19.8,74.03,90.15,JiaXipera МM1090Y,18,1
410,410100261549628080410,"70,75.5,79,80.5,83,85,83.5",19.8,74.03,90.15,JiaXipera МM1090Y,18,1
410,410100261549623910410,"70,75.5,76.5,78.5,79.5,80,81.5,80",18.9,72.89,89.06,JiaXipera МM1090Y,18,1
410,410100261549626220410,"69,77.5,78,81.5,83,84.5,84",20.1,74.41,90.51,JiaXipera МM1090Y,18,1
410,410100261549626230410,"68.5,75.5,78.5,81,82.5,84,83.5,84.5",20.1,74.41,90.51,JiaXipera МM1090Y,18,1
410,410100261549626240410,"70,77,80,81,81.5,83,84,83",20.1,74.41,90.51,JiaXipera МM1090Y,18,1
410,410100261549626250410,"71,77,79,79.5,80,82,82.5,82",20.1,74.41,90.51,JiaXipera МM1090Y,18,1
410,410100261549621890410,"70.5,78,79.5,80,81.5,83.5,85.5,84",20.9,75.42,91.48,JiaXipera МM1090Y,18,1
410,410100261549626450410,"68,74.5,78,79.5,80,82.5,83.5",20.1,74.41,90.51,JiaXipera МM1090Y,18,1
410,410100261549627860410,"68,76.5,77,79,80,80.5,81.5,82",20.5,74.91,90.99,JiaXipera МM1090Y,18,1
410,410100261549674850410,"63,71,72.5,73,73.5,76,75.5",13.0,65.41,81.92,JiaXipera МM1090Y,18,1
410,410100261549626270410,"70.5,73,77,81,82,83,82.5,83,82",20.1,74.41,90.51,JiaXipera МM1090Y,18,1
410,410100261549627850410,"70.5,75.5,77,77.5,79.5,80.5,81.5,81,83",20.1,74.41,90.51,JiaXipera МM1090Y,18,1
410,410100261549619700410,"71,80,82,84,85.5,86",20.3,74.66,90.75,JiaXipera МM1090Y,18,1
410,410100261549626280410,"67,72,75,77.5,79,81,79.5",20.1,74.41,90.51,JiaXipera МM1090Y,18,1
410,410100261549671850410,"66.5,72.5,73.5,75.5,77,76.5,78,76.5",15.6,68.7,85.06,JiaXipera МM1090Y,18,1
410,410100261549626290410,"71,77.5,82,84.5,85,86.5,86",20.2,74.53,90.63,JiaXipera МM1090Y,18,1
410,410100261549673410410,"65.5,72.5,73.5,74.5,76,77,78",14.6,67.44,83.86,JiaXipera МM1090Y,18,1
410,410100261549626310410,"73,77.5,79.5,81.5,82,81.5,83,84,84.5,84",20.1,74.41,90.51,JiaXipera МM1090Y,18,1
410,410100261549626320410,"67,75.5,77,79.5,80,80.5,83,81.5",20.3,74.66,90.75,JiaXipera МM1090Y,18,1
410,410100261549626350410,"68.5,75.5,79,80,81,83,81.5",20.1,74.41,90.51,JiaXipera МM1090Y,18,1
410,410100261549670580410,"62,64,64.5,66.5,66,69,69.5,72,72.5",15.1,68.07,84.46,JiaXipera МM1090Y,18,1
410,410100261549626380410,"69.5,77,81,81.5,82,82.5,85,83.5",20.2,74.53,90.63,JiaXipera МM1090Y,18,1
410,410100261549625740410,"67,75.5,80,80.5,81,82.5,81",20.4,74.79,90.87,JiaXipera МM1090Y,18,1
410,410100261549626390410,"68.5,72.5,75,78,78.5,79.5,80",20.2,74.53,90.63,JiaXipera МM1090Y,18,1
410,410100261549629320410,"69.5,73.5,77,78,78.5,80.5,80",17.8,71.49,87.73,JiaXipera МM1090Y,18,1
410,410100261549625750410,"68.5,72,76,77.5,78.5,79.5,80.5,81,82,82.5,83.5",20.4,74.79,90.87,JiaXipera МM1090Y,18,1
410,410100261549626410410,"68,76,79.5,80.5,81.5,83.5,84.5,83.5",20.2,74.53,90.63,JiaXipera МM1090Y,18,1
410,410100261549622050410,"67,77,80,81,82.5,83.5,84.5",20.8,75.29,91.35,JiaXipera МM1090Y,18,1
410,410100261549626420410,"66.5,74.5,78.5,79.5,82,80.5,83,81.5",20.2,74.53,90.63,JiaXipera МM1090Y,18,1
410,410100261549622980410,"69,74.5,76.5,78.5,79.5,80,82,81.5",20.0,74.28,90.39,JiaXipera МM1090Y,18,1
410,410100261549626980410,"70,77,79,79.5,80.5,81.5,83.5,83",21.0,75.55,91.6,JiaXipera МM1090Y,18,1
410,410100261549669790410,"63.5,68,71.5,75,74.5,75.5,76.5",15.3,68.32,84.7,JiaXipera МM1090Y,18,1
410,410100261549626580410,"70.5,75,81.5,82,82.5,84,82.5",21.4,76.05,92.08,JiaXipera МM1090Y,18,1
410,410100261549626600410,"70,75,80.5,83.5,84.5,84,85",21.4,76.05,92.08,JiaXipera МM1090Y,18,1
410,410100261549621210410,"66.5,76,80,81,81.5,83,86,83.5",21.4,76.05,92.08,JiaXipera МM1090Y,18,1
410,410100261549626610410,"66,73,79,78.5,80,81,82.5,82",20.4,74.79,90.87,JiaXipera МM1090Y,18,1
410,410100261549671150410,"66.5,74.5,77.5,77,78.5,78,80.5,78.5",15.9,69.08,85.43,JiaXipera МM1090Y,18,1
410,410100261549628840410,"66,70.5,71.5,75,74.5,76,77,76",18.3,72.13,88.33,JiaXipera МM1090Y,18,1
410,410100261549675560410,"67.5,75.5,80",20.5,74.91,90.99,JiaXipera МM1090Y,18,1
410,410100261549626620410,"67,77.5,81,82.5,82,83.5,84,83.5",21.4,76.05,92.08,JiaXipera МM1090Y,18,1
410,410100261549672250410,"64.5,69,71,72.5,73.5,74.5,73.5",15.2,68.2,84.58,JiaXipera МM1090Y,18,1
410,410100261549627080410,"70,76.5,80.5,81.5,83,84,85",20.8,75.29,91.35,JiaXipera МM1090Y,18,1
410,410100261549629260410,"69.5,72,74.5,77.5,78.5,78,79.5,80",17.5,71.11,87.36,JiaXipera МM1090Y,18,1
410,410100261549671640410,"67.5,72.5,74.5,74,75.5,76,77,75",15.5,68.58,84.94,JiaXipera МM1090Y,18,1
410,410100261549620960410,"73.5,75.5,79,80.5,81.5,83,81.5,82.5,83.5,84.5,83.5",21.6,76.31,92.32,JiaXipera МM1090Y,18,1
410,410100261549627820410,"67.5,74,77,77.5,78.5,80,81,80",20.5,74.91,90.99,JiaXipera МM1090Y,18,1
410,410100261549626640410,"68.5,77,80.5,82,82.5,84,86,85",21.4,76.05,92.08,JiaXipera МM1090Y,18,1
410,410100261549626650410,"70.5,74,78,80.5,82,83,84",21.4,76.05,92.08,JiaXipera МM1090Y,18,1
410,410100261549626680410,"68.5,76,77.5,78.5,79.5,80.5,80,81.5,82,83.5",21.3,75.93,91.96,JiaXipera МM1090Y,18,1
410,410100261549669850410,"70,75.5,77.5,78.5,80,78.5",15.4,68.45,84.82,JiaXipera МM1090Y,18,1
410,410100261549625240410,"66,69,72,74.5,76.5,77.5,79",16.9,70.35,86.64,JiaXipera МM1090Y,18,1
410,410100261549670360410,"64,67.5,70.5,74,74.5,76.5,77.5,78.5,77.5",15.9,69.08,85.43,JiaXipera МM1090Y,18,1
410,410100261549627210410,"67,74,77.5,79.5,80,81,82.5,81.5",20.7,75.17,91.23,JiaXipera МM1090Y,18,1
410,410100261549626690410,"72.5,78.5,80.5,80,82,82.5,84.5,82.5",21.4,76.05,92.08,JiaXipera МM1090Y,18,1
410,410100261549671690410,"66,71.5,74,76,74.5,76.5,77.5,78,77,76.5",15.4,68.45,84.82,JiaXipera МM1090Y,18,1
410,410100261549626700410,"69,74.5,77,80.5,81,83,84,83",21.3,75.93,91.96,JiaXipera МM1090Y,18,1
410,410100261549626720410,"68,75,77.5,79.5,80.5,82,81.5",21.3,75.93,91.96,JiaXipera МM1090Y,18,1
410,410100261549626730410,"69.5,77,80.5,80,82,83,84.5,85",21.3,75.93,91.96,JiaXipera МM1090Y,18,1
410,410100261549626740410,"68,75,77.5,80,81.5,82.5,83,82.5",21.3,75.93,91.96,JiaXipera МM1090Y,18,1
410,410100261549629020410,"67,74.5,75.5,77.5,78,79,80.5,81,81.5,81",18.2,72.0,88.21,JiaXipera МM1090Y,18,1
410,410100261549671590410,"66,72,75,77.5,76.5,77.5,78.5",15.5,68.58,84.94,JiaXipera МM1090Y,18,1
410,410100261549626750410,"69.5,77.5,79,81,82,83.5,82.5",21.3,75.93,91.96,JiaXipera МM1090Y,18,1
410,410100261549626770410,"68.5,76,78.5,81,81.5,83,84",21.3,75.93,91.96,JiaXipera МM1090Y,18,1
410,410100261549623620410,"68,73.5,75.5,77.5,78,81,80",19.2,73.27,89.42,JiaXipera МM1090Y,18,1
410,410100261549626790410,"67.5,72.5,77.5,77,77.5,79,80.5,79.5",21.2,75.8,91.84,JiaXipera МM1090Y,18,1
410,410100261549673150410,"66.5,71.5,74.5,75.5,76,77,78.5",14.8,67.69,84.1,JiaXipera МM1090Y,18,1
410,410100261549626800410,"67.5,73,77,78,78.5,79,80",21.2,75.8,91.84,JiaXipera МM1090Y,18,1
410,410100261549670870410,"67.5,73,77.5,79.5,81,81.5,80.5",16.3,69.59,85.91,JiaXipera МM1090Y,18,1
410,410100261549626810410,"67.5,74.5,76.5,78.5,78,79,80.5,81",21.2,75.8,91.84,JiaXipera МM1090Y,18,1
410,410100261549624770410,"66,70.5,71.5,74,75.5,75,76,75,76",17.5,71.11,87.36,JiaXipera МM1090Y,18,1
410,410100261549629150410,"69.5,74,76.5,79,80,79.5,80.5,82,82.5",17.8,71.49,87.73,JiaXipera МM1090Y,18,1
410,410100261549626870410,"67,74.5,77,80,81,82.5,81.5",21.1,75.67,91.72,JiaXipera МM1090Y,18,1
410,410100261549624580410,"67.5,73,74.5,75.5,77,78,79",17.8,71.49,87.73,JiaXipera МM1090Y,18,1
410,410100261549628360410,"68,76.5,79,81.5,83.5,83,82.5,83",19.7,73.9,90.02,JiaXipera МM1090Y,18,1
410,410100261549626910410,"66,77,78,79,80,80.5,81,81.5",21.0,75.55,91.6,JiaXipera МM1090Y,18,1
410,410100261549674330410,"66,70,71.5,74,75.5,75",13.7,66.3,82.77,JiaXipera МM1090Y,18,1
410,410100261549626920410,"67.5,71.5,75.5,76.5,78,79,79.5,81",21.2,75.8,91.84,JiaXipera МM1090Y,18,1
410,410100261549669950410,"65,71.5,74,76,76.5,77.5,78.5,77",15.3,68.32,84.7,JiaXipera МM1090Y,18,1
410,410100261549626930410,"68.5,74.5,76,76.5,78.5,79.5,78.5",21.1,75.67,91.72,JiaXipera МM1090Y,18,1
410,410100261549629580410,"62.5,67,70.5,73.5,74.5,74,76.5,77",17.0,70.48,86.76,JiaXipera МM1090Y,18,1
410,410100261549675260410,"61,65.5,67.5,70,70.5,71.5,73,72",12.1,64.27,80.83,JiaXipera МM1090Y,18,1
410,410100261549626940410,"68.5,75,76,76.5,79,79.5,82,80.5",21.0,75.55,91.6,JiaXipera МM1090Y,18,1
410,410100261549626960410,"71,78.5,79.5,81,82,82.5,84,84.5",21.0,75.55,91.6,JiaXipera МM1090Y,18,1
410,410100261549674670410,"61.5,67,68.5,69.5,71,72,71",13.6,66.17,82.65,JiaXipera МM1090Y,18,1
410,410100261549627020410,"68.5,74,76.5,77.5,77,80,79.5,80.5",20.9,75.42,91.48,JiaXipera МM1090Y,18,1
410,410100261549627970410,"74,76,80.5,81.5,84,83.5,84.5,85.5,84.5,85,86.5",19.9,74.15,90.27,JiaXipera МM1090Y,18,1
410,410100261549627040410,"68.5,78,79,80,79,79.5,83.5",20.8,75.29,91.35,JiaXipera МM1090Y,18,1
410,410100261549627120410,"70.5,73.5,78.5,80,80.5,81,83",20.8,75.29,91.35,JiaXipera МM1090Y,18,1
410,410100261549628350410,"69.5,76.5,78,80.5,81.5,82.5,84",19.6,73.77,89.9,JiaXipera МM1090Y,18,1
410,410100261549627130410,"71,74.5,79,81,81.5,82,82.5,84,84.5",20.8,75.29,91.35,JiaXipera МM1090Y,18,1
410,410100261549621610410,"70,75,78.5,79.5,79,81,83,81",21.2,75.8,91.84,JiaXipera МM1090Y,18,1
410,410100261549627150410,"68,74.5,76,77,78.5,79,79.5,80.5",20.8,75.29,91.35,JiaXipera МM1090Y,18,1
410,410100261549627160410,"65.5,73,75,77.5,78,79,80.5,81.5",21.0,75.55,91.6,JiaXipera МM1090Y,18,1
410,410100261549625880410,"71.5,79,81,82.5,83.5,83,85.5",20.4,74.79,90.87,JiaXipera МM1090Y,18,1
410,410100261549627170410,"67,72.5,76.5,77.5,79,80.5,81,80",20.7,75.17,91.23,JiaXipera МM1090Y,18,1
410,410100261549627190410,"68,77.5,78.5,80.5,81.5,80,80.5",20.7,75.17,91.23,JiaXipera МM1090Y,18,1
410,410100261549627200410,"70,77.5,79,79.5,81.5,82,83,83.5",20.7,75.17,91.23,JiaXipera МM1090Y,18,1
410,410100261549627220410,"68.5,74.5,77.5,78.5,79.5,80.5,81,82.5",20.7,75.17,91.23,JiaXipera МM1090Y,18,1
410,410100261549627230410,"68.5,75.5,79,80.5,80,81.5,83.5,84",20.6,75.04,91.11,JiaXipera МM1090Y,18,1
410,410100261549675630410,"68,75,79,79.5,82,81.5,84,83",20.5,74.91,90.99,JiaXipera МM1090Y,18,1
410,410100261549629120410,"65.5,71.5,74.5,77,78,79,80",17.8,71.49,87.73,JiaXipera МM1090Y,18,1
410,410100261549627310410,"68.5,77,77.5,80,80.5,81,82.5,81.5",20.8,75.29,91.35,JiaXipera МM1090Y,18,1
410,410100261549673950410,"66,69.5,71,71.5,74,73.5,75.5,73.5",14.3,67.06,83.49,JiaXipera МM1090Y,18,1
410,410100261549623860410,"66.5,71.5,76.5,78.5,79,80,80.5,82.5,81",19.4,73.52,89.66,JiaXipera МM1090Y,18,1
410,410100261549627330410,"70.5,77.5,79.5,80.5,82,81.5,83,82",20.6,75.04,91.11,JiaXipera МM1090Y,18,1
410,410100261549674750410,"63,67.5,69,71.5,72,74,71.5",13.1,65.54,82.04,JiaXipera МM1090Y,18,1
410,410100261549623360410,"69.5,74.5,79.5,80.5,80,81,82,81.5",19.8,74.03,90.15,JiaXipera МM1090Y,18,1
410,410100261549627350410,"70,75.5,77.5,80.5,80,81,82.5",20.6,75.04,91.11,JiaXipera МM1090Y,18,1
410,410100261549624180410,"66,70,74.5,75,76.5,77,78,79,78",18.4,72.25,88.45,JiaXipera МM1090Y,18,1
410,410100261549622020410,"70,75.5,79,81,80.5,82,82.5,83,85,84",20.9,75.42,91.48,JiaXipera МM1090Y,18,1
410,410100261549627380410,"68.5,74.5,78,79.5,79,80,81.5,80.5",20.9,75.42,91.48,JiaXipera МM1090Y,18,1
410,410100261549627410410,"70,76.5,80,81,81.5,82,83.5,83",21.3,75.93,91.96,JiaXipera МM1090Y,18,1
410,410100261549627420410,"67,77,79.5,80.5,81,83,83.5,83",21.3,75.93,91.96,JiaXipera МM1090Y,18,1
410,410100261549627450410,"70,76.5,77,80,80.5,81",20.5,74.91,90.99,JiaXipera МM1090Y,18,1
410,410100261549675990410,"71,79,81.5,83,84.5,85,84.5",20.4,74.79,90.87,JiaXipera МM1090Y,18,1
410,410100261549627460410,"67.5,72,74.5,76,77,79.5,79,80",20.5,74.91,90.99,JiaXipera МM1090Y,18,1
410,410100261549674170410,"63.5,72.5",14.1,66.8,83.25,JiaXipera МM1090Y,18,1
410,410100261549628980410,"68,67,71.5,74.5,76.5,76,79,81,80",18.1,71.87,88.09,JiaXipera МM1090Y,18,1
410,410100261549627490410,"67.5,72,75,76,76.5,78,80,79",20.5,74.91,90.99,JiaXipera МM1090Y,18,1
410,410100261549627500410,"69.5,75,76.5,77.5,79,80.5,82.5,81.5",20.5,74.91,90.99,JiaXipera МM1090Y,18,1
410,410100261549628670410,"68,72,77.5,79,79.5,80.5,81.5",18.8,72.76,88.94,JiaXipera МM1090Y,18,1
410,410100261549627600410,"64,69.5,75.5,78,79.5,81,82.5,81",20.5,74.91,90.99,JiaXipera МM1090Y,18,1
410,410100261549628760410,"67.5,73.5,76,77.5,79,79.5,81.5,80",18.5,72.38,88.57,JiaXipera МM1090Y,18,1
410,410100261549627610410,"64,70,74.5,79,79.5,81.5,82",20.5,74.91,90.99,JiaXipera МM1090Y,18,1
410,410100261549625720410,"69,76.5,79.5,81,80.5,82.5,85,84",20.4,74.79,90.87,JiaXipera МM1090Y,18,1
410,410100261549621440410,"69.5,78,79.5,81.5,82.5,83,84.5,83.5",21.4,76.05,92.08,JiaXipera МM1090Y,18,1
410,410100261549627650410,"73,78,79.5,80.5,82.5,82,83",20.5,74.91,90.99,JiaXipera МM1090Y,18,1
410,410100261549627690410,"70.5,75,78,79,80.5,81,82,80.5",20.4,74.79,90.87,JiaXipera МM1090Y,18,1
410,410100261549627710410,"68.5,75,78,80,80.5,81.5,81,81.5",20.4,74.79,90.87,JiaXipera МM1090Y,18,1
410,410100261549671870410,"64.5,72,74,75.5,76,78.5,77.5",15.2,68.2,84.58,JiaXipera МM1090Y,18,1
410,410100261549626260410,"68.5,75,77.5,79,79.5,81.5,83,82",20.1,74.41,90.51,JiaXipera МM1090Y,18,1
410,410100261549627720410,"68,73,76.5,77.5,79.5,80,82,81.5",20.4,74.79,90.87,JiaXipera МM1090Y,18,1
410,410100261549627740410,"70.5,74.5,77.5,78.5,81,82.5,83.5,84.5,82.5",20.4,74.79,90.87,JiaXipera МM1090Y,18,1
410,410100261549627760410,"66.5,67.5,75.5,79,81,81.5,84,83",20.4,74.79,90.87,JiaXipera МM1090Y,18,1
410,410100261549671520410,"66.5,72,73.5,76,76.5,77.5,77",15.6,68.7,85.06,JiaXipera МM1090Y,18,1
410,410100261549627780410,"70,78.5,79.5,80,81,82,83,82.5,83.5,84",20.2,74.53,90.63,JiaXipera МM1090Y,18,1
410,410100261549674050410,"64,67,71,72.5,74.5,73.5,74.5,73",14.3,67.06,83.49,JiaXipera МM1090Y,18,1
410,410100261549622380410,"68,73.5,76,78.5,79,81.5,82,81.5",20.5,74.91,90.99,JiaXipera МM1090Y,18,1
410,410100261549627840410,"71,73,78.5,79.5,79,79.5,81.5,82",20.1,74.41,90.51,JiaXipera МM1090Y,18,1
410,410100261549624140410,"66.5,69,71.5,76,77,78,77.5,79,80",19.5,73.65,89.78,JiaXipera МM1090Y,18,1
410,410100261549627870410,"67.5,72,77,78.5,81,82.5,81.5",20.5,74.91,90.99,JiaXipera МM1090Y,18,1
410,410100261549627680410,"70.5,77.5,80,80.5,82,82.5,85,85.5,83.5",20.4,74.79,90.87,JiaXipera МM1090Y,18,1
410,410100261549627880410,"68.5,73.5,75.5,77.5,78.5,79.5,80.5,79.5",20.1,74.41,90.51,JiaXipera МM1090Y,18,1
410,410100261549627890410,"68.5,73.5,78,79,80.5,81.5,81",20.1,74.41,90.51,JiaXipera МM1090Y,18,1
410,410100261549629360410,"66.5,72.5,74,75.5,76,77,76.5,78,78.5",17.3,70.86,87.12,JiaXipera МM1090Y,18,1
410,410100261549619980410,"68.5,76.5,78.5,79.5,80.5,82.5,83.5,83",20.3,74.66,90.75,JiaXipera МM1090Y,18,1
410,410100261549627900410,"67,74,76,79.5,80,81,82.5,82",20.1,74.41,90.51,JiaXipera МM1090Y,18,1
410,410100261549628900410,"66,71.5,73,74.5,75.5,76.5,78,80",18.2,72.0,88.21,JiaXipera МM1090Y,18,1
410,410100261549675030410,"63,69,71.5,73.5,72.5,75,73.5",12.5,64.78,81.31,JiaXipera МM1090Y,18,1
410,410100261549627910410,"65,72,76.5,78,80,80.5,82,81.5",20.0,74.28,90.39,JiaXipera МM1090Y,18,1
410,410100261549627940410,"65.5,71,73.5,76,78,78.5,80,78.5",20.0,74.28,90.39,JiaXipera МM1090Y,18,1
410,410100261549627320410,"65.5,75.5,78,80.5,80,81.5,81",20.7,75.17,91.23,JiaXipera МM1090Y,18,1
410,410100261549627980410,"68.5,73.5,79,80,81,83,82.5,84",19.9,74.15,90.27,JiaXipera МM1090Y,18,1
410,410100261549623890410,"69.5,75,78.5,78,80.5,80,81,80.5",18.8,72.76,88.94,JiaXipera МM1090Y,18,1
410,410100261549627990410,"70.5,78,79.5,83,84,85.5",19.9,74.15,90.27,JiaXipera МM1090Y,18,1
410,410100261549628040410,"69.5,75.5,79,81,81.5,82,82.5,81.5",19.9,74.15,90.27,JiaXipera МM1090Y,18,1
410,410100261549628050410,"68.5,77.5,80,82,83,85.5,82.5",19.9,74.15,90.27,JiaXipera МM1090Y,18,1
410,410100261549628100410,"69.5,71.5,81,82,83.5,84.5,83.5",19.9,74.15,90.27,JiaXipera МM1090Y,18,1
410,410100261549623870410,"68,73,76.5,77.5,78,79,82,83",19.6,73.77,89.9,JiaXipera МM1090Y,18,1
410,410100261549628120410,"70,75,80,80.5,81,81.5,83.5,81.5",19.8,74.03,90.15,JiaXipera МM1090Y,18,1
410,410100261549629190410,"67.5,74.5,76.5,76,78,79,78,80,79",17.7,71.37,87.6,JiaXipera МM1090Y,18,1
410,410100261549672400410,"68,73,76,76.5,78,76.5,78.5,77.5",15.7,68.83,85.19,JiaXipera МM1090Y,18,1
410,410100261549628160410,"68,71.5,74,78,78.5,79.5,83,81.5,81",19.8,74.03,90.15,JiaXipera МM1090Y,18,1
410,410100261549628170410,"70,76,79,80,81,81.5,84.5,83.5",19.8,74.03,90.15,JiaXipera МM1090Y,18,1
410,410100261549622110410,"71.5,78.5,79.5,80.5,81.5,83,84,85",20.8,75.29,91.35,JiaXipera МM1090Y,18,1
410,410100261549628180410,"67.5,76.5,79,80.5,82.5,82,83,82.5",19.8,74.03,90.15,JiaXipera МM1090Y,18,1
410,410100261549628200410,"69,77.5,81,80.5,82,83,84,83",19.7,73.9,90.02,JiaXipera МM1090Y,18,1
410,410100261549671470410,"67,74,77,76.5,77.5,79,78",15.8,68.96,85.31,JiaXipera МM1090Y,18,1
410,410100261549670840410,"65.5,73,76,77.5,76,76.5,78.5,78",16.3,69.59,85.91,JiaXipera МM1090Y,18,1
410,410100261549628210410,"72,80,83,84,84.5,85.5,87",19.8,74.03,90.15,JiaXipera МM1090Y,18,1
410,410100261549622000410,"73,75.5,80,81.5,82,82.5,84.5",20.9,75.42,91.48,JiaXipera МM1090Y,18,1
410,410100261549628230410,"70,76,76.5,79.5,80,81,81.5,82.5,83",19.8,74.03,90.15,JiaXipera МM1090Y,18,1
410,410100261549628240410,"68.5,74.5,76.5,78.5,79.5,78,81,82",19.8,74.03,90.15,JiaXipera МM1090Y,18,1
410,410100261549671440410,"65,73,75,79,77",15.7,68.83,85.19,JiaXipera МM1090Y,18,1
410,410100261549628260410,"71.5,78,81.5,81,82.5,83,84.5,83,85,84.5",19.7,73.9,90.02,JiaXipera МM1090Y,18,1
410,410100261549672240410,"64.5,69,72.5,73,74,75,76,76.5",15.2,68.2,84.58,JiaXipera МM1090Y,18,1
410,410100261549671810410,"66,71.5,76,75,76,76.5,77.5",15.5,68.58,84.94,JiaXipera МM1090Y,18,1
410,410100261549628280410,"67.5,71,76,77.5,78,79.5,80,81",19.7,73.9,90.02,JiaXipera МM1090Y,18,1
410,410100261549675830410,"68,75,80.5,81.5,82,84,82",20.4,74.79,90.87,JiaXipera МM1090Y,18,1
410,410100261549628140410,"69,76.5,81,81.5,82.5,84,85",19.8,74.03,90.15,JiaXipera МM1090Y,18,1
410,410100261549671990410,"67.5,72,77.5,77,78,78.5,79.5,81,79.5",15.4,68.45,84.82,JiaXipera МM1090Y,18,1
410,410100261549628290410,"68,75,78,81,80,79,81.5,81",19.7,73.9,90.02,JiaXipera МM1090Y,18,1
410,410100261549628320410,"68,73.5,76.5,78.5,78,80.5,81.5,82",19.7,73.9,90.02,JiaXipera МM1090Y,18,1
410,410100261549628330410,"70,76,78,79.5,80,81,81.5,84",19.6,73.77,89.9,JiaXipera МM1090Y,18,1
410,410100261549620520410,"69.5,77,79,79.5,80.5,82.5,83,84,85",21.8,76.56,92.56,JiaXipera МM1090Y,18,1
410,410100261549620050410,"70,75.5,78.5,80,82.5,83,84,82.5",20.3,74.66,90.75,JiaXipera МM1090Y,18,1
410,410100261549628370410,"65.5,74,77.5,78.5,79.5,81,83.5",19.6,73.77,89.9,JiaXipera МM1090Y,18,1
410,410100261549628380410,"68,73,78.5,81,83.5,84.5,84",19.8,74.03,90.15,JiaXipera МM1090Y,18,1
410,410100261549628390410,"70.5,77,79,81.5,83,83.5,82",20.5,74.91,90.99,JiaXipera МM1090Y,18,1
410,410100261549628400410,"71,79,78.5,81,82.5,84,82.5,83.5",20.1,74.41,90.51,JiaXipera МM1090Y,18,1
410,410100261549628410410,"70,78,79.5,81.5,82,84,83",20.1,74.41,90.51,JiaXipera МM1090Y,18,1
410,410100261549629100410,"67,74,75.5,77.5,78.5,78,80,79.5",17.8,71.49,87.73,JiaXipera МM1090Y,18,1
410,410100261549628420410,"66.5,72,75.5,77,78,77.5,78.5,79,78.5",19.6,73.77,89.9,JiaXipera МM1090Y,18,1
410,410100261549627830410,"69.5,76,79,80,81.5,83.5,82.5",20.2,74.53,90.63,JiaXipera МM1090Y,18,1
410,410100261549671660410,"64.5,68,71.5,74,74.5,75.5,77",15.5,68.58,84.94,JiaXipera МM1090Y,18,1
410,410100261549628450410,"70,76.5,79,81.5,82,82.5,84,82.5",20.3,74.66,90.75,JiaXipera МM1090Y,18,1
410,410100261549628460410,"68,75,78.5,80.5,82,83,83.5,82.5",19.5,73.65,89.78,JiaXipera МM1090Y,18,1
410,410100261549619670410,"71,78.5,79.5,81,82.5,84,85,84",20.4,74.79,90.87,JiaXipera МM1090Y,18,1
410,410100261549626590410,"71.5,78,80.5,82,84,86.5,84.5",21.4,76.05,92.08,JiaXipera МM1090Y,18,1
410,410100261549629550410,"69.5,74.5,77,76,77.5,78.5,81.5",17.2,70.73,87.0,JiaXipera МM1090Y,18,1
410,410100261549671290410,"67.5,74,77,77.5,79,78",15.6,68.7,85.06,JiaXipera МM1090Y,18,1
410,410100261549628500410,"64,71.5,72.5,74.5,75.5,76.5,78.5,77",19.6,73.77,89.9,JiaXipera МM1090Y,18,1
410,410100261549626340410,"71,77.5,80,80.5,82,83,84.5,84",20.1,74.41,90.51,JiaXipera МM1090Y,18,1
410,410100261549628520410,"73,74.5,78,79,79.5,80.5,81.5,82,80.5",19.5,73.65,89.78,JiaXipera МM1090Y,18,1
410,410100261549670170410,"67,72.5,76.5,77.5,78,79,78",15.2,68.2,84.58,JiaXipera МM1090Y,18,1
410,410100261549628540410,"66.5,69.5,72.5,76,77.5,77,78.5,78",19.4,73.52,89.66,JiaXipera МM1090Y,18,1
410,410100261549628650410,"69,75.5,79.5,80.5,77.5",18.8,72.76,88.94,JiaXipera МM1090Y,18,1
410,410100261549624700410,"66,71,75,77,79,77.5,80",17.7,71.37,87.6,JiaXipera МM1090Y,18,1
410,410100261549628660410,"66,71,73.5,77,76.5,77.5,78.5,79",18.8,72.76,88.94,JiaXipera МM1090Y,18,1
410,410100261549626970410,"69,77,77.5,79,79.5,81.5,82.5,81.5",20.9,75.42,91.48,JiaXipera МM1090Y,18,1
410,410100261549628780410,"67,75,77,79.5,78.5,79.5,80,80.5",18.5,72.38,88.57,JiaXipera МM1090Y,18,1
410,410100261549628820410,"65.5,71.5,76.5,78,78.5,79.5,81.5,80",18.7,72.63,88.81,JiaXipera МM1090Y,18,1
410,410100261549624620410,"62,72,74,76.5,77.5,77,79,78",18.5,72.38,88.57,JiaXipera МM1090Y,18,1
410,410100261549671050410,"64,73.5,74,75,75.5,76",16.1,69.34,85.67,JiaXipera МM1090Y,18,1
410,410100261549622930410,"67,74,77.5,77,78.5,80,82.5,82",20.3,74.66,90.75,JiaXipera МM1090Y,18,1
410,410100261549628850410,"67,73,74,76,76.5,77,78,79",18.3,72.13,88.33,JiaXipera МM1090Y,18,1
410,410100261549620430410,"74.5,80,83,85.5,86.5,88.5,87",21.9,76.69,92.69,JiaXipera МM1090Y,18,1
410,410100261549628860410,"68,72.5,76,78,76.5,77.5,78,79.5,82",18.3,72.13,88.33,JiaXipera МM1090Y,18,1
410,410100261549674610410,"67.5,68.5,74.5,74,74.5,76,75.5,77.5",13.5,66.04,82.52,JiaXipera МM1090Y,18,1
410,410100261549672380410,"68.5,75,76.5,78,78.5,79,80,79",15.6,68.7,85.06,JiaXipera МM1090Y,18,1
410,410100261549628890410,"66.5,71,75,76,75,76.5,78,80,78.5",18.2,72.0,88.21,JiaXipera МM1090Y,18,1
410,410100261549628910410,"69.5,73.5,77,79,80.5,82,81.5",18.5,72.38,88.57,JiaXipera МM1090Y,18,1
410,410100261549628950410,"67.5,72.5,75,77,76.5,78,77.5,79,78.5,78",18.3,72.13,88.33,JiaXipera МM1090Y,18,1
410,410100261549628990410,"67,69.5,74,76.5,77,76,77.5,78.5,78,79.5",18.0,71.75,87.97,JiaXipera МM1090Y,18,1
410,410100261549628510410,"69.5,74,77.5,79.5,79,80,80.5,80",19.6,73.77,89.9,JiaXipera МM1090Y,18,1
410,410100261549629000410,"68,74,76,78.5,78,77,79.5,80",18.1,71.87,88.09,JiaXipera МM1090Y,18,1
410,410100261549629030410,"64,71,70,72,73.5,75.5,76,75.5,76,77.5",17.9,71.62,87.85,JiaXipera МM1090Y,18,1
410,410100261549629050410,"67,72,74,76,75.5,77.5,80.5,79",17.9,71.62,87.85,JiaXipera МM1090Y,18,1
410,410100261549629060410,"65.5,71.5,73.5,74.5,76,76.5,78,78.5",18.0,71.75,87.97,JiaXipera МM1090Y,18,1
410,410100261549629080410,"66.5,72.5,76,77.5,78,79,79.5,80.5",17.8,71.49,87.73,JiaXipera МM1090Y,18,1
410,410100261549623500410,"68,75.5,78.5,80,81.5,82,83,81.5",19.5,73.65,89.78,JiaXipera МM1090Y,18,1
410,410100261549629090410,"64.5,72,73.5,76.5,75,76.5,79.5,77.5",17.9,71.62,87.85,JiaXipera МM1090Y,18,1
410,410100261549629110410,"66,68.5,75,76.5,77,78,80,78.5",17.9,71.62,87.85,JiaXipera МM1090Y,18,1
410,410100261549629130410,"68.5,65.5,73.5,75,76.5,77,77.5,79,79.5",17.8,71.49,87.73,JiaXipera МM1090Y,18,1
410,410100261549629140410,"66.5,72,74,76,76.5,78,79.5,79",17.8,71.49,87.73,JiaXipera МM1090Y,18,1
410,410100261549629160410,"69,79,78.5,80.5,81.5,82,83,82,83.5,83,82.5",17.8,71.49,87.73,JiaXipera МM1090Y,18,1
410,410100261549620790410,"69.5,77,79.5,82,82.5,83.5,86,83.5",21.7,76.43,92.44,JiaXipera МM1090Y,18,1
410,410100261549629200410,"67,72.5,75,76,78,77,78,81,79.5",17.6,71.24,87.48,JiaXipera МM1090Y,18,1
410,410100261549672450410,"66.5,71.5,75.5,76,76.5,78.5,79,79.5",15.6,68.7,85.06,JiaXipera МM1090Y,18,1
410,410100261549629520410,"69,72,74.5,75.5,76,77,78,79,79.5",17.2,70.73,87.0,JiaXipera МM1090Y,18,1
410,410100261549621510410,"67.5,75.5,78,79,79.5,80,82,80.5",21.3,75.93,91.96,JiaXipera МM1090Y,18,1
410,410100261549629220410,"67.5,74.5,75.5,78.5,78,80,80.5,78.5",17.7,71.37,87.6,JiaXipera МM1090Y,18,1
410,410100261549629230410,"69,71,76.5,78,80,80.5,81",17.6,71.24,87.48,JiaXipera МM1090Y,18,1
410,410100261549629250410,"68,72.5,74.5,75.5,77,79,77",17.5,71.11,87.36,JiaXipera МM1090Y,18,1
410,410100261549629290410,"66,71,74,75.5,76,77.5,79,79.5",17.4,70.99,87.24,JiaXipera МM1090Y,18,1
410,410100261549628340410,"70.5,76,80,79.5,80,80.5,81,82.5,81.5",19.7,73.9,90.02,JiaXipera МM1090Y,18,1
410,410100261549629310410,"68,72,75,75.5,77,78,78.5",17.4,70.99,87.24,JiaXipera МM1090Y,18,1
410,410100261549671770410,"67,71,75,75.5,77,76,78,76.5",15.5,68.58,84.94,JiaXipera МM1090Y,18,1
410,410100261549629370410,"67.5,74.5,76,77,78,78.5,80,81,80",17.3,70.86,87.12,JiaXipera МM1090Y,18,1
410,410100261549670340410,"64,72.5,73.5,75,76.5,77.5,76",15.7,68.83,85.19,JiaXipera МM1090Y,18,1
410,410100261549629380410,"67,68,72,76.5,77,77.5,79,79.5",17.7,71.37,87.6,JiaXipera МM1090Y,18,1
410,410100261549672140410,"67.5,73.5,75,77,78.5,79.5,80.5,82,81.5",15.4,68.45,84.82,JiaXipera МM1090Y,18,1
410,410100261549674280410,"66.5,68,74.5,75,75.5,77.5,76",13.9,66.55,83.01,JiaXipera МM1090Y,18,1
410,410100261549629400410,"66,70,73,74,75,76.5,75.5,76.5",17.9,71.62,87.85,JiaXipera МM1090Y,18,1
410,410100261549629420410,"69.5,75,78,77.5,78.5,80,82.5,81.5,82",17.7,71.37,87.6,JiaXipera МM1090Y,18,1
410,410100261549628930410,"64.5,66.5,71,74,75.5,76.5,79,78",18.2,72.0,88.21,JiaXipera МM1090Y,18,1
410,410100261549629430410,"66.5,71.5,74,77.5,76.5,77,80,78",17.3,70.86,87.12,JiaXipera МM1090Y,18,1
410,410100261549629450410,"69.5,75,76.5,78,77,78.5,78,79.5,79,79.5",17.3,70.86,87.12,JiaXipera МM1090Y,18,1
410,410100261549628250410,"66,75,77,80,80.5,81,82,83.5,83",19.8,74.03,90.15,JiaXipera МM1090Y,18,1
410,410100261549629460410,"66.5,71.5,74,76.5,76,78,77.5,77",17.6,71.24,87.48,JiaXipera МM1090Y,18,1
410,410100261549629530410,"67.5,73.5,76,76.5,78,77.5,77,78,77.5,79",17.1,70.6,86.88,JiaXipera МM1090Y,18,1
410,410100261549629590410,"64.5,69,72.5,76,76.5,77.5,77",17.0,70.48,86.76,JiaXipera МM1090Y,18,1
410,410100261549629600410,"63.5,70,73.5,75,76,78.5",17.0,70.48,86.76,JiaXipera МM1090Y,18,1
410,410100261549669340410,"65.5,69,71,74.5,75,76,75",15.8,68.96,85.31,JiaXipera МM1090Y,18,1
410,410100261549669460410,"65,69.5,72,73.5,74.5,76,77,75.5",15.7,68.83,85.19,JiaXipera МM1090Y,18,1
410,410100261549669470410,"68,74.5,75.5,76,77.5,78,77.5",15.7,68.83,85.19,JiaXipera МM1090Y,18,1
410,410100261549669480410,"62.5,69,72.5,75.5,74,74.5,76,75.5",15.6,68.7,85.06,JiaXipera МM1090Y,18,1
410,410100261549669590410,"67,71,77,78,77,78,78.5,79",15.7,68.83,85.19,JiaXipera МM1090Y,18,1
410,410100261549669610410,"66,75,77.5,77,78.5,79.5",15.6,68.7,85.06,JiaXipera МM1090Y,18,1
410,410100261549672050410,"63,66.5,69.5,72.5,71.5,72,72.5,72",15.2,68.2,84.58,JiaXipera МM1090Y,18,1
410,410100261549669710410,"66.5,70,74.5,75,75.5,76.5,77,76.5",15.3,68.32,84.7,JiaXipera МM1090Y,18,1
410,410100261549670290410,"71,73,73.5,75.5,76.5,78,76.5",15.8,68.96,85.31,JiaXipera МM1090Y,18,1
410,410100261549669720410,"65,73.5,76,78,79.5,80,78.5",15.3,68.32,84.7,JiaXipera МM1090Y,18,1
410,410100261549619680410,"69,75,79,80.5,82,84.5,83.5",20.3,74.66,90.75,JiaXipera МM1090Y,18,1
410,410100261549669730410,"66,71.5,74.5,75,75.5,77,76",15.3,68.32,84.7,JiaXipera МM1090Y,18,1
410,410100261549626300410,"68,74.5,79,79.5,80,81.5,82,81.5,83",20.2,74.53,90.63,JiaXipera МM1090Y,18,1
410,410100261549669740410,"67.5,73.5,76.5,78,78.5,79.5,80,81,80,81,82",15.2,68.2,84.58,JiaXipera МM1090Y,18,1
410,410100261549669750410,"67,72,74.5,75,76.5,78",15.3,68.32,84.7,JiaXipera МM1090Y,18,1
410,410100261549669760410,"60.5,68.5,69.5,72,72.5,74,74.5,76.5",15.3,68.32,84.7,JiaXipera МM1090Y,18,1
410,410100261549670350410,"66,68.5,72,73,74.5,76,78,76",15.9,69.08,85.43,JiaXipera МM1090Y,18,1
410,410100261549624670410,"65,70.5,73,75.5,76.5,77.5,78.5,78",18.5,72.38,88.57,JiaXipera МM1090Y,18,1
410,410100261549672130410,"62.5,67.5,69.5,70.5,71.5,72,73,71.5",15.2,68.2,84.58,JiaXipera МM1090Y,18,1
410,410100261549670850410,"67,71,73.5,75,76,76.5,78.5,76.5",15.6,68.7,85.06,JiaXipera МM1090Y,18,1
410,410100261549626480410,"68.5,69.5,74,75.5,76,78,79.5,80.5",20.2,74.53,90.63,JiaXipera МM1090Y,18,1
410,410100261549669770410,"64,69,71.5,74.5,75.5,77,76.5,77.5,77",15.3,68.32,84.7,JiaXipera МM1090Y,18,1
410,410100261549669780410,"64,69,73.5,75,75.5,77,78,77",15.3,68.32,84.7,JiaXipera МM1090Y,18,1
410,410100261549669810410,"65,72,74.5,78,79,78.5",15.3,68.32,84.7,JiaXipera МM1090Y,18,1
410,410100261549669820410,"61.5,67,71,73,72.5,74.5,73.5",15.3,68.32,84.7,JiaXipera МM1090Y,18,1
410,410100261549624690410,"66.5,71.5,74,75,75.5,76,78.5,77",18.0,71.75,87.97,JiaXipera МM1090Y,18,1
410,410100261549669830410,"67,72.5,74.5,76.5,78.5,78,78.5,78",15.3,68.32,84.7,JiaXipera МM1090Y,18,1
410,410100261549669840410,"68.5,74,75.5,76.5,77,77.5,78,77.5",15.3,68.32,84.7,JiaXipera МM1090Y,18,1
410,410100261549674760410,"61.5,64.5,67.5,68.5,70,71,71.5,70.5",13.1,65.54,82.04,JiaXipera МM1090Y,18,1
410,410100261549669870410,"67.5,73,75,75.5,75,77,77.5,76.5",15.3,68.32,84.7,JiaXipera МM1090Y,18,1
410,410100261549673620410,"62,68,70.5,71.5,72,73,75,73",14.6,67.44,83.86,JiaXipera МM1090Y,18,1
410,410100261549669900410,"65.5,70.5,74,75.5,75,76.5,75.5",15.3,68.32,84.7,JiaXipera МM1090Y,18,1
410,410100261549669930410,"67,72,76,75.5,76,77,79,78",15.3,68.32,84.7,JiaXipera МM1090Y,18,1
410,410100261549669940410,"65.5,69,75,75.5,77,78,78.5",15.3,68.32,84.7,JiaXipera МM1090Y,18,1
410,410100261549671420410,"68,73.5,76,77,78,77.5",15.6,68.7,85.06,JiaXipera МM1090Y,18,1
410,410100261549669980410,"68,74,76.5,78,80,80.5,80",15.3,68.32,84.7,JiaXipera МM1090Y,18,1
410,410100261549622560410,"69.5,72.5,75.5,78,80,79,81.5,83,81",20.4,74.79,90.87,JiaXipera МM1090Y,18,1
410,410100261549670000410,"67.5,71,74.5,76.5,77.5,77,80,78",15.3,68.32,84.7,JiaXipera МM1090Y,18,1
410,410100261549670020410,"66,70.5,72.5,75,74.5,75.5,77.5,76",15.6,68.7,85.06,JiaXipera МM1090Y,18,1
410,410100261549670070410,"65.5,71,74,74.5,75,75.5,76.5,77",15.7,68.83,85.19,JiaXipera МM1090Y,18,1
410,410100261549670080410,"67,73.5,75,77.5,77,76.5,78,77.5",15.3,68.32,84.7,JiaXipera МM1090Y,18,1
410,410100261549675840410,"64.5,71,72.5,73.5,76.5,78.5,80,79,79.5,81.5",20.3,74.66,90.75,JiaXipera МM1090Y,18,1
410,410100261549670120410,"65,73,75,75.5,76.5,77.5,78.5",15.7,68.83,85.19,JiaXipera МM1090Y,18,1
410,410100261549621690410,"68,76.5,77,78.5,80,81,83.5,82.5,85",21.3,75.93,91.96,JiaXipera МM1090Y,18,1
410,410100261549628110410,"70.5,77.5,78,79,80.5,80,82,83,84.5",19.8,74.03,90.15,JiaXipera МM1090Y,18,1
410,410100261549670140410,"65.5,72.5,73.5,75,75.5,77.5,76.5",15.8,68.96,85.31,JiaXipera МM1090Y,18,1
410,410100261549627250410,"68.5,76.5,80.5,82.5,82,83.5,84.5,83.5,84",20.7,75.17,91.23,JiaXipera МM1090Y,18,1
410,410100261549670180410,"68,74,75.5,77.5,77,77.5,79,78.5",15.6,68.7,85.06,JiaXipera МM1090Y,18,1
410,410100261549670190410,"67,69,71,73.5,76,78,77",15.9,69.08,85.43,JiaXipera МM1090Y,18,1
410,410100261549670210410,"68.5,72,74.5,73.5,74.5,75,76,74.5",15.2,68.2,84.58,JiaXipera МM1090Y,18,1
410,410100261549670530410,"65,70.5,73.5,78.5,76,75.5,76,78,76",15.1,68.07,84.46,JiaXipera МM1090Y,18,1
410,410100261549671260410,"64.5,70.5,74.5,76,77.5,78.5,78",15.7,68.83,85.19,JiaXipera МM1090Y,18,1
410,410100261549670250410,"65,70,73,74.5,75,76.5,75.5",15.3,68.32,84.7,JiaXipera МM1090Y,18,1
410,410100261549626550410,"68,74,77.5,79,79.5,80.5,82",21.5,76.18,92.2,JiaXipera МM1090Y,18,1
410,410100261549670270410,"65.5,72,74.5,75.5,76.5,78,77.5",15.9,69.08,85.43,JiaXipera МM1090Y,18,1
410,410100261549620490410,"72,79.5,82,83,85,86,87.5",21.9,76.69,92.69,JiaXipera МM1090Y,18,1
410,410100261549619920410,"71,79.5,84.5,84,85.5,87.5,85.5",20.3,74.66,90.75,JiaXipera МM1090Y,18,1
410,410100261549670280410,"65.5,68,73.5,75,74.5,75,77,77.5",15.9,69.08,85.43,JiaXipera МM1090Y,18,1
410,410100261549670320410,"64.5,70.5,72,73.5,75,74.5,77,77.5",15.4,68.45,84.82,JiaXipera МM1090Y,18,1
410,410100261549670550410,"63,70,72,74.5,75,76.5,75",15.1,68.07,84.46,JiaXipera МM1090Y,18,1
410,410100261549670330410,"65.5,69,74,73.5,75.5,76.5,78,76",15.4,68.45,84.82,JiaXipera МM1090Y,18,1
410,410100261549671120410,"67.5,71,73,74.5,75.5,76,77",15.9,69.08,85.43,JiaXipera МM1090Y,18,1
410,410100261549670450410,"66,70.5,73.5,75,75.5,76.5,77",15.9,69.08,85.43,JiaXipera МM1090Y,18,1
410,410100261549670470410,"64,70,73,72.5,74.5,75,75.5,76.5,76",15.1,68.07,84.46,JiaXipera МM1090Y,18,1
410,410100261549671400410,"65,72,74.5,75.5,74.5,76.5,77.5,78.5",15.7,68.83,85.19,JiaXipera МM1090Y,18,1
410,410100298349516620410,"63.5,69,73,76,75.5,76,79,77.5",17.0,70.48,86.76,JiaXipera МM1090Y,18,1
410,410100261549670480410,"65.5,71.5,73,75,75.5,76,76.5",15.2,68.2,84.58,JiaXipera МM1090Y,18,1
410,410100261549622590410,"65.5,77.5,78,79,80,82.5,83,85.5,82",20.4,74.79,90.87,JiaXipera МM1090Y,18,1
410,410100261549670520410,"62,66,68.5,71,72.5,73.5,73",15.1,68.07,84.46,JiaXipera МM1090Y,18,1
410,410100261549670540410,"64.5,74,73,75,74.5,75,77",15.2,68.2,84.58,JiaXipera МM1090Y,18,1
410,410100261549670590410,"65.5,68,72,74,74.5,75,76,77.5",15.1,68.07,84.46,JiaXipera МM1090Y,18,1
410,410100261549671180410,"65,70,74,74.5,76.5,77,77.5,78",15.8,68.96,85.31,JiaXipera МM1090Y,18,1
410,410100261549670820410,"67,71.5,74,75,77.5,78,78.5",16.3,69.59,85.91,JiaXipera МM1090Y,18,1
410,410100261549670830410,"66.5,71.5,74.5,77,76.5,77,78,77",16.3,69.59,85.91,JiaXipera МM1090Y,18,1
410,410100261549670860410,"66.5,73,75.5,76.5,77,79,78.5",16.2,69.46,85.79,JiaXipera МM1090Y,18,1
410,410100261549674780410,"64.5,68.5,70,71,72.5,74,75.5,74",13.3,65.79,82.28,JiaXipera МM1090Y,18,1
410,410100261549670880410,"67.5,68,71,75,75.5,76.5,77.5,78,77.5,78.5",16.2,69.46,85.79,JiaXipera МM1090Y,18,1
410,410100261549670950410,"69,72,73.5,77.5,76.5,77.5,78.5,80",16.2,69.46,85.79,JiaXipera МM1090Y,18,1
410,410100261549672030410,"69,71.5,76.5,76,77.5,78,79,78.5",15.4,68.45,84.82,JiaXipera МM1090Y,18,1
410,410100261549671320410,"64.5,70.5,72.5,73.5,74.5,75.5,74",15.7,68.83,85.19,JiaXipera МM1090Y,18,1
410,410100261549621460410,"76.5,83,85,87,88,89,89.5",21.9,76.69,92.69,JiaXipera МM1090Y,18,1
410,410100261549629210410,"67.5,75,76.5,78.5,79.5,81.5,81",17.6,71.24,87.48,JiaXipera МM1090Y,18,1
410,410100261549670990410,"66,74,75,76.5,75.5,75,78.5,77",16.1,69.34,85.67,JiaXipera МM1090Y,18,1
410,410100261549671000410,"67.5,72.5,75,75.5,77.5,77,78.5,78",16.2,69.46,85.79,JiaXipera МM1090Y,18,1
410,410100261549625400410,"69,73,76,78,78.5,79,79.5,80",16.5,69.84,86.15,JiaXipera МM1090Y,18,1
410,410100261549671030410,"66,72.5,75,75.5,76.5,77,78,77",16.0,69.21,85.55,JiaXipera МM1090Y,18,1
410,410100261549671080410,"64.5,69.5,72.5,73,74,74.5,75.5,76",16.1,69.34,85.67,JiaXipera МM1090Y,18,1
410,410100261549627620410,"65,70,74,77.5,79.5,80,82,80",20.5,74.91,90.99,JiaXipera МM1090Y,18,1
410,410100261549671090410,"67.5,69,71.5,74.5,75,76,78,79,77",15.9,69.08,85.43,JiaXipera МM1090Y,18,1
410,410100261549671100410,"62.5,68,69,71.5,72,73.5,74",16.1,69.34,85.67,JiaXipera МM1090Y,18,1
410,410100261549624970410,"67,71,73,75.5,74.5,76,76.5,79.5,77.5",17.2,70.73,87.0,JiaXipera МM1090Y,18,1
410,410100261549671110410,"67,72,73,74,75.5,77.5,77,78,79",15.9,69.08,85.43,JiaXipera МM1090Y,18,1
410,410100261549671130410,"64.5,71.5,73,74,74.5,75,75.5,75",15.9,69.08,85.43,JiaXipera МM1090Y,18,1
410,410100261549619890410,"72.5,79.5,82.5,83,84.5,86,86.5,85.5",20.3,74.66,90.75,JiaXipera МM1090Y,18,1
410,410100261549671190410,"63,70,72,72.5,73,74,74.5,74",15.9,69.08,85.43,JiaXipera МM1090Y,18,1
410,410100261549674230410,"62.5,66.5,69,72,72.5,74,73",13.9,66.55,83.01,JiaXipera МM1090Y,18,1
410,410100261549624110410,"65,70.5,74.5,75.5,79,78.5,78",18.5,72.38,88.57,JiaXipera МM1090Y,18,1
410,410100261549671200410,"64,72,73,74,74.5,75.5,76,77,77.5",15.8,68.96,85.31,JiaXipera МM1090Y,18,1
410,410100261549671210410,"68,74,75,77,78.5,76",15.9,69.08,85.43,JiaXipera МM1090Y,18,1
410,410100261549671240410,"66.5,69.5,71.5,75.5,76,77,77.5,78.5",15.8,68.96,85.31,JiaXipera МM1090Y,18,1
410,410100261549619880410,"71.5,77.5,84,85,86.5,88.5,87",20.4,74.79,90.87,JiaXipera МM1090Y,18,1
410,410100261549671270410,"67.5,72.5,75.5,77,76.5,77.5,78.5,80,79,79.5",15.6,68.7,85.06,JiaXipera МM1090Y,18,1
410,410100261549671310410,"64.5,71,75,76,77,78,80.5,78.5",15.6,68.7,85.06,JiaXipera МM1090Y,18,1
410,410100261549628470410,"70.5,75.5,78,79,81.5,82.5,81",19.5,73.65,89.78,JiaXipera МM1090Y,18,1
410,410100261549671340410,"63.5,70,73,74.5,75.5,76,77,78.5",15.7,68.83,85.19,JiaXipera МM1090Y,18,1
410,410100261549671350410,"67,70.5,76,76.5,78,78.5,79,78.5",16.1,69.34,85.67,JiaXipera МM1090Y,18,1
410,410100261549626710410,"69,75,78,79,79.5,81,80.5",21.3,75.93,91.96,JiaXipera МM1090Y,18,1
410,410100261549623810410,"69,75,77,78.5,80,82.5,82",19.6,73.77,89.9,JiaXipera МM1090Y,18,1
410,410100261549671370410,"70.5,74,77.5,76,77,78,77,78.5,78",15.7,68.83,85.19,JiaXipera МM1090Y,18,1
410,410100261549671450410,"67,72.5,75.5,77.5,78,80,79.5",15.7,68.83,85.19,JiaXipera МM1090Y,18,1
410,410100261549674650410,"65,63.5,66.5,71,72.5,73.5,72,74",13.5,66.04,82.52,JiaXipera МM1090Y,18,1
410,410100261549673030410,"63.5,68,71.5,72.5,74,73,74,74.5,75.5",14.9,67.82,84.22,JiaXipera МM1090Y,18,1
410,410100261549671480410,"67,70.5,73.5,74,75.5,75,77.5,75.5",15.6,68.7,85.06,JiaXipera МM1090Y,18,1
410,410100261549671490410,"65.5,70.5,72.5,73.5,74,75,75.5,77",15.6,68.7,85.06,JiaXipera МM1090Y,18,1
410,410100261549625560410,"70.5,78,80.5,81,82,83.5,84.5,83.5",20.4,74.79,90.87,JiaXipera МM1090Y,18,1
410,410100261549671500410,"63.5,67.5,72,74,72,74,75.5,74.5",15.6,68.7,85.06,JiaXipera МM1090Y,18,1
410,410100261549671540410,"66,72.5,76,78,80,78,79.5,80.5",15.6,68.7,85.06,JiaXipera МM1090Y,18,1
410,410100261549675140410,"64.5,70,72,74,73.5,74.5,74,75",12.4,64.65,81.19,JiaXipera МM1090Y,18,1
410,410100261549671570410,"64,68,71,72,73.5,72.5,74.5,73.5",15.6,68.7,85.06,JiaXipera МM1090Y,18,1
410,410100261549675920410,"68,74,76.5,77.5,78,79.5,80.5,82",20.3,74.66,90.75,JiaXipera МM1090Y,18,1
410,410100261549671580410,"65.5,68.5,72,74,74.5,77.5,77",15.5,68.58,84.94,JiaXipera МM1090Y,18,1
410,410100261549628070410,"71.5,76.5,78,81,81.5,82,83.5,84",19.9,74.15,90.27,JiaXipera МM1090Y,18,1
410,410100261549671630410,"63.5,69,73.5,75,75.5,76.5,77,75.5",15.5,68.58,84.94,JiaXipera МM1090Y,18,1
410,410100261549674130410,"63.5,67,70.5,73,75,76,74.5",14.1,66.8,83.25,JiaXipera МM1090Y,18,1
410,410100261549671650410,"64.5,69.5,73,73.5,74.5,75.5,75,77,76.5",15.5,68.58,84.94,JiaXipera МM1090Y,18,1
410,410100261549671670410,"68,71,73,75.5,77,78,78.5,79",15.5,68.58,84.94,JiaXipera МM1090Y,18,1
410,410100261549671700410,"69,72.5,73,76,77.5,78,77",15.5,68.58,84.94,JiaXipera МM1090Y,18,1
410,410100298349517660410,"65,74,76.5,78.5,79.5,80.5,81",18.7,72.63,88.81,JiaXipera МM1090Y,18,1
410,410100261549671710410,"66.5,71.5,75.5,76,77,76.5,79,78.5",15.5,68.58,84.94,JiaXipera МM1090Y,18,1
410,410100261549624850410,"64.5,73,74.5,76.5,77,78.5",17.4,70.99,87.24,JiaXipera МM1090Y,18,1
410,410100261549671830410,"65.5,70,73,75,75.5,76.5,78",15.7,68.83,85.19,JiaXipera МM1090Y,18,1
410,410100261549621570410,"67.5,76,78,80,81,82,82.5",21.4,76.05,92.08,JiaXipera МM1090Y,18,1
410,410100261549622170410,"69,74,79,79.5,80,81.5,83.5,82.5",20.7,75.17,91.23,JiaXipera МM1090Y,18,1
410,410100261549671890410,"67.5,70.5,75,75.5,77.5,77,79,77.5",15.4,68.45,84.82,JiaXipera МM1090Y,18,1
410,410100261549629410410,"69,70.5,76,77,77.5,77,78.5,78,78.5",17.7,71.37,87.6,JiaXipera МM1090Y,18,1
410,410100261549671900410,"64,68.5,70.5,71,73.5,75.5,76.5,78.5,79,78.5",15.5,68.58,84.94,JiaXipera МM1090Y,18,1
410,410100261549671910410,"65.5,71,74,75.5,77,78.5,78",15.4,68.45,84.82,JiaXipera МM1090Y,18,1
410,410100261549673320410,"64,69,71.5,72.5,73,74,73.5",14.8,67.69,84.1,JiaXipera МM1090Y,18,1
410,410100261549671920410,"67.5,72,76.5,75,75.5,75,77,76.5",15.4,68.45,84.82,JiaXipera МM1090Y,18,1
410,410100261549620180410,"67.5,73,77.5,80,81,82.5,84.5,81",20.3,74.66,90.75,JiaXipera МM1090Y,18,1
410,410100261549671940410,"68.5,72.5,74.5,75,76.5,77.5,79,77.5",15.5,68.58,84.94,JiaXipera МM1090Y,18,1
410,410100261549624400410,"65,73.5,77,77.5,78.5,81,81.5,80",18.1,71.87,88.09,JiaXipera МM1090Y,18,1
410,410100261549671950410,"64.5,69,73,74,75,76.5,78,76.5",15.7,68.83,85.19,JiaXipera МM1090Y,18,1
410,410100261549629390410,"65.5,68.5,73,75.5,76.5,77.5,78.5,79,77.5",17.8,71.49,87.73,JiaXipera МM1090Y,18,1
410,410100261549671960410,"64,70,73.5,75,76.5,78,77",15.5,68.58,84.94,JiaXipera МM1090Y,18,1
410,410100261549671970410,"65.5,71,74,75,76.5,77.5,77,77.5,79",15.3,68.32,84.7,JiaXipera МM1090Y,18,1
410,410100261549671980410,"68.5,71.5,75.5,78,80,78.5",15.4,68.45,84.82,JiaXipera МM1090Y,18,1
410,410100261549672000410,"64,71.5,71,75,74.5,76,77.5,75,76.5",15.2,68.2,84.58,JiaXipera МM1090Y,18,1
410,410100261549672010410,"64.5,70,72.5,74,74.5,75,76,77",15.2,68.2,84.58,JiaXipera МM1090Y,18,1
410,410100261549672020410,"64,71,73.5,73,76.5,77.5,76",15.4,68.45,84.82,JiaXipera МM1090Y,18,1
410,410100261549672060410,"66,71.5,74,74.5,75.5,76.5,77.5,77",15.3,68.32,84.7,JiaXipera МM1090Y,18,1
410,410100261549670920410,"68,72,74,75.5,76.5,76,77.5,78",16.2,69.46,85.79,JiaXipera МM1090Y,18,1
410,410100261549672070410,"65,71,73,74.5,74,75.5",15.2,68.2,84.58,JiaXipera МM1090Y,18,1
410,410100261549675660410,"67,74.5,76.5,78,79.5,80.5,82.5,80",20.5,74.91,90.99,JiaXipera МM1090Y,18,1
410,410100261549671860410,"64.5,71,73.5,74,75.5,76.5,77,78",15.5,68.58,84.94,JiaXipera МM1090Y,18,1
410,410100261549672110410,"63,69,70.5,73.5,73,74,74.5",15.2,68.2,84.58,JiaXipera МM1090Y,18,1
410,410100261549672120410,"65.5,71,75.5,75,77,76.5,77.5,78,77",15.4,68.45,84.82,JiaXipera МM1090Y,18,1
410,410100298349518260410,"44,47,51,52.5,53.5,54.5,56.5,56",18.2,72.0,88.21,NS,NS,0
410,410100261549675810410,"77.5,84,90,91,94,97.5",20.4,74.79,90.87,NS,NS,0
410,410100261549622350410,"69,76.5,78.5,80,66",20.6,75.04,91.11,NS,NS,0
410,410100261549622370410,"69.5,76,78,78.5,80,80.5,82,66.5",20.6,75.04,91.11,NS,NS,0
410,410100261549622330410,"67.5,74.5,69",20.6,75.04,91.11,NS,NS,0
410,410100261549625930410,"70.5,71.5,70.5,70,69,71.5,70.5,69",20.2,74.53,90.63,NS,NS,0
410,410100261549676160410,"62,66,68,71,72.5,73.5,72.5,70.5",20.3,74.66,90.75,NS,NS,0
410,410100261549674840410,"81,88,92,88.5,85.5,84,83",12.8,65.16,81.68,NS,NS,0
410,410100261549622890410,"70.5,78.5,80.5,81,82,481.5,481.5",20.0,74.28,90.39,NS,NS,0
410,410100261549671780410,"58,61,65.5,64,63.5,67,66,66.5",15.5,68.58,84.94,NS,NS,0
999,999999,"16.2,101.4,106.7,107.2,117.2",10.5,999.0,999.0,999,999,0
999,999999,"79.6,83.0,107.5,84.2,86.6,88.1,88.2,85.9",10.4,999.0,999.0,999,999,0
999,999999,"102.2,150.0,100.8,103.3,104.8",9.8,999.0,999.0,999,999,0
999,999999,"63.6,64.7,67.8,68.4,68.1,71.7,73.3,74.3",10.4,999.0,999.0,999,999,0
999,999999,"79.2,81.9,83.0,85.1,86.6,88.5,91.1,91.2,93.0,22.9",10.8,999.0,999.0,999,999,0
999,999999,"91.9,98.2,98.1,99.8,99.7,106.3,106.9,109.5",10.0,999.0,999.0,999,999,0
999,999999,"62.1,63.5,63.5,65.7,68.6,72.1,71.8,71.5,73.0",10.2,999.0,999.0,999,999,0
999,999999,"108.3,110.9,115.6,116.8,117.8",11.2,999.0,999.0,999,999,0
999,999999,"73.5,74.7,109.4,78.1,78.3,79.9,80.4,78.9,82.3,81.3",11.0,999.0,999.0,999,999,0
999,999999,"94.5,96.6,163.3,97.7,97.5",11.0,999.0,999.0,999,999,0
999,999999,"65.0,67.4,68.5,70.0,72.1,72.7,75.3",11.1,999.0,999.0,999,999,0
999,999999,"66.8,71.4,73.4,74.2,75.5,75.2,74.9",11.5,999.0,999.0,999,999,0
999,999999,"74.2,74.4,79.5,79.1,80.4,80.5,82.1",11.1,999.0,999.0,999,999,0
999,999999,"75.3,79.7,80.8,82.1,83.2",11.4,999.0,999.0,999,999,0
999,999999,"88.8,98.0,97.7,95.2,93.8,93.7,94.1,100.6,98.1",11.7,999.0,999.0,999,999,0
999,999999,"79.1,79.5,79.7,79.5,80.8,81.3",12.0,999.0,999.0,999,999,0
999,999999,"77.8,26.1,83.2,89.6,94.5,99.6",11.5,999.0,999.0,999,999,0
999,999999,"77.9,77.4,78.0,79.3,81.3,85.1,87.0,15.8,86.7",11.9,999.0,999.0,999,999,0
999,999999,"72.6,75.1,77.7,80.7,83.1,89.1,87.5",11.4,999.0,999.0,999,999,0
999,999999,"62.3,68.2,70.1,76.1,75.2,75.8,76.4,74.9",11.5,999.0,999.0,999,999,0
999,999999,"71.4,70.4,69.9,68.3,67.3,72.1,71.8",12.0,999.0,999.0,999,999,0
999,999999,"106.0,107.2,109.7,110.4,118.2,118.4",12.5,999.0,999.0,999,999,0
999,999999,"78.7,79.7,82.0,126.4,90.0,28.9,96.5,97.5,101.1",12.6,999.0,999.0,999,999,0
999,999999,"95.5,97.1,99.7,101.2,103.4,102.7,106.0,108.8,113.2,111.6",12.6,999.0,999.0,999,999,0
999,999999,"101.1,101.8,105.5,105.8,107.0,106.2,107.6,108.5",12.1,999.0,999.0,999,999,0
999,999999,"70.8,71.5,73.4,81.8,84.1,85.0",12.1,999.0,999.0,999,999,0
999,999999,"71.4,78.0,78.3,81.3,21.9,89.5",12.5,999.0,999.0,999,999,0
999,999999,"71.1,73.1,75.8,78.7,80.1,84.9,89.8,88.3,87.6,88.1",12.2,999.0,999.0,999,999,0
999,999999,"115.1,114.9,116.5,118.4,118.7",13.3,999.0,999.0,999,999,0
999,999999,"78.1,80.1,84.2,87.1,91.9,92.9,128.6",12.9,999.0,999.0,999,999,0
999,999999,"114.5,115.1,112.6,113.0,20.6,116.3",13.4,999.0,999.0,999,999,0
999,999999,"95.7,99.4,105.2,108.1,108.0,108.2,107.1,109.1,109.7,110.7",12.8,999.0,999.0,999,999,0
999,999999,"115.0,106.0,105.1,106.1,107.1,108.4,109.6",13.1,999.0,999.0,999,999,0
999,999999,"64.7,65.8,71.4,78.5,80.5,84.8",12.8,999.0,999.0,999,999,0
999,999999,"64.8,65.6,66.1,64.9,72.2,78.7",13.6,999.0,999.0,999,999,0
999,999999,"65.6,69.7,71.4,74.5,137.4,78.0",13.9,999.0,999.0,999,999,0
999,999999,"94.6,94.9,97.3,98.8,100.6,101.2,102.0,104.0,106.1",13.4,999.0,999.0,999,999,0
999,999999,"93.8,96.0,194.6,94.7,96.1,97.0,97.5,98.4,100.7,102.7",14.1,999.0,999.0,999,999,0
999,999999,"97.7,99.2,102.1,102.4,105.6",13.9,999.0,999.0,999,999,0
999,999999,"75.9,76.7,78.9,84.1,85.4,84.3",14.3,999.0,999.0,999,999,0
999,999999,"95.4,95.6,95.9,96.2,102.4,104.5,105.7,110.2",13.6,999.0,999.0,999,999,0
999,999999,"61.6,62.2,62.4,63.3,64.6,68.0,69.0,67.8,68.9,72.4",13.7,999.0,999.0,999,999,0
999,999999,"116.4,116.9,116.5,116.3,113.8,116.0",14.7,999.0,999.0,999,999,0
999,999999,"102.0,101.2,105.0,106.2,112.5,112.2,113.5,115.5,117.9,119.7",14.5,999.0,999.0,999,999,0
999,999999,"82.3,82.7,84.4,88.4,86.5,84.8,85.0,85.6,94.4,95.6",14.3,999.0,999.0,999,999,0
999,999999,"67.8,70.7,72.8,75.5,77.6,83.9",14.2,999.0,999.0,999,999,0
999,999999,"80.2,82.0,81.8,84.5,84.8,85.3,83.2",14.6,999.0,999.0,999,999,0
999,999999,"108.5,108.8,106.9,111.4,112.2,113.0,116.1,117.4",14.8,999.0,999.0,999,999,0
999,999999,"94.6,95.3,102.8,104.3,146.0,107.4",14.9,999.0,999.0,999,999,0
999,999999,"113.7,112.8,113.4,112.1,112.4,114.8,117.3,116.2",14.6,999.0,999.0,999,999,0
999,999999,"60.7,67.3,67.7,66.7,75.3,78.6,79.0,75.0,80.5",15.0,999.0,999.0,999,999,0
999,999999,"96.2,98.3,99.4,101.7,103.2,105.4,100.3",14.7,999.0,999.0,999,999,0
999,999999,"67.6,72.3,80.0,81.3,82.7,88.5,94.3",14.8,999.0,999.0,999,999,0
999,999999,"68.9,69.2,71.7,72.7,72.5",15.7,999.0,999.0,999,999,0
999,999999,"84.0,85.2,92.2,92.9,91.7,97.4,105.0,106.2",15.4,999.0,999.0,999,999,0
999,999999,"58.3,65.5,66.4,66.9,70.3,73.2,74.0",15.6,999.0,999.0,999,999,0
999,999999,"53.7,55.7,56.7,62.7,68.5,74.4,29.7",15.4,999.0,999.0,999,999,0
999,999999,"59.9,60.8,61.6,59.2,60.6,61.7,19.8,71.2,72.0,72.5",15.6,999.0,999.0,999,999,0
999,999999,"21.6,95.9,95.5,104.7,105.4,105.3,185.4,111.5,114.6,119.9",15.8,999.0,999.0,999,999,0
999,999999,"94.6,94.2,95.0,95.7,97.7,97.2,94.8,99.2,101.2,101.2",16.2,999.0,999.0,999,999,0
999,999999,"62.2,62.8,17.9,70.0,75.8,77.8",15.7,999.0,999.0,999,999,0
999,999999,"91.9,93.6,95.2,100.6,109.6,111.1,113.5",16.1,999.0,999.0,999,999,0
999,999999,"72.6,77.7,84.1,84.7,86.2,84.9,83.1",16.5,999.0,999.0,999,999,0
999,999999,"85.9,84.1,89.6,88.1,88.4",16.7,999.0,999.0,999,999,0
999,999999,"102.8,104.2,105.6,138.0,109.4",15.9,999.0,999.0,999,999,0
999,999999,"73.5,80.1,83.1,83.9,82.9,83.4,83.9",16.1,999.0,999.0,999,999,0
999,999999,"76.0,81.5,82.8,88.5,91.6,91.5,93.5",16.8,999.0,999.0,999,999,0
999,999999,"64.8,65.9,67.6,68.3,68.3,78.8",16.9,999.0,999.0,999,999,0
999,999999,"70.1,75.1,76.8,83.2,84.1,85.0,86.7,88.5,89.9,90.6",16.8,999.0,999.0,999,999,0
999,999999,"108.3,110.6,112.9,113.9,116.1,116.6",16.6,999.0,999.0,999,999,0
999,999999,"95.3,95.8,96.0,95.9,101.7,103.7,105.2",16.5,999.0,999.0,999,999,0
999,999999,"101.8,104.5,105.0,110.0,109.9,112.9",17.2,999.0,999.0,999,999,0
999,999999,"73.1,73.7,75.1,79.6,81.2,84.2,86.3",16.7,999.0,999.0,999,999,0
999,999999,"109.0,94.6,96.4,98.1,98.4,99.9,100.6,102.1",17.5,999.0,999.0,999,999,0
999,999999,"84.2,85.5,91.8,93.1,28.3,97.9,100.1",17.7,999.0,999.0,999,999,0
999,999999,"66.6,65.4,69.1,71.0,72.8,17.1,71.1,70.2,70.4",17.2,999.0,999.0,999,999,0
999,999999,"24.7,88.6,89.1,89.7,90.9,96.4,99.9,103.2",18.1,999.0,999.0,999,999,0
999,999999,"89.2,89.8,92.3,93.6,97.9,97.7,100.5,99.0,100.9",17.9,999.0,999.0,999,999,0
999,999999,"79.6,80.3,81.2,82.0,86.4,88.1,93.9,99.3,101.9",17.8,999.0,999.0,999,999,0
999,999999,"71.2,74.8,84.3,90.1,97.6,105.4",17.5,999.0,999.0,999,999,0
999,999999,"87.1,90.9,94.3,97.1,98.9,148.1,106.5,105.7",18.2,999.0,999.0,999,999,0
999,999999,"58.3,60.2,63.5,61.1,63.0,65.7,70.6,72.4",17.7,999.0,999.0,999,999,0
999,999999,"100.7,102.7,103.6,104.8,106.3,107.9,110.4,111.1,112.0,115.8",18.1,999.0,999.0,999,999,0
999,999999,"71.9,70.3,71.8,71.5,70.9,72.2",18.5,999.0,999.0,999,999,0
999,999999,"167.4,79.7,81.0,82.6,24.9",18.5,999.0,999.0,999,999,0
999,999999,"106.8,196.1,111.4,112.5,113.4",18.5,999.0,999.0,999,999,0
999,999999,"80.2,86.2,86.7,89.5,90.5",18.6,999.0,999.0,999,999,0
999,999999,"79.1,81.0,86.8,89.6,91.3,93.0,93.5,95.9,95.5",18.3,999.0,999.0,999,999,0
999,999999,"79.9,80.1,80.6,82.1,86.0,87.7,93.6,95.5,96.8,97.5",18.5,999.0,999.0,999,999,0
999,999999,"94.2,100.2,104.7,103.5,105.4,109.2,106.9,108.0,110.0,112.7",19.1,999.0,999.0,999,999,0
999,999999,"77.5,76.8,82.3,83.8,84.1,90.8,188.1,92.2,94.5,93.5",19.0,999.0,999.0,999,999,0
999,999999,"88.6,89.0,89.9,92.4,99.4,100.4,101.4,108.8,17.8,111.5",19.1,999.0,999.0,999,999,0
999,999999,"104.6,104.9,112.8,115.7,116.7",19.5,999.0,999.0,999,999,0
999,999999,"85.6,86.2,155.7,87.5,89.9,90.1,91.6,89.7",19.6,999.0,999.0,999,999,0
999,999999,"90.9,92.5,92.7,97.0,98.0,99.5,102.4",19.2,999.0,999.0,999,999,0
999,999999,"93.6,94.3,97.3,105.7,104.3",19.1,999.0,999.0,999,999,0
999,999999,"68.1,71.1,70.6,71.2,76.7",19.2,999.0,999.0,999,999,0
999,999999,"59.0,61.7,61.8,68.0,70.2,70.2,70.8,75.2,77.6,79.0",19.9,999.0,999.0,999,999,0
999,999999,"64.1,66.9,70.0,74.0,75.8,77.0,79.8,83.8",19.4,999.0,999.0,999,999,0
999,999999,"170.6,71.0,73.6,80.5,81.1,16.3,87.4",20.3,999.0,999.0,999,999,0
999,999999,"63.3,64.1,28.7,72.8,74.4,78.7,80.3,82.8",20.2,999.0,999.0,999,999,0
999,999999,"95.1,97.3,102.4,104.0,106.5,109.1",20.0,999.0,999.0,999,999,0
999,999999,"81.0,88.5,88.1,86.8,88.4,91.9",20.7,999.0,999.0,999,999,0
999,999999,"84.2,81.9,83.1,83.6,82.9,88.6,92.3,90.8",20.6,999.0,999.0,999,999,0
999,999999,"90.7,90.2,91.5,93.1,94.5,93.3,99.8,101.9,158.9",20.7,999.0,999.0,999,999,0
999,999999,"97.6,99.6,99.0,103.1,104.7,108.4,117.3,119.8",20.2,999.0,999.0,999,999,0
999,999999,"86.6,90.0,88.2,89.3,90.0,97.0,95.4,95.8,97.4,99.0",20.2,999.0,999.0,999,999,0
999,999999,"52.8,56.7,58.6,58.0,67.7,69.6,71.5,73.3,75.0,76.6",21.2,999.0,999.0,999,999,0
999,999999,"74.1,75.2,76.0,76.4,80.4,81.4",20.9,999.0,999.0,999,999,0
999,999999,"91.8,91.9,98.6,100.0,102.9,103.9,101.7,104.7,105.1",20.5,999.0,999.0,999,999,0
999,999999,"99.3,97.6,102.8,103.9,104.6,109.1,109.4,110.9",21.0,999.0,999.0,999,999,0
999,999999,"103.7,104.3,108.5,22.4,110.0,115.5",20.7,999.0,999.0,999,999,0
999,999999,"55.1,56.3,57.6,60.2,61.4,61.4,19.9,69.5,71.2",21.0,999.0,999.0,999,999,0
999,999999,"58.7,57.3,61.0,61.0,64.4,64.4,66.4,68.1,71.4",21.2,999.0,999.0,999,999,0
999,999999,"98.8,101.1,100.9,103.1,104.9,102.5,106.5,107.2",21.0,999.0,999.0,999,999,0
999,999999,"86.5,87.0,88.6,94.2,102.7,102.7,106.6,108.6,110.1",21.3,999.0,999.0,999,999,0
999,999999,"96.2,99.5,100.5,193.1,99.4",21.9,999.0,999.0,999,999,0
999,999999,"61.8,65.4,66.9,65.8,69.1,70.6,78.2,80.2,90.9",21.9,999.0,999.0,999,999,0
999,999999,"69.8,74.5,75.5,77.0,78.6,78.7,79.3",22.1,999.0,999.0,999,999,0
999,999999,"90.8,93.5,94.4,94.2,95.3,100.0,101.9",22.3,999.0,999.0,999,999,0
999,999999,"36.8,37.7,47.6,52.8,59.3,60.8,64.3,70.9,72.0,72.4",21.9,999.0,999.0,999,999,0
999,999999,"107.1,107.6,107.2,108.8,110.3,110.7,111.4",22.5,999.0,999.0,999,999,0
999,999999,"88.0,88.2,94.2,95.9,97.5",22.1,999.0,999.0,999,999,0
999,999999,"55.7,57.6,61.3,63.4,63.7,64.6,72.8,74.2,75.0",22.2,999.0,999.0,999,999,0
999,999999,"68.1,69.8,70.8,72.3,77.3",22.8,999.0,999.0,999,999,0
999,999999,"92.7,91.3,90.1,89.7,89.6,91.3,91.9",23.0,999.0,999.0,999,999,0
999,999999,"78.5,78.6,79.9,80.9,81.2,87.0,89.0,94.5,96.0",22.9,999.0,999.0,999,999,0
999,999999,"170.7,71.0,76.2,79.6,80.4,79.5",22.8,999.0,999.0,999,999,0
999,999999,"96.0,97.7,100.2,104.6,108.7,109.6,109.6,111.6",23.3,999.0,999.0,999,999,0
999,999999,"89.0,88.4,88.6,88.5,93.6,98.5,102.8",23.2,999.0,999.0,999,999,0
999,999999,"47.6,47.6,50.1,50.8,51.1,59.9,62.0,64.5,70.4,73.9",23.4,999.0,999.0,999,999,0
999,999999,"77.5,79.8,81.5,82.8,17.3",22.8,999.0,999.0,999,999,0
999,999999,"87.8,90.1,92.0,97.5,96.2,98.0,100.1",23.2,999.0,999.0,999,999,0
999,999999,"83.2,86.4,86.4,85.8,86.9,88.9,89.6",23.6,999.0,999.0,999,999,0
999,999999,"78.9,81.4,81.3,85.0,87.8",23.1,999.0,999.0,999,999,0
999,999999,"105.9,106.8,107.9,110.0,111.1",23.8,999.0,999.0,999,999,0
999,999999,"99.6,99.6,103.9,102.0,104.1,26.0",23.6,999.0,999.0,999,999,0
999,999999,"97.1,99.5,101.1,102.1,108.4,109.4,110.4,110.1,111.4",23.4,999.0,999.0,999,999,0
999,999999,"103.2,106.5,106.8,111.2,111.8",23.9,999.0,999.0,999,999,0
999,999999,"83.6,89.1,87.8,86.7,85.2,86.4,88.1,90.0",23.4,999.0,999.0,999,999,0
999,999999,"80.5,81.4,83.3,82.0,81.9,82.6,81.4",23.8,999.0,999.0,999,999,0
999,999999,"77.1,81.0,81.4,82.4,82.3,115.7,89.4,88.8,89.9,92.7",23.7,999.0,999.0,999,999,0
999,999999,"111.4,111.5,114.1,113.9,112.5,115.4,114.8,116.5,115.5",24.4,999.0,999.0,999,999,0
999,999999,"87.8,85.6,86.9,86.8,89.5,89.8,91.4,90.7,90.4",24.6,999.0,999.0,999,999,0
999,999999,"80.1,81.1,86.3,117.3,87.6,93.4,94.9,95.8",24.4,999.0,999.0,999,999,0
999,999999,"85.5,85.1,87.2,85.2,86.4",24.9,999.0,999.0,999,999,0
999,999999,"57.2,57.1,58.2,59.3,62.8,69.1,74.9",25.1,999.0,999.0,999,999,0
999,999999,"95.3,96.5,97.7,99.0,98.7,100.1,101.4,104.1,105.2",24.7,999.0,999.0,999,999,0
999,999999,"65.4,66.2,66.3,63.7,115.1,71.3,75.0,77.5,78.8,80.8",24.4,999.0,999.0,999,999,0
999,999999,"94.7,95.8,95.7,20.8,102.1,104.6,106.4,108.1,108.1",24.9,999.0,999.0,999,999,0
999,999999,"93.4,97.8,107.2,106.4,105.9,107.6,106.6,105.6,103.8",25.4,999.0,999.0,999,999,0
999,999999,"80.8,81.4,80.7,82.1,146.7",25.1,999.0,999.0,999,999,0
999,999999,"85.6,91.7,91.4,95.7,97.1,100.6,19.3,102.5",24.8,999.0,999.0,999,999,0
999,999999,"87.7,89.3,90.0,91.7,92.4,99.7,101.4,103.0,104.6,104.8",24.9,999.0,999.0,999,999,0
999,999999,"88.1,89.0,91.4,90.2,92.0,92.3,95.8,97.2",25.8,999.0,999.0,999,999,0
999,999999,"99.4,99.5,100.7,103.3,113.1",25.4,999.0,999.0,999,999,0
999,999999,"95.0,98.3,96.8,98.7,107.3,109.4,111.5,112.9",25.7,999.0,999.0,999,999,0
999,999999,"85.8,87.6,87.7,88.2,87.6,189.9,96.4,102.5",25.2,999.0,999.0,999,999,0
999,999999,"88.4,89.8,91.6,95.4,102.5,105.9,104.7",25.9,999.0,999.0,999,999,0
999,999999,"102.8,104.3,106.1,107.5,106.2,109.6,111.6",26.2,999.0,999.0,999,999,0
999,999999,"72.2,73.7,74.6,76.3,76.8,83.1,87.5,89.0,90.7",26.2,999.0,999.0,999,999,0
999,999999,"60.8,64.5,69.7,71.3,71.6,74.2,75.3,76.9",25.8,999.0,999.0,999,999,0
999,999999,"70.8,69.9,178.0,71.5,70.3,70.8,70.7,73.2,71.2",26.7,999.0,999.0,999,999,0
999,999999,"55.9,56.2,56.6,60.5,62.3,71.4",26.5,999.0,999.0,999,999,0
999,999999,"73.4,73.4,72.0,73.5,16.6",26.7,999.0,999.0,999,999,0
999,999999,"59.4,59.4,62.0,64.1,66.9,66.9,68.9,74.5,75.4,75.2",26.3,999.0,999.0,999,999,0
999,999999,"66.4,69.4,70.6,69.8,70.1,72.0,72.6,73.6,74.9",26.1,999.0,999.0,999,999,0
999,999999,"101.7,102.7,103.2,104.0,105.4,105.0,105.1,106.3",26.4,999.0,999.0,999,999,0
999,999999,"92.4,93.4,98.8,100.8,104.5,106.0,104.8,28.4",27.1,999.0,999.0,999,999,0
999,999999,"68.7,66.6,68.1,70.8,71.3,72.3,74.1,73.2,73.5,76.4",27.0,999.0,999.0,999,999,0
999,999999,"93.3,95.7,100.6,100.6,100.8,101.3,106.3",27.4,999.0,999.0,999,999,0
999,999999,"62.9,65.7,18.1,69.8,70.5,72.4,74.7,78.8,81.1,83.4",27.1,999.0,999.0,999,999,0
999,999999,"92.4,92.5,95.1,99.0,101.9,104.5,104.7,109.0,107.9,109.3",27.2,999.0,999.0,999,999,0
999,999999,"106.6,105.5,107.7,107.9,110.0,108.2,108.8,110.3",27.7,999.0,999.0,999,999,0
999,999999,"89.3,90.7,91.8,100.0,106.4,106.6",26.9,999.0,999.0,999,999,0
999,999999,"86.8,92.3,90.0,91.0,92.4,90.6",27.6,999.0,999.0,999,999,0
999,999999,"58.3,60.4,58.7,67.2,69.9,72.1,73.6,73.8,74.8,75.7",28.0,999.0,999.0,999,999,0
999,999999,"106.2,107.5,110.2,109.9,112.1,113.0,116.0",28.0,999.0,999.0,999,999,0
999,999999,"69.9,69.7,69.7,71.3,72.6,72.3,74.6,75.7,76.6",28.3,999.0,999.0,999,999,0
999,999999,"73.8,75.4,76.0,77.7,79.1,78.8",27.9,999.0,999.0,999,999,0
999,999999,"72.5,71.2,76.0,77.9,78.0,77.6,77.7,75.8",28.0,999.0,999.0,999,999,0
999,999999,"92.0,93.8,96.3,99.4,100.6,102.5,105.5",28.0,999.0,999.0,999,999,0
999,999999,"89.4,92.2,94.4,94.4,101.6,105.5,106.5,105.6,113.9",28.7,999.0,999.0,999,999,0
999,999999,"104.8,106.2,106.6,111.4,111.5,113.9,115.3",28.5,999.0,999.0,999,999,0
999,999999,"103.1,104.8,105.2,106.1,113.2",28.1,999.0,999.0,999,999,0
999,999999,"100.7,101.9,102.9,105.1,105.0,106.1,108.4,107.3,110.2",28.8,999.0,999.0,999,999,0
999,999999,"98.4,99.0,101.7,105.0,107.0,109.0,115.1,115.7,119.3",28.2,999.0,999.0,999,999,0
999,999999,"67.3,68.8,72.5,76.5,72.3,73.2,71.3,72.7",28.4,999.0,999.0,999,999,0
999,999999,"111.2,112.6,118.5,121.2,118.4",28.4,999.0,999.0,999,999,0
999,999999,"108.8,111.1,112.3,115.5,131.9,118.0",28.5,999.0,999.0,999,999,0
999,999999,"87.6,93.1,96.4,101.8,103.0,107.1,112.5",29.3,999.0,999.0,999,999,0
999,999999,"92.5,95.9,96.1,95.6,95.3,96.6,98.2,184.8",28.9,999.0,999.0,999,999,0
999,999999,"79.5,80.7,88.1,89.7,88.3,89.9,91.1,94.5,99.2",29.3,999.0,999.0,999,999,0
999,999999,"90.3,90.5,92.2,90.6,93.0,92.6,154.8,91.9,94.7",29.2,999.0,999.0,999,999,0
999,999999,"111.9,113.9,117.5,118.6,119.1,117.7,117.8,119.7",29.8,999.0,999.0,999,999,0
999,999999,"102.5,103.1,109.5,110.3,111.8,112.6",29.4,999.0,999.0,999,999,0
999,999999,"96.5,98.4,102.3,103.9,107.0,109.2,110.8,111.4,112.1",30.0,999.0,999.0,999,999,0
999,999999,"36.8,40.3,41.0,43.0,171.7,47.5,57.2,66.4,71.1,73.2",29.5,999.0,999.0,999,999,0
999,999999,"44.8,52.9,53.8,56.0,60.7,66.2,71.0,72.3",30.1,999.0,999.0,999,999,0
999,999999,"77.1,78.7,84.5,86.0,93.1,91.0,91.7,92.7,93.9,93.8",29.9,999.0,999.0,999,999,0
999,999999,"84.2,86.2,87.4,182.1,88.1,88.9,89.7,91.2,96.5",29.8,999.0,999.0,999,999,0
999,999999,"87.6,87.2,88.6,90.9,94.2,94.7,95.4",30.3,999.0,999.0,999,999,0
999,999999,"88.5,143.4,89.5,90.9,91.0,93.5,94.3,99.9,101.1",30.5,999.0,999.0,999,999,0
999,999999,"69.5,75.3,74.1,76.4,77.3,78.4,79.2,82.3,85.7",30.8,999.0,999.0,999,999,0
999,999999,"68.7,71.0,72.4,73.3,78.0,77.1,78.1",30.8,999.0,999.0,999,999,0
999,999999,"94.4,96.9,100.5,101.5,101.1,105.6,107.1,106.9",30.0,999.0,999.0,999,999,0
999,999999,"91.7,90.9,92.8,92.6,90.9,92.7,95.1,96.5",30.5,999.0,999.0,999,999,0
999,999999,"100.7,103.0,106.4,107.9,111.5,113.4",31.0,999.0,999.0,999,999,0
999,999999,"61.7,63.4,61.2,64.7,67.6,74.3,75.2,75.5,74.2,82.3",31.1,999.0,999.0,999,999,0
999,999999,"170.5,63.0,63.8,65.6,70.0,70.4,73.2,81.2,82.3,81.1",31.0,999.0,999.0,999,999,0
999,999999,"92.5,92.6,90.9,96.1,97.4,97.3",31.2,999.0,999.0,999,999,0
999,999999,"27.7,100.5,103.8,105.9,107.3,110.2,115.0,115.7,116.1,118.2",31.4,999.0,999.0,999,999,0
999,999999,"60.0,60.1,62.3,62.5,62.7,63.5,64.2,65.6,73.6,73.1",31.1,999.0,999.0,999,999,0
999,999999,"88.0,88.0,96.6,97.0,99.5,101.6,104.3,105.7,108.3",30.9,999.0,999.0,999,999,0
999,999999,"97.2,98.4,99.4,100.1,102.7,103.3,103.6,107.9",31.6,999.0,999.0,999,999,0
999,999999,"87.6,88.1,89.9,90.1,89.1,92.8,94.7,96.9,102.4",31.8,999.0,999.0,999,999,0
999,999999,"88.2,87.8,91.2,94.9,97.2,96.7,98.3,103.7,105.8",31.6,999.0,999.0,999,999,0
999,999999,"93.8,92.0,93.1,94.7,96.1,95.9,95.9,96.6,102.7,101.1",31.3,999.0,999.0,999,999,0
999,999999,"56.4,58.2,59.4,61.3,63.2,65.8,69.1,70.7,69.2,70.5",31.3,999.0,999.0,999,999,0
999,999999,"53.5,56.5,58.2,58.3,65.1,69.3,71.4,75.7",32.3,999.0,999.0,999,999,0
999,999999,"72.8,75.4,79.2,78.3,82.6,84.5,84.6,86.0,84.6,92.6",31.9,999.0,999.0,999,999,0
999,999999,"67.4,67.1,29.6,71.0,72.8,75.0,79.1,79.3,80.4,81.4",32.5,999.0,999.0,999,999,0
999,999999,"69.7,70.4,69.8,72.5,72.1,74.5,30.0,77.3,80.4",32.4,999.0,999.0,999,999,0
999,999999,"76.6,81.9,81.6,82.8,85.0",32.5,999.0,999.0,999,999,0
999,999999,"66.5,68.2,70.0,69.6,72.3,78.9,79.7,80.0,82.3",32.0,999.0,999.0,999,999,0
999,999999,"47.9,49.7,55.0,129.2,57.5,58.2,61.0,63.1,65.9,70.5",32.2,999.0,999.0,999,999,0
999,999999,"110.0,112.3,113.7,114.4,113.2",32.5,999.0,999.0,999,999,0
999,999999,"83.8,85.9,17.6,87.3,89.8,94.7,99.5,99.6,102.2,101.9",32.4,999.0,999.0,999,999,0
999,999999,"58.1,58.7,58.6,64.3,66.5,65.5,68.0,68.5,70.7,71.8",33.2,999.0,999.0,999,999,0
999,999999,"113.1,114.0,114.2,116.0,116.1,114.5,116.5,117.2",33.4,999.0,999.0,999,999,0
999,999999,"72.6,137.1,76.5,77.7,78.8",33.2,999.0,999.0,999,999,0
999,999999,"58.2,58.3,59.5,66.6,69.5,71.3,70.3,72.5,73.3",33.6,999.0,999.0,999,999,0
999,999999,"73.0,77.6,79.0,79.6,79.0,79.6,83.4,82.4,84.9",33.6,999.0,999.0,999,999,0
999,999999,"76.8,79.3,23.5,83.0,89.1,89.8,90.8,91.5",33.1,999.0,999.0,999,999,0
999,999999,"66.6,67.9,72.6,73.4,76.9,78.7,78.4,77.7",33.5,999.0,999.0,999,999,0
999,999999,"79.3,78.6,82.9,88.5,88.6,94.6",33.3,999.0,999.0,999,999,0
999,999999,"83.3,83.9,88.1,89.1,88.2,90.2,91.2,95.1,96.6",33.9,999.0,999.0,999,999,0
999,999999,"101.8,104.7,106.6,108.3,116.3,117.3",34.1,999.0,999.0,999,999,0
999,999999,"87.1,88.3,87.7,88.7,87.7,87.5,87.8,88.8,89.6",34.3,999.0,999.0,999,999,0
999,999999,"67.3,71.9,72.8,71.2,153.9,22.6,72.3,73.6,73.9,74.6",33.4,999.0,999.0,999,999,0
999,999999,"63.1,63.4,70.7,71.3,76.9,77.7,80.8,81.8,79.6",34.4,999.0,999.0,999,999,0
999,999999,"108.2,110.6,110.2,110.5,111.9,113.0",33.7,999.0,999.0,999,999,0
999,999999,"96.7,97.1,96.2,99.6,103.3,103.7,107.4,108.2",34.2,999.0,999.0,999,999,0
999,999999,"70.1,69.3,69.3,70.5,73.0,73.8,81.2,80.3,81.0",34.5,999.0,999.0,999,999,0
999,999999,"88.9,88.6,89.2,89.8,91.5,106.5,95.3,96.3,100.1,99.9",34.9,999.0,999.0,999,999,0
999,999999,"91.5,93.0,93.5,94.9,95.2,98.6,98.6,97.3",34.3,999.0,999.0,999,999,0
999,999999,"62.8,62.3,63.1,67.6,73.1,75.1,80.3,81.1,84.4,91.1",34.5,999.0,999.0,999,999,0
999,999999,"75.2,78.2,81.4,82.7,18.0,90.1,92.0,95.1",34.6,999.0,999.0,999,999,0
999,999999,"25.8,58.7,60.6,65.1,67.7,73.6",34.7,999.0,999.0,999,999,0
999,999999,"92.7,94.5,99.5,100.3,99.2,99.7,102.0,104.3",34.7,999.0,999.0,999,999,0
999,999999,"81.8,83.3,84.7,84.1,86.4,88.7",9.8,999.0,999.0,999,999,0
999,999999,"84.2,84.5,84.8,89.2,89.0,88.9,89.4,159.6,93.4,93.3",9.7,999.0,999.0,999,999,0
999,999999,"61.6,62.1,62.7,64.4,65.0,72.4,72.8,73.2,74.3,75.3",10.0,999.0,999.0,999,999,0
999,999999,"105.7,107.6,115.2,115.6,117.1,119.5",10.7,999.0,999.0,999,999,0
999,999999,"73.5,74.7,76.9,77.1,79.9,81.8,88.1,90.4,96.3,166.0",10.7,999.0,999.0,999,999,0
999,999999,"55.4,54.6,56.7,58.3,57.9,63.2,64.4,65.3,72.2,74.2",10.7,999.0,999.0,999,999,0
999,999999,"79.4,85.4,90.4,93.7,93.8,96.0,104.6,105.5",10.7,999.0,999.0,999,999,0
999,999999,"86.1,91.5,93.1,96.5,98.2",10.3,999.0,999.0,999,999,0
999,999999,"89.1,91.0,91.2,92.0,100.4,101.4",10.4,999.0,999.0,999,999,0
999,999999,"84.4,188.7,90.6,93.5,94.3,92.3,92.9,91.3,92.6,92.2",11.3,999.0,999.0,999,999,0
999,999999,"86.1,126.0,88.5,29.9,94.6,95.5",10.7,999.0,999.0,999,999,0
999,999999,"104.7,105.7,102.9,108.0,107.6,108.2",11.4,999.0,999.0,999,999,0
999,999999,"102.6,104.0,106.7,109.3,113.7",11.1,999.0,999.0,999,999,0
999,999999,"65.7,72.8,73.5,71.6,72.9,78.6,79.7,80.1,84.5,86.3",11.4,999.0,999.0,999,999,0
999,999999,"64.8,65.2,70.5,76.5,79.8,80.5",11.8,999.0,999.0,999,999,0
999,999999,"27.3,94.5,97.1,99.5,99.7,100.3,99.2,103.6,104.3,104.9",11.6,999.0,999.0,999,999,0
999,999999,"105.3,107.8,23.7,111.5,108.9,110.8,113.7,116.5,117.4",11.2,999.0,999.0,999,999,0
999,999999,"69.3,68.0,67.0,72.3,73.5",11.4,999.0,999.0,999,999,0
999,999999,"73.7,75.8,76.3,76.3,80.3,81.6,85.9",11.3,999.0,999.0,999,999,0
999,999999,"91.8,91.8,92.1,94.6,96.9,98.8,97.3",12.1,999.0,999.0,999,999,0
999,999999,"77.5,79.4,81.7,84.9,86.9",11.6,999.0,999.0,999,999,0
999,999999,"97.2,98.5,99.9,101.6,103.6,104.7,106.0,106.3",11.6,999.0,999.0,999,999,0
999,999999,"95.7,94.5,96.1,97.4,101.4,102.8,103.9",12.4,999.0,999.0,999,999,0
999,999999,"56.4,58.1,59.4,59.9,64.1,68.2,67.6,71.0,72.7",12.1,999.0,999.0,999,999,0
999,999999,"80.6,80.5,88.3,94.4,96.3,98.3,96.9",12.4,999.0,999.0,999,999,0
999,999999,"57.9,60.5,66.8,68.4,67.9,73.0",12.7,999.0,999.0,999,999,0
999,999999,"101.2,107.0,106.7,106.3,108.1,110.6",12.1,999.0,999.0,999,999,0
999,999999,"80.1,81.4,84.9,84.7,85.7",12.7,999.0,999.0,999,999,0
999,999999,"79.9,84.1,84.8,92.1,149.0,94.2",12.6,999.0,999.0,999,999,0
999,999999,"47.2,48.2,54.6,55.6,57.6,61.5,67.9,70.3",12.6,999.0,999.0,999,999,0
999,999999,"97.3,22.3,102.6,109.1,110.0,114.9",13.1,999.0,999.0,999,999,0
999,999999,"100.7,103.1,107.8,109.0,16.9",12.9,999.0,999.0,999,999,0
999,999999,"27.3,70.9,73.2,75.4,79.1,174.7,82.0",13.7,999.0,999.0,999,999,0
999,999999,"97.6,97.6,98.9,141.3,98.8,101.7,102.1,101.8,102.6",13.7,999.0,999.0,999,999,0
999,999999,"99.0,98.5,97.4,104.2,102.1,103.5,103.4,105.5",13.7,999.0,999.0,999,999,0
999,999999,"98.8,100.7,103.8,108.5,110.0",13.7,999.0,999.0,999,999,0
999,999999,"65.1,67.4,67.0,70.1,69.2,70.7,73.7,77.0,78.2",14.1,999.0,999.0,999,999,0
999,999999,"108.3,110.7,114.4,115.1,118.1",13.5,999.0,999.0,999,999,0
999,999999,"189.0,96.7,100.6,104.0,103.8,107.0,108.0,114.2,119.1",13.7,999.0,999.0,999,999,0
999,999999,"89.2,95.8,94.5,95.9,167.9,99.0",14.2,999.0,999.0,999,999,0
999,999999,"56.5,58.3,62.2,63.5,67.1,69.2,76.7,78.3",13.8,999.0,999.0,999,999,0
999,999999,"104.4,106.4,135.4,111.0,111.1,112.1,113.7,121.1,119.3",14.2,999.0,999.0,999,999,0
999,999999,"59.9,61.3,62.4,66.3,67.5,70.9,72.3,71.4,71.5,73.2",14.6,999.0,999.0,999,999,0
999,999999,"98.2,100.1,107.2,108.3,112.1,108.6,108.1,110.8,112.0",14.0,999.0,999.0,999,999,0
999,999999,"108.5,16.3,110.3,110.0,109.2",14.2,999.0,999.0,999,999,0
999,999999,"92.3,95.4,97.5,98.7,98.6,99.3,101.1,102.5,102.8,107.4",14.1,999.0,999.0,999,999,0
999,999999,"67.4,68.6,69.4,75.1,80.6,82.4,83.3",14.9,999.0,999.0,999,999,0
999,999999,"99.1,101.1,102.8,107.1,108.4,110.1,111.0,110.3,116.2",14.3,999.0,999.0,999,999,0
999,999999,"62.0,62.8,68.0,68.0,70.1",15.2,999.0,999.0,999,999,0
999,999999,"68.7,71.4,71.2,72.8,72.5,75.7,79.4,80.1,81.7,82.7",14.4,999.0,999.0,999,999,0
999,999999,"115.6,118.1,116.8,119.2,118.8,121.0,121.1,117.0,117.4,117.7",15.0,999.0,999.0,999,999,0
999,999999,"90.5,89.9,91.8,94.2,92.9",15.5,999.0,999.0,999,999,0
999,999999,"66.1,67.9,68.5,70.0,75.7",14.8,999.0,999.0,999,999,0
999,999999,"74.5,74.8,76.6,177.8,82.3",15.1,999.0,999.0,999,999,0
999,999999,"21.0,165.0,76.6,77.3,78.0,81.5",15.0,999.0,999.0,999,999,0
999,999999,"71.2,69.8,71.7,72.4,81.5",15.9,999.0,999.0,999,999,0
999,999999,"77.6,79.8,85.2,86.1,87.4",15.5,999.0,999.0,999,999,0
999,999999,"77.1,78.7,78.3,127.9,85.6,85.1,84.1,84.1",16.0,999.0,999.0,999,999,0
999,999999,"68.8,68.1,70.6,71.5,77.0,81.8,82.7,86.8",15.4,999.0,999.0,999,999,0
999,999999,"92.7,92.3,94.7,93.7,96.4,96.5,93.8,95.6,95.3,99.2",16.3,999.0,999.0,999,999,0
999,999999,"52.4,19.0,66.6,70.6,70.9,73.1,73.5",16.1,999.0,999.0,999,999,0
999,999999,"69.5,71.6,72.6,73.4,77.2,77.4,76.8,78.8,78.3,80.4",16.4,999.0,999.0,999,999,0
999,999999,"100.1,103.0,106.1,107.7,138.1,107.8,107.5",16.2,999.0,999.0,999,999,0
999,999999,"95.6,98.2,101.6,102.7,101.6,102.1",16.0,999.0,999.0,999,999,0
999,999999,"79.7,82.7,84.8,86.8,88.3,93.8,96.1,100.2",16.0,999.0,999.0,999,999,0
999,999999,"88.8,91.2,94.2,95.5,98.1,100.9",16.2,999.0,999.0,999,999,0
999,999999,"59.3,141.2,64.5,67.6,69.0,71.1,72.0,72.1,76.0",16.4,999.0,999.0,999,999,0
999,999999,"87.7,89.4,95.1,96.6,97.0",16.6,999.0,999.0,999,999,0
999,999999,"58.8,60.6,61.4,65.0,67.8,72.7,153.1",16.5,999.0,999.0,999,999,0
999,999999,"86.7,93.5,96.7,97.8,97.7,104.4,105.6,110.2,113.1",16.9,999.0,999.0,999,999,0
999,999999,"51.6,52.9,52.6,53.9,54.9,60.2,60.7,61.5,63.7,70.5",17.0,999.0,999.0,999,999,0
999,999999,"85.2,86.1,86.4,87.9,87.6,88.4",17.0,999.0,999.0,999,999,0
999,999999,"102.0,104.1,104.6,108.0,110.4,112.2,113.8",16.7,999.0,999.0,999,999,0
999,999999,"68.3,68.0,68.9,69.4,71.2,72.5,78.8,79.2",16.8,999.0,999.0,999,999,0
999,999999,"86.3,84.4,84.7,86.6,88.1",17.7,999.0,999.0,999,999,0
999,999999,"83.9,84.9,85.7,86.0,89.2,88.2,90.4,91.5,91.1",17.9,999.0,999.0,999,999,0
999,999999,"74.2,25.4,77.9,83.2,84.1",17.8,999.0,999.0,999,999,0
999,999999,"74.5,75.7,177.1,81.4,80.0,79.0,80.9",17.5,999.0,999.0,999,999,0
999,999999,"87.0,89.6,91.2,143.5,91.7,91.7,91.0,93.2,93.5",17.8,999.0,999.0,999,999,0
999,999999,"95.1,97.2,103.9,104.0,111.9,114.9,115.7,117.9",17.9,999.0,999.0,999,999,0
999,999999,"100.1,103.6,151.7,108.1,110.5",17.6,999.0,999.0,999,999,0
999,999999,"63.1,16.5,66.0,72.4,70.6,72.8,76.0,77.7",17.7,999.0,999.0,999,999,0
999,999999,"73.5,75.2,74.1,72.6,79.2,145.7",18.4,999.0,999.0,999,999,0
999,999999,"71.8,72.9,79.6,84.1,87.1,87.2",18.2,999.0,999.0,999,999,0
999,999999,"110.4,109.8,111.6,112.3,18.0,115.0,116.1,158.7",18.1,999.0,999.0,999,999,0
999,999999,"102.1,103.3,103.7,106.6,108.4,109.1,114.0,117.3,119.1,119.9",18.8,999.0,999.0,999,999,0
999,999999,"82.4,83.5,85.0,83.3,81.8,84.0,89.0,192.1",18.4,999.0,999.0,999,999,0
999,999999,"57.2,63.0,64.2,64.6,66.6,69.1,70.1,69.5,76.0",18.4,999.0,999.0,999,999,0
999,999999,"69.9,70.6,72.4,72.4,82.3,83.7,85.6,91.0",18.6,999.0,999.0,999,999,0
999,999999,"112.4,113.6,115.4,117.1,119.5",19.0,999.0,999.0,999,999,0
999,999999,"73.8,74.2,74.7,76.9,79.2,81.6,181.8",18.6,999.0,999.0,999,999,0
999,999999,"70.6,71.6,73.5,78.2,83.7",19.0,999.0,999.0,999,999,0
999,999999,"81.1,82.4,84.6,88.4,90.1,90.7,25.9",18.9,999.0,999.0,999,999,0
999,999999,"90.6,92.5,92.3,94.2,98.7,99.6,102.0,114.8,105.8",19.3,999.0,999.0,999,999,0
999,999999,"101.0,99.2,98.9,105.8,111.9,113.1,113.0,118.5,119.0,117.9",19.0,999.0,999.0,999,999,0
999,999999,"59.7,62.8,70.0,71.2,71.1,73.5,78.8",19.1,999.0,999.0,999,999,0
999,999999,"96.1,104.3,105.5,106.8,105.5,105.9,104.8,106.1",20.0,999.0,999.0,999,999,0
999,999999,"98.4,99.5,99.9,101.2,101.9,103.8,26.4",19.4,999.0,999.0,999,999,0
999,999999,"101.9,106.1,109.6,111.1,109.2,111.2,112.0",19.9,999.0,999.0,999,999,0
999,999999,"73.9,79.6,81.1,196.4,80.4,81.4",19.9,999.0,999.0,999,999,0
999,999999,"77.9,76.8,78.3,80.0,81.7,22.0,82.8",20.2,999.0,999.0,999,999,0
999,999999,"80.6,83.8,87.4,88.9,89.2,97.5,99.3,101.2,110.4,110.6",20.4,999.0,999.0,999,999,0
999,999999,"103.1,105.2,105.5,115.9,116.1",20.6,999.0,999.0,999,999,0
999,999999,"97.3,100.1,102.8,104.3,104.8,107.3,109.1",20.7,999.0,999.0,999,999,0
999,999999,"89.7,96.4,96.8,95.8,97.0,100.4,101.8",20.0,999.0,999.0,999,999,0
999,999999,"90.2,96.7,96.8,95.4,94.5,98.8,97.4,100.1,103.2",20.6,999.0,999.0,999,999,0
999,999999,"107.6,109.8,109.8,109.1,115.9,118.0",20.5,999.0,999.0,999,999,0
999,999999,"98.8,104.8,104.5,107.9,108.0",20.8,999.0,999.0,999,999,0
999,999999,"79.5,80.8,88.6,89.9,92.9,94.1,89.7,91.3",20.7,999.0,999.0,999,999,0
999,999999,"86.0,86.7,87.9,93.9,96.4,97.8,97.4",21.0,999.0,999.0,999,999,0
999,999999,"89.5,91.7,94.4,96.3,96.9",20.5,999.0,999.0,999,999,0
999,999999,"95.9,98.1,98.1,101.7,103.6,103.2",20.9,999.0,999.0,999,999,0
999,999999,"51.8,56.1,54.1,60.5,63.6,71.2,71.1,72.7",21.0,999.0,999.0,999,999,0
999,999999,"62.7,64.2,64.6,65.7,65.1,66.3,68.2,73.1,135.4",21.3,999.0,999.0,999,999,0
999,999999,"93.1,95.8,97.6,98.5,97.1,96.9,99.1,102.9,109.9",21.6,999.0,999.0,999,999,0
999,999999,"63.4,66.6,66.4,73.6,75.4,78.5,79.5,80.4",21.5,999.0,999.0,999,999,0
999,999999,"93.8,96.0,98.8,100.8,101.5,102.0",21.2,999.0,999.0,999,999,0
999,999999,"98.8,98.2,99.7,100.1,100.3,103.5,103.4,106.7,108.2,107.4",22.1,999.0,999.0,999,999,0
999,999999,"97.1,99.8,100.2,98.7,96.4,101.8,103.3",21.4,999.0,999.0,999,999,0
999,999999,"84.6,83.2,84.0,85.7,87.2,88.7,93.0",22.3,999.0,999.0,999,999,0
999,999999,"105.6,107.5,109.2,108.7,107.8,108.8,110.5,109.2,116.4",21.8,999.0,999.0,999,999,0
999,999999,"63.0,65.2,72.0,71.3,72.7",21.7,999.0,999.0,999,999,0
999,999999,"58.2,60.1,60.7,62.0,66.7,67.4,74.5",22.5,999.0,999.0,999,999,0
999,999999,"58.2,63.1,63.2,153.7,71.4,71.4,71.6",22.8,999.0,999.0,999,999,0
999,999999,"92.5,94.7,96.2,97.2,98.5,102.7,109.3",22.6,999.0,999.0,999,999,0
999,999999,"63.1,63.0,64.4,66.2,68.3,70.3",22.4,999.0,999.0,999,999,0
999,999999,"71.9,73.4,71.9,75.2,79.9,85.3,85.7",23.0,999.0,999.0,999,999,0
999,999999,"64.9,66.3,72.5,70.6,72.8,77.6,80.0,83.8,86.6",23.1,999.0,999.0,999,999,0
999,999999,"113.7,114.1,113.8,115.0,116.2,116.3,117.3",22.8,999.0,999.0,999,999,0
999,999999,"74.3,75.6,76.9,75.6,27.1",23.4,999.0,999.0,999,999,0
999,999999,"102.9,104.1,101.6,102.4,107.6,110.0,110.9,113.9,118.3,117.9",22.8,999.0,999.0,999,999,0
999,999999,"85.4,84.5,86.4,19.3,90.3",23.5,999.0,999.0,999,999,0
999,999999,"93.3,94.8,98.6,101.8,103.0",23.1,999.0,999.0,999,999,0
999,999999,"99.4,102.2,100.8,101.9,105.1,197.4,111.8",22.8,999.0,999.0,999,999,0
999,999999,"64.9,64.6,65.7,64.2,63.5,70.6,74.1,75.5,75.0,77.1",23.7,999.0,999.0,999,999,0
999,999999,"53.8,151.6,60.7,71.4,70.3",23.2,999.0,999.0,999,999,0
999,999999,"86.8,88.4,90.2,93.9,96.3,96.3,96.4,95.1",23.9,999.0,999.0,999,999,0
999,999999,"92.0,97.3,97.1,97.2,95.2,95.0,95.5,100.0,103.7",23.7,999.0,999.0,999,999,0
999,999999,"15.9,97.8,98.7,100.0,101.1,101.4",23.5,999.0,999.0,999,999,0
999,999999,"66.4,66.7,67.7,69.1,70.9,70.1",23.9,999.0,999.0,999,999,0
999,999999,"85.1,87.2,87.8,92.9,97.9,100.0,102.4,108.2,109.3",24.2,999.0,999.0,999,999,0
999,999999,"80.7,85.1,90.6,89.9,92.6,96.1,96.6",24.2,999.0,999.0,999,999,0
999,999999,"55.5,55.9,63.0,62.7,64.7,67.1,25.7,77.4,81.8",24.4,999.0,999.0,999,999,0
999,999999,"88.7,88.8,91.8,92.2,93.9,98.0,98.2",23.9,999.0,999.0,999,999,0
999,999999,"80.1,80.3,78.2,79.8,81.4,82.2,81.8,84.1,86.2",24.6,999.0,999.0,999,999,0
999,999999,"104.6,108.0,112.9,114.0,117.4,117.7,115.0",24.1,999.0,999.0,999,999,0
999,999999,"93.8,95.9,99.9,105.0,113.2",24.2,999.0,999.0,999,999,0
999,999999,"62.7,65.7,67.6,70.3,71.6,72.7,78.2",24.6,999.0,999.0,999,999,0
999,999999,"75.1,76.9,79.6,81.3,85.6,87.0,90.7,91.8,94.1,96.1",25.2,999.0,999.0,999,999,0
999,999999,"98.5,102.4,102.1,104.5,112.1,111.9,112.7,108.4",25.0,999.0,999.0,999,999,0
999,999999,"66.0,68.5,68.7,70.5,72.4,77.4,78.5",24.6,999.0,999.0,999,999,0
999,999999,"87.1,89.4,89.2,94.1,94.9,196.0,101.3,100.9,99.1",25.0,999.0,999.0,999,999,0
999,999999,"17.6,67.1,68.1,71.0,71.1",25.0,999.0,999.0,999,999,0
999,999999,"70.5,77.2,143.3,78.8,80.0,81.0",25.5,999.0,999.0,999,999,0
999,999999,"95.2,99.2,103.4,106.1,106.1,105.6,107.6,109.2",25.2,999.0,999.0,999,999,0
999,999999,"63.9,67.5,66.4,72.2,73.1",25.6,999.0,999.0,999,999,0
999,999999,"85.9,83.9,87.1,87.2,89.9,89.2",25.6,999.0,999.0,999,999,0
999,999999,"81.2,85.1,87.6,88.5,89.5",25.6,999.0,999.0,999,999,0
999,999999,"86.7,86.9,86.5,122.7,17.2",26.1,999.0,999.0,999,999,0
999,999999,"82.8,82.3,82.3,83.9,81.8,81.9,85.2,88.4",25.8,999.0,999.0,999,999,0
999,999999,"103.5,101.5,105.3,26.8,106.8,106.9,105.4,107.5,107.7,106.6",25.8,999.0,999.0,999,999,0
999,999999,"107.2,108.3,109.4,112.4,114.7,116.4",25.8,999.0,999.0,999,999,0
999,999999,"85.1,83.5,82.2,81.9,84.4,86.0,19.0",26.1,999.0,999.0,999,999,0
999,999999,"114.2,193.6,113.3,112.5,111.1",26.2,999.0,999.0,999,999,0
999,999999,"59.7,66.9,68.5,75.3,77.6,78.2,188.6,79.3,79.3,83.0",26.3,999.0,999.0,999,999,0
999,999999,"68.0,67.1,17.0,70.6,70.3,69.0,70.2,77.0,78.9,80.7",26.1,999.0,999.0,999,999,0
999,999999,"100.3,98.4,100.5,99.2,103.7,105.6,105.1,110.1",26.5,999.0,999.0,999,999,0
999,999999,"54.9,60.6,61.3,61.1,61.2,60.8,63.2,65.3,68.8,71.7",26.8,999.0,999.0,999,999,0
999,999999,"100.5,100.7,107.9,108.5,116.6,117.1,118.2",27.2,999.0,999.0,999,999,0
999,999999,"75.4,76.7,78.4,82.8,84.5,86.3,87.6,95.3,102.6",26.9,999.0,999.0,999,999,0
999,999999,"78.9,85.8,85.0,88.5,89.7",27.1,999.0,999.0,999,999,0
999,999999,"76.1,76.6,131.8,86.0,87.8,92.1,91.5,90.4",27.1,999.0,999.0,999,999,0
999,999999,"87.8,95.6,96.2,96.5,98.0,101.2,104.6,105.8",27.0,999.0,999.0,999,999,0
999,999999,"54.8,62.2,62.4,63.1,69.7,68.2,69.2,71.3,73.5",27.1,999.0,999.0,999,999,0
999,999999,"109.3,111.2,109.4,109.8,115.7,183.6",27.2,999.0,999.0,999,999,0
999,999999,"69.5,70.8,27.3,77.7,86.4,87.8,89.6,95.6,97.3",27.8,999.0,999.0,999,999,0
999,999999,"91.2,93.7,97.3,99.3,99.9,103.3,104.9,139.7,104.6,106.5",27.4,999.0,999.0,999,999,0
999,999999,"68.8,70.6,72.8,71.7,73.2,82.0,88.0",27.2,999.0,999.0,999,999,0
999,999999,"103.0,104.4,104.7,103.7,106.9",28.0,999.0,999.0,999,999,0
999,999999,"78.5,79.9,81.2,80.8,83.1,86.2,89.0,89.8,95.5",27.9,999.0,999.0,999,999,0
999,999999,"15.2,58.5,62.6,62.7,69.6,70.6,70.8",28.1,999.0,999.0,999,999,0
999,999999,"69.6,120.0,76.4,79.5,81.2",27.8,999.0,999.0,999,999,0
999,999999,"108.2,109.7,112.2,113.8,116.8,116.2",28.4,999.0,999.0,999,999,0
999,999999,"82.5,84.9,85.7,15.5,85.5,87.2",28.4,999.0,999.0,999,999,0
999,999999,"89.9,90.9,93.9,94.3,95.2,96.0,98.9",28.2,999.0,999.0,999,999,0
999,999999,"84.5,85.9,86.2,84.4,87.3,88.4,90.8,88.7,89.3",28.7,999.0,999.0,999,999,0
999,999999,"76.5,78.6,84.1,87.6,87.7,90.5,91.7,94.7,135.4,98.2",28.2,999.0,999.0,999,999,0
999,999999,"103.5,105.4,107.4,107.1,108.1,109.3,111.8,116.0",29.2,999.0,999.0,999,999,0
999,999999,"68.7,67.7,69.8,75.9,78.1",29.2,999.0,999.0,999,999,0
999,999999,"77.7,77.2,77.9,80.6,27.0,89.4",29.2,999.0,999.0,999,999,0
999,999999,"66.9,68.3,73.7,75.5,76.0,76.5,77.0,79.3",28.6,999.0,999.0,999,999,0
999,999999,"87.4,20.1,182.0,91.3,96.0,95.3,98.7,100.2,100.8,103.8",29.5,999.0,999.0,999,999,0
999,999999,"88.5,89.6,91.1,91.9,99.1,99.2,100.0,100.5",29.0,999.0,999.0,999,999,0
999,999999,"106.5,107.3,109.8,112.1,26.4,113.0,112.3,116.5",29.4,999.0,999.0,999,999,0
999,999999,"102.3,102.6,103.9,103.8,105.5,106.4,106.6,112.3,116.7",29.0,999.0,999.0,999,999,0
999,999999,"75.9,76.8,73.7,71.8,74.2,75.4,77.1",29.4,999.0,999.0,999,999,0
999,999999,"16.3,95.9,96.1,96.9,100.7,103.6,108.1,108.2,110.4",29.8,999.0,999.0,999,999,0
999,999999,"67.2,67.9,69.9,71.5,71.5,72.7,74.3,74.6,79.7,84.0",30.1,999.0,999.0,999,999,0
999,999999,"86.8,88.8,86.7,87.5,87.6,86.9,87.8,94.6,94.2",29.3,999.0,999.0,999,999,0
999,999999,"73.9,76.7,82.0,82.8,84.0,86.9,93.2",29.9,999.0,999.0,999,999,0
999,999999,"163.3,73.8,74.8,76.0,77.6",30.0,999.0,999.0,999,999,0
999,999999,"70.6,69.3,69.7,75.5,77.2",30.1,999.0,999.0,999,999,0
999,999999,"79.5,80.3,80.3,81.4,81.3,81.0,81.4,81.9",29.7,999.0,999.0,999,999,0
999,999999,"80.6,86.0,85.1,86.4,87.1,88.4",30.6,999.0,999.0,999,999,0
999,999999,"111.8,111.3,111.3,115.3,116.0,115.8,115.2,115.1,117.2,119.1",29.9,999.0,999.0,999,999,0
999,999999,"91.1,93.3,24.7,102.2,103.7,105.1",30.9,999.0,999.0,999,999,0
999,999999,"88.9,88.8,88.4,89.1,90.7,92.2,97.2,100.2,101.5",30.8,999.0,999.0,999,999,0
999,999999,"102.3,105.6,105.0,109.6,109.7,114.0",30.7,999.0,999.0,999,999,0
999,999999,"69.6,73.6,76.0,78.0,79.6",30.7,999.0,999.0,999,999,0
999,999999,"66.7,70.6,72.1,70.9,71.9,72.1,75.0,76.2",31.2,999.0,999.0,999,999,0
999,999999,"85.6,87.6,107.0,93.5,94.5,97.9",31.3,999.0,999.0,999,999,0
999,999999,"71.7,74.4,76.5,78.2,80.4,81.6,82.6,85.7,85.6",31.2,999.0,999.0,999,999,0
999,999999,"69.2,73.2,76.6,78.3,88.5,95.0,96.6,98.0,103.6",31.6,999.0,999.0,999,999,0
999,999999,"99.8,102.4,101.5,100.7,101.1",31.7,999.0,999.0,999,999,0
999,999999,"95.9,98.5,98.2,99.4,101.8,112.4,22.3",31.5,999.0,999.0,999,999,0
999,999999,"66.7,113.7,71.2,72.7,73.2,75.5",31.2,999.0,999.0,999,999,0
999,999999,"110.0,111.3,113.3,114.4,117.6,118.1,119.9,117.4",31.3,999.0,999.0,999,999,0
999,999999,"92.8,93.4,97.9,16.8,100.0,100.0,101.2,102.5",31.5,999.0,999.0,999,999,0
999,999999,"75.2,76.1,77.9,83.5,84.5,88.8",31.9,999.0,999.0,999,999,0
999,999999,"90.9,89.5,90.0,115.9,92.0,94.2,94.4",31.5,999.0,999.0,999,999,0
999,999999,"77.9,74.4,78.7,85.6,86.8,86.8,89.5,88.7",32.0,999.0,999.0,999,999,0
999,999999,"71.9,73.4,76.5,86.3,88.0,87.7,88.3",32.3,999.0,999.0,999,999,0
999,999999,"93.5,94.8,96.2,97.9,99.2,99.8,101.3,101.8",32.1,999.0,999.0,999,999,0
999,999999,"87.4,88.8,89.1,92.9,94.9,97.2",32.0,999.0,999.0,999,999,0
999,999999,"106.6,107.0,112.7,114.3,115.9,116.8",32.4,999.0,999.0,999,999,0
999,999999,"103.7,15.9,111.3,114.1,118.9,117.1,116.5",32.3,999.0,999.0,999,999,0
999,999999,"84.9,86.3,89.3,88.6,88.3,88.0,90.1,88.8,90.6,92.0",32.3,999.0,999.0,999,999,0
999,999999,"69.6,70.8,121.7,74.5,72.6",33.1,999.0,999.0,999,999,0
999,999999,"91.4,91.5,96.4,97.2,100.0",32.9,999.0,999.0,999,999,0
999,999999,"68.5,71.4,72.5,74.1,71.0,71.2,72.9",32.5,999.0,999.0,999,999,0
999,999999,"99.9,101.0,99.8,99.2,101.0,113.3,112.4,111.1,111.4,114.1",32.8,999.0,999.0,999,999,0
999,999999,"88.5,87.3,86.6,88.2,89.3,90.9,91.7,95.2",33.0,999.0,999.0,999,999,0
999,999999,"82.1,87.0,90.3,90.8,18.4,91.3,93.1,95.1,101.2",33.5,999.0,999.0,999,999,0
999,999999,"61.0,62.5,63.6,68.0,69.7,69.4,71.2",33.2,999.0,999.0,999,999,0
999,999999,"94.2,95.5,21.4,96.1,102.4,103.4,104.4,106.6,107.3,108.5",33.2,999.0,999.0,999,999,0
999,999999,"95.3,100.1,101.8,132.5,108.3,109.8,107.4,109.5,110.3",33.6,999.0,999.0,999,999,0
999,999999,"74.6,75.9,80.2,83.9,84.7,82.6",33.1,999.0,999.0,999,999,0
999,999999,"73.9,74.9,75.9,76.5,76.2",33.8,999.0,999.0,999,999,0
999,999999,"69.1,71.5,72.3,73.5,71.7,73.8,72.0,74.5",33.4,999.0,999.0,999,999,0
999,999999,"98.0,99.3,100.7,98.2,100.0,101.8,104.9,105.1,107.3",34.0,999.0,999.0,999,999,0
999,999999,"63.5,66.3,66.2,67.9,68.3,69.4,70.9,75.1,75.5,75.6",34.3,999.0,999.0,999,999,0
999,999999,"25.7,74.5,79.6,77.1,195.8,82.2,81.9,88.2",33.8,999.0,999.0,999,999,0
999,999999,"72.9,73.5,75.5,75.2,77.7",34.2,999.0,999.0,999,999,0
999,999999,"83.2,83.2,84.2,82.8,84.0,91.3,93.6,100.4,100.4,101.3",33.9,999.0,999.0,999,999,0
999,999999,"93.1,94.6,96.4,96.9,96.7,100.1,105.5,109.5",34.7,999.0,999.0,999,999,0
999,999999,"91.2,128.8,94.9,94.4,94.0",34.8,999.0,999.0,999,999,0
999,999999,"71.0,74.9,76.7,73.1,73.8,75.1,75.4,77.1,76.4,75.0",34.8,999.0,999.0,999,999,0
999,999999,"92.5,94.2,99.8,102.2,104.4,105.5,106.6,107.1,108.3",34.7,999.0,999.0,999,999,0
999,999999,"116.3,114.5,115.5,116.7,117.3",34.5,999.0,999.0,999,999,0
999,999999,"94.6,97.0,103.9,106.4,18.3,109.3",35.3,999.0,999.0,999,999,0
999,999999,"114.5,114.7,112.5,113.4,114.5,118.5,116.0",20.7,999.0,999.0,999,999,0
999,999999,"92.2,94.5,97.1,98.8,96.8,102.8",28.7,999.0,999.0,999,999,0
999,999999,"98.6,101.4,103.8,108.2,109.4,110.6,109.6",19.9,999.0,999.0,999,999,0
999,999999,"82.4,84.1,85.5,85.9,91.7,93.7,96.6,98.4",11.6,999.0,999.0,999,999,0
999,999999,"71.5,70.4,70.0,78.6,83.2,132.0",20.2,999.0,999.0,999,999,0
999,999999,"96.0,96.0,99.4,99.7,104.5,111.1,112.3,114.0,115.8",17.2,999.0,999.0,999,999,0
999,999999,"90.7,92.0,93.2,93.2,94.3",28.4,999.0,999.0,999,999,0
999,999999,"56.8,57.9,58.9,60.9,153.8,70.8,71.8,72.2,72.2,73.3",12.0,999.0,999.0,999,999,0
999,999999,"82.0,87.6,88.9,90.1,96.2,98.7,100.5,101.7,102.5,105.6",20.7,999.0,999.0,999,999,0
999,999999,"80.6,83.1,83.7,84.8,87.2,87.3,88.3,89.2",22.5,999.0,999.0,999,999,0
999,999999,"105.8,109.9,111.2,110.3,111.1,112.3,118.2,116.8",31.3,999.0,999.0,999,999,0
999,999999,"67.9,69.2,71.7,132.8,74.2",31.6,999.0,999.0,999,999,0
999,999999,"65.2,68.3,69.1,68.4,70.6,73.0",17.6,999.0,999.0,999,999,0
999,999999,"103.0,105.9,106.7,107.1,104.9,103.4",30.7,999.0,999.0,999,999,0
999,999999,"60.5,60.9,66.6,66.7,67.9,19.9,71.4,72.8",18.3,999.0,999.0,999,999,0
999,999999,"95.6,121.3,93.3,93.2,93.3,95.8,96.7,97.9",22.5,999.0,999.0,999,999,0
999,999999,"79.7,81.1,85.2,83.6,90.6",20.3,999.0,999.0,999,999,0
999,999999,"108.0,109.0,116.2,115.0,116.6,118.0,188.3,119.7",21.0,999.0,999.0,999,999,0
999,999999,"111.1,79.4,81.7,84.3,92.8,93.4,92.6",25.1,999.0,999.0,999,999,0
999,999999,"94.0,95.9,99.0,100.2,98.8,101.1,100.9,102.3",23.4,999.0,999.0,999,999,0
999,999999,"56.8,58.8,58.8,59.2,60.7,64.2,71.6",24.9,999.0,999.0,999,999,0
999,999999,"81.6,80.4,87.1,88.8,91.3,96.4,94.3,16.2,96.0,99.9",15.4,999.0,999.0,999,999,0
999,999999,"66.9,69.4,70.8,70.5,72.0,76.8,77.9",10.3,999.0,999.0,999,999,0
999,999999,"57.5,58.4,58.9,60.6,67.3,69.8,71.4,73.5",19.3,999.0,999.0,999,999,0
999,999999,"74.5,74.9,75.0,76.9,75.8,77.7,80.1,80.9,82.0,85.8",33.8,999.0,999.0,999,999,0
999,999999,"89.9,93.4,93.3,93.4,101.1,101.3,102.4,105.7",26.2,999.0,999.0,999,999,0
999,999999,"74.3,75.6,76.6,76.6,77.7,84.7,85.5",14.0,999.0,999.0,999,999,0
999,999999,"70.7,70.9,72.3,73.8,74.1,75.7,78.1",23.2,999.0,999.0,999,999,0
999,999999,"60.3,61.0,62.5,69.8,72.0",28.9,999.0,999.0,999,999,0
999,999999,"96.5,97.2,97.2,97.3,95.1,96.4,97.1",29.4,999.0,999.0,999,999,0
999,999999,"82.4,85.7,87.0,90.1,91.5",12.1,999.0,999.0,999,999,0
999,999999,"101.7,102.9,105.0,109.5,112.7,115.9",26.2,999.0,999.0,999,999,0
999,999999,"105.7,104.7,107.1,107.4,109.6,111.7,112.0",31.2,999.0,999.0,999,999,0
999,999999,"76.6,79.7,81.0,81.0,90.3,88.2,90.1,89.9,88.4",16.0,999.0,999.0,999,999,0
999,999999,"68.3,74.8,76.5,157.7,76.5,80.8,80.4,81.9",12.5,999.0,999.0,999,999,0
999,999999,"106.7,106.3,104.9,105.8,105.9,107.1,105.7,104.4,105.4",10.0,999.0,999.0,999,999,0
999,999999,"56.5,57.4,59.7,70.6,72.7,73.1,74.7,74.2,75.5",33.3,999.0,999.0,999,999,0
999,999999,"95.0,95.2,99.3,103.8,103.5",19.0,999.0,999.0,999,999,0
999,999999,"48.8,55.1,61.1,63.9,65.4,149.5,71.0,72.8",14.9,999.0,999.0,999,999,0
999,999999,"105.6,105.7,106.9,27.4,112.1,114.7",32.4,999.0,999.0,999,999,0
999,999999,"81.5,90.0,89.5,88.9,21.1,92.8",15.8,999.0,999.0,999,999,0
999,999999,"82.3,80.6,83.7,84.5,86.0,121.7,87.4,86.1,86.0",27.0,999.0,999.0,999,999,0
999,999999,"112.4,112.0,116.3,115.2,113.7,114.4,114.0,115.5,116.7,118.3",32.3,999.0,999.0,999,999,0
999,999999,"89.6,90.9,98.2,101.1,102.2,29.9,105.8",28.4,999.0,999.0,999,999,0
999,999999,"101.8,104.7,108.2,107.0,107.3",31.7,999.0,999.0,999,999,0
999,999999,"82.3,88.7,87.8,89.0,89.7,90.5,90.4,90.1,88.9,91.5",11.6,999.0,999.0,999,999,0
999,999999,"67.9,69.7,70.1,69.9,69.0,66.5,67.5,69.6,71.1,72.0",28.5,999.0,999.0,999,999,0
999,999999,"112.5,112.2,113.2,113.9,119.2,119.4",29.4,999.0,999.0,999,999,0
999,999999,"104.9,104.2,105.8,106.6,109.5,112.9,114.5,118.5",26.9,999.0,999.0,999,999,0
999,999999,"75.1,78.4,79.0,81.5,80.0",29.4,999.0,999.0,999,999,0
999,999999,"88.9,88.8,90.2,92.6,94.6",15.0,999.0,999.0,999,999,0
999,999999,"79.5,79.3,80.8,82.7,88.2,88.5,89.7,91.5",21.3,999.0,999.0,999,999,0
999,999999,"71.1,69.6,24.2,74.7,76.9,79.2,78.7,79.3",15.4,999.0,999.0,999,999,0
999,999999,"112.2,111.5,113.8,111.2,20.5",34.5,999.0,999.0,999,999,0
999,999999,"98.1,105.3,106.6,108.5,108.2,109.1,110.9,113.9,115.2,115.0",16.9,999.0,999.0,999,999,0
999,999999,"66.1,67.1,166.2,69.5,70.9,72.8,73.2,74.9,75.9,76.6",23.4,999.0,999.0,999,999,0
999,999999,"75.1,77.0,77.9,79.6,81.5,82.1,82.9,86.1,90.6",33.2,999.0,999.0,999,999,0
999,999999,"66.3,66.7,68.1,66.4,68.4,70.7,72.7",15.5,999.0,999.0,999,999,0
999,999999,"100.2,101.3,103.3,103.9,105.3,111.2,108.8,110.1,108.7",23.1,999.0,999.0,999,999,0
999,999999,"77.6,77.5,78.1,79.2,82.5,82.5,81.5,82.1,28.6",12.0,999.0,999.0,999,999,0
999,999999,"86.3,90.2,90.4,91.7,92.7,95.4,95.0,96.3,97.7,97.0",17.8,999.0,999.0,999,999,0
999,999999,"61.2,61.3,62.3,65.2,69.3,69.0,67.2,76.0,76.7",26.1,999.0,999.0,999,999,0
999,999999,"100.6,101.3,104.0,103.6,103.9,104.8,104.8,105.9,106.9,107.6",12.1,999.0,999.0,999,999,0
999,999999,"86.5,87.1,89.5,95.5,96.4,98.1",23.7,999.0,999.0,999,999,0
999,999999,"112.1,112.7,111.8,114.3,114.8,117.3,115.8",18.5,999.0,999.0,999,999,0
999,999999,"106.7,105.7,105.8,107.1,109.6",16.2,999.0,999.0,999,999,0
999,999999,"88.0,89.3,91.6,95.9,98.3",11.4,999.0,999.0,999,999,0
999,999999,"57.1,56.1,59.1,63.3,63.6,64.2,71.7,70.8",33.7,999.0,999.0,999,999,0
999,999999,"76.2,77.2,76.4,76.5,77.6,79.2,78.7,80.1,82.6,83.4",11.8,999.0,999.0,999,999,0
999,999999,"92.0,93.4,92.7,91.1,92.2,91.2,93.3",19.1,999.0,999.0,999,999,0
999,999999,"81.7,16.1,83.1,83.8,103.1,89.8",14.8,999.0,999.0,999,999,0
999,999999,"91.3,91.2,89.9,91.5,94.9,99.8",23.2,999.0,999.0,999,999,0
999,999999,"56.6,60.5,69.0,67.8,67.7,69.1,70.0,67.9,69.0,74.1",19.0,999.0,999.0,999,999,0
999,999999,"101.0,100.0,100.4,102.4,106.9,24.3,117.0,117.0,118.9",19.1,999.0,999.0,999,999,0
999,999999,"88.0,95.9,96.9,97.3,99.9,99.8",21.2,999.0,999.0,999,999,0
999,999999,"59.8,60.5,66.8,65.6,68.1,69.5,70.0,70.6",29.4,999.0,999.0,999,999,0
999,999999,"76.2,75.7,83.7,85.7,85.3,89.1,91.0",29.9,999.0,999.0,999,999,0
999,999999,"83.9,87.2,87.9,94.6,99.2,18.3,99.7",27.2,999.0,999.0,999,999,0
999,999999,"113.1,114.3,115.3,115.4,113.5,115.3,116.5,118.0,119.3",11.4,999.0,999.0,999,999,0
999,999999,"92.1,18.9,95.1,101.3,103.6,106.5,111.5,114.0,116.2,115.8",28.1,999.0,999.0,999,999,0
999,999999,"71.1,72.2,72.6,74.7,73.6",13.6,999.0,999.0,999,999,0
999,999999,"176.7,89.3,29.5,91.3,91.9",30.0,999.0,999.0,999,999,0
999,999999,"88.6,89.7,97.0,97.8,101.0,102.0,103.9,103.5",18.2,999.0,999.0,999,999,0
999,999999,"40.2,45.6,48.1,53.3,53.3,55.1,57.0,60.7,68.5,73.8",26.9,999.0,999.0,999,999,0
999,999999,"63.0,64.7,67.5,68.4,69.7,71.2,71.9,77.2,77.3,79.2",14.6,999.0,999.0,999,999,0
999,999999,"79.5,87.4,88.8,91.8,154.9,90.5,92.0",21.0,999.0,999.0,999,999,0
999,999999,"74.5,74.7,76.2,77.4,77.6,80.4,81.6,82.1,82.2",23.7,999.0,999.0,999,999,0
999,999999,"56.6,58.2,59.5,61.7,63.4,63.5,65.8,71.9,74.6,74.7",10.4,999.0,999.0,999,999,0
999,999999,"68.1,68.2,73.6,78.8,84.1,84.7,85.1,86.1,87.0,88.5",23.9,999.0,999.0,999,999,0
999,999999,"102.1,102.8,106.3,105.9,107.4,110.1,109.7,114.8,115.4,116.4",15.7,999.0,999.0,999,999,0
999,999999,"99.7,101.5,103.5,106.3,108.3,112.7,113.5,115.1,113.7",20.2,999.0,999.0,999,999,0
999,999999,"64.8,66.6,68.4,66.7,68.5,68.6,70.1,71.2,77.0,83.9",11.3,999.0,999.0,999,999,0
999,999999,"58.8,59.6,61.9,67.1,71.1,72.1,76.6,76.2",16.3,999.0,999.0,999,999,0
999,999999,"88.4,88.8,90.1,93.2,91.7,134.7,99.6",32.3,999.0,999.0,999,999,0
999,999999,"91.9,93.9,95.1,96.1,98.1,100.1",29.3,999.0,999.0,999,999,0
999,999999,"81.0,82.7,84.0,82.4,83.0,84.5,88.9,89.0,87.7,87.6",25.0,999.0,999.0,999,999,0
999,999999,"73.2,71.3,69.8,70.9,72.6,71.9",31.3,999.0,999.0,999,999,0
999,999999,"83.7,83.1,82.9,188.1,84.0,84.9,90.7,93.7,95.7",14.5,999.0,999.0,999,999,0
999,999999,"67.4,69.3,70.8,71.6,73.1",25.8,999.0,999.0,999,999,0
999,999999,"76.9,77.2,82.2,82.6,82.8,83.1,85.5,85.6",30.3,999.0,999.0,999,999,0
999,999999,"120.3,91.8,92.5,91.0,92.0",29.4,999.0,999.0,999,999,0
999,999999,"110.2,112.2,112.1,113.8,115.0,118.3,118.1,117.4,117.8",33.2,999.0,999.0,999,999,0
999,999999,"89.7,89.2,91.1,92.1,93.7,94.4,99.2,98.9,101.0",12.1,999.0,999.0,999,999,0
999,999999,"72.5,72.7,73.5,75.4,73.8",20.2,999.0,999.0,999,999,0
999,999999,"82.3,82.7,91.6,91.5,90.9,90.7",15.1,999.0,999.0,999,999,0
999,999999,"57.3,59.7,113.5,64.5,65.6,66.3,66.4,71.8",11.6,999.0,999.0,999,999,0
999,999999,"99.6,98.6,96.8,105.3,105.3",30.9,999.0,999.0,999,999,0
999,999999,"98.4,98.3,98.4,100.0,101.8,105.2",31.2,999.0,999.0,999,999,0
999,999999,"109.9,111.5,113.5,114.9,117.2,117.8,118.8,118.2",31.6,999.0,999.0,999,999,0
999,999999,"97.0,94.0,95.6,97.2,97.8,99.1",9.7,999.0,999.0,999,999,0
999,999999,"100.2,102.1,103.5,107.3,108.0,110.1,108.2,107.7,112.6",28.5,999.0,999.0,999,999,0
999,999999,"29.8,110.1,111.5,113.9,115.0,117.9",14.1,999.0,999.0,999,999,0
999,999999,"94.6,97.2,97.9,97.0,103.1",31.1,999.0,999.0,999,999,0
999,999999,"102.8,101.5,101.2,102.1,102.9,104.4",31.0,999.0,999.0,999,999,0
999,999999,"80.7,83.2,83.9,88.5,90.5,91.9,91.4,97.0,102.9,105.5",33.9,999.0,999.0,999,999,0
999,999999,"78.0,77.3,79.2,81.0,83.4,83.2,84.7",18.4,999.0,999.0,999,999,0
999,999999,"97.8,98.8,99.6,100.7,101.0,101.6,103.5,104.8,106.8",21.2,999.0,999.0,999,999,0
999,999999,"97.3,99.8,101.5,102.8,20.5,108.8,110.5,111.7",14.8,999.0,999.0,999,999,0
999,999999,"95.7,96.6,97.6,97.9,99.1,105.8,108.2",12.6,999.0,999.0,999,999,0
999,999999,"88.0,86.5,89.8,93.4,93.6,92.5,95.4,94.3,95.0,99.4",25.8,999.0,999.0,999,999,0
999,999999,"95.1,96.1,174.0,99.1,103.1",31.6,999.0,999.0,999,999,0
999,999999,"81.8,82.5,84.8,86.0,87.5,89.0,95.3,96.8,97.7,101.7",9.7,999.0,999.0,999,999,0
999,999999,"66.9,67.2,69.4,71.9,74.9,74.7,79.4",28.4,999.0,999.0,999,999,0
999,999999,"92.6,93.6,95.9,97.6,98.0",23.4,999.0,999.0,999,999,0
999,999999,"101.2,101.6,99.7,99.7,100.5",34.2,999.0,999.0,999,999,0
999,999999,"94.1,95.4,93.3,100.6,103.4",13.6,999.0,999.0,999,999,0
999,999999,"101.4,102.0,103.0,105.7,105.8,109.5,113.5,114.5,117.5,119.0",25.7,999.0,999.0,999,999,0
999,999999,"74.7,83.1,83.1,84.1,86.8,88.2,90.7",11.7,999.0,999.0,999,999,0
999,999999,"113.2,114.1,114.1,113.9,113.4,115.3,116.6,117.9",15.0,999.0,999.0,999,999,0
999,999999,"68.5,75.4,78.6,80.4,78.9,77.4",15.9,999.0,999.0,999,999,0
999,999999,"91.8,92.8,91.3,92.5,95.6,96.6,103.4,104.6,107.0,107.0",19.0,999.0,999.0,999,999,0
999,999999,"64.8,66.8,67.8,70.2,71.5,73.5,71.7",17.8,999.0,999.0,999,999,0
999,999999,"99.6,105.6,108.8,114.9,116.5",11.0,999.0,999.0,999,999,0
999,999999,"104.5,105.2,105.3,109.6,111.8,112.0,114.7",19.3,999.0,999.0,999,999,0
999,999999,"83.0,87.3,91.7,91.8,92.6,98.4,97.5",23.3,999.0,999.0,999,999,0
999,999999,"50.6,51.4,52.6,59.5,61.8,63.7,62.8,65.6,66.4,71.2",33.8,999.0,999.0,999,999,0
999,999999,"83.2,82.7,84.7,87.0,92.3",23.8,999.0,999.0,999,999,0
999,999999,"21.9,97.8,99.1,99.8,99.1,100.3",32.3,999.0,999.0,999,999,0
999,999999,"97.7,104.8,104.1,104.6,105.4,107.3,17.6,109.4,106.5",16.5,999.0,999.0,999,999,0
999,999999,"87.6,88.3,91.1,92.5,89.1,90.5,94.8,96.4,97.9",23.9,999.0,999.0,999,999,0
999,999999,"171.5,105.9,106.2,106.1,105.0,105.5,105.8",34.5,999.0,999.0,999,999,0
999,999999,"79.0,81.0,81.3,81.3,80.7,82.1,82.4",18.2,999.0,999.0,999,999,0
999,999999,"62.7,65.2,66.6,66.9,65.0,67.2,80.1,80.9,79.9",24.2,999.0,999.0,999,999,0
999,999999,"102.7,103.0,104.4,111.2,114.3,116.4",26.7,999.0,999.0,999,999,0
999,999999,"84.5,87.2,87.8,87.8,90.8",27.2,999.0,999.0,999,999,0
999,999999,"59.3,61.2,62.2,68.7,70.2,71.7",13.7,999.0,999.0,999,999,0
999,999999,"91.7,98.8,101.1,102.5,106.7,108.5,108.7,108.7",22.8,999.0,999.0,999,999,0
999,999999,"98.2,99.0,104.5,106.5,110.0",10.7,999.0,999.0,999,999,0
999,999999,"68.9,68.5,69.0,72.1,74.0,73.5,76.4,78.9",34.0,999.0,999.0,999,999,0
999,999999,"25.1,93.8,100.2,101.7,108.2",33.2,999.0,999.0,999,999,0
999,999999,"99.3,100.0,101.0,103.4,101.8,101.9,103.0",13.6,999.0,999.0,999,999,0
999,999999,"74.7,78.1,78.0,79.2,83.7,85.1",12.2,999.0,999.0,999,999,0
999,999999,"75.8,75.1,77.3,81.3,83.6,84.9",23.1,999.0,999.0,999,999,0
999,999999,"107.6,108.2,107.1,109.8,110.5,112.0,115.5,118.0,114.9",29.8,999.0,999.0,999,999,0
999,999999,"94.3,97.8,101.9,109.7,108.5,108.7",17.5,999.0,999.0,999,999,0
999,999999,"93.9,99.5,101.7,101.8,100.5,100.9",11.4,999.0,999.0,999,999,0
999,999999,"89.5,90.6,90.7,118.6,94.6,93.8,97.4,105.1,107.2,111.7",26.8,999.0,999.0,999,999,0
999,999999,"98.9,100.5,101.2,100.9,100.5,98.3,98.6,99.1,101.9,102.2",13.1,999.0,999.0,999,999,0
999,999999,"98.6,99.9,103.7,108.3,114.4,120.0",14.8,999.0,999.0,999,999,0
999,999999,"84.5,84.7,90.1,92.4,100.8,102.9,101.8",25.6,999.0,999.0,999,999,0
999,999999,"72.5,75.0,146.6,78.8,78.1,76.9,78.3,78.1",16.1,999.0,999.0,999,999,0
999,999999,"78.7,80.8,84.8,86.0,89.2,90.1,91.8",31.8,999.0,999.0,999,999,0
999,999999,"56.6,58.6,151.1,59.0,59.4,60.1,62.7,71.5,72.4",14.6,999.0,999.0,999,999,0
999,999999,"104.5,169.8,104.9,105.1,107.5,107.5,108.7,108.4,111.1,114.8",19.4,999.0,999.0,999,999,0
999,999999,"58.1,134.4,63.6,68.8,69.6,73.4",27.1,999.0,999.0,999,999,0
999,999999,"71.7,72.6,74.1,77.9,80.4,81.3,174.0,91.3",21.0,999.0,999.0,999,999,0
999,999999,"74.9,76.1,79.5,80.0,82.3,88.9",30.9,999.0,999.0,999,999,0
999,999999,"86.3,85.6,87.7,89.3,90.2",32.4,999.0,999.0,999,999,0
999,999999,"76.7,78.8,78.4,84.9,88.1",13.6,999.0,999.0,999,999,0
999,999999,"78.1,79.5,90.6,92.2,92.8,99.9",29.3,999.0,999.0,999,999,0
999,999999,"74.4,78.9,80.8,81.9,86.2",32.5,999.0,999.0,999,999,0
999,999999,"75.7,77.2,79.8,84.1,89.1,91.0,93.2",20.2,999.0,999.0,999,999,0
999,999999,"75.9,81.8,82.0,82.0,81.7,85.8,90.3",28.1,999.0,999.0,999,999,0
999,999999,"90.7,91.5,153.7,100.9,23.7,100.5,101.6,103.4",31.2,999.0,999.0,999,999,0
999,999999,"85.8,86.8,89.0,90.0,92.5,21.3,99.8",23.4,999.0,999.0,999,999,0
999,999999,"90.4,92.3,92.1,91.3,93.4,94.2,157.8",10.7,999.0,999.0,999,999,0
999,999999,"103.6,109.0,109.4,115.7,116.5,118.6",10.8,999.0,999.0,999,999,0
999,999999,"66.2,66.7,65.2,70.0,72.9,71.3,78.4,78.1,84.2",31.3,999.0,999.0,999,999,0
999,999999,"71.9,70.2,72.1,74.9,79.3",10.7,999.0,999.0,999,999,0
999,999999,"74.4,77.6,78.1,81.9,80.9,83.2",24.6,999.0,999.0,999,999,0
999,999999,"78.3,78.7,79.5,84.9,89.3,94.7",20.7,999.0,999.0,999,999,0
999,999999,"111.9,179.4,110.5,111.9,111.7,26.9,111.3,111.9,116.8",13.7,999.0,999.0,999,999,0
999,999999,"99.8,101.6,102.2,108.0,111.8,117.4,117.2",24.4,999.0,999.0,999,999,0
999,999999,"88.8,90.9,90.6,93.6,97.9,97.9",30.5,999.0,999.0,999,999,0
999,999999,"97.5,99.1,105.5,119.2,109.7,111.3,112.6",11.7,999.0,999.0,999,999,0
999,999999,"93.5,95.8,96.5,96.9,97.8,97.3,98.6,104.7,106.8,107.9",19.1,999.0,999.0,999,999,0
999,999999,"56.8,59.0,61.1,63.9,67.6,76.7,75.0,77.4,74.4,74.9",13.7,999.0,999.0,999,999,0
999,999999,"95.0,96.5,99.9,100.3,101.2,100.8",23.4,999.0,999.0,999,999,0
999,999999,"16.7,100.6,104.7,106.1,106.7,106.7,107.8",31.3,999.0,999.0,999,999,0
999,999999,"76.4,80.0,81.8,81.8,83.1,86.0,88.2,88.7,88.2,89.3",28.3,999.0,999.0,999,999,0
999,999999,"109.4,111.9,110.5,108.1,109.2,110.2,110.4",16.5,999.0,999.0,999,999,0
999,999999,"103.0,101.9,104.0,104.2,104.2,107.3,107.1,108.1,111.7",20.4,999.0,999.0,999,999,0
999,999999,"92.1,94.6,91.9,94.7,95.9,98.3",33.2,999.0,999.0,999,999,0
999,999999,"72.0,80.4,82.9,84.2,85.4,87.3,93.0",34.4,999.0,999.0,999,999,0
999,999999,"112.7,113.9,119.7,22.1,119.6",14.7,999.0,999.0,999,999,0
999,999999,"128.4,55.8,62.0,67.1,68.3,69.1,70.3,71.1,77.3,78.9",19.1,999.0,999.0,999,999,0
999,999999,"95.4,95.7,96.8,97.4,95.3,194.1",23.7,999.0,999.0,999,999,0
999,999999,"109.4,112.0,109.7,108.2,109.7,110.9",32.5,999.0,999.0,999,999,0
999,999999,"18.6,93.3,94.9,95.0,93.7,95.5,99.1,105.6",33.2,999.0,999.0,999,999,0
999,999999,"76.7,157.4,77.4,78.0,79.2,79.3",25.6,999.0,999.0,999,999,0
999,999999,"66.9,73.4,76.3,78.1,85.1,87.6,88.1,88.1",33.2,999.0,999.0,999,999,0
999,999999,"64.1,68.0,68.7,70.5,76.6,79.1,79.1,81.6,82.8,85.0",33.9,999.0,999.0,999,999,0
999,999999,"103.1,106.2,110.4,17.9,109.6,112.8",24.4,999.0,999.0,999,999,0
999,999999,"101.4,108.2,114.4,117.9,118.0,21.8,117.0",27.4,999.0,999.0,999,999,0
999,999999,"73.0,74.9,78.4,135.5,82.0,81.4",13.3,999.0,999.0,999,999,0
999,999999,"66.3,70.6,70.7,70.9,70.5",13.9,999.0,999.0,999,999,0
