model,barcode,power,temperature,boundaryPowerMax,boundaryPowerMin,compressorModel,doza,label
420,420100154549639580420,"86.5,87,88.5,91,93.5,95,96.5,97",20.9,92.05,108.1,JiaXipera МM1110Y,43,1
420,420100154549639560420,"89,89.5,94.5,95.5,97,98.5,99",20.5,91.37,107.44,JiaXipera МM1110Y,43,1
420,420100154549639550420,"86,87.5,89,90.5,92.5,94.5,97,96",20.7,91.71,107.77,JiaXipera МM1110Y,43,1
420,420100154549639540420,"89,91,92,95,96.5,98.5,100,100.5",20.5,91.37,107.44,JiaXipera МM1110Y,43,1
420,420100154549639520420,"89.5,90.5,92.5,96,97.5,99,99.5,101.5,103",20.8,91.88,107.94,JiaXipera МM1110Y,43,1
420,420100154549639510420,"86.5,91,93.5,94,96.5,99,101.5,99.5",20.8,91.88,107.94,JiaXipera МM1110Y,43,1
420,420100154549639500420,"85,86.5,89,91.5,94,98,99.5,99",20.7,91.71,107.77,JiaXipera МM1110Y,43,1
420,420100154549639460420,"87.5,87,90,91.5,93.5,95.5,96.5,96",20.7,91.71,107.77,JiaXipera МM1110Y,43,1
420,420100154549639450420,"84.5,88.5,91,91.5,94.5,96,95",20.7,91.71,107.77,JiaXipera МM1110Y,43,1
420,420100154549639440420,"83.5,85,88,91,92.5,95,96.5,97.5,99,98,99.5",20.7,91.71,107.77,JiaXipera МM1110Y,43,1
420,420100154549639430420,"89.5,90,91,94.5,96.5,99.5,102,101.5",20.9,92.05,108.1,JiaXipera МM1110Y,43,1
420,420100154549639390420,"84,87.5,89.5,93.5,96,99.5,102,103",20.7,91.71,107.77,JiaXipera МM1110Y,43,1
420,420100154549639370420,"85,80.5,89.5,90.5,94.5,96.5,99,101.5,99.5",20.7,91.71,107.77,JiaXipera МM1110Y,43,1
420,420100154549639360420,"89.5,90.5,93,97,97.5,101,103,101.5",20.9,92.05,108.1,JiaXipera МM1110Y,43,1
420,420100154549639350420,"86,85.5,89,91.5,95.5,98.5,100.5,98",20.8,91.88,107.94,JiaXipera МM1110Y,43,1
420,420100154549639340420,"86.5,89,90.5,93.5,96.5,98,100.5,99.5",21.1,92.38,108.44,JiaXipera МM1110Y,43,1
420,420100154549639320420,"90.5,90,91.5,93.5,95,99,100,101,103",20.9,92.05,108.1,JiaXipera МM1110Y,43,1
420,420100154549639310420,"87,89.5,92.5,96.5,100.5,104,107.5,106",20.8,91.88,107.94,JiaXipera МM1110Y,43,1
420,420100154549639300420,"87,87.5,91.5,96.5,99,103.5",20.9,92.05,108.1,JiaXipera МM1110Y,43,1
420,420100154549639290420,"84.5,87.5,89.5,95,97.5,100.5,102,101.5",20.8,91.88,107.94,JiaXipera МM1110Y,43,1
420,420100154549639200420,"85,86,89,92,92.5,97,98.5,102",21.3,92.72,108.77,JiaXipera МM1110Y,43,1
420,420100154549639190420,"82,85.5,87,91.5,94,95,95.5,96.5",21.0,92.21,108.27,JiaXipera МM1110Y,43,1
420,420100154549639180420,"81.5,84.5,86,88.5,90.5,92.5,93.5,94.5,96.5",21.0,92.21,108.27,JiaXipera МM1110Y,43,1
420,420100154549639140420,"85,86.5,89.5,91,92.5,95,97,95.5",21.2,92.55,108.6,JiaXipera МM1110Y,43,1
420,420100154549639230420,"88,92,96.5,100,103,106",21.0,92.21,108.27,JiaXipera МM1110Y,43,1
420,420100154549639090420,"85.5,88.5,90,91,92.5,93.5,95,95.5",20.2,90.87,106.94,JiaXipera МM1110Y,43,1
420,420100154549639080420,"84.5,88.5,91,94,95.5,96,99.5",21.2,92.55,108.6,JiaXipera МM1110Y,43,1
420,420100154549639060420,"85,87,89.5,91.5,93.5,95,97,99.5",21.2,92.55,108.6,JiaXipera МM1110Y,43,1
420,420100154549639020420,"82.5,86,88.5,91.5,94.5,97,99,100",21.3,92.72,108.77,JiaXipera МM1110Y,43,1
420,420100154549639010420,"84.5,88.5,91.5,93.5,96.5,100,99.5,101",21.3,92.72,108.77,JiaXipera МM1110Y,43,1
420,420100154549639000420,"85.5,87,90.5,93.5,95,98,99.5",21.3,92.72,108.77,JiaXipera МM1110Y,43,1
420,420100154549638990420,"84.5,87.5,91.5,93.5,96,99,102,101",21.3,92.72,108.77,JiaXipera МM1110Y,43,1
420,420100154549638970420,"82.5,84.5,87,91,93.5,96,98.5,99.5",21.3,92.72,108.77,JiaXipera МM1110Y,43,1
420,420100154549638940420,"84,83.5,84,86,88,90,91.5,92",20.2,90.87,106.94,JiaXipera МM1110Y,43,1
420,420100154549638930420,"83,84,85.5,88.5,91,93,95,94",20.1,90.7,106.77,JiaXipera МM1110Y,43,1
420,420100154549638830420,"85.5,89,93,96,99.5,103,105,105.5",21.4,92.89,108.94,JiaXipera МM1110Y,43,1
420,420100154549639590420,"90,90.5,93,96.5,98,100.5,101,101.5",20.9,92.05,108.1,JiaXipera МM1110Y,43,1
420,420100154549638820420,"87,89.5,95,96,100,103,105,104.5",21.4,92.89,108.94,JiaXipera МM1110Y,43,1
420,420100154549638770420,"84.5,85.5,87,89,91,93.5,94.5,93.5",20.2,90.87,106.94,JiaXipera МM1110Y,43,1
420,420100154549638760420,"84,85,87,87.5,91,96.5,97.5,98",20.1,90.7,106.77,JiaXipera МM1110Y,43,1
420,420100154549638680420,"84.5,84,85.5,89.5,90,94,92.5,93.5",20.2,90.87,106.94,JiaXipera МM1110Y,43,1
420,420100154549638670420,"87,86.5,87.5,89.5,89,91,92.5,93.5",20.2,90.87,106.94,JiaXipera МM1110Y,43,1
420,420100154549638660420,"87,88,89.5,91.5,94.5,95.5,96,99",20.2,90.87,106.94,JiaXipera МM1110Y,43,1
420,420100154549638640420,"86.5,86,85.5,87.5,90,92,93.5,95,95.5",20.2,90.87,106.94,JiaXipera МM1110Y,43,1
420,420100154549638630420,"86.5,88,89,91,94,96,97,98.5",20.3,91.04,107.1,JiaXipera МM1110Y,43,1
420,420100154549638590420,"88.5,88,90.5,92,94.5,97,100,99",20.2,90.87,106.94,JiaXipera МM1110Y,43,1
420,420100154549638580420,"86,88,89,92,94,96.5,96",20.3,91.04,107.1,JiaXipera МM1110Y,43,1
420,420100154549638570420,"84,84.5,85,87,88.5,90,92,91.5",20.3,91.04,107.1,JiaXipera МM1110Y,43,1
420,420100154549638560420,"83,85.5,86,89.5,91,91.5",20.4,91.2,107.27,JiaXipera МM1110Y,43,1
420,420100154549638540420,"85,87.5,88,89,92.5,95,98,97.5",20.3,91.04,107.1,JiaXipera МM1110Y,43,1
420,420100154549638510420,"87,87.5,90,91.5,94,97,100,98",20.3,91.04,107.1,JiaXipera МM1110Y,43,1
420,420100154549638500420,"87.5,89,91,95,97.5,98.5,100.5,100",20.4,91.2,107.27,JiaXipera МM1110Y,43,1
420,420100154549638960420,"84.5,88,94.5,97.5,100.5,103.5,107,106",21.3,92.72,108.77,JiaXipera МM1110Y,43,1
420,420100154549638480420,"83,90,91.5,95,97.5,98.5,99",20.3,91.04,107.1,JiaXipera МM1110Y,43,1
420,420100154549638450420,"85,86.5,89.5,92,94,95,96",20.4,91.2,107.27,JiaXipera МM1110Y,43,1
420,420100154549638430420,"87,84,87.5,85,87.5,88.5,90,92,96.5,99,97.5",20.2,90.87,106.94,JiaXipera МM1110Y,43,1
420,420100154549638420420,"86,86.5,90,93,96.5,98.5,101.5,99.5",20.2,90.87,106.94,JiaXipera МM1110Y,43,1
420,420100154549638410420,"86,86.5,89,91,92.5,94.5,95,95.5,96,97,96.5,97.5,97",20.2,90.87,106.94,JiaXipera МM1110Y,43,1
420,420100154549638400420,"82.5,88,90,92.5,93.5,95.5,97,97.5",20.2,90.87,106.94,JiaXipera МM1110Y,43,1
420,420100154549638350420,"85.5,85,87,90,92.5,95,96,97.5",20.4,91.2,107.27,JiaXipera МM1110Y,43,1
420,420100154549638300420,"85,87.5,89.5,92.5,94,96.5,97.5,97",20.4,91.2,107.27,JiaXipera МM1110Y,43,1
420,420100154549638260420,"84,85,87,91.5,93,96,97.5,95.5",20.2,90.87,106.94,JiaXipera МM1110Y,43,1
420,420100154549638220420,"82.5,87,90,92,95,98,99,98.5",20.2,90.87,106.94,JiaXipera МM1110Y,43,1
420,420100154549638140420,"86,89,92,95,98.5,100.5,102.5,101",20.3,91.04,107.1,JiaXipera МM1110Y,43,1
420,420100154549638130420,"86,89.5,91,92.5,94.5,99.5,100,100.5",20.3,91.04,107.1,JiaXipera МM1110Y,43,1
420,420100154549638110420,"83,85,90,90.5,93.5,94.5,97,96",20.4,91.2,107.27,JiaXipera МM1110Y,43,1
420,420100154549638100420,"86,87,89.5,92,94,96,98,99.5",20.4,91.2,107.27,JiaXipera МM1110Y,43,1
420,420100154549638090420,"88.5,89.5,92,94,96.5,98,99",20.4,91.2,107.27,JiaXipera МM1110Y,43,1
420,420100154549638070420,"87,88.5,91,93,96.5,97.5,99.5,101.5,100.5",20.4,91.2,107.27,JiaXipera МM1110Y,43,1
420,420100154549556870420,"87,87.5,89.5,91,94,96,97,96",18.4,87.84,103.94,JiaXipera МM1110Y,43,1
420,420100154549556860420,"86,85.5,89.5,91,92.5,92,95",17.7,86.66,102.77,JiaXipera МM1110Y,43,1
420,420100154549556850420,"86.5,85.5,88,89,91.5,93.5,95,95.5",17.7,86.66,102.77,JiaXipera МM1110Y,43,1
420,420100154549556820420,"82.5,83,87,89.5,92,95,96.5,98",18.4,87.84,103.94,JiaXipera МM1110Y,43,1
420,420100154549556800420,"85,88.5,89,91.5,93.5,94",17.7,86.66,102.77,JiaXipera МM1110Y,43,1
420,420100154549556740420,"84.5,85,84.5,87,89.5,91.5,93,95",18.0,87.17,103.27,JiaXipera МM1110Y,43,1
420,420100154549556720420,"85.5,84.5,87,89.5,92.5,93.5,96.5,95.5",17.8,86.83,102.94,JiaXipera МM1110Y,43,1
420,420100154549556670420,"81.5,82,83.5,84,87,89,91,90.5",17.6,86.49,102.61,JiaXipera МM1110Y,43,1
420,420100154549556660420,"82.5,83.5,84,87,89.5,91,92.5,90.5",18.2,87.5,103.61,JiaXipera МM1110Y,43,1
420,420100154549556650420,"86,87.5,89.5,91,94.5,96.5,95",17.7,86.66,102.77,JiaXipera МM1110Y,43,1
420,420100154549556640420,"84.5,83.5,85.5,89,90,92.5,94.5,96",18.1,87.33,103.44,JiaXipera МM1110Y,43,1
420,420100154549556590420,"84,86,87,87.5,89.5,90.5,93.5,91",17.7,86.66,102.77,JiaXipera МM1110Y,43,1
420,420100154549556580420,"86.5,87.5,91,92,94,95.5,96.5,95",18.1,87.33,103.44,JiaXipera МM1110Y,43,1
420,420100154549556490420,"85.5,87,89,90,93.5,94,92.5",18.1,87.33,103.44,JiaXipera МM1110Y,43,1
420,420100154549556470420,"87,87.5,92,93,96,97.5,98.5,98",18.3,87.67,103.77,JiaXipera МM1110Y,43,1
420,420100154549556460420,"84,85.5,89,91.5,93.5,96,98.5,97",18.1,87.33,103.44,JiaXipera МM1110Y,43,1
420,420100154549556450420,"84.5,83,86,86.5,90,93,95,93.5",18.0,87.17,103.27,JiaXipera МM1110Y,43,1
420,420100154549556400420,"85.5,87,89,90.5,91.5,93.5,94.5,94",18.2,87.5,103.61,JiaXipera МM1110Y,43,1
420,420100154549556380420,"85,84,87.5,88.5,91,93,94",18.3,87.67,103.77,JiaXipera МM1110Y,43,1
420,420100154549556350420,"85.5,90.5,93,94.5,98,100,98.5",18.3,87.67,103.77,JiaXipera МM1110Y,43,1
420,420100154549556310420,"84,85,88,92,95.5,99.5,99,101",18.2,87.5,103.61,JiaXipera МM1110Y,43,1
420,420100154549556290420,"87,85.5,88,88.5,91,93,93.5",18.6,88.18,104.27,JiaXipera МM1110Y,43,1
420,420100154549556270420,"84.5,83,86,89.5,91.5,92.5,95,95.5,97.5,97",18.3,87.67,103.77,JiaXipera МM1110Y,43,1
420,420100154549556260420,"82.5,83.5,86.5,88.5,91,94,96,94",18.3,87.67,103.77,JiaXipera МM1110Y,43,1
420,420100154549556250420,"84.5,86.5,89.5,91,92.5,95,95.5,94",18.5,88.01,104.11,JiaXipera МM1110Y,43,1
420,420100154549556240420,"87.5,86.5,89,92,93,94.5,96.5,97.5",18.7,88.34,104.44,JiaXipera МM1110Y,43,1
420,420100154549556230420,"85.5,89,91.5,94,96.5,98,97.5",18.5,88.01,104.11,JiaXipera МM1110Y,43,1
420,420100154549556210420,"80.5,82,83,86.5,89,91.5,93,93.5",18.4,87.84,103.94,JiaXipera МM1110Y,43,1
420,420100154549556150420,"81.5,84.5,86.5,88,91,92.5,95,93.5",18.5,88.01,104.11,JiaXipera МM1110Y,43,1
420,420100154549556130420,"85,87.5,89.5,91,93.5,94.5,96,97",18.6,88.18,104.27,JiaXipera МM1110Y,43,1
420,420100154549556110420,"87,90,91,93.5,95,96.5,97.5",18.8,88.51,104.61,JiaXipera МM1110Y,43,1
420,420100154549556090420,"84,85.5,88,90.5,94,95.5,98,97.5",18.7,88.34,104.44,JiaXipera МM1110Y,43,1
420,420100154549556070420,"84,85,87.5,89,91,93.5,94.5,95",18.2,87.5,103.61,JiaXipera МM1110Y,43,1
420,420100154549556060420,"84.5,85,88,90.5,93.5,95.5,98,98.5",18.8,88.51,104.61,JiaXipera МM1110Y,43,1
420,420100154549556050420,"84,85,86,89,91,93.5,95,94",18.0,87.17,103.27,JiaXipera МM1110Y,43,1
420,420100154549555950420,"86,86.5,89.5,90.5,91.5,93,95.5,93.5",18.0,87.17,103.27,JiaXipera МM1110Y,43,1
420,420100154549555940420,"89.5,87.5,91,92,97,99.5,100,101",18.3,87.67,103.77,JiaXipera МM1110Y,43,1
420,420100154549555910420,"82.5,82,83.5,83,85,85.5,88,89.5",16.0,83.8,99.94,JiaXipera МM1110Y,43,1
420,420100154549638900420,"86.5,87,89.5,91.5,94.5,96,98,99",21.4,92.89,108.94,JiaXipera МM1110Y,43,1
420,420100154549555860420,"83,82.5,85,87,89,90,91,92",18.3,87.67,103.77,JiaXipera МM1110Y,43,1
420,420100154549555840420,"83.5,84.5,88,88.5,91.5,94,95,96",18.3,87.67,103.77,JiaXipera МM1110Y,43,1
420,420100154549555800420,"84,85,87,89,91.5,93.5,93,93.5",18.6,88.18,104.27,JiaXipera МM1110Y,43,1
420,420100154549555790420,"85,86,88.5,90,90.5,92,94,95,97",18.3,87.67,103.77,JiaXipera МM1110Y,43,1
420,420100154549555760420,"86.5,82,87,89.5,91,93,95.5,97,97.5",18.7,88.34,104.44,JiaXipera МM1110Y,43,1
420,420100154549555720420,"84,86.5,87.5,90,92.5,93.5,94.5,96,97.5",18.4,87.84,103.94,JiaXipera МM1110Y,43,1
420,420100154549555710420,"81,82.5,86,85.5,88.5,89.5,90",16.0,83.8,99.94,JiaXipera МM1110Y,43,1
420,420100154549639400420,"88.5,91.5,93,96,98,100,102,101.5",20.9,92.05,108.1,JiaXipera МM1110Y,43,1
420,420100154549555670420,"85.5,87,90.5,96.5,98.5",18.4,87.84,103.94,JiaXipera МM1110Y,43,1
420,420100154549555660420,"86.5,86,87,91.5,94,96,98,98.5",18.3,87.67,103.77,JiaXipera МM1110Y,43,1
420,420100154549555640420,"85,83.5,87,91,93.5,94.5,95.5,98,96.5",18.3,87.67,103.77,JiaXipera МM1110Y,43,1
420,420100154549555630420,"84.5,86,90,92.5,96,96.5,99,98.5",18.3,87.67,103.77,JiaXipera МM1110Y,43,1
420,420100154549555620420,"85.5,83.5,88,92.5,94,96,95",18.4,87.84,103.94,JiaXipera МM1110Y,43,1
420,420100154549555610420,"85.5,89.5,92,93.5,95.5,97.5,98.5,97.5",18.6,88.18,104.27,JiaXipera МM1110Y,43,1
420,420100154549555600420,"82.5,87,89,91.5,95,97.5,99,98.5",18.4,87.84,103.94,JiaXipera МM1110Y,43,1
420,420100154549555580420,"79,79.5,81,82,82.5,85,87,86.5",16.1,83.97,100.11,JiaXipera МM1110Y,43,1
420,420100154549556440420,"82,83,90.5,91,94.5,94,95",18.1,87.33,103.44,JiaXipera МM1110Y,43,1
420,420100154549555530420,"83.5,88,90,92.5,95,97.5,98",18.4,87.84,103.94,JiaXipera МM1110Y,43,1
420,420100154549555510420,"82,82.5,85,88,89,91.5,92,93",15.9,83.63,99.78,JiaXipera МM1110Y,43,1
420,420100154549555500420,"82,81,82.5,84.5,87,89,90.5,90",15.8,83.46,99.61,JiaXipera МM1110Y,43,1
420,420100154549555420420,"81,79.5,82,82.5,84,87,87.5,89",15.8,83.46,99.61,JiaXipera МM1110Y,43,1
420,420100154549555410420,"81.5,83.5,85.5,89,90,93.5,95.5,95",18.5,88.01,104.11,JiaXipera МM1110Y,43,1
420,420100154549555380420,"82.5,80.5,82,83.5,85,89.5,88",15.8,83.46,99.61,JiaXipera МM1110Y,43,1
420,420100154549555360420,"83,88,89.5,90.5,93.5,95.5,96.5,96",18.8,88.51,104.61,JiaXipera МM1110Y,43,1
420,420100154549555330420,"86.5,84,88.5,94,96,98,100,98.5",18.7,88.34,104.44,JiaXipera МM1110Y,43,1
420,420100154549555320420,"86,86.5,88,90.5,91,93,94,96,97,96.5,97.5",18.8,88.51,104.61,JiaXipera МM1110Y,43,1
420,420100154549555260420,"78,80,80.5,82.5,86.5,87.5,89",15.8,83.46,99.61,JiaXipera МM1110Y,43,1
420,420100154549555240420,"78.5,80.5,81.5,82,82.5,83.5,86,88,91,91.5",15.7,83.3,99.44,JiaXipera МM1110Y,43,1
420,420100154549555140420,"83,82,85,84,87,86.5,90,89",16.2,84.14,100.28,JiaXipera МM1110Y,43,1
420,420100154549555120420,"78,80.5,81.5,83.5,85,87.5,89,90",15.7,83.3,99.44,JiaXipera МM1110Y,43,1
420,420100154549555090420,"79,81,82,84.5,85,86.5,88,84",16.0,83.8,99.94,JiaXipera МM1110Y,43,1
420,420100154549639420420,"85,85.5,88,90.5,92,96,98.5,99,100.5",20.8,91.88,107.94,JiaXipera МM1110Y,43,1
420,420100154549555080420,"81.5,82.5,84,85.5,86.5,87.5,90.5,89.5",15.8,83.46,99.61,JiaXipera МM1110Y,43,1
420,420100154549555060420,"82,82.5,84.5,85.5,88.5,89.5,88.5",16.0,83.8,99.94,JiaXipera МM1110Y,43,1
420,420100154549555020420,"81.5,80,81,82.5,83.5,84,85.5,87.5,86.5",16.0,83.8,99.94,JiaXipera МM1110Y,43,1
420,420100154549555010420,"78.5,80,81,82.5,83,85.5,88.5,88,87.5",16.4,84.47,100.61,JiaXipera МM1110Y,43,1
420,420100154549555000420,"78.5,84,85.5,88,88.5,88",16.1,83.97,100.11,JiaXipera МM1110Y,43,1
420,420100154549554990420,"80.5,79.5,81.5,83,85,86,87.5,85.5",17.0,85.48,101.61,JiaXipera МM1110Y,43,1
420,420100154549554980420,"82.5,82,84,86,86.5,87,89.5,89,90.5,90",16.6,84.81,100.94,JiaXipera МM1110Y,43,1
420,420100154549554970420,"81,80.5,83,86,86.5,89.5,91,91.5",16.2,84.14,100.28,JiaXipera МM1110Y,43,1
420,420100154549554950420,"80,82,82.5,84.5,86.5,88.5,89,90.5",16.3,84.31,100.44,JiaXipera МM1110Y,43,1
420,420100154549554930420,"82.5,81,83,84.5,87,87.5,90",16.6,84.81,100.94,JiaXipera МM1110Y,43,1
420,420100154549554920420,"83.5,83,84.5,86,87,90,91.5,91",17.8,86.83,102.94,JiaXipera МM1110Y,43,1
420,420100154549554890420,"84.5,85,88,90.5,92.5,91.5",16.6,84.81,100.94,JiaXipera МM1110Y,43,1
420,420100154549554860420,"84.5,84,85,87,87.5,90,93,92",17.5,86.32,102.44,JiaXipera МM1110Y,43,1
420,420100154549554850420,"84,86.5,87.5,89,90.5,93.5,94.5,94",16.6,84.81,100.94,JiaXipera МM1110Y,43,1
420,420100154549554840420,"81,82.5,84.5,86,86.5,88.5,90.5",16.6,84.81,100.94,JiaXipera МM1110Y,43,1
420,420100154549554810420,"87.5,89,90,92,94,96.5,96",18.6,88.18,104.27,JiaXipera МM1110Y,43,1
420,420100154549554790420,"81,79.5,83,83.5,86.5,87,90,90.5,91",16.6,84.81,100.94,JiaXipera МM1110Y,43,1
420,420100154549554780420,"81.5,80,82.5,83,84,86.5,88,89,90.5,92,93",16.6,84.81,100.94,JiaXipera МM1110Y,43,1
420,420100154549554770420,"81,81.5,85.5,86,88.5,89,92.5,90",16.8,85.15,101.28,JiaXipera МM1110Y,43,1
420,420100154549554760420,"82,81.5,84,86,89,91.5,92.5,92",16.6,84.81,100.94,JiaXipera МM1110Y,43,1
420,420100154549554750420,"79,80.5,83.5,87,89.5,91.5,95,93.5",16.6,84.81,100.94,JiaXipera МM1110Y,43,1
420,420100154549554740420,"82.5,83.5,86,88.5,91.5,93.5,93",17.0,85.48,101.61,JiaXipera МM1110Y,43,1
420,420100154549638790420,"86,87,93,96.5,97.5,99,101,103,106",21.4,92.89,108.94,JiaXipera МM1110Y,43,1
420,420100154549554730420,"79.5,77.5,82,81.5,84.5,86.5,88.5,89,91.5,93,94,94.5",16.6,84.81,100.94,JiaXipera МM1110Y,43,1
420,420100154549554720420,"83,85.5,86.5,87,90,90.5,93.5",16.7,84.98,101.11,JiaXipera МM1110Y,43,1
420,420100154549554690420,"80,80.5,83.5,85.5,86,88,89.5,90.5",16.8,85.15,101.28,JiaXipera МM1110Y,43,1
420,420100154549555680420,"82.5,83,85.5,86,88,90,90.5,90",15.9,83.63,99.78,JiaXipera МM1110Y,43,1
420,420100154549554650420,"78.5,78,84,85.5,87,89,88",16.9,85.31,101.44,JiaXipera МM1110Y,43,1
420,420100154549554630420,"78,80.5,82.5,84.5,86.5,89,87",16.8,85.15,101.28,JiaXipera МM1110Y,43,1
420,420100154549554620420,"80,79.5,81,85,85.5,87.5,89,88.5",16.9,85.31,101.44,JiaXipera МM1110Y,43,1
420,420100154549554610420,"80.5,82,83,84,86.5,87.5,89,90",17.5,86.32,102.44,JiaXipera МM1110Y,43,1
420,420100154549638490420,"83,84,86,87.5,89.5,90.5,94,95.5",20.3,91.04,107.1,JiaXipera МM1110Y,43,1
420,420100154549554570420,"77.5,78,82,84,85.5,89,89.5,88",16.9,85.31,101.44,JiaXipera МM1110Y,43,1
420,420100154549554550420,"84.5,84,86,87.5,91.5,94,95.5,95",17.3,85.99,102.11,JiaXipera МM1110Y,43,1
420,420100154549554540420,"79,80,83,85,86.5,89.5,93,93.5",17.0,85.48,101.61,JiaXipera МM1110Y,43,1
420,420100154549554530420,"81.5,80.5,82,83.5,84.5,86,88.5,89.5",17.2,85.82,101.94,JiaXipera МM1110Y,43,1
420,420100154549554510420,"85.5,86.5,89.5,90.5,93,94.5,94",17.3,85.99,102.11,JiaXipera МM1110Y,43,1
420,420100154549554500420,"81,80,83.5,86,88,91,93,93.5",17.2,85.82,101.94,JiaXipera МM1110Y,43,1
420,420100154549554450420,"84,85.5,87.5,90.5,92,91.5",17.5,86.32,102.44,JiaXipera МM1110Y,43,1
420,420100154549554440420,"82.5,82,84,87,88,91,92.5,91,93",17.5,86.32,102.44,JiaXipera МM1110Y,43,1
420,420100154549554430420,"81,80,85.5,87,92.5,96,94",17.3,85.99,102.11,JiaXipera МM1110Y,43,1
420,420100154549554420420,"84.5,86,89.5,92,95,98,98.5,101,99.5",20.5,91.37,107.44,JiaXipera МM1110Y,43,1
420,420100154549554410420,"83.5,84,86,88,90,92.5,94.5,95.5",17.4,86.16,102.27,JiaXipera МM1110Y,43,1
420,420100154549554390420,"83,80.5,82.5,86,88.5,89,91.5,92,91.5",17.5,86.32,102.44,JiaXipera МM1110Y,43,1
420,420100154549554380420,"81,82,83,87,89,91.5,93,93.5",17.4,86.16,102.27,JiaXipera МM1110Y,43,1
420,420100154549554370420,"80,85.5,87,91.5,94,93",17.4,86.16,102.27,JiaXipera МM1110Y,43,1
420,420100154549554360420,"81,82,85.5,88,92.5,93.5,95.5,97,96",17.5,86.32,102.44,JiaXipera МM1110Y,43,1
420,420100154549554240420,"81.5,80.5,82.5,85.5,87,89.5,89",17.0,85.48,101.61,JiaXipera МM1110Y,43,1
420,420100154549554230420,"83,85,86.5,88.5,89.5,90.5,91",17.0,85.48,101.61,JiaXipera МM1110Y,43,1
420,420100154549639610420,"83.5,82.5,84.5,87.5,89.5,92,94,95",20.2,90.87,106.94,JiaXipera МM1110Y,43,1
420,420100154549554210420,"79.5,80.5,81,83,84,86,88,89",17.0,85.48,101.61,JiaXipera МM1110Y,43,1
420,420100154549554140420,"85,83,86,88.5,89,90,91,92,92.5",17.3,85.99,102.11,JiaXipera МM1110Y,43,1
420,420100154549554130420,"82.5,83,86.5,88,90.5,91",17.3,85.99,102.11,JiaXipera МM1110Y,43,1
420,420100154549554120420,"85,87.5,88.5,90.5,91.5,94,92,92.5",17.2,85.82,101.94,JiaXipera МM1110Y,43,1
420,420100154549554110420,"84.5,86,89,91,93.5,95.5,95",17.3,85.99,102.11,JiaXipera МM1110Y,43,1
420,420100154549554100420,"82.5,84,85,88.5,90,92.5,93.5,93",17.8,86.83,102.94,JiaXipera МM1110Y,43,1
420,420100154549554080420,"81,84,85.5,87,87.5,89.5,90.5,93",17.3,85.99,102.11,JiaXipera МM1110Y,43,1
420,420100154549554070420,"83,84.5,85.5,86.5,88.5,91,92.5,91.5",18.2,87.5,103.61,JiaXipera МM1110Y,43,1
420,420100154549554040420,"83.5,84,85.5,88,90,91,90",17.5,86.32,102.44,JiaXipera МM1110Y,43,1
420,420100154549556300420,"81,85,87.5,89,91,93.5,95,94",18.5,88.01,104.11,JiaXipera МM1110Y,43,1
420,420100154549554030420,"84,82,85.5,88,89,90,91,92.5,93",17.7,86.66,102.77,JiaXipera МM1110Y,43,1
420,420100154549554000420,"85.5,86,87.5,88,89.5,91.5,93,93.5",17.5,86.32,102.44,JiaXipera МM1110Y,43,1
420,420100154549553980420,"82.5,86,88.5,89,89.5,93,94.5,94",17.5,86.32,102.44,JiaXipera МM1110Y,43,1
420,420100154549553950420,"85.5,86,90.5,91.5,92.5,94.5,94,95.5,97",17.6,86.49,102.61,JiaXipera МM1110Y,43,1
420,420100154549553940420,"84.5,85,88.5,89.5,91.5,94.5,95.5,98.5",17.7,86.66,102.77,JiaXipera МM1110Y,43,1
420,420100154549553910420,"87.5,88,89.5,92,94,98,98.5,99",17.8,86.83,102.94,JiaXipera МM1110Y,43,1
420,420100154549553900420,"82.5,84.5,86,89.5,93,92.5,94.5,94",17.7,86.66,102.77,JiaXipera МM1110Y,43,1
420,420100154549553880420,"84.5,86,88,92,93.5,96,94.5",17.8,86.83,102.94,JiaXipera МM1110Y,43,1
420,420100154549553870420,"84,83,86.5,88,89,89.5,93.5,95.5,94.5",17.7,86.66,102.77,JiaXipera МM1110Y,43,1
420,420100154549553850420,"81.5,82.5,83,84.5,87,88.5,91,93.5,92.5",17.7,86.66,102.77,JiaXipera МM1110Y,43,1
420,420100154549553840420,"83.5,87,88.5,90,91.5,92.5,93.5",17.7,86.66,102.77,JiaXipera МM1110Y,43,1
420,420100154549553830420,"82,82.5,86,85,88.5,88,91,91.5",17.7,86.66,102.77,JiaXipera МM1110Y,43,1
420,420100154549554170420,"81,82,82.5,83.5,85,86,88.5",18.1,87.33,103.44,JiaXipera МM1110Y,43,1
420,420100154549553820420,"82,80.5,87.5,89.5,90.5,93,94.5,95",17.8,86.83,102.94,JiaXipera МM1110Y,43,1
420,420100154549553810420,"86.5,84.5,85.5,87,89,90.5,89.5,91.5,93,93.5",17.9,87.0,103.11,JiaXipera МM1110Y,43,1
420,420100154549553800420,"81,84.5,86,89.5,93.5,95,95.5",17.8,86.83,102.94,JiaXipera МM1110Y,43,1
420,420100154549554680420,"82,82.5,83.5,86.5,87.5,89.5,92,94,95.5",16.7,84.98,101.11,JiaXipera МM1110Y,43,1
420,420100154549553770420,"80.5,78.5,83.5,85.5,88.5,90.5,94,96",17.8,86.83,102.94,JiaXipera МM1110Y,43,1
420,420100154549553750420,"80.5,81.5,84.5,89.5,91,92,93,94.5,94",17.8,86.83,102.94,JiaXipera МM1110Y,43,1
420,420100154549553740420,"82.5,80.5,82.5,86,87.5,91,91.5,92.5",17.9,87.0,103.11,JiaXipera МM1110Y,43,1
420,420100154549553730420,"81.5,83.5,85.5,88.5,90.5,93.5,94,95,96.5",17.9,87.0,103.11,JiaXipera МM1110Y,43,1
420,420100154549553710420,"84.5,86,91,90,92,95,97.5,99",17.9,87.0,103.11,JiaXipera МM1110Y,43,1
420,420100154549555740420,"79,80.5,81.5,84,86,85.5",15.8,83.46,99.61,JiaXipera МM1110Y,43,1
420,420100154549553700420,"80,79.5,83,84.5,86,86.5,88.5,89.5,91,93.5",18.0,87.17,103.27,JiaXipera МM1110Y,43,1
420,420100154549638080420,"85,87,89,90,93.5,96.5,97.5",20.4,91.2,107.27,JiaXipera МM1110Y,43,1
420,420100154549553690420,"79.5,81.5,85,85.5,85,89,90,89.5,92",18.0,87.17,103.27,JiaXipera МM1110Y,43,1
420,420100154549638460420,"85.5,86.5,87.5,90.5,93,95,97",20.2,90.87,106.94,JiaXipera МM1110Y,43,1
420,420100154549553650420,"85.5,81,82,85.5,86.5,87.5,90.5,92,93.5,95.5",18.1,87.33,103.44,JiaXipera МM1110Y,43,1
420,420100154549553630420,"82,81.5,84,85,87.5,90.5,91,90.5",18.1,87.33,103.44,JiaXipera МM1110Y,43,1
420,420100154549553600420,"82.5,85,87,89,90.5,92.5,93",18.2,87.5,103.61,JiaXipera МM1110Y,43,1
420,420100154549553680420,"80.5,81.5,83.5,85.5,86,87.5,90",18.0,87.17,103.27,JiaXipera МM1110Y,43,1
420,420100154549553590420,"82.5,86,89,91,94,96,97.5",18.2,87.5,103.61,JiaXipera МM1110Y,43,1
420,420100154549553570420,"84,85.5,88.5,89.5,90,92,94,94.5,95.5,96,97",18.3,87.67,103.77,JiaXipera МM1110Y,43,1
420,420100154549639260420,"86.5,87,90,91,93.5,97,98,99,100.5",21.0,92.21,108.27,JiaXipera МM1110Y,43,1
420,420100154549553560420,"84,80.5,86,87.5,89,91.5,95.5,94",18.2,87.5,103.61,JiaXipera МM1110Y,43,1
420,420100154549553550420,"84,86.5,87.5,90,92,94.5,96.5,94.5",18.5,88.01,104.11,JiaXipera МM1110Y,43,1
420,420100154549553520420,"81.5,85,88,91.5,92.5,94.5,97.5,96.5",18.3,87.67,103.77,JiaXipera МM1110Y,43,1
420,420100154549553510420,"84,85,87.5,91.5,94,96,100,99",18.3,87.67,103.77,JiaXipera МM1110Y,43,1
420,420100154549553490420,"84,86.5,89,91,93.5,96,97.5,98",18.5,88.01,104.11,JiaXipera МM1110Y,43,1
420,420100154549553470420,"86,88.5,91.5,92.5,95,96.5,98,99.5",19.8,90.19,106.27,JiaXipera МM1110Y,43,1
420,420100154549553450420,"84,85,88.5,91.5,93,95.5,98.5,99.5",18.5,88.01,104.11,JiaXipera МM1110Y,43,1
420,420100154549553440420,"83.5,79.5,84,86,88.5,92,93.5,96,98",18.6,88.18,104.27,JiaXipera МM1110Y,43,1
420,420100154549553420420,"86,86.5,90,94,97,98,99.5,101,100.5",18.6,88.18,104.27,JiaXipera МM1110Y,43,1
420,420100154549553390420,"82.5,81.5,84.5,88,90,91.5,92,94,95",18.8,88.51,104.61,JiaXipera МM1110Y,43,1
420,420100154549553380420,"85.5,85,87,89,90,92.5,94.5,94",18.8,88.51,104.61,JiaXipera МM1110Y,43,1
420,420100154549553370420,"85.5,84.5,87,90,91.5,94.5,97,96.5",18.8,88.51,104.61,JiaXipera МM1110Y,43,1
420,420100154549553360420,"84,84.5,86.5,89,90.5,92.5,94.5,93",18.9,88.68,104.77,JiaXipera МM1110Y,43,1
420,420100154549553350420,"86,85.5,89.5,92.5,96.5,97,100.5,102.5",18.8,88.51,104.61,JiaXipera МM1110Y,43,1
420,420100154549553340420,"81,83,83.5,86.5,89.5,92,94,94.5,96.5",18.8,88.51,104.61,JiaXipera МM1110Y,43,1
420,420100154549553320420,"83,85.5,86.5,89.5,91.5,95,97.5,98",18.9,88.68,104.77,JiaXipera МM1110Y,43,1
420,420100154549553260420,"82.5,83,83.5,85.5,91,94,94.5",19.4,89.52,105.6,JiaXipera МM1110Y,43,1
420,420100154549553220420,"86.5,85.5,87.5,91.5,93.5,95.5,98,98.5",19.4,89.52,105.6,JiaXipera МM1110Y,43,1
420,420100154549554090420,"81,79,83.5,85.5,86.5,88.5,89,89.5,91",17.3,85.99,102.11,JiaXipera МM1110Y,43,1
420,420100154549553200420,"86,85,88,91,94.5,97.5,100.5,99.5",19.5,89.69,105.77,JiaXipera МM1110Y,43,1
420,420100154549553180420,"83,87,89,90.5,92.5,94.5,96,96.5",19.5,89.69,105.77,JiaXipera МM1110Y,43,1
420,420100154549555750420,"82.5,85,87.5,89.5,93,91.5,93,92",18.8,88.51,104.61,JiaXipera МM1110Y,43,1
420,420100154549554580420,"80.5,85.5,86.5,89,92,93.5,92.5",17.0,85.48,101.61,JiaXipera МM1110Y,43,1
420,420100154549553170420,"85.5,87,87.5,92,94,97.5,98,99",19.5,89.69,105.77,JiaXipera МM1110Y,43,1
420,420100154549556790420,"86.5,85.5,88,91.5,93.5,96,97,98",18.5,88.01,104.11,JiaXipera МM1110Y,43,1
420,420100154549553430420,"82,83,86,89,92,94.5,95.5,96.5",18.6,88.18,104.27,JiaXipera МM1110Y,43,1
420,420100154549553150420,"85.5,86.5,87.5,90.5,93.5,95.5,97.5,96",19.5,89.69,105.77,JiaXipera МM1110Y,43,1
420,420100154549553120420,"88,87,89,90.5,91.5,93,94.5,93.5,97,95.5",19.9,90.36,106.44,JiaXipera МM1110Y,43,1
420,420100154549553110420,"89.5,94,95.5,98,99.5,101,99",20.3,91.04,107.1,JiaXipera МM1110Y,43,1
420,420100154549556690420,"84.5,85,88,86.5,91.5,93,95.5,95",18.2,87.5,103.61,JiaXipera МM1110Y,43,1
420,420100154549556120420,"85.5,86,88,91,91.5,94.5,95.5,96",18.9,88.68,104.77,JiaXipera МM1110Y,43,1
420,420100154549553100420,"85.5,87.5,91.5,95,96,98,100,101.5",19.5,89.69,105.77,JiaXipera МM1110Y,43,1
420,420100154549553080420,"85.5,84.5,87,89,90,91,94.5,92.5",20.0,90.53,106.6,JiaXipera МM1110Y,43,1
420,420100154549553060420,"85,86.5,88.5,90.5,92,95,98,97",19.7,90.03,106.1,JiaXipera МM1110Y,43,1
420,420100154549638380420,"86.5,87,90,92,94,95.5,98,96",20.4,91.2,107.27,JiaXipera МM1110Y,43,1
420,420100154549553050420,"88,90,94.5,97.5,99.5,100,103,104",19.6,89.86,105.94,JiaXipera МM1110Y,43,1
420,420100154549553040420,"86,87,88.5,92,94,96.5,99,98.5",19.8,90.19,106.27,JiaXipera МM1110Y,43,1
420,420100154549553030420,"85,86,88,89.5,92,94.5,96.5,96",19.8,90.19,106.27,JiaXipera МM1110Y,43,1
420,420100154549553000420,"87,86,87,89.5,90.5,92,94,95,96,97.5",19.6,89.86,105.94,JiaXipera МM1110Y,43,1
420,420100154549554220420,"78,80.5,81.5,84,85.5,88,89.5,89",17.0,85.48,101.61,JiaXipera МM1110Y,43,1
420,420100154549552990420,"87.5,85.5,86.5,90.5,92.5,95,97,99.5,100.5",19.6,89.86,105.94,JiaXipera МM1110Y,43,1
420,420100154549552970420,"86.5,87,89,90,91.5,92.5,95,96.5",19.7,90.03,106.1,JiaXipera МM1110Y,43,1
420,420100154549638650420,"84.5,85,84.5,86.5,88.5,91,92,93.5,93",20.1,90.7,106.77,JiaXipera МM1110Y,43,1
420,420100154549552950420,"82.5,84.5,88,91,94.5,97,98,99.5,100.5",19.7,90.03,106.1,JiaXipera МM1110Y,43,1
420,420100154549552940420,"82.5,84,87,90,91,92.5,95,97,98.5,99.5,101",19.7,90.03,106.1,JiaXipera МM1110Y,43,1
420,420100154549552930420,"84.5,87.5,90.5,92.5,95.5,97.5,99,99.5",19.8,90.19,106.27,JiaXipera МM1110Y,43,1
420,420100154549552920420,"86,82,86.5,88.5,92,94,97.5,99,100,101.5",19.7,90.03,106.1,JiaXipera МM1110Y,43,1
420,420100154549552910420,"85.5,88.5,92,94,95.5,99,100,100.5,101.5",19.8,90.19,106.27,JiaXipera МM1110Y,43,1
420,420100154549554400420,"86.5,85,87.5,88.5,89,91.5,93.5,94",17.5,86.32,102.44,JiaXipera МM1110Y,43,1
420,420100154549552850420,"84,87.5,89.5,91.5,94,96.5,98.5",19.8,90.19,106.27,JiaXipera МM1110Y,43,1
420,420100154549552830420,"86.5,85.5,88,89,91.5,94,96,98.5",19.8,90.19,106.27,JiaXipera МM1110Y,43,1
420,420100154549552820420,"85,86,90.5,93,94.5,98.5,102,100",19.8,90.19,106.27,JiaXipera МM1110Y,43,1
420,420100154549552800420,"84.5,85.5,88,91,94.5,98.5,99.5,100.5",19.8,90.19,106.27,JiaXipera МM1110Y,43,1
420,420100154549552790420,"83.5,83,87.5,90,91,92,95,98,99",19.8,90.19,106.27,JiaXipera МM1110Y,43,1
420,420100154549552760420,"84,85.5,90.5,97.5,100,102,101.5",19.9,90.36,106.44,JiaXipera МM1110Y,43,1
420,420100154549552750420,"85,90,92,97.5,99.5,101,102.5,103.5",19.8,90.19,106.27,JiaXipera МM1110Y,43,1
420,420100154549552740420,"83.5,87.5,91.5,94.5,96,98,97.5",19.9,90.36,106.44,JiaXipera МM1110Y,43,1
420,420100154549553090420,"87.5,85.5,88.5,91,95,97,96,101,99.5",20.3,91.04,107.1,JiaXipera МM1110Y,43,1
420,420100154549552730420,"85,88,91.5,95,97,99.5,101.5,101",19.9,90.36,106.44,JiaXipera МM1110Y,43,1
420,420100154549552720420,"87.5,85,87.5,90.5,93.5,97.5,99.5,98.5",19.9,90.36,106.44,JiaXipera МM1110Y,43,1
420,420100154549638190420,"84.5,85,89,91.5,94.5,97,99.5,99",20.2,90.87,106.94,JiaXipera МM1110Y,43,1
420,420100154549552710420,"90,86,92,94.5,96.5,99.5,102,100",19.9,90.36,106.44,JiaXipera МM1110Y,43,1
420,420100154549552680420,"85,84,89.5,92.5,95.5,98.5,101.5,101",19.9,90.36,106.44,JiaXipera МM1110Y,43,1
420,420100154549552670420,"86,87.5,90.5,94,96.5,98.5,100,100.5",20.1,90.7,106.77,JiaXipera МM1110Y,43,1
420,420100154549556140420,"86,87,91,92,94,95.5,96.5,98,100.5,100",18.6,88.18,104.27,JiaXipera МM1110Y,43,1
420,420100154549552660420,"84.5,87.5,90,93,95,98,96.5",20.1,90.7,106.77,JiaXipera МM1110Y,43,1
420,420100154549552640420,"86,87.5,89.5,91,94,97,100.5,100",20.0,90.53,106.6,JiaXipera МM1110Y,43,1
420,420100154549556330420,"80.5,85,85.5,90,92.5,95,97.5,99",18.3,87.67,103.77,JiaXipera МM1110Y,43,1
420,420100154549552630420,"85.5,87,88,90,92.5,95.5,97.5,96",20.1,90.7,106.77,JiaXipera МM1110Y,43,1
420,420100154549552600420,"83,84.5,86.5,89.5,91,95,96,95.5",20.1,90.7,106.77,JiaXipera МM1110Y,43,1
420,420100154549552590420,"83.5,88,89.5,91,94,97,96",20.0,90.53,106.6,JiaXipera МM1110Y,43,1
420,420100154549552580420,"83.5,85,86.5,89,91,93,96.5,95.5",20.1,90.7,106.77,JiaXipera МM1110Y,43,1
420,420100154549552570420,"83,84,86.5,91,93.5,96,97,96.5",20.1,90.7,106.77,JiaXipera МM1110Y,43,1
420,420100154549552540420,"84,86,88.5,91,93,95.5,98,97",20.2,90.87,106.94,JiaXipera МM1110Y,43,1
420,420100154549552530420,"82.5,82,84,86,87.5,90,92,91.5",20.2,90.87,106.94,JiaXipera МM1110Y,43,1
420,420100154549552520420,"87.5,88.5,90.5,91,93,96.5,97.5,99,100",20.1,90.7,106.77,JiaXipera МM1110Y,43,1
420,420100154549552510420,"83,83.5,85.5,86,90.5,91,93.5,94.5",20.2,90.87,106.94,JiaXipera МM1110Y,43,1
420,420100154549552500420,"84,85,87,90,92,95.5,98,100",20.1,90.7,106.77,JiaXipera МM1110Y,43,1
420,420100154549552490420,"85,84,87.5,91,95,96.5,99.5,99",20.2,90.87,106.94,JiaXipera МM1110Y,43,1
420,420100154549552480420,"82,83,86,92,93.5,96.5,96",20.2,90.87,106.94,JiaXipera МM1110Y,43,1
420,420100154549555300420,"83.5,87,89,89.5,92.5,95,94",18.7,88.34,104.44,JiaXipera МM1110Y,43,1
420,420100154549552470420,"83.5,84,86,88.5,90,94,94.5,97",20.2,90.87,106.94,JiaXipera МM1110Y,43,1
420,420100154549556190420,"85,84,89,90,92,94.5,98,96.5",18.5,88.01,104.11,JiaXipera МM1110Y,43,1
420,420100154549552460420,"81,81.5,84,86.5,87.5,88.5,91,94,94.5",20.3,91.04,107.1,JiaXipera МM1110Y,43,1
420,420100154549552420420,"87.5,89.5,91.5,93.5,97.5,100,102.5,102",20.5,91.37,107.44,JiaXipera МM1110Y,43,1
420,420100154549552400420,"84.5,85,87.5,92,96,98.5,101,103.5,105.5",20.4,91.2,107.27,JiaXipera МM1110Y,43,1
420,420100154549552380420,"90.5,89,92.5,93.5,96.5,97.5,100.5,102,101.5",20.5,91.37,107.44,JiaXipera МM1110Y,43,1
420,420100154549552360420,"87.5,88.5,90,92.5,95.5,98,99,98",20.5,91.37,107.44,JiaXipera МM1110Y,43,1
420,420100154549552330420,"88.5,89,91.5,94,95,97.5,99,98",20.6,91.54,107.6,JiaXipera МM1110Y,43,1
420,420100154549552220420,"86,87,88.5,91.5,95.5,96.5,98,99.5",21.3,92.72,108.77,JiaXipera МM1110Y,43,1
420,420100154549552210420,"85,86,87.5,91.5,93.5,95.5,97.5,97",21.2,92.55,108.6,JiaXipera МM1110Y,43,1
420,420100154549556000420,"82.5,86.5,88.5,91.5,95.5,94.5",18.9,88.68,104.77,JiaXipera МM1110Y,43,1
420,420100154549552150420,"88,89,92.5,93,96,97,98.5",20.5,91.37,107.44,JiaXipera МM1110Y,43,1
420,420100154549639530420,"87.5,89,90,92,94.5,97,98.5,97.5",20.6,91.54,107.6,JiaXipera МM1110Y,43,1
420,420100154549552120420,"88,94,95.5,99.5,100.5,102.5,105,102.5",21.3,92.72,108.77,JiaXipera МM1110Y,43,1
420,420100154549552110420,"87,88.5,91,93.5,95.5,97.5,101,100",21.3,92.72,108.77,JiaXipera МM1110Y,43,1
420,420100154549487440420,"80,80.5,85,87.5,90,91.5,92,93",17.1,85.65,101.77,JiaXipera МM1110Y,43,1
420,420100154549487430420,"81,88.5,89,91,93,96,93.5",17.1,85.65,101.77,JiaXipera МM1110Y,43,1
420,420100154549487410420,"84,83.5,84.5,85.5,88.5,91,90.5",17.9,87.0,103.11,JiaXipera МM1110Y,43,1
420,420100154549555340420,"87,89,91.5,92.5,95,96.5,98",18.7,88.34,104.44,JiaXipera МM1110Y,43,1
420,420100154549487400420,"86.5,86,88,89,92,94,95.5,94",17.2,85.82,101.94,JiaXipera МM1110Y,43,1
420,420100154549487390420,"81,86.5,88.5,90,92.5,94.5,95.5,95",17.1,85.65,101.77,JiaXipera МM1110Y,43,1
420,420100154549487360420,"85,86,88.5,90.5,92.5,94,95.5",18.0,87.17,103.27,JiaXipera МM1110Y,43,1
420,420100154549487270420,"84,86,87,89,90.5,92,92.5",17.9,87.0,103.11,JiaXipera МM1110Y,43,1
420,420100154549487260420,"83.5,84.5,87,88.5,91,91.5,95,93.5,94.5",17.9,87.0,103.11,JiaXipera МM1110Y,43,1
420,420100154549487240420,"83.5,85,86,85.5,87,89,90.5,89.5",17.9,87.0,103.11,JiaXipera МM1110Y,43,1
420,420100154549487230420,"85.5,85,86.5,87.5,89,91,92.5,93",17.9,87.0,103.11,JiaXipera МM1110Y,43,1
420,420100154549487220420,"83.5,83,86.5,87,90,90.5,93,92",18.1,87.33,103.44,JiaXipera МM1110Y,43,1
420,420100154549552960420,"87,88,89.5,91.5,94,95.5,97.5,98",19.8,90.19,106.27,JiaXipera МM1110Y,43,1
420,420100154549487210420,"83,84.5,86.5,87,87.5,89.5,89,94.5,93",17.9,87.0,103.11,JiaXipera МM1110Y,43,1
420,420100154549487200420,"86,88,89,89.5,90.5,92,92.5",18.0,87.17,103.27,JiaXipera МM1110Y,43,1
420,420100154549552550420,"82.5,85.5,86.5,88,90,92.5,94,95",20.2,90.87,106.94,JiaXipera МM1110Y,43,1
420,420100154549487190420,"88,86.5,88,90,90.5,91.5",17.9,87.0,103.11,JiaXipera МM1110Y,43,1
420,420100154549487160420,"114,83.5,90.5",18.1,87.33,103.44,JiaXipera МM1110Y,43,1
420,420100154549487130420,"83.5,84,88,89.5,92.5,94,96,96.5",18.2,87.5,103.61,JiaXipera МM1110Y,43,1
420,420100154549487110420,"87,86.5,89.5,91,93,95,97,95.5",18.7,88.34,104.44,JiaXipera МM1110Y,43,1
420,420100154549556510420,"88,85,87,88,89.5,93,94.5,95,95.5",17.9,87.0,103.11,JiaXipera МM1110Y,43,1
420,420100154549487060420,"82.5,85.5,87,89.5,91,93,91.5",18.3,87.67,103.77,JiaXipera МM1110Y,43,1
420,420100154549638200420,"85,85.5,87.5,90.5,93.5,96.5,98,99",20.2,90.87,106.94,JiaXipera МM1110Y,43,1
420,420100154549487030420,"80.5,81,85.5,86,90,91.5,93,93.5",18.1,87.33,103.44,JiaXipera МM1110Y,43,1
420,420100154549487000420,"81,81.5,83.5,87,88,89.5,91.5,94.5,93.5",18.1,87.33,103.44,JiaXipera МM1110Y,43,1
420,420100154549555820420,"85,84,87.5,88,90,90.5,91.5,92,91.5,93",18.2,87.5,103.61,JiaXipera МM1110Y,43,1
420,420100154549486990420,"84,84.5,88,89,91,92,92.5",18.3,87.67,103.77,JiaXipera МM1110Y,43,1
420,420100154549486980420,"87,88,90,92.5,94,95.5,95",18.4,87.84,103.94,JiaXipera МM1110Y,43,1
420,420100154549486970420,"81.5,83.5,85,86.5,88,89.5,91.5,92.5",18.5,88.01,104.11,JiaXipera МM1110Y,43,1
420,420100154549486960420,"85.5,86.5,89,91,93,93.5,95.5,94.5",18.2,87.5,103.61,JiaXipera МM1110Y,43,1
420,420100154549486950420,"86,86.5,84.5,87,88,92.5,93.5",18.5,88.01,104.11,JiaXipera МM1110Y,43,1
420,420100154549638610420,"82.5,85,86,87,88.5,89,91,94,95.5,96,96.5",20.2,90.87,106.94,JiaXipera МM1110Y,43,1
420,420100154549486940420,"88.5,79.5,83,85,87,90,93,94.5",18.3,87.67,103.77,JiaXipera МM1110Y,43,1
420,420100154549486920420,"83,84,86,87.5,90,92,90.5",18.4,87.84,103.94,JiaXipera МM1110Y,43,1
420,420100154549486910420,"84,84.5,86.5,89.5,94,97,96",18.3,87.67,103.77,JiaXipera МM1110Y,43,1
420,420100154549486890420,"81.5,81,84,87.5,90,93.5,92.5",18.4,87.84,103.94,JiaXipera МM1110Y,43,1
420,420100154549486860420,"84,82.5,86.5,88.5,90,92,93,93.5",18.3,87.67,103.77,JiaXipera МM1110Y,43,1
420,420100154549486850420,"83,83.5,86,88.5,92,93.5,96,95.5",18.3,87.67,103.77,JiaXipera МM1110Y,43,1
420,420100154549486840420,"81.5,83.5,87.5,89,91.5,93,98,97",18.3,87.67,103.77,JiaXipera МM1110Y,43,1
420,420100154549486830420,"81.5,82,85,88.5,91.5,94,95.5,95",18.4,87.84,103.94,JiaXipera МM1110Y,43,1
420,420100154549486820420,"82.5,84,88,89.5,92.5,95.5,96.5,96",18.3,87.67,103.77,JiaXipera МM1110Y,43,1
420,420100154549486810420,"82.5,84,87,90.5,92,93.5,93",18.3,87.67,103.77,JiaXipera МM1110Y,43,1
420,420100154549486790420,"80.5,83.5,84.5,87,89,91.5,93.5,94.5",18.3,87.67,103.77,JiaXipera МM1110Y,43,1
420,420100154549486770420,"82,83,84.5,87,89.5,93,94,93",18.4,87.84,103.94,JiaXipera МM1110Y,43,1
420,420100154549486740420,"82.5,85.5,87,88.5,91,93.5,96,95",18.4,87.84,103.94,JiaXipera МM1110Y,43,1
420,420100154549638250420,"88.5,88,93,94.5,98.5,99,101,101.5",20.2,90.87,106.94,JiaXipera МM1110Y,43,1
420,420100154549486710420,"83,82,83.5,88,89,91.5,94,92.5",18.4,87.84,103.94,JiaXipera МM1110Y,43,1
420,420100154549638520420,"84.5,83.5,84.5,87,88.5,92,94,94.5",20.3,91.04,107.1,JiaXipera МM1110Y,43,1
420,420100154549486690420,"80.5,82,84.5,88.5,90,91,94,95.5",18.5,88.01,104.11,JiaXipera МM1110Y,43,1
420,420100154549639110420,"83,84.5,89,90.5,93.5,95.5,98.5,99.5",21.2,92.55,108.6,JiaXipera МM1110Y,43,1
420,420100154549486680420,"83,85.5,88.5,90.5,92,95,97.5,96",18.5,88.01,104.11,JiaXipera МM1110Y,43,1
420,420100154549486660420,"85,86.5,90.5,91,93,95,95.5",18.5,88.01,104.11,JiaXipera МM1110Y,43,1
420,420100154549486650420,"87.5,85.5,90,90.5,94,94.5,96.5,95",18.5,88.01,104.11,JiaXipera МM1110Y,43,1
420,420100154549486640420,"84.5,86,88,90,91.5,95,97,95",18.5,88.01,104.11,JiaXipera МM1110Y,43,1
420,420100154549486630420,"84.5,82.5,85,87.5,90,92,93,92.5",18.5,88.01,104.11,JiaXipera МM1110Y,43,1
420,420100154549486610420,"87,84,81.5,85,87,90.5,92.5,93.5,94,94.5,95.5,98",18.5,88.01,104.11,JiaXipera МM1110Y,43,1
420,420100154549486600420,"83.5,85.5,89,91,91.5,94.5,95.5,97,97.5",18.5,88.01,104.11,JiaXipera МM1110Y,43,1
420,420100154549486590420,"83,82,87.5,89,91.5,92.5,94.5,96.5",18.5,88.01,104.11,JiaXipera МM1110Y,43,1
420,420100154549486580420,"83.5,84.5,86,90.5,92,96,97.5,100",18.5,88.01,104.11,JiaXipera МM1110Y,43,1
420,420100154549486550420,"83.5,87,92,94.5,98.5,100.5,99",18.5,88.01,104.11,JiaXipera МM1110Y,43,1
420,420100154549486540420,"83,84.5,87.5,90,91.5,94.5,97,96.5",18.6,88.18,104.27,JiaXipera МM1110Y,43,1
420,420100154549486510420,"84.5,83.5,86.5,88.5,91.5,92.5,93.5,92.5",18.4,87.84,103.94,JiaXipera МM1110Y,43,1
420,420100154549486470420,"83,84,84.5,85.5,86.5,87,90,91,92",18.3,87.67,103.77,JiaXipera МM1110Y,43,1
420,420100154549486440420,"82.5,83.5,86.5,89,91,93,95,93.5",18.3,87.67,103.77,JiaXipera МM1110Y,43,1
420,420100154549486430420,"83,82,84.5,85,89.5,92.5,93.5",18.3,87.67,103.77,JiaXipera МM1110Y,43,1
420,420100154549486410420,"82,84.5,85,86.5,88.5,91.5,91,92.5,92",18.3,87.67,103.77,JiaXipera МM1110Y,43,1
420,420100154549486400420,"85,85.5,87,89.5,93.5,94.5,93.5",18.7,88.34,104.44,JiaXipera МM1110Y,43,1
420,420100154549486390420,"84.5,86,87.5,89,90,91.5,92,91",18.6,88.18,104.27,JiaXipera МM1110Y,43,1
420,420100154549486360420,"84,85.5,88.5,92,93.5,95.5,96,95",18.5,88.01,104.11,JiaXipera МM1110Y,43,1
420,420100154549486350420,"83.5,85.5,87.5,90,90.5,93,97,95.5",18.5,88.01,104.11,JiaXipera МM1110Y,43,1
420,420100154549486290420,"85.5,87,88,91.5,93.5,96,96.5,95.5",18.6,88.18,104.27,JiaXipera МM1110Y,43,1
420,420100154549638120420,"84,85.5,88.5,89.5,92,95,97.5,97",20.4,91.2,107.27,JiaXipera МM1110Y,43,1
420,420100154549555880420,"86.5,85,85.5,88,87.5,88.5,90.5,92.5,91",18.8,88.51,104.61,JiaXipera МM1110Y,43,1
420,420100154549486280420,"86,88.5,91,92.5,93.5,94,94.5,97,96,98.5",18.7,88.34,104.44,JiaXipera МM1110Y,43,1
420,420100154549486270420,"85.5,87.5,89.5,93,93.5,95.5,96,96.5",18.7,88.34,104.44,JiaXipera МM1110Y,43,1
420,420100154549486260420,"83,82,88,89.5,93,94.5,98,99",18.6,88.18,104.27,JiaXipera МM1110Y,43,1
420,420100154549553480420,"87,86.5,88.5,90,93.5,96,97.5,98.5",18.6,88.18,104.27,JiaXipera МM1110Y,43,1
420,420100154549486250420,"81.5,80.5,86.5,89.5,92,95,96.5,96",18.7,88.34,104.44,JiaXipera МM1110Y,43,1
420,420100154549486240420,"83.5,84.5,87.5,91,93.5,94.5,97.5,98.5",18.7,88.34,104.44,JiaXipera МM1110Y,43,1
420,420100154549486220420,"83,84,87.5,89,91.5,94,95.5,97",18.7,88.34,104.44,JiaXipera МM1110Y,43,1
420,420100154549486210420,"85,87,89,90.5,93.5,95.5,99,98.5",18.8,88.51,104.61,JiaXipera МM1110Y,43,1
420,420100154549638390420,"85.5,88.5,90.5,93,96,98,100,101",20.4,91.2,107.27,JiaXipera МM1110Y,43,1
420,420100154549556620420,"84,83.5,84,84.5,86,87,90,89.5",17.7,86.66,102.77,JiaXipera МM1110Y,43,1
420,420100154549486190420,"84.5,86,87.5,88,91.5,92,94,93.5",18.9,88.68,104.77,JiaXipera МM1110Y,43,1
420,420100154549486170420,"84,85,89.5,92,95,98,98.5,97.5",18.8,88.51,104.61,JiaXipera МM1110Y,43,1
420,420100154549479480420,"84,79.5,84,87.5,88,91,91.5,92.5,95",19.0,88.85,104.94,JiaXipera МM1110Y,43,1
420,420100154549479440420,"82,82.5,86.5,87.5,89.5,92,94.5,93.5",18.7,88.34,104.44,JiaXipera МM1110Y,43,1
420,420100154549556710420,"84,86,88.5,91.5,94,94.5,98,100,98.5",18.5,88.01,104.11,JiaXipera МM1110Y,43,1
420,420100154549348840420,"80,80.5,81,82.5,83.5,85,87,87.5",16.3,84.31,100.44,JiaXipera МM1110Y,43,1
420,420100154549481550420,"81.5,83,84.5,87,85.5,89,90.5,92,91,91.5",17.2,85.82,101.94,JiaXipera МM1110Y,43,1
420,420100154549477100420,"86,87,89.5,91,94.5,97,98,98.5",19.4,89.52,105.6,JiaXipera МM1110Y,43,1
420,420100154549556540420,"83.5,84.5,87,87.5,91,92,94.5,94",17.8,86.83,102.94,JiaXipera МM1110Y,43,1
420,420100154549553780420,"82.5,83.5,84.5,87,89.5,92.5,93.5",18.0,87.17,103.27,JiaXipera МM1110Y,43,1
420,420100154549479150420,"82.5,75.5,83,84.5,85.5,86,87.5,89,91",18.6,88.18,104.27,JiaXipera МM1110Y,43,1
420,420100154549553210420,"82.5,83,86,89,91,94,95.5,96.5",19.5,89.69,105.77,JiaXipera МM1110Y,43,1
420,420100154549479140420,"81.5,83,88.5,90.5,92.5,94.5,94,96",18.6,88.18,104.27,JiaXipera МM1110Y,43,1
420,420100154549483680420,"85,84.5,89,88,89.5,92,94.5",16.6,84.81,100.94,JiaXipera МM1110Y,43,1
420,420100154549479120420,"84.5,85,87.5,88,89.5,91.5,92.5,93.5,95",18.7,88.34,104.44,JiaXipera МM1110Y,43,1
420,420100154549479110420,"82,86.5,88,88.5,90.5,92.5,93,93.5",17.4,86.16,102.27,JiaXipera МM1110Y,43,1
420,420100154549479060420,"83.5,83,84,86,87.5,90,93,93.5",18.6,88.18,104.27,JiaXipera МM1110Y,43,1
420,420100154549479050420,"85.5,81.5,85.5,86,88.5,89.5,91,92.5,93.5,94,95",18.7,88.34,104.44,JiaXipera МM1110Y,43,1
420,420100154549479040420,"86.5,86,87,89.5,90,91.5,94.5,95.5,97.5",18.6,88.18,104.27,JiaXipera МM1110Y,43,1
420,420100154549479030420,"84,84.5,88,89,91.5,92.5,93.5,94.5,95,96,97",18.7,88.34,104.44,JiaXipera МM1110Y,43,1
420,420100154549556410420,"81.5,83.5,86,87.5,90.5,93.5,95.5,97",18.4,87.84,103.94,JiaXipera МM1110Y,43,1
420,420100154549479020420,"86,85.5,87.5,88.5,91.5,92.5,94,94.5",18.7,88.34,104.44,JiaXipera МM1110Y,43,1
420,420100154549555050420,"82,81.5,83,85.5,87.5,88,89",16.1,83.97,100.11,JiaXipera МM1110Y,43,1
420,420100154549479010420,"86.5,82,84,87,89,91.5,94,93",18.6,88.18,104.27,JiaXipera МM1110Y,43,1
420,420100154549555560420,"85.5,86.5,87.5,89,90.5,94,96,97.5,98.5",18.4,87.84,103.94,JiaXipera МM1110Y,43,1
420,420100154549478970420,"84,86,89,90,93,95,94",18.8,88.51,104.61,JiaXipera МM1110Y,43,1
420,420100154549553460420,"85.5,88,89.5,90,92.5,93.5,94",18.7,88.34,104.44,JiaXipera МM1110Y,43,1
420,420100154549476410420,"85.5,87,89,90.5,92.5,94,95.5,94",16.9,85.31,101.44,JiaXipera МM1110Y,43,1
420,420100154549480950420,"83.5,81.5,86.5,87,88,89.5,91,93.5,94.5,97,98",18.0,87.17,103.27,JiaXipera МM1110Y,43,1
420,420100154549485270420,"81,81.5,88,91,92,95,96",19.3,89.35,105.44,JiaXipera МM1110Y,43,1
420,420100154549479220420,"85.5,82,87,88,90,92,94.5,96,95",18.6,88.18,104.27,JiaXipera МM1110Y,43,1
420,420100154549348540420,"83,81.5,84,86.5,89.5,90.5,93,92.5",16.9,85.31,101.44,JiaXipera МM1110Y,43,1
420,420100154549552900420,"82.5,81.5,85.5,90,92,94.5,97.5,100",19.8,90.19,106.27,JiaXipera МM1110Y,43,1
420,420100154549482790420,"83,86,88,90,92.5,96,97.5,99",17.2,85.82,101.94,JiaXipera МM1110Y,43,1
420,420100154549485510420,"84,86.5,87.5,88.5,91.5,92.5,95.5,94",19.3,89.35,105.44,JiaXipera МM1110Y,43,1
420,420100154549486700420,"82,83.5,85,87.5,90,92,91.5",18.5,88.01,104.11,JiaXipera МM1110Y,43,1
420,420100154549478930420,"83,83.5,88.5,88,90,92,94.5,96.5,97,98",18.7,88.34,104.44,JiaXipera МM1110Y,43,1
420,420100154549478860420,"82,83,85.5,87.5,90,90.5,92,91",18.8,88.51,104.61,JiaXipera МM1110Y,43,1
420,420100154549478850420,"83.5,87.5,90,93.5,95.5,96",18.8,88.51,104.61,JiaXipera МM1110Y,43,1
420,420100154549554160420,"82,83,82.5,86.5,88,90,91.5,91",17.4,86.16,102.27,JiaXipera МM1110Y,43,1
420,420100154549476950420,"89,91,94,96,98.5,99.5,100,101",19.4,89.52,105.6,JiaXipera МM1110Y,43,1
420,420100154549553160420,"85.5,88.5,91,92.5,94.5,97,98,97.5",19.5,89.69,105.77,JiaXipera МM1110Y,43,1
420,420100154549478810420,"81,80,85,88,90,93.5,94.5,96",18.8,88.51,104.61,JiaXipera МM1110Y,43,1
420,420100154549477250420,"84.5,85.5,88.5,91,92,94.5,96.5,95.5",19.5,89.69,105.77,JiaXipera МM1110Y,43,1
420,420100154549553790420,"80.5,81.5,87.5,88,91,93,96,95",17.8,86.83,102.94,JiaXipera МM1110Y,43,1
420,420100154549478790420,"84,85,88,91.5,94,95.5,94.5",18.8,88.51,104.61,JiaXipera МM1110Y,43,1
420,420100154549485380420,"81,82.5,86.5,88.5,92,93,96,94.5",19.4,89.52,105.6,JiaXipera МM1110Y,43,1
420,420100154549478720420,"86,84,85.5,88.5,88,91.5,92.5,93.5,94,96",18.7,88.34,104.44,JiaXipera МM1110Y,43,1
420,420100154549478590420,"87,88.5,89.5,90.5,93,94.5,95,98.5,100",19.2,89.18,105.27,JiaXipera МM1110Y,43,1
420,420100154549483710420,"83,88,88.5,90,92,94.5,94",16.5,84.64,100.78,JiaXipera МM1110Y,43,1
420,420100154549478420420,"83,85.5,87,89.5,90.5,92.5,93.5",18.8,88.51,104.61,JiaXipera МM1110Y,43,1
420,420100154549478410420,"85.5,88,91,94.5,96,98",19.2,89.18,105.27,JiaXipera МM1110Y,43,1
420,420100154549478360420,"85.5,87,89.5,93.5,95,95.5,94.5",18.9,88.68,104.77,JiaXipera МM1110Y,43,1
420,420100154549476880420,"86.5,89,90.5,93.5,95.5,99,99.5,97.5,98.5",19.6,89.86,105.94,JiaXipera МM1110Y,43,1
420,420100154549478340420,"85,87.5,88.5,90,92,95,97",19.2,89.18,105.27,JiaXipera МM1110Y,43,1
420,420100154549478530420,"86.5,89.5,90,91,94,96.5,98,97.5",19.2,89.18,105.27,JiaXipera МM1110Y,43,1
420,420100154549478630420,"80.5,82,87,87.5,89,91,92.5,94,95.5",19.0,88.85,104.94,JiaXipera МM1110Y,43,1
420,420100154549485360420,"80.5,82,85.5,89.5,91.5,94.5,96,96.5",19.4,89.52,105.6,JiaXipera МM1110Y,43,1
420,420100154549478320420,"84,85.5,87,90,92.5,95,96,99",19.2,89.18,105.27,JiaXipera МM1110Y,43,1
420,420100154549554960420,"80,81,83.5,86,87,88.5,89,88.5",17.0,85.48,101.61,JiaXipera МM1110Y,43,1
420,420100154549477410420,"84.5,85.5,87.5,90.5,93,96,99,100",19.0,88.85,104.94,JiaXipera МM1110Y,43,1
420,420100154549478260420,"85,85.5,88.5,89.5,91,92.5,94,94.5",18.6,88.18,104.27,JiaXipera МM1110Y,43,1
420,420100154549553720420,"80,80.5,82,86.5,88,92,91.5,93,94.5",17.9,87.0,103.11,JiaXipera МM1110Y,43,1
420,420100154549478250420,"83,90.5",18.9,88.68,104.77,JiaXipera МM1110Y,43,1
420,420100154549476800420,"87,92.5,96,98.5,102,104,103.5",19.6,89.86,105.94,JiaXipera МM1110Y,43,1
420,420100154549478240420,"84.5,85,86.5,89.5,88,90,91.5,93,94.5",18.8,88.51,104.61,JiaXipera МM1110Y,43,1
420,420100154549348860420,"81.5,80,82.5,83.5,84,85,87,85",16.1,83.97,100.11,JiaXipera МM1110Y,43,1
420,420100154549486780420,"82,80.5,83.5,85,88.5,90.5,94.5,93",18.3,87.67,103.77,JiaXipera МM1110Y,43,1
420,420100154549486380420,"83.5,87,88,89,92,93.5,96,95.5",18.5,88.01,104.11,JiaXipera МM1110Y,43,1
420,420100154549479370420,"83,83.5,86,89,90.5,91,92.5,94,93.5",18.9,88.68,104.77,JiaXipera МM1110Y,43,1
420,420100154549487460420,"88,85.5,87,89,90,92.5,94,93",17.1,85.65,101.77,JiaXipera МM1110Y,43,1
420,420100154549478290420,"86.5,80.5,85,86.5,89,90,92.5,93.5,95.5",19.2,89.18,105.27,JiaXipera МM1110Y,43,1
420,420100154549555430420,"85,85.5,87.5,90,92.5,94.5,95.5,96",18.8,88.51,104.61,JiaXipera МM1110Y,43,1
420,420100154549478200420,"87.5,90,92,92.5,96,97,98.5,99.5",18.6,88.18,104.27,JiaXipera МM1110Y,43,1
420,420100154549483650420,"80,82,87.5,88,89,91,92,91",16.7,84.98,101.11,JiaXipera МM1110Y,43,1
420,420100154549486330420,"83.5,84.5,85.5,88,91.5,93,95,94.5",18.7,88.34,104.44,JiaXipera МM1110Y,43,1
420,420100154549478180420,"84.5,83.5,86.5,86,90,90.5,92,92.5,95",18.9,88.68,104.77,JiaXipera МM1110Y,43,1
420,420100154549480470420,"84,85,87,89,92,94,96.5,94",17.7,86.66,102.77,JiaXipera МM1110Y,43,1
420,420100154549478150420,"84.5,87.5,88.5,91,93,95.5,93",18.8,88.51,104.61,JiaXipera МM1110Y,43,1
420,420100154549556360420,"86,86.5,87.5,89.5,93,94.5,95,94",18.3,87.67,103.77,JiaXipera МM1110Y,43,1
420,420100154549478070420,"85,86,90.5,91,94,95,96.5,95.5",18.9,88.68,104.77,JiaXipera МM1110Y,43,1
420,420100154549478050420,"82,82.5,86,89.5,91,94,96,96.5",18.8,88.51,104.61,JiaXipera МM1110Y,43,1
420,420100154549553010420,"88,89,91.5,93,95.5,97.5,100",19.7,90.03,106.1,JiaXipera МM1110Y,43,1
420,420100154549478280420,"86.5,87.5,88.5,92,94,96,97.5,97",18.7,88.34,104.44,JiaXipera МM1110Y,43,1
420,420100154549553920420,"84.5,84,88.5,90.5,93.5,95,98.5,98",17.5,86.32,102.44,JiaXipera МM1110Y,43,1
420,420100154549475870420,"87,84.5,88,88.5,91.5,93,96,95.5",18.1,87.33,103.44,JiaXipera МM1110Y,43,1
420,420100154549484350420,"83.5,84.5,85,87,88.5,88,88.5",16.5,84.64,100.78,JiaXipera МM1110Y,43,1
420,420100154549478040420,"81,82.5,86,88,90.5,93.5,95.5,96",18.8,88.51,104.61,JiaXipera МM1110Y,43,1
420,420100154549638210420,"86.5,83.5,87,90,91,93,95,97.5,97",20.4,91.2,107.27,JiaXipera МM1110Y,43,1
420,420100154549474640420,"84.5,85,90,91.5,93,95,97,95.5",18.4,87.84,103.94,JiaXipera МM1110Y,43,1
420,420100154549478000420,"86,86.5,88.5,92.5,94,94.5,95.5,96.5",18.9,88.68,104.77,JiaXipera МM1110Y,43,1
420,420100154549555830420,"83.5,84,87,88.5,89,93,91.5",18.8,88.51,104.61,JiaXipera МM1110Y,43,1
420,420100154549478870420,"85.5,85,83.5,84.5,85,85.5,90.5,91,92",19.2,89.18,105.27,JiaXipera МM1110Y,43,1
420,420100154549485880420,"86,85.5,85,89,91.5,93,95,93.5",19.1,89.02,105.11,JiaXipera МM1110Y,43,1
420,420100154549487100420,"83.5,82.5,84,86.5,89.5,89,91,92",18.1,87.33,103.44,JiaXipera МM1110Y,43,1
420,420100154549477990420,"82,84,88.5,91,93,97,97.5,97",18.9,88.68,104.77,JiaXipera МM1110Y,43,1
420,420100154549483810420,"81.5,86.5,87,89,89.5,91,92.5,91.5,93.5,94,94.5,95.5",16.5,84.64,100.78,JiaXipera МM1110Y,43,1
420,420100154549477940420,"83.5,86,89,92,94,96,97,98.5",18.8,88.51,104.61,JiaXipera МM1110Y,43,1
420,420100154549349810420,"85.5,85,87,86,88.5,90,91,90.5",14.3,80.94,97.11,JiaXipera МM1110Y,43,1
420,420100154549477890420,"82.5,85.5,88,91.5,94.5,97.5,98,97",18.8,88.51,104.61,JiaXipera МM1110Y,43,1
420,420100154549483570420,"82,83.5,85.5,88,90.5,93,95,93",16.8,85.15,101.28,JiaXipera МM1110Y,43,1
420,420100154549477860420,"86,90.5,91.5,94,98,100.5,102,103",18.8,88.51,104.61,JiaXipera МM1110Y,43,1
420,420100154549349350420,"85.5,87,88.5,89,90.5,92,91",14.6,81.44,97.61,JiaXipera МM1110Y,43,1
420,420100154549553020420,"85.5,86,88,90,91,94,94.5,96",19.7,90.03,106.1,JiaXipera МM1110Y,43,1
420,420100154549477820420,"84,85.5,89,92.5,94,95,96,97.5,98,98.5",18.9,88.68,104.77,JiaXipera МM1110Y,43,1
420,420100154549474690420,"87.5,85,86.5,87.5,91,93.5,95,94",17.7,86.66,102.77,JiaXipera МM1110Y,43,1
420,420100154549474600420,"87.5,87,89,92.5,94,95,96,97",18.1,87.33,103.44,JiaXipera МM1110Y,43,1
420,420100154549477770420,"84.5,87.5,89,91,93.5,95.5,96,97.5",18.9,88.68,104.77,JiaXipera МM1110Y,43,1
420,420100154549485760420,"80,85,86.5,90.5,94.5,98.5,101,100.5",19.2,89.18,105.27,JiaXipera МM1110Y,43,1
420,420100154549477760420,"86.5,86,87.5,89.5,92,94.5,99.5,100",18.9,88.68,104.77,JiaXipera МM1110Y,43,1
420,420100154549485410420,"85.5,85,88.5,91,94.5,97.5,99",19.4,89.52,105.6,JiaXipera МM1110Y,43,1
420,420100154549477750420,"83,83.5,86.5,92,94.5,96,100,101",18.9,88.68,104.77,JiaXipera МM1110Y,43,1
420,420100154549477730420,"87.5,89.5,92.5,95,97.5,99.5,100.5,101,102,102.5",19.0,88.85,104.94,JiaXipera МM1110Y,43,1
420,420100154549477710420,"84.5,85,90,94,95.5,97.5,98",19.0,88.85,104.94,JiaXipera МM1110Y,43,1
420,420100154549482660420,"77.5,81.5,82.5,84.5,89.5,91,92.5,95.5",17.5,86.32,102.44,JiaXipera МM1110Y,43,1
420,420100154549478740420,"86,89,91,93,95,97.5,100,101,102.5",18.8,88.51,104.61,JiaXipera МM1110Y,43,1
420,420100154549474970420,"83.5,84,84.5,87,90,91.5,92.5,92",17.8,86.83,102.94,JiaXipera МM1110Y,43,1
420,420100154549477670420,"86,85,87,89.5,91,94,93.5,96,98,99.5",19.1,89.02,105.11,JiaXipera МM1110Y,43,1
420,420100154549482680420,"80.5,82,84,86,90,92.5,94,93.5",17.5,86.32,102.44,JiaXipera МM1110Y,43,1
420,420100154549554830420,"89,88,89.5,92,94,95.5,97.5,96",18.6,88.18,104.27,JiaXipera МM1110Y,43,1
420,420100154549486300420,"85,88,90.5,92.5,95,97,95",18.7,88.34,104.44,JiaXipera МM1110Y,43,1
420,420100154549480770420,"81,83,85.5,86.5,89,91,92",17.0,85.48,101.61,JiaXipera МM1110Y,43,1
420,420100154549477740420,"87,84,86.5,87,90.5,93,94.5,96.5,99,98.5",19.1,89.02,105.11,JiaXipera МM1110Y,43,1
420,420100154549477580420,"84.5,86,89,93.5,98,98.5,100,102.5,100.5",19.2,89.18,105.27,JiaXipera МM1110Y,43,1
420,420100154549487050420,"76.5,83,84.5,88,90.5,93.5,96.5,97.5",18.2,87.5,103.61,JiaXipera МM1110Y,43,1
420,420100154549478840420,"84.5,86.5,89.5,91.5,93,96,98,96",18.7,88.34,104.44,JiaXipera МM1110Y,43,1
420,420100154549481120420,"83,79.5,84,82.5,85,88,90.5,91,91.5,92.5",17.8,86.83,102.94,JiaXipera МM1110Y,43,1
420,420100154549477570420,"78,86,94,97.5,100.5,102,101,101.5",19.2,89.18,105.27,JiaXipera МM1110Y,43,1
420,420100154549477550420,"83.5,85.5,89.5,93,96,98.5,101.5,102.5",19.2,89.18,105.27,JiaXipera МM1110Y,43,1
420,420100154549478480420,"86.5,85,87,89,91.5,94,95,94.5,98.5",18.9,88.68,104.77,JiaXipera МM1110Y,43,1
420,420100154549474540420,"92,93,94,93.5,92.5,91,92,90",18.7,88.34,104.44,JiaXipera МM1110Y,43,1
420,420100154549475360420,"82,83.5,86,88.5,91,92,96,95.5",17.7,86.66,102.77,JiaXipera МM1110Y,43,1
420,420100154549638620420,"84,86.5,88,89,91.5,93,92.5",20.3,91.04,107.1,JiaXipera МM1110Y,43,1
420,420100154549552170420,"88,89,91.5,92.5,94.5,97.5,100,102.5",20.6,91.54,107.6,JiaXipera МM1110Y,43,1
420,420100154549477430420,"83.5,85,88,90,93,95.5,97.5,97",19.2,89.18,105.27,JiaXipera МM1110Y,43,1
420,420100154549553500420,"84.5,86,88,90.5,92.5,95,96.5,97",18.6,88.18,104.27,JiaXipera МM1110Y,43,1
420,420100154549480970420,"82.5,83.5,86,87.5,87,89,91.5,92.5,93.5",18.0,87.17,103.27,JiaXipera МM1110Y,43,1
420,420100154549477400420,"86,88,90,91.5,92.5,94,94.5,95.5,96,98",19.0,88.85,104.94,JiaXipera МM1110Y,43,1
420,420100154549638600420,"84,83.5,86,88,90,93,93.5",20.3,91.04,107.1,JiaXipera МM1110Y,43,1
420,420100154549478130420,"87.5,85.5,87.5,89.5,91.5,94,96,98,97",18.9,88.68,104.77,JiaXipera МM1110Y,43,1
420,420100154549348760420,"83.5,85.5,85,85.5,88,88.5,91",16.5,84.64,100.78,JiaXipera МM1110Y,43,1
420,420100154549477300420,"84,85.5,86.5,88.5,91.5,93,92.5,95",19.4,89.52,105.6,JiaXipera МM1110Y,43,1
420,420100154549477290420,"85,87,90,93.5,94.5,97,98.5,99",19.2,89.18,105.27,JiaXipera МM1110Y,43,1
420,420100154549477270420,"86,88.5,91.5,94,98,97",19.4,89.52,105.6,JiaXipera МM1110Y,43,1
420,420100154549477800420,"87,86.5,90,92,94.5,96.5,97,100,101",19.0,88.85,104.94,JiaXipera МM1110Y,43,1
420,420100154549477230420,"85,85.5,90.5,94,96,98,101,101.5",19.2,89.18,105.27,JiaXipera МM1110Y,43,1
420,420100154549477190420,"84.5,89,90.5,93,95.5,96,97.5,98.5",19.4,89.52,105.6,JiaXipera МM1110Y,43,1
420,420100154549555810420,"83,85,87.5,89,92,93.5,96.5,96",18.3,87.67,103.77,JiaXipera МM1110Y,43,1
420,420100154549477700420,"85,89.5,90.5,95.5,96,97,99,98.5,100",19.1,89.02,105.11,JiaXipera МM1110Y,43,1
420,420100154549480480420,"81,82,85,89.5,93.5,94.5,97,97.5",17.6,86.49,102.61,JiaXipera МM1110Y,43,1
420,420100154549480060420,"84,85.5,88,89.5,92,93.5,93",18.4,87.84,103.94,JiaXipera МM1110Y,43,1
420,420100154549477180420,"81,83,88.5,92,94,95.5,97,101",19.2,89.18,105.27,JiaXipera МM1110Y,43,1
420,420100154549478640420,"79,83.5,86,87.5,91,93.5,95,97,97.5",18.9,88.68,104.77,JiaXipera МM1110Y,43,1
420,420100154549552840420,"84,85,88.5,93,96,99.5,101.5,101",19.8,90.19,106.27,JiaXipera МM1110Y,43,1
420,420100154549478120420,"85,81,83.5,85,90.5,91,94,93,95",18.8,88.51,104.61,JiaXipera МM1110Y,43,1
420,420100154549476370420,"84,85,86,87.5,89,91,92.5,92",17.0,85.48,101.61,JiaXipera МM1110Y,43,1
420,420100154549554050420,"83,87,91,93.5,96,93",17.7,86.66,102.77,JiaXipera МM1110Y,43,1
420,420100154549481890420,"80.5,81,86,88,89.5,92",17.2,85.82,101.94,JiaXipera МM1110Y,43,1
420,420100154549477960420,"86,87,90,93.5,96,99,99.5,100.5",18.9,88.68,104.77,JiaXipera МM1110Y,43,1
420,420100154549638270420,"86.5,91,93,94.5,97,99.5,99",20.2,90.87,106.94,JiaXipera МM1110Y,43,1
420,420100154549485930420,"85.5,87,90,93,95.5,98,99,100",19.0,88.85,104.94,JiaXipera МM1110Y,43,1
420,420100154549479270420,"85,85.5,86,87,89.5,91,93.5,94,97.5,99.5",19.0,88.85,104.94,JiaXipera МM1110Y,43,1
420,420100154549476460420,"81.5,83.5,84.5,86,86.5,88.5,89.5,88.5",16.8,85.15,101.28,JiaXipera МM1110Y,43,1
420,420100154549486120420,"86,86.5,89.5,91,93.5,96,98,96.5",19.1,89.02,105.11,JiaXipera МM1110Y,43,1
420,420100154549639210420,"86.5,86,90.5,94,95.5,96,98.5,99.5,101",20.9,92.05,108.1,JiaXipera МM1110Y,43,1
420,420100154549477150420,"87.5,89.5,92,94.5,96.5,97,99.5,99",19.6,89.86,105.94,JiaXipera МM1110Y,43,1
420,420100154549476540420,"82,85.5,88,89,88.5,89.5,90,91.5",16.7,84.98,101.11,JiaXipera МM1110Y,43,1
420,420100154549482090420,"77.5,78,82,84,86.5,89.5,91.5,92.5,94",17.6,86.49,102.61,JiaXipera МM1110Y,43,1
420,420100154549348410420,"85,86.5,89,89.5,93,93.5,97.5,95.5",18.7,88.34,104.44,JiaXipera МM1110Y,43,1
420,420100154549475020420,"82.5,84.5,86.5,88,90.5,91,90.5",17.8,86.83,102.94,JiaXipera МM1110Y,43,1
420,420100154549477640420,"85.5,82.5,85,88.5,93.5,96.5,99.5,101.5,102",19.1,89.02,105.11,JiaXipera МM1110Y,43,1
420,420100154549477060420,"88,89.5,92,94.5,96.5,98,99,97.5",19.6,89.86,105.94,JiaXipera МM1110Y,43,1
420,420100154549349370420,"87,86.5,88.5,89.5,90,91.5,94.5,94",14.3,80.94,97.11,JiaXipera МM1110Y,43,1
420,420100154549478390420,"86,88,90,92.5,93,95.5,94.5",18.7,88.34,104.44,JiaXipera МM1110Y,43,1
420,420100154549480250420,"82.5,83.5,84,86,87.5,89,90,91.5,93,94.5",18.2,87.5,103.61,JiaXipera МM1110Y,43,1
420,420100154549479380420,"84.5,83.5,85.5,87.5,92,95,96.5,97",18.9,88.68,104.77,JiaXipera МM1110Y,43,1
420,420100154549638950420,"82.5,83.5,85,87.5,91,92,96.5,98.5",21.3,92.72,108.77,JiaXipera МM1110Y,43,1
420,420100154549554900420,"82.5,83.5,85,86.5,88,90.5,92,93",16.5,84.64,100.78,JiaXipera МM1110Y,43,1
420,420100154549552650420,"85.5,87.5,89.5,91,93.5,96,98,99",20.0,90.53,106.6,JiaXipera МM1110Y,43,1
420,420100154549476990420,"85,86.5,88.5,92.5,94.5,98,100,99",19.4,89.52,105.6,JiaXipera МM1110Y,43,1
420,420100154549485550420,"84.5,87,89,91.5,92.5,95,94",19.4,89.52,105.6,JiaXipera МM1110Y,43,1
420,420100154549476940420,"86,87.5,91,93.5,95.5,99.5,100,99",19.6,89.86,105.94,JiaXipera МM1110Y,43,1
420,420100154549554480420,"82,79,82,85,87,88.5,91.5,94.5,93.5",17.2,85.82,101.94,JiaXipera МM1110Y,43,1
420,420100154549481250420,"81.5,84,87,88,87,89,92.5,93.5",17.6,86.49,102.61,JiaXipera МM1110Y,43,1
420,420100154549478560420,"83.5,81,85.5,84.5,88.5,90,91.5,94,97",19.1,89.02,105.11,JiaXipera МM1110Y,43,1
420,420100154549476930420,"87,89,91,94,96.5,99.5,100,99",19.6,89.86,105.94,JiaXipera МM1110Y,43,1
420,420100154549478540420,"83.5,84.5,86.5,88,92.5,94,97.5,98,101.5",19.2,89.18,105.27,JiaXipera МM1110Y,43,1
420,420100154549552690420,"89,89.5,92,96,97,98,101,102.5,103.5",19.9,90.36,106.44,JiaXipera МM1110Y,43,1
420,420100154549480490420,"81.5,85,88,88.5,90.5,92,93,94",17.5,86.32,102.44,JiaXipera МM1110Y,43,1
420,420100154549479070420,"87,90,92,93,94,95.5,96.5,97.5",18.6,88.18,104.27,JiaXipera МM1110Y,43,1
420,420100154549485140420,"82.5,83.5,86,89,91,92,94,93.5",19.2,89.18,105.27,JiaXipera МM1110Y,43,1
420,420100154549476890420,"86.5,87,92.5,95,94.5,96.5,97",19.6,89.86,105.94,JiaXipera МM1110Y,43,1
420,420100154549555550420,"86.5,87,88.5,90,92.5,96,96.5,96",18.9,88.68,104.77,JiaXipera МM1110Y,43,1
420,420100154549481220420,"81.5,84.5,86,90.5,92.5,94.5,98,97.5",17.7,86.66,102.77,JiaXipera МM1110Y,43,1
420,420100154549485250420,"80.5,85,87,88,92,93,94",19.2,89.18,105.27,JiaXipera МM1110Y,43,1
420,420100154549476860420,"86,88,92.5,96.5,98.5,99.5,98.5",19.6,89.86,105.94,JiaXipera МM1110Y,43,1
420,420100154549554350420,"84,82.5,86.5,89,90,92,96,97.5,98.5",17.5,86.32,102.44,JiaXipera МM1110Y,43,1
420,420100154549552350420,"88.5,90,95.5,95,99.5,100,103.5,104",20.5,91.37,107.44,JiaXipera МM1110Y,43,1
420,420100154549477420420,"85,86.5,89,89.5,92.5,94.5,96,97.5",19.0,88.85,104.94,JiaXipera МM1110Y,43,1
420,420100154549552200420,"86,88,87.5,89.5,92,94.5,96.5,96",20.5,91.37,107.44,JiaXipera МM1110Y,43,1
420,420100154549474700420,"83,82.5,85.5,89.5,91,94,96,95.5",18.0,87.17,103.27,JiaXipera МM1110Y,43,1
420,420100154549482060420,"83,84,85.5,88,90.5,92.5,95",17.2,85.82,101.94,JiaXipera МM1110Y,43,1
420,420100154549554190420,"85.5,86,88,89.5,94,93.5,96,96.5",17.1,85.65,101.77,JiaXipera МM1110Y,43,1
420,420100154549476850420,"87,88,90,92.5,94.5,97,99.5,97.5",19.6,89.86,105.94,JiaXipera МM1110Y,43,1
420,420100154549476840420,"84,86,89,93.5,95.5,98,99,100.5,102",19.6,89.86,105.94,JiaXipera МM1110Y,43,1
420,420100154549476790420,"84.5,86.5,91.5,94.5,97,100,101.5,100.5",19.6,89.86,105.94,JiaXipera МM1110Y,43,1
420,420100154549478020420,"83,85,90,92.5,94,96.5,99,97.5",18.9,88.68,104.77,JiaXipera МM1110Y,43,1
420,420100154549485590420,"85,84.5,85.5,87,89.5,91,95,92.5",19.1,89.02,105.11,JiaXipera МM1110Y,43,1
420,420100154549638030420,"81,82,88,89.5,91.5,95,96.5,97.5",20.4,91.2,107.27,JiaXipera МM1110Y,43,1
420,420100154549554660420,"83,84.5,85.5,88.5,90.5,92,94,95",20.4,91.2,107.27,JiaXipera МM1110Y,43,1
420,420100154549486010420,"82,86.5,90,92,93.5,92",18.9,88.68,104.77,JiaXipera МM1110Y,43,1
420,420100154549480210420,"81.5,82,85.5,87,89,91.5,92,92.5,93",18.1,87.33,103.44,JiaXipera МM1110Y,43,1
420,420100154549478660420,"84.5,81,84.5,86,89.5,90,92,94,94.5,95",19.2,89.18,105.27,JiaXipera МM1110Y,43,1
420,420100154549476630420,"83.5,84.5,86,88,89.5,91,93,92.5",16.7,84.98,101.11,JiaXipera МM1110Y,43,1
420,420100154549479570420,"82.5,80.5,83.5,84,86.5,88.5,90,90.5,92.5,95,96.5,95.5",18.6,88.18,104.27,JiaXipera МM1110Y,43,1
420,420100154549553640420,"84,87,89,90.5,91.5,95,92.5",18.1,87.33,103.44,JiaXipera МM1110Y,43,1
420,420100154549483110420,"79,80,84,88,93,95.5,95",17.2,85.82,101.94,JiaXipera МM1110Y,43,1
420,420100154549485130420,"87,88,90,93,94,96.5,97,96.5",16.4,84.47,100.61,JiaXipera МM1110Y,43,1
420,420100154549483940420,"83,84.5,85,86.5,88,90,91,90",16.6,84.81,100.94,JiaXipera МM1110Y,43,1
420,420100154549476580420,"82.5,83,84.5,87.5,88.5,91,93.5,92.5",16.7,84.98,101.11,JiaXipera МM1110Y,43,1
420,420100154549475380420,"83,82,84.5,87.5,89.5,92.5,94,93",17.6,86.49,102.61,JiaXipera МM1110Y,43,1
420,420100154549481440420,"81.5,81,86.5,90,92,93,95,94.5,96.5",17.3,85.99,102.11,JiaXipera МM1110Y,43,1
420,420100154549476550420,"81.5,83,85.5,88,89,91",16.7,84.98,101.11,JiaXipera МM1110Y,43,1
420,420100154549479390420,"85,85.5,88,90,93,95.5,96,97.5,98,101",18.9,88.68,104.77,JiaXipera МM1110Y,43,1
420,420100154549483040420,"81,79,82.5,85,89.5,89,92.5,94",17.2,85.82,101.94,JiaXipera МM1110Y,43,1
420,420100154549477380420,"87.5,89.5,92,93,97.5,99.5,101,99",19.1,89.02,105.11,JiaXipera МM1110Y,43,1
420,420100154549476820420,"85.5,87.5,90.5,94,97,99.5,101.5,101",19.5,89.69,105.77,JiaXipera МM1110Y,43,1
420,420100154549476520420,"81,81.5,85.5,86.5,87,89.5,90.5,90",16.8,85.15,101.28,JiaXipera МM1110Y,43,1
420,420100154549482850420,"85,86.5,88,90.5,91,93,94.5,94",17.2,85.82,101.94,JiaXipera МM1110Y,43,1
420,420100154549486420420,"82,82.5,85,86,90,92,95.5,95",18.3,87.67,103.77,JiaXipera МM1110Y,43,1
420,420100154549478880420,"81.5,82.5,85,87.5,88.5,90,94.5,96.5,95.5",18.6,88.18,104.27,JiaXipera МM1110Y,43,1
420,420100154549476510420,"81.5,82,84,86,87,89,91.5,92",16.9,85.31,101.44,JiaXipera МM1110Y,43,1
420,420100154549480920420,"81,84,85.5,86,88.5,89.5,91.5,93,93.5,95",18.0,87.17,103.27,JiaXipera МM1110Y,43,1
420,420100154549485170420,"86.5,89,89.5,91.5,94.5,95,95.5,96,97.5",19.3,89.35,105.44,JiaXipera МM1110Y,43,1
420,420100154549486020420,"84,81.5,84.5,87,88.5,90,92,96,96.5",18.8,88.51,104.61,JiaXipera МM1110Y,43,1
420,420100154549476480420,"81.5,80.5,83,85,86,88,88.5",16.8,85.15,101.28,JiaXipera МM1110Y,43,1
420,420100154549476470420,"80,80.5,82.5,84,85.5,88,89.5,88.5",16.8,85.15,101.28,JiaXipera МM1110Y,43,1
420,420100154549475990420,"83.5,85,86.5,88,89,92,93.5,92.5",17.2,85.82,101.94,JiaXipera МM1110Y,43,1
420,420100154549476450420,"82,85,87,89,89.5,91.5,92",16.7,84.98,101.11,JiaXipera МM1110Y,43,1
420,420100154549476160420,"80.5,82,84.5,85.5,88,90,92,91",16.9,85.31,101.44,JiaXipera МM1110Y,43,1
420,420100154549476400420,"84,83.5,84.5,85.5,87,89,90,89.5",17.0,85.48,101.61,JiaXipera МM1110Y,43,1
420,420100154549481010420,"80,82.5,85,86,87,89.5,90,90.5,91.5",18.0,87.17,103.27,JiaXipera МM1110Y,43,1
420,420100154549552430420,"81.5,80,85,102.5",20.3,91.04,107.1,JiaXipera МM1110Y,43,1
420,420100154549482820420,"83.5,83,87,88.5,91.5,92,95,94",17.2,85.82,101.94,JiaXipera МM1110Y,43,1
420,420100154549476360420,"81,81.5,82,83,84,86,87,86.5",16.9,85.31,101.44,JiaXipera МM1110Y,43,1
420,420100154549487380420,"82,82.5,85,86,87,88,88.5,91,90",17.9,87.0,103.11,JiaXipera МM1110Y,43,1
420,420100154549485080420,"86.5,85.5,87,89,92,93.5,95.5,96",19.4,89.52,105.6,JiaXipera МM1110Y,43,1
420,420100154549476350420,"81,80,82,84.5,85.5,88.5,89,88",16.9,85.31,101.44,JiaXipera МM1110Y,43,1
420,420100154549556600420,"86,87.5,92,93.5,94.5,96.5,95.5",17.9,87.0,103.11,JiaXipera МM1110Y,43,1
420,420100154549478730420,"83,84,85.5,87,89,92,93.5,93",18.9,88.68,104.77,JiaXipera МM1110Y,43,1
420,420100154549481230420,"83.5,81,81.5,85.5,87.5,89,89.5,92.5,95,96.5",17.6,86.49,102.61,JiaXipera МM1110Y,43,1
420,420100154549476340420,"81,81.5,84,84.5,85.5,87.5,89.5,89",17.0,85.48,101.61,JiaXipera МM1110Y,43,1
420,420100154549476170420,"79.5,80.5,82,83,84.5,88,89.5,89",16.9,85.31,101.44,JiaXipera МM1110Y,43,1
420,420100154549479430420,"83.5,81,86.5,88.5,93,94.5,95.5,97,97.5,98.5",18.9,88.68,104.77,JiaXipera МM1110Y,43,1
420,420100154549476320420,"76.5,82,81.5,85,88,88.5,91.5,91",16.9,85.31,101.44,JiaXipera МM1110Y,43,1
420,420100154549478380420,"87,86,87.5,93,93.5,96,97,99,101,101.5",19.0,88.85,104.94,JiaXipera МM1110Y,43,1
420,420100154549476290420,"83,84.5,86,87.5,89.5,91.5,94,93",17.1,85.65,101.77,JiaXipera МM1110Y,43,1
420,420100154549556420420,"85,87,91,92.5,95.5,97,98,97",18.1,87.33,103.44,JiaXipera МM1110Y,43,1
420,420100154549476270420,"80.5,84,85.5,88.5,90,89.5",17.0,85.48,101.61,JiaXipera МM1110Y,43,1
420,420100154549487090420,"81.5,84,88.5,90.5,93.5,96,98,98.5",18.1,87.33,103.44,JiaXipera МM1110Y,43,1
420,420100154549477650420,"84.5,80,83.5,86,92,92.5,96.5,98",19.1,89.02,105.11,JiaXipera МM1110Y,43,1
420,420100154549476250420,"87,86,88,89,91,92,92.5,92",17.3,85.99,102.11,JiaXipera МM1110Y,43,1
420,420100154549480180420,"81.5,81,85,85.5,87.5,88,89.5,91.5,94.5,95.5",18.2,87.5,103.61,JiaXipera МM1110Y,43,1
420,420100154549476240420,"81,80,83.5,84.5,85.5,88.5,90,90.5",17.1,85.65,101.77,JiaXipera МM1110Y,43,1
420,420100154549477720420,"86.5,84.5,87,90.5,92,95.5,96.5,100,100.5,99.5",19.0,88.85,104.94,JiaXipera МM1110Y,43,1
420,420100154549486750420,"83.5,83,84.5,86.5,87.5,90.5,93,93.5",18.5,88.01,104.11,JiaXipera МM1110Y,43,1
420,420100154549474610420,"83.5,87,88,90.5,93,94,93.5",18.3,87.67,103.77,JiaXipera МM1110Y,43,1
420,420100154549480130420,"80.5,81.5,84.5,85.5,86.5,88,90,91,93.5,94.5,94,95,94.5",18.2,87.5,103.61,JiaXipera МM1110Y,43,1
420,420100154549476780420,"85.5,86,90,92.5,94,99.5,98",19.6,89.86,105.94,JiaXipera МM1110Y,43,1
420,420100154549349470420,"89,87,89,90,92,94.5,93",14.3,80.94,97.11,JiaXipera МM1110Y,43,1
420,420100154549474560420,"85.5,85,87.5,89,91.5,95,94,96",18.5,88.01,104.11,JiaXipera МM1110Y,43,1
420,420100154549352780420,"81.5,82.5,85.5,86,87,90,91",17.7,86.66,102.77,JiaXipera МM1110Y,43,1
420,420100154549474520420,"82,83,85,87.5,89,92.5,96,94.5",18.3,87.67,103.77,JiaXipera МM1110Y,43,1
420,420100154549352720420,"84.5,86,87.5,88.5,90,91.5,92,92.5,93",17.2,85.82,101.94,JiaXipera МM1110Y,43,1
420,420100154549349120420,"87,86,87,87.5,89,89.5,92.5,91.5",15.4,82.79,98.94,JiaXipera МM1110Y,43,1
420,420100154549476230420,"82,81,83.5,86,87,89.5,91,90",16.9,85.31,101.44,JiaXipera МM1110Y,43,1
420,420100154549481460420,"84,81,85,87,89,91,92,93.5,95,95.5",17.2,85.82,101.94,JiaXipera МM1110Y,43,1
420,420100154549349420420,"87,88.5,90,89.5,92,94,94.5",14.4,81.11,97.28,JiaXipera МM1110Y,43,1
420,420100154549639220420,"85.5,86.5,89.5,93,97,100,101.5,101",21.1,92.38,108.44,JiaXipera МM1110Y,43,1
420,420100154549482420420,"81,83,84,85,87,89.5,90,92.5",16.9,85.31,101.44,JiaXipera МM1110Y,43,1
420,420100154549478800420,"83.5,85,87,89.5,90,93,94.5,95.5",18.9,88.68,104.77,JiaXipera МM1110Y,43,1
420,420100154549552890420,"87.5,84.5,89,91.5,93.5,96.5,99,98.5,100.5",19.8,90.19,106.27,JiaXipera МM1110Y,43,1
420,420100154549478170420,"86,86.5,89.5,90.5,93,94.5,97,95.5",18.7,88.34,104.44,JiaXipera МM1110Y,43,1
420,420100154549474770420,"85,87,89,90.5,93,94,94.5",18.3,87.67,103.77,JiaXipera МM1110Y,43,1
420,420100154549555450420,"80.5,80,82,84,85,86,88.5,87.5",16.0,83.8,99.94,JiaXipera МM1110Y,43,1
420,420100154549348740420,"80,79,80.5,84,85,86.5,89.5,90.5",16.4,84.47,100.61,JiaXipera МM1110Y,43,1
420,420100154549485840420,"83,81.5,84,86,87.5,91,91.5",16.6,84.81,100.94,JiaXipera МM1110Y,43,1
420,420100154549475790420,"82.5,81,84,85,86,87,88.5,89",17.2,85.82,101.94,JiaXipera МM1110Y,43,1
420,420100154549477840420,"82.5,85,86.5,88,91.5,93,95.5,97.5,98.5",18.8,88.51,104.61,JiaXipera МM1110Y,43,1
420,420100154549483900420,"82.5,84.5,87,88.5,88,89.5,90.5,91",17.5,86.32,102.44,JiaXipera МM1110Y,43,1
420,420100154549476190420,"79.5,82.5,85.5,87,89,91.5,92",16.9,85.31,101.44,JiaXipera МM1110Y,43,1
420,420100154549556390420,"86.5,85.5,88,90.5,92.5,96,99,98.5",18.1,87.33,103.44,JiaXipera МM1110Y,43,1
420,420100154549478600420,"81.5,85,88.5,89,90,91.5,92.5,93.5,95,96",19.2,89.18,105.27,JiaXipera МM1110Y,43,1
420,420100154549481790420,"88,84.5,87.5,89.5,91,94,96.5,98,98.5",17.9,87.0,103.11,JiaXipera МM1110Y,43,1
420,420100154549480720420,"83,84,84.5,85.5,87,88,90,91,90",17.3,85.99,102.11,JiaXipera МM1110Y,43,1
420,420100154549475730420,"85.5,85,86.5,88,90,92,93,92.5",17.4,86.16,102.27,JiaXipera МM1110Y,43,1
420,420100154549487170420,"83.5,85,85.5,87,89,89.5,91.5,92",18.0,87.17,103.27,JiaXipera МM1110Y,43,1
420,420100154549475920420,"82,81,84.5,87,89,91,95,94",17.3,85.99,102.11,JiaXipera МM1110Y,43,1
420,420100154549477370420,"92,89.5,93.5,95,97.5,99,101,100.5",19.1,89.02,105.11,JiaXipera МM1110Y,43,1
420,420100154549476180420,"83.5,84,87.5,89,92,94,94.5",17.0,85.48,101.61,JiaXipera МM1110Y,43,1
420,420100154549481820420,"85,82,83,85,87,88,90.5,91.5,93.5",17.9,87.0,103.11,JiaXipera МM1110Y,43,1
420,420100154549349290420,"84.5,88,87.5,90.5,92,93.5,95.5,93.5",14.3,80.94,97.11,JiaXipera МM1110Y,43,1
420,420100154549474750420,"79,78.5,84,84.5,87,89.5,91.5,92",17.9,87.0,103.11,JiaXipera МM1110Y,43,1
420,420100154549553540420,"86,87.5,89.5,92.5,94,96,98.5,98",18.5,88.01,104.11,JiaXipera МM1110Y,43,1
420,420100154549484760420,"80,81.5,83,84,85,86.5,89.5,88.5",16.3,84.31,100.44,JiaXipera МM1110Y,43,1
420,420100154549639150420,"86.5,86,88.5,91,91.5,94,94.5,98.5,99",21.0,92.21,108.27,JiaXipera МM1110Y,43,1
420,420100154549478310420,"85.5,84,86,87.5,88.5,89.5,93,91.5",17.1,85.65,101.77,JiaXipera МM1110Y,43,1
420,420100154549479500420,"82,82.5,88,91,92.5,96.5,99,98",18.5,88.01,104.11,JiaXipera МM1110Y,43,1
420,420100154549475600420,"84.5,86.5,88,89,90,92,91",17.4,86.16,102.27,JiaXipera МM1110Y,43,1
420,420100154549475710420,"82,81.5,82,84.5,86.5,87.5,88.5,90,89.5",17.3,85.99,102.11,JiaXipera МM1110Y,43,1
420,420100154549475450420,"84,86.5,89.5,92.5,93.5,97,99.5,98",17.7,86.66,102.77,JiaXipera МM1110Y,43,1
420,420100154549483390420,"80,82,85.5,86.5,88,89,91.5,92",17.1,85.65,101.77,JiaXipera МM1110Y,43,1
420,420100154549349180420,"84,88.5,89.5,92,93.5,95.5,96.5",15.0,82.12,98.28,JiaXipera МM1110Y,43,1
420,420100154549483130420,"83,84.5,85,86.5,88.5,89.5,92,91.5",17.2,85.82,101.94,JiaXipera МM1110Y,43,1
420,420100154549474860420,"81.5,82,83.5,87.5,90,92,94.5,94",17.8,86.83,102.94,JiaXipera МM1110Y,43,1
420,420100154549349230420,"86,82.5,85,86.5,87,89.5,91.5,90",15.1,82.29,98.44,JiaXipera МM1110Y,43,1
420,420100154549478920420,"83,85.5,87.5,89,91.5,92.5,92",18.7,88.34,104.44,JiaXipera МM1110Y,43,1
420,420100154549483090420,"79,80.5,84.5,86.5,90.5,92,95,94",17.2,85.82,101.94,JiaXipera МM1110Y,43,1
420,420100154549553990420,"85.5,86,87.5,88.5,91,93.5,95,96",17.8,86.83,102.94,JiaXipera МM1110Y,43,1
420,420100154549486070420,"85,84,89,89.5,93,94,95.5,94.5",18.8,88.51,104.61,JiaXipera МM1110Y,43,1
420,420100154549477360420,"86,87,90.5,91.5,93,96,97,96.5",19.6,89.86,105.94,JiaXipera МM1110Y,43,1
420,420100154549478750420,"83,82,89,88.5,92,94.5,96,97",18.9,88.68,104.77,JiaXipera МM1110Y,43,1
420,420100154549475350420,"84,85,87.5,88,92,93,94.5,96",17.8,86.83,102.94,JiaXipera МM1110Y,43,1
420,420100154549553620420,"84.5,81.5,82,85,85.5,88,91,92.5,94.5",18.1,87.33,103.44,JiaXipera МM1110Y,43,1
420,420100154549485570420,"84.5,86,87.5,88,90,91.5,92.5,92",19.2,89.18,105.27,JiaXipera МM1110Y,43,1
420,420100154549638550420,"86.5,88.5,89.5,91.5,94,94.5,96,96.5",20.2,90.87,106.94,JiaXipera МM1110Y,43,1
420,420100154549479180420,"84.5,83.5,84.5,87,89,92,92.5,94",18.7,88.34,104.44,JiaXipera МM1110Y,43,1
420,420100154549478520420,"83.5,86.5,89,91,93.5,96",19.2,89.18,105.27,JiaXipera МM1110Y,43,1
420,420100154549349840420,"86.5,85,87.5,88.5,90.5,91,93,92",14.5,81.28,97.45,JiaXipera МM1110Y,43,1
420,420100154549556030420,"83.5,84.5,86.5,88,90.5,92,93,93.5",18.3,87.67,103.77,JiaXipera МM1110Y,43,1
420,420100154549349130420,"84.5,86.5,87,90,91.5,94,97,95.5",15.1,82.29,98.44,JiaXipera МM1110Y,43,1
420,420100154549556480420,"88,86,88.5,91.5,95,95.5,96.5,99",18.2,87.5,103.61,JiaXipera МM1110Y,43,1
420,420100154549479510420,"82,79.5,82.5,84,86,87.5,89,90,92,93.5,96",18.5,88.01,104.11,JiaXipera МM1110Y,43,1
420,420100154549349090420,"86.5,88.5,92,90,92.5,95,93",15.5,82.96,99.11,JiaXipera МM1110Y,43,1
420,420100154549638280420,"88.5,89.5,93,96,100,102.5,105,101.5",20.2,90.87,106.94,JiaXipera МM1110Y,43,1
420,420100154549475160420,"86,84.5,87,89,90.5,92,94.5,93.5",17.7,86.66,102.77,JiaXipera МM1110Y,43,1
420,420100154549554180420,"84,85.5,86.5,88.5,90.5,91,90",17.2,85.82,101.94,JiaXipera МM1110Y,43,1
420,420100154549481950420,"82.5,85.5,89.5,90,92,93,94.5,95,95.5",17.6,86.49,102.61,JiaXipera МM1110Y,43,1
420,420100154549348660420,"80.5,82.5,85.5,87.5,90,90.5,91,91.5,93",16.6,84.81,100.94,JiaXipera МM1110Y,43,1
420,420100154549348980420,"82.5,83.5,84.5,86,87.5,89,90.5,90",16.2,84.14,100.28,JiaXipera МM1110Y,43,1
420,420100154549349270420,"85.5,86.5,87,89,91,92.5,94,93",14.7,81.61,97.78,JiaXipera МM1110Y,43,1
420,420100154549348970420,"81.5,81,82.5,83.5,85.5,86.5,90,88.5",16.2,84.14,100.28,JiaXipera МM1110Y,43,1
420,420100154549556550420,"84,85,86,88,91.5,93,94,94.5",17.7,86.66,102.77,JiaXipera МM1110Y,43,1
420,420100154549479790420,"86,85.5,87,89,89.5,91,92,93,92,94",18.4,87.84,103.94,JiaXipera МM1110Y,43,1
420,420100154549476150420,"84,80,84,84.5,87,88,90,91,91.5,93.5,94",18.3,87.67,103.77,JiaXipera МM1110Y,43,1
420,420100154549639410420,"85,88.5,93.5,94.5,98.5,100,102,101.5",20.8,91.88,107.94,JiaXipera МM1110Y,43,1
420,420100154549638530420,"86,87,89.5,91.5,93,95.5,98,97.5",20.3,91.04,107.1,JiaXipera МM1110Y,43,1
420,420100154549475060420,"83.5,85,87.5,90,91.5,94,95,94.5",17.7,86.66,102.77,JiaXipera МM1110Y,43,1
420,420100154549487180420,"83,84.5,83.5,86.5,85.5,89,90.5,89",18.2,87.5,103.61,JiaXipera МM1110Y,43,1
420,420100154549349260420,"89,86.5,88,89,90,90.5,92.5,91",14.3,80.94,97.11,JiaXipera МM1110Y,43,1
420,420100154549348950420,"82.5,81,83,85,87.5,89.5,92,91.5",16.3,84.31,100.44,JiaXipera МM1110Y,43,1
420,420100154549481160420,"79.5,80,84.5,86,87,89,92.5,91.5",17.7,86.66,102.77,JiaXipera МM1110Y,43,1
420,420100154549475290420,"83,84.5,85.5,86.5,91,94,95.5,96",17.9,87.0,103.11,JiaXipera МM1110Y,43,1
420,420100154549555400420,"84,86.5,89.5,91.5,93,93.5,94.5,94",18.8,88.51,104.61,JiaXipera МM1110Y,43,1
420,420100154549474820420,"82,82.5,86,86.5,89.5,91.5,93,94.5",18.1,87.33,103.44,JiaXipera МM1110Y,43,1
420,420100154549348940420,"81.5,83.5,85,86,87,89,91,90",16.1,83.97,100.11,JiaXipera МM1110Y,43,1
420,420100154549486900420,"83.5,83,85.5,87.5,89,91.5,92,93",18.4,87.84,103.94,JiaXipera МM1110Y,43,1
420,420100154549478960420,"84,83.5,86.5,88,89.5,91.5,92,93,94.5,95.5",18.7,88.34,104.44,JiaXipera МM1110Y,43,1
420,420100154549349010420,"83.5,88,91,91.5,94,97.5,98.5,98",15.6,83.13,99.28,JiaXipera МM1110Y,43,1
420,420100154549483910420,"82,81.5,84.5,86,88,90.5,92.5,93.5",16.5,84.64,100.78,JiaXipera МM1110Y,43,1
420,420100154549349450420,"88,87.5,90.5,92,93.5,96.5,94.5",14.4,81.11,97.28,JiaXipera МM1110Y,43,1
420,420100154549480650420,"83.5,82.5,83.5,85,86,88.5,90,91,91.5,92.5",17.4,86.16,102.27,JiaXipera МM1110Y,43,1
420,420100154549474680420,"85,84,86.5,88,88.5,90,91.5,94,94.5",18.0,87.17,103.27,JiaXipera МM1110Y,43,1
420,420100154549485010420,"86,88.5,91,94,95.5,96.5,97",19.4,89.52,105.6,JiaXipera МM1110Y,43,1
420,420100154549349100420,"87.5,88,91.5,92,93,95,98.5,98",15.4,82.79,98.94,JiaXipera МM1110Y,43,1
420,420100154549477020420,"83,85,88,93,95,98.5,100.5,101",19.4,89.52,105.6,JiaXipera МM1110Y,43,1
420,420100154549556840420,"83,84,87.5,89.5,91.5,93.5,94.5,94",18.4,87.84,103.94,JiaXipera МM1110Y,43,1
420,420100154549481880420,"82.5,81.5,86.5,90.5,93.5,94.5,96.5",17.7,86.66,102.77,JiaXipera МM1110Y,43,1
420,420100154549475480420,"85,85.5,88,89,92,92.5,95,94.5",17.8,86.83,102.94,JiaXipera МM1110Y,43,1
420,420100154549348750420,"81.5,83,83.5,85,88,89,87.5",16.5,84.64,100.78,JiaXipera МM1110Y,43,1
420,420100154549482170420,"79.5,78,81.5,81,88,89.5,91,91.5,92.5",17.4,86.16,102.27,JiaXipera МM1110Y,43,1
420,420100154549348400420,"80.5,82,84,85,87.5,90.5,91,91.5",17.1,85.65,101.77,JiaXipera МM1110Y,43,1
420,420100154549476200420,"84,87,89,90.5,92.5,94,93.5",17.2,85.82,101.94,JiaXipera МM1110Y,43,1
420,420100154549483120420,"84.5,85,89,91,93,95.5,97,95.5",17.2,85.82,101.94,JiaXipera МM1110Y,43,1
420,420100154549482270420,"81.5,82,83,86,85.5,88,90,91,91.5",17.3,85.99,102.11,JiaXipera МM1110Y,43,1
420,420100154549348730420,"84.5,85.5,88,89.5,91,93.5,96,95",18.1,87.33,103.44,JiaXipera МM1110Y,43,1
420,420100154549475370420,"85,85.5,88,89.5,91.5,93.5,94.5,93",18.3,87.67,103.77,JiaXipera МM1110Y,43,1
420,420100154549349280420,"87.5,86,89.5,90,91.5,93,95,96",14.3,80.94,97.11,JiaXipera МM1110Y,43,1
420,420100154549349300420,"85,83.5,85,86.5,88.5,89.5,91,89.5",14.6,81.44,97.61,JiaXipera МM1110Y,43,1
420,420100154549480540420,"79,83.5,87.5,91.5,93.5,95.5,99,98.5",17.5,86.32,102.44,JiaXipera МM1110Y,43,1
420,420100154549349750420,"87,88.5,88,89.5,88.5,90.5,91,92.5,92",14.3,80.94,97.11,JiaXipera МM1110Y,43,1
420,420100154549486450420,"82.5,81.5,83.5,86,87.5,88.5,89.5,92.5,93",18.3,87.67,103.77,JiaXipera МM1110Y,43,1
420,420100154549479080420,"83.5,86,87.5,89,91,95,94.5,96,98",18.9,88.68,104.77,JiaXipera МM1110Y,43,1
420,420100154549556220420,"85,84,86,87.5,92,93.5,95,94.5",18.5,88.01,104.11,JiaXipera МM1110Y,43,1
420,420100154549484520420,"82.5,85,86.5,87.5,88,90.5,91,89.5",17.1,85.65,101.77,JiaXipera МM1110Y,43,1
420,420100154549477510420,"84.5,85,87,89.5,92.5,95,97,96.5",18.9,88.68,104.77,JiaXipera МM1110Y,43,1
420,420100154549348580420,"80.5,82,85,87,89,91,93,92.5",16.8,85.15,101.28,JiaXipera МM1110Y,43,1
420,420100154549348780420,"81,80,80.5,81.5,83.5,86,87,86.5",16.3,84.31,100.44,JiaXipera МM1110Y,43,1
420,420100154549475440420,"85.5,85,88,89.5,92,94.5,96.5,97",17.9,87.0,103.11,JiaXipera МM1110Y,43,1
420,420100154549348800420,"82,83.5,85.5,88,89.5,91.5,90",16.3,84.31,100.44,JiaXipera МM1110Y,43,1
420,420100154549349160420,"86,84,88,89.5,92,91,95.5,93.5",15.1,82.29,98.44,JiaXipera МM1110Y,43,1
420,420100154549476600420,"83.5,86.5,88,89.5,92.5,93,94,93",16.7,84.98,101.11,JiaXipera МM1110Y,43,1
420,420100154549474660420,"83,87.5,89.5,91,93.5,96,95",18.1,87.33,103.44,JiaXipera МM1110Y,43,1
420,420100154549477970420,"86.5,87.5,91.5,94,95.5,97.5,98",18.8,88.51,104.61,JiaXipera МM1110Y,43,1
420,420100154549474650420,"83.5,85,86,88,89.5,91,92,93,94",18.1,87.33,103.44,JiaXipera МM1110Y,43,1
420,420100154549476390420,"74.5,77.5,79.5,83,84.5,86.5,89,89.5",16.8,85.15,101.28,JiaXipera МM1110Y,43,1
420,420100154549476440420,"81.5,80.5,83,84.5,86,88.5,90.5,88",16.8,85.15,101.28,JiaXipera МM1110Y,43,1
420,420100154549485050420,"83,88.5,89.5,91.5,92.5,96,97.5,98",19.4,89.52,105.6,JiaXipera МM1110Y,43,1
420,420100154549348490420,"80.5,79,81.5,84.5,87,88.5,90.5,88.5",17.1,85.65,101.77,JiaXipera МM1110Y,43,1
420,420100154549348670420,"81.5,81,85.5,88,89.5,91.5,95,93.5",16.5,84.64,100.78,JiaXipera МM1110Y,43,1
420,420100154549487020420,"80,81,82,83.5,85.5,87.5,89,88.5",18.4,87.84,103.94,JiaXipera МM1110Y,43,1
420,420100154549486160420,"82.5,84,87,89,90,91,93.5,94,96",18.7,88.34,104.44,JiaXipera МM1110Y,43,1
420,420100154549479410420,"85,87,88,91.5,92.5,95,94.5",18.3,87.67,103.77,JiaXipera МM1110Y,43,1
420,420100154549475530420,"83,83.5,86.5,89,91,93,94.5,95",17.4,86.16,102.27,JiaXipera МM1110Y,43,1
420,420100154549476380420,"78.5,80,83,85.5,86,88.5,90.5,91",16.8,85.15,101.28,JiaXipera МM1110Y,43,1
420,420100154549481540420,"85,82,83,87,88,91.5,93,94",17.2,85.82,101.94,JiaXipera МM1110Y,43,1
420,420100154549477000420,"83.5,86.5,89.5,91.5,94,95,97,97.5,98",19.4,89.52,105.6,JiaXipera МM1110Y,43,1
420,420100154549349320420,"90,89,90.5,92,92.5,94.5,92.5",14.3,80.94,97.11,JiaXipera МM1110Y,43,1
420,420100154549552810420,"83,82,87.5,88.5,90.5,93.5,96.5,97.5",19.8,90.19,106.27,JiaXipera МM1110Y,43,1
420,420100154549476560420,"80.5,82.5,84.5,85.5,86.5,88.5,88",16.7,84.98,101.11,JiaXipera МM1110Y,43,1
420,420100154549348520420,"81,79.5,80.5,81.5,83,85.5,87.5,89",17.1,85.65,101.77,JiaXipera МM1110Y,43,1
420,420100154549552620420,"84.5,83.5,87,90.5,91.5,95.5,97.5,98.5",20.0,90.53,106.6,JiaXipera МM1110Y,43,1
420,420100154549477870420,"87,88,88.5,91,93,95,97.5,98",18.8,88.51,104.61,JiaXipera МM1110Y,43,1
420,420100154549348890420,"82,83,84,85.5,85,87,87.5",16.3,84.31,100.44,JiaXipera МM1110Y,43,1
420,420100154549479520420,"85.5,84,87.5,91,93,95,95.5",18.4,87.84,103.94,JiaXipera МM1110Y,43,1
420,420100154549348690420,"81,83,84.5,85,86.5,89.5,92,91",16.4,84.47,100.61,JiaXipera МM1110Y,43,1
420,420100154549478210420,"87.5,86.5,87.5,90,93.5,95,94.5,95",18.6,88.18,104.27,JiaXipera МM1110Y,43,1
420,420100154549348430420,"82,84,86,87.5,89.5,88.5",17.1,85.65,101.77,JiaXipera МM1110Y,43,1
420,420100154549555690420,"83.5,84,86,88,89.5,91.5,93.5,94",18.4,87.84,103.94,JiaXipera МM1110Y,43,1
420,420100154549487040420,"85,87,89,91.5,94.5,97,98.5,97.5",18.1,87.33,103.44,JiaXipera МM1110Y,43,1
420,420100154549475330420,"84.5,87,90,90.5,94,94.5,95",17.9,87.0,103.11,JiaXipera МM1110Y,43,1
420,420100154549486870420,"82,84.5,86,88.5,91.5,92.5,94,93",18.4,87.84,103.94,JiaXipera МM1110Y,43,1
420,420100154549480280420,"80.5,81,82.5,86.5,88.5,90,92,91",17.9,87.0,103.11,JiaXipera МM1110Y,43,1
420,420100154549478670420,"83,85.5,86.5,88,89.5,90,93.5,93",18.4,87.84,103.94,JiaXipera МM1110Y,43,1
420,420100154549553970420,"83.5,85,87.5,89,91,93.5,95,96,96.5",17.5,86.32,102.44,JiaXipera МM1110Y,43,1
420,420100154549348460420,"81.5,84.5,84,87.5,89,93,93.5",17.0,85.48,101.61,JiaXipera МM1110Y,43,1
420,420100154549552340420,"88,89,92,95,97.5,100.5,103.5,102.5",20.5,91.37,107.44,JiaXipera МM1110Y,43,1
420,420100154549482630420,"85,84.5,86,88,89.5,91.5,93.5,92",17.1,85.65,101.77,JiaXipera МM1110Y,43,1
420,420100154549475620420,"84.5,83.5,85,90,90.5,93,95,94",17.4,86.16,102.27,JiaXipera МM1110Y,43,1
420,420100154549477610420,"83,84,87.5,90,91,94,96.5,98.5,99",19.2,89.18,105.27,JiaXipera МM1110Y,43,1
420,420100154549348530420,"81,85,87.5,90.5,92.5,95.5,95",16.8,85.15,101.28,JiaXipera МM1110Y,43,1
420,420100154549348820420,"82.5,81,83.5,84,87.5,88.5,89.5,89",16.2,84.14,100.28,JiaXipera МM1110Y,43,1
420,420100154549481270420,"85,83.5,87.5,90.5,93.5,93,96,95",17.8,86.83,102.94,JiaXipera МM1110Y,43,1
420,420100154549554700420,"81,84.5,85.5,86,90,91.5,94,94.5",16.7,84.98,101.11,JiaXipera МM1110Y,43,1
420,420100154549552160420,"90.5,94,98.5,99.5,101,102.5,103",20.5,91.37,107.44,JiaXipera МM1110Y,43,1
420,420100154549477040420,"86,88,89.5,93,96,97,98",19.4,89.52,105.6,JiaXipera МM1110Y,43,1
420,420100154549484170420,"84,85.5,87,87.5,88.5,89.5,90,90.5",17.0,85.48,101.61,JiaXipera МM1110Y,43,1
420,420100154549477620420,"86,89,90.5,93.5,96.5,100,102,101,101.5",19.1,89.02,105.11,JiaXipera МM1110Y,43,1
420,420100154549477390420,"87,87.5,91,94,96,97,98,97.5,98.5",19.1,89.02,105.11,JiaXipera МM1110Y,43,1
420,420100154549480560420,"81,82.5,86,88.5,92,93.5,95.5,96.5,97,97.5",17.4,86.16,102.27,JiaXipera МM1110Y,43,1
420,420100154549485310420,"81.5,84.5,87,89,90.5,91.5,95.5,95",19.4,89.52,105.6,JiaXipera МM1110Y,43,1
420,420100154549486670420,"85,84,85,87.5,89,89.5,91.5,92",18.6,88.18,104.27,JiaXipera МM1110Y,43,1
420,420100154549477140420,"87,89,91.5,93.5,95,98,96.5,98,98.5,99",19.4,89.52,105.6,JiaXipera МM1110Y,43,1
420,420100154549554820420,"83,84.5,87,88,89,91,93,94.5,95,96",16.6,84.81,100.94,JiaXipera МM1110Y,43,1
420,420100154549349110420,"87,85.5,86,87.5,89,91,92.5,91",15.5,82.96,99.11,JiaXipera МM1110Y,43,1
420,420100154549552310420,"85,89,92,97.5,101,103.5,105,104.5",20.6,91.54,107.6,JiaXipera МM1110Y,43,1
420,420100154549476620420,"83,82.5,84.5,87,88.5,90.5,92,90",16.7,84.98,101.11,JiaXipera МM1110Y,43,1
420,420100154549480620420,"80.5,82.5,86,87,88.5,89.5,91,91.5,92.5,93.5",17.4,86.16,102.27,JiaXipera МM1110Y,43,1
420,420100154549479100420,"82.5,82,85.5,88.5,89,88.5,94,93.5,94,94.5",18.6,88.18,104.27,JiaXipera МM1110Y,43,1
420,420100154549554470420,"78.5,76,79.5,81,82.5,85,87,86",17.2,85.82,101.94,JiaXipera МM1110Y,43,1
420,420100154549481350420,"80,80.5,83.5,86,90,92,97.5,96.5,97",17.4,86.16,102.27,JiaXipera МM1110Y,43,1
420,420100154549478470420,"84,84.5,86,89,88,92,92.5,93.5",18.9,88.68,104.77,JiaXipera МM1110Y,43,1
420,420100154549477130420,"85,84,87,92,93.5,98,99.5,99",19.3,89.35,105.44,JiaXipera МM1110Y,43,1
420,420100154549479690420,"79.5,80,85,87.5,89.5,90.5,91,97,98",18.5,88.01,104.11,JiaXipera МM1110Y,43,1
420,420100154549483840420,"84.5,83,83.5,85,87,89,92,93.5",17.6,86.49,102.61,JiaXipera МM1110Y,43,1
420,420100154549348330420,"80,80.5,85.5,86.5,88.5,91,94,93.5",17.1,85.65,101.77,JiaXipera МM1110Y,43,1
420,420100154549483880420,"85,85.5,86.5,90,91,94,94.5,93.5,95",16.5,84.64,100.78,JiaXipera МM1110Y,43,1
420,420100154549476530420,"81,82.5,84.5,85.5,88,89,88",16.8,85.15,101.28,JiaXipera МM1110Y,43,1
420,420100154549476920420,"84.5,86.5,90,93,97,100,102,102.5",19.5,89.69,105.77,JiaXipera МM1110Y,43,1
420,420100154549474550420,"83,82,86,88.5,91.5,93.5,94.5,95.5",18.3,87.67,103.77,JiaXipera МM1110Y,43,1
420,420100154549349190420,"80.5,83.5,85.5,86.5,87,89,92,91.5",15.0,82.12,98.28,JiaXipera МM1110Y,43,1
420,420100154549638320420,"87.5,88.5,92,94,97.5,102,104.5",20.2,90.87,106.94,JiaXipera МM1110Y,43,1
420,420100154549481030420,"83.5,82.5,83,86.5,87,88,88.5,92.5,94.5",18.0,87.17,103.27,JiaXipera МM1110Y,43,1
420,420100154549482620420,"79.5,80,81.5,86.5,88,90,91.5,92.5",17.7,86.66,102.77,JiaXipera МM1110Y,43,1
420,420100154549483200420,"83,83.5,85,89.5,89,90.5,92,92.5,93.5",17.1,85.65,101.77,JiaXipera МM1110Y,43,1
420,420100154549554800420,"84,86,88,90,92,94,96,95.5",18.5,88.01,104.11,JiaXipera МM1110Y,43,1
420,420100154549487080420,"83.5,84.5,87,87.5,92,91.5,93,92",18.2,87.5,103.61,JiaXipera МM1110Y,43,1
420,420100154549486310420,"83.5,84,86,89,90.5,91.5,90.5",18.5,88.01,104.11,JiaXipera МM1110Y,43,1
420,420100154549478100420,"83.5,83,88,91.5,94.5,95",18.9,88.68,104.77,JiaXipera МM1110Y,43,1
420,420100154549555250420,"82.5,84.5,87.5,91,93.5,97,99.5,98.5",18.8,88.51,104.61,JiaXipera МM1110Y,43,1
420,420100154549475220420,"82,79.5,83,85,86,88,89.5,93,91.5",18.3,87.67,103.77,JiaXipera МM1110Y,43,1
420,420100154549639480420,"86,87.5,90.5,92,93.5,95.5,97,97.5",20.8,91.88,107.94,JiaXipera МM1110Y,43,1
420,420100154549552980420,"83.5,84,88,91,92.5,95.5,97,99,98.5",19.8,90.19,106.27,JiaXipera МM1110Y,43,1
420,420100154549487150420,"84.5,86,88.5,89.5,92.5,93.5,94.5,95",18.0,87.17,103.27,JiaXipera МM1110Y,43,1
420,420100154549348570420,"0.5,0.5,96.5,92.5,88.5,86.5",16.9,85.31,101.44,JiaXipera МM1110Y,43,1
420,420100154549479770420,"84.5,83.5,87.5,86.5,89,91.5,93.5,92.5,94.5,95,95.5",18.4,87.84,103.94,JiaXipera МM1110Y,43,1
420,420100154549485400420,"82,82.5,85.5,89.5,90.5,92.5,93.5,97,98",19.4,89.52,105.6,JiaXipera МM1110Y,43,1
420,420100154549478910420,"82,84,86,89,93.5,94.5,95",18.7,88.34,104.44,JiaXipera МM1110Y,43,1
420,420100154549480580420,"84,85,87.5,90.5,93,95.5,98,99",17.4,86.16,102.27,JiaXipera МM1110Y,43,1
420,420100154549348700420,"81,83,84.5,88,90.5,92,92.5,92",16.4,84.47,100.61,JiaXipera МM1110Y,43,1
420,420100154549475910420,"79,79.5,81,84,86,88.5,91,90",17.3,85.99,102.11,JiaXipera МM1110Y,43,1
420,420100154549481600420,"82,80,83.5,82,83.5,85.5,87,86.5,88.5,90.5",17.3,85.99,102.11,JiaXipera МM1110Y,43,1
420,420100154549483280420,"80.5,82.5,84,86.5,88.5,89.5,92,91",17.0,85.48,101.61,JiaXipera МM1110Y,43,1
420,420100154549474800420,"86.5,86,87,90,93,95,96,96.5",18.5,88.01,104.11,JiaXipera МM1110Y,43,1
420,420100154549475880420,"81,79,81.5,84.5,87,88,91.5,92.5",17.4,86.16,102.27,JiaXipera МM1110Y,43,1
420,420100154549479490420,"84,83,84.5,86,90,92.5,92",18.7,88.34,104.44,JiaXipera МM1110Y,43,1
420,420100154549348770420,"81,82,82.5,84.5,86.5,88,90,89",16.4,84.47,100.61,JiaXipera МM1110Y,43,1
420,420100154549479300420,"87,85.5,88,88.5,91,93,94,94.5,96.5",18.7,88.34,104.44,JiaXipera МM1110Y,43,1
420,420100154549479890420,"83,83.5,85.5,87,89,91,90.5",18.1,87.33,103.44,JiaXipera МM1110Y,43,1
420,420100154549478460420,"80.5,80,82.5,84.5,85.5,87,90.5,92.5,93.5,95,95.5,97",19.3,89.35,105.44,JiaXipera МM1110Y,43,1
420,420100154549479550420,"82.5,83.5,84.5,88,90.5,94,95,96",18.4,87.84,103.94,JiaXipera МM1110Y,43,1
420,420100154549487010420,"85,88.5,91.5,90.5,94.5,95.5,97,96",18.7,88.34,104.44,JiaXipera МM1110Y,43,1
420,420100154549474990420,"84,86,86.5,87.5,89.5,91,93.5,90",17.7,86.66,102.77,JiaXipera МM1110Y,43,1
420,420100154549474950420,"85,86.5,87,89.5,94,94.5,95.5,95",17.8,86.83,102.94,JiaXipera МM1110Y,43,1
420,420100154549486560420,"86,85.5,88.5,92,94.5,97,100,99.5",18.5,88.01,104.11,JiaXipera МM1110Y,43,1
420,420100154549483270420,"81.5,77.5,82.5,83,84.5,86.5,89.5,88.5,89",17.0,85.48,101.61,JiaXipera МM1110Y,43,1
420,420100154549555780420,"83.5,84,85.5,86.5,89.5,91,93,95.5",18.4,87.84,103.94,JiaXipera МM1110Y,43,1
420,420100154549477160420,"83.5,86,90,95,97.5,100,102,101",19.2,89.18,105.27,JiaXipera МM1110Y,43,1
420,420100154549485950420,"82.5,82,85.5,88.5,89.5,92,93,93.5",19.0,88.85,104.94,JiaXipera МM1110Y,43,1
420,420100154549480690420,"82.5,83,84,85,88.5,90.5,91,90.5,92",17.4,86.16,102.27,JiaXipera МM1110Y,43,1
420,420100154549477790420,"86,84,87,89,92,95,96.5,99,98.5,99",18.9,88.68,104.77,JiaXipera МM1110Y,43,1
420,420100154549553760420,"83,82,84.5,87.5,90,91.5,94.5,95",17.9,87.0,103.11,JiaXipera МM1110Y,43,1
420,420100154549484640420,"83,82.5,84.5,86.5,87.5,90,89",16.6,84.81,100.94,JiaXipera МM1110Y,43,1
420,420100154549348450420,"81.5,82.5,84,86.5,88,90.5,93,92.5",17.0,85.48,101.61,JiaXipera МM1110Y,43,1
420,420100154549481610420,"83.5,83,85,86.5,89,90.5,91.5",17.2,85.82,101.94,JiaXipera МM1110Y,43,1
420,420100154549474900420,"83.5,85.5,87.5,89,91,91.5,92",17.8,86.83,102.94,JiaXipera МM1110Y,43,1
420,420100154549483350420,"81,82.5,85.5,89,90.5,93.5,95,94",17.2,85.82,101.94,JiaXipera МM1110Y,43,1
420,420100154549477600420,"80,82.5,84.5,89,92,94.5,96.5,95.5",19.2,89.18,105.27,JiaXipera МM1110Y,43,1
420,420100154549348600420,"79.5,81,85,86.5,88.5,90,93,92",16.7,84.98,101.11,JiaXipera МM1110Y,43,1
420,420100154549474940420,"87,89,90,91.5,94.5,95,97,96",17.7,86.66,102.77,JiaXipera МM1110Y,43,1
420,420100154549476330420,"85,84.5,87,87.5,88,92.5,91.5,91",16.9,85.31,101.44,JiaXipera МM1110Y,43,1
420,420100154549554560420,"83.5,81.5,83,86,88,91.5,93.5,93",17.3,85.99,102.11,JiaXipera МM1110Y,43,1
420,420100154549348850420,"79.5,81,82,82.5,84.5,85,85.5",16.3,84.31,100.44,JiaXipera МM1110Y,43,1
420,420100154549639040420,"84,85.5,87.5,91,95,96,98,98.5",21.2,92.55,108.6,JiaXipera МM1110Y,43,1
420,420100154549556830420,"90.5,87.5,90,92,94.5,96.5",18.4,87.84,103.94,JiaXipera МM1110Y,43,1
420,420100154549349210420,"83,82,84.5,86,87.5,90,91,90.5",14.9,81.95,98.11,JiaXipera МM1110Y,43,1
420,420100154549478610420,"81.5,85.5,89,91.5,94,97.5,99,100",19.0,88.85,104.94,JiaXipera МM1110Y,43,1
420,420100154549480420420,"84,83.5,86,89.5,92,94.5,94",17.7,86.66,102.77,JiaXipera МM1110Y,43,1
420,420100154549478270420,"82,84,85.5,87,89,91,93,93.5",18.5,88.01,104.11,JiaXipera МM1110Y,43,1
420,420100154549481520420,"82.5,80.5,85,86,87,89.5,90",17.2,85.82,101.94,JiaXipera МM1110Y,43,1
420,420100154549349360420,"85.5,86.5,87.5,88.5,92,93,91.5",14.3,80.94,97.11,JiaXipera МM1110Y,43,1
420,420100154549348470420,"85,89,93,92.5,94.5,97,95.5",17.2,85.82,101.94,JiaXipera МM1110Y,43,1
420,420100154549638340420,"84.5,86.5,89,93.5,96.5,97.5,99.5,99",20.2,90.87,106.94,JiaXipera МM1110Y,43,1
420,420100154549552560420,"85.5,86.5,90.5,94,96,99.5,99",20.1,90.7,106.77,JiaXipera МM1110Y,43,1
420,420100154549480550420,"81.5,80.5,83,86.5,89.5,91.5,94,92.5",17.4,86.16,102.27,JiaXipera МM1110Y,43,1
420,420100154549483600420,"80.5,82,84.5,85,87,88,91,89.5",16.9,85.31,101.44,JiaXipera МM1110Y,43,1
420,420100154549478820420,"84.5,86,87.5,89.5,92,93.5,95,94.5",18.7,88.34,104.44,JiaXipera МM1110Y,43,1
420,420100154549348590420,"81,82,83,85,88.5,90.5,92,90.5",16.8,85.15,101.28,JiaXipera МM1110Y,43,1
420,420100154549555730420,"82.5,83,84,85.5,88,90.5,92.5,92",18.4,87.84,103.94,JiaXipera МM1110Y,43,1
420,420100154549555290420,"82.5,85.5,90,91.5,95,96.5,96",18.8,88.51,104.61,JiaXipera МM1110Y,43,1
420,420100154549486760420,"79,80,82.5,85,85.5,87,89,89.5",18.4,87.84,103.94,JiaXipera МM1110Y,43,1
420,420100154549348510420,"81.5,77,79,81,81.5,84,87,87.5,88,89.5",16.9,85.31,101.44,JiaXipera МM1110Y,43,1
420,420100154549485900420,"83.5,83,86,86.5,87.5,90,91.5,91",16.6,84.81,100.94,JiaXipera МM1110Y,43,1
420,420100154549349330420,"89,85.5,86,88,89.5,90.5,91,81",14.3,80.94,97.11,JiaXipera МM1110Y,43,1
420,420100154549476870420,"87,87.5,88.5,92,93,96,97,97.5",19.6,89.86,105.94,JiaXipera МM1110Y,43,1
420,420100154549479870420,"83,83.5,86,89.5,90,92,93,95,95.5,96",18.8,88.51,104.61,JiaXipera МM1110Y,43,1
420,420100154549479350420,"79,82,83.5,84,88.5,88,89.5,91,92,93,94.5",19.0,88.85,104.94,JiaXipera МM1110Y,43,1
420,420100154549483850420,"82,84,86.5,87.5,88.5,89.5,92,90",16.6,84.81,100.94,JiaXipera МM1110Y,43,1
420,420100154549475180420,"84,83.5,87,91,93,94,93",18.3,87.67,103.77,JiaXipera МM1110Y,43,1
420,420100154549348610420,"79.5,80,82,81.5,86.5,89,91.5,93,93.5",16.6,84.81,100.94,JiaXipera МM1110Y,43,1
420,420100154549348650420,"79.5,83.5,85,86.5,89,90,91",16.5,84.64,100.78,JiaXipera МM1110Y,43,1
420,420100154549478680420,"81,81.5,83.5,88,89,90.5,93.5,94,94.5",18.9,88.68,104.77,JiaXipera МM1110Y,43,1
420,420100154549477310420,"89,90.5,92.5,94.5,97,97.5,98.5,99.5,100.5,101,100.5",19.2,89.18,105.27,JiaXipera МM1110Y,43,1
420,420100154549479420420,"84.5,85,87,88,91.5,95.5,97,99.5,99,100",18.8,88.51,104.61,JiaXipera МM1110Y,43,1
420,420100154549478160420,"87,88,90,92,94,95,97.5,97",18.8,88.51,104.61,JiaXipera МM1110Y,43,1
420,420100154549475320420,"82,87.5,89.5,92.5,93.5,95.5,96",17.9,87.0,103.11,JiaXipera МM1110Y,43,1
420,420100154549353770420,"85.5,84,86.5,87.5,89.5,90,91.5,92.5",16.4,84.47,100.61,JiaXipera МM1110Y,43,1
420,420100154549481390420,"79,80,83,84.5,87,89,92.5,92",17.4,86.16,102.27,JiaXipera МM1110Y,43,1
420,420100154549486720420,"85.5,86.5,87.5,88,89,91,93.5,91.5,93",18.5,88.01,104.11,JiaXipera МM1110Y,43,1
420,420100154549483010420,"85,88,90,92,93,92.5",17.3,85.99,102.11,JiaXipera МM1110Y,43,1
420,420100154549485520420,"83,85.5,88,89,91,91.5,91,93,93.5",19.2,89.18,105.27,JiaXipera МM1110Y,43,1
420,420100154549475650420,"85.5,88,89,92.5,93,94,93.5",17.3,85.99,102.11,JiaXipera МM1110Y,43,1
420,420100154549485860420,"87,89,90.5,93,94.5,96,96.5",19.3,89.35,105.44,JiaXipera МM1110Y,43,1
420,420100154549555100420,"80.5,82.5,83,85,86.5,88,90.5,89",15.9,83.63,99.78,JiaXipera МM1110Y,43,1
420,420100154549479290420,"81.5,81,85.5,89.5,91,93.5,96,95.5,96",19.0,88.85,104.94,JiaXipera МM1110Y,43,1
420,420100154549481110420,"79.5,80.5,83,85.5,88,90,92,92.5",17.7,86.66,102.77,JiaXipera МM1110Y,43,1
420,420100154549476080420,"87.5,89,93.5,95.5,98.5,99,97",17.7,86.66,102.77,JiaXipera МM1110Y,43,1
420,420100154549482310420,"83.5,81,80.5,83.5,86.5,88,88.5,90,91",17.0,85.48,101.61,JiaXipera МM1110Y,43,1
420,420100154549477030420,"86,88,92,96,98,102,105,103.5",19.4,89.52,105.6,JiaXipera МM1110Y,43,1
420,420100154549475850420,"80,79.5,82.5,87,89.5,91,92.5",17.3,85.99,102.11,JiaXipera МM1110Y,43,1
420,420100154549556200420,"87.5,85.5,87,90,91,93.5,95.5,96",18.8,88.51,104.61,JiaXipera МM1110Y,43,1
420,420100154549486370420,"87,86,89.5,91.5,95.5,95,97.5,96.5",18.7,88.34,104.44,JiaXipera МM1110Y,43,1
420,420100154549486320420,"82.5,85.5,88,89.5,90,93,92",18.5,88.01,104.11,JiaXipera МM1110Y,43,1
420,420100154549486180420,"87.5,89.5,89,93,96,97,98,97",18.9,88.68,104.77,JiaXipera МM1110Y,43,1
420,420100154549348710420,"81.5,82,84.5,87,89.5,90.5,92.5,92",16.5,84.64,100.78,JiaXipera МM1110Y,43,1
420,420100154549477930420,"87,88.5,90,92,94.5,97,99,98",18.8,88.51,104.61,JiaXipera МM1110Y,43,1
420,420100154549554320420,"82,84,84.5,88,91,93.5,94,93",17.1,85.65,101.77,JiaXipera МM1110Y,43,1
420,420100154549478950420,"84,81.5,84.5,87.5,91.5,92.5,94.5,94",18.7,88.34,104.44,JiaXipera МM1110Y,43,1
420,420100154549476300420,"79,83.5,85,86.5,89.5,91,91.5,92",16.9,85.31,101.44,JiaXipera МM1110Y,43,1
420,420100154549481830420,"84.5,79,85,86,87,89,92.5,89.5,92.5,93.5,94,95",17.8,86.83,102.94,JiaXipera МM1110Y,43,1
420,420100154549487340420,"85,86,89.5,90.5,94,95.5,97.5,96.5",18.1,87.33,103.44,JiaXipera МM1110Y,43,1
420,420100154549476810420,"83,85,90,90.5,94.5,99,100,98",19.6,89.86,105.94,JiaXipera МM1110Y,43,1
420,420100154549476570420,"80.5,81.5,83.5,85.5,87,88,89,88.5",16.7,84.98,101.11,JiaXipera МM1110Y,43,1
420,420100154549639330420,"86.5,87,89,91,94.5,96.5,99,98.5",20.9,92.05,108.1,JiaXipera МM1110Y,43,1
420,420100154549476420420,"78,90",16.8,85.15,101.28,JiaXipera МM1110Y,43,1
420,420100154549553190420,"83,83.5,85,86.5,87.5,89.5,91,94,95",19.5,89.69,105.77,JiaXipera МM1110Y,43,1
420,420100154549349610420,"89,88.5,89,91,92.5,93,95.5,94.5",15.0,82.12,98.28,JiaXipera МM1110Y,43,1
420,420100154549553070420,"86,88.5,88,90,91,94.5,96,97.5",20.0,90.53,106.6,JiaXipera МM1110Y,43,1
420,420100154549479400420,"82.5,83,85.5,90.5,91.5,94.5,97.5,96.5",18.9,88.68,104.77,JiaXipera МM1110Y,43,1
420,420100154549481900420,"83,84,87,89.5,93.5,96,95,97.5,98.5",17.7,86.66,102.77,JiaXipera МM1110Y,43,1
420,420100154549349070420,"86.5,86,88.5,90,91,93,94,93",15.4,82.79,98.94,JiaXipera МM1110Y,43,1
420,420100154549481000420,"83.5,80,83,85.5,87.5,89.5,93,94,95,96.5,98.5",18.0,87.17,103.27,JiaXipera МM1110Y,43,1
420,420100154549475890420,"79.5,77,80,80.5,84,86,89.5,90",17.3,85.99,102.11,JiaXipera МM1110Y,43,1
420,420100154549478980420,"85.5,83.5,86,87,90.5,91,92,93,94",18.7,88.34,104.44,JiaXipera МM1110Y,43,1
420,420100154549348790420,"81,83,83.5,83,87.5,87,88.5,89",16.4,84.47,100.61,JiaXipera МM1110Y,43,1
420,420100154549555280420,"84,86,89.5,92,94.5,96.5,97",18.8,88.51,104.61,JiaXipera МM1110Y,43,1
420,420100154549485110420,"85.5,85,87.5,89.5,91.5,93,95.5,95",19.3,89.35,105.44,JiaXipera МM1110Y,43,1
420,420100154549477220420,"82.5,81,85.5,87.5,90,94.5,95,96.5",19.1,89.02,105.11,JiaXipera МM1110Y,43,1
420,420100154549474740420,"82,84.5,86,89,89.5,90.5,91",18.1,87.33,103.44,JiaXipera МM1110Y,43,1
420,420100154549479590420,"81,85.5,89,91.5,93.5,95,96",18.5,88.01,104.11,JiaXipera МM1110Y,43,1
420,420100154549480140420,"86,88,89,90,93.5,95,95.5,94.5",18.6,88.18,104.27,JiaXipera МM1110Y,43,1
420,420100154549484560420,"82,83.5,85,86,89,91,92,90.5",16.5,84.64,100.78,JiaXipera МM1110Y,43,1
420,420100154549552140420,"89.5,87.5,93,93.5,96.5,98.5,99.5,100.5",20.5,91.37,107.44,JiaXipera МM1110Y,43,1
420,420100154549478330420,"88.5,91,92.5,94.5,96,96.5,97",18.7,88.34,104.44,JiaXipera МM1110Y,43,1
420,420100154549474620420,"87,88,86.5,90,92,94,96,95.5",17.8,86.83,102.94,JiaXipera МM1110Y,43,1
420,420100154549554150420,"83.5,83,85.5,87,88,90,90.5,90",17.3,85.99,102.11,JiaXipera МM1110Y,43,1
420,420100154549476640420,"78.5,78,81,82,82.5,85.5,87,88",16.7,84.98,101.11,JiaXipera МM1110Y,43,1
420,420100154549481020420,"81.5,81,83,86.5,89,91.5,94,92.5",17.8,86.83,102.94,JiaXipera МM1110Y,43,1
420,420100154549480370420,"83,86.5,88.5,90.5,94,96,96.5,95.5",17.8,86.83,102.94,JiaXipera МM1110Y,43,1
420,420100154549480740420,"81.5,82,84,84.5,85.5,87.5,88,89.5,88.5",17.4,86.16,102.27,JiaXipera МM1110Y,43,1
420,420100154549479250420,"86.5,87,89.5,91,93,93.5,96.5,96",18.6,88.18,104.27,JiaXipera МM1110Y,43,1
420,420100154549485560420,"84.5,84,88.5,88,92,93.5,94.5,94",19.2,89.18,105.27,JiaXipera МM1110Y,43,1
420,420100154549474720420,"82.5,82,86.5,87.5,91.5,94.5,95.5,96",17.9,87.0,103.11,JiaXipera МM1110Y,43,1
420,420100154549486570420,"85,86,90,93.5,96,99,99.5,100",18.5,88.01,104.11,JiaXipera МM1110Y,43,1
420,420100154549348360420,"86,86.5,88,90,92.5,94,95,94",17.1,85.65,101.77,JiaXipera МM1110Y,43,1
420,420100154549475200420,"84.5,87,89,91.5,96,97,96.5",18.3,87.67,103.77,JiaXipera МM1110Y,43,1
420,420100154549478230420,"85.5,86,87.5,88.5,91.5,95,95.5,93",18.5,88.01,104.11,JiaXipera МM1110Y,43,1
420,420100154549477120420,"84.5,86,90.5,92.5,96,98,101.5,102",19.3,89.35,105.44,JiaXipera МM1110Y,43,1
420,420100154549474790420,"83.5,82.5,84.5,86.5,88,90.5,91,90",17.8,86.83,102.94,JiaXipera МM1110Y,43,1
420,420100154549477350420,"80,79.5,83,85,87,88,89",17.0,85.48,101.61,JiaXipera МM1110Y,43,1
420,420100154549475570420,"84.5,87,90.5,91,93.5,96,97.5,97",17.4,86.16,102.27,JiaXipera МM1110Y,43,1
420,420100154549478140420,"85,84,87,89.5,90.5,93,94,93",18.9,88.68,104.77,JiaXipera МM1110Y,43,1
420,420100154549553310420,"84.5,87,89,92.5,95.5,100.5,101.5,101",18.9,88.68,104.77,JiaXipera МM1110Y,43,1
420,420100154549478650420,"79,83,85,88,90,91.5,93,94.5",18.9,88.68,104.77,JiaXipera МM1110Y,43,1
420,420100154549474710420,"82.5,85,85.5,88.5,91,93,94,93",18.3,87.67,103.77,JiaXipera МM1110Y,43,1
420,420100154549474760420,"86,85,87.5,90,90.5,94,94.5,95",18.1,87.33,103.44,JiaXipera МM1110Y,43,1
420,420100154549474810420,"84.5,87.5,91,93,95.5,96.5,97,98.5",17.9,87.0,103.11,JiaXipera МM1110Y,43,1
420,420100154549478770420,"83.5,87.5,90.5,91,94,94.5,95",18.8,88.51,104.61,JiaXipera МM1110Y,43,1
420,420100154549476040420,"82,85.5,86,87,89,91,92.5,92",18.1,87.33,103.44,JiaXipera МM1110Y,43,1
420,420100154549554870420,"81.5,84,85.5,88,89.5,88.5",16.4,84.47,100.61,JiaXipera МM1110Y,43,1
420,420100154549348920420,"83.5,83,84,85,88,89,90,91",16.1,83.97,100.11,JiaXipera МM1110Y,43,1
420,420100154549479540420,"82,86,88,90,94.5,95.5,96.5",18.5,88.01,104.11,JiaXipera МM1110Y,43,1
420,420100154549476260420,"84.5,88.5,90.5,93,94.5,96",18.2,87.5,103.61,JiaXipera МM1110Y,43,1
420,420100154549479090420,"84.5,83.5,85.5,87,90,93,94.5,92.5",18.8,88.51,104.61,JiaXipera МM1110Y,43,1
420,420100154549349340420,"87,86.5,88,88.5,90,91,92,91",14.6,81.44,97.61,JiaXipera МM1110Y,43,1
420,420100154549474830420,"85.5,86.5,88,90.5,92.5,93,92.5,92",18.2,87.5,103.61,JiaXipera МM1110Y,43,1
420,420100154549479240420,"80,79,81.5,82.5,83.5,85.5,85,86.5",17.1,85.65,101.77,JiaXipera МM1110Y,43,1
420,420100154549482430420,"81.5,81,83,84.5,86,84,87.5,89,88.5,89.5",16.9,85.31,101.44,JiaXipera МM1110Y,43,1
420,420100154549474840420,"81.5,80.5,83,86.5,91,92,93.5,94",17.8,86.83,102.94,JiaXipera МM1110Y,43,1
420,420100154549483860420,"81,83,85.5,87,88.5,90.5,92.5,93",16.6,84.81,100.94,JiaXipera МM1110Y,43,1
420,420100154549480380420,"84.5,86,87,89,90,91,92,93.5,94,95.5",17.8,86.83,102.94,JiaXipera МM1110Y,43,1
420,420100154549639490420,"84.5,84,86.5,89,89.5,92.5,93.5,95,96,97",20.5,91.37,107.44,JiaXipera МM1110Y,43,1
420,420100154549485720420,"85,87,90,92.5,94,96.5,95.5",19.3,89.35,105.44,JiaXipera МM1110Y,43,1
420,420100154549477340420,"80.5,82,84.5,85.5,86,88,87.5",17.0,85.48,101.61,JiaXipera МM1110Y,43,1
420,420100154549474870420,"83.5,85.5,88,91,92.5,94,93.5",17.8,86.83,102.94,JiaXipera МM1110Y,43,1
420,420100154549474890420,"82,82.5,84.5,85.5,87.5,90,90.5,90",17.8,86.83,102.94,JiaXipera МM1110Y,43,1
420,420100154549553140420,"87.5,89.5,91.5,93.5,95,98,100,99",19.5,89.69,105.77,JiaXipera МM1110Y,43,1
420,420100154549348550420,"78.5,80.5,85,85.5,87,89,92,91.5",16.8,85.15,101.28,JiaXipera МM1110Y,43,1
420,420100154549480710420,"82,81.5,84.5,87,89.5,90,91,90",17.3,85.99,102.11,JiaXipera МM1110Y,43,1
420,420100154549476070420,"83.5,84.5,86.5,88,90.5,92.5,94,93.5",17.1,85.65,101.77,JiaXipera МM1110Y,43,1
420,420100154549348880420,"80,81.5,82.5,85,87,86.5",16.2,84.14,100.28,JiaXipera МM1110Y,43,1
420,420100154549554940420,"80,78,81,85,86,88.5,91,90.5",16.2,84.14,100.28,JiaXipera МM1110Y,43,1
420,420100154549474910420,"83.5,84.5,86,88.5,90.5,92,94.5,93",17.7,86.66,102.77,JiaXipera МM1110Y,43,1
420,420100154549474930420,"84,87.5,86,88,89.5,91,90",17.7,86.66,102.77,JiaXipera МM1110Y,43,1
420,420100154549483180420,"82.5,84,85.5,86.5,88.5,89.5,92.5,92",17.1,85.65,101.77,JiaXipera МM1110Y,43,1
420,420100154549475470420,"84,83.5,87,89,90.5,92.5,93,92.5",17.8,86.83,102.94,JiaXipera МM1110Y,43,1
420,420100154549474960420,"82.5,84.5,87,88,90.5,92.5,91.5",17.9,87.0,103.11,JiaXipera МM1110Y,43,1
420,420100154549474920420,"84.5,88,88.5,91,91.5,90.5",17.7,86.66,102.77,JiaXipera МM1110Y,43,1
420,420100154549474980420,"85,85.5,86.5,87,91,92,95,94",17.7,86.66,102.77,JiaXipera МM1110Y,43,1
420,420100154549639160420,"86,87,89.5,90,90.5,95.5,97,99,100.5,100",21.3,92.72,108.77,JiaXipera МM1110Y,43,1
420,420100154549475140420,"82,85.5,87.5,90.5,94,96,97.5",18.3,87.67,103.77,JiaXipera МM1110Y,43,1
420,420100154549478300420,"86.5,83,82.5,85.5,88,89,91,91.5,93",18.5,88.01,104.11,JiaXipera МM1110Y,43,1
420,420100154549475030420,"82.5,84.5,87.5,88.5,91,95,96.5,95",17.7,86.66,102.77,JiaXipera МM1110Y,43,1
420,420100154549556040420,"85.5,86,89,92,95.5,98.5,100.5,99.5",18.9,88.68,104.77,JiaXipera МM1110Y,43,1
420,420100154549475080420,"87,89,89.5,91,91",18.1,87.33,103.44,JiaXipera МM1110Y,43,1
420,420100154549478090420,"84,84.5,100.5",18.9,88.68,104.77,JiaXipera МM1110Y,43,1
420,420100154549477950420,"83,84,89,89.5,92,94,96,96.5",18.9,88.68,104.77,JiaXipera МM1110Y,43,1
420,420100154549483820420,"82,81,84,85.5,87.5,89,91,87.5",16.5,84.64,100.78,JiaXipera МM1110Y,43,1
420,420100154549556610420,"85.5,89,91.5,93,95,96.5,98.5,97.5",18.1,87.33,103.44,JiaXipera МM1110Y,43,1
420,420100154549486730420,"84.5,85.5,89,91,92.5,93.5,97,95.5",18.5,88.01,104.11,JiaXipera МM1110Y,43,1
420,420100154549349040420,"86,88,91,92.5,94.5,97.5,96",15.6,83.13,99.28,JiaXipera МM1110Y,43,1
420,420100154549475250420,"84.5,85.5,86,88.5,89,91.5,92.5,93",18.2,87.5,103.61,JiaXipera МM1110Y,43,1
420,420100154549485390420,"82,81.5,82.5,85,88,89.5,90.5,91.5",19.4,89.52,105.6,JiaXipera МM1110Y,43,1
420,420100154549476090420,"85,88,91.5,93.5,95,96,94.5",17.9,87.0,103.11,JiaXipera МM1110Y,43,1
420,420100154549479600420,"81.5,83,84.5,86.5,88.5,91,93.5,92.5",18.6,88.18,104.27,JiaXipera МM1110Y,43,1
420,420100154549481560420,"83,83.5,85,85.5,87.5,90.5,89,90,91.5",17.2,85.82,101.94,JiaXipera МM1110Y,43,1
420,420100154549475190420,"81,81.5,83.5,86.5,88.5,92,93,93.5",18.1,87.33,103.44,JiaXipera МM1110Y,43,1
420,420100154549481990420,"80,79,82,86.5,88,91.5,94,95.5",17.5,86.32,102.44,JiaXipera МM1110Y,43,1
420,420100154549477830420,"85.5,84,87.5,90,89.5,94,95,95.5,97,96",18.9,88.68,104.77,JiaXipera МM1110Y,43,1
420,420100154549475210420,"85,86,88,90,93.5,97,98.5,97.5",17.7,86.66,102.77,JiaXipera МM1110Y,43,1
420,420100154549475240420,"84,83,85,88,91,93.5,95,94.5",18.1,87.33,103.44,JiaXipera МM1110Y,43,1
420,420100154549477810420,"84.5,87,88.5,90,92.5,93,95.5,96.5,98.5,99",18.9,88.68,104.77,JiaXipera МM1110Y,43,1
420,420100154549477920420,"86.5,89.5,91.5,94,97.5,99.5,100",18.9,88.68,104.77,JiaXipera МM1110Y,43,1
420,420100154549480530420,"81.5,84,82.5,88,90.5,94,95,96",17.5,86.32,102.44,JiaXipera МM1110Y,43,1
420,420100154549476120420,"84,84.5,86,87,87.5,89.5,92,91",17.1,85.65,101.77,JiaXipera МM1110Y,43,1
420,420100154549475270420,"83.5,84,84.5,89,90,91,93.5,94",18.0,87.17,103.27,JiaXipera МM1110Y,43,1
420,420100154549475510420,"84,84.5,87,88.5,92,93,92.5",18.2,87.5,103.61,JiaXipera МM1110Y,43,1
420,420100154549348380420,"83,85,84,88,88.5,90,91.5,92.5",17.1,85.65,101.77,JiaXipera МM1110Y,43,1
420,420100154549474570420,"85,85.5,88,90.5,92,93,91",18.0,87.17,103.27,JiaXipera МM1110Y,43,1
420,420100154549476140420,"89,87.5,90,92.5,94,94.5,96.5,97.5",17.6,86.49,102.61,JiaXipera МM1110Y,43,1
420,420100154549475410420,"87,88.5,90.5,92.5,95,95.5,97.5,99.5,98.5",17.8,86.83,102.94,JiaXipera МM1110Y,43,1
420,420100154549475520420,"83,85,87.5,91,92,93.5,91,92.5",17.8,86.83,102.94,JiaXipera МM1110Y,43,1
420,420100154549477460420,"85.5,87.5,90.5,92,95.5,97,99.5,99",18.9,88.68,104.77,JiaXipera МM1110Y,43,1
420,420100154549475500420,"83,84.5,86,88.5,90.5,93,94.5,94",17.6,86.49,102.61,JiaXipera МM1110Y,43,1
420,420100154549483360420,"81.5,80.5,83,85.5,86.5,87,89,90.5",17.2,85.82,101.94,JiaXipera МM1110Y,43,1
420,420100154549485990420,"83.5,85.5,88,90.5,94,96.5,99.5,98",18.9,88.68,104.77,JiaXipera МM1110Y,43,1
420,420100154549477690420,"86,87,90,91.5,95.5,96,99,100",19.0,88.85,104.94,JiaXipera МM1110Y,43,1
420,420100154549554710420,"79.5,82,82.5,86.5,88,89.5,93",16.6,84.81,100.94,JiaXipera МM1110Y,43,1
420,420100154549475590420,"79.5,83.5,87,89.5,91.5,93.5,94",17.4,86.16,102.27,JiaXipera МM1110Y,43,1
420,420100154549475340420,"83,84,84.5,87.5,89.5,90.5,93,95,94",17.9,87.0,103.11,JiaXipera МM1110Y,43,1
420,420100154549475460420,"81.5,82.5,85,87,88.5,93,94.5,96,98",17.6,86.49,102.61,JiaXipera МM1110Y,43,1
420,420100154549479330420,"84,83,85,85.5,87.5,89,90,92.5,93.5",19.0,88.85,104.94,JiaXipera МM1110Y,43,1
420,420100154549479360420,"84,85,87.5,89,91.5,96,97,96.5",18.9,88.68,104.77,JiaXipera МM1110Y,43,1
420,420100154549479000420,"84,84.5,86,88,90,92,94,93",18.7,88.34,104.44,JiaXipera МM1110Y,43,1
420,420100154549475260420,"84,84.5,85,87.5,91,93.5,94.5,96,95",18.1,87.33,103.44,JiaXipera МM1110Y,43,1
420,420100154549485980420,"81,83,84.5,86.5,88,91,93,93.5",18.9,88.68,104.77,JiaXipera МM1110Y,43,1
420,420100154549475490420,"83.5,85.5,88.5,91,92.5,95,96.5,99",17.5,86.32,102.44,JiaXipera МM1110Y,43,1
420,420100154549556530420,"85.5,86,88,88.5,90,94,95",18.2,87.5,103.61,JiaXipera МM1110Y,43,1
420,420100154549349410420,"87,86.5,87.5,89.5,90.5,91,94,93",14.3,80.94,97.11,JiaXipera МM1110Y,43,1
420,420100154549475580420,"87.5,85,88,92.5,94,98,97.5,98",17.4,86.16,102.27,JiaXipera МM1110Y,43,1
420,420100154549483460420,"80.5,79.5,86.5,87.5,89,92,93.5,94",16.9,85.31,101.44,JiaXipera МM1110Y,43,1
420,420100154549475550420,"81.5,82,84.5,87,89.5,90.5,93,93.5",17.4,86.16,102.27,JiaXipera МM1110Y,43,1
420,420100154549478690420,"86.5,86,87.5,90,92,94.5,96,97.5",18.9,88.68,104.77,JiaXipera МM1110Y,43,1
420,420100154549475560420,"83,82,86.5,88.5,90.5,93.5,96,98",17.4,86.16,102.27,JiaXipera МM1110Y,43,1
420,420100154549480240420,"81,81.5,84.5,87.5,90,91.5,91",18.0,87.17,103.27,JiaXipera МM1110Y,43,1
420,420100154549475980420,"81,79,85,85.5,87,90,92.5,92",17.1,85.65,101.77,JiaXipera МM1110Y,43,1
420,420100154549475950420,"85,86,86.5,89,91,94,97,96",17.4,86.16,102.27,JiaXipera МM1110Y,43,1
420,420100154549484740420,"85.5,83.5,87,88,89.5,91.5,92.5,92",16.3,84.31,100.44,JiaXipera МM1110Y,43,1
420,420100154549349170420,"83.5,84,88,89.5,92,94,96,95.5",15.0,82.12,98.28,JiaXipera МM1110Y,43,1
420,420100154549475660420,"85.5,85,87.5,89,91,93,95.5,93.5",17.3,85.99,102.11,JiaXipera МM1110Y,43,1
420,420100154549479900420,"89.5,92,90,93.5,94,95,96,95.5,96.5",18.1,87.33,103.44,JiaXipera МM1110Y,43,1
420,420100154549475970420,"80,81.5,83.5,86,89,91.5,92.5,91.5",17.2,85.82,101.94,JiaXipera МM1110Y,43,1
420,420100154549349690420,"83.5,84,85,86,87,88.5,88",14.3,80.94,97.11,JiaXipera МM1110Y,43,1
420,420100154549484620420,"82.5,81.5,82,83,84.5,86.5,89.5,89",16.7,84.98,101.11,JiaXipera МM1110Y,43,1
420,420100154549475640420,"84,85,86,89.5,91.5,94.5,96.5,97.5,95",17.9,87.0,103.11,JiaXipera МM1110Y,43,1
420,420100154549478190420,"86,87,90.5,91,92.5,93.5,94,93.5",18.7,88.34,104.44,JiaXipera МM1110Y,43,1
420,420100154549478060420,"85,87.5,89,92,94,93.5,95,96,97,99",18.9,88.68,104.77,JiaXipera МM1110Y,43,1
420,420100154549485060420,"86,86.5,89,92.5,96,97,96.5",19.3,89.35,105.44,JiaXipera МM1110Y,43,1
420,420100154549475680420,"84,86.5,87,89,92.5,92,91.5",17.2,85.82,101.94,JiaXipera МM1110Y,43,1
420,420100154549554520420,"80.5,81,83.5,86,86.5,89,90,91.5",17.1,85.65,101.77,JiaXipera МM1110Y,43,1
420,420100154549478890420,"85,88,89,89.5,92,93,92.5",18.8,88.51,104.61,JiaXipera МM1110Y,43,1
420,420100154549479640420,"84,85,89,91,93,95.5,97,98",18.6,88.18,104.27,JiaXipera МM1110Y,43,1
420,420100154549475960420,"85,86.5,89,92,93.5,95,94.5",18.1,87.33,103.44,JiaXipera МM1110Y,43,1
420,420100154549349050420,"84.5,84,86,87,87.5,90,90.5",16.0,83.8,99.94,JiaXipera МM1110Y,43,1
420,420100154549477910420,"84,84.5,88.5,92,95,97,98.5,97",18.8,88.51,104.61,JiaXipera МM1110Y,43,1
420,420100154549478940420,"82,81.5,85.5,88,89,91,94,95,96,97.5,96.5",18.7,88.34,104.44,JiaXipera МM1110Y,43,1
420,420100154549477660420,"86.5,82,85.5,89.5,90,93.5,97,98,99,101",19.1,89.02,105.11,JiaXipera МM1110Y,43,1
420,420100154549482000420,"84.5,85.5,87.5,89.5,92,93,93.5,94.5,96.5,97.5",17.7,86.66,102.77,JiaXipera МM1110Y,43,1
420,420100154549349220420,"84.5,83.5,86,88,90,91.5,91",15.1,82.29,98.44,JiaXipera МM1110Y,43,1
420,420100154549477050420,"83.5,85.5,90,93.5,96,99.5,101.5,102.5",19.5,89.69,105.77,JiaXipera МM1110Y,43,1
420,420100154549482300420,"79,82.5,83,85.5,87,88.5,89.5,92.5,93.5",17.0,85.48,101.61,JiaXipera МM1110Y,43,1
420,420100154549479530420,"82,82.5,86.5,89,91.5,93,96,97",18.4,87.84,103.94,JiaXipera МM1110Y,43,1
420,420100154549348960420,"83,81,82.5,83.5,85,86.5,88,88.5",16.4,84.47,100.61,JiaXipera МM1110Y,43,1
420,420100154549475930420,"85,86.5,89,91.5,94.5,95.5,98.5,97",17.4,86.16,102.27,JiaXipera МM1110Y,43,1
420,420100154549477200420,"79.5,85,85.5,89.5,92,94,96.5,99,98",19.2,89.18,105.27,JiaXipera МM1110Y,43,1
420,420100154549485500420,"85.5,87.5,90.5,92.5,95,97.5,95.5",19.3,89.35,105.44,JiaXipera МM1110Y,43,1
420,420100154549483480420,"82.5,83.5,86.5,88,91.5,90.5,93.5,92.5",17.0,85.48,101.61,JiaXipera МM1110Y,43,1
420,420100154549349740420,"81,79,81,80.5,84,86.5,87",16.4,84.47,100.61,JiaXipera МM1110Y,43,1
420,420100154549476220420,"82,81,84.5,86.5,88,91,89.5",17.2,85.82,101.94,JiaXipera МM1110Y,43,1
420,420100154549555030420,"86.5,81.5,85.5,84,86.5,87,89,88.5",16.0,83.8,99.94,JiaXipera МM1110Y,43,1
420,420100154549478620420,"85,86.5,90,91.5,93.5,95,95.5",18.9,88.68,104.77,JiaXipera МM1110Y,43,1
420,420100154549479560420,"81.5,83.5,87.5,88,91.5,92,91.5",18.4,87.84,103.94,JiaXipera МM1110Y,43,1
420,420100154549479620420,"83.5,84,88,90.5,93,94.5,96.5,95.5",18.6,88.18,104.27,JiaXipera МM1110Y,43,1
420,420100154549475740420,"82,80.5,81.5,83.5,86,86.5,89,88.5",17.2,85.82,101.94,JiaXipera МM1110Y,43,1
420,420100154549482730420,"86,79.5,87.5,89.5,92,94,96.5,97",17.2,85.82,101.94,JiaXipera МM1110Y,43,1
420,420100154549476310420,"81.5,81,83.5,86,87.5,90.5,92,92.5",16.9,85.31,101.44,JiaXipera МM1110Y,43,1
420,420100154549479660420,"85,86,92.5,95,97,97.5",18.5,88.01,104.11,JiaXipera МM1110Y,43,1
420,420100154549479680420,"83.5,85,88.5,90.5,93,92.5,96,95.5",18.6,88.18,104.27,JiaXipera МM1110Y,43,1
420,420100154549481050420,"83.5,81.5,83,84.5,85.5,89.5,90.5,91.5,92.5",18.0,87.17,103.27,JiaXipera МM1110Y,43,1
420,420100154549555870420,"83.5,83,85,86,88,89.5,90.5,91,91.5",18.2,87.5,103.61,JiaXipera МM1110Y,43,1
420,420100154549479310420,"87.5,83.5,86,87,89,93,94,96,97,99.5,101.5",19.0,88.85,104.94,JiaXipera МM1110Y,43,1
420,420100154549483630420,"82,81.5,84.5,86,89.5,89,89.5",16.8,85.15,101.28,JiaXipera МM1110Y,43,1
420,420100154549487450420,"90.5,92.5,91,90.5,91,90",17.1,85.65,101.77,JiaXipera МM1110Y,43,1
420,420100154549475430420,"85.5,86.5,88,90.5,92.5,96.5,97",17.8,86.83,102.94,JiaXipera МM1110Y,43,1
420,420100154549479650420,"83.5,83,90,90.5,93,95.5,96.5",18.5,88.01,104.11,JiaXipera МM1110Y,43,1
420,420100154549479720420,"81.5,83,86,87.5,89.5,91,93.5,95,96,97",18.5,88.01,104.11,JiaXipera МM1110Y,43,1
420,420100154549477590420,"86,85.5,86.5,88.5,91.5,95.5,97.5,100,101,100.5",19.2,89.18,105.27,JiaXipera МM1110Y,43,1
420,420100154549480390420,"82,85,88,89,90.5,92.5,94",17.8,86.83,102.94,JiaXipera МM1110Y,43,1
420,420100154549638310420,"85,89.5,91.5,94,96.5,98.5,100,99.5",20.4,91.2,107.27,JiaXipera МM1110Y,43,1
420,420100154549484990420,"81.5,84.5,88.5,92.5,95.5,99.5,101.5,104.5",19.3,89.35,105.44,JiaXipera МM1110Y,43,1
420,420100154549479750420,"84.5,86,89,94,97,96.5,98,100.5,102",18.5,88.01,104.11,JiaXipera МM1110Y,43,1
420,420100154549639130420,"83.5,86,88,90.5,92,95.5,96.5,96",21.2,92.55,108.6,JiaXipera МM1110Y,43,1
420,420100154549479760420,"82,79.5,88,90,93.5,96,99,100.5",18.4,87.84,103.94,JiaXipera МM1110Y,43,1
420,420100154549479780420,"85.5,86.5,88.5,89.5,91.5,92.5,93,94.5,95.5",18.5,88.01,104.11,JiaXipera МM1110Y,43,1
420,420100154549482140420,"79,84,85.5,87.5,91,94.5,94",17.4,86.16,102.27,JiaXipera МM1110Y,43,1
420,420100154549479800420,"84.5,86,91.5,92,92.5,93,93.5",18.4,87.84,103.94,JiaXipera МM1110Y,43,1
420,420100154549476770420,"87,88.5,95,98,100,102.5,103,104.5",19.6,89.86,105.94,JiaXipera МM1110Y,43,1
420,420100154549485330420,"83.5,85.5,89,92,94.5,96,98.5,99",19.4,89.52,105.6,JiaXipera МM1110Y,43,1
420,420100154549479820420,"85,85.5,88.5,90.5,91.5,93.5,95.5",18.2,87.5,103.61,JiaXipera МM1110Y,43,1
420,420100154549554010420,"83.5,85.5,86.5,90,91,93.5,94,93",17.6,86.49,102.61,JiaXipera МM1110Y,43,1
420,420100154549479850420,"86.5,87,90.5,92.5,95.5,95,95.5,97,98",18.2,87.5,103.61,JiaXipera МM1110Y,43,1
420,420100154549479980420,"82.5,85,84.5,87.5,88,89,90,92.5",18.1,87.33,103.44,JiaXipera МM1110Y,43,1
420,420100154549480040420,"84.5,90,89,90.5,92.5,93.5,92.5",18.6,88.18,104.27,JiaXipera МM1110Y,43,1
420,420100154549478510420,"84.5,86.5,88.5,89.5,91.5,93.5,95,98",19.2,89.18,105.27,JiaXipera МM1110Y,43,1
420,420100154549482410420,"81.5,83,84.5,86,88,90.5,91,93.5",16.9,85.31,101.44,JiaXipera МM1110Y,43,1
420,420100154549556170420,"86.5,87,88.5,90.5,93.5,95.5,95",18.7,88.34,104.44,JiaXipera МM1110Y,43,1
420,420100154549480050420,"83.5,81,86,87,88.5,90.5,91.5,94,95",18.4,87.84,103.94,JiaXipera МM1110Y,43,1
420,420100154549480080420,"81.5,84,85.5,89,91,93.5,94,96,95.5",18.4,87.84,103.94,JiaXipera МM1110Y,43,1
420,420100154549480090420,"85,83.5,84.5,89.5,91.5,94.5,96,97,96.5",18.3,87.67,103.77,JiaXipera МM1110Y,43,1
420,420100154549480100420,"85,84.5,87.5,88.5,90.5,92.5,93.5,94",18.3,87.67,103.77,JiaXipera МM1110Y,43,1
420,420100154549479840420,"81,84,86,87.5,88.5,91.5,92,93.5,92.5",18.5,88.01,104.11,JiaXipera МM1110Y,43,1
420,420100154549479830420,"83.5,84.5,86.5,89.5,91,93,93.5",18.2,87.5,103.61,JiaXipera МM1110Y,43,1
420,420100154549479160420,"82,84,85.5,86,88,91,93.5,94.5,97",18.6,88.18,104.27,JiaXipera МM1110Y,43,1
420,420100154549485230420,"82,84.5,88.5,92.5,94,95.5,97,96.5,98.5",19.3,89.35,105.44,JiaXipera МM1110Y,43,1
420,420100154549480110420,"84.5,85,87,89,91,92,92.5",18.4,87.84,103.94,JiaXipera МM1110Y,43,1
420,420100154549480160420,"82,82.5,86,87.5,89,89.5,90.5,92,91.5",18.2,87.5,103.61,JiaXipera МM1110Y,43,1
420,420100154549480170420,"83,81,83,87,88.5,92,93,94.5,96",18.2,87.5,103.61,JiaXipera МM1110Y,43,1
420,420100154549481860420,"83.5,85.5,86.5,89.5,91.5,94.5,95,97.5",17.8,86.83,102.94,JiaXipera МM1110Y,43,1
420,420100154549480190420,"82.5,85,86.5,88.5,89.5,91.5,92,93,93.5,94.5",18.2,87.5,103.61,JiaXipera МM1110Y,43,1
420,420100154549480310420,"82.5,84,86,87,91,93,93.5,95",17.8,86.83,102.94,JiaXipera МM1110Y,43,1
420,420100154549476110420,"82.5,84,87.5,89,92,94.5,94",17.2,85.82,101.94,JiaXipera МM1110Y,43,1
420,420100154549480200420,"84.5,83.5,85,88,90.5,92,93,94,95,96.5",18.2,87.5,103.61,JiaXipera МM1110Y,43,1
420,420100154549475720420,"86,88,87.5,91,91.5,94.5,92.5",17.3,85.99,102.11,JiaXipera МM1110Y,43,1
420,420100154549480030420,"84,84.5,87,89.5,92.5,95,96,97.5,98",18.5,88.01,104.11,JiaXipera МM1110Y,43,1
420,420100154549480220420,"82,83.5,86,87.5,90,92.5,92,92.5",18.1,87.33,103.44,JiaXipera МM1110Y,43,1
420,420100154549485910420,"87,85,87,89,91.5,92.5,94.5,93.5",19.2,89.18,105.27,JiaXipera МM1110Y,43,1
420,420100154549638690420,"83,78.5,84,86,88.5,89.5,93,94,93.5",20.1,90.7,106.77,JiaXipera МM1110Y,43,1
420,420100154549483950420,"83,84.5,86.5,89.5,92,94,93",16.6,84.81,100.94,JiaXipera МM1110Y,43,1
420,420100154549480260420,"78.5,79,81.5,84,85.5,87.5,91.5,91",17.9,87.0,103.11,JiaXipera МM1110Y,43,1
420,420100154549554910420,"82,85.5,88,88.5,90.5,91,93,92.5,93.5",16.3,84.31,100.44,JiaXipera МM1110Y,43,1
420,420100154549480270420,"84.5,85,88,90,93,96,94.5",17.9,87.0,103.11,JiaXipera МM1110Y,43,1
420,420100154549485350420,"81.5,84.5,87.5,88,90,93,94.5,95.5",19.4,89.52,105.6,JiaXipera МM1110Y,43,1
420,420100154549480290420,"81,77,83,84.5,85,86.5,90.5,91,92",17.9,87.0,103.11,JiaXipera МM1110Y,43,1
420,420100154549479630420,"81.5,82.5,86,88,89.5,92.5,94.5,95",18.6,88.18,104.27,JiaXipera МM1110Y,43,1
420,420100154549480320420,"79.5,82.5,86.5,87.5,90.5,92,92.5",17.8,86.83,102.94,JiaXipera МM1110Y,43,1
420,420100154549554670420,"81,82.5,84,86.5,87,89.5,91,90",16.8,85.15,101.28,JiaXipera МM1110Y,43,1
420,420100154549480330420,"82,83.5,85.5,88.5,89.5,91.5,94,93.5",17.9,87.0,103.11,JiaXipera МM1110Y,43,1
420,420100154549555070420,"83,85,85.5,87,89,90.5,91.5",15.8,83.46,99.61,JiaXipera МM1110Y,43,1
420,420100154549481500420,"83,83.5,85.5,88.5,87.5,90,91,92",17.2,85.82,101.94,JiaXipera МM1110Y,43,1
420,420100154549480340420,"78.5,76.5,80.5,82.5,84,84.5,86.5,89.5,90,91",17.8,86.83,102.94,JiaXipera МM1110Y,43,1
420,420100154549475310420,"83.5,84.5,87.5,91,91.5,94,96,95",17.9,87.0,103.11,JiaXipera МM1110Y,43,1
420,420100154549485160420,"85.5,85,87,90,91.5,95.5,96,98",19.2,89.18,105.27,JiaXipera МM1110Y,43,1
420,420100154549480350420,"82.5,83,87.5,89,92.5,93,93.5,96.5,97",17.8,86.83,102.94,JiaXipera МM1110Y,43,1
420,420100154549638230420,"84.5,85.5,89.5,93,97,100,101,100.5",20.2,90.87,106.94,JiaXipera МM1110Y,43,1
420,420100154549480990420,"83,85,88.5,90,91.5,93,94.5,95.5",17.9,87.0,103.11,JiaXipera МM1110Y,43,1
420,420100154549553860420,"83.5,82,89,90.5,94,93.5,95.5,97",17.7,86.66,102.77,JiaXipera МM1110Y,43,1
420,420100154549552190420,"86,87,88.5,91,93.5,95.5,96.5,97",20.5,91.37,107.44,JiaXipera МM1110Y,43,1
420,420100154549480360420,"83,86.5,90,91,94,95,96.5,98,99.5",17.7,86.66,102.77,JiaXipera МM1110Y,43,1
420,420100154549485620420,"83,86,89.5,91,93,92.5",19.1,89.02,105.11,JiaXipera МM1110Y,43,1
420,420100154549480400420,"82,79.5,84,86,88,90,92.5,93",17.9,87.0,103.11,JiaXipera МM1110Y,43,1
420,420100154549479740420,"81,82,85.5,87.5,90.5,94.5,96,96.5",18.5,88.01,104.11,JiaXipera МM1110Y,43,1
420,420100154549480410420,"81.5,80.5,82.5,85,86.5,89.5,92,91.5",17.8,86.83,102.94,JiaXipera МM1110Y,43,1
420,420100154549480430420,"80.5,82.5,85,86.5,90.5,92,94,95",17.8,86.83,102.94,JiaXipera МM1110Y,43,1
420,420100154549556180420,"84.5,85.5,86.5,87.5,91,93,94.5,94",18.9,88.68,104.77,JiaXipera МM1110Y,43,1
420,420100154549486040420,"82.5,80,84.5,86.5,88,89,91,92,95.5,94.5,97,100",18.9,88.68,104.77,JiaXipera МM1110Y,43,1
420,420100154549480440420,"82,80.5,83,88,89.5,91,92,94.5,94",17.7,86.66,102.77,JiaXipera МM1110Y,43,1
420,420100154549639280420,"84.5,85.5,89,92,93.5,97,99,98.5",20.9,92.05,108.1,JiaXipera МM1110Y,43,1
420,420100154549480450420,"82,82.5,82,83.5,85,86,87.5,89,90.5,91.5,91",18.2,87.5,103.61,JiaXipera МM1110Y,43,1
420,420100154549484050420,"80.5,81,83,84.5,86,87.5,89,89.5",16.6,84.81,100.94,JiaXipera МM1110Y,43,1
420,420100154549480460420,"84,82.5,88,90,92,92.5,96,94.5",17.6,86.49,102.61,JiaXipera МM1110Y,43,1
420,420100154549480570420,"82.5,84,88,91.5,93,95,97.5,96,96.5",17.5,86.32,102.44,JiaXipera МM1110Y,43,1
420,420100154549555040420,"82,83.5,85,87.5,87,88.5",15.9,83.63,99.78,JiaXipera МM1110Y,43,1
420,420100154549480590420,"83,84.5,85.5,86.5,88,89,90,92,92.5",17.4,86.16,102.27,JiaXipera МM1110Y,43,1
420,420100154549483690420,"84.5,84,84.5,87.5,88.5,90.5,93,92",16.7,84.98,101.11,JiaXipera МM1110Y,43,1
420,420100154549480610420,"84,85,86.5,89,90.5,92,94.5,94,95,96",17.4,86.16,102.27,JiaXipera МM1110Y,43,1
420,420100154549639100420,"84,85.5,88.5,90,91.5,93.5,94.5,95",21.3,92.72,108.77,JiaXipera МM1110Y,43,1
420,420100154549477320420,"90.5,91.5,94,96.5,97.5,99.5,100,100.5,101.5",19.2,89.18,105.27,JiaXipera МM1110Y,43,1
420,420100154549478990420,"85.5,83.5,85,87.5,88.5,90,91,93,94.5,95",18.7,88.34,104.44,JiaXipera МM1110Y,43,1
420,420100154549485750420,"84.5,88,88.5,93,94,97.5,98.5,99",19.2,89.18,105.27,JiaXipera МM1110Y,43,1
420,420100154549348340420,"84,83,84,87,88,89.5,90.5,91",17.9,87.0,103.11,JiaXipera МM1110Y,43,1
420,420100154549480630420,"84,86.5,88,89,91,90.5,89,89.5",17.3,85.99,102.11,JiaXipera МM1110Y,43,1
420,420100154549478110420,"88,92,93.5,96.5,98.5,103,101.5",18.8,88.51,104.61,JiaXipera МM1110Y,43,1
420,420100154549480640420,"81.5,78.5,78,82,84,84.5,85.5,87,87.5,88.5",17.4,86.16,102.27,JiaXipera МM1110Y,43,1
420,420100154549479810420,"84.5,86,89.5,90.5,90,91,93,94,93.5,94.5",18.2,87.5,103.61,JiaXipera МM1110Y,43,1
420,420100154549482980420,"78,84,85.5,87,87.5,91.5,92.5,93.5",17.1,85.65,101.77,JiaXipera МM1110Y,43,1
420,420100154549484030420,"81,82,83,85,85.5,87,86.5",16.6,84.81,100.94,JiaXipera МM1110Y,43,1
420,420100154549552440420,"82,83.5,84.5,89,98",20.3,91.04,107.1,JiaXipera МM1110Y,43,1
420,420100154549480660420,"84.5,81,85,85.5,88.5,89,90,91",17.3,85.99,102.11,JiaXipera МM1110Y,43,1
420,420100154549556770420,"82.5,84,88,88.5,92,92.5,93.5",17.7,86.66,102.77,JiaXipera МM1110Y,43,1
420,420100154549482120420,"81.5,81,84,86.5,89,91,92,91.5",17.6,86.49,102.61,JiaXipera МM1110Y,43,1
420,420100154549638240420,"83,85,88,90,91.5,95,96.5,97",20.2,90.87,106.94,JiaXipera МM1110Y,43,1
420,420100154549487070420,"82,84.5,87,91.5,93,96.5,99,99.5",18.1,87.33,103.44,JiaXipera МM1110Y,43,1
420,420100154549480600420,"84,82,85,86.5,87,87.5,89,90.5,92,91,92",17.4,86.16,102.27,JiaXipera МM1110Y,43,1
420,420100154549480680420,"82,83,84,85.5,89.5,90,92,93",17.4,86.16,102.27,JiaXipera МM1110Y,43,1
420,420100154549484590420,"82,82.5,85,87,89.5,91.5,93.5,92",16.4,84.47,100.61,JiaXipera МM1110Y,43,1
420,420100154549480700420,"81,82.5,84.5,88,88.5,91,89.5",17.3,85.99,102.11,JiaXipera МM1110Y,43,1
420,420100154549480730420,"82,83,84,86,88,89,90,92.5,93.5",17.3,85.99,102.11,JiaXipera МM1110Y,43,1
420,420100154549480910420,"86.5,89.5,90.5,91,94.5,95.5,97,96.5,97",18.3,87.67,103.77,JiaXipera МM1110Y,43,1
420,420100154549480750420,"83,84,84.5,86,87,89,90.5,91,92,92.5,93.5",17.4,86.16,102.27,JiaXipera МM1110Y,43,1
420,420100154549477090420,"88,89,91.5,94.5,96.5,99,100.5,100",19.6,89.86,105.94,JiaXipera МM1110Y,43,1
420,420100154549484390420,"85,82.5,85.5,86.5,88.5,89.5,90.5,90",16.8,85.15,101.28,JiaXipera МM1110Y,43,1
420,420100154549480760420,"82,84,84.5,86,88,91",17.3,85.99,102.11,JiaXipera МM1110Y,43,1
420,420100154549480800420,"86.5,87.5,90.5,93.5,95.5,97,98.5,97",19.0,88.85,104.94,JiaXipera МM1110Y,43,1
420,420100154549483670420,"82.5,83,85.5,88.5,90.5,93,92.5",16.6,84.81,100.94,JiaXipera МM1110Y,43,1
420,420100154549475940420,"82.5,80.5,82,84,88,90,91,89",17.2,85.82,101.94,JiaXipera МM1110Y,43,1
420,420100154549480840420,"85,84.5,85,89,91.5,92.5,95,95.5",18.8,88.51,104.61,JiaXipera МM1110Y,43,1
420,420100154549477850420,"85.5,87,92.5,95.5,99.5,101,103,105,103.5",18.8,88.51,104.61,JiaXipera МM1110Y,43,1
420,420100154549480930420,"87.5,88.5,94,95.5,96,99.5,100,101,101.5",18.0,87.17,103.27,JiaXipera МM1110Y,43,1
420,420100154549483960420,"80.5,83.5,85.5,88,89,91.5,91",16.5,84.64,100.78,JiaXipera МM1110Y,43,1
420,420100154549483400420,"81,80,83.5,86,88,89.5,92.5,91.5",17.1,85.65,101.77,JiaXipera МM1110Y,43,1
420,420100154549475540420,"82.5,84,86.5,90.5,91,93.5,93",17.5,86.32,102.44,JiaXipera МM1110Y,43,1
420,420100154549480940420,"83.5,83,84,87.5,92,93.5,95",18.1,87.33,103.44,JiaXipera МM1110Y,43,1
420,420100154549556020420,"83,85.5,87.5,91,91.5,96,96.5,100,99",18.8,88.51,104.61,JiaXipera МM1110Y,43,1
420,420100154549481040420,"82,83.5,85,86,87,88.5,89,91",18.0,87.17,103.27,JiaXipera МM1110Y,43,1
420,420100154549553670420,"82.5,80,83.5,85.5,87,89.5,90.5,92.5",18.1,87.33,103.44,JiaXipera МM1110Y,43,1
420,420100154549485970420,"80,81.5,83.5,85,87,89.5,90.5",18.9,88.68,104.77,JiaXipera МM1110Y,43,1
420,420100154549481060420,"82,83.5,86.5,87.5,90.5,91,93,94",17.7,86.66,102.77,JiaXipera МM1110Y,43,1
420,420100154549348350420,"80.5,85,86.5,88,90.5,92,94.5,93.5",17.1,85.65,101.77,JiaXipera МM1110Y,43,1
420,420100154549481070420,"83,82,84,86.5,89,91,91.5,94",17.7,86.66,102.77,JiaXipera МM1110Y,43,1
420,420100154549349670420,"81,82.5,86.5,87.5,88.5,92,94,93.5",16.8,85.15,101.28,JiaXipera МM1110Y,43,1
420,420100154549481700420,"83,82.5,84.5,86,88,89.5,89",17.3,85.99,102.11,JiaXipera МM1110Y,43,1
420,420100154549487370420,"83,86,87.5,89.5,92.5,93.5,96.5,95",18.0,87.17,103.27,JiaXipera МM1110Y,43,1
420,420100154549483920420,"81.5,80,81.5,83.5,85,86.5,89,88.5",16.5,84.64,100.78,JiaXipera МM1110Y,43,1
420,420100154549556520420,"83,86,86.5,89,91,93.5,94.5",18.0,87.17,103.27,JiaXipera МM1110Y,43,1
420,420100154549481080420,"82.5,81,83,82.5,86.5,90.5,92,91.5",17.8,86.83,102.94,JiaXipera МM1110Y,43,1
420,420100154549481100420,"82.5,85.5,87,90.5,92.5,94.5,93",17.7,86.66,102.77,JiaXipera МM1110Y,43,1
420,420100154549481140420,"79,79.5,84.5,87.5,90,93,94.5,95.5",17.7,86.66,102.77,JiaXipera МM1110Y,43,1
420,420100154549348640420,"83.5,82.5,86,87.5,89.5,92,94,93",16.7,84.98,101.11,JiaXipera МM1110Y,43,1
420,420100154549480120420,"78.5,79,81.5,85.5,86,88,90.5,91,91.5,93",18.2,87.5,103.61,JiaXipera МM1110Y,43,1
420,420100154549480510420,"80,79,82,85.5,88.5,91,92",17.5,86.32,102.44,JiaXipera МM1110Y,43,1
420,420100154549481840420,"82.5,83.5,87.5,89,91,89,93,93.5,94",17.8,86.83,102.94,JiaXipera МM1110Y,43,1
420,420100154549481170420,"80.5,81,87,87.5,91,93,95.5,96",17.7,86.66,102.77,JiaXipera МM1110Y,43,1
420,420100154549477880420,"88,88.5,91.5,93,97,98,99.5,99",18.8,88.51,104.61,JiaXipera МM1110Y,43,1
420,420100154549482670420,"84.5,83.5,85,89,90.5,93.5,96,97,98",17.6,86.49,102.61,JiaXipera МM1110Y,43,1
420,420100154549481180420,"82,82.5,85,89.5,93.5,94.5,97.5,98.5",17.7,86.66,102.77,JiaXipera МM1110Y,43,1
420,420100154549481200420,"82,83,85.5,87.5,90.5,90,93,93.5,96,97.5",17.7,86.66,102.77,JiaXipera МM1110Y,43,1
420,420100154549476030420,"83,84,88.5,89.5,91,93,95,94",17.2,85.82,101.94,JiaXipera МM1110Y,43,1
420,420100154549485220420,"81,83.5,85.5,88.5,87.5,90.5,91,92",19.2,89.18,105.27,JiaXipera МM1110Y,43,1
420,420100154549481280420,"78.5,80,83,87,90.5,91.5,92,94",17.5,86.32,102.44,JiaXipera МM1110Y,43,1
420,420100154549478220420,"85.5,88.5,89.5,91.5,94,96.5,97,96",18.8,88.51,104.61,JiaXipera МM1110Y,43,1
420,420100154549481300420,"81.5,80,82.5,83,84,85,86,90.5,92.5,91.5",17.5,86.32,102.44,JiaXipera МM1110Y,43,1
420,420100154549481320420,"86,87,89.5,92,95,97,100,99",17.5,86.32,102.44,JiaXipera МM1110Y,43,1
420,420100154549484300420,"83,82,84,85.5,87.5,89,90.5,90",16.7,84.98,101.11,JiaXipera МM1110Y,43,1
420,420100154549481330420,"80,78,83,87,91,93.5,96.5,96",17.5,86.32,102.44,JiaXipera МM1110Y,43,1
420,420100154549481340420,"81,79.5,83,84.5,87,88.5,89.5,90,91,92",17.5,86.32,102.44,JiaXipera МM1110Y,43,1
420,420100154549478080420,"84.5,83,80.5,85.5,87.5,90,91.5,94,96",18.8,88.51,104.61,JiaXipera МM1110Y,43,1
420,420100154549483540420,"82.5,82,85,88,88.5,91,92.5,93.5,94.5",16.9,85.31,101.44,JiaXipera МM1110Y,43,1
420,420100154549481360420,"85,85.5,88.5,89,92.5,94,95,95.5",17.6,86.49,102.61,JiaXipera МM1110Y,43,1
420,420100154549481370420,"76,77.5,82.5,85,87,89,89.5,91,92,93.5",17.4,86.16,102.27,JiaXipera МM1110Y,43,1
420,420100154549481400420,"84,80.5,83.5,86,88,88.5,91,94.5,95.5,97.5,96,97",17.4,86.16,102.27,JiaXipera МM1110Y,43,1
420,420100154549552610420,"83,84.5,88,90,91,95,96,96.5",20.0,90.53,106.6,JiaXipera МM1110Y,43,1
420,420100154549348480420,"80.5,79.5,82,85,86.5,88.5,91,90.5",17.0,85.48,101.61,JiaXipera МM1110Y,43,1
420,420100154549481410420,"81.5,79.5,83.5,85.5,88,91,93.5,91.5",17.3,85.99,102.11,JiaXipera МM1110Y,43,1
420,420100154549481420420,"81,82,87,87.5,89,89.5,91,92.5",17.4,86.16,102.27,JiaXipera МM1110Y,43,1
420,420100154549481430420,"82,81,80.5,82.5,83.5,83,87.5,91.5,93.5,95.5,96.5",17.3,85.99,102.11,JiaXipera МM1110Y,43,1
420,420100154549483160420,"84.5,85,87.5,89.5,91.5,92.5,93,91",17.1,85.65,101.77,JiaXipera МM1110Y,43,1
420,420100154549481450420,"79.5,79,83.5,87,89,92.5,93.5,94,95",17.3,85.99,102.11,JiaXipera МM1110Y,43,1
420,420100154549482400420,"85,83,85.5,86,87.5,89,91,89",16.9,85.31,101.44,JiaXipera МM1110Y,43,1
420,420100154549481470420,"83,81,84,86,89,91,91.5,93,93.5,95,95.5",17.2,85.82,101.94,JiaXipera МM1110Y,43,1
420,420100154549639030420,"85.5,86,88.5,91,95,95.5,97.5,96",21.2,92.55,108.6,JiaXipera МM1110Y,43,1
420,420100154549481510420,"85,83,84,85,85.5,89,89.5,91.5,92.5",17.2,85.82,101.94,JiaXipera МM1110Y,43,1
420,420100154549477440420,"83.5,86,88,89.5,90.5,94.5,95.5,96",19.0,88.85,104.94,JiaXipera МM1110Y,43,1
420,420100154549485870420,"85,90.5,92,94.5,95,99,98",19.1,89.02,105.11,JiaXipera МM1110Y,43,1
420,420100154549481530420,"85.5,85,87.5,88.5,90.5,91,92.5,94",17.2,85.82,101.94,JiaXipera МM1110Y,43,1
420,420100154549482930420,"79.5,77.5,83.5,85.5,87,88.5,90,90.5",17.3,85.99,102.11,JiaXipera МM1110Y,43,1
420,420100154549478370420,"85.5,88,90,92,93,94,97,98,100.5",19.3,89.35,105.44,JiaXipera МM1110Y,43,1
420,420100154549475690420,"83.5,85.5,86.5,88.5,91,90.5,91",17.3,85.99,102.11,JiaXipera МM1110Y,43,1
420,420100154549349200420,"88,89.5,90.5,93,95,97.5,99,98.5",15.4,82.79,98.94,JiaXipera МM1110Y,43,1
420,420100154549481570420,"85,86,87.5,89.5,92,93,94.5,94",17.2,85.82,101.94,JiaXipera МM1110Y,43,1
420,420100154549477680420,"82,84.5,85.5,86.5,88,91.5,92,92.5,93.5,94,95.5,95,95.5",19.1,89.02,105.11,JiaXipera МM1110Y,43,1
420,420100154549481580420,"84.5,83,84.5,85,86,87.5,90.5,91.5,93.5",17.3,85.99,102.11,JiaXipera МM1110Y,43,1
420,420100154549555350420,"83.5,86.5,88,90,92.5,95,96.5,95.5",18.7,88.34,104.44,JiaXipera МM1110Y,43,1
420,420100154549481590420,"83,79,81.5,83,84.5,88,87.5,90,92.5,91",17.3,85.99,102.11,JiaXipera МM1110Y,43,1
420,420100154549484980420,"84,82.5,87.5,92,93.5,95.5,98.5",19.3,89.35,105.44,JiaXipera МM1110Y,43,1
420,420100154549481630420,"82,82.5,85,85.5,88,91.5,93",17.3,85.99,102.11,JiaXipera МM1110Y,43,1
420,420100154549485890420,"84,85,88,89.5,91,92,94.5,96",19.0,88.85,104.94,JiaXipera МM1110Y,43,1
420,420100154549485420420,"84,85.5,89,90.5,92,93.5,95",16.5,84.64,100.78,JiaXipera МM1110Y,43,1
420,420100154549638290420,"88.5,91,92.5,97.5,99,101.5,103,104",20.2,90.87,106.94,JiaXipera МM1110Y,43,1
420,420100154549478570420,"87,89,90.5,92,93,96,97.5,98.5",19.2,89.18,105.27,JiaXipera МM1110Y,43,1
420,420100154549481690420,"84.5,84,87,89.5,91,92,93.5,93",17.2,85.82,101.94,JiaXipera МM1110Y,43,1
420,420100154549553580420,"87,87.5,90.5,92,94,95,97,99",18.7,88.34,104.44,JiaXipera МM1110Y,43,1
420,420100154549475670420,"86,87.5,90,91.5,93.5,94.5,93.5",17.3,85.99,102.11,JiaXipera МM1110Y,43,1
420,420100154549481780420,"80.5,83.5,85.5,89.5,93,94.5,95.5,97,98,99",17.9,87.0,103.11,JiaXipera МM1110Y,43,1
420,420100154549554460420,"85.5,84,88.5,91,91.5,94.5,95,96",17.5,86.32,102.44,JiaXipera МM1110Y,43,1
420,420100154549553530420,"80.5,85.5,85,86.5,91,94.5,96.5,99.5,101",18.3,87.67,103.77,JiaXipera МM1110Y,43,1
420,420100154549483580420,"81.5,82,84.5,88,89,92.5,95.5,93,94.5",16.9,85.31,101.44,JiaXipera МM1110Y,43,1
420,420100154549553610420,"83,80.5,83.5,87,90,91,91.5,94,95.5",18.1,87.33,103.44,JiaXipera МM1110Y,43,1
420,420100154549481850420,"84.5,79,82,84.5,87,89,91.5,92,93,94",17.8,86.83,102.94,JiaXipera МM1110Y,43,1
420,420100154549486340420,"81,80.5,81.5,84,87.5,89.5,92.5,93,94.5",19.4,89.52,105.6,JiaXipera МM1110Y,43,1
420,420100154549477170420,"87,85,85.5,90.5,93.5,95,97,98,101.5",19.4,89.52,105.6,JiaXipera МM1110Y,43,1
420,420100154549481380420,"81,84.5,86,90,91.5,92,93.5,94,95.5",17.5,86.32,102.44,JiaXipera МM1110Y,43,1
420,420100154549483470420,"83.5,86,88,89,90.5,92.5,94,93.5",17.0,85.48,101.61,JiaXipera МM1110Y,43,1
420,420100154549554280420,"80,81.5,82.5,83.5,85,87,88.5,87.5",17.0,85.48,101.61,JiaXipera МM1110Y,43,1
420,420100154549481870420,"83.5,81.5,84.5,85.5,87,88,89,87.5,91.5,96,94.5",17.7,86.66,102.77,JiaXipera МM1110Y,43,1
420,420100154549475390420,"81.5,82.5,83.5,85.5,87.5,89,90,91.5",17.6,86.49,102.61,JiaXipera МM1110Y,43,1
420,420100154549482190420,"78.5,82,84,86,87.5,90.5,92.5,91.5",17.3,85.99,102.11,JiaXipera МM1110Y,43,1
420,420100154549481910420,"84.5,89,90,92.5,94,94.5,95",17.7,86.66,102.77,JiaXipera МM1110Y,43,1
420,420100154549485440420,"83.5,84.5,88.5,92.5,94.5,98.5,100,103.5",19.3,89.35,105.44,JiaXipera МM1110Y,43,1
420,420100154549477980420,"83,83.5,84.5,89,92,93,94,97,96.5",18.9,88.68,104.77,JiaXipera МM1110Y,43,1
420,420100154549481920420,"84,80,83.5,88.5,86,91,93,95.5,97.5,99.5",17.7,86.66,102.77,JiaXipera МM1110Y,43,1
420,420100154549484040420,"81.5,82,83.5,86,87,88.5,89,89.5",16.5,84.64,100.78,JiaXipera МM1110Y,43,1
420,420100154549481930420,"83,82,84,89.5,91,92,93,94,95.5",17.7,86.66,102.77,JiaXipera МM1110Y,43,1
420,420100154549481940420,"85.5,79.5,85,86.5,88.5,89.5,92,92.5,94.5,98.5",17.6,86.49,102.61,JiaXipera МM1110Y,43,1
420,420100154549555540420,"77,80,81.5,82.5,84.5,85.5,87,86.5",16.5,84.64,100.78,JiaXipera МM1110Y,43,1
420,420100154549481960420,"84.5,85,86,87.5,89,91.5,92.5,94,94.5,95.5",17.7,86.66,102.77,JiaXipera МM1110Y,43,1
420,420100154549481970420,"77,80.5,81.5,83,86.5,88,89,90,91.5",17.6,86.49,102.61,JiaXipera МM1110Y,43,1
420,420100154549481980420,"78.5,79,82.5,85,87,88,90,92.5,93,94.5,95.5",17.6,86.49,102.61,JiaXipera МM1110Y,43,1
420,420100154549477070420,"84.5,85.5,91,94.5,97.5,100,103.5,102.5",19.5,89.69,105.77,JiaXipera МM1110Y,43,1
420,420100154549482010420,"85.5,88,89,92,91,92,93,96,94",17.7,86.66,102.77,JiaXipera МM1110Y,43,1
420,420100154549482020420,"80,80.5,81,85,86,88.5,90.5,91.5",17.6,86.49,102.61,JiaXipera МM1110Y,43,1
420,420100154549556570420,"85,84.5,88,89,90.5,94.5,93.5",17.8,86.83,102.94,JiaXipera МM1110Y,43,1
420,420100154549480500420,"78.5,82,83.5,86,87,89,90,90.5,93.5",17.5,86.32,102.44,JiaXipera МM1110Y,43,1
420,420100154549486230420,"85.5,89,90,92,93,95.5,98,97",18.7,88.34,104.44,JiaXipera МM1110Y,43,1
420,420100154549482960420,"81,82,85,88,90.5,92,93.5,94",17.3,85.99,102.11,JiaXipera МM1110Y,43,1
420,420100154549481310420,"83,83.5,85.5,88,91,90,93,95.5,96.5",17.6,86.49,102.61,JiaXipera МM1110Y,43,1
420,420100154549482040420,"82,78,84.5,85,88.5,90.5,91.5,94.5,96",17.6,86.49,102.61,JiaXipera МM1110Y,43,1
420,420100154549484960420,"84,82,83.5,83,88.5,89.5,92,95,97,96.5",19.4,89.52,105.6,JiaXipera МM1110Y,43,1
420,420100154549483440420,"83.5,87,89.5,90.5,92,95,97,95",17.1,85.65,101.77,JiaXipera МM1110Y,43,1
420,420100154549485460420,"81.5,84,86,87.5,89.5,92.5,94.5,94",19.4,89.52,105.6,JiaXipera МM1110Y,43,1
420,420100154549556500420,"86,86.5,89.5,90.5,93,96,96.5,97.5",18.2,87.5,103.61,JiaXipera МM1110Y,43,1
420,420100154549554640420,"81,85.5,83.5,85.5,87,89.5,90",17.0,85.48,101.61,JiaXipera МM1110Y,43,1
420,420100154549482050420,"81,81.5,85.5,88,90,93,96,97",17.6,86.49,102.61,JiaXipera МM1110Y,43,1
420,420100154549349060420,"87.5,90,92.5,94.5,96,97.5,99.5,98",15.6,83.13,99.28,JiaXipera МM1110Y,43,1
420,420100154549482070420,"78.5,79.5,83,83.5,85,88,90,91,93",17.6,86.49,102.61,JiaXipera МM1110Y,43,1
420,420100154549348680420,"81.5,82.5,84,86,88.5,89.5,90,92.5,94",16.5,84.64,100.78,JiaXipera МM1110Y,43,1
420,420100154549482100420,"80,86,86.5,92,93.5,97,96",17.5,86.32,102.44,JiaXipera МM1110Y,43,1
420,420100154549482110420,"80.5,83.5,88,91,93,96.5,94.5",17.4,86.16,102.27,JiaXipera МM1110Y,43,1
420,420100154549482130420,"80.5,79.5,82.5,86.5,88.5,92,94.5,93.5",17.4,86.16,102.27,JiaXipera МM1110Y,43,1
420,420100154549482150420,"81.5,84,85.5,88,89.5,93.5,95.5,97",17.5,86.32,102.44,JiaXipera МM1110Y,43,1
420,420100154549482160420,"82.5,86.5,87,90.5,91.5,94,93.5",17.4,86.16,102.27,JiaXipera МM1110Y,43,1
420,420100154549479580420,"82.5,83,86.5,87.5,89.5,92,93,94.5,95",18.6,88.18,104.27,JiaXipera МM1110Y,43,1
420,420100154549484670420,"84,85,86,87.5,90.5,88.5,90,90.5",16.3,84.31,100.44,JiaXipera МM1110Y,43,1
420,420100154549483780420,"83.5,84.5,85,86.5,88.5,89,90,89.5",17.5,86.32,102.44,JiaXipera МM1110Y,43,1
420,420100154549482180420,"81.5,81,83.5,86.5,89.5,93.5,94",17.3,85.99,102.11,JiaXipera МM1110Y,43,1
420,420100154549482200420,"84.5,82.5,87,89,90.5,94,97,97.5",17.3,85.99,102.11,JiaXipera МM1110Y,43,1
420,420100154549348560420,"80.5,82,83,85,88.5,91,90.5",16.9,85.31,101.44,JiaXipera МM1110Y,43,1
420,420100154549486150420,"83.5,85,87,90.5,92.5,93.5,95",18.9,88.68,104.77,JiaXipera МM1110Y,43,1
420,420100154549482210420,"81.5,82,85,88.5,89.5,91.5,93,92.5",17.3,85.99,102.11,JiaXipera МM1110Y,43,1
420,420100154549482220420,"78.5,76.5,81.5,83,86,89,91,93",17.3,85.99,102.11,JiaXipera МM1110Y,43,1
420,420100154549556430420,"85,86,85.5,89.5,93.5,94,95,93",18.3,87.67,103.77,JiaXipera МM1110Y,43,1
420,420100154549482230420,"79.5,84,87.5,88.5,90,93,94.5",17.3,85.99,102.11,JiaXipera МM1110Y,43,1
420,420100154549552180420,"88,89,89.5,91,93,95.5,96,95.5",20.5,91.37,107.44,JiaXipera МM1110Y,43,1
420,420100154549482240420,"79.5,85,86.5,89.5,92,95.5,93.5",17.3,85.99,102.11,JiaXipera МM1110Y,43,1
420,420100154549482260420,"74.5,78.5,80.5,81.5,86,89.5,92,94,93",17.3,85.99,102.11,JiaXipera МM1110Y,43,1
420,420100154549482280420,"78,80.5,82.5,85.5,87,88,90.5,91.5,93.5,94,94.5",17.1,85.65,101.77,JiaXipera МM1110Y,43,1
420,420100154549485770420,"83.5,86,89,89.5,94,95.5,99,98",19.2,89.18,105.27,JiaXipera МM1110Y,43,1
420,420100154549482250420,"82,84,88.5,89.5,93,94,94.5",17.3,85.99,102.11,JiaXipera МM1110Y,43,1
420,420100154549482290420,"86.5,86,88,89.5,90.5,92,93.5,95",17.3,85.99,102.11,JiaXipera МM1110Y,43,1
420,420100154549482330420,"83,84.5,85.5,86.5,89.5,90.5,90,90.5",17.0,85.48,101.61,JiaXipera МM1110Y,43,1
420,420100154549485320420,"84,85,87,92,94.5,100.5,98.5,99",19.4,89.52,105.6,JiaXipera МM1110Y,43,1
420,420100154549482340420,"83.5,84,83.5,85,86,88.5,90,91,92.5",17.0,85.48,101.61,JiaXipera МM1110Y,43,1
420,420100154549555310420,"80,82,82.5,84,85,87.5,87,88,89",16.6,84.81,100.94,JiaXipera МM1110Y,43,1
420,420100154549482350420,"83,83.5,84,86.5,89,91.5,93,92.5",17.1,85.65,101.77,JiaXipera МM1110Y,43,1
420,420100154549482360420,"81.5,85.5,86.5,88.5,89.5,92",17.3,85.99,102.11,JiaXipera МM1110Y,43,1
420,420100154549482370420,"83.5,85,86.5,88,88.5,90.5,92,93,94,95",17.3,85.99,102.11,JiaXipera МM1110Y,43,1
420,420100154549556750420,"83,87,92.5,94,96,98.5,99.5",18.5,88.01,104.11,JiaXipera МM1110Y,43,1
420,420100154549482380420,"82.5,84.5,85.5,86,88,88.5,89,90,92",16.9,85.31,101.44,JiaXipera МM1110Y,43,1
420,420100154549479610420,"82.5,81.5,86.5,88.5,90.5,93.5,94.5,95.5",18.6,88.18,104.27,JiaXipera МM1110Y,43,1
420,420100154549483500420,"84,85,86.5,88,90.5,92,93.5,94",16.9,85.31,101.44,JiaXipera МM1110Y,43,1
420,420100154549486800420,"81,83.5,84.5,86.5,88.5,91,93,92.5",18.3,87.67,103.77,JiaXipera МM1110Y,43,1
420,420100154549475280420,"85.5,86,89.5,90,93,93.5,95.5,94.5",18.0,87.17,103.27,JiaXipera МM1110Y,43,1
420,420100154549482390420,"80,83.5,85,86,89.5,91.5,94,94.5",16.9,85.31,101.44,JiaXipera МM1110Y,43,1
420,420100154549480670420,"83.5,83,84,85.5,88.5,90,91.5,92.5",17.3,85.99,102.11,JiaXipera МM1110Y,43,1
420,420100154549482560420,"84,82,87,89,90,93,97,95.5,96,97",17.7,86.66,102.77,JiaXipera МM1110Y,43,1
420,420100154549482570420,"79,78.5,82.5,83.5,87.5,90.5,91.5,92",17.7,86.66,102.77,JiaXipera МM1110Y,43,1
420,420100154549482990420,"81.5,81,84.5,86.5,88.5,90.5,91,93",17.3,85.99,102.11,JiaXipera МM1110Y,43,1
420,420100154549482580420,"80.5,82.5,85,85.5,88.5,89.5,93.5,94.5",17.7,86.66,102.77,JiaXipera МM1110Y,43,1
420,420100154549482590420,"78,83.5,84.5,88,90.5,94.5,97,96.5",17.7,86.66,102.77,JiaXipera МM1110Y,43,1
420,420100154549349030420,"85,89.5,92,93,94,96.5,98",15.5,82.96,99.11,JiaXipera МM1110Y,43,1
420,420100154549482600420,"83.5,84,86,87,90,93,97,95",17.7,86.66,102.77,JiaXipera МM1110Y,43,1
420,420100154549478830420,"81,85.5,87,89.5,91,94,94.5,94",18.8,88.51,104.61,JiaXipera МM1110Y,43,1
420,420100154549482610420,"81,76.5,81.5,84.5,87.5,88.5,91,92.5,94.5",17.6,86.49,102.61,JiaXipera МM1110Y,43,1
420,420100154549479700420,"83,82.5,81,86.5,89,89.5,91,92,93,94,94.5",18.5,88.01,104.11,JiaXipera МM1110Y,43,1
420,420100154549482650420,"79,79.5,85,87,89.5,92,93,97,95.5",17.5,86.32,102.44,JiaXipera МM1110Y,43,1
420,420100154549475630420,"87,84.5,86.5,89.5,90.5,91.5,95,94",17.4,86.16,102.27,JiaXipera МM1110Y,43,1
420,420100154549482320420,"82,85,86.5,88,90,92,93,93.5,94",17.9,87.0,103.11,JiaXipera МM1110Y,43,1
420,420100154549482700420,"84.5,88,89,91.5,92.5,94,93.5",17.4,86.16,102.27,JiaXipera МM1110Y,43,1
420,420100154549482710420,"80.5,82,84,88.5,92,92.5,95.5,94.5",17.3,85.99,102.11,JiaXipera МM1110Y,43,1
420,420100154549478030420,"85.5,86.5,91,93.5,96,97.5,96",18.8,88.51,104.61,JiaXipera МM1110Y,43,1
420,420100154549482720420,"86,83.5,83,86.5,88,91,93,92.5,94.5",17.2,85.82,101.94,JiaXipera МM1110Y,43,1
420,420100154549485530420,"88,86.5,87,89.5,92,92.5,95.5,94",19.3,89.35,105.44,JiaXipera МM1110Y,43,1
420,420100154549484280420,"82.5,85,86.5,88,89,91,90.5",16.8,85.15,101.28,JiaXipera МM1110Y,43,1
420,420100154549554600420,"80,80.5,84,85.5,88,89,90,92,91",16.9,85.31,101.44,JiaXipera МM1110Y,43,1
420,420100154549479340420,"79.5,83.5,85,85.5,92.5,95.5,97,97.5,99",18.9,88.68,104.77,JiaXipera МM1110Y,43,1
420,420100154549485000420,"85,86,90,91.5,94.5,96.5,98.5,98",19.3,89.35,105.44,JiaXipera МM1110Y,43,1
420,420100154549485790420,"83.5,86,88.5,90,92,94.5,95.5,95",19.3,89.35,105.44,JiaXipera МM1110Y,43,1
420,420100154549555850420,"85.5,86,88,89.5,91,93,94.5,93.5",18.6,88.18,104.27,JiaXipera МM1110Y,43,1
420,420100154549552370420,"87.5,88,91,94.5,96,99,101.5,103.5,104.5",20.4,91.2,107.27,JiaXipera МM1110Y,43,1
420,420100154549482740420,"84.5,83.5,87.5,89.5,92.5,91,94,93.5",17.3,85.99,102.11,JiaXipera МM1110Y,43,1
420,420100154549482750420,"82,84,87.5,90.5,93,95,96,96.5",17.2,85.82,101.94,JiaXipera МM1110Y,43,1
420,420100154549482770420,"85.5,85,87.5,89.5,94,93.5,97,96",17.3,85.99,102.11,JiaXipera МM1110Y,43,1
420,420100154549482780420,"83.5,85,88.5,90.5,93,96,97.5,97",17.2,85.82,101.94,JiaXipera МM1110Y,43,1
420,420100154549482800420,"82,86,88,91.5,92.5,96,95",17.2,85.82,101.94,JiaXipera МM1110Y,43,1
420,420100154549482810420,"80.5,83.5,87,90.5,94.5,96,99.5,98.5",17.2,85.82,101.94,JiaXipera МM1110Y,43,1
420,420100154549482830420,"81,83.5,87,90,91.5,95,94.5",17.2,85.82,101.94,JiaXipera МM1110Y,43,1
420,420100154549553400420,"85.5,85,88.5,91,93,96.5,98.5,98",18.6,88.18,104.27,JiaXipera МM1110Y,43,1
420,420100154549477080420,"84,85.5,91.5,94.5,96,97.5,100,99.5",19.4,89.52,105.6,JiaXipera МM1110Y,43,1
420,420100154549476650420,"82.5,84.5,85.5,87,89,90.5,92.5,91.5",16.7,84.98,101.11,JiaXipera МM1110Y,43,1
420,420100154549485780420,"82.5,85.5,90.5,93.5,94,98,98.5",19.2,89.18,105.27,JiaXipera МM1110Y,43,1
420,420100154549482940420,"80.5,83.5,85.5,88.5,92,94,95.5,94",17.3,85.99,102.11,JiaXipera МM1110Y,43,1
420,420100154549555700420,"84.5,86.5,89,92,94,96,98,96.5",18.4,87.84,103.94,JiaXipera МM1110Y,43,1
420,420100154549482860420,"81.5,79.5,84,86.5,89,91,93.5,94.5,96",17.2,85.82,101.94,JiaXipera МM1110Y,43,1
420,420100154549482870420,"81.5,79,82.5,84,88.5,92,93,94",17.3,85.99,102.11,JiaXipera МM1110Y,43,1
420,420100154549482880420,"81,83,83.5,85,85.5,88,90,89.5",17.0,85.48,101.61,JiaXipera МM1110Y,43,1
420,420100154549486200420,"85,83.5,87,89,90.5,93.5,96.5,97",18.7,88.34,104.44,JiaXipera МM1110Y,43,1
420,420100154549482890420,"81,80.5,85,89,90.5,92.5,95.5,95",17.3,85.99,102.11,JiaXipera МM1110Y,43,1
420,420100154549482900420,"84.5,84,87,90,93.5,96.5,98.5,98",17.3,85.99,102.11,JiaXipera МM1110Y,43,1
420,420100154549638050420,"84,86,89,92.5,94.5,96.5,98.5,99.5",20.4,91.2,107.27,JiaXipera МM1110Y,43,1
420,420100154549482910420,"83,85,88,88.5,91,93,95.5,97,98",17.3,85.99,102.11,JiaXipera МM1110Y,43,1
420,420100154549476500420,"81.5,85,87,88,89,90.5,92,91",16.7,84.98,101.11,JiaXipera МM1110Y,43,1
420,420100154549479460420,"85.5,87,89.5,92,93.5,95.5,97,98,99",18.9,88.68,104.77,JiaXipera МM1110Y,43,1
420,420100154549482920420,"83,87.5,89,91,93,96.5,95,95.5",17.3,85.99,102.11,JiaXipera МM1110Y,43,1
420,420100154549484360420,"84.5,84,83,86,86.5,85.5,86,88,87,86.5,88,88.5,89,89.5,90,91.5,92.5,91.5,91,92.5,91.5,92,92.5",16.9,85.31,101.44,JiaXipera МM1110Y,43,1
420,420100154549348830420,"83,82,83,84,84.5,87,88,87.5",16.7,84.98,101.11,JiaXipera МM1110Y,43,1
420,420100154549482950420,"81.5,85.5,88,90,93,93.5,94,95.5",17.3,85.99,102.11,JiaXipera МM1110Y,43,1
420,420100154549482970420,"81,79.5,85.5,86.5,89,91.5,95,94",17.3,85.99,102.11,JiaXipera МM1110Y,43,1
420,420100154549474850420,"87.5,86,88.5,90.5,92,95,93",18.2,87.5,103.61,JiaXipera МM1110Y,43,1
420,420100154549483000420,"83.5,82.5,86,86.5,89,90,93.5,92",17.3,85.99,102.11,JiaXipera МM1110Y,43,1
420,420100154549348720420,"79,84,83.5,86.5,88,90,89.5",16.5,84.64,100.78,JiaXipera МM1110Y,43,1
420,420100154549483020420,"82.5,82,84.5,88.5,91,95,96,95.5",17.3,85.99,102.11,JiaXipera МM1110Y,43,1
420,420100154549483030420,"78,81.5,83,86,87,90.5,92.5,91.5",17.2,85.82,101.94,JiaXipera МM1110Y,43,1
420,420100154549480520420,"83.5,84.5,86.5,89,94.5,95.5",17.6,86.49,102.61,JiaXipera МM1110Y,43,1
420,420100154549485540420,"84.5,86,88,89,91,92.5,93.5,92.5",19.2,89.18,105.27,JiaXipera МM1110Y,43,1
420,420100154549483050420,"82,81,83.5,86,87,89.5,92,94,93.5",17.2,85.82,101.94,JiaXipera МM1110Y,43,1
420,420100154549483060420,"80.5,77.5,83,85,86,90.5,90,92",17.2,85.82,101.94,JiaXipera МM1110Y,43,1
420,420100154549483080420,"80,83,85.5,89.5,90,93.5,96.5,97",17.2,85.82,101.94,JiaXipera МM1110Y,43,1
420,420100154549487350420,"85.5,85,89.5,90,93,94,97.5,96.5",17.3,85.99,102.11,JiaXipera МM1110Y,43,1
420,420100154549483140420,"80.5,81,82,83,84,85,86,89,87.5,89",17.1,85.65,101.77,JiaXipera МM1110Y,43,1
420,420100154549483150420,"83.5,84.5,87,89,90,90.5,92,91.5",17.2,85.82,101.94,JiaXipera МM1110Y,43,1
420,420100154549483170420,"81.5,82,85,86.5,87.5,88,87",17.1,85.65,101.77,JiaXipera МM1110Y,43,1
420,420100154549483190420,"85,87.5,86.5,87,89.5,88.5,89.5,90",17.1,85.65,101.77,JiaXipera МM1110Y,43,1
420,420100154549483210420,"83,84.5,85,86,88,87,89,88.5,91",17.1,85.65,101.77,JiaXipera МM1110Y,43,1
420,420100154549483230420,"83,82,85,86.5,88.5,90,92,93.5",17.1,85.65,101.77,JiaXipera МM1110Y,43,1
420,420100154549483240420,"84,83.5,84,84.5,88.5,90.5,92,93,94",17.0,85.48,101.61,JiaXipera МM1110Y,43,1
420,420100154549483250420,"80.5,82,83,84,85,85.5,87.5,87",17.0,85.48,101.61,JiaXipera МM1110Y,43,1
420,420100154549555590420,"84,82,84.5,85,86.5,88,90,89",16.5,84.64,100.78,JiaXipera МM1110Y,43,1
420,420100154549479860420,"86,83,85.5,87.5,90.5,91,92.5,94",18.1,87.33,103.44,JiaXipera МM1110Y,43,1
420,420100154549483260420,"78.5,83,82,83.5,86.5,88,90,91.5",17.0,85.48,101.61,JiaXipera МM1110Y,43,1
420,420100154549483370420,"80.5,82.5,85.5,87.5,90,93,95.5,95",17.2,85.82,101.94,JiaXipera МM1110Y,43,1
420,420100154549483380420,"83,85.5,88,90.5,91.5,94,94.5",17.3,85.99,102.11,JiaXipera МM1110Y,43,1
420,420100154549555520420,"85,85.5,87.5,90,92.5,94,95.5,96",18.7,88.34,104.44,JiaXipera МM1110Y,43,1
420,420100154549554490420,"83,82,82.5,84.5,85,88,88.5,89",17.5,86.32,102.44,JiaXipera МM1110Y,43,1
420,420100154549483410420,"82.5,83.5,87,89.5,92,96,93",17.0,85.48,101.61,JiaXipera МM1110Y,43,1
420,420100154549639050420,"84,86,88.5,91.5,94.5,97,97.5,96.5",21.2,92.55,108.6,JiaXipera МM1110Y,43,1
420,420100154549485340420,"82.5,82,85,86.5,88,90.5,91,93",19.4,89.52,105.6,JiaXipera МM1110Y,43,1
420,420100154549482760420,"84.5,87,89.5,92,93,95,96,95.5",17.2,85.82,101.94,JiaXipera МM1110Y,43,1
420,420100154549483430420,"82,82.5,84.5,87,89,89.5,92.5,91.5",17.1,85.65,101.77,JiaXipera МM1110Y,43,1
420,420100154549483640420,"84,83.5,85,85.5,86.5,88.5,90.5,91",16.7,84.98,101.11,JiaXipera МM1110Y,43,1
420,420100154549554020420,"82.5,84,86.5,87,88,90.5,92.5,92",17.3,85.99,102.11,JiaXipera МM1110Y,43,1
420,420100154549483490420,"82,85.5,87.5,89,90,92,92.5",16.9,85.31,101.44,JiaXipera МM1110Y,43,1
420,420100154549552130420,"91,85.5,91,94.5,98,97.5,100.5,101.5,100.5,103",20.5,91.37,107.44,JiaXipera МM1110Y,43,1
420,420100154549479880420,"84,84.5,87.5,89,90.5,91,91.5",18.1,87.33,103.44,JiaXipera МM1110Y,43,1
420,420100154549483510420,"81.5,80.5,84,87,89.5,92,93.5,92",16.9,85.31,101.44,JiaXipera МM1110Y,43,1
420,420100154549552770420,"84.5,85,87.5,92.5,94.5,97.5,101.5,102.5",19.8,90.19,106.27,JiaXipera МM1110Y,43,1
420,420100154549483520420,"84,85.5,88,90.5,91,94,94.5",16.9,85.31,101.44,JiaXipera МM1110Y,43,1
420,420100154549483530420,"80.5,84,85,87,89.5,92,92.5,93.5",16.9,85.31,101.44,JiaXipera МM1110Y,43,1
420,420100154549480230420,"86.5,85.5,87,87.5,91.5,92,94.5,95.5,96.5",18.6,88.18,104.27,JiaXipera МM1110Y,43,1
420,420100154549485180420,"85,87,89.5,91,93.5,96.5,98,99",19.2,89.18,105.27,JiaXipera МM1110Y,43,1
420,420100154549483550420,"82,82.5,83.5,85.5,88,89.5,91,91.5",16.9,85.31,101.44,JiaXipera МM1110Y,43,1
420,420100154549477900420,"85,86,89.5,91,93.5,94.5,96,95",18.8,88.51,104.61,JiaXipera МM1110Y,43,1
420,420100154549484480420,"82,80,83,86.5,87.5,90,91.5,91,93.5",16.6,84.81,100.94,JiaXipera МM1110Y,43,1
420,420100154549483560420,"79.5,79,84.5,86.5,88,91,93.5,93",16.8,85.15,101.28,JiaXipera МM1110Y,43,1
420,420100154549555980420,"82.5,83,85,86.5,88,89.5,92,94",17.9,87.0,103.11,JiaXipera МM1110Y,43,1
420,420100154549481480420,"81.5,82,83.5,86.5,89,90,93,92",17.2,85.82,101.94,JiaXipera МM1110Y,43,1
420,420100154549483590420,"81,83.5,85.5,87.5,88.5,90.5,92,91",16.8,85.15,101.28,JiaXipera МM1110Y,43,1
420,420100154549487140420,"81.5,83,85.5,86,88.5,89,90.5,90",18.0,87.17,103.27,JiaXipera МM1110Y,43,1
420,420100154549483610420,"82.5,86.5,91,91.5,93.5,95,95.5",16.8,85.15,101.28,JiaXipera МM1110Y,43,1
420,420100154549483660420,"84,83.5,86,87,89,90.5,92.5,90",16.9,85.31,101.44,JiaXipera МM1110Y,43,1
420,420100154549348870420,"81,83.5,84,85.5,87,89,88.5",16.2,84.14,100.28,JiaXipera МM1110Y,43,1
420,420100154549483700420,"82.5,86,87,90.5,91.5,92.5,92",16.5,84.64,100.78,JiaXipera МM1110Y,43,1
420,420100154549349240420,"87,87.5,89,90.5,91.5,93,95,93.5",14.5,81.28,97.45,JiaXipera МM1110Y,43,1
420,420100154549483720420,"81,81.5,83.5,87,90,92.5,93.5,92.5",16.5,84.64,100.78,JiaXipera МM1110Y,43,1
420,420100154549483730420,"78,82.5,84,86,88,92,93.5,92.5",16.8,85.15,101.28,JiaXipera МM1110Y,43,1
420,420100154549485830420,"86.5,85.5,86.5,91,92,94.5,95.5,95",19.2,89.18,105.27,JiaXipera МM1110Y,43,1
420,420100154549481190420,"77,79.5,82.5,86,87.5,89,93.5,93",17.7,86.66,102.77,JiaXipera МM1110Y,43,1
420,420100154549483740420,"83,83.5,84.5,89,90.5,94.5,95",16.5,84.64,100.78,JiaXipera МM1110Y,43,1
420,420100154549556780420,"83,82,83,85,87,89,92.5,91.5",18.5,88.01,104.11,JiaXipera МM1110Y,43,1
420,420100154549556560420,"90,88.5,89.5,91.5,93.5,94.5,96,95.5",17.9,87.0,103.11,JiaXipera МM1110Y,43,1
420,420100154549484450420,"84.5,86,88.5,90,91.5,91",16.9,85.31,101.44,JiaXipera МM1110Y,43,1
420,420100154549485190420,"85,88.5,90.5,93.5,94.5,95.5,97",19.4,89.52,105.6,JiaXipera МM1110Y,43,1
420,420100154549483760420,"82,82.5,87.5,88,91,94,93",16.5,84.64,100.78,JiaXipera МM1110Y,43,1
420,420100154549481240420,"83,85,88,91,95,96,97,98",17.6,86.49,102.61,JiaXipera МM1110Y,43,1
420,420100154549484020420,"84.5,86.5,88,90.5,92,94,93.5,93",16.6,84.81,100.94,JiaXipera МM1110Y,43,1
420,420100154549553960420,"85,85.5,89,92.5,95,96,98.5,96.5",17.5,86.32,102.44,JiaXipera МM1110Y,43,1
420,420100154549481260420,"82.5,85.5,88,90.5,91.5,91,93,92.5,94,93.5,94,94.5",17.8,86.83,102.94,JiaXipera МM1110Y,43,1
420,420100154549483770420,"81.5,83,85.5,87.5,90,91,94.5,94",16.5,84.64,100.78,JiaXipera МM1110Y,43,1
420,420100154549483800420,"83.5,82.5,84.5,87,88.5,90.5,91,92.5",17.6,86.49,102.61,JiaXipera МM1110Y,43,1
420,420100154549483220420,"83.5,85,88.5,90,90.5,91,92",17.1,85.65,101.77,JiaXipera МM1110Y,43,1
420,420100154549483830420,"81,79.5,85,87,88,89.5,91.5,93",16.5,84.64,100.78,JiaXipera МM1110Y,43,1
420,420100154549484800420,"79.5,80.5,83,82,84.5,86,88,87.5",16.3,84.31,100.44,JiaXipera МM1110Y,43,1
420,420100154549481810420,"82,80.5,84,87.5,89.5,92,95",17.8,86.83,102.94,JiaXipera МM1110Y,43,1
420,420100154549476610420,"83,83.5,84.5,85.5,87.5,89,88.5",16.7,84.98,101.11,JiaXipera МM1110Y,43,1
420,420100154549555150420,"79,79.5,82.5,83,84,87,86,85",15.8,83.46,99.61,JiaXipera МM1110Y,43,1
420,420100154549483790420,"82,82.5,85.5,86.5,87.5,89,90.5,89.5",16.5,84.64,100.78,JiaXipera МM1110Y,43,1
420,420100154549483890420,"83.5,84.5,85,86,87,90,91.5,90.5",16.5,84.64,100.78,JiaXipera МM1110Y,43,1
420,420100154549483930420,"86,84,85,88.5,89.5,90.5,90",16.5,84.64,100.78,JiaXipera МM1110Y,43,1
420,420100154549555490420,"81,80,82,83.5,85,86.5,88,87.5",16.2,84.14,100.28,JiaXipera МM1110Y,43,1
420,420100154549348370420,"77.5,79.5,79,83,83.5,87,88",17.1,85.65,101.77,JiaXipera МM1110Y,43,1
420,420100154549483970420,"80,79.5,81,82.5,84.5,86,86.5",16.6,84.81,100.94,JiaXipera МM1110Y,43,1
420,420100154549484000420,"80,79.5,82.5,84,85,87,88,88.5",16.5,84.64,100.78,JiaXipera МM1110Y,43,1
420,420100154549348620420,"84,83.5,85.5,86.5,89.5,91.5,93,91.5",16.9,85.31,101.44,JiaXipera МM1110Y,43,1
420,420100154549484060420,"82,84,85,85.5,88,89.5,90.5,88.5",16.5,84.64,100.78,JiaXipera МM1110Y,43,1
420,420100154549555770420,"84.5,87.5,89.5,92,92.5,94.5,97,96",18.8,88.51,104.61,JiaXipera МM1110Y,43,1
420,420100154549484070420,"80.5,81.5,82.5,83.5,85.5,88,88.5,88",16.6,84.81,100.94,JiaXipera МM1110Y,43,1
420,420100154549484080420,"81.5,80,81,84,84.5,86,88.5,90.5,91",16.5,84.64,100.78,JiaXipera МM1110Y,43,1
420,420100154549484090420,"80,82,83.5,85.5,87.5,88,88.5,90",16.5,84.64,100.78,JiaXipera МM1110Y,43,1
420,420100154549555130420,"81,80,82.5,82,84.5,85,87,86.5",15.8,83.46,99.61,JiaXipera МM1110Y,43,1
420,420100154549486930420,"81,80,85,85.5,87,89,91,92.5",18.2,87.5,103.61,JiaXipera МM1110Y,43,1
420,420100154549484290420,"81.5,83,83.5,85,85.5,87.5,89,91.5,91",16.7,84.98,101.11,JiaXipera МM1110Y,43,1
420,420100154549484110420,"82,81,85.5,88,89,91.5,93.5,93",17.0,85.48,101.61,JiaXipera МM1110Y,43,1
420,420100154549639380420,"84.5,85,90,94.5,96.5,98,100,102,101.5",20.8,91.88,107.94,JiaXipera МM1110Y,43,1
420,420100154549476960420,"88.5,89.5,94.5,97.5,98.5,100,101,102",19.6,89.86,105.94,JiaXipera МM1110Y,43,1
420,420100154549484130420,"83.5,82.5,85.5,86,86.5,89,88.5",16.6,84.81,100.94,JiaXipera МM1110Y,43,1
420,420100154549484180420,"86.5,84.5,86,90,91,92.5,94,92.5",17.1,85.65,101.77,JiaXipera МM1110Y,43,1
420,420100154549485820420,"86,88,90,93.5,97,98,100.5,99.5",19.2,89.18,105.27,JiaXipera МM1110Y,43,1
420,420100154549484200420,"81,81.5,84.5,87,88,89,92,91",16.9,85.31,101.44,JiaXipera МM1110Y,43,1
420,420100154549484780420,"84.5,83,87,85.5,87,88.5,89,91",16.3,84.31,100.44,JiaXipera МM1110Y,43,1
420,420100154549476020420,"84,84.5,87,88.5,90.5,92,93.5,91.5",17.4,86.16,102.27,JiaXipera МM1110Y,43,1
420,420100154549485020420,"85.5,89,91.5,95.5,97.5,98,98.5",19.4,89.52,105.6,JiaXipera МM1110Y,43,1
420,420100154549552870420,"84,89,92,95.5,97.5,100,101",19.8,90.19,106.27,JiaXipera МM1110Y,43,1
420,420100154549484210420,"80,81.5,82.5,83,86,85.5,87.5,89",16.9,85.31,101.44,JiaXipera МM1110Y,43,1
420,420100154549554060420,"85,88.5,89,91,92,94.5,95",17.5,86.32,102.44,JiaXipera МM1110Y,43,1
420,420100154549482690420,"87,87.5,90.5,91.5,93,95,95.5",17.5,86.32,102.44,JiaXipera МM1110Y,43,1
420,420100154549484230420,"85,84.5,86,87,88,88.5,90,90.5",17.1,85.65,101.77,JiaXipera МM1110Y,43,1
420,420100154549479710420,"82,83.5,83,86.5,90,94.5,97,98.5,99.5",18.5,88.01,104.11,JiaXipera МM1110Y,43,1
420,420100154549484240420,"83,82.5,87.5,89.5,91,92.5,92",16.9,85.31,101.44,JiaXipera МM1110Y,43,1
420,420100154549484260420,"81.5,81,84.5,87,88.5,89.5,91.5,91",16.8,85.15,101.28,JiaXipera МM1110Y,43,1
420,420100154549485470420,"84.5,83,86.5,89,90.5,92,94,93",19.3,89.35,105.44,JiaXipera МM1110Y,43,1
420,420100154549555370420,"83,85.5,89.5,92,93.5,95.5,96.5",18.6,88.18,104.27,JiaXipera МM1110Y,43,1
420,420100154549349150420,"83.5,80.5,85.5,86,89.5,88,91,93.5",15.1,82.29,98.44,JiaXipera МM1110Y,43,1
420,420100154549484320420,"85.5,87,88,89.5,91,92",17.0,85.48,101.61,JiaXipera МM1110Y,43,1
420,420100154549638160420,"86.5,88,92,93,95.5,97.5,101.5,101",20.3,91.04,107.1,JiaXipera МM1110Y,43,1
420,420100154549484340420,"81,81.5,82.5,84,85,87,88.5,89",16.7,84.98,101.11,JiaXipera МM1110Y,43,1
420,420100154549348440420,"80,82.5,83.5,85.5,87.5,89,90.5,91",17.0,85.48,101.61,JiaXipera МM1110Y,43,1
420,420100154549484370420,"85.5,86,87,88.5,90.5,91,94,91",16.9,85.31,101.44,JiaXipera МM1110Y,43,1
420,420100154549484400420,"81,83.5,85,85.5,87,89.5,92.5,91",16.6,84.81,100.94,JiaXipera МM1110Y,43,1
420,420100154549484420420,"82.5,84.5,86,89,93.5,94.5,98.5,95.5",16.5,84.64,100.78,JiaXipera МM1110Y,43,1
420,420100154549484430420,"84,83,84,84.5,85.5,89,89.5,90.5",16.5,84.64,100.78,JiaXipera МM1110Y,43,1
420,420100154549484440420,"80.5,81,82,84,85,86.5,88.5,90,91",17.6,86.49,102.61,JiaXipera МM1110Y,43,1
420,420100154549484150420,"84.5,83,85.5,87,89.5,91,93.5,92.5",16.6,84.81,100.94,JiaXipera МM1110Y,43,1
420,420100154549485260420,"81.5,85,89.5,90.5,93,96,97.5,98.5",19.4,89.52,105.6,JiaXipera МM1110Y,43,1
420,420100154549484460420,"80.5,82,83.5,84,87.5,90,91,92.5",16.6,84.81,100.94,JiaXipera МM1110Y,43,1
420,420100154549555900420,"83,83.5,86.5,88,90,92,91",18.3,87.67,103.77,JiaXipera МM1110Y,43,1
420,420100154549483070420,"96,97,96.5,95.5,94,93.5,94,92.5",17.2,85.82,101.94,JiaXipera МM1110Y,43,1
420,420100154549484490420,"82.5,84,85.5,87.5,89,92.5,93,93.5",17.1,85.65,101.77,JiaXipera МM1110Y,43,1
420,420100154549484500420,"81,81.5,82,83,85.5,87,86",16.7,84.98,101.11,JiaXipera МM1110Y,43,1
420,420100154549484510420,"85.5,83.5,85,87.5,88,90,94,93",16.6,84.81,100.94,JiaXipera МM1110Y,43,1
420,420100154549476490420,"78,77.5,79,81,83,85.5,87,86.5",16.9,85.31,101.44,JiaXipera МM1110Y,43,1
420,420100154549349140420,"85.5,87,88.5,91.5,95,94.5",15.6,83.13,99.28,JiaXipera МM1110Y,43,1
420,420100154549484530420,"82,85,86,87.5,88,89,91.5",16.7,84.98,101.11,JiaXipera МM1110Y,43,1
420,420100154549639570420,"87,85.5,88.5,90,93.5,95.5,96.5,97.5",20.9,92.05,108.1,JiaXipera МM1110Y,43,1
420,420100154549484540420,"85.5,83.5,85.5,87,88,89,91,90.5",16.6,84.81,100.94,JiaXipera МM1110Y,43,1
420,420100154549484550420,"87.5,84,87,96",16.6,84.81,100.94,JiaXipera МM1110Y,43,1
420,420100154549484600420,"87,85,87,88.5,89.5,91,90",16.5,84.64,100.78,JiaXipera МM1110Y,43,1
420,420100154549639470420,"88.5,86.5,91.5,95,98,99,101,104.5",20.5,91.37,107.44,JiaXipera МM1110Y,43,1
420,420100154549555650420,"84,85,88,92.5,94.5,97.5,99.5,100,98",18.4,87.84,103.94,JiaXipera МM1110Y,43,1
420,420100154549484610420,"80.5,79,84.5,86,88,92",16.3,84.31,100.44,JiaXipera МM1110Y,43,1
420,420100154549483450420,"81,82.5,81.5,84,85,87,88.5,89",17.1,85.65,101.77,JiaXipera МM1110Y,43,1
420,420100154549484630420,"83.5,84.5,85.5,90.5,91.5,93.5,94.5,95.5",16.5,84.64,100.78,JiaXipera МM1110Y,43,1
420,420100154549474510420,"86.5,84.5,87,89,90.5,94.5,93.5,95.5,96.5",18.2,87.5,103.61,JiaXipera МM1110Y,43,1
420,420100154549484650420,"83.5,82.5,83.5,89.5",16.3,84.31,100.44,JiaXipera МM1110Y,43,1
420,420100154549475040420,"87,90,88.5,93.5,95,95.5,94",17.7,86.66,102.77,JiaXipera МM1110Y,43,1
420,420100154549484660420,"84,84.5,86,86.5,88,90,92,90.5",16.4,84.47,100.61,JiaXipera МM1110Y,43,1
420,420100154549552780420,"88.5,90,91,95,96.5,98.5,100",19.9,90.36,106.44,JiaXipera МM1110Y,43,1
420,420100154549476060420,"83.5,86,87.5,89.5,90.5,92.5,93.5,94.5",17.4,86.16,102.27,JiaXipera МM1110Y,43,1
420,420100154549484680420,"84,85,88,89,90,91,94,92.5",16.4,84.47,100.61,JiaXipera МM1110Y,43,1
420,420100154549639240420,"87.5,88.5,93,94.5,96,100.5,100,101.5",20.9,92.05,108.1,JiaXipera МM1110Y,43,1
420,420100154549484690420,"85.5,88,89,92,91.5,92,91.5",16.3,84.31,100.44,JiaXipera МM1110Y,43,1
420,420100154549475700420,"84.5,85,85.5,88,88.5,89.5,92.5,92,92.5",17.3,85.99,102.11,JiaXipera МM1110Y,43,1
420,420100154549484700420,"85.5,87,88.5,87.5,89.5,90.5,91,90.5",16.4,84.47,100.61,JiaXipera МM1110Y,43,1
420,420100154549484730420,"82.5,83,84,84.5,86.5,90,91.5,93,93.5",16.3,84.31,100.44,JiaXipera МM1110Y,43,1
420,420100154549553930420,"81,80.5,83,86,90,90.5,91",17.5,86.32,102.44,JiaXipera МM1110Y,43,1
420,420100154549484910420,"81.5,84,85.5,87,89,91,91.5,93,94,95.5",19.4,89.52,105.6,JiaXipera МM1110Y,43,1
420,420100154549479170420,"85.5,86.5,89.5,90.5,92.5,93.5,95.5,97,97.5",18.7,88.34,104.44,JiaXipera МM1110Y,43,1
420,420100154549476970420,"84,89,92,93,92.5,94.5,96,97,98,99,100",19.4,89.52,105.6,JiaXipera МM1110Y,43,1
420,420100154549484920420,"81.5,81,86,88,89.5,90,92.5,94.5,95",19.4,89.52,105.6,JiaXipera МM1110Y,43,1
420,420100154549484970420,"87,85.5,88,89.5,92,93.5,94.5,92.5",16.4,84.47,100.61,JiaXipera МM1110Y,43,1
420,420100154549485030420,"85,89.5,92,94.5,95.5,97.5,100.5,99",19.4,89.52,105.6,JiaXipera МM1110Y,43,1
420,420100154549484570420,"80.5,81.5,86,87,89,91,91.5,92,92.5",16.4,84.47,100.61,JiaXipera МM1110Y,43,1
420,420100154549485040420,"84,85,87.5,89,91.5,92.5,94.5,95",19.3,89.35,105.44,JiaXipera МM1110Y,43,1
420,420100154549485070420,"90,87.5,88.5,91,95.5,97,98,97",19.3,89.35,105.44,JiaXipera МM1110Y,43,1
420,420100154549638700420,"87,88,90,90.5,93.5,95,97,96.5",20.3,91.04,107.1,JiaXipera МM1110Y,43,1
420,420100154549485090420,"85.5,88.5,90.5,93,95.5,99,99.5,98.5",19.3,89.35,105.44,JiaXipera МM1110Y,43,1
420,420100154549485100420,"88,92,94,91.5,95.5,95,98,96.5",16.5,84.64,100.78,JiaXipera МM1110Y,43,1
420,420100154549554200420,"85,87,89,90.5,92.5,94,93.5",17.1,85.65,101.77,JiaXipera МM1110Y,43,1
420,420100154549476010420,"84,86,88.5,91,92.5,93.5,95,94",17.9,87.0,103.11,JiaXipera МM1110Y,43,1
420,420100154549485120420,"85.5,86.5,90,94.5,97,99,102.5,101.5",19.2,89.18,105.27,JiaXipera МM1110Y,43,1
420,420100154549479670420,"83.5,86,89,92.5,93.5,95,96,98",18.5,88.01,104.11,JiaXipera МM1110Y,43,1
420,420100154549485150420,"85,88,89.5,91,92,94,96,96.5",19.3,89.35,105.44,JiaXipera МM1110Y,43,1
420,420100154549485200420,"83,84.5,87,89.5,93,95.5,96.5,96.5",19.2,89.18,105.27,JiaXipera МM1110Y,43,1
420,420100154549484830420,"83,81.5,83.5,86,88.5,91,92",16.4,84.47,100.61,JiaXipera МM1110Y,43,1
420,420100154549485210420,"81,83.5,87,90.5,91.5,94,96.5,95.5",19.2,89.18,105.27,JiaXipera МM1110Y,43,1
420,420100154549485240420,"84.5,89,90.5,93.5,95.5,96,97",19.3,89.35,105.44,JiaXipera МM1110Y,43,1
420,420100154549484410420,"83.5,83,83.5,85.5,89,90,92.5,92",16.5,84.64,100.78,JiaXipera МM1110Y,43,1
420,420100154549483100420,"79.5,80,85.5,88.5,91,92.5,93.5,93",17.2,85.82,101.94,JiaXipera МM1110Y,43,1
420,420100154549483620420,"82.5,83.5,87.5,89,90.5,91.5,93,95",16.8,85.15,101.28,JiaXipera МM1110Y,43,1
420,420100154549485300420,"86,91.5,92.5,97,99",19.3,89.35,105.44,JiaXipera МM1110Y,43,1
420,420100154549485280420,"86.5,85,87.5,90,91.5,93.5,95.5,94.5",19.3,89.35,105.44,JiaXipera МM1110Y,43,1
420,420100154549485370420,"81.5,80.5,86.5,88.5,90,93.5,94,94.5",19.4,89.52,105.6,JiaXipera МM1110Y,43,1
420,420100154549485430420,"82.5,83.5,85.5,88.5,91.5,95,94,96.5,98",19.3,89.35,105.44,JiaXipera МM1110Y,43,1
420,420100154549349080420,"87.5,91,93,93.5,95.5,97.5,96.5",15.4,82.79,98.94,JiaXipera МM1110Y,43,1
420,420100154549485450420,"82,84,86,89,92,93,96,95.5",19.3,89.35,105.44,JiaXipera МM1110Y,43,1
420,420100154549552450420,"84,87,89,91,94,97,100,99.5",20.4,91.2,107.27,JiaXipera МM1110Y,43,1
420,420100154549485480420,"86.5,87,89.5,91,93,95,97,97.5,99",19.3,89.35,105.44,JiaXipera МM1110Y,43,1
420,420100154549486880420,"80,80.5,82.5,87,87.5,91.5,92,92.5",18.4,87.84,103.94,JiaXipera МM1110Y,43,1
420,420100154549476590420,"80,81,83.5,85.5,87,89.5,91.5,90.5",16.7,84.98,101.11,JiaXipera МM1110Y,43,1
420,420100154549485490420,"84,83,86.5,87,88,89,90,90.5,91,92",19.3,89.35,105.44,JiaXipera МM1110Y,43,1
420,420100154549348630420,"80,82.5,86.5,89.5,90,92,94.5",16.6,84.81,100.94,JiaXipera МM1110Y,43,1
420,420100154549478010420,"82,84.5,86.5,89.5,92,94,95,94",18.9,88.68,104.77,JiaXipera МM1110Y,43,1
420,420100154549486050420,"81,83,88,87.5,90,93,93.5,94.5",18.9,88.68,104.77,JiaXipera МM1110Y,43,1
420,420100154549556160420,"84.5,85,89,90.5,93.5,94,96.5,95",18.7,88.34,104.44,JiaXipera МM1110Y,43,1
420,420100154549476900420,"84.5,85,88.5,90,93,94.5,96.5,96",19.5,89.69,105.77,JiaXipera МM1110Y,43,1
420,420100154549485580420,"83.5,84.5,85.5,86,88.5,89,90,91",19.2,89.18,105.27,JiaXipera МM1110Y,43,1
420,420100154549485600420,"83.5,85,86.5,88.5,90,92,93,92",19.1,89.02,105.11,JiaXipera МM1110Y,43,1
420,420100154549485610420,"86.5,89,89.5,91,92.5,95,94",19.2,89.18,105.27,JiaXipera МM1110Y,43,1
420,420100154549485730420,"85,89.5,91,93,96,97.5,97",19.3,89.35,105.44,JiaXipera МM1110Y,43,1
420,420100154549485800420,"82.5,84,85.5,90.5,94,95,98,97",19.1,89.02,105.11,JiaXipera МM1110Y,43,1
420,420100154549485810420,"88,86,87.5,91,94.5,96.5,97.5,96.5",19.2,89.18,105.27,JiaXipera МM1110Y,43,1
420,420100154549476050420,"80.5,79.5,82.5,85,86.5,88.5,91,89.5",17.0,85.48,101.61,JiaXipera МM1110Y,43,1
420,420100154549485850420,"85.5,89,90.5,95,96.5,97.5,100,99.5",19.1,89.02,105.11,JiaXipera МM1110Y,43,1
420,420100154549485920420,"82,81,84.5,86,88,89.5,92,93.5",19.0,88.85,104.94,JiaXipera МM1110Y,43,1
420,420100154549485940420,"78.5,80.5,82.5,84.5,87.5,91.5,93.5,92.5",18.9,88.68,104.77,JiaXipera МM1110Y,43,1
420,420100154549477630420,"82,87.5,92,93.5,96,99.5,102,101.5",19.2,89.18,105.27,JiaXipera МM1110Y,43,1
420,420100154549486110420,"84,85.5,86,87,89,90,93,92",18.8,88.51,104.61,JiaXipera МM1110Y,43,1
420,420100154549485960420,"84.5,86,87,87.5,91.5,92.5,96.5,95",19.0,88.85,104.94,JiaXipera МM1110Y,43,1
420,420100154549556630420,"84.5,84,85,86.5,87,89,88.5,89.5,92.5,91",18.2,87.5,103.61,JiaXipera МM1110Y,43,1
420,420100154549484220420,"82,83,84.5,86.5,87,89.5,88.5",16.5,84.64,100.78,JiaXipera МM1110Y,43,1
420,420100154549486030420,"82.5,83.5,88,89,91,94.5,95.5,96,96.5",18.8,88.51,104.61,JiaXipera МM1110Y,43,1
420,420100154549553890420,"84,83,85,87,88,91,93,94",17.8,86.83,102.94,JiaXipera МM1110Y,43,1
420,420100154549482840420,"83,84,85.5,89.5,91.5,93,95,96.5",17.2,85.82,101.94,JiaXipera МM1110Y,43,1
420,420100154549486060420,"82,82.5,86.5,87.5,90.5,92,95,95.5",18.9,88.68,104.77,JiaXipera МM1110Y,43,1
420,420100154549552860420,"88,86.5,89.5,90.5,95,96.5,100.5,101.5,103.5",19.8,90.19,106.27,JiaXipera МM1110Y,43,1
420,420100154549486090420,"83,86.5,87.5,91,90.5,92,92.5",18.9,88.68,104.77,JiaXipera МM1110Y,43,1
420,420100154549486100420,"85.5,84.5,88,91,93,96.5,98,98.5",18.8,88.51,104.61,JiaXipera МM1110Y,43,1
420,420100154549348390420,"81.5,82.5,85.5,87.5,89.5,91.5,92,92.5",17.1,85.65,101.77,JiaXipera МM1110Y,43,1
420,420100154549486130420,"87,84,87,90.5,93,95,96.5,98.5",18.8,88.51,104.61,JiaXipera МM1110Y,43,1
420,420100154549486140420,"83,85,87,90.5,92.5,96,97.5,98",18.8,88.51,104.61,JiaXipera МM1110Y,43,1
420,420100154549639600420,"85,84,85,87,88,89.5,91.5,90.5",20.1,90.7,106.77,NS,NS,0
420,420100154549552700420,"88.5,89,95.5,97,100,102,106.5,107.5",19.9,90.36,106.44,NS,NS,0
420,420100154549555110420,"77.5,74.5,73,72.5,73.5,72.5,70",16.0,83.8,99.94,NS,NS,0
420,420100154549479260420,"78,77,76,79.5,80.5,83,84.5,84",16.9,85.31,101.44,NS,NS,0
420,420100154549556280420,"83.5,87.5,91,81.5",18.2,87.5,103.61,NS,NS,0
420,420100154549474730420,"73,78,82.5,84,85.5,86.5,89,86.5",18.1,87.33,103.44,NS,NS,0
420,420100154549477110420,"88.5,88,92.5,94,96.5,98.5,100,102.5,104,104.5,105,106",19.6,89.86,105.94,NS,NS,0
420,420100154549476430420,"79,80,82,83,84.5,86,88.5,81.5",16.8,85.15,101.28,NS,NS,0
420,420100154549476690420,"81.5,83,85.5,86,87,88,84.5",16.8,85.15,101.28,NS,NS,0
420,420100154549484310420,"91.5,92,91.5,92,90.5,91.5,91,80.5",17.0,85.48,101.61,NS,NS,0
420,420100154549477010420,"85,88.5,90,94.5,95.5,99,100.5,102,104,105,105.5,106.5",19.4,89.52,105.6,NS,NS,0
420,420100154549348420420,"80.5,81.5,84,85,87,88,480.5,480.5",17.1,85.65,101.77,NS,NS,0
420,420100154549484160420,"81.5,83,84.5,86,88.5,480,480",17.0,85.48,101.61,NS,NS,0
420,420100154549484330420,"81,82,83,85,86.5,89.5,89,79.5",16.7,84.98,101.11,NS,NS,0
420,420100154549474630420,"84.5,86,87,89.5,91,93,95.5,80.5",18.3,87.67,103.77,NS,NS,0
420,420100154549475420420,"81,82.5,84,87.5,91,80",17.6,86.49,102.61,NS,NS,0
420,420100154549475400420,"84,85.5,87,88.5,90.5,92.5,481,481",18.0,87.17,103.27,NS,NS,0
420,420100154549481130420,"81.5,81.5",17.8,86.83,102.94,NS,NS,0
420,420100154549484380420,"80,83.5,85.5,87.5,88,89.5,80",16.6,84.81,100.94,NS,NS,0
420,420100154549481150420,"60.5,64,66,67.5,68.5,70,71,70.5",17.7,86.66,102.77,NS,NS,0
420,420100154549482030420,"80,79,79",17.5,86.32,102.44,NS,NS,0
420,420100154549484140420,"82.5,83,84.5,86,88,89,91.5,83",17.0,85.48,101.61,NS,NS,0
420,420100154549481290420,"72.5,77.5,79,80.5,82,81.5,82.5,82",17.5,86.32,102.44,NS,NS,0
420,420100154549486000420,"83.5,81,87",18.8,88.51,104.61,NS,NS,0
420,420100154549484710420,"83.5,83,84.5,86,87.5,88,78",16.3,84.31,100.44,NS,NS,0
420,420100154549484100420,"81.5,82.5,84.5,87,88,90,91,82.5",17.1,85.65,101.77,NS,NS,0
420,420100154549484720420,"85.5,87,87.5,89,88,91,91.5,82.5",16.4,84.47,100.61,NS,NS,0
999,999999,"65.7,66.8,67.4,69.8,73.0,75.2",10.2,999.0,999.0,999,999,0
999,999999,"110.5,112.2,114.3,113.7,114.6",10.3,999.0,999.0,999,999,0
999,999999,"105.8,108.3,110.0,111.6,113.1,114.5,117.1,117.2,118.3,119.5",10.2,999.0,999.0,999,999,0
999,999999,"81.1,82.5,82.9,84.1,86.2,87.4,89.9,91.3,93.4",10.5,999.0,999.0,999,999,0
999,999999,"78.9,160.9,86.1,88.0,89.2",10.4,999.0,999.0,999,999,0
999,999999,"74.8,76.3,78.0,79.2,82.1,85.6,87.7,89.2",10.7,999.0,999.0,999,999,0
999,999999,"60.8,61.8,64.7,67.1,70.6,69.7,69.8,71.2",10.4,999.0,999.0,999,999,0
999,999999,"87.6,87.2,87.0,88.0,91.8,92.3,94.0,96.7",10.8,999.0,999.0,999,999,0
999,999999,"89.2,91.0,93.1,95.3,97.2,99.4,173.7",10.6,999.0,999.0,999,999,0
999,999999,"76.7,79.9,80.9,121.9,87.0,88.5,89.3,91.1,95.6",10.9,999.0,999.0,999,999,0
999,999999,"77.9,79.7,82.1,137.3,86.1,89.7",11.1,999.0,999.0,999,999,0
999,999999,"110.5,82.6,84.3,83.3,84.4,85.6,89.3,92.0",10.7,999.0,999.0,999,999,0
999,999999,"86.1,87.5,86.2,87.1,90.1,90.3,91.4",11.2,999.0,999.0,999,999,0
999,999999,"103.9,104.6,106.5,110.1,110.5,111.6,113.2",10.9,999.0,999.0,999,999,0
999,999999,"54.5,56.7,59.5,62.8,64.3,65.3,65.5,67.0,70.1",11.2,999.0,999.0,999,999,0
999,999999,"108.8,169.7,116.6,117.6,116.5,118.8,119.8",11.5,999.0,999.0,999,999,0
999,999999,"90.5,88.5,91.0,92.0,93.2,94.7,97.0,100.3,103.2,104.4",11.5,999.0,999.0,999,999,0
999,999999,"85.1,86.4,89.3,88.4,88.4",11.8,999.0,999.0,999,999,0
999,999999,"62.9,64.6,63.7,65.1,66.0,67.8,69.5,72.6,72.9,73.7",12.1,999.0,999.0,999,999,0
999,999999,"75.5,76.3,73.3,176.0,81.2",12.4,999.0,999.0,999,999,0
999,999999,"63.9,66.1,63.1,65.1,65.8,68.3,70.2,71.1",12.3,999.0,999.0,999,999,0
999,999999,"88.1,88.7,92.1,93.4,180.1,99.8",11.8,999.0,999.0,999,999,0
999,999999,"67.9,71.5,73.7,76.2,77.3,80.9",12.1,999.0,999.0,999,999,0
999,999999,"80.0,83.5,85.3,88.2,89.3,92.3",12.3,999.0,999.0,999,999,0
999,999999,"107.7,108.9,113.9,115.9,116.1,115.6,117.3,24.8,117.2,119.1",12.9,999.0,999.0,999,999,0
999,999999,"97.6,99.9,100.3,103.0,187.6,100.4,104.4,107.4,108.9",12.4,999.0,999.0,999,999,0
999,999999,"68.4,72.7,75.0,76.9,80.0",12.9,999.0,999.0,999,999,0
999,999999,"84.4,85.8,88.7,90.1,94.1,95.7,96.0",13.0,999.0,999.0,999,999,0
999,999999,"65.2,66.2,66.2,68.8,74.0,75.2,77.6",12.9,999.0,999.0,999,999,0
999,999999,"69.5,72.6,75.2,75.4,77.1,80.8,85.1",13.1,999.0,999.0,999,999,0
999,999999,"79.4,79.6,182.9,81.4,24.0,86.3",13.4,999.0,999.0,999,999,0
999,999999,"100.8,102.8,105.0,107.9,111.3,111.3,117.8,118.6,118.6,119.9",13.5,999.0,999.0,999,999,0
999,999999,"71.8,73.5,76.9,80.0,82.4,84.6",13.5,999.0,999.0,999,999,0
999,999999,"41.0,42.5,45.4,49.3,139.1,53.4,55.7,61.1,64.2,70.3",12.9,999.0,999.0,999,999,0
999,999999,"67.9,70.9,24.4,70.5,73.0",13.1,999.0,999.0,999,999,0
999,999999,"64.3,64.6,66.8,69.2,73.2,76.4,78.3",13.7,999.0,999.0,999,999,0
999,999999,"87.3,90.2,94.6,94.0,94.0,98.7,100.1,102.8",13.6,999.0,999.0,999,999,0
999,999999,"102.3,103.8,107.0,107.4,107.1,107.9,108.7,110.6,113.5,117.6",14.2,999.0,999.0,999,999,0
999,999999,"95.7,97.8,100.1,98.6,100.2,105.6",13.6,999.0,999.0,999,999,0
999,999999,"73.0,74.7,76.3,79.6,79.4,81.3,78.5,80.0,80.0,115.2",13.5,999.0,999.0,999,999,0
999,999999,"76.1,76.1,74.3,198.8,73.3,73.5,75.5,77.3,80.2",13.8,999.0,999.0,999,999,0
999,999999,"95.1,99.1,100.6,103.1,103.7,105.2",13.7,999.0,999.0,999,999,0
999,999999,"73.4,74.6,73.4,74.5,76.8,79.3,83.1,87.9,88.7",13.9,999.0,999.0,999,999,0
999,999999,"97.3,101.5,104.5,107.8,108.8",14.3,999.0,999.0,999,999,0
999,999999,"102.0,104.5,106.4,108.3,110.2",14.3,999.0,999.0,999,999,0
999,999999,"95.2,96.7,96.8,99.2,100.1,102.1,103.4,108.3",14.1,999.0,999.0,999,999,0
999,999999,"63.1,63.1,62.9,67.6,21.5,73.3",15.1,999.0,999.0,999,999,0
999,999999,"102.6,104.7,106.8,108.1,111.0,112.8,116.1",14.5,999.0,999.0,999,999,0
999,999999,"98.8,99.9,102.5,183.2,102.3,105.4,107.2,109.6,109.5,114.1",14.6,999.0,999.0,999,999,0
999,999999,"79.4,79.4,80.7,82.6,84.8,139.6,87.5,89.5,89.7,91.1",14.5,999.0,999.0,999,999,0
999,999999,"61.2,65.1,66.4,68.0,70.1,69.0,72.2,70.9,71.7,70.6",14.8,999.0,999.0,999,999,0
999,999999,"65.3,67.1,68.1,67.4,68.7,70.4,71.5,73.0",15.3,999.0,999.0,999,999,0
999,999999,"85.9,88.0,89.4,89.3,92.8,95.7,97.6,97.1,100.3",14.9,999.0,999.0,999,999,0
999,999999,"85.9,88.6,92.0,93.7,15.3,94.6",15.4,999.0,999.0,999,999,0
999,999999,"99.5,102.8,103.5,105.4,105.9",15.7,999.0,999.0,999,999,0
999,999999,"87.8,90.6,92.9,97.4,100.4,102.3,104.2,106.6",15.3,999.0,999.0,999,999,0
999,999999,"70.6,73.8,74.5,109.5,75.7,72.8,73.0,73.8,76.2",15.7,999.0,999.0,999,999,0
999,999999,"89.9,91.9,93.2,165.5,96.0,98.4,98.7,103.4,104.2",15.3,999.0,999.0,999,999,0
999,999999,"90.2,92.4,94.7,98.2,102.0,104.5",15.8,999.0,999.0,999,999,0
999,999999,"62.2,64.0,63.1,65.7,68.0,70.8,71.5",15.6,999.0,999.0,999,999,0
999,999999,"94.6,96.3,99.2,100.5,101.1,100.7,164.9,104.2,103.4,107.2",15.9,999.0,999.0,999,999,0
999,999999,"94.8,92.7,94.5,94.0,96.0,92.3,92.3,95.5,95.2,98.5",16.4,999.0,999.0,999,999,0
999,999999,"98.4,101.5,100.1,103.5,103.0,104.4,105.5,23.7,108.5,112.0",16.5,999.0,999.0,999,999,0
999,999999,"96.0,97.6,98.2,102.0,104.0,105.6,108.0",16.3,999.0,999.0,999,999,0
999,999999,"82.0,83.3,85.0,87.6,89.9,91.4,94.8,151.2",16.2,999.0,999.0,999,999,0
999,999999,"80.5,82.4,82.4,84.7,81.4,82.5,83.9,86.4,85.9,85.2",16.1,999.0,999.0,999,999,0
999,999999,"63.7,65.5,67.8,65.9,66.0,69.2,70.8,70.4,72.1,71.6",17.0,999.0,999.0,999,999,0
999,999999,"80.0,79.6,83.7,85.2,89.6,91.3,97.8",16.4,999.0,999.0,999,999,0
999,999999,"103.3,104.2,107.2,105.7,106.6,108.1,112.2",16.5,999.0,999.0,999,999,0
999,999999,"68.7,71.0,70.5,72.0,73.8,73.4,74.4",17.0,999.0,999.0,999,999,0
999,999999,"51.4,54.4,58.9,58.5,58.6,60.6,19.6,65.6,70.0,71.5",16.6,999.0,999.0,999,999,0
999,999999,"111.0,109.6,110.5,110.0,111.6",17.1,999.0,999.0,999,999,0
999,999999,"154.8,108.6,110.9,112.0,111.6,115.4,116.0",16.9,999.0,999.0,999,999,0
999,999999,"53.4,57.3,59.5,171.7,62.0,64.9,68.1,70.6,73.3,74.2",17.5,999.0,999.0,999,999,0
999,999999,"90.5,92.1,89.4,90.2,91.5,90.7",17.2,999.0,999.0,999,999,0
999,999999,"73.9,74.6,76.3,76.9,76.8",17.3,999.0,999.0,999,999,0
999,999999,"108.5,111.1,113.5,113.7,115.8",17.1,999.0,999.0,999,999,0
999,999999,"126.5,68.0,68.6,71.1,72.2,73.3,75.7,77.8,78.8,81.5",18.1,999.0,999.0,999,999,0
999,999999,"83.5,86.4,90.3,94.9,96.3,98.4",18.0,999.0,999.0,999,999,0
999,999999,"109.0,109.3,109.5,111.2,115.3,115.9,119.1,119.6",18.0,999.0,999.0,999,999,0
999,999999,"76.2,76.3,80.2,83.2,84.4,22.1",18.4,999.0,999.0,999,999,0
999,999999,"95.9,96.8,98.8,100.4,103.4,102.4,103.0,103.1",17.7,999.0,999.0,999,999,0
999,999999,"71.7,79.2,80.0,79.9,82.3,85.0,88.7,88.9,87.7",18.4,999.0,999.0,999,999,0
999,999999,"87.9,88.0,89.1,91.8,92.9,95.7,96.7,97.5",17.8,999.0,999.0,999,999,0
999,999999,"65.3,66.9,68.7,71.6,72.8,74.3,75.4,77.9,79.5",18.6,999.0,999.0,999,999,0
999,999999,"89.2,88.9,92.5,93.9,95.4,95.9,94.6,96.1",18.4,999.0,999.0,999,999,0
999,999999,"23.8,100.8,105.1,105.4,106.4",18.2,999.0,999.0,999,999,0
999,999999,"62.3,66.8,70.1,68.7,71.2,72.8,73.7,72.4",18.8,999.0,999.0,999,999,0
999,999999,"78.3,80.1,82.1,83.0,85.0,87.0,88.5",19.3,999.0,999.0,999,999,0
999,999999,"69.7,165.5,17.8,69.8,70.4,72.8,74.7,75.5,74.3",19.4,999.0,999.0,999,999,0
999,999999,"98.3,101.1,102.9,103.5,18.6,106.4,109.3,113.0",19.3,999.0,999.0,999,999,0
999,999999,"91.3,92.2,95.3,97.4,96.0,98.1,101.0,103.4,104.6",18.9,999.0,999.0,999,999,0
999,999999,"86.6,87.6,89.9,92.0,93.4,97.1,98.5,100.7",19.3,999.0,999.0,999,999,0
999,999999,"60.4,61.9,63.6,64.1,65.6,69.8,71.6,70.7,72.8,74.1",19.6,999.0,999.0,999,999,0
999,999999,"79.6,81.9,81.1,83.6,86.0,87.0,87.3,85.6",19.3,999.0,999.0,999,999,0
999,999999,"66.9,67.3,67.8,70.2,74.0,74.5,74.4,70.5",19.6,999.0,999.0,999,999,0
999,999999,"65.2,65.3,71.6,69.9,71.9,73.4,75.9,100.6,83.0",19.7,999.0,999.0,999,999,0
999,999999,"102.3,106.0,107.7,110.0,112.1,112.5,114.3",19.5,999.0,999.0,999,999,0
999,999999,"103.0,103.5,104.7,108.4,114.0,112.5,114.6,116.6,116.4",20.0,999.0,999.0,999,999,0
999,999999,"78.6,80.1,83.4,87.0,90.2,92.4",19.8,999.0,999.0,999,999,0
999,999999,"101.6,99.2,100.6,105.2,104.1,103.3",20.3,999.0,999.0,999,999,0
999,999999,"83.4,85.3,87.1,90.5,93.7,97.7,99.7,16.4,102.7,103.2",20.2,999.0,999.0,999,999,0
999,999999,"105.7,106.5,108.1,109.3,113.3,113.6",20.0,999.0,999.0,999,999,0
999,999999,"59.7,58.3,61.1,64.8,67.9,69.4,68.8,73.5",19.8,999.0,999.0,999,999,0
999,999999,"23.4,110.0,113.9,112.7,116.7",20.9,999.0,999.0,999,999,0
999,999999,"56.6,60.3,63.6,71.2,73.2,73.5,76.5,77.9,79.1,81.6",20.8,999.0,999.0,999,999,0
999,999999,"72.6,76.2,78.3,78.2,79.6,78.3,76.7,77.9,83.5",21.1,999.0,999.0,999,999,0
999,999999,"60.6,66.6,67.1,68.3,70.6",21.0,999.0,999.0,999,999,0
999,999999,"81.1,82.0,84.6,85.7,89.7,90.7,92.6",21.1,999.0,999.0,999,999,0
999,999999,"73.5,75.0,74.6,75.9,79.2,80.1,80.5,82.2,83.8",20.9,999.0,999.0,999,999,0
999,999999,"61.5,62.3,64.5,68.0,66.7,21.6",21.1,999.0,999.0,999,999,0
999,999999,"95.6,97.6,98.2,100.7,101.5,16.8,103.4,107.2,108.4",20.8,999.0,999.0,999,999,0
999,999999,"96.8,97.8,98.5,103.3,106.5,107.8",21.5,999.0,999.0,999,999,0
999,999999,"103.3,102.3,103.8,107.1,107.8,109.8,112.9,115.0,113.8",21.8,999.0,999.0,999,999,0
999,999999,"100.6,105.0,107.5,110.3,111.4,113.2,112.4,112.8",21.1,999.0,999.0,999,999,0
999,999999,"96.1,96.6,96.5,94.2,97.0,96.5",21.1,999.0,999.0,999,999,0
999,999999,"71.3,72.0,74.6,77.0,80.1,81.4,80.3,83.2",21.7,999.0,999.0,999,999,0
999,999999,"68.2,69.6,70.5,70.9,71.5,74.0,77.5,78.9,81.9",21.9,999.0,999.0,999,999,0
999,999999,"83.2,85.9,85.2,85.0,88.6,87.3",21.9,999.0,999.0,999,999,0
999,999999,"93.5,95.6,97.3,97.7,99.8,99.6",21.5,999.0,999.0,999,999,0
999,999999,"62.0,65.4,64.3,66.5,68.7,72.1,73.9,76.6",21.9,999.0,999.0,999,999,0
999,999999,"94.3,95.6,96.6,96.5,165.4,96.9",22.5,999.0,999.0,999,999,0
999,999999,"93.8,95.3,97.7,98.8,100.3,102.4,104.4,108.4",22.7,999.0,999.0,999,999,0
999,999999,"93.8,94.9,96.0,97.9,99.8",22.6,999.0,999.0,999,999,0
999,999999,"92.0,184.1,98.2,100.1,101.2,15.6,103.9,107.1",22.8,999.0,999.0,999,999,0
999,999999,"83.8,88.7,88.8,91.4,91.6,91.2,91.1,92.6,95.8,95.8",22.2,999.0,999.0,999,999,0
999,999999,"75.0,78.2,81.7,83.4,83.5,86.3",22.6,999.0,999.0,999,999,0
999,999999,"87.0,88.6,88.1,89.9,89.6,88.2",22.3,999.0,999.0,999,999,0
999,999999,"58.4,60.1,62.0,66.4,68.1,70.0,73.4,76.7,77.5,78.9",22.6,999.0,999.0,999,999,0
999,999999,"108.4,107.7,111.4,112.0,110.2,111.8,112.8,112.5",22.9,999.0,999.0,999,999,0
999,999999,"93.5,96.0,97.2,98.5,101.1,101.7,103.6,105.9,108.7",22.7,999.0,999.0,999,999,0
999,999999,"63.1,63.8,66.7,69.5,70.8,71.9,174.3,77.5,79.3,77.5",23.1,999.0,999.0,999,999,0
999,999999,"85.1,87.1,18.0,89.2,117.7",23.3,999.0,999.0,999,999,0
999,999999,"61.6,63.8,66.1,68.0,71.7,75.2",23.7,999.0,999.0,999,999,0
999,999999,"91.0,91.9,94.9,95.8,26.0",23.8,999.0,999.0,999,999,0
999,999999,"105.7,107.4,107.5,107.5,112.2,113.5,116.7,118.5,117.0,117.8",23.2,999.0,999.0,999,999,0
999,999999,"101.5,104.6,105.7,105.8,108.2,109.6,112.7,113.7,115.4,117.6",23.6,999.0,999.0,999,999,0
999,999999,"99.3,98.4,95.5,97.0,99.9,101.3,104.8,107.0",23.4,999.0,999.0,999,999,0
999,999999,"61.9,64.3,67.0,28.1,69.1,69.1,71.5,75.0,76.3",23.4,999.0,999.0,999,999,0
999,999999,"102.7,103.8,106.4,108.0,110.0,112.5,114.2,117.1,117.1,118.2",23.9,999.0,999.0,999,999,0
999,999999,"103.6,104.3,106.1,108.1,109.4,112.5,115.7,117.3,17.6",23.6,999.0,999.0,999,999,0
999,999999,"58.5,58.7,60.1,62.8,67.1,68.2,70.5,73.8,74.5,75.6",24.6,999.0,999.0,999,999,0
999,999999,"94.3,96.8,98.2,99.9,102.8,104.7,106.4,107.7",23.8,999.0,999.0,999,999,0
999,999999,"89.9,92.2,92.1,95.0,97.7,98.8,98.9",24.4,999.0,999.0,999,999,0
999,999999,"95.3,97.3,99.5,142.6,26.4,108.3,110.3",24.2,999.0,999.0,999,999,0
999,999999,"102.5,85.3,86.8,88.8,91.1",24.3,999.0,999.0,999,999,0
999,999999,"65.9,68.8,73.5,79.0,81.0,82.6,83.6,86.1,87.3,89.7",24.4,999.0,999.0,999,999,0
999,999999,"75.1,75.1,75.9,79.2,77.9,83.3,84.0,84.1,87.7",24.8,999.0,999.0,999,999,0
999,999999,"89.7,92.9,95.4,97.0,98.0,99.8,97.3,99.8",25.0,999.0,999.0,999,999,0
999,999999,"93.6,96.1,97.3,97.2,100.0,103.6,104.9,105.8,109.4,113.1",25.1,999.0,999.0,999,999,0
999,999999,"75.4,76.3,77.7,78.0,81.7,81.0,82.0",24.8,999.0,999.0,999,999,0
999,999999,"63.0,66.7,67.6,69.6,73.7",25.4,999.0,999.0,999,999,0
999,999999,"69.9,70.5,72.3,72.8,75.1,75.4,76.5",25.0,999.0,999.0,999,999,0
999,999999,"111.8,113.2,112.2,113.5,114.7",24.9,999.0,999.0,999,999,0
999,999999,"60.8,62.2,64.5,66.6,67.5,68.7,71.9,73.2,74.2,78.8",25.2,999.0,999.0,999,999,0
999,999999,"76.3,78.2,77.2,78.6,83.6,85.2,88.9",25.4,999.0,999.0,999,999,0
999,999999,"103.9,103.3,105.3,107.4,109.4,110.0,113.7,116.9,119.3",25.2,999.0,999.0,999,999,0
999,999999,"92.3,95.6,98.4,101.0,103.0,103.9",25.4,999.0,999.0,999,999,0
999,999999,"66.6,67.6,68.4,71.0,70.5",25.5,999.0,999.0,999,999,0
999,999999,"101.3,101.6,102.7,105.5,107.7,106.8,107.6,108.9,110.2",25.5,999.0,999.0,999,999,0
999,999999,"59.0,60.3,62.5,72.5,72.6,76.5",25.7,999.0,999.0,999,999,0
999,999999,"67.0,68.0,70.7,75.2,76.0,15.2,113.7,83.0,83.7,84.4",25.8,999.0,999.0,999,999,0
999,999999,"100.5,100.3,102.3,101.1,101.9,102.6,104.2,105.4,107.7",25.8,999.0,999.0,999,999,0
999,999999,"70.6,68.8,70.6,72.9,72.2,72.0",26.1,999.0,999.0,999,999,0
999,999999,"94.7,93.0,95.7,98.2,101.9",26.7,999.0,999.0,999,999,0
999,999999,"91.0,91.6,25.1,93.3,92.0,96.5,99.3,101.6,101.9,103.8",26.8,999.0,999.0,999,999,0
999,999999,"69.8,111.2,70.0,70.8,69.4,71.7,75.7",26.3,999.0,999.0,999,999,0
999,999999,"102.9,104.0,101.7,103.0,104.4",26.6,999.0,999.0,999,999,0
999,999999,"61.5,61.5,64.1,66.7,67.2,69.4,72.5,72.2,73.6",26.8,999.0,999.0,999,999,0
999,999999,"85.4,89.5,91.6,89.7,89.4,90.0",26.5,999.0,999.0,999,999,0
999,999999,"95.3,93.6,96.1,99.0,99.4,104.5,107.7,106.7",27.4,999.0,999.0,999,999,0
999,999999,"68.9,71.3,72.9,79.0,78.8,79.0,81.7",27.4,999.0,999.0,999,999,0
999,999999,"68.7,72.1,70.4,68.9,69.0,70.1,71.3",26.8,999.0,999.0,999,999,0
999,999999,"111.8,112.4,112.3,147.9,19.2,114.8,117.7",27.5,999.0,999.0,999,999,0
999,999999,"102.2,105.4,110.4,173.6,110.7",27.1,999.0,999.0,999,999,0
999,999999,"82.5,83.6,85.5,84.1,86.8,86.1,85.5,87.7,92.8,94.6",27.5,999.0,999.0,999,999,0
999,999999,"72.7,73.7,78.4,80.0,80.9,81.0,83.6,89.7",28.0,999.0,999.0,999,999,0
999,999999,"77.8,78.3,77.1,78.1,79.2,81.0,82.1,83.6,85.1",27.7,999.0,999.0,999,999,0
999,999999,"101.7,101.4,104.6,106.8,105.6,106.3,110.4",27.5,999.0,999.0,999,999,0
999,999999,"79.2,81.0,83.6,86.8,90.6,90.4,91.1,94.9,95.1",28.1,999.0,999.0,999,999,0
999,999999,"93.2,94.5,95.5,98.4,99.8,24.6,103.4",28.4,999.0,999.0,999,999,0
999,999999,"54.5,56.6,57.2,58.6,25.7,63.1,66.0,69.9,104.1,72.8",27.6,999.0,999.0,999,999,0
999,999999,"61.8,65.1,25.2,71.3,74.4,75.7,77.3",28.6,999.0,999.0,999,999,0
999,999999,"105.4,107.7,108.9,113.4,113.9,117.1",28.5,999.0,999.0,999,999,0
999,999999,"58.9,61.2,61.9,63.6,65.2,69.7,72.1,74.6,153.3,78.6",28.8,999.0,999.0,999,999,0
999,999999,"89.1,90.9,93.0,95.2,155.8,97.7,96.0,96.4",28.7,999.0,999.0,999,999,0
999,999999,"61.4,63.5,65.0,67.4,72.4,71.7,74.1,127.9,77.7,78.9",28.5,999.0,999.0,999,999,0
999,999999,"71.6,72.5,75.3,78.0,80.0,82.0,83.7",28.5,999.0,999.0,999,999,0
999,999999,"101.1,103.4,102.3,105.8,107.5,110.1,112.3,112.9",28.6,999.0,999.0,999,999,0
999,999999,"95.6,97.7,100.7,102.9,106.0,107.7,107.9,108.1",29.2,999.0,999.0,999,999,0
999,999999,"165.6,112.7,115.2,115.6,113.9,117.4,119.1",28.6,999.0,999.0,999,999,0
999,999999,"90.7,94.0,96.1,96.8,98.5,98.8,101.7,103.0",28.8,999.0,999.0,999,999,0
999,999999,"93.6,97.8,99.8,102.4,105.9,107.0",29.3,999.0,999.0,999,999,0
999,999999,"96.2,94.6,93.4,96.6,98.2,100.0,101.4,102.4,102.7",29.0,999.0,999.0,999,999,0
999,999999,"68.2,68.7,70.0,74.1,74.7,74.8",29.0,999.0,999.0,999,999,0
999,999999,"106.4,105.3,133.3,105.4,106.2,107.4,109.2,112.5,110.2,111.4",30.0,999.0,999.0,999,999,0
999,999999,"77.4,78.1,77.9,79.7,80.7,82.2,81.3,83.5,87.0",30.1,999.0,999.0,999,999,0
999,999999,"106.6,106.8,107.4,109.1,111.9,114.9,115.6,21.3",29.6,999.0,999.0,999,999,0
999,999999,"63.3,65.9,17.3,68.4,69.7,70.2,74.6,75.4",29.4,999.0,999.0,999,999,0
999,999999,"109.0,106.6,109.0,111.4,112.5",30.1,999.0,999.0,999,999,0
999,999999,"69.5,70.2,71.4,74.3,78.1,78.5,78.0,79.0",29.9,999.0,999.0,999,999,0
999,999999,"79.2,81.4,84.0,87.0,90.2",30.5,999.0,999.0,999,999,0
999,999999,"84.9,21.9,84.2,86.5,88.6",29.7,999.0,999.0,999,999,0
999,999999,"93.9,96.2,97.3,100.0,101.1,103.4,104.1,105.8,107.9",30.4,999.0,999.0,999,999,0
999,999999,"63.1,63.3,63.9,64.1,66.8,68.4,71.5,26.5,75.4,179.6",30.2,999.0,999.0,999,999,0
999,999999,"97.8,96.8,96.3,97.2,97.4",30.2,999.0,999.0,999,999,0
999,999999,"64.1,67.7,70.1,72.2,75.9,77.5,80.4,81.6",30.1,999.0,999.0,999,999,0
999,999999,"85.8,87.9,89.2,92.5,94.7,96.2,96.0,98.9,99.8,104.3",31.0,999.0,999.0,999,999,0
999,999999,"86.8,89.2,90.0,93.6,99.3,103.5,104.7,106.6,22.7",30.4,999.0,999.0,999,999,0
999,999999,"89.2,93.0,92.5,93.9,92.9,93.2,94.1",31.0,999.0,999.0,999,999,0
999,999999,"75.7,75.3,75.4,76.4,79.1,80.8,81.7,86.9",31.5,999.0,999.0,999,999,0
999,999999,"63.9,66.2,65.3,67.0,68.7,71.8,73.7",31.5,999.0,999.0,999,999,0
999,999999,"94.8,168.6,95.0,97.8,100.7,103.2",31.1,999.0,999.0,999,999,0
999,999999,"77.7,79.6,81.9,81.0,83.1,81.9,81.9",31.0,999.0,999.0,999,999,0
999,999999,"106.6,109.2,109.5,109.5,111.5,114.0,114.4,114.3,23.9,118.5",31.6,999.0,999.0,999,999,0
999,999999,"77.4,78.6,81.7,81.5,84.3",31.8,999.0,999.0,999,999,0
999,999999,"102.8,103.8,106.4,108.1,110.6,114.5,114.8",31.3,999.0,999.0,999,999,0
999,999999,"74.0,76.9,81.1,84.7,83.7,84.6,88.0,92.2",31.8,999.0,999.0,999,999,0
999,999999,"80.7,83.4,84.1,85.1,86.9,89.1,90.2,93.3,92.7,93.1",31.3,999.0,999.0,999,999,0
999,999999,"72.2,74.0,73.2,77.9,78.8,85.8,87.3",31.7,999.0,999.0,999,999,0
999,999999,"61.8,65.9,70.4,71.2,72.5,75.2,75.9,78.3",32.4,999.0,999.0,999,999,0
999,999999,"86.5,86.1,87.4,91.1,92.0,91.9,94.2",31.8,999.0,999.0,999,999,0
999,999999,"77.0,76.9,77.2,79.6,81.5,81.3,87.2,89.7,93.2",32.2,999.0,999.0,999,999,0
999,999999,"67.6,68.5,69.3,70.2,71.0,74.2,76.7,80.7",32.2,999.0,999.0,999,999,0
999,999999,"102.0,100.3,103.8,105.9,106.2,108.6,109.7,109.3",32.9,999.0,999.0,999,999,0
999,999999,"71.6,72.5,75.6,75.2,76.7,77.6,79.7,82.3",32.9,999.0,999.0,999,999,0
999,999999,"100.8,101.4,101.9,105.2,107.8,108.5,112.0,112.9",32.5,999.0,999.0,999,999,0
999,999999,"104.2,104.9,104.7,107.3,108.9,109.8,108.5,110.5,107.9,109.9",32.9,999.0,999.0,999,999,0
999,999999,"61.2,62.8,64.1,65.7,66.5,69.7,68.4,69.3,71.7,73.3",32.7,999.0,999.0,999,999,0
999,999999,"106.7,107.9,108.0,108.9,106.6,107.2",33.3,999.0,999.0,999,999,0
999,999999,"99.8,105.0,106.5,108.6,110.0",33.3,999.0,999.0,999,999,0
999,999999,"101.4,102.8,104.2,107.1,110.7",33.4,999.0,999.0,999,999,0
999,999999,"87.0,85.6,88.6,89.2,89.4",33.5,999.0,999.0,999,999,0
999,999999,"78.8,80.0,80.3,83.0,83.6,84.8,88.4,89.7,90.7",33.7,999.0,999.0,999,999,0
999,999999,"52.6,55.6,58.8,61.1,63.3,66.6,67.5,70.1",33.2,999.0,999.0,999,999,0
999,999999,"82.3,84.2,85.2,90.3,91.5,92.8,94.9,97.6",33.5,999.0,999.0,999,999,0
999,999999,"109.6,109.6,108.5,111.7,113.6,115.4,117.2,117.7,117.2",33.4,999.0,999.0,999,999,0
999,999999,"66.6,63.6,65.1,68.8,69.3,70.6",33.3,999.0,999.0,999,999,0
999,999999,"95.1,98.9,99.5,101.5,102.8,102.3,101.2,103.2,105.4,105.8",33.9,999.0,999.0,999,999,0
999,999999,"84.1,85.1,84.5,85.2,89.5,91.1,90.4,120.4,91.6,95.1",33.7,999.0,999.0,999,999,0
999,999999,"110.7,110.5,111.3,113.3,115.5",33.9,999.0,999.0,999,999,0
999,999999,"85.5,85.8,85.9,83.5,83.2,86.7,89.1",33.7,999.0,999.0,999,999,0
999,999999,"85.1,25.2,86.8,89.2,89.9,91.5,94.1,95.6,99.1,102.6",34.6,999.0,999.0,999,999,0
999,999999,"95.6,97.4,102.6,103.3,106.8,106.6,110.5,113.2,114.0,116.5",34.7,999.0,999.0,999,999,0
999,999999,"93.5,95.3,96.4,94.6,95.0,97.1,99.0,102.4,104.6,20.6",34.7,999.0,999.0,999,999,0
999,999999,"109.5,15.1,113.1,111.7,110.1,112.2",34.6,999.0,999.0,999,999,0
999,999999,"77.1,80.0,84.0,85.1,86.1,86.5",34.3,999.0,999.0,999,999,0
999,999999,"64.9,68.2,70.8,74.2,76.0,78.9,79.1,81.4,83.8,86.2",34.4,999.0,999.0,999,999,0
999,999999,"77.9,79.4,81.3,79.9,80.5,81.6,82.8",34.9,999.0,999.0,999,999,0
999,999999,"104.3,105.1,104.9,108.7,16.1,112.6",35.4,999.0,999.0,999,999,0
999,999999,"88.9,88.7,92.2,150.6,94.5,96.2,97.9",9.7,999.0,999.0,999,999,0
999,999999,"59.1,60.2,64.2,66.6,65.5,147.0,69.6,70.1",10.2,999.0,999.0,999,999,0
999,999999,"66.7,67.6,70.9,73.9,133.6,77.2,78.7,80.0,82.1",10.6,999.0,999.0,999,999,0
999,999999,"107.1,110.7,111.6,114.2,111.5,112.6,112.6,115.0",10.5,999.0,999.0,999,999,0
999,999999,"111.6,111.8,112.5,112.3,111.3,112.7,114.1",10.2,999.0,999.0,999,999,0
999,999999,"61.0,65.5,66.2,67.7,71.3",10.7,999.0,999.0,999,999,0
999,999999,"157.0,104.3,106.6,107.6,107.2,107.7,109.0",11.1,999.0,999.0,999,999,0
999,999999,"109.0,105.2,106.6,110.4,111.1,109.7,111.0,113.8,117.5,119.5",10.7,999.0,999.0,999,999,0
999,999999,"107.1,106.6,109.1,111.1,112.2,113.4",10.4,999.0,999.0,999,999,0
999,999999,"58.2,58.4,60.3,62.9,64.7,63.8,66.1,67.2,69.3,71.8",11.1,999.0,999.0,999,999,0
999,999999,"96.4,97.3,99.5,99.4,101.7,105.2,108.8,110.4,111.7",10.5,999.0,999.0,999,999,0
999,999999,"80.7,82.9,84.5,87.4,89.8,91.1",10.6,999.0,999.0,999,999,0
999,999999,"68.3,192.8,76.6,19.1,78.3",10.7,999.0,999.0,999,999,0
999,999999,"67.4,66.7,67.2,71.7,72.0,74.5,75.2,79.1",11.1,999.0,999.0,999,999,0
999,999999,"101.1,103.1,103.8,106.9,108.9,107.5,109.7",11.9,999.0,999.0,999,999,0
999,999999,"59.5,60.1,62.0,61.8,66.8,70.2,72.5,75.1,74.7",11.8,999.0,999.0,999,999,0
999,999999,"101.7,102.6,104.6,103.3,105.7,107.9,109.8,111.1,113.9,115.0",11.5,999.0,999.0,999,999,0
999,999999,"76.5,77.1,80.7,26.9,82.3,85.0,88.5,91.0,90.6",11.7,999.0,999.0,999,999,0
999,999999,"100.3,100.6,98.1,100.3,101.3",12.1,999.0,999.0,999,999,0
999,999999,"90.6,90.3,92.3,93.9,90.7",11.4,999.0,999.0,999,999,0
999,999999,"107.0,110.7,113.0,114.9,115.3,115.2,117.1",11.9,999.0,999.0,999,999,0
999,999999,"63.7,64.7,66.4,68.8,71.0,69.5,71.7",12.5,999.0,999.0,999,999,0
999,999999,"89.8,88.0,90.7,93.1,96.1,97.3,99.0",12.3,999.0,999.0,999,999,0
999,999999,"76.2,78.9,82.5,81.3,85.2,88.5,89.8,91.6",12.2,999.0,999.0,999,999,0
999,999999,"69.2,72.6,74.4,76.1,77.2",12.8,999.0,999.0,999,999,0
999,999999,"105.5,107.7,105.8,109.3,110.5,112.4,113.7",12.4,999.0,999.0,999,999,0
999,999999,"70.6,70.0,70.1,72.0,71.0,70.6,72.0",12.2,999.0,999.0,999,999,0
999,999999,"95.3,100.0,99.8,101.1,104.3,106.2,109.4,115.2,115.8,116.6",12.9,999.0,999.0,999,999,0
999,999999,"69.8,70.0,70.1,71.2,74.5,76.4,77.1,80.0,81.0",12.6,999.0,999.0,999,999,0
999,999999,"69.3,70.0,70.7,72.5,74.3,76.3,76.4",12.8,999.0,999.0,999,999,0
999,999999,"68.6,71.3,73.2,73.0,74.4,75.2",13.3,999.0,999.0,999,999,0
999,999999,"68.1,68.4,134.6,72.5,73.1",13.5,999.0,999.0,999,999,0
999,999999,"58.1,60.9,65.9,68.8,28.4",13.5,999.0,999.0,999,999,0
999,999999,"140.1,102.1,104.8,105.0,104.5,105.3,108.5",13.2,999.0,999.0,999,999,0
999,999999,"90.6,150.0,97.0,98.4,101.0",13.4,999.0,999.0,999,999,0
999,999999,"76.1,74.5,76.2,78.8,79.4,80.3,78.3,79.8",13.5,999.0,999.0,999,999,0
999,999999,"110.5,113.0,111.6,114.1,116.7,116.4,117.5,119.4,118.4,119.0",13.5,999.0,999.0,999,999,0
999,999999,"74.6,75.9,78.1,81.7,80.7",13.5,999.0,999.0,999,999,0
999,999999,"58.7,65.4,64.2,65.2,66.9,70.2,70.0,72.3",13.7,999.0,999.0,999,999,0
999,999999,"101.4,24.3,105.7,105.4,106.4",14.2,999.0,999.0,999,999,0
999,999999,"107.3,108.1,108.5,108.1,108.0,108.3,110.3,109.4",14.0,999.0,999.0,999,999,0
999,999999,"69.0,71.2,72.3,74.2,73.7,77.2,78.8,80.7,80.7",14.0,999.0,999.0,999,999,0
999,999999,"76.6,78.9,80.1,82.1,86.2",14.4,999.0,999.0,999,999,0
999,999999,"84.2,83.8,85.3,159.1,87.9,87.2,86.1,87.8,87.9",13.9,999.0,999.0,999,999,0
999,999999,"73.5,73.1,74.9,76.6,78.0,81.7,83.4,87.3,89.3,94.6",14.4,999.0,999.0,999,999,0
999,999999,"188.4,87.0,86.4,84.8,86.0,88.4,90.7",14.2,999.0,999.0,999,999,0
999,999999,"74.7,79.5,81.7,83.3,82.1,80.1",14.4,999.0,999.0,999,999,0
999,999999,"103.6,106.3,104.3,105.4,107.1,109.6,108.6,108.9,109.4",14.5,999.0,999.0,999,999,0
999,999999,"86.0,89.1,90.9,93.2,95.2,95.9,99.1,99.3,100.0,101.1",14.4,999.0,999.0,999,999,0
999,999999,"61.2,62.3,63.9,65.8,69.2,71.5,76.4",14.5,999.0,999.0,999,999,0
999,999999,"75.7,79.4,79.7,82.6,85.1",15.4,999.0,999.0,999,999,0
999,999999,"98.7,95.8,97.0,98.7,101.7,103.6",14.6,999.0,999.0,999,999,0
999,999999,"72.3,74.2,76.7,76.8,77.6,192.8,83.8,85.4",15.5,999.0,999.0,999,999,0
999,999999,"68.5,67.7,67.6,69.2,71.8,74.4,76.8",15.7,999.0,999.0,999,999,0
999,999999,"65.3,67.8,70.0,67.2,68.9,71.4,71.8,73.2,187.7",15.2,999.0,999.0,999,999,0
999,999999,"105.5,102.5,103.6,105.9,107.9,106.1",15.8,999.0,999.0,999,999,0
999,999999,"111.2,113.6,115.8,119.5,116.2,116.7",15.2,999.0,999.0,999,999,0
999,999999,"106.4,108.6,108.1,108.6,174.0,110.5",15.4,999.0,999.0,999,999,0
999,999999,"83.6,88.5,88.2,154.2,93.9",15.5,999.0,999.0,999,999,0
999,999999,"85.5,87.1,89.8,89.6,16.2,94.8,96.2,97.4,99.5",16.3,999.0,999.0,999,999,0
999,999999,"67.4,69.7,67.7,69.4,71.0,72.7,74.8,77.3,80.1",15.6,999.0,999.0,999,999,0
999,999999,"70.2,69.6,71.2,72.8,73.6,73.8,76.3,135.1,79.0",16.0,999.0,999.0,999,999,0
999,999999,"81.7,85.1,86.6,88.4,91.5,92.7,95.2,97.7,94.0",16.1,999.0,999.0,999,999,0
999,999999,"109.6,110.2,19.2,108.3,109.8,112.7,116.6,117.8,118.1",16.0,999.0,999.0,999,999,0
999,999999,"72.3,75.5,78.0,78.8,80.8",16.2,999.0,999.0,999,999,0
999,999999,"87.6,92.1,94.5,95.7,96.4,98.7,100.7,102.1,102.7",16.9,999.0,999.0,999,999,0
999,999999,"75.9,77.7,77.6,78.8,79.0,78.5",16.1,999.0,999.0,999,999,0
999,999999,"62.3,64.1,25.7,67.8,71.8,74.5",16.3,999.0,999.0,999,999,0
999,999999,"78.3,76.5,78.8,80.2,82.7,83.2,86.2",16.3,999.0,999.0,999,999,0
999,999999,"86.6,84.3,82.5,86.8,20.0",16.7,999.0,999.0,999,999,0
999,999999,"67.2,70.2,72.1,74.2,75.9",16.6,999.0,999.0,999,999,0
999,999999,"109.3,110.0,153.5,112.3,113.9,114.3,113.5,116.4",17.5,999.0,999.0,999,999,0
999,999999,"64.7,67.5,69.4,70.9,75.1,78.5",17.5,999.0,999.0,999,999,0
999,999999,"90.3,91.9,96.0,97.1,99.8,100.7,104.3",17.6,999.0,999.0,999,999,0
999,999999,"60.2,62.0,66.2,67.1,69.5,71.2,73.8,75.7,79.0",17.2,999.0,999.0,999,999,0
999,999999,"92.1,94.2,95.9,98.6,99.4,102.1",17.1,999.0,999.0,999,999,0
999,999999,"90.8,93.1,93.7,96.8,98.6,100.3",18.0,999.0,999.0,999,999,0
999,999999,"111.7,113.1,111.8,113.8,113.5,114.6,114.7,116.6,119.6",17.6,999.0,999.0,999,999,0
999,999999,"78.4,82.1,84.2,85.3,88.5",17.9,999.0,999.0,999,999,0
999,999999,"90.2,94.2,95.3,98.4,98.5,99.4,102.3,106.6,107.8,109.9",18.0,999.0,999.0,999,999,0
999,999999,"96.4,102.3,100.9,100.0,101.6",18.0,999.0,999.0,999,999,0
999,999999,"110.1,111.4,110.7,113.6,115.0",18.2,999.0,999.0,999,999,0
999,999999,"94.4,96.1,99.0,101.4,103.0,104.9,105.2,111.3,105.5",18.4,999.0,999.0,999,999,0
999,999999,"103.3,105.3,106.7,108.0,108.6,110.0,112.9,113.4",18.6,999.0,999.0,999,999,0
999,999999,"98.1,100.1,99.6,101.8,103.9,104.5,106.2,105.4,107.1",18.4,999.0,999.0,999,999,0
999,999999,"101.8,98.9,100.1,101.5,105.3,109.8",19.0,999.0,999.0,999,999,0
999,999999,"90.0,91.8,91.1,91.9,93.3,96.8",18.2,999.0,999.0,999,999,0
999,999999,"105.9,105.6,106.9,108.1,107.6,110.0,198.3,111.4",18.8,999.0,999.0,999,999,0
999,999999,"109.4,162.7,113.3,114.8,116.2,117.0,117.8,117.5",18.4,999.0,999.0,999,999,0
999,999999,"101.6,103.0,105.3,105.5,25.5,119.7,111.6",18.6,999.0,999.0,999,999,0
999,999999,"93.9,96.7,96.8,99.6,101.8,102.9,103.9,105.1,105.1",19.5,999.0,999.0,999,999,0
999,999999,"67.6,70.6,73.1,74.5,76.8,77.5",18.9,999.0,999.0,999,999,0
999,999999,"19.3,97.2,99.7,103.4,102.2,105.5,108.5",18.9,999.0,999.0,999,999,0
999,999999,"92.9,95.1,96.7,101.1,106.0",19.3,999.0,999.0,999,999,0
999,999999,"92.1,94.5,94.6,93.1,95.2,97.2",19.2,999.0,999.0,999,999,0
999,999999,"92.3,94.2,93.8,96.8,96.3,99.9,101.5,103.8",19.7,999.0,999.0,999,999,0
999,999999,"94.7,96.4,97.8,96.2,97.0,97.5",19.5,999.0,999.0,999,999,0
999,999999,"93.4,96.1,98.6,97.5,99.6,99.9,97.7",20.0,999.0,999.0,999,999,0
999,999999,"110.1,111.3,111.3,111.1,113.0",20.2,999.0,999.0,999,999,0
999,999999,"67.2,70.4,72.6,72.4,73.2,74.3,74.3,76.2,78.2,77.3",19.8,999.0,999.0,999,999,0
999,999999,"72.2,72.0,75.4,77.1,150.1,80.6",20.4,999.0,999.0,999,999,0
999,999999,"74.6,72.9,72.7,73.9,76.5,78.1,80.6",20.4,999.0,999.0,999,999,0
999,999999,"80.3,82.0,85.8,88.6,88.3",20.6,999.0,999.0,999,999,0
999,999999,"104.6,107.6,112.4,113.0,115.1",20.7,999.0,999.0,999,999,0
999,999999,"105.6,107.1,105.3,108.8,109.9,111.1,112.3,113.5,115.7",20.7,999.0,999.0,999,999,0
999,999999,"109.0,110.4,112.3,111.9,109.8,110.0,113.4,115.0,25.9",20.5,999.0,999.0,999,999,0
999,999999,"60.6,63.9,65.7,65.6,64.3,64.6,68.5,71.9",20.1,999.0,999.0,999,999,0
999,999999,"61.7,63.7,64.1,65.5,69.3,72.1,25.1,73.6,74.1,75.4",20.5,999.0,999.0,999,999,0
999,999999,"65.6,66.7,69.2,70.6,73.0,77.8,76.7,77.5",20.9,999.0,999.0,999,999,0
999,999999,"99.6,100.1,100.8,104.8,107.2,107.2,111.2,112.8",20.6,999.0,999.0,999,999,0
999,999999,"94.4,94.1,95.4,97.6,100.0,101.4,103.0",20.6,999.0,999.0,999,999,0
999,999999,"78.8,80.2,82.9,84.3,87.5,90.1,92.0,93.3,94.3,97.5",21.4,999.0,999.0,999,999,0
999,999999,"89.8,91.2,93.3,95.2,97.6,99.5,100.4",21.2,999.0,999.0,999,999,0
999,999999,"82.6,84.0,81.7,86.0,86.5,87.7,86.7,89.0,89.8",20.9,999.0,999.0,999,999,0
999,999999,"107.1,106.7,109.3,114.6,117.1,115.1,117.5,119.8",21.7,999.0,999.0,999,999,0
999,999999,"72.0,72.7,72.7,72.6,73.2,77.0,77.4",21.6,999.0,999.0,999,999,0
999,999999,"96.6,100.2,102.9,106.8,108.4",21.3,999.0,999.0,999,999,0
999,999999,"99.7,101.7,104.7,107.1,107.2,108.5",22.0,999.0,999.0,999,999,0
999,999999,"71.2,72.5,73.7,74.2,76.2,75.7,76.9",22.1,999.0,999.0,999,999,0
999,999999,"98.7,97.8,26.7,105.4,101.6,101.2,102.4,101.5,103.2,106.7",22.2,999.0,999.0,999,999,0
999,999999,"93.4,96.3,96.0,97.5,101.7",22.2,999.0,999.0,999,999,0
999,999999,"86.0,88.1,88.1,89.9,90.1,92.4,97.8,97.9",21.8,999.0,999.0,999,999,0
999,999999,"96.1,96.9,98.9,98.8,99.8,99.1,100.1,101.8,102.9,105.5",22.5,999.0,999.0,999,999,0
999,999999,"69.9,71.8,72.5,72.8,16.7,78.7,80.7,83.3",22.4,999.0,999.0,999,999,0
999,999999,"99.8,101.2,105.6,107.4,108.9,109.2,109.0,110.8,111.4,114.6",22.4,999.0,999.0,999,999,0
999,999999,"72.3,73.9,76.0,78.1,82.8,84.8",22.1,999.0,999.0,999,999,0
999,999999,"97.1,98.3,100.6,101.2,103.4,105.2,108.1,110.6,114.5",22.9,999.0,999.0,999,999,0
999,999999,"91.8,114.2,94.2,94.4,95.0,96.8,98.9",22.3,999.0,999.0,999,999,0
999,999999,"68.9,67.4,69.4,70.0,71.7",23.3,999.0,999.0,999,999,0
999,999999,"67.7,69.9,70.8,74.6,76.2,77.6,79.5",23.3,999.0,999.0,999,999,0
999,999999,"63.4,66.6,68.2,68.4,69.5,72.0,71.1,75.2,77.0,78.1",23.2,999.0,999.0,999,999,0
999,999999,"73.3,76.7,79.3,80.0,82.8,84.6,85.3,87.3",23.5,999.0,999.0,999,999,0
999,999999,"110.4,110.0,109.2,112.1,113.1",23.3,999.0,999.0,999,999,0
999,999999,"86.7,87.2,89.8,92.4,96.7",23.0,999.0,999.0,999,999,0
999,999999,"109.8,111.2,114.4,113.5,116.5,115.2,116.8,118.4",23.9,999.0,999.0,999,999,0
999,999999,"65.2,66.8,70.9,71.9,75.0",23.7,999.0,999.0,999,999,0
999,999999,"78.1,80.6,85.0,84.9,83.7,84.5,88.2,90.1",23.1,999.0,999.0,999,999,0
999,999999,"102.1,103.9,103.0,106.2,108.7,108.9,111.7",23.8,999.0,999.0,999,999,0
999,999999,"91.6,94.2,96.5,97.9,98.9,98.4,102.6,104.2,105.1",23.6,999.0,999.0,999,999,0
999,999999,"91.2,163.6,96.4,97.6,102.0,103.8",24.4,999.0,999.0,999,999,0
999,999999,"107.5,110.9,113.6,113.6,118.0,119.0",24.2,999.0,999.0,999,999,0
999,999999,"100.4,99.7,191.9,101.5,101.1,104.0",24.1,999.0,999.0,999,999,0
999,999999,"73.3,76.8,77.2,77.2,77.5,76.1,79.4",24.4,999.0,999.0,999,999,0
999,999999,"71.6,72.7,76.5,79.5,81.5,84.8",24.0,999.0,999.0,999,999,0
999,999999,"103.2,101.5,103.8,106.8,106.9",24.4,999.0,999.0,999,999,0
999,999999,"83.9,82.5,82.0,85.0,83.8",24.7,999.0,999.0,999,999,0
999,999999,"64.0,66.3,69.6,67.8,68.8,73.8,27.5,74.6,75.1,81.4",24.8,999.0,999.0,999,999,0
999,999999,"83.8,85.9,88.5,91.2,94.3,92.9",24.5,999.0,999.0,999,999,0
999,999999,"20.3,86.5,88.5,90.4,94.4,97.3,97.5",24.9,999.0,999.0,999,999,0
999,999999,"83.3,85.5,81.3,81.5,81.2",25.1,999.0,999.0,999,999,0
999,999999,"95.7,98.9,99.1,97.9,98.9,101.6,100.3,156.7,99.2,100.9",24.6,999.0,999.0,999,999,0
999,999999,"72.8,74.1,74.3,73.8,71.6,72.0,73.2",24.7,999.0,999.0,999,999,0
999,999999,"109.4,175.1,112.5,115.5,116.7,118.6",25.5,999.0,999.0,999,999,0
999,999999,"64.0,66.6,17.9,69.0,71.7,74.8,75.2,73.0,75.0,75.6",25.5,999.0,999.0,999,999,0
999,999999,"61.9,62.8,65.9,66.1,67.7,72.0,74.5,79.0,81.2",25.5,999.0,999.0,999,999,0
999,999999,"64.3,18.9,70.7,71.7,74.2,74.5,76.7,80.7,78.9",26.0,999.0,999.0,999,999,0
999,999999,"83.4,86.0,85.2,87.1,88.1,90.8,90.3,22.6,94.3",25.4,999.0,999.0,999,999,0
999,999999,"81.7,87.1,89.0,87.2,87.2,90.4",25.8,999.0,999.0,999,999,0
999,999999,"73.7,158.3,76.7,76.6,76.6,78.6,76.5,79.6",25.5,999.0,999.0,999,999,0
999,999999,"86.8,86.6,90.0,95.3,96.0,97.4,101.6,105.1,105.7",25.6,999.0,999.0,999,999,0
999,999999,"91.0,90.2,92.5,94.9,96.9,98.6,102.8",25.6,999.0,999.0,999,999,0
999,999999,"83.8,86.3,90.0,90.1,89.2,91.5,89.8,95.8,95.5,99.6",26.3,999.0,999.0,999,999,0
999,999999,"93.2,136.6,93.8,92.4,95.3,97.2,100.7,103.1",26.5,999.0,999.0,999,999,0
999,999999,"62.5,65.1,66.9,196.3,69.9,68.8,70.5",26.3,999.0,999.0,999,999,0
999,999999,"70.0,73.5,78.5,82.3,82.9,84.9,88.7,89.8,157.5,92.4",26.0,999.0,999.0,999,999,0
999,999999,"79.0,80.5,81.1,81.6,80.7,81.7,81.8,84.8,84.9,89.3",26.2,999.0,999.0,999,999,0
999,999999,"69.4,70.3,69.9,70.2,71.0",26.6,999.0,999.0,999,999,0
999,999999,"78.8,80.4,82.5,86.2,88.1,89.3,90.9,91.4,94.3",26.6,999.0,999.0,999,999,0
999,999999,"87.5,89.6,91.2,92.9,95.5,96.6,96.4",26.7,999.0,999.0,999,999,0
999,999999,"78.0,81.0,83.4,81.8,84.2,127.8,88.6,93.0,95.9,95.1",26.8,999.0,999.0,999,999,0
999,999999,"53.7,194.9,58.6,61.4,63.5,65.7,70.9,69.6,70.3,70.5",26.9,999.0,999.0,999,999,0
999,999999,"74.4,77.2,77.4,77.6,80.3",26.9,999.0,999.0,999,999,0
999,999999,"72.1,74.6,76.2,74.2,76.2,76.6,78.5,80.3",27.2,999.0,999.0,999,999,0
999,999999,"93.8,94.9,95.4,95.4,97.7",27.5,999.0,999.0,999,999,0
999,999999,"71.1,72.8,75.1,76.7,75.4,78.2",27.7,999.0,999.0,999,999,0
999,999999,"68.0,69.5,69.4,69.4,70.2,71.2,74.6,75.2",27.8,999.0,999.0,999,999,0
999,999999,"22.9,81.8,81.9,85.1,87.3,88.1,87.8,89.7",27.4,999.0,999.0,999,999,0
999,999999,"68.9,70.0,69.6,71.5,72.4,21.6,76.5",27.7,999.0,999.0,999,999,0
999,999999,"66.6,69.3,70.4,70.8,68.4,70.0,71.0,71.3,74.3,77.7",27.6,999.0,999.0,999,999,0
999,999999,"66.1,25.8,66.3,70.6,72.8",27.6,999.0,999.0,999,999,0
999,999999,"74.8,78.3,81.9,83.8,82.8,85.8,86.7,88.9",27.5,999.0,999.0,999,999,0
999,999999,"56.6,58.7,62.8,63.6,65.4,69.8,71.8,75.1,75.6,79.2",27.9,999.0,999.0,999,999,0
999,999999,"73.4,77.3,77.9,79.3,78.3,83.3,86.0,84.8,86.2,87.8",28.5,999.0,999.0,999,999,0
999,999999,"99.8,101.2,104.6,105.7,107.0,109.9,108.4,108.7,109.2,110.9",28.4,999.0,999.0,999,999,0
999,999999,"101.1,101.9,105.6,16.8,102.8,103.8,103.4,103.0,104.4",28.0,999.0,999.0,999,999,0
999,999999,"154.3,96.1,97.4,99.0,100.0,104.1",28.9,999.0,999.0,999,999,0
999,999999,"72.0,70.6,72.3,74.1,78.7,80.1,78.3",28.9,999.0,999.0,999,999,0
999,999999,"69.0,71.4,73.2,75.1,80.8,79.9,82.2,82.0,85.1",28.3,999.0,999.0,999,999,0
999,999999,"106.6,108.8,110.9,112.3,111.2,112.8,113.9,116.9",28.4,999.0,999.0,999,999,0
999,999999,"96.4,98.9,98.9,99.8,98.1,97.1,97.5,100.3",29.3,999.0,999.0,999,999,0
999,999999,"84.8,86.7,90.8,92.4,92.9,94.1,95.7,18.1,97.2",28.7,999.0,999.0,999,999,0
999,999999,"60.7,61.9,66.5,69.3,71.7",28.8,999.0,999.0,999,999,0
999,999999,"86.7,91.0,93.3,93.9,93.7",29.5,999.0,999.0,999,999,0
999,999999,"89.2,90.5,92.3,96.6,98.3,101.4,102.4,104.9,109.1,107.4",29.6,999.0,999.0,999,999,0
999,999999,"81.7,83.6,85.2,84.8,88.4",29.7,999.0,999.0,999,999,0
999,999999,"81.1,82.0,83.8,84.6,84.6",29.0,999.0,999.0,999,999,0
999,999999,"75.8,79.2,79.7,77.7,79.2,80.4,82.0",29.2,999.0,999.0,999,999,0
999,999999,"97.1,98.5,101.7,105.6,108.3,105.1,108.4,109.6,110.4,108.4",29.6,999.0,999.0,999,999,0
999,999999,"67.1,68.5,70.5,72.5,73.6,75.2,79.4,81.0",30.1,999.0,999.0,999,999,0
999,999999,"89.2,136.6,95.5,96.1,94.9",30.3,999.0,999.0,999,999,0
999,999999,"72.5,77.4,81.1,79.9,80.1,123.2,84.5,84.9",29.9,999.0,999.0,999,999,0
999,999999,"75.7,75.3,75.0,75.3,75.8,78.8,79.8,82.3,81.7",29.9,999.0,999.0,999,999,0
999,999999,"106.1,103.2,106.6,109.1,111.6,110.4",30.1,999.0,999.0,999,999,0
999,999999,"71.1,72.5,75.9,76.0,77.4,81.0,80.3,81.7,83.2",30.7,999.0,999.0,999,999,0
999,999999,"81.5,83.6,86.5,86.7,89.7,91.2,92.2,94.4",29.9,999.0,999.0,999,999,0
999,999999,"65.4,69.4,69.4,72.7,72.5,72.9",30.0,999.0,999.0,999,999,0
999,999999,"61.9,64.4,68.1,67.6,68.0,70.4,73.7",30.5,999.0,999.0,999,999,0
999,999999,"113.5,112.4,112.9,117.0,117.6",30.6,999.0,999.0,999,999,0
999,999999,"104.7,107.5,110.5,110.7,111.1",31.0,999.0,999.0,999,999,0
999,999999,"106.2,106.7,107.8,108.4,108.0,109.2,110.8,111.4,111.8,110.8",31.3,999.0,999.0,999,999,0
999,999999,"85.9,87.3,91.0,93.7,96.2,98.0,102.3,104.3,107.3",30.6,999.0,999.0,999,999,0
999,999999,"78.7,79.2,80.6,81.3,82.1",31.2,999.0,999.0,999,999,0
999,999999,"68.9,72.0,74.6,77.3,78.9,81.3,82.1,83.8,84.5,86.7",30.9,999.0,999.0,999,999,0
999,999999,"89.6,91.2,90.9,93.1,95.3",31.3,999.0,999.0,999,999,0
999,999999,"84.4,84.5,85.7,86.8,90.1,92.4,92.6,96.2",31.8,999.0,999.0,999,999,0
999,999999,"103.0,105.6,107.9,109.0,109.1",31.0,999.0,999.0,999,999,0
999,999999,"79.8,82.8,85.1,86.7,88.7,20.3",31.4,999.0,999.0,999,999,0
999,999999,"86.1,88.5,89.5,90.0,92.2,94.5,95.8,97.7,101.1",31.5,999.0,999.0,999,999,0
999,999999,"110.0,112.3,112.4,113.6,113.5,114.9",31.7,999.0,999.0,999,999,0
999,999999,"70.8,71.1,75.4,73.8,75.0,77.1",31.4,999.0,999.0,999,999,0
999,999999,"100.1,101.6,100.1,101.8,101.3,103.6,104.6",32.1,999.0,999.0,999,999,0
999,999999,"79.5,81.0,81.0,85.2,86.1",32.6,999.0,999.0,999,999,0
999,999999,"93.3,97.0,97.9,100.5,100.1,102.5,105.0,107.5,107.8",31.9,999.0,999.0,999,999,0
999,999999,"81.8,84.3,81.4,82.4,86.1,88.4,86.4,89.5",31.8,999.0,999.0,999,999,0
999,999999,"86.2,89.9,24.7,94.3,93.6,94.0,94.7,95.8",32.9,999.0,999.0,999,999,0
999,999999,"93.9,95.9,94.3,98.4,100.2",32.1,999.0,999.0,999,999,0
999,999999,"69.6,71.7,74.1,72.9,72.5,75.8,77.5,81.6,85.5,87.5",32.7,999.0,999.0,999,999,0
999,999999,"77.5,77.9,80.2,83.5,86.0,88.1,90.9,92.8",32.6,999.0,999.0,999,999,0
999,999999,"89.3,91.5,93.1,94.1,98.0,100.7,102.0,104.2,105.2",32.8,999.0,999.0,999,999,0
999,999999,"100.2,101.6,102.1,104.2,107.5,110.9,114.2,117.0,118.8",33.1,999.0,999.0,999,999,0
999,999999,"75.1,75.6,77.2,78.8,77.9",33.1,999.0,999.0,999,999,0
999,999999,"66.6,67.7,70.7,72.4,75.0,75.9,77.0,79.4",33.1,999.0,999.0,999,999,0
999,999999,"98.5,99.5,100.5,103.3,106.2,107.9,111.8",32.8,999.0,999.0,999,999,0
999,999999,"97.9,100.8,104.2,105.7,104.2,106.2,108.4,112.4,112.8,113.4",33.2,999.0,999.0,999,999,0
999,999999,"69.0,67.6,72.0,74.2,76.3,75.7,77.4,79.4,82.4",33.3,999.0,999.0,999,999,0
999,999999,"76.3,76.5,77.5,79.4,81.3,82.2,82.9,83.5",33.6,999.0,999.0,999,999,0
999,999999,"99.3,100.8,102.9,106.0,108.1,112.1,112.9,112.3",33.9,999.0,999.0,999,999,0
999,999999,"76.5,77.0,80.3,82.4,82.4",33.7,999.0,999.0,999,999,0
999,999999,"105.6,108.2,110.1,111.2,112.1,117.3",33.9,999.0,999.0,999,999,0
999,999999,"67.8,68.6,70.4,72.9,72.6,72.8,71.2",34.1,999.0,999.0,999,999,0
999,999999,"102.4,67.2,70.6,73.6,75.7,78.7,79.7,80.6",34.4,999.0,999.0,999,999,0
999,999999,"68.1,70.2,71.2,138.2,71.7,74.5,76.3",34.4,999.0,999.0,999,999,0
999,999999,"76.9,78.2,79.8,80.0,83.4,83.4,85.5,87.8",34.5,999.0,999.0,999,999,0
999,999999,"71.5,71.2,72.9,75.7,73.6,75.8,77.3,79.5,79.5",34.0,999.0,999.0,999,999,0
999,999999,"107.1,108.1,108.6,108.5,110.0,114.1,115.0,116.5,117.2",34.1,999.0,999.0,999,999,0
999,999999,"57.8,61.6,63.1,22.7,68.9,68.9,67.1,68.7,71.2,71.0",34.4,999.0,999.0,999,999,0
999,999999,"90.2,92.6,93.5,96.9,101.8,102.6,104.1",35.0,999.0,999.0,999,999,0
999,999999,"86.8,85.7,87.2,86.3,86.7,87.9",35.2,999.0,999.0,999,999,0
999,999999,"91.9,94.6,98.0,100.1,103.1,104.2",34.7,999.0,999.0,999,999,0
999,999999,"60.9,63.4,64.0,64.2,66.5,70.2,72.3,74.3,75.5",34.9,999.0,999.0,999,999,0
999,999999,"83.4,174.4,87.4,88.6,90.7",20.0,999.0,999.0,999,999,0
999,999999,"143.0,76.4,79.8,80.5,80.2,82.0,84.8,86.6,88.8,88.1",28.9,999.0,999.0,999,999,0
999,999999,"82.0,84.4,87.4,92.0,95.2,96.4,96.7,96.2",20.2,999.0,999.0,999,999,0
999,999999,"94.6,94.6,98.0,98.5,101.5,103.7,107.2,106.9",11.9,999.0,999.0,999,999,0
999,999999,"102.2,105.1,107.1,109.6,111.1,109.0,112.5,114.2",21.1,999.0,999.0,999,999,0
999,999999,"113.0,116.2,118.2,117.7,117.8,116.3",17.1,999.0,999.0,999,999,0
999,999999,"81.9,83.2,84.0,86.7,85.0,85.9,88.5,168.2",28.6,999.0,999.0,999,999,0
999,999999,"56.2,58.3,58.9,61.9,63.5,64.8,67.5,71.2",12.3,999.0,999.0,999,999,0
999,999999,"62.1,105.1,68.1,67.5,71.5,76.8",20.0,999.0,999.0,999,999,0
999,999999,"67.0,66.0,64.8,67.7,66.2,67.0,67.8,68.8,71.8",22.5,999.0,999.0,999,999,0
999,999999,"98.9,101.6,103.5,103.3,105.3,107.0,105.9,105.3",31.4,999.0,999.0,999,999,0
999,999999,"79.0,81.1,83.8,84.5,82.9",31.6,999.0,999.0,999,999,0
999,999999,"110.3,195.2,116.7,115.6,117.1,118.5",18.0,999.0,999.0,999,999,0
999,999999,"106.7,107.7,110.4,110.2,113.6,116.2,120.4,121.3,119.8",31.0,999.0,999.0,999,999,0
999,999999,"100.9,100.7,102.8,104.6,106.5",18.8,999.0,999.0,999,999,0
999,999999,"95.4,95.5,96.4,97.5,98.8,101.4,106.8,108.2,110.3,112.8",22.5,999.0,999.0,999,999,0
999,999999,"103.7,114.7,108.6,111.1,110.6",19.8,999.0,999.0,999,999,0
999,999999,"82.0,83.3,84.4,84.0,86.1,137.1,88.3,89.5,92.7",20.6,999.0,999.0,999,999,0
999,999999,"104.5,105.5,105.0,105.7,107.4,106.6,109.0",25.4,999.0,999.0,999,999,0
999,999999,"81.7,82.5,83.9,84.2,89.9,93.4",22.7,999.0,999.0,999,999,0
999,999999,"72.8,72.4,74.2,78.4,77.9,77.5,78.1,81.6",25.1,999.0,999.0,999,999,0
999,999999,"70.1,71.4,73.3,73.6,76.4,74.5,76.1,188.6",15.5,999.0,999.0,999,999,0
999,999999,"66.9,68.9,71.1,71.9,71.8,75.0,76.4,77.4",10.7,999.0,999.0,999,999,0
999,999999,"69.0,69.4,72.0,74.3,73.9,73.6",19.3,999.0,999.0,999,999,0
999,999999,"82.1,86.6,91.6,93.6,95.2,95.6",34.4,999.0,999.0,999,999,0
999,999999,"71.1,73.7,74.9,78.6,81.1,82.8,83.9,83.4,83.9,21.3",26.3,999.0,999.0,999,999,0
999,999999,"98.6,97.4,99.6,96.7,98.3,102.0,103.5,105.9",13.9,999.0,999.0,999,999,0
999,999999,"97.3,98.8,97.7,99.6,101.2,101.8,104.3,105.8",23.7,999.0,999.0,999,999,0
999,999999,"88.9,93.2,95.6,94.9,99.3,97.2,98.2,99.7,103.7",28.8,999.0,999.0,999,999,0
999,999999,"66.5,65.3,69.1,70.0,74.5",29.6,999.0,999.0,999,999,0
999,999999,"98.6,99.9,102.6,101.6,103.6,104.9,105.8,109.5",12.2,999.0,999.0,999,999,0
999,999999,"83.9,85.2,83.4,87.1,195.4,91.9",25.7,999.0,999.0,999,999,0
999,999999,"104.2,25.4,106.9,105.2,108.3,109.2",31.3,999.0,999.0,999,999,0
999,999999,"84.9,87.9,89.3,90.8,93.3,91.9,93.8,94.7,96.3,179.3",16.0,999.0,999.0,999,999,0
999,999999,"83.9,84.4,90.7,92.2,95.4",11.8,999.0,999.0,999,999,0
999,999999,"62.1,62.0,60.9,61.2,62.8,69.1,72.3,73.5",10.6,999.0,999.0,999,999,0
999,999999,"61.5,66.0,67.5,69.2,70.8,71.4,73.5",33.5,999.0,999.0,999,999,0
999,999999,"80.9,75.0,75.7,78.0,80.4,81.4,84.4,86.3,89.4,89.9",19.2,999.0,999.0,999,999,0
999,999999,"92.1,94.2,98.2,100.6,104.1,104.6,105.5",14.6,999.0,999.0,999,999,0
999,999999,"86.5,88.7,118.9,92.1,94.1",32.9,999.0,999.0,999,999,0
999,999999,"79.1,80.8,79.7,77.4,76.5,81.4,85.3,87.6,89.7,91.4",15.8,999.0,999.0,999,999,0
999,999999,"83.2,84.6,84.0,87.5,90.0,90.3,91.2,92.6",26.5,999.0,999.0,999,999,0
999,999999,"96.6,99.2,101.1,103.0,102.5,102.6",32.1,999.0,999.0,999,999,0
999,999999,"84.9,87.3,89.0,91.5,93.0,97.7,99.3",28.5,999.0,999.0,999,999,0
999,999999,"67.8,70.4,69.3,71.5,73.2,77.6,78.2",31.3,999.0,999.0,999,999,0
999,999999,"64.3,67.9,67.8,70.7,72.6,74.6,74.2,29.6",11.9,999.0,999.0,999,999,0
999,999999,"87.5,88.2,91.1,92.9,92.5,95.0,100.6,100.7",29.2,999.0,999.0,999,999,0
999,999999,"69.6,72.0,72.8,75.1,72.9,75.1,74.6,80.0",29.0,999.0,999.0,999,999,0
999,999999,"95.7,99.0,100.7,103.3,104.2,105.7,107.4",27.1,999.0,999.0,999,999,0
999,999999,"76.7,78.6,77.0,79.9,78.9,80.2,84.4,85.1,87.0,87.3",29.0,999.0,999.0,999,999,0
999,999999,"92.9,95.2,97.8,96.4,98.2,100.5",14.8,999.0,999.0,999,999,0
999,999999,"78.4,80.0,79.9,84.3,83.0,84.2",20.9,999.0,999.0,999,999,0
999,999999,"82.7,86.4,84.9,86.4,85.4,86.2,86.9",15.7,999.0,999.0,999,999,0
999,999999,"100.4,99.5,102.7,103.5,101.3,103.1,104.8",34.7,999.0,999.0,999,999,0
999,999999,"63.1,66.1,67.2,70.9,74.2,76.1,77.4",16.7,999.0,999.0,999,999,0
999,999999,"93.7,96.6,98.8,101.1,101.3",22.7,999.0,999.0,999,999,0
999,999999,"96.4,98.6,99.1,104.9,106.0,107.5,109.4,110.8,113.2",33.3,999.0,999.0,999,999,0
999,999999,"77.1,79.8,81.8,84.6,84.7,82.2,83.1,83.1",15.2,999.0,999.0,999,999,0
999,999999,"71.6,70.9,74.9,75.2,76.3,78.3,80.4,82.1,84.9,86.9",23.8,999.0,999.0,999,999,0
999,999999,"90.2,91.9,90.8,91.6,94.8",12.3,999.0,999.0,999,999,0
999,999999,"107.9,110.2,111.7,143.3,112.7",17.9,999.0,999.0,999,999,0
999,999999,"107.8,110.8,112.7,113.0,115.4,113.5,114.3,118.2",26.3,999.0,999.0,999,999,0
999,999999,"62.4,62.0,63.3,65.4,66.8,70.0,70.4",12.2,999.0,999.0,999,999,0
999,999999,"63.5,63.9,65.4,67.8,70.1,72.6",23.8,999.0,999.0,999,999,0
999,999999,"68.2,69.3,70.5,72.0,74.0,75.2",19.3,999.0,999.0,999,999,0
999,999999,"61.7,62.6,64.1,68.3,68.6,72.1,72.9,75.5",16.9,999.0,999.0,999,999,0
999,999999,"88.0,91.4,93.0,92.1,95.6",10.9,999.0,999.0,999,999,0
999,999999,"90.4,92.3,93.3,94.6,116.0,96.6",33.7,999.0,999.0,999,999,0
999,999999,"25.9,74.9,76.7,78.9,80.7,82.1,84.0,84.0",11.9,999.0,999.0,999,999,0
999,999999,"56.9,61.7,63.6,65.0,67.3,67.4,71.2,73.6,75.2",19.7,999.0,999.0,999,999,0
999,999999,"98.8,97.7,99.0,100.9,102.9,108.5,111.3,113.7,114.6",14.9,999.0,999.0,999,999,0
999,999999,"91.9,93.2,95.6,97.4,98.8,99.8,99.5,102.8",23.7,999.0,999.0,999,999,0
999,999999,"111.2,110.0,108.5,111.3,25.9,113.8,115.6,118.4",18.6,999.0,999.0,999,999,0
999,999999,"111.1,110.7,116.3,117.9,119.6,117.6,118.4",18.9,999.0,999.0,999,999,0
999,999999,"85.9,88.6,90.5,93.0,91.6,96.3,97.9,101.0,103.1",21.3,999.0,999.0,999,999,0
999,999999,"75.8,73.5,74.3,76.4,78.2,79.3,81.7,81.8,84.7",29.6,999.0,999.0,999,999,0
999,999999,"76.1,77.7,77.4,80.3,82.4,26.9,86.1",29.9,999.0,999.0,999,999,0
999,999999,"106.3,107.9,164.5,110.1,112.0",27.7,999.0,999.0,999,999,0
999,999999,"105.2,105.2,107.5,108.8,109.4,112.0,112.6,114.6,118.3,117.1",11.1,999.0,999.0,999,999,0
999,999999,"79.8,80.3,81.3,82.8,85.5,87.6,88.7,87.8",27.5,999.0,999.0,999,999,0
999,999999,"98.2,99.3,100.5,102.2,101.4,101.6,103.6,104.9,106.2,108.3",13.1,999.0,999.0,999,999,0
999,999999,"90.2,91.6,93.2,93.9,101.3,101.4,104.0,103.2,104.0",30.2,999.0,999.0,999,999,0
999,999999,"74.6,74.5,74.3,77.8,78.3,81.2,81.6",18.4,999.0,999.0,999,999,0
999,999999,"108.5,110.4,112.4,114.8,116.0,117.5,118.6",26.8,999.0,999.0,999,999,0
999,999999,"74.6,76.4,19.4,79.9,79.6,81.3,84.6",14.5,999.0,999.0,999,999,0
999,999999,"106.1,25.3,111.4,111.8,114.5",20.6,999.0,999.0,999,999,0
999,999999,"83.8,85.9,87.6,88.4,91.3,91.4,93.0,93.5,96.0,98.0",23.8,999.0,999.0,999,999,0
999,999999,"67.5,71.5,75.9,77.1,79.9,81.3,84.9,85.2,87.0",10.3,999.0,999.0,999,999,0
999,999999,"83.8,86.2,88.4,89.9,95.2,95.3,98.3",24.4,999.0,999.0,999,999,0
999,999999,"79.5,81.1,81.5,82.2,85.9,86.2,87.0,87.9",15.4,999.0,999.0,999,999,0
999,999999,"82.1,87.9,90.0,92.0,133.5,92.1,93.4",20.8,999.0,999.0,999,999,0
999,999999,"66.5,70.2,68.8,70.3,73.7",11.1,999.0,999.0,999,999,0
999,999999,"62.3,65.2,65.9,17.4,71.0,70.8",16.3,999.0,999.0,999,999,0
999,999999,"68.2,71.0,73.8,76.8,77.7,77.8,81.6,83.2,82.2",32.7,999.0,999.0,999,999,0
999,999999,"74.2,74.5,77.3,76.1,80.0,81.6,81.1,83.1,85.9",28.6,999.0,999.0,999,999,0
999,999999,"53.9,55.1,55.0,58.1,61.0,64.9,66.7,70.4,69.6,70.3",24.7,999.0,999.0,999,999,0
999,999999,"73.2,187.7,75.4,75.6,74.5,77.3,77.0",31.8,999.0,999.0,999,999,0
999,999999,"72.1,70.7,71.4,72.6,75.3",14.3,999.0,999.0,999,999,0
999,999999,"64.8,21.0,70.9,73.5,75.0,75.5,78.5",25.8,999.0,999.0,999,999,0
999,999999,"75.5,78.2,80.9,82.7,81.4,83.8,86.2",30.5,999.0,999.0,999,999,0
999,999999,"106.4,109.0,109.2,110.5,113.5,109.5,107.2,108.1,109.8",29.0,999.0,999.0,999,999,0
999,999999,"74.4,76.3,71.4,76.4,75.3,77.8,79.1,78.5",33.2,999.0,999.0,999,999,0
999,999999,"100.7,100.4,99.3,99.0,100.0,102.9,104.9",11.4,999.0,999.0,999,999,0
999,999999,"104.7,105.7,108.6,109.6,111.0,112.1",20.4,999.0,999.0,999,999,0
999,999999,"86.0,109.1,88.7,88.6,90.0,91.2,92.1",15.7,999.0,999.0,999,999,0
999,999999,"65.0,66.5,68.6,70.5,70.8,71.2",11.9,999.0,999.0,999,999,0
999,999999,"77.7,80.3,83.5,84.5,87.0,88.7,92.2,91.8,92.9,96.3",30.0,999.0,999.0,999,999,0
999,999999,"96.7,101.1,101.8,104.0,107.4,108.7",31.2,999.0,999.0,999,999,0
999,999999,"67.9,69.1,71.7,74.1,78.2,79.5",31.6,999.0,999.0,999,999,0
999,999999,"59.4,60.5,106.8,64.4,65.8,67.6,71.9,74.0",10.2,999.0,999.0,999,999,0
999,999999,"62.0,61.5,62.3,67.3,70.9,70.8,73.1,74.5",29.2,999.0,999.0,999,999,0
999,999999,"90.1,93.4,94.2,95.7,94.3,94.6,94.7",14.2,999.0,999.0,999,999,0
999,999999,"79.0,79.7,80.3,27.9,81.6,83.0,86.7,87.4",31.1,999.0,999.0,999,999,0
999,999999,"70.5,71.2,70.6,69.9,69.2,71.8,72.5,71.9",31.0,999.0,999.0,999,999,0
999,999999,"88.1,88.1,90.7,92.8,26.7,93.8,97.2",33.4,999.0,999.0,999,999,0
999,999999,"104.4,103.1,103.2,105.9,108.1,16.9,111.4,110.3,111.6,113.7",18.8,999.0,999.0,999,999,0
999,999999,"137.8,64.3,64.9,65.6,66.4,69.9,71.1",21.3,999.0,999.0,999,999,0
999,999999,"61.2,64.3,68.4,69.9,71.5,72.6,73.8,78.5",14.9,999.0,999.0,999,999,0
999,999999,"102.5,104.2,105.8,109.9,113.6",12.8,999.0,999.0,999,999,0
999,999999,"66.5,70.2,72.8,69.9,71.6,74.7,78.6,83.5,86.2,86.2",25.6,999.0,999.0,999,999,0
999,999999,"160.4,86.0,85.3,85.3,86.8,89.8,93.3,93.8,94.9",31.3,999.0,999.0,999,999,0
999,999999,"64.4,66.7,70.4,71.6,69.8,73.5,76.1,79.4,80.1,80.9",10.2,999.0,999.0,999,999,0
999,999999,"70.2,71.8,75.9,78.9,78.1,78.1",28.5,999.0,999.0,999,999,0
999,999999,"71.7,73.7,75.6,73.9,74.0,72.7",23.3,999.0,999.0,999,999,0
999,999999,"112.9,112.3,114.4,116.7,118.3,119.1",34.5,999.0,999.0,999,999,0
999,999999,"70.3,72.1,78.8,81.8,83.3,87.2,86.2,87.2,86.3",13.8,999.0,999.0,999,999,0
999,999999,"106.8,109.0,110.6,113.9,116.2,119.2,119.3",25.2,999.0,999.0,999,999,0
999,999999,"101.6,102.5,103.5,106.7,108.7",11.2,999.0,999.0,999,999,0
999,999999,"67.6,70.2,71.1,71.1,72.0,73.6",15.4,999.0,999.0,999,999,0
999,999999,"94.1,94.2,96.7,100.0,103.3,104.6,108.2",16.2,999.0,999.0,999,999,0
999,999999,"63.6,64.4,64.7,66.9,69.7,72.0,70.1",19.2,999.0,999.0,999,999,0
999,999999,"59.4,62.3,67.0,72.7,74.9,78.7,79.9,82.6,85.6,86.9",18.0,999.0,999.0,999,999,0
999,999999,"87.1,88.9,85.8,88.3,89.7,90.8,92.0,93.7",10.6,999.0,999.0,999,999,0
999,999999,"67.5,68.1,69.5,73.4,74.5,76.2,76.4",19.3,999.0,999.0,999,999,0
999,999999,"67.0,69.4,68.6,68.9,69.5,70.0,71.7",22.6,999.0,999.0,999,999,0
999,999999,"70.2,71.6,72.6,74.5,75.4,76.5",34.4,999.0,999.0,999,999,0
999,999999,"67.4,69.8,70.1,70.4,71.5,69.1,70.7,72.8,75.4",23.2,999.0,999.0,999,999,0
999,999999,"90.1,90.4,92.8,93.8,95.3,96.6,98.0",32.6,999.0,999.0,999,999,0
999,999999,"68.4,71.8,72.7,72.7,76.2,74.6,75.2,76.5,77.6",16.5,999.0,999.0,999,999,0
999,999999,"94.9,98.0,101.4,103.6,107.1",23.4,999.0,999.0,999,999,0
999,999999,"100.2,103.4,126.3,107.8,21.9,111.9",34.7,999.0,999.0,999,999,0
999,999999,"99.5,100.3,99.5,97.6,101.6,104.1,104.5",18.4,999.0,999.0,999,999,0
999,999999,"74.9,76.5,79.9,81.1,83.0,83.4,86.8,88.6",24.1,999.0,999.0,999,999,0
999,999999,"76.5,74.1,75.4,74.4,79.9,18.1,82.9",25.8,999.0,999.0,999,999,0
999,999999,"111.0,115.2,114.0,115.7,116.6,114.2,116.1",26.7,999.0,999.0,999,999,0
999,999999,"104.6,109.3,112.0,114.9,115.5,118.1",13.7,999.0,999.0,999,999,0
999,999999,"103.1,106.1,109.3,112.6,111.6",23.3,999.0,999.0,999,999,0
999,999999,"85.6,86.1,86.0,85.7,86.0,85.8,89.2,94.7,96.6",10.5,999.0,999.0,999,999,0
999,999999,"87.2,89.6,88.2,85.3,88.8,91.1,95.9,96.3",34.1,999.0,999.0,999,999,0
999,999999,"78.5,81.1,82.8,85.3,89.1,93.8",33.3,999.0,999.0,999,999,0
999,999999,"96.4,97.4,100.2,101.8,103.6,104.9,191.7,106.4,107.9",13.8,999.0,999.0,999,999,0
999,999999,"87.7,90.8,89.4,87.6,89.1,90.6,104.2",13.0,999.0,999.0,999,999,0
999,999999,"29.9,63.8,64.3,66.6,71.1,72.5,75.6,76.1,78.7",23.8,999.0,999.0,999,999,0
999,999999,"77.9,82.0,86.4,85.1,83.8,84.3,84.8,151.7",29.9,999.0,999.0,999,999,0
999,999999,"104.7,108.6,108.8,109.6,109.6,113.0",17.6,999.0,999.0,999,999,0
999,999999,"90.4,94.0,164.8,94.0,93.5,94.4",11.7,999.0,999.0,999,999,0
999,999999,"84.7,87.8,89.3,92.5,92.4",26.6,999.0,999.0,999,999,0
999,999999,"104.9,106.2,108.4,108.4,109.4,113.9,116.3,119.4,118.6,116.5",13.5,999.0,999.0,999,999,0
999,999999,"79.8,83.1,84.6,88.7,90.9,92.5,91.7",14.5,999.0,999.0,999,999,0
999,999999,"81.2,81.0,80.9,82.2,83.9,89.4,92.2,92.0",25.4,999.0,999.0,999,999,0
999,999999,"80.3,82.4,83.6,85.1,83.2",16.4,999.0,999.0,999,999,0
999,999999,"94.5,96.4,100.6,102.1,105.0",31.8,999.0,999.0,999,999,0
999,999999,"83.1,83.5,84.0,86.1,86.1,88.4",14.4,999.0,999.0,999,999,0
999,999999,"77.6,76.1,28.1,81.6,82.2,86.5",20.0,999.0,999.0,999,999,0
999,999999,"82.9,82.4,84.5,83.2,27.0,88.5",27.4,999.0,999.0,999,999,0
999,999999,"86.2,86.8,89.0,94.9,96.8,97.3,97.7",20.6,999.0,999.0,999,999,0
999,999999,"21.7,83.5,86.5,88.6,88.8,90.6,90.9,91.6,93.1",31.0,999.0,999.0,999,999,0
999,999999,"76.3,79.0,80.2,81.0,86.0,86.9,85.5,87.3",32.9,999.0,999.0,999,999,0
999,999999,"78.1,81.2,78.6,29.6,80.2",13.1,999.0,999.0,999,999,0
999,999999,"75.1,77.1,77.9,79.5,80.7,84.8,86.6,88.5,94.0",30.1,999.0,999.0,999,999,0
999,999999,"97.5,100.4,102.7,103.5,105.9,108.6,109.0,112.0",32.5,999.0,999.0,999,999,0
999,999999,"60.5,161.8,65.2,67.0,70.1,72.2",20.3,999.0,999.0,999,999,0
999,999999,"83.8,85.0,84.3,85.5,83.8,89.0,91.0,91.5",27.5,999.0,999.0,999,999,0
999,999999,"100.4,105.2,106.9,161.9,111.8,113.5",31.2,999.0,999.0,999,999,0
999,999999,"74.5,76.6,76.2,76.1,77.0,77.1,78.1,80.1",22.7,999.0,999.0,999,999,0
999,999999,"70.5,74.0,75.2,27.3,76.1",11.1,999.0,999.0,999,999,0
999,999999,"86.7,88.2,89.5,19.3,91.3",10.4,999.0,999.0,999,999,0
999,999999,"99.9,99.3,99.5,101.3,101.8,104.1",31.8,999.0,999.0,999,999,0
999,999999,"106.3,107.3,108.8,111.2,110.6,113.9",10.2,999.0,999.0,999,999,0
999,999999,"93.8,96.2,161.7,95.1,92.8,96.9",24.5,999.0,999.0,999,999,0
999,999999,"68.9,70.3,70.8,69.8,69.8,70.1,72.8",20.9,999.0,999.0,999,999,0
999,999999,"66.3,65.0,66.6,68.9,69.8,71.5,72.2",13.5,999.0,999.0,999,999,0
999,999999,"81.1,82.9,85.7,87.8,88.0,87.9,90.1",24.4,999.0,999.0,999,999,0
999,999999,"98.2,100.3,102.5,101.9,103.4,104.6",30.1,999.0,999.0,999,999,0
999,999999,"174.1,72.9,76.0,77.5,78.1",11.2,999.0,999.0,999,999,0
999,999999,"71.9,71.6,74.6,75.5,77.0,76.3,79.0,80.4,82.5",19.7,999.0,999.0,999,999,0
999,999999,"100.6,104.5,104.2,102.7,101.3",13.7,999.0,999.0,999,999,0
999,999999,"69.0,71.1,70.8,72.6,150.7,76.1",23.3,999.0,999.0,999,999,0
999,999999,"17.2,102.9,105.7,106.6,107.1,108.2,108.3,108.2,110.0",30.6,999.0,999.0,999,999,0
999,999999,"64.6,66.0,68.7,109.4,73.7,72.7,76.8",27.5,999.0,999.0,999,999,0
999,999999,"88.7,90.2,93.2,94.9,99.6,102.6",16.5,999.0,999.0,999,999,0
999,999999,"22.1,144.9,74.5,76.9,78.6",20.4,999.0,999.0,999,999,0
999,999999,"88.2,91.5,95.0,98.0,98.5,101.2,102.0,101.6",33.3,999.0,999.0,999,999,0
999,999999,"68.5,71.4,73.0,74.9,73.7,74.3,76.7,72.3,74.7,77.4",33.9,999.0,999.0,999,999,0
999,999999,"73.4,74.7,78.4,81.8,84.1,88.5,89.7,91.8,94.0",15.3,999.0,999.0,999,999,0
999,999999,"70.0,71.5,73.7,76.7,78.9,154.0,87.6",19.6,999.0,999.0,999,999,0
999,999999,"75.8,77.1,79.8,82.7,85.1,85.1,84.1,86.6",23.8,999.0,999.0,999,999,0
999,999999,"99.6,101.4,103.4,105.8,107.4,109.9,110.1,111.2,112.1",31.8,999.0,999.0,999,999,0
999,999999,"79.8,78.3,81.1,82.7,87.5",33.3,999.0,999.0,999,999,0
999,999999,"68.1,70.1,122.1,74.9,76.6",25.4,999.0,999.0,999,999,0
999,999999,"126.7,95.7,98.5,101.3,102.8,104.5",33.3,999.0,999.0,999,999,0
999,999999,"68.8,66.1,68.6,66.3,68.6,70.5,109.4,73.0,74.2",33.4,999.0,999.0,999,999,0
999,999999,"71.6,72.1,73.6,77.5,78.3,81.0,81.9,82.6,87.5",23.8,999.0,999.0,999,999,0
999,999999,"111.2,109.5,111.7,114.9,114.4,117.6,118.7,116.9",27.4,999.0,999.0,999,999,0
999,999999,"108.4,110.3,111.6,112.9,115.4,117.9",12.9,999.0,999.0,999,999,0
999,999999,"98.4,22.9,113.0,113.7,115.4,112.3,116.0,116.0",13.7,999.0,999.0,999,999,0
999,999999,"83.1,84.9,87.8,87.6,187.0",11.2,999.0,999.0,999,999,0
999,999999,"118.4,132.1,120.3,119.0,119.8",25.5,999.0,999.0,999,999,0
999,999999,"66.4,63.8,66.0,68.1,70.3,67.4,69.5,72.3",18.0,999.0,999.0,999,999,0
999,999999,"81.7,84.6,82.6,84.9,86.2,84.8,86.9,81.9,82.6",28.5,999.0,999.0,999,999,0
999,999999,"86.9,87.4,88.7,90.9,91.5,92.8,93.7",34.6,999.0,999.0,999,999,0
999,999999,"89.1,91.6,91.6,91.3,91.5,95.6,96.8,98.7",18.4,999.0,999.0,999,999,0
999,999999,"51.3,53.5,54.5,56.9,59.4,61.6,65.0,67.6,69.4,70.8",13.2,999.0,999.0,999,999,0
999,999999,"77.6,80.3,81.5,83.3,84.3,85.3,88.8,92.2,94.4,96.0",16.1,999.0,999.0,999,999,0
999,999999,"101.3,102.8,104.9,107.1,108.3,107.4,108.8,107.8,111.2",26.5,999.0,999.0,999,999,0
999,999999,"79.9,23.4,81.6,83.7,85.7,88.1,89.4,93.2,97.1,102.1",14.3,999.0,999.0,999,999,0
999,999999,"92.8,94.2,96.2,98.7,105.4,107.8,110.4,109.8,110.5,113.0",16.4,999.0,999.0,999,999,0
999,999999,"86.1,87.0,90.0,92.7,96.5,96.9,97.7",28.7,999.0,999.0,999,999,0
999,999999,"101.5,104.4,104.5,18.3,105.3,104.0,105.6",23.7,999.0,999.0,999,999,0
999,999999,"66.4,68.9,73.5,74.0,75.8,76.0,77.0,77.9,79.6",13.2,999.0,999.0,999,999,0
999,999999,"87.7,28.3,91.3,92.6,93.4,97.0",13.0,999.0,999.0,999,999,0
999,999999,"63.2,63.3,65.0,66.3,71.2,73.7,75.0,78.5,81.6,80.1",21.0,999.0,999.0,999,999,0
999,999999,"79.3,82.0,86.5,87.7,87.6,90.0,91.6",14.3,999.0,999.0,999,999,0
999,999999,"99.5,100.3,101.9,103.1,106.0,112.9,117.1,118.7",18.6,999.0,999.0,999,999,0
999,999999,"101.8,28.4,103.9,107.1,105.5,105.6,108.5",13.5,999.0,999.0,999,999,0
999,999999,"87.2,90.6,89.4,91.1,91.0,94.4,95.3,97.2,99.9,103.5",29.0,999.0,999.0,999,999,0
999,999999,"100.2,103.6,105.3,146.9,109.2,113.0,115.2",18.0,999.0,999.0,999,999,0
999,999999,"101.7,103.9,105.9,109.8,110.7,111.8,114.3,195.2,117.0,119.9",22.3,999.0,999.0,999,999,0
999,999999,"60.4,61.1,61.8,64.4,66.3,69.0,71.0,72.2,71.0",20.0,999.0,999.0,999,999,0
999,999999,"69.9,70.7,74.1,77.8,80.1,81.0,81.8,85.4,85.2,88.8",31.9,999.0,999.0,999,999,0
999,999999,"91.0,94.9,97.7,101.0,26.2",33.3,999.0,999.0,999,999,0
999,999999,"58.3,60.2,65.6,66.7,68.8,72.3,71.8",29.2,999.0,999.0,999,999,0
999,999999,"78.2,79.0,81.6,82.9,83.3,86.2,86.0",32.9,999.0,999.0,999,999,0
999,999999,"84.9,87.5,88.7,90.8,93.4,99.3,101.5,105.4,106.4,106.2",23.9,999.0,999.0,999,999,0
999,999999,"89.4,91.3,93.7,16.9,93.3,93.5",22.9,999.0,999.0,999,999,0
999,999999,"69.8,70.8,74.3,76.1,80.2,80.3,84.7,83.3",13.5,999.0,999.0,999,999,0
999,999999,"94.6,96.1,98.9,99.7,101.9,99.4",29.0,999.0,999.0,999,999,0
999,999999,"91.8,96.1,98.9,100.9,100.0",21.9,999.0,999.0,999,999,0
999,999999,"102.4,154.3,98.8,100.6,103.4,102.4",21.1,999.0,999.0,999,999,0
999,999999,"104.2,104.1,107.1,109.0,110.6,112.4,28.7,115.4,118.2,119.7",30.6,999.0,999.0,999,999,0
999,999999,"77.6,15.3,116.7,72.5,73.3",33.5,999.0,999.0,999,999,0
999,999999,"95.4,94.9,95.9,98.8,101.7",10.4,999.0,999.0,999,999,0
999,999999,"105.0,106.7,109.3,134.5,115.0,118.0",20.9,999.0,999.0,999,999,0
999,999999,"78.4,78.7,79.1,80.8,82.4",29.6,999.0,999.0,999,999,0
999,999999,"98.4,101.4,103.5,104.8,106.6,109.9,112.4",30.0,999.0,999.0,999,999,0
999,999999,"82.7,80.8,78.8,81.6,82.9,86.4,87.3,88.8,92.7",25.6,999.0,999.0,999,999,0
999,999999,"99.3,97.8,99.9,99.8,154.9,103.8,106.1",23.6,999.0,999.0,999,999,0
999,999999,"92.0,92.2,95.1,123.2,99.2",16.3,999.0,999.0,999,999,0
999,999999,"80.3,81.2,83.7,83.7,83.8,85.8",26.7,999.0,999.0,999,999,0
999,999999,"68.3,73.5,75.9,77.3,78.3,80.7,81.7",32.9,999.0,999.0,999,999,0
999,999999,"80.9,82.2,83.4,84.7,83.0,84.9,87.1,87.5,87.3,89.3",15.2,999.0,999.0,999,999,0
999,999999,"72.9,74.8,78.0,78.7,79.2,84.1,85.7,87.9,89.8,89.6",33.7,999.0,999.0,999,999,0
999,999999,"28.5,99.3,102.2,105.0,110.2,112.9,116.2",27.4,999.0,999.0,999,999,0
999,999999,"73.4,74.2,76.7,80.4,79.8,80.4,80.6",25.4,999.0,999.0,999,999,0
999,999999,"63.5,65.0,67.3,68.9,74.7,76.6,79.8,82.4,84.5,87.9",30.9,999.0,999.0,999,999,0
999,999999,"65.1,66.2,66.9,67.4,68.8,74.2,78.0,80.8",16.2,999.0,999.0,999,999,0
999,999999,"87.5,28.7,89.8,91.4,93.8,95.7,98.1",22.4,999.0,999.0,999,999,0
999,999999,"88.2,89.3,90.9,92.0,94.2,99.1,100.0,100.0,100.8,102.6",25.5,999.0,999.0,999,999,0
999,999999,"96.3,100.4,100.5,101.2,101.4,103.3",19.6,999.0,999.0,999,999,0
999,999999,"99.8,102.6,104.4,105.8,148.3,107.9,109.9,113.9",32.6,999.0,999.0,999,999,0
999,999999,"86.9,90.3,93.6,98.2,127.0,101.4,104.0,107.2",33.5,999.0,999.0,999,999,0
999,999999,"96.8,97.6,98.3,99.9,99.7,100.8",28.1,999.0,999.0,999,999,0
999,999999,"89.0,92.5,95.5,97.4,98.7,99.9,101.0,103.2,101.3",21.5,999.0,999.0,999,999,0
999,999999,"106.8,107.2,108.7,111.3,113.6,115.5,116.1,118.3",16.3,999.0,999.0,999,999,0
999,999999,"80.6,82.9,84.9,87.4,90.3,89.3,90.7,91.7,93.0,94.9",35.0,999.0,999.0,999,999,0
999,999999,"96.4,163.2,99.5,101.7,103.5,105.2,108.9",28.8,999.0,999.0,999,999,0
999,999999,"91.4,95.6,99.9,101.2,105.4,107.0,110.9,112.7,116.8,119.8",15.3,999.0,999.0,999,999,0
999,999999,"86.9,88.1,88.8,95.3,94.2,95.0,95.8,96.9,100.0,102.5",11.7,999.0,999.0,999,999,0
999,999999,"76.9,80.3,79.6,82.3,84.2",14.4,999.0,999.0,999,999,0
999,999999,"95.8,98.3,102.0,100.9,109.0,110.0",23.7,999.0,999.0,999,999,0
999,999999,"100.6,102.8,105.5,107.2,108.8,110.4,111.7",23.1,999.0,999.0,999,999,0
999,999999,"99.6,97.5,99.0,100.1,100.0,104.8,109.0,112.2",21.5,999.0,999.0,999,999,0
999,999999,"91.6,94.1,98.4,100.4,102.5,106.0,107.5,108.6,109.4,111.8",20.3,999.0,999.0,999,999,0
999,999999,"58.4,60.2,62.5,64.3,65.3,63.8,67.5,70.6,72.0,74.8",21.5,999.0,999.0,999,999,0
999,999999,"86.9,169.3,91.6,91.3,93.2",29.3,999.0,999.0,999,999,0
999,999999,"93.5,94.4,94.4,97.7,98.3,100.0,102.9,103.0",18.4,999.0,999.0,999,999,0
999,999999,"87.2,88.8,88.6,90.7,92.1,90.3,92.3",28.5,999.0,999.0,999,999,0
999,999999,"92.5,92.6,96.2,101.4,103.9,105.0,106.9",21.5,999.0,999.0,999,999,0
999,999999,"70.6,72.9,74.0,75.0,77.8,80.8",10.3,999.0,999.0,999,999,0
999,999999,"101.0,101.1,104.9,107.6,109.4",22.9,999.0,999.0,999,999,0
999,999999,"94.3,97.0,98.7,98.3,99.4,103.0,103.4,102.1,103.6",31.7,999.0,999.0,999,999,0
999,999999,"81.5,84.7,86.5,87.0,87.9,91.8,23.3",15.4,999.0,999.0,999,999,0
999,999999,"93.0,94.7,94.6,91.8,96.1,97.3,98.3,100.3",18.9,999.0,999.0,999,999,0
999,999999,"85.9,90.1,92.9,96.2,100.1,101.4,101.4,102.6,103.3",33.3,999.0,999.0,999,999,0
999,999999,"57.3,58.8,58.3,58.5,59.4,61.2,63.8,67.7,70.3,71.7",32.2,999.0,999.0,999,999,0
999,999999,"68.5,69.8,70.8,72.4,73.6,76.1,79.2,81.5",32.9,999.0,999.0,999,999,0
999,999999,"85.4,87.8,92.3,94.2,96.4,98.3,100.6,101.2",23.9,999.0,999.0,999,999,0
999,999999,"74.2,75.4,78.3,79.6,81.0,84.6,87.2,90.3,92.5,93.1",25.5,999.0,999.0,999,999,0
999,999999,"95.3,98.0,99.1,101.6,103.4,105.0,106.2,107.1",22.2,999.0,999.0,999,999,0
999,999999,"80.1,83.1,84.4,164.8,88.7",22.9,999.0,999.0,999,999,0
999,999999,"109.4,109.4,109.0,111.2,117.1,24.2",14.9,999.0,999.0,999,999,0
999,999999,"100.1,99.1,101.3,102.7,24.3,105.9,106.0,104.6,105.7",27.4,999.0,999.0,999,999,0
999,999999,"85.4,86.6,87.7,91.6,92.0,92.1,93.4,95.2,94.9,96.2",31.8,999.0,999.0,999,999,0
999,999999,"151.9,89.2,90.6,92.1,93.6,93.6,95.8,96.9,98.0",25.5,999.0,999.0,999,999,0
999,999999,"108.2,109.5,111.2,112.4,111.6,160.6,108.1",29.6,999.0,999.0,999,999,0
999,999999,"78.5,79.5,79.8,81.0,79.6,28.1,84.2",26.2,999.0,999.0,999,999,0
999,999999,"83.1,85.2,88.8,90.4,90.4,92.6,95.4,97.3,98.2,98.5",34.3,999.0,999.0,999,999,0
999,999999,"75.3,77.6,78.6,80.1,81.0,83.3,85.7,88.0,87.2,88.6",17.6,999.0,999.0,999,999,0
999,999999,"111.4,113.0,112.8,114.2,114.9",28.4,999.0,999.0,999,999,0
999,999999,"89.8,90.0,90.7,91.7,94.7,96.6,100.6",29.7,999.0,999.0,999,999,0
999,999999,"67.8,69.9,73.5,125.6,79.5,80.7,80.7,86.6",28.5,999.0,999.0,999,999,0
999,999999,"69.1,71.4,69.6,70.2,69.5,72.1,75.4,75.7,71.7",22.7,999.0,999.0,999,999,0
999,999999,"132.5,109.2,114.2,117.1,118.4,120.0",24.6,999.0,999.0,999,999,0
999,999999,"90.2,92.9,93.5,92.4,94.4",10.2,999.0,999.0,999,999,0
999,999999,"63.4,63.0,69.9,73.5,73.0,77.4,78.1",13.9,999.0,999.0,999,999,0
999,999999,"68.9,70.9,73.7,75.9,80.1",12.8,999.0,999.0,999,999,0
999,999999,"61.2,63.6,68.4,178.5,72.8",17.2,999.0,999.0,999,999,0
999,999999,"102.4,104.5,104.2,104.9,105.4,107.1,110.5,111.4",21.8,999.0,999.0,999,999,0
999,999999,"102.5,101.4,104.2,104.0,105.6,107.7,109.9",19.5,999.0,999.0,999,999,0
999,999999,"105.7,108.6,106.9,107.6,110.0",29.6,999.0,999.0,999,999,0
999,999999,"107.3,109.8,111.8,113.8,114.5,116.1",31.4,999.0,999.0,999,999,0
999,999999,"86.1,87.3,88.0,90.4,92.7,94.1,96.8,97.0,99.5",24.4,999.0,999.0,999,999,0
999,999999,"98.8,101.6,104.4,104.2,101.8,104.3,105.6,106.7,107.8,105.3",33.7,999.0,999.0,999,999,0
999,999999,"116.5,115.8,117.7,119.2,116.8,117.3,117.0,122.3,117.7",24.4,999.0,999.0,999,999,0
999,999999,"110.2,109.5,111.1,113.9,116.8",19.7,999.0,999.0,999,999,0
999,999999,"100.6,100.6,102.7,102.0,102.0,104.8,105.2",29.9,999.0,999.0,999,999,0
999,999999,"115.1,115.1,117.4,119.5,119.9,118.0",22.6,999.0,999.0,999,999,0
999,999999,"168.4,110.2,111.3,110.2,111.1,113.4,115.2",28.5,999.0,999.0,999,999,0
999,999999,"77.4,81.6,84.5,85.4,88.0",17.1,999.0,999.0,999,999,0
999,999999,"65.8,66.3,68.6,71.1,72.5,70.5,72.9,77.9",31.3,999.0,999.0,999,999,0
999,999999,"89.6,88.3,89.8,88.5,89.2",20.2,999.0,999.0,999,999,0
999,999999,"64.3,62.8,62.1,64.7,23.8,70.2,72.0",10.4,999.0,999.0,999,999,0
999,999999,"65.9,67.2,68.3,69.9,72.7,74.5,75.7",24.8,999.0,999.0,999,999,0
999,999999,"100.9,103.4,105.3,107.1,107.4",10.2,999.0,999.0,999,999,0
999,999999,"91.4,94.1,96.8,99.6,104.0,106.3,107.2",29.5,999.0,999.0,999,999,0
999,999999,"79.9,78.1,79.8,79.1,79.8,81.2,85.6,86.5",26.8,999.0,999.0,999,999,0
999,999999,"80.9,81.5,80.6,82.3,83.3",25.5,999.0,999.0,999,999,0
999,999999,"67.2,69.3,73.6,76.9,76.8,78.2,77.6,81.4",19.7,999.0,999.0,999,999,0
999,999999,"69.9,71.9,72.8,74.6,77.4,77.3,78.8,79.6,81.7,82.9",29.9,999.0,999.0,999,999,0
999,999999,"79.7,140.4,83.6,84.5,88.4,88.0",24.4,999.0,999.0,999,999,0
999,999999,"80.4,81.6,82.7,84.9,86.1,85.3,87.5",24.8,999.0,999.0,999,999,0
999,999999,"95.5,96.2,98.2,101.4,102.1,104.2",20.4,999.0,999.0,999,999,0
999,999999,"100.8,102.1,103.6,105.3,108.3,103.8,106.6,107.4,109.0,107.8",29.4,999.0,999.0,999,999,0
999,999999,"83.8,86.8,90.7,91.1,90.7",15.4,999.0,999.0,999,999,0
999,999999,"60.0,60.9,63.7,66.4,68.9,71.7",33.9,999.0,999.0,999,999,0
999,999999,"64.6,68.6,69.7,73.3,72.9,74.3,73.0",26.6,999.0,999.0,999,999,0
999,999999,"76.4,77.5,76.2,79.3,81.5",27.5,999.0,999.0,999,999,0
999,999999,"95.6,98.3,100.5,103.1,103.6,105.0,105.2,107.6,109.4",22.3,999.0,999.0,999,999,0
999,999999,"89.0,91.4,93.0,95.2,93.5,94.0,96.8,98.2,100.2,102.9",13.6,999.0,999.0,999,999,0
999,999999,"83.4,83.8,81.9,82.4,84.2,82.8",18.8,999.0,999.0,999,999,0
999,999999,"109.7,113.5,113.3,114.4,115.5,115.7,117.1,119.1",20.6,999.0,999.0,999,999,0
999,999999,"52.1,53.3,55.5,56.5,60.4,63.5,67.7,69.9,21.8",22.6,999.0,999.0,999,999,0
999,999999,"72.6,74.5,76.8,78.3,79.3,80.4,82.7,83.4,84.5",11.5,999.0,999.0,999,999,0
999,999999,"60.9,62.6,28.1,66.8,69.7,71.0,70.8,75.5,76.2,76.0",32.1,999.0,999.0,999,999,0
999,999999,"108.8,110.0,113.5,114.0,113.7,112.2,112.3",28.7,999.0,999.0,999,999,0
999,999999,"69.0,72.0,73.9,75.6,76.4,77.7,79.3,80.6",31.9,999.0,999.0,999,999,0
999,999999,"100.9,155.0,104.1,105.5,107.6,109.4",28.4,999.0,999.0,999,999,0
999,999999,"72.5,74.5,77.6,77.9,79.8,81.4,83.4,87.2",24.8,999.0,999.0,999,999,0
999,999999,"104.4,107.8,111.7,113.0,115.1,114.3,115.6",26.0,999.0,999.0,999,999,0
999,999999,"68.5,72.9,75.5,23.3,80.9",32.6,999.0,999.0,999,999,0
999,999999,"89.7,92.0,94.9,95.9,98.7,103.9,105.2,105.6",14.5,999.0,999.0,999,999,0
999,999999,"105.2,107.3,106.8,108.0,109.7,112.0,114.9,116.6",20.0,999.0,999.0,999,999,0
999,999999,"87.9,91.4,92.6,98.0,98.4",10.7,999.0,999.0,999,999,0
999,999999,"68.8,70.9,74.5,70.6,74.9,77.1,76.7,78.7",10.2,999.0,999.0,999,999,0
999,999999,"108.7,111.2,113.1,115.2,117.3,118.6,117.8,117.7,118.2",24.4,999.0,999.0,999,999,0
