model,barcode,power,temperature,boundaryPowerMax,boundaryPowerMin,compressorModel,doza,label
412,412100262049687710412,"63,66,70,72,72.5,71,71.5,72,73,72.5",15.9,67.73,83.7,JiaXipera МM1090Y,22,1
412,412100262049687700412,"71,73,75.5,76.5,74,77,76.5",16.3,68.11,84.07,JiaXipera МM1090Y,22,1
412,412100262049687680412,"66.5,71,73,75.5,76,76.5",16.0,67.83,83.79,JiaXipera МM1090Y,22,1
412,412100262049687660412,"71,73.5,75.5,75,76,74.5",16.0,67.83,83.79,JiaXipera МM1090Y,22,1
412,412100262049687650412,"66,68.5,72,73.5,74.5,73.5,74,74.5,74,73",16.1,67.92,83.89,JiaXipera МM1090Y,22,1
412,412100262049687600412,"71,72.5,77.5,76.5,77.5,76.5,78.5,78",16.2,68.01,83.98,JiaXipera МM1090Y,22,1
412,412100262049687580412,"70,74,77.5,77,77.5,77,80,79",16.4,68.2,84.17,JiaXipera МM1090Y,22,1
412,412100262049687560412,"66.5,70,70.5,71.5,72,71.5,72,73",15.1,66.98,82.95,JiaXipera МM1090Y,22,1
412,412100262049687530412,"69,72,72.5,73.5,74.5,76,75.5,77",15.2,67.08,83.04,JiaXipera МM1090Y,22,1
412,412100262049687510412,"63,67,70.5,71,71.5,71,73,71,69.5",15.2,67.08,83.04,JiaXipera МM1090Y,22,1
412,412100262049687480412,"67.5,69.5,72,73,70.5,71,72",15.1,66.98,82.95,JiaXipera МM1090Y,22,1
412,412100262049687460412,"69.5,70.5,72.5,73,72.5,73,75,73.5",15.3,67.17,83.14,JiaXipera МM1090Y,22,1
412,412100262049687450412,"70.5,72.5,74,72.5,74,72.5,75,75.5",15.3,67.17,83.14,JiaXipera МM1090Y,22,1
412,412100262049687420412,"64.5,68,70,70.5,72,72.5,72",15.3,67.17,83.14,JiaXipera МM1090Y,22,1
412,412100262049687410412,"68,64.5,71.5,73,72.5,72,74.5",15.2,67.08,83.04,JiaXipera МM1090Y,22,1
412,412100262049687400412,"72.5,73,73.5,74,72.5",15.3,67.17,83.14,JiaXipera МM1090Y,22,1
412,412100262049687390412,"66,69,72.5,74.5,75.5,74.5,75.5,75",15.3,67.17,83.14,JiaXipera МM1090Y,22,1
412,412100262049687380412,"69.5,70,74.5,74,74.5,76,75.5",15.2,67.08,83.04,JiaXipera МM1090Y,22,1
412,412100262049687370412,"69,71,72,73,72.5,74,77.5",15.2,67.08,83.04,JiaXipera МM1090Y,22,1
412,412100262049687360412,"69,70.5,73.5,75.5,76.5,76",15.2,67.08,83.04,JiaXipera МM1090Y,22,1
412,412100262049687340412,"67,72.5,74.5,74,75.5,74.5,75.5,76",15.3,67.17,83.14,JiaXipera МM1090Y,22,1
412,412100262049687330412,"70.5,71.5,75.5,75,76.5,78.5",15.3,67.17,83.14,JiaXipera МM1090Y,22,1
412,412100262049687320412,"68.5,70.5,74,75.5,74.5",15.3,67.17,83.14,JiaXipera МM1090Y,22,1
412,412100262049687280412,"70.5,73,76,75.5,76,76.5,76",15.3,67.17,83.14,JiaXipera МM1090Y,22,1
412,412100262049687270412,"70,72,75,76.5,78.5,77.5",15.4,67.27,83.23,JiaXipera МM1090Y,22,1
412,412100262049687260412,"68,70.5,73.5,75,74.5,75.5,75,75.5",15.3,67.17,83.14,JiaXipera МM1090Y,22,1
412,412100262049687250412,"69.5,71.5,75,74.5,75,76,77,76",15.3,67.17,83.14,JiaXipera МM1090Y,22,1
412,412100262049687240412,"67.5,71,73.5,74.5,74,74.5,76,74.5,75",15.3,67.17,83.14,JiaXipera МM1090Y,22,1
412,412100262049687230412,"67,71,74.5,76,74.5,75,76,76.5,76,77,77.5",15.3,67.17,83.14,JiaXipera МM1090Y,22,1
412,412100262049687220412,"66,67.5,69,70.5,72,71,73.5,71.5",15.3,67.17,83.14,JiaXipera МM1090Y,22,1
412,412100262049687200412,"67,67.5,72,71,71.5,72,72.5,73,71.5,72",15.4,67.27,83.23,JiaXipera МM1090Y,22,1
412,412100262049687190412,"67.5,74,75.5,76.5,77,79",15.4,67.27,83.23,JiaXipera МM1090Y,22,1
412,412100262049687160412,"69,72,74.5,75.5,77,76",15.7,67.55,83.51,JiaXipera МM1090Y,22,1
412,412100262049687090412,"72.5,74,75,75.5,76.5,75.5,76.5,77,78.5",15.9,67.73,83.7,JiaXipera МM1090Y,22,1
412,412100262049687080412,"72,75,78.5,77.5,78.5,79,78.5,79",15.9,67.73,83.7,JiaXipera МM1090Y,22,1
412,412100262049545080412,"74,74.5,76.5,77,76,75.5,75,76.5",17.6,69.32,85.29,JiaXipera МM1090Y,22,1
412,412100262049545070412,"71.5,76,77,78,79,80,81,80",17.6,69.32,85.29,JiaXipera МM1090Y,22,1
412,412100262049545060412,"69.5,75,79,78,79.5,80,79",17.7,69.42,85.39,JiaXipera МM1090Y,22,1
412,412100262049545050412,"72,76,77.5,77,79,80.5,79.5,79",17.6,69.32,85.29,JiaXipera МM1090Y,22,1
412,412100262049545040412,"69,74,76.5,78.5,79.5,79",17.7,69.42,85.39,JiaXipera МM1090Y,22,1
412,412100262049545030412,"69.5,75.5,77.5,78.5,79.5,81",17.6,69.32,85.29,JiaXipera МM1090Y,22,1
412,412100262049545020412,"68,72.5,73.5,75.5,76.5,77.5,78",17.6,69.32,85.29,JiaXipera МM1090Y,22,1
412,412100262049545000412,"70.5,73,75,74,76,75.5,77,75.5",18.0,69.7,85.67,JiaXipera МM1090Y,22,1
412,412100262049544970412,"69.5,73,75,75.5,76,77.5,78",18.0,69.7,85.67,JiaXipera МM1090Y,22,1
412,412100262049544950412,"67.5,75,77,79,79.5,81.5,80.5",18.1,69.79,85.76,JiaXipera МM1090Y,22,1
412,412100262049544920412,"67.5,72,76,76.5,77.5,78.5,77.5",18.2,69.88,85.86,JiaXipera МM1090Y,22,1
412,412100262049544830412,"69.5,73,75.5,76.5,77",17.7,69.42,85.39,JiaXipera МM1090Y,22,1
412,412100262049544820412,"69.5,75,76,76.5,76,77.5,76.5",17.7,69.42,85.39,JiaXipera МM1090Y,22,1
412,412100262049544810412,"70.5,73.5,74,75,76,76.5,75.5",17.7,69.42,85.39,JiaXipera МM1090Y,22,1
412,412100262049544790412,"69,72.5,75,76.5,74.5,76,76.5",17.7,69.42,85.39,JiaXipera МM1090Y,22,1
412,412100262049544780412,"66,69,75,73.5,75,75.5,77,76",18.3,69.98,85.95,JiaXipera МM1090Y,22,1
412,412100262049544770412,"71,75,78.5,79,80,80.5,79",18.1,69.79,85.76,JiaXipera МM1090Y,22,1
412,412100262049544750412,"67.5,72,76.5,76,76.5,78.5,76.5",18.3,69.98,85.95,JiaXipera МM1090Y,22,1
412,412100262049544720412,"70,75,77,76,77,78.5,76.5",17.9,69.6,85.57,JiaXipera МM1090Y,22,1
412,412100262049544960412,"66.5,70.5,74.5,75.5,74.5,76.5,77",18.1,69.79,85.76,JiaXipera МM1090Y,22,1
412,412100262049544710412,"70.5,74.5,76,76.5,77,78,77.5,77",17.9,69.6,85.57,JiaXipera МM1090Y,22,1
412,412100262049544700412,"71.5,74,77,78,79.5,81.5,78.5",17.9,69.6,85.57,JiaXipera МM1090Y,22,1
412,412100262049544690412,"70,75.5,78.5,78,79,78.5,80.5,79",17.9,69.6,85.57,JiaXipera МM1090Y,22,1
412,412100262049544670412,"75,77,78.5,78,79.5,78.5,80,79.5",18.4,70.07,86.04,JiaXipera МM1090Y,22,1
412,412100262049544640412,"67,73.5,75.5,77.5,78.5,77,79",18.1,69.79,85.76,JiaXipera МM1090Y,22,1
412,412100262049544600412,"70,75.5,74.5,76.5,77.5,79,77.5",18.3,69.98,85.95,JiaXipera МM1090Y,22,1
412,412100262049544590412,"68.5,75,78,79,78,79.5,79,80",18.3,69.98,85.95,JiaXipera МM1090Y,22,1
412,412100262049544570412,"71,76.5,79,80,79.5,78.5,80,81",18.4,70.07,86.04,JiaXipera МM1090Y,22,1
412,412100262049687310412,"68.5,70.5,74,76,76.5,75.5,78",15.3,67.17,83.14,JiaXipera МM1090Y,22,1
412,412100262049544550412,"69.5,75.5,76.5,78,77.5,78,78.5,78",18.5,70.17,86.14,JiaXipera МM1090Y,22,1
412,412100262049544470412,"66.5,71,74.5,78,77.5,77",17.7,69.42,85.39,JiaXipera МM1090Y,22,1
412,412100262049544460412,"69,73,76,77,76.5,76,78,77",17.7,69.42,85.39,JiaXipera МM1090Y,22,1
412,412100262049544450412,"69.5,73.5,77.5,77,78,79,79.5",17.7,69.42,85.39,JiaXipera МM1090Y,22,1
412,412100262049544420412,"70.5,76,79,78,78.5,79,80,78.5",17.8,69.51,85.48,JiaXipera МM1090Y,22,1
412,412100262049544390412,"70.5,76,79.5,80,79.5,81.5,78",18.0,69.7,85.67,JiaXipera МM1090Y,22,1
412,412100262049544340412,"70.5,77,80.5,79.5,81.5,81,83,81.5",18.2,69.88,85.86,JiaXipera МM1090Y,22,1
412,412100262049544320412,"74,74.5,77,78.5,77.5,80,78.5,79",18.2,69.88,85.86,JiaXipera МM1090Y,22,1
412,412100262049544310412,"73,75,80.5,81,80,82.5,81.5",18.2,69.88,85.86,JiaXipera МM1090Y,22,1
412,412100262049687670412,"70.5,70,75,76,74.5,75,76,77,76.5",16.0,67.83,83.79,JiaXipera МM1090Y,22,1
412,412100262049544290412,"71,73,79.5,79,80.5,79.5,81.5,70",18.2,69.88,85.86,JiaXipera МM1090Y,22,1
412,412100262049544280412,"70,73,76,76.5,77,78,79,78.5",18.4,70.07,86.04,JiaXipera МM1090Y,22,1
412,412100262049544260412,"70.5,75,78,79,81,80.5,81",18.6,70.26,86.23,JiaXipera МM1090Y,22,1
412,412100262049544250412,"72,77,80,80.5,79,80.5,81,80.5",18.6,70.26,86.23,JiaXipera МM1090Y,22,1
412,412100262049544220412,"74,76,79,80,81,82,83.5,84",18.7,70.35,86.33,JiaXipera МM1090Y,22,1
412,412100262049544210412,"69.5,74,77.5,79,78,78.5",18.9,70.54,86.51,JiaXipera МM1090Y,22,1
412,412100262049544200412,"72.5,75,79.5,80,80.5,81,81.5",18.8,70.45,86.42,JiaXipera МM1090Y,22,1
412,412100262049544180412,"66.5,72.5,77.5,80.5,79.5,78,82,80.5,79.5",18.9,70.54,86.51,JiaXipera МM1090Y,22,1
412,412100262049544130412,"64,73,75.5,75,75.5,77",17.9,69.6,85.57,JiaXipera МM1090Y,22,1
412,412100262049544120412,"67,72.5,76,76.5,77,78.5,79.5,77.5",18.1,69.79,85.76,JiaXipera МM1090Y,22,1
412,412100262049544110412,"72,73,75,76,78.5,76.5,78.5,79.5",18.0,69.7,85.67,JiaXipera МM1090Y,22,1
412,412100262049544100412,"71.5,72,75,76.5,77.5,76.5,77.5,79",18.1,69.79,85.76,JiaXipera МM1090Y,22,1
412,412100262049544060412,"67.5,73,75.5,76.5,77.5,77,76.5,76",18.2,69.88,85.86,JiaXipera МM1090Y,22,1
412,412100262049544010412,"58.5,65.5,68.5,70.5,71.5,72,71,70",18.3,69.98,85.95,JiaXipera МM1090Y,22,1
412,412100262049544000412,"68,70,74.5,76,75.5,77,75.5",18.5,70.17,86.14,JiaXipera МM1090Y,22,1
412,412100262049543980412,"69,71,75.5,76.5,76,77,78.5,79",18.4,70.07,86.04,JiaXipera МM1090Y,22,1
412,412100262049543960412,"66.5,75,76.5,77,76,76.5,78,77.5",18.4,70.07,86.04,JiaXipera МM1090Y,22,1
412,412100262049543940412,"70.5,75,76.5,76,80,79.5,79,80.5",18.3,69.98,85.95,JiaXipera МM1090Y,22,1
412,412100262049543930412,"68.5,73.5,76.5,78,77.5,78,79",18.3,69.98,85.95,JiaXipera МM1090Y,22,1
412,412100262049543870412,"71.5,73.5,75,75.5,76,75,76,76.5",18.6,70.26,86.23,JiaXipera МM1090Y,22,1
412,412100262049543860412,"71,72,76,78,79,78,79,78",18.4,70.07,86.04,JiaXipera МM1090Y,22,1
412,412100262049543840412,"70,73,74,76,76.5,77,79,77.5",16.3,68.11,84.07,JiaXipera МM1090Y,22,1
412,412100262049543830412,"63.5,68.5,72.5,74,73.5,75.5,76.5,76",18.4,70.07,86.04,JiaXipera МM1090Y,22,1
412,412100262049543820412,"66.5,72.5,75.5,76.5,78,76.5,78.5,77.5",18.4,70.07,86.04,JiaXipera МM1090Y,22,1
412,412100262049543790412,"68,72.5,74,74.5,75,76.5,77,78",18.5,70.17,86.14,JiaXipera МM1090Y,22,1
412,412100262049543770412,"73,75,77.5,77,78,78.5,80,79.5",18.6,70.26,86.23,JiaXipera МM1090Y,22,1
412,412100262049543740412,"69,73,75.5,76,76.5,77.5,80.5,80",18.8,70.45,86.42,JiaXipera МM1090Y,22,1
412,412100262049543720412,"69.5,73.5,75.5,76.5,77,77.5,78,79,79.5",18.7,70.35,86.33,JiaXipera МM1090Y,22,1
412,412100262049543660412,"69,72,73,74,73.5,74,75.5",16.1,67.92,83.89,JiaXipera МM1090Y,22,1
412,412100262049543630412,"65,67.5,68,69.5,68,69.5,70",15.9,67.73,83.7,JiaXipera МM1090Y,22,1
412,412100262049543620412,"68,67.5,70,71.5,72,71.5,73.5,71.5",15.9,67.73,83.7,JiaXipera МM1090Y,22,1
412,412100262049543610412,"70,75,76.5,74.5,76,76.5,77,76.5",16.4,68.2,84.17,JiaXipera МM1090Y,22,1
412,412100262049543600412,"67.5,69.5,72,73,72.5,74,71.5",16.0,67.83,83.79,JiaXipera МM1090Y,22,1
412,412100262049543570412,"66.5,68.5,72.5,74,74.5,73.5",16.1,67.92,83.89,JiaXipera МM1090Y,22,1
412,412100262049543560412,"64,69.5,72.5,73,73.5,74,74.5,75",16.2,68.01,83.98,JiaXipera МM1090Y,22,1
412,412100262049543540412,"68,72,74.5,74,74.5,74,75",16.6,68.39,84.36,JiaXipera МM1090Y,22,1
412,412100262049543510412,"70,73,72.5,74.5,75,74,75.5,75",16.6,68.39,84.36,JiaXipera МM1090Y,22,1
412,412100262049543500412,"70,72.5,74.5,75,76,76.5,77.5,76",16.5,68.29,84.26,JiaXipera МM1090Y,22,1
412,412100262049543490412,"69,70,73.5,74.5,74,75,75.5,73.5",16.6,68.39,84.36,JiaXipera МM1090Y,22,1
412,412100262049543480412,"70.5,72,76,75,75.5,75,76,75",16.6,68.39,84.36,JiaXipera МM1090Y,22,1
412,412100262049543470412,"68.5,70,73.5,74.5,74,77,76.5,76",16.6,68.39,84.36,JiaXipera МM1090Y,22,1
412,412100262049543460412,"69.5,75,76,75.5,76,77.5,77,76,77.5,76.5",17.2,68.95,84.92,JiaXipera МM1090Y,22,1
412,412100262049543450412,"67.5,71,74.5,75,75.5,76.5,77,75.5,76",16.6,68.39,84.36,JiaXipera МM1090Y,22,1
412,412100262049544760412,"64.5,67,73,74,75,76,73",18.2,69.88,85.86,JiaXipera МM1090Y,22,1
412,412100262049543440412,"72,74.5,76.5,78,76.5,77,78,79,78.5",16.6,68.39,84.36,JiaXipera МM1090Y,22,1
412,412100262049543420412,"68.5,74,73.5,74.5,75,74,76.5,75.5",16.6,68.39,84.36,JiaXipera МM1090Y,22,1
412,412100262049543410412,"70,74,74.5,75,75.5,74",16.8,68.58,84.54,JiaXipera МM1090Y,22,1
412,412100262049543370412,"68.5,72.5,74.5,75,74.5,75,76,75.5,75",16.8,68.58,84.54,JiaXipera МM1090Y,22,1
412,412100262049544350412,"68,69.5,74.5,75,76,75.5,77,75.5",18.2,69.88,85.86,JiaXipera МM1090Y,22,1
412,412100262049543350412,"66,66.5,73,73.5,74.5,75,74",17.0,68.76,84.73,JiaXipera МM1090Y,22,1
412,412100262049543340412,"63.5,68,70,71.5,72.5,73.5",17.1,68.86,84.82,JiaXipera МM1090Y,22,1
412,412100262049543300412,"70.5,72.5,75.5,77,76.5",17.3,69.04,85.01,JiaXipera МM1090Y,22,1
412,412100262049543290412,"70.5,72,74.5,75,76,76.5,75.5",17.3,69.04,85.01,JiaXipera МM1090Y,22,1
412,412100262049543260412,"71.5,74,76.5,76,78,79,79.5,78.5",17.4,69.14,85.11,JiaXipera МM1090Y,22,1
412,412100262049543190412,"69.5,73,74,75,76,75.5,77,75",17.1,68.86,84.82,JiaXipera МM1090Y,22,1
412,412100262049543180412,"67.5,70,73,73.5,74,75.5,76,74.5",17.0,68.76,84.73,JiaXipera МM1090Y,22,1
412,412100262049543170412,"70,75,76.5,77.5,77,78,77.5,78,79.5",17.1,68.86,84.82,JiaXipera МM1090Y,22,1
412,412100262049543780412,"68.5,73.5,74,76,75.5,76,75",16.1,67.92,83.89,JiaXipera МM1090Y,22,1
412,412100262049543160412,"74.5,74,76,75.5,77,77.5,78.5",17.1,68.86,84.82,JiaXipera МM1090Y,22,1
412,412100262049543150412,"71,73,74.5,75,77,80.5,78.5,79.5",17.2,68.95,84.92,JiaXipera МM1090Y,22,1
412,412100262049543140412,"71.5,74.5,76.5,77,77.5,78,78.5,80,78",17.3,69.04,85.01,JiaXipera МM1090Y,22,1
412,412100262049543090412,"68,66.5,68,70.5,73.5,75,73.5,75,74.5",18.0,69.7,85.67,JiaXipera МM1090Y,22,1
412,412100262049543080412,"70.5,70,73.5,74.5,74,75,73,74.5",17.8,69.51,85.48,JiaXipera МM1090Y,22,1
412,412100262049543070412,"68,69.5,73.5,73,75,74.5",17.3,69.04,85.01,JiaXipera МM1090Y,22,1
412,412100262049543060412,"69,71.5,74.5,76.5,74.5,75.5,76,78.5",17.8,69.51,85.48,JiaXipera МM1090Y,22,1
412,412100262049543050412,"70.5,72,74.5,76,77,76.5,78,77",17.8,69.51,85.48,JiaXipera МM1090Y,22,1
412,412100262049543040412,"71,72.5,74.5,74,75,76.5,74.5",17.6,69.32,85.29,JiaXipera МM1090Y,22,1
412,412100262049543550412,"67.5,68.5,71,72,71.5,72,72.5,72",16.3,68.11,84.07,JiaXipera МM1090Y,22,1
412,412100262049543020412,"69.5,72,73.5,75.5,76.5,76,76.5,77",17.5,69.23,85.2,JiaXipera МM1090Y,22,1
412,412100262049543010412,"68.5,70,74,76,77,78.5",17.6,69.32,85.29,JiaXipera МM1090Y,22,1
412,412100262049542990412,"69,72,75,76.5,75,77,76",17.8,69.51,85.48,JiaXipera МM1090Y,22,1
412,412100262049542980412,"71,72.5,73.5,74.5,75,74.5,77.5,74.5",17.8,69.51,85.48,JiaXipera МM1090Y,22,1
412,412100262049542970412,"71.5,74,76,78,79,80,79",17.8,69.51,85.48,JiaXipera МM1090Y,22,1
412,412100262049542930412,"69,72,72.5,75,75.5,77.5",18.0,69.7,85.67,JiaXipera МM1090Y,22,1
412,412100262049542900412,"66,74.5,76,75.5,76.5,77.5",18.1,69.79,85.76,JiaXipera МM1090Y,22,1
412,412100262049542850412,"66.5,71,74,74.5,74,76,75.5,77.5",18.3,69.98,85.95,JiaXipera МM1090Y,22,1
412,412100262049544910412,"71.5,74.5,76.5,77,78.5,77.5,80,79",18.2,69.88,85.86,JiaXipera МM1090Y,22,1
412,412100262049542830412,"70.5,72,76,76.5,77.5,78,79.5",18.3,69.98,85.95,JiaXipera МM1090Y,22,1
412,412100262049542820412,"69,73,74,74.5,75,77.5,76,75.5",18.4,70.07,86.04,JiaXipera МM1090Y,22,1
412,412100262049542790412,"72,75.5,78,78.5,80,79.5,80.5",18.5,70.17,86.14,JiaXipera МM1090Y,22,1
412,412100262049542780412,"68,70,74.5,75,75.5,76",18.6,70.26,86.23,JiaXipera МM1090Y,22,1
412,412100262049542770412,"68,72,76,75,76.5,77,78,76.5",18.6,70.26,86.23,JiaXipera МM1090Y,22,1
412,412100262049542760412,"70.5,73.5,76.5,76,77.5,78,77.5",18.8,70.45,86.42,JiaXipera МM1090Y,22,1
412,412100262049542750412,"71.5,74.5,75,76.5,75.5,76.5",18.8,70.45,86.42,JiaXipera МM1090Y,22,1
412,412100262049542740412,"69.5,72,75,76.5,77,78,78.5",18.8,70.45,86.42,JiaXipera МM1090Y,22,1
412,412100262049542730412,"68.5,73,76.5,78.5,79,78.5,79,78",18.8,70.45,86.42,JiaXipera МM1090Y,22,1
412,412100262049542670412,"68.5,72,74,75,76.5,75,76,75.5,77",19.5,71.1,87.08,JiaXipera МM1090Y,22,1
412,412100262049543110412,"75.5,77,76.5,77.5,78.5,79,78,78.5,78,80.5,78.5",17.3,69.04,85.01,JiaXipera МM1090Y,22,1
412,412100262049542660412,"68.5,73.5,75.5,76.5,77.5,78,79",19.5,71.1,87.08,JiaXipera МM1090Y,22,1
412,412100262049542650412,"67,74,76.5,77.5,77,78,79,78",19.5,71.1,87.08,JiaXipera МM1090Y,22,1
412,412100262049542640412,"71,73.5,75.5,77.5,77,76.5,77",19.6,71.19,87.17,JiaXipera МM1090Y,22,1
412,412100262049542630412,"70.5,74,76,74.5,75,76,77,75",19.7,71.29,87.26,JiaXipera МM1090Y,22,1
412,412100262049542620412,"71,76,79,77,78.5,80,79.5",19.6,71.19,87.17,JiaXipera МM1090Y,22,1
412,412100262049542610412,"70.5,74.5,76,77,77.5,76",19.6,71.19,87.17,JiaXipera МM1090Y,22,1
412,412100262049542560412,"70.5,73,77.5,76.5,77,77.5,78,77.5",19.8,71.38,87.36,JiaXipera МM1090Y,22,1
412,412100262049542520412,"71.5,74,77.5,78,79,78,79.5,77.5",20.4,71.94,87.92,JiaXipera МM1090Y,22,1
412,412100262049542480412,"73,73.5,78.5,79,79.5,79,80.5,79",19.9,71.48,87.45,JiaXipera МM1090Y,22,1
412,412100262049544040412,"66.5,69,71.5,72.5,71.5,73,74.5,72",18.2,69.88,85.86,JiaXipera МM1090Y,22,1
412,412100262049542470412,"73.5,77.5,80,81,80,80.5,81.5,82",19.9,71.48,87.45,JiaXipera МM1090Y,22,1
412,412100262049542450412,"70.5,74.5,78.5,80,80.5,83",19.9,71.48,87.45,JiaXipera МM1090Y,22,1
412,412100262049455920412,"70.5,74,77.5,78.5,77.5,78,79,78.5",19.4,71.01,86.98,JiaXipera МM1090Y,22,1
412,412100262049541610412,"74.5,75.5,77.5,78.5,78,77.5,78.5,79",20.2,71.76,87.73,JiaXipera МM1090Y,22,1
412,412100262049455850412,"67,71,75,74.5,76,75.5,78,79",19.4,71.01,86.98,JiaXipera МM1090Y,22,1
412,412100262049538870412,"73,78,78.5,79,78.5,79.5",20.4,71.94,87.92,JiaXipera МM1090Y,22,1
412,412100262049539400412,"72,75,77.5,78,77.5,78",21.5,72.97,88.95,JiaXipera МM1090Y,22,1
412,412100262049540570412,"75.5,76.5,78.5,79,78.5,80,81",18.4,70.07,86.04,JiaXipera МM1090Y,22,1
412,412100262049455710412,"68,75.5,77.5,78,76,78,78.5,77",16.4,68.2,84.17,JiaXipera МM1090Y,22,1
412,412100262049455680412,"72,75.5,77.5,77,78,79.5,78.5",16.4,68.2,84.17,JiaXipera МM1090Y,22,1
412,412100262049455620412,"70.5,74.5,76.5,75.5,76,78,77,78.5",16.5,68.29,84.26,JiaXipera МM1090Y,22,1
412,412100262049540810412,"69,71.5,75,76,76.5,74.5,78,77.5,77,76,77.5,77,76.5",18.2,69.88,85.86,JiaXipera МM1090Y,22,1
412,412100262049455610412,"69,73.5,77.5,77,78.5,78",16.6,68.39,84.36,JiaXipera МM1090Y,22,1
412,412100262049544900412,"69,76,78,79,81,79.5",18.3,69.98,85.95,JiaXipera МM1090Y,22,1
412,412100262049454330412,"70.5,74.5,75.5,76,77,78,77.5",17.4,69.14,85.11,JiaXipera МM1090Y,22,1
412,412100262049455520412,"71.5,73,74.5,76,76.5,77,75.5,77.5,76.5",16.7,68.48,84.45,JiaXipera МM1090Y,22,1
412,412100262049455490412,"73,71,76.5,78,81.5,79,80.5,78",16.9,68.67,84.64,JiaXipera МM1090Y,22,1
412,412100262049455530412,"70,74.5,77,78.5,79.5,78.5",16.7,68.48,84.45,JiaXipera МM1090Y,22,1
412,412100262049268380412,"68.5,73,75,76.5,76,78,77.5,78.5,78",17.9,69.6,85.57,JiaXipera МM1090Y,22,1
412,412100262049539910412,"70,74,76.5,76,77.5,79,77.5",20.8,72.32,88.3,JiaXipera МM1090Y,22,1
412,412100262049542100412,"74.5,77,77.5,79,78,80.5,78.5",20.5,72.04,88.01,JiaXipera МM1090Y,22,1
412,412100262049455450412,"70.5,73,76.5,77.5,79.5,80.5,81,71.5",16.9,68.67,84.64,JiaXipera МM1090Y,22,1
412,412100262049455350412,"66,68.5,73,73.5,74,74.5,76,75.5",16.5,68.29,84.26,JiaXipera МM1090Y,22,1
412,412100262049455890412,"71,73.5,77.5,79,78,79,79.5",19.3,70.91,86.89,JiaXipera МM1090Y,22,1
412,412100262049455290412,"69.5,73.5,76.5,77,77.5,76,78,78.5",16.5,68.29,84.26,JiaXipera МM1090Y,22,1
412,412100262049451280412,"68,74,77,76,77.5,77,77.5,79,78",17.9,69.6,85.57,JiaXipera МM1090Y,22,1
412,412100262049537110412,"69,72,74.5,75,74,76.5,76,74.5",16.1,67.92,83.89,JiaXipera МM1090Y,22,1
412,412100262049538600412,"69.5,70.5,74.5,77,78.5,79,80,77.5",20.5,72.04,88.01,JiaXipera МM1090Y,22,1
412,412100262049455220412,"71.5,72,75,76.5,78,77.5,78.5,78",16.6,68.39,84.36,JiaXipera МM1090Y,22,1
412,412100262049455200412,"69,71,73.5,74,74.5,75,75.5,75",16.7,68.48,84.45,JiaXipera МM1090Y,22,1
412,412100262049455170412,"70,75,77,76,77.5,70",16.9,68.67,84.64,JiaXipera МM1090Y,22,1
412,412100262049455090412,"69,74,76.5,77,78,76.5",17.3,69.04,85.01,JiaXipera МM1090Y,22,1
412,412100262049268720412,"67,70.5,73.5,76,75.5,76.5,75.5",16.2,68.01,83.98,JiaXipera МM1090Y,22,1
412,412100262049542380412,"68.5,78,78.5,80,80.5",20.2,71.76,87.73,JiaXipera МM1090Y,22,1
412,412100262049455730412,"72,75.5,75,77.5,76.5,75.5,76.5,77",16.3,68.11,84.07,JiaXipera МM1090Y,22,1
412,412100262049455140412,"71.5,75,76.5,76,77,77.5,78,77.5",17.0,68.76,84.73,JiaXipera МM1090Y,22,1
412,412100262049455130412,"71,72,75.5,77,78,79",16.9,68.67,84.64,JiaXipera МM1090Y,22,1
412,412100262049455080412,"68,75.5,79.5,80,80.5,80",17.1,68.86,84.82,JiaXipera МM1090Y,22,1
412,412100262049451000412,"74,79.5,79,81,80.5,82,80",17.4,69.14,85.11,JiaXipera МM1090Y,22,1
412,412100262049455030412,"68.5,73,76.5,77.5,78,77.5",17.3,69.04,85.01,JiaXipera МM1090Y,22,1
412,412100262049544990412,"74,74.5,76.5,78,77.5,77,77.5,76.5",17.9,69.6,85.57,JiaXipera МM1090Y,22,1
412,412100262049539520412,"74,78.5,79,80.5,81.5,79.5,78.5,80,80.5,80",21.6,73.07,89.05,JiaXipera МM1090Y,22,1
412,412100262049455020412,"72,75,79,80,79.5,80.5,82,81.5",17.3,69.04,85.01,JiaXipera МM1090Y,22,1
412,412100262049539790412,"74.5,75,76.5,79,80,79.5,81,82,81.5",20.8,72.32,88.3,JiaXipera МM1090Y,22,1
412,412100262049454960412,"67,72.5,74.5,74,74.5,76,76.5,75.5",17.4,69.14,85.11,JiaXipera МM1090Y,22,1
412,412100262049542590412,"69,72.5,75.5,78.5,77.5,78,77.5,78.5,78,79",19.7,71.29,87.26,JiaXipera МM1090Y,22,1
412,412100262049541230412,"67,71,72.5,73,74.5,73.5,75,73",16.8,68.58,84.54,JiaXipera МM1090Y,22,1
412,412100262049542030412,"72,75,77,77.5,77,78,77,79",20.8,72.32,88.3,JiaXipera МM1090Y,22,1
412,412100262049454940412,"66,69.5,72.5,74,72.5,73.5,74",17.0,68.76,84.73,JiaXipera МM1090Y,22,1
412,412100262049452440412,"70.5,72.5,77,78,78.5,78,79",19.3,70.91,86.89,JiaXipera МM1090Y,22,1
412,412100262049542800412,"67,71,73.5,75,76,76.5,77,76.5",18.5,70.17,86.14,JiaXipera МM1090Y,22,1
412,412100262049451160412,"71.5,79.5,81,80.5,82,81,82.5,82",18.2,69.88,85.86,JiaXipera МM1090Y,22,1
412,412100262049453490412,"70.5,73.5,75.5,76.5,77.5,79,78",17.7,69.42,85.39,JiaXipera МM1090Y,22,1
412,412100262049454880412,"67.5,71.5,75.5,76.5,74.5,76.5,75.5,76.5,76",17.2,68.95,84.92,JiaXipera МM1090Y,22,1
412,412100262049544020412,"67.5,72,75,75.5,77,76.5,78,76.5",18.2,69.88,85.86,JiaXipera МM1090Y,22,1
412,412100262049454700412,"73.5,72,74,74.5,76,77,77.5",17.2,68.95,84.92,JiaXipera МM1090Y,22,1
412,412100262049453750412,"70.5,76.5,78,78.5,79,80,82,81.5",18.0,69.7,85.67,JiaXipera МM1090Y,22,1
412,412100262049542410412,"72,74.5,78.5,79,79.5,80.5,81,80",20.2,71.76,87.73,JiaXipera МM1090Y,22,1
412,412100262049454840412,"69.5,72,75.5,76.5,77,76,77.5,77,77.5,77,79,77.5,77,79,78,78.5",17.2,68.95,84.92,JiaXipera МM1090Y,22,1
412,412100262049454770412,"70,74.5,76,75.5,76,76.5",17.3,69.04,85.01,JiaXipera МM1090Y,22,1
412,412100262049454740412,"67.5,72,75,76,76.5,77,77.5",17.2,68.95,84.92,JiaXipera МM1090Y,22,1
412,412100262049268950412,"72,75,77,77.5,77,78.5,77.5",15.4,67.27,83.23,JiaXipera МM1090Y,22,1
412,412100262049452970412,"67,71,73,74,75.5,76,76.5,78,77.5",18.6,70.26,86.23,JiaXipera МM1090Y,22,1
412,412100262049456500412,"73,79,80.5,79.5,81.5,83,82.5",18.7,70.35,86.33,JiaXipera МM1090Y,22,1
412,412100262049451250412,"71,77.5,78.5,77.5,78.5,77.5,78",18.1,69.79,85.76,JiaXipera МM1090Y,22,1
412,412100262049454490412,"67.5,71.5,72.5,73,73.5,75,75.5,74",16.9,68.67,84.64,JiaXipera МM1090Y,22,1
412,412100262049453960412,"69,72.5,75.5,77,76.5,77,79,78,79,80.5",17.3,69.04,85.01,JiaXipera МM1090Y,22,1
412,412100262049456890412,"71.5,72.5,76.5,77.5,78.5,79",18.2,69.88,85.86,JiaXipera МM1090Y,22,1
412,412100262049540370412,"69.5,73,75,76,76.5,77.5,75",19.2,70.82,86.79,JiaXipera МM1090Y,22,1
412,412100262049455660412,"70,70.5,73,73.5,74.5,76.5,77,73.5",16.5,68.29,84.26,JiaXipera МM1090Y,22,1
412,412100262049452540412,"71,74,77.5,80.5,79,82,81,81.5",19.1,70.73,86.7,JiaXipera МM1090Y,22,1
412,412100262049452280412,"71,73.5,77.5,78,77.5,78.5,78,78.5,80",18.9,70.54,86.51,JiaXipera МM1090Y,22,1
412,412100262049537190412,"67.5,66,67,69,69.5,70.5,71.5,71,71.5",15.7,67.55,83.51,JiaXipera МM1090Y,22,1
412,412100262049543800412,"66,69.5,73,73.5,73,74.5,75.5,75",18.5,70.17,86.14,JiaXipera МM1090Y,22,1
412,412100262049454400412,"66.5,72,75.5,76,78,76.5,78.5",17.3,69.04,85.01,JiaXipera МM1090Y,22,1
412,412100262049453220412,"71,75,79,78,78.5,78,78.5",18.3,69.98,85.95,JiaXipera МM1090Y,22,1
412,412100262049451010412,"70.5,74,78.5,78,78.5,78,80,79",17.4,69.14,85.11,JiaXipera МM1090Y,22,1
412,412100262049454360412,"69,71,72,72.5,76,75,75.5,76,75",17.3,69.04,85.01,JiaXipera МM1090Y,22,1
412,412100262049269380412,"74.5,78.5,81,82,81.5,80.5",14.7,66.61,82.57,JiaXipera МM1090Y,22,1
412,412100262049452200412,"72,76,77.5,77,78.5,79.5,82,79.5,80.5,79",19.2,70.82,86.79,JiaXipera МM1090Y,22,1
412,412100262049537790412,"68.5,70.5,72,74.5,74,75,73.5",14.9,66.8,82.76,JiaXipera МM1090Y,22,1
412,412100262049537960412,"63,68.5,70,72,72.5,75,75.5",14.3,66.24,82.2,JiaXipera МM1090Y,22,1
412,412100262049454300412,"70.5,71.5,75.5,77.5,77,77.5,78,78.5",17.6,69.32,85.29,JiaXipera МM1090Y,22,1
412,412100262049454290412,"72.5,74.5,76,77,77.5,79,78.5,77.5",17.6,69.32,85.29,JiaXipera МM1090Y,22,1
412,412100262049538170412,"65.5,69,69.5,71.5,71,72,72.5,74.5",13.7,65.68,81.64,JiaXipera МM1090Y,22,1
412,412100262049454270412,"70.5,72,72.5,73.5,77,76.5,77.5,77,78,78.5",17.6,69.32,85.29,JiaXipera МM1090Y,22,1
412,412100262049537260412,"67,68.5,71,70.5,72,73,74,72.5",15.6,67.45,83.42,JiaXipera МM1090Y,22,1
412,412100262049454220412,"72,71.5,72.5,73.5,73,73.5,74,74.5",17.8,69.51,85.48,JiaXipera МM1090Y,22,1
412,412100262049456520412,"70.5,78,80.5,81.5,82,83,81.5",18.6,70.26,86.23,JiaXipera МM1090Y,22,1
412,412100262049454650412,"72,78,80.5,81,81.5,82,81.5",17.4,69.14,85.11,JiaXipera МM1090Y,22,1
412,412100262049454370412,"68,74.5,75,78,76.5,76,79,78",17.3,69.04,85.01,JiaXipera МM1090Y,22,1
412,412100262049451600412,"71,72,76.5,75.5,76.5,77,76",17.7,69.42,85.39,JiaXipera МM1090Y,22,1
412,412100262049452320412,"71,74,76,78.5,79.5,80,81,80,78.5,79",18.7,70.35,86.33,JiaXipera МM1090Y,22,1
412,412100262049454180412,"70.5,71.5,76.5,77,78,79,79.5,81,80",17.8,69.51,85.48,JiaXipera МM1090Y,22,1
412,412100262049455040412,"66,73,78,80.5,79.5,82,81.5,80.5",17.2,68.95,84.92,JiaXipera МM1090Y,22,1
412,412100262049454260412,"68,70.5,73.5,75,74.5,76,75,76.5",17.6,69.32,85.29,JiaXipera МM1090Y,22,1
412,412100262049454160412,"72.5,73.5,76.5,78,78.5,79.5,81,82,81.5,82,83.5",17.8,69.51,85.48,JiaXipera МM1090Y,22,1
412,412100262049270230412,"66,71,75,78,76.5,77.5,78.5,78,80,78.5",17.9,69.6,85.57,JiaXipera МM1090Y,22,1
412,412100262049454000412,"70,68.5,75,76,75,75.5,77.5,75.5",17.2,68.95,84.92,JiaXipera МM1090Y,22,1
412,412100262049453990412,"66.5,70,75,74,74.5,75,75.5",17.2,68.95,84.92,JiaXipera МM1090Y,22,1
412,412100262049543320412,"65.5,70,72.5,74,74.5,75,76,75",17.1,68.86,84.82,JiaXipera МM1090Y,22,1
412,412100262049453970412,"68.5,74,75.5,76.5,77,77.5,78.5,78,79",17.3,69.04,85.01,JiaXipera МM1090Y,22,1
412,412100262049452420412,"67.5,69,72.5,76.5,76,77,77.5,78",19.4,71.01,86.98,JiaXipera МM1090Y,22,1
412,412100262049453950412,"68,73.5,76,77,79.5,77",17.4,69.14,85.11,JiaXipera МM1090Y,22,1
412,412100262049453930412,"70,72.5,74.5,77,76,77.5,77,79.5",17.4,69.14,85.11,JiaXipera МM1090Y,22,1
412,412100262049453910412,"67.5,72.5,75,76.5,76,78.5,77",17.8,69.51,85.48,JiaXipera МM1090Y,22,1
412,412100262049453900412,"72.5,75.5,78,80,80.5,79.5,81.5,81",17.5,69.23,85.2,JiaXipera МM1090Y,22,1
412,412100262049455840412,"65.5,75.5,77,78,79.5,81,80.5,81",19.4,71.01,86.98,JiaXipera МM1090Y,22,1
412,412100262049268980412,"69.5,69,73.5,75.5,77.5,78.5,79.5,78.5",15.1,66.98,82.95,JiaXipera МM1090Y,22,1
412,412100262049454060412,"65,71,73,73.5,74,73.5,75.5,74.5",17.3,69.04,85.01,JiaXipera МM1090Y,22,1
412,412100262049453810412,"67,69,70.5,71.5,72.5,75,74",17.7,69.42,85.39,JiaXipera МM1090Y,22,1
412,412100262049543130412,"68,71.5,73,74,75.5,77.5,77,76.5",17.5,69.23,85.2,JiaXipera МM1090Y,22,1
412,412100262049268670412,"64.5,67,70,71.5,72,72.5,73",17.0,68.76,84.73,JiaXipera МM1090Y,22,1
412,412100262049451900412,"71,75,78,77.5,77,80,78.5",19.2,70.82,86.79,JiaXipera МM1090Y,22,1
412,412100262049453800412,"67,70.5,74.5,76,76.5,75.5,76.5,77,78",17.8,69.51,85.48,JiaXipera МM1090Y,22,1
412,412100262049453760412,"66.5,70,75,75.5,75,76.5,76,74,75.5",17.9,69.6,85.57,JiaXipera МM1090Y,22,1
412,412100262049687470412,"65,63.5,67.5,70.5,71,70.5,71,71.5",15.2,67.08,83.04,JiaXipera МM1090Y,22,1
412,412100262049537280412,"67.5,69.5,72.5,75,76,75,76.5,75",15.4,67.27,83.23,JiaXipera МM1090Y,22,1
412,412100262049456880412,"71,72.5,75,75.5,76.5,77,78,76.5",18.1,69.79,85.76,JiaXipera МM1090Y,22,1
412,412100262049539460412,"77.5,79.5,83,85,84,85,86",21.6,73.07,89.05,JiaXipera МM1090Y,22,1
412,412100262049453710412,"70,76,78,80,78,79,81,81.5,80",18.1,69.79,85.76,JiaXipera МM1090Y,22,1
412,412100262049453670412,"68,72.5,75.5,77,76.5,77.5,78.5,79,78",18.8,70.45,86.42,JiaXipera МM1090Y,22,1
412,412100262049540280412,"71,74,74.5,76,78.5,79.5,78.5",19.7,71.29,87.26,JiaXipera МM1090Y,22,1
412,412100262049455640412,"69.5,72.5,76,76.5,77.5,75.5,77.5,76.5,78",16.4,68.2,84.17,JiaXipera МM1090Y,22,1
412,412100262049539440412,"68,73,77,76.5,77.5,79,78.5",21.3,72.78,88.76,JiaXipera МM1090Y,22,1
412,412100262049453630412,"70,73.5,76,75.5,76.5,77,76.5,77",17.5,69.23,85.2,JiaXipera МM1090Y,22,1
412,412100262049455590412,"71,76.5,80,79.5,80.5,81,82",16.5,68.29,84.26,JiaXipera МM1090Y,22,1
412,412100262049453610412,"67.5,72.5,73.5,75.5,76,77,76,76.5,76",17.9,69.6,85.57,JiaXipera МM1090Y,22,1
412,412100262049453600412,"69.5,74.5,76.5,78,79.5,78.5",17.6,69.32,85.29,JiaXipera МM1090Y,22,1
412,412100262049269070412,"72,72.5,75.5,76.5,77.5,78.5,77.5",14.9,66.8,82.76,JiaXipera МM1090Y,22,1
412,412100262049544560412,"67,73.5,76.5,78,77.5,78.5,79.5",18.4,70.07,86.04,JiaXipera МM1090Y,22,1
412,412100262049456290412,"68.5,72.5,77.5,78,79,78.5",19.2,70.82,86.79,JiaXipera МM1090Y,22,1
412,412100262049538580412,"72.5,74,76.5,78,77.5,79,78.5,79.5,80",20.4,71.94,87.92,JiaXipera МM1090Y,22,1
412,412100262049454890412,"67.5,70.5,72.5,73,74,74.5,73.5",17.2,68.95,84.92,JiaXipera МM1090Y,22,1
412,412100262049455860412,"72.5,77,78,79,78.5,80,78.5,79,80.5",19.4,71.01,86.98,JiaXipera МM1090Y,22,1
412,412100262049453580412,"69,72.5,74,74.5,75,75.5,76.5,76",17.7,69.42,85.39,JiaXipera МM1090Y,22,1
412,412100262049456080412,"71.5,74,77.5,79,78.5,80.5,80",19.3,70.91,86.89,JiaXipera МM1090Y,22,1
412,412100262049540290412,"71.5,76.5,79.5,80.5,81,82,81.5,80",19.6,71.19,87.17,JiaXipera МM1090Y,22,1
412,412100262049455410412,"75,78,80.5,81,83,81.5,82",17.1,68.86,84.82,JiaXipera МM1090Y,22,1
412,412100262049543810412,"68.5,71,75,74,75.5,75,74.5,75",16.0,67.83,83.79,JiaXipera МM1090Y,22,1
412,412100262049453550412,"69.5,74,76,75.5,76.5,76,76.5,77.5,77",17.4,69.14,85.11,JiaXipera МM1090Y,22,1
412,412100262049537720412,"66.5,68.5,71.5,71,73,72",14.8,66.7,82.67,JiaXipera МM1090Y,22,1
412,412100262049453530412,"68.5,72,72.5,74.5,74,75.5,76.5,75.5,76,77",17.4,69.14,85.11,JiaXipera МM1090Y,22,1
412,412100262049453520412,"73,74.5,75.5,76,76.5,76",17.7,69.42,85.39,JiaXipera МM1090Y,22,1
412,412100262049454820412,"68,70.5,73,73.5,74,75.5,75,76,76.5,77,76.5",17.3,69.04,85.01,JiaXipera МM1090Y,22,1
412,412100262049454870412,"67.5,70.5,73.5,74,75.5,74.5,75,76",17.2,68.95,84.92,JiaXipera МM1090Y,22,1
412,412100262049537630412,"67,65.5,67,73,73.5,72.5,73.5,75",15.1,66.98,82.95,JiaXipera МM1090Y,22,1
412,412100262049543670412,"66.5,68,71.5,73.5,72.5,74.5,75",15.8,67.64,83.61,JiaXipera МM1090Y,22,1
412,412100262049453460412,"68.5,74.5,76.5,77,76,77.5,78.5,78",17.8,69.51,85.48,JiaXipera МM1090Y,22,1
412,412100262049453450412,"73.5,78,79.5,79,78.5,79.5,80",17.9,69.6,85.57,JiaXipera МM1090Y,22,1
412,412100262049541400412,"71,74.5,76.5,76,78.5,80,79.5",16.7,68.48,84.45,JiaXipera МM1090Y,22,1
412,412100262049454210412,"71.5,73,76.5,78.5,77.5,78.5,81,80.5,79.5,80",17.7,69.42,85.39,JiaXipera МM1090Y,22,1
412,412100262049540970412,"72.5,76,77.5,78,79,80.5,78.5",17.6,69.32,85.29,JiaXipera МM1090Y,22,1
412,412100262049453380412,"68,73.5,75.5,75,77,78,78.5,78",17.9,69.6,85.57,JiaXipera МM1090Y,22,1
412,412100262049453360412,"69,71.5,72.5,75,76,77,78,77.5",18.1,69.79,85.76,JiaXipera МM1090Y,22,1
412,412100262049454800412,"69.5,70.5,75,74.5,73,75.5,77,75.5",17.3,69.04,85.01,JiaXipera МM1090Y,22,1
412,412100262049453340412,"70,74.5,75,76.5,77,77.5,78.5,77.5",18.2,69.88,85.86,JiaXipera МM1090Y,22,1
412,412100262049540610412,"70,72,75.5,77,76,77,76,77,76.5",18.3,69.98,85.95,JiaXipera МM1090Y,22,1
412,412100262049544980412,"67.5,72.5,75,77,77.5,76.5,78.5,78",18.0,69.7,85.67,JiaXipera МM1090Y,22,1
412,412100262049453200412,"67.5,70.5,72,75.5,78,77.5,76.5,79,78.5",18.1,69.79,85.76,JiaXipera МM1090Y,22,1
412,412100262049453190412,"70,73.5,77,76.5,78,77.5,78.5,77.5",18.1,69.79,85.76,JiaXipera МM1090Y,22,1
412,412100262049541260412,"77,79.5,80,79,80.5,80,82.5,81.5",20.4,71.94,87.92,JiaXipera МM1090Y,22,1
412,412100262049453170412,"68,72.5,76,78,77,78,77.5",18.2,69.88,85.86,JiaXipera МM1090Y,22,1
412,412100262049453140412,"66,69,70.5,73,73.5,76,78",18.5,70.17,86.14,JiaXipera МM1090Y,22,1
412,412100262049453870412,"70.5,78,79.5,80,81,80.5,81,80.5",17.6,69.32,85.29,JiaXipera МM1090Y,22,1
412,412100262049539140412,"73.5,75,80.5,79.5,80,81.5,80.5",21.8,73.25,89.23,JiaXipera МM1090Y,22,1
412,412100262049453110412,"70.5,73,77,79,80,79,78,79.5,78,79,78.5,79.5,82",18.5,70.17,86.14,JiaXipera МM1090Y,22,1
412,412100262049452680412,"69,74,78,81,80.5,80,81.5,81",18.7,70.35,86.33,JiaXipera МM1090Y,22,1
412,412100262049453350412,"72.5,73.5,74.5,76.5,77,76.5,77,77.5,77,76",18.2,69.88,85.86,JiaXipera МM1090Y,22,1
412,412100262049455360412,"67,69.5,72.5,75,76,75.5,76,75.5",16.5,68.29,84.26,JiaXipera МM1090Y,22,1
412,412100262049453730412,"64.5,71,73,75,75.5,76,76.5,77",18.0,69.7,85.67,JiaXipera МM1090Y,22,1
412,412100262049453090412,"71.5,76.5,79,80,79,80,81",18.6,70.26,86.23,JiaXipera МM1090Y,22,1
412,412100262049453130412,"71.5,72,77.5,77",18.5,70.17,86.14,JiaXipera МM1090Y,22,1
412,412100262049540390412,"70,75,76,78,79,78.5,78,78.5",19.0,70.63,86.61,JiaXipera МM1090Y,22,1
412,412100262049453080412,"68.5,70.5,75,77.5,78,78.5",18.5,70.17,86.14,JiaXipera МM1090Y,22,1
412,412100262049452650412,"73.5,76.5,78,77,78,78.5,80,80.5",18.7,70.35,86.33,JiaXipera МM1090Y,22,1
412,412100262049539230412,"71.5,76,79.5,78.5,80,81.5,80",21.6,73.07,89.05,JiaXipera МM1090Y,22,1
412,412100262049453050412,"71.5,75.5,79,79.5,79,80.5,81.5",18.6,70.26,86.23,JiaXipera МM1090Y,22,1
412,412100262049452800412,"71,73.5,76.5,77,77.5,77,78.5",18.6,70.26,86.23,JiaXipera МM1090Y,22,1
412,412100262049537460412,"62.5,63.5,66,67.5,70.5,68,70.5,69.5",15.2,67.08,83.04,JiaXipera МM1090Y,22,1
412,412100262049537290412,"70.5,71,73.5,74,74.5,74",15.7,67.55,83.51,JiaXipera МM1090Y,22,1
412,412100262049453540412,"67,73,73.5,75.5,76,76.5,78.5",17.5,69.23,85.2,JiaXipera МM1090Y,22,1
412,412100262049537200412,"72,70.5,74.5,75,74,75,76.5,77",15.6,67.45,83.42,JiaXipera МM1090Y,22,1
412,412100262049455630412,"72.5,76,76.5,77,77.5,78.5,78",16.5,68.29,84.26,JiaXipera МM1090Y,22,1
412,412100262049452930412,"71,69.5,71.5,73,73.5,76.5,75,76.5,75,76",18.9,70.54,86.51,JiaXipera МM1090Y,22,1
412,412100262049540880412,"66,70.5,73,74,75.5,77.5,77",17.9,69.6,85.57,JiaXipera МM1090Y,22,1
412,412100262049455540412,"70.5,74.5,76,75.5,76.5,77,68.5",16.7,68.48,84.45,JiaXipera МM1090Y,22,1
412,412100262049452750412,"69.5,79,79.5,79,78",18.6,70.26,86.23,JiaXipera МM1090Y,22,1
412,412100262049540030412,"69,72,74.5,75.5,76,75.5,76.5,76",20.2,71.76,87.73,JiaXipera МM1090Y,22,1
412,412100262049537810412,"67.5,69,71,70.5,72,72.5,72",14.8,66.7,82.67,JiaXipera МM1090Y,22,1
412,412100262049452870412,"69,70,73,75,76,78.5,78,77.5,77,78.5",19.1,70.73,86.7,JiaXipera МM1090Y,22,1
412,412100262049452830412,"66.5,73,74,74.5,75.5,76.5,76",18.6,70.26,86.23,JiaXipera МM1090Y,22,1
412,412100262049453590412,"69,72,73.5,74,74.5,73.5,76.5,76",17.3,69.04,85.01,JiaXipera МM1090Y,22,1
412,412100262049454600412,"64.5,72,73.5,76,77,79,77.5",17.6,69.32,85.29,JiaXipera МM1090Y,22,1
412,412100262049541940412,"75.5,77.5,78.5,78,78.5,79,80",21.2,72.69,88.67,JiaXipera МM1090Y,22,1
412,412100262049452780412,"69.5,73.5,76.5,77.5,78.5,77.5,78.5",18.7,70.35,86.33,JiaXipera МM1090Y,22,1
412,412100262049452760412,"69.5,72.5,76,75.5,77,76,76.5,78,79",18.7,70.35,86.33,JiaXipera МM1090Y,22,1
412,412100262049543100412,"71,71.5,74,76,75.5,75,78,76",18.1,69.79,85.76,JiaXipera МM1090Y,22,1
412,412100262049542880412,"68.5,72,74.5,73,74,75,74",18.5,70.17,86.14,JiaXipera МM1090Y,22,1
412,412100262049452740412,"68,72.5,74.5,77.5,76.5,77,78,76",18.7,70.35,86.33,JiaXipera МM1090Y,22,1
412,412100262049537170412,"68,70.5,75.5,74,75,76,76.5",15.7,67.55,83.51,JiaXipera МM1090Y,22,1
412,412100262049455310412,"70,71.5,74,73,74.5,75,75.5,75",16.6,68.39,84.36,JiaXipera МM1090Y,22,1
412,412100262049452730412,"67,69,73,74,75,75.5,76.5",18.6,70.26,86.23,JiaXipera МM1090Y,22,1
412,412100262049541570412,"70,73.5,78.5,77,79,79.5,78",20.1,71.66,87.64,JiaXipera МM1090Y,22,1
412,412100262049454590412,"67.5,74.5,77.5,78,77.5,79,79.5",17.7,69.42,85.39,JiaXipera МM1090Y,22,1
412,412100262049452720412,"71,72,75.5,76.5,77,77.5,78.5,77.5",18.8,70.45,86.42,JiaXipera МM1090Y,22,1
412,412100262049452710412,"72.5,73,76.5,77,77.5,78.5,78,78.5",18.7,70.35,86.33,JiaXipera МM1090Y,22,1
412,412100262049539900412,"73,78.5,80,82,80,81.5,83",20.7,72.22,88.2,JiaXipera МM1090Y,22,1
412,412100262049540380412,"71.5,72.5,77,77.5,79.5,79,78",19.1,70.73,86.7,JiaXipera МM1090Y,22,1
412,412100262049452700412,"69,74,75,77.5,78",18.6,70.26,86.23,JiaXipera МM1090Y,22,1
412,412100262049452690412,"71.5,75,77.5,79,78.5,78,78.5",18.7,70.35,86.33,JiaXipera МM1090Y,22,1
412,412100262049451330412,"70.5,73,77,79,78,78.5,79,79.5",17.8,69.51,85.48,JiaXipera МM1090Y,22,1
412,412100262049455300412,"69.5,71.5,75,76,75.5,75,77,76",16.6,68.39,84.36,JiaXipera МM1090Y,22,1
412,412100262049452670412,"68.5,73.5,77,79,79.5,78.5",18.6,70.26,86.23,JiaXipera МM1090Y,22,1
412,412100262049543900412,"67,74,75.5,77,76,79.5,77,77.5",18.3,69.98,85.95,JiaXipera МM1090Y,22,1
412,412100262049456920412,"72,76,78,78.5,81.5,79",18.5,70.17,86.14,JiaXipera МM1090Y,22,1
412,412100262049452630412,"73.5,76,78,78.5,80,80.5,82.5,81",18.8,70.45,86.42,JiaXipera МM1090Y,22,1
412,412100262049452620412,"69,73.5,79,78.5,79,80.5,79.5",18.9,70.54,86.51,JiaXipera МM1090Y,22,1
412,412100262049455100412,"71.5,75,78,79,80,80.5",17.0,68.76,84.73,JiaXipera МM1090Y,22,1
412,412100262049454040412,"66.5,71.5,74.5,75.5,75,77",17.3,69.04,85.01,JiaXipera МM1090Y,22,1
412,412100262049269110412,"78,79,80,79.5,80,82,81.5,78",15.1,66.98,82.95,JiaXipera МM1090Y,22,1
412,412100262049453160412,"73.5,75.5,79,77,78.5,79,78",18.2,69.88,85.86,JiaXipera МM1090Y,22,1
412,412100262049456730412,"69.5,74.5,78,79,77.5,77,76.5,78",18.5,70.17,86.14,JiaXipera МM1090Y,22,1
412,412100262049454660412,"73.5,72.5,76,77.5,78",17.3,69.04,85.01,JiaXipera МM1090Y,22,1
412,412100262049537640412,"68,69,71.5,72.5,75,74.5,73.5,76,75.5,75",15.0,66.89,82.85,JiaXipera МM1090Y,22,1
412,412100262049451020412,"69.5,72,75.5,76,77,77.5",17.9,69.6,85.57,JiaXipera МM1090Y,22,1
412,412100262049454460412,"68.5,73.5,75.5,76,76.5,76,76.5,76,77,76.5",17.3,69.04,85.01,JiaXipera МM1090Y,22,1
412,412100262049451170412,"74,75.5,79,80.5,79.5,81.5,80",18.3,69.98,85.95,JiaXipera МM1090Y,22,1
412,412100262049269140412,"75.5,78,81,81.5,80",14.9,66.8,82.76,JiaXipera МM1090Y,22,1
412,412100262049537140412,"69,72,76,77,76.5,78,79",15.7,67.55,83.51,JiaXipera МM1090Y,22,1
412,412100262049455750412,"66,69,72.5,74,73.5,74.5,75.5",16.4,68.2,84.17,JiaXipera МM1090Y,22,1
412,412100262049454230412,"69,72.5,75,75.5,77.5,76,77.5,76.5,75.5,76",17.7,69.42,85.39,JiaXipera МM1090Y,22,1
412,412100262049452980412,"74,75.5,77.5,78.5,78,80,79",18.5,70.17,86.14,JiaXipera МM1090Y,22,1
412,412100262049454280412,"70,68.5,69,74,75,76,70",17.5,69.23,85.2,JiaXipera МM1090Y,22,1
412,412100262049269170412,"69,70,71,74,75.5,76,77,76",14.3,66.24,82.2,JiaXipera МM1090Y,22,1
412,412100262049268450412,"70,73.5,76.5,78,78.5,79.5,79,79.5",17.1,68.86,84.82,JiaXipera МM1090Y,22,1
412,412100262049455510412,"71,74.5,77.5,77,78,80,78",16.7,68.48,84.45,JiaXipera МM1090Y,22,1
412,412100262049455160412,"73,78.5,77,78,77.5,78.5,79.5",16.8,68.58,84.54,JiaXipera МM1090Y,22,1
412,412100262049455700412,"70,73,75,76.5,75.5,76.5,77.5,77",16.4,68.2,84.17,JiaXipera МM1090Y,22,1
412,412100262049450990412,"69.5,74,76.5,77,76.5,76,77.5,76.5",17.5,69.23,85.2,JiaXipera МM1090Y,22,1
412,412100262049276310412,"72.5,73,75,77,76,77,78",14.8,66.7,82.67,JiaXipera МM1090Y,22,1
412,412100262049687440412,"71,72,74.5,74,75.5,76,76.5",15.3,67.17,83.14,JiaXipera МM1090Y,22,1
412,412100262049451470412,"68,72.5,75.5,76.5,76,76.5,77.5,76.5",18.1,69.79,85.76,JiaXipera МM1090Y,22,1
412,412100262049451840412,"73,76,78,79.5,81,80.5",19.4,71.01,86.98,JiaXipera МM1090Y,22,1
412,412100262049270660412,"70.5,71.5,75,77,76.5,76,75.5,77.5",14.4,66.33,82.29,JiaXipera МM1090Y,22,1
412,412100262049455250412,"66.5,71.5,74.5,76,75.5,76.5,78,77",16.5,68.29,84.26,JiaXipera МM1090Y,22,1
412,412100262049539290412,"78,78.5,79,80,81,79.5,80.5",21.7,73.16,89.14,JiaXipera МM1090Y,22,1
412,412100262049452170412,"73.5,76,78.5,79.5,78.5,79.5,80.5,80",18.8,70.45,86.42,JiaXipera МM1090Y,22,1
412,412100262049538750412,"75,79,78,80.5,82,83,82",20.4,71.94,87.92,JiaXipera МM1090Y,22,1
412,412100262049544740412,"68,71.5,75.5,75,76,76.5,77",18.0,69.7,85.67,JiaXipera МM1090Y,22,1
412,412100262049454780412,"70.5,72.5,76.5,77.5,77,80,77",17.3,69.04,85.01,JiaXipera МM1090Y,22,1
412,412100262049451270412,"69,68,71,74,73.5,73,74,74.5,73.5",17.2,68.95,84.92,JiaXipera МM1090Y,22,1
412,412100262049452090412,"70.5,72.5,76.5,78,77,78,78.5,78,79,80",19.1,70.73,86.7,JiaXipera МM1090Y,22,1
412,412100262049452500412,"71.5,79,78.5,81,81.5",19.2,70.82,86.79,JiaXipera МM1090Y,22,1
412,412100262049453850412,"66.5,69.5,70,74,76.5,78,78.5,79.5",17.7,69.42,85.39,JiaXipera МM1090Y,22,1
412,412100262049538400412,"63.5,65.5,69.5,69,70.5,71,71.5,71,71.5",12.8,64.83,80.79,JiaXipera МM1090Y,22,1
412,412100262049269960412,"72.5,73.5,77,76,78,78.5,78,78.5",15.6,67.45,83.42,JiaXipera МM1090Y,22,1
412,412100262049545100412,"67.5,72.5,75,76.5,77.5,77",17.5,69.23,85.2,JiaXipera МM1090Y,22,1
412,412100262049451790412,"73,74,77.5,77,76.5,78,77.5,77",19.3,70.91,86.89,JiaXipera МM1090Y,22,1
412,412100262049451480412,"67.5,72.5,73,74,74.5,74,75.5,75",18.4,70.07,86.04,JiaXipera МM1090Y,22,1
412,412100262049268780412,"68,70.5,72.5,73,72.5,73.5,74,74.5",16.1,67.92,83.89,JiaXipera МM1090Y,22,1
412,412100262049540210412,"68.5,71.5,74.5,75.5,76,76.5,77,76",19.6,71.19,87.17,JiaXipera МM1090Y,22,1
412,412100262049452250412,"69,71,74,73.5,74.5,75,78,77",18.8,70.45,86.42,JiaXipera МM1090Y,22,1
412,412100262049455190412,"65.5,71.5,75,75.5,76.5,78.5,76",16.7,68.48,84.45,JiaXipera МM1090Y,22,1
412,412100262049544240412,"75,78,80.5,81,83,82",18.6,70.26,86.23,JiaXipera МM1090Y,22,1
412,412100262049453020412,"68.5,71.5,75,75.5,78,79,78.5,77.5,78.5",18.5,70.17,86.14,JiaXipera МM1090Y,22,1
412,412100262049269640412,"69,71,73,75.5,74.5",15.9,67.73,83.7,JiaXipera МM1090Y,22,1
412,412100262049451690412,"71,73,77,75.5,76,77,78.5,76.5",19.5,71.1,87.08,JiaXipera МM1090Y,22,1
412,412100262049455870412,"62.5,67.5,70.5,73,75,74,73.5",16.5,68.29,84.26,JiaXipera МM1090Y,22,1
412,412100262049454410412,"69.5,69,74,75,75.5,77.5,76.5",17.1,68.86,84.82,JiaXipera МM1090Y,22,1
412,412100262049541160412,"70.5,73,76,77.5,78,78.5,78",16.7,68.48,84.45,JiaXipera МM1090Y,22,1
412,412100262049269600412,"73,74,76.5,77,76.5,78.5,76.5",15.3,67.17,83.14,JiaXipera МM1090Y,22,1
412,412100262049268600412,"62.5,64.5,68.5,70,72,71.5,72.5,73",16.9,68.67,84.64,JiaXipera МM1090Y,22,1
412,412100262049537690412,"64.5,65.5,68,68.5,70,74,73",14.8,66.7,82.67,JiaXipera МM1090Y,22,1
412,412100262049452160412,"69,74,76.5,78,79,78,79",19.1,70.73,86.7,JiaXipera МM1090Y,22,1
412,412100262049541280412,"69,75.5,76,78.5,79,82,81",20.4,71.94,87.92,JiaXipera МM1090Y,22,1
412,412100262049544360412,"70,73.5,77,77.5,78.5,77.5,80,77",18.1,69.79,85.76,JiaXipera МM1090Y,22,1
412,412100262049269550412,"74,77,78.5,77,79.5,78.5",15.2,67.08,83.04,JiaXipera МM1090Y,22,1
412,412100262049541100412,"70,73.5,74.5,75.5,74.5,76.5,75",17.0,68.76,84.73,JiaXipera МM1090Y,22,1
412,412100262049452600412,"71.5,74.5,78.5,79,81",18.8,70.45,86.42,JiaXipera МM1090Y,22,1
412,412100262049455180412,"71.5,74,77,76.5,78.5,78",16.8,68.58,84.54,JiaXipera МM1090Y,22,1
412,412100262049456450412,"70,70.5,77,78.5,77.5,77,79",18.8,70.45,86.42,JiaXipera МM1090Y,22,1
412,412100262049268800412,"72,72.5,75.5,76,75,75.5,77,75.5",16.1,67.92,83.89,JiaXipera МM1090Y,22,1
412,412100262049540060412,"74.5,77,79,80.5,79.5,80,79",20.1,71.66,87.64,JiaXipera МM1090Y,22,1
412,412100262049451390412,"69.5,70,73,72.5,75.5,75,75.5,74.5,75",17.0,68.76,84.73,JiaXipera МM1090Y,22,1
412,412100262049268500412,"68.5,73,73.5,75,74",17.1,68.86,84.82,JiaXipera МM1090Y,22,1
412,412100262049453820412,"70.5,76,79.5,78.5,70.5",17.8,69.51,85.48,JiaXipera МM1090Y,22,1
412,412100262049268850412,"73,76,77.5,79,78,80.5,79.5",15.6,67.45,83.42,JiaXipera МM1090Y,22,1
412,412100262049452660412,"68,69.5,73,74,75.5,75,77.5,75",18.7,70.35,86.33,JiaXipera МM1090Y,22,1
412,412100262049452060412,"66.5,72.5,75,74,75,77.5",19.1,70.73,86.7,JiaXipera МM1090Y,22,1
412,412100262049540180412,"82,83,84.5,82,81,81.5,82.5,81.5",19.8,71.38,87.36,JiaXipera МM1090Y,22,1
412,412100262049541480412,"73.5,78.5,80,79.5,78.5,81,81.5,81",20.2,71.76,87.73,JiaXipera МM1090Y,22,1
412,412100262049268460412,"65.5,67,70.5,72,73.5,74,75,76,75.5,75,75.5",17.2,68.95,84.92,JiaXipera МM1090Y,22,1
412,412100262049268990412,"72.5,74,76.5,77,78.5,77.5,80,77.5",15.2,67.08,83.04,JiaXipera МM1090Y,22,1
412,412100262049451040412,"72.5,75,77.5,76.5,78,77,78.5,78",17.4,69.14,85.11,JiaXipera МM1090Y,22,1
412,412100262049452530412,"74.5,71.5,78.5,82,81.5,83,84.5",19.1,70.73,86.7,JiaXipera МM1090Y,22,1
412,412100262049456840412,"73,74,78,77,79.5,80,79,81,79.5",18.3,69.98,85.95,JiaXipera МM1090Y,22,1
412,412100262049454850412,"66.5,67.5,72,73,73.5,75.5,73.5",17.2,68.95,84.92,JiaXipera МM1090Y,22,1
412,412100262049452130412,"69,75,78.5,77,78.5,79,81,80.5,79.5",18.9,70.54,86.51,JiaXipera МM1090Y,22,1
412,412100262049455110412,"69.5,70.5,73.5,75,75.5,77,78.5,77.5",17.0,68.76,84.73,JiaXipera МM1090Y,22,1
412,412100262049269020412,"76.5,78,79.5,80.5,79.5,81,81.5,83",15.2,67.08,83.04,JiaXipera МM1090Y,22,1
412,412100262049452180412,"70,73.5,74.5,76,76.5,78,78.5,77.5",18.9,70.54,86.51,JiaXipera МM1090Y,22,1
412,412100262049537350412,"66.5,67,71.5,72.5,73,71",15.6,67.45,83.42,JiaXipera МM1090Y,22,1
412,412100262049541360412,"70.5,72.5,75.5,75,75.5,76.5,78,77.5",20.4,71.94,87.92,JiaXipera МM1090Y,22,1
412,412100262049453880412,"71,75.5,77,77.5,78,77.5,79,81",17.6,69.32,85.29,JiaXipera МM1090Y,22,1
412,412100262049269010412,"72.5,74.5,77,76.5,76,77.5,78,78.5",15.3,67.17,83.14,JiaXipera МM1090Y,22,1
412,412100262049451850412,"71.5,74,74.5,76,76.5,77.5,77,78",19.4,71.01,86.98,JiaXipera МM1090Y,22,1
412,412100262049542530412,"73,75,78,76.5,77,79,81",19.8,71.38,87.36,JiaXipera МM1090Y,22,1
412,412100262049455690412,"69.5,72,74,75,74.5,75.5,76,75",16.3,68.11,84.07,JiaXipera МM1090Y,22,1
412,412100262049454150412,"76,78.5,79.5,80,81,82,81,82",17.9,69.6,85.57,JiaXipera МM1090Y,22,1
412,412100262049270680412,"70,73,74.5,76.5,77,77.5,77",14.9,66.8,82.76,JiaXipera МM1090Y,22,1
412,412100262049453400412,"63.5,70,73,73.5,74,76,75",17.8,69.51,85.48,JiaXipera МM1090Y,22,1
412,412100262049538230412,"68,71.5,72,71.5,73,71.5",13.5,65.49,81.45,JiaXipera МM1090Y,22,1
412,412100262049451070412,"70.5,74.5,77,77.5,78,78.5,79",17.8,69.51,85.48,JiaXipera МM1090Y,22,1
412,412100262049544270412,"71.5,73,76.5,77,78,77,77.5",18.5,70.17,86.14,JiaXipera МM1090Y,22,1
412,412100262049455760412,"68,71.5,73,75,73,74.5,74,74.5",16.3,68.11,84.07,JiaXipera МM1090Y,22,1
412,412100262049543520412,"68.5,70.5,72.5,73.5,72.5,71.5,74.5,73.5",16.4,68.2,84.17,JiaXipera МM1090Y,22,1
412,412100262049541390412,"74,77,78.5,77.5,77,78.5,79,78.5",20.4,71.94,87.92,JiaXipera МM1090Y,22,1
412,412100262049451240412,"70.5,71.5,75,75.5,76.5,77.5,77",17.7,69.42,85.39,JiaXipera МM1090Y,22,1
412,412100262049270700412,"70.5,71.5,74,75,77,76,77,76.5",14.9,66.8,82.76,JiaXipera МM1090Y,22,1
412,412100262049451820412,"69,73,75.5,77.5,75.5,75,76,77.5,77",19.2,70.82,86.79,JiaXipera МM1090Y,22,1
412,412100262049456110412,"71.5,74,76,76.5,77.5,77,78,77",19.3,70.91,86.89,JiaXipera МM1090Y,22,1
412,412100262049268580412,"67,72,75,76,75.5,76.5,77.5,79",16.8,68.58,84.54,JiaXipera МM1090Y,22,1
412,412100262049451830412,"68.5,72,74,76.5,78,77.5,79.5",19.2,70.82,86.79,JiaXipera МM1090Y,22,1
412,412100262049542130412,"69.5,73,74.5,76,77,77.5,78",20.7,72.22,88.2,JiaXipera МM1090Y,22,1
412,412100262049268590412,"65,66.5,69.5,72.5,73.5,74,73.5",16.8,68.58,84.54,JiaXipera МM1090Y,22,1
412,412100262049540050412,"74.5,72.5,76.5,77,77.5,77,77.5,78",20.0,71.57,87.54,JiaXipera МM1090Y,22,1
412,412100262049452190412,"69,76.5,78,78.5,79.5,79,78.5",18.8,70.45,86.42,JiaXipera МM1090Y,22,1
412,412100262049451990412,"66,71.5,72.5,74.5,75,76,77,76",18.9,70.54,86.51,JiaXipera МM1090Y,22,1
412,412100262049543750412,"67.5,74.5,77,77.5,77,77.5,79,78",18.6,70.26,86.23,JiaXipera МM1090Y,22,1
412,412100262049542960412,"70.5,74,75,76,75.5,77.5,78,77.5",17.8,69.51,85.48,JiaXipera МM1090Y,22,1
412,412100262049454970412,"64.5,70,71.5,74.5,75.5,76,77.5",17.0,68.76,84.73,JiaXipera МM1090Y,22,1
412,412100262049541150412,"70,73.5,76,75,75.5,76,77.5,76.5",16.8,68.58,84.54,JiaXipera МM1090Y,22,1
412,412100262049451200412,"72,75.5,77,79.5,77.5,80.5,78",17.6,69.32,85.29,JiaXipera МM1090Y,22,1
412,412100262049541860412,"71.5,75,77.5,77,77.5,78,80,79.5",21.3,72.78,88.76,JiaXipera МM1090Y,22,1
412,412100262049453890412,"73.5,75.5,79.5,80.5,81,80.5,82,81",17.5,69.23,85.2,JiaXipera МM1090Y,22,1
412,412100262049455340412,"66.5,68.5,72,74,74.5,74",16.5,68.29,84.26,JiaXipera МM1090Y,22,1
412,412100262049453430412,"70,75,78.5,79.5,79,80,79",17.8,69.51,85.48,JiaXipera МM1090Y,22,1
412,412100262049268710412,"67,69.5,73,74,74.5,73.5,74.5,74",16.7,68.48,84.45,JiaXipera МM1090Y,22,1
412,412100262049452950412,"70,74.5,76.5,77.5,78,77.5,80,79.5",18.7,70.35,86.33,JiaXipera МM1090Y,22,1
412,412100262049537300412,"65,68.5,71.5,73,73.5,74,74.5,74",15.8,67.64,83.61,JiaXipera МM1090Y,22,1
412,412100262049544070412,"70,76,78,79,78.5,79.5,78",18.2,69.88,85.86,JiaXipera МM1090Y,22,1
412,412100262049453780412,"69,73,77,78.5,81",17.8,69.51,85.48,JiaXipera МM1090Y,22,1
412,412100262049268370412,"74.5,77,80.5,80,78,76.5,78,77",18.0,69.7,85.67,JiaXipera МM1090Y,22,1
412,412100262049544580412,"70,75,79.5,78.5,79.5,80,81,80",18.4,70.07,86.04,JiaXipera МM1090Y,22,1
412,412100262049452290412,"69,73,76,76.5,77.5,78,79,77.5",18.8,70.45,86.42,JiaXipera МM1090Y,22,1
412,412100262049537580412,"69,78,78.5,80.5,79.5",15.4,67.27,83.23,JiaXipera МM1090Y,22,1
412,412100262049451810412,"69,68,72,76,77.5,77,76.5,77.5",19.4,71.01,86.98,JiaXipera МM1090Y,22,1
412,412100262049455930412,"67,73,76,77,77.5,77,79,78.5",19.3,70.91,86.89,JiaXipera МM1090Y,22,1
412,412100262049456180412,"65.5,70.5,74.5,72.5,74.5,73,75.5,73.5",19.2,70.82,86.79,JiaXipera МM1090Y,22,1
412,412100262049543380412,"66,68,70.5,71.5,71,70,72.5,72",16.8,68.58,84.54,JiaXipera МM1090Y,22,1
412,412100262049454790412,"70,74,76,77,79,78,79,78.5",17.3,69.04,85.01,JiaXipera МM1090Y,22,1
412,412100262049268750412,"71.5,71,72.5,73.5,74.5,75.5,75",16.1,67.92,83.89,JiaXipera МM1090Y,22,1
412,412100262049454750412,"66.5,68.5,69.5,71.5,71,73,72",17.2,68.95,84.92,JiaXipera МM1090Y,22,1
412,412100262049537680412,"67.5,68,68.5,73.5,74.5,75,74",14.8,66.7,82.67,JiaXipera МM1090Y,22,1
412,412100262049270710412,"70,73,75.5,76,78,79,79.5",14.7,66.61,82.57,JiaXipera МM1090Y,22,1
412,412100262049268520412,"72,76,76.5,77,75.5,77,76.5",17.1,68.86,84.82,JiaXipera МM1090Y,22,1
412,412100262049454950412,"70,73.5,77,76.5,76,77.5,78.5",17.1,68.86,84.82,JiaXipera МM1090Y,22,1
412,412100262049540220412,"73.5,73,77.5,79,80.5,81,80.5",19.6,71.19,87.17,JiaXipera МM1090Y,22,1
412,412100262049270910412,"67,71,73.5,74,75,74,75,74.5",17.2,68.95,84.92,JiaXipera МM1090Y,22,1
412,412100262049543330412,"71,72,74.5,75.5,76,76.5,76",17.0,68.76,84.73,JiaXipera МM1090Y,22,1
412,412100262049454380412,"66,70.5,74,76,77.5,79",17.3,69.04,85.01,JiaXipera МM1090Y,22,1
412,412100262049453510412,"66.5,71,74.5,76,77,77.5,76,78.5",17.6,69.32,85.29,JiaXipera МM1090Y,22,1
412,412100262049538060412,"67,67.5,70,71,72,71.5,73,71.5,73",14.2,66.14,82.1,JiaXipera МM1090Y,22,1
412,412100262049269420412,"66,70.5,73,74.5,73.5,75.5,74",14.6,66.52,82.48,JiaXipera МM1090Y,22,1
412,412100262049452240412,"67.5,72.5,76,77,77.5,79.5,80",18.8,70.45,86.42,JiaXipera МM1090Y,22,1
412,412100262049540990412,"68.5,72,73.5,74,74.5,76.5,74",17.4,69.14,85.11,JiaXipera МM1090Y,22,1
412,412100262049269930412,"70.5,74,74.5,75.5,76.5,77,78,77",15.1,66.98,82.95,JiaXipera МM1090Y,22,1
412,412100262049545010412,"66.5,70.5,74,74.5,75,77,76",17.7,69.42,85.39,JiaXipera МM1090Y,22,1
412,412100262049452110412,"68.5,69.5,71.5,73,76,75.5,76,77,76.5,77.5",19.1,70.73,86.7,JiaXipera МM1090Y,22,1
412,412100262049456800412,"69.5,70.5,73.5,75,76,76.5,77,76.5",18.4,70.07,86.04,JiaXipera МM1090Y,22,1
412,412100262049268510412,"65.5,69,71.5,73,73.5,74.5,74",17.1,68.86,84.82,JiaXipera МM1090Y,22,1
412,412100262049542810412,"69.5,73.5,75,77,77.5,78,79.5,78.5",18.4,70.07,86.04,JiaXipera МM1090Y,22,1
412,412100262049268740412,"70,72,74.5,73.5,73,74.5,76,74",16.2,68.01,83.98,JiaXipera МM1090Y,22,1
412,412100262049452880412,"67,72.5,74.5,75,75.5,76.5",19.0,70.63,86.61,JiaXipera МM1090Y,22,1
412,412100262049537570412,"70.5,75,77,75.5,76.5,76,77,78,78.5",15.4,67.27,83.23,JiaXipera МM1090Y,22,1
412,412100262049270000412,"72,75.5,76,76.5,77,77.5",15.3,67.17,83.14,JiaXipera МM1090Y,22,1
412,412100262049269150412,"70,70.5,74.5,75.5,77.5,76,78,77.5",14.4,66.33,82.29,JiaXipera МM1090Y,22,1
412,412100262049454450412,"65.5,68.5,73,73.5,75,73.5,74.5",17.0,68.76,84.73,JiaXipera МM1090Y,22,1
412,412100262049455940412,"68,70,72.5,75,74,75,75.5,74.5,75",19.3,70.91,86.89,JiaXipera МM1090Y,22,1
412,412100262049452610412,"74,76,79,79.5,80.5,81.5,80",18.8,70.45,86.42,JiaXipera МM1090Y,22,1
412,412100262049542080412,"71,72.5,75,75.5,76.5,76,77.5,77",20.7,72.22,88.2,JiaXipera МM1090Y,22,1
412,412100262049269100412,"69,71,73.5,75,76.5,75,76,75.5",14.8,66.7,82.67,JiaXipera МM1090Y,22,1
412,412100262049452450412,"68.5,74.5,77,78,79,78,80,79.5",19.3,70.91,86.89,JiaXipera МM1090Y,22,1
412,412100262049540560412,"70,76,80,79,79.5,80,80.5,83.5,80.5",18.4,70.07,86.04,JiaXipera МM1090Y,22,1
412,412100262049544940412,"66,71.5,75,74.5,76.5,77",18.2,69.88,85.86,JiaXipera МM1090Y,22,1
412,412100262049454910412,"65.5,70.5,73,73.5,73,76,73.5",17.1,68.86,84.82,JiaXipera МM1090Y,22,1
412,412100262049451350412,"68.5,69.5,75.5,75,74.5,75,76.5,75",17.0,68.76,84.73,JiaXipera МM1090Y,22,1
412,412100262049268920412,"65,67,71,71.5,71,72,72.5",16.6,68.39,84.36,JiaXipera МM1090Y,22,1
412,412100262049452270412,"70,73.5,76,78,77.5,77,76,76.5,77,78.5",18.8,70.45,86.42,JiaXipera МM1090Y,22,1
412,412100262049541540412,"70.5,71.5,74,76,78,79,81,78.5,80.5,80",20.2,71.76,87.73,JiaXipera МM1090Y,22,1
412,412100262049451780412,"74,75,77.5,79,78.5,79.5,81,80",19.4,71.01,86.98,JiaXipera МM1090Y,22,1
412,412100262049455880412,"74,79,81.5,83,81.5,82.5,83.5,82",19.3,70.91,86.89,JiaXipera МM1090Y,22,1
412,412100262049268530412,"66,67,69,72,72.5,73.5,74.5",17.0,68.76,84.73,JiaXipera МM1090Y,22,1
412,412100262049269970412,"72,73,76,73.5,76.5,77,76.5,77",15.3,67.17,83.14,JiaXipera МM1090Y,22,1
412,412100262049541470412,"75,79.5,80,81,84,85,82.5,83.5,85",20.3,71.85,87.83,JiaXipera МM1090Y,22,1
412,412100262049268830412,"71,71.5,75,76.5,78,76.5,78.5,77.5",15.6,67.45,83.42,JiaXipera МM1090Y,22,1
412,412100262049268570412,"68,71.5,73.5,76,77,77.5,77,77.5,76.5,77.5,78,77.5,78",16.9,68.67,84.64,JiaXipera МM1090Y,22,1
412,412100262049455460412,"67.5,72,76.5,75.5,76.5,77.5,78.5",17.0,68.76,84.73,JiaXipera МM1090Y,22,1
412,412100262049451400412,"68.5,69.5,72.5,74.5,74,74.5,73.5",16.9,68.67,84.64,JiaXipera МM1090Y,22,1
412,412100262049268960412,"75,77,80,79,80,81",15.1,66.98,82.95,JiaXipera МM1090Y,22,1
412,412100262049454690412,"70.5,75.5,76,75,76.5,77.5,77",17.2,68.95,84.92,JiaXipera МM1090Y,22,1
412,412100262049540520412,"72,77,78,76.5,77,78.5,79.5,79",19.1,70.73,86.7,JiaXipera МM1090Y,22,1
412,412100262049268350412,"68,71.5,74.5,76.5,77,77.5,75",17.9,69.6,85.57,JiaXipera МM1090Y,22,1
412,412100262049539370412,"71,74.5,76,78,76.5,77,78.5,78",21.4,72.88,88.86,JiaXipera МM1090Y,22,1
412,412100262049539770412,"73,77.5,79,80,79.5,80.5,83,81.5,82.5,81.5",20.8,72.32,88.3,JiaXipera МM1090Y,22,1
412,412100262049539590412,"72,74,79,78.5,79,79.5,78,77.5",21.2,72.69,88.67,JiaXipera МM1090Y,22,1
412,412100262049454310412,"68,73.5,75,75.5,78,79",17.6,69.32,85.29,JiaXipera МM1090Y,22,1
412,412100262049539830412,"68,70.5,72.5,73.5,74,74.5",20.7,72.22,88.2,JiaXipera МM1090Y,22,1
412,412100262049454170412,"76,75,79.5,80,82,83,84.5",17.3,69.04,85.01,JiaXipera МM1090Y,22,1
412,412100262049540330412,"73.5,76.5,78,80,81.5,81,82,81.5,81",19.3,70.91,86.89,JiaXipera МM1090Y,22,1
412,412100262049456370412,"69.5,73,78,78.5,78,78.5,77.5",18.8,70.45,86.42,JiaXipera МM1090Y,22,1
412,412100262049540450412,"68,72,74.5,75.5,77,78,77",19.0,70.63,86.61,JiaXipera МM1090Y,22,1
412,412100262049453060412,"69,71.5,75,77.5,78,77,79",18.9,70.54,86.51,JiaXipera МM1090Y,22,1
412,412100262049268340412,"72.5,74,73.5,75,75.5,77.5,76",18.1,69.79,85.76,JiaXipera МM1090Y,22,1
412,412100262049539550412,"72,74.5,78,78.5,79,79.5,79",21.1,72.6,88.58,JiaXipera МM1090Y,22,1
412,412100262049453830412,"69.5,76,80,81,80.5,81.5,82.5,82",17.8,69.51,85.48,JiaXipera МM1090Y,22,1
412,412100262049268400412,"67,71,73.5,75.5,76.5,78,76.5",17.9,69.6,85.57,JiaXipera МM1090Y,22,1
412,412100262049269990412,"73.5,75,76,78,77.5,78.5,79,78",15.2,67.08,83.04,JiaXipera МM1090Y,22,1
412,412100262049268610412,"68,70.5,74,75,72.5,76,75.5",16.8,68.58,84.54,JiaXipera МM1090Y,22,1
412,412100262049540860412,"71.5,75.5,77.5,78,78.5,79.5,79",18.0,69.7,85.67,JiaXipera МM1090Y,22,1
412,412100262049451100412,"69,75,76.5,78,80.5,80,81",17.3,69.04,85.01,JiaXipera МM1090Y,22,1
412,412100262049452520412,"69.5,75,76,77.5,75.5,78.5,78,77.5,78,78.5",19.2,70.82,86.79,JiaXipera МM1090Y,22,1
412,412100262049453440412,"65.5,68,70.5,73.5,71.5,74.5,73.5,75.5,74",17.8,69.51,85.48,JiaXipera МM1090Y,22,1
412,412100262049454320412,"69,70.5,74.5,75.5,76.5,78.5,77,76.5",17.5,69.23,85.2,JiaXipera МM1090Y,22,1
412,412100262049687210412,"68.5,70.5,71.5,73.5,73,74,75",15.4,67.27,83.23,JiaXipera МM1090Y,22,1
412,412100262049454020412,"70,71.5,73.5,76,76.5,76,77",17.2,68.95,84.92,JiaXipera МM1090Y,22,1
412,412100262049687610412,"71,70.5,74.5,75,75.5,77.5,76.5",16.3,68.11,84.07,JiaXipera МM1090Y,22,1
412,412100262049456140412,"68.5,73.5,76.5,77,78.5,78",19.3,70.91,86.89,JiaXipera МM1090Y,22,1
412,412100262049453010412,"70,74,74.5,76,75.5,76,77,77.5",18.6,70.26,86.23,JiaXipera МM1090Y,22,1
412,412100262049269080412,"67,72,74.5,75.5,77,78,76.5",14.8,66.7,82.67,JiaXipera МM1090Y,22,1
412,412100262049451030412,"71,74,78.5,77,78,77.5,80,78",18.1,69.79,85.76,JiaXipera МM1090Y,22,1
412,412100262049544610412,"67.5,72.5,74.5,76.5,78,77",18.2,69.88,85.86,JiaXipera МM1090Y,22,1
412,412100262049544090412,"65.5,68,72,75,74.5,76.5,75,75.5",18.2,69.88,85.86,JiaXipera МM1090Y,22,1
412,412100262049268360412,"71.5,75,77,78,77,77.5,78,79.5",18.1,69.79,85.76,JiaXipera МM1090Y,22,1
412,412100262049454630412,"66,72,75.5,76,77,77.5,77,78.5,78",17.5,69.23,85.2,JiaXipera МM1090Y,22,1
412,412100262049542540412,"71.5,73.5,77,77.5,78.5,77,77.5,79.5,78.5",19.8,71.38,87.36,JiaXipera МM1090Y,22,1
412,412100262049455070412,"72,73.5,76.5,77,79,79.5,82,78",17.3,69.04,85.01,JiaXipera МM1090Y,22,1
412,412100262049455150412,"71.5,74,77,78,78.5,77.5,78.5,79,78.5,79,79.5,78.5,79,78.5,80",16.8,68.58,84.54,JiaXipera МM1090Y,22,1
412,412100262049451180412,"70,72.5,75.5,74.5,75.5,76,76.5,78,78.5",17.3,69.04,85.01,JiaXipera МM1090Y,22,1
412,412100262049268940412,"78,79,81,81.5,83,81",15.3,67.17,83.14,JiaXipera МM1090Y,22,1
412,412100262049455560412,"70,76.5,78.5,79.5,79",16.7,68.48,84.45,JiaXipera МM1090Y,22,1
412,412100262049452300412,"71.5,73,75,74.5,76,75.5,76",18.8,70.45,86.42,JiaXipera МM1090Y,22,1
412,412100262049268900412,"71.5,74.5,77,78,79.5,80.5,80,79.5",15.5,67.36,83.32,JiaXipera МM1090Y,22,1
412,412100262049456870412,"69.5,73,75.5,77.5,78.5,79,78.5,77,78.5",18.2,69.88,85.86,JiaXipera МM1090Y,22,1
412,412100262049268910412,"74,76,79.5,80,80.5,82,81",15.4,67.27,83.23,JiaXipera МM1090Y,22,1
412,412100262049451670412,"68.5,74.5,76.5,77.5,77,78,76.5,78.5,79",19.6,71.19,87.17,JiaXipera МM1090Y,22,1
412,412100262049453290412,"71,74,76,76.5,77,77.5,78.5,76.5",18.3,69.98,85.95,JiaXipera МM1090Y,22,1
412,412100262049451450412,"66,69.5,71.5,72.5,73,73.5,73,74",16.8,68.58,84.54,JiaXipera МM1090Y,22,1
412,412100262049268620412,"67,70,74,74.5,75,75.5,77,76.5",17.1,68.86,84.82,JiaXipera МM1090Y,22,1
412,412100262049539510412,"69.5,75,78.5,79.5,80.5,79.5",21.3,72.78,88.76,JiaXipera МM1090Y,22,1
412,412100262049452790412,"66.5,70,72,74,75.5,76,75.5,76",18.6,70.26,86.23,JiaXipera МM1090Y,22,1
412,412100262049455240412,"69.5,71.5,73.5,75.5,73,74,74.5,74",16.6,68.39,84.36,JiaXipera МM1090Y,22,1
412,412100262049268660412,"70,71.5,73.5,74,74.5",16.8,68.58,84.54,JiaXipera МM1090Y,22,1
412,412100262049538560412,"68.5,71.5,75.5,76.5,77,76.5,78.5,78",20.4,71.94,87.92,JiaXipera МM1090Y,22,1
412,412100262049268700412,"66,71,73.5,73,73.5,75.5,75",16.6,68.39,84.36,JiaXipera МM1090Y,22,1
412,412100262049451580412,"70,71,73.5,74.5,75,74.5",17.7,69.42,85.39,JiaXipera МM1090Y,22,1
412,412100262049455270412,"68.5,70,74,74.5,74,74.5,75,73.5",16.9,68.67,84.64,JiaXipera МM1090Y,22,1
412,412100262049455990412,"71.5,76.5,79,77.5,79,80,79.5",19.3,70.91,86.89,JiaXipera МM1090Y,22,1
412,412100262049687150412,"67.5,71.5,74,74.5,75.5,75,74,76.5",15.6,67.45,83.42,JiaXipera МM1090Y,22,1
412,412100262049454010412,"71.5,69.5,72,75,74.5,76,75.5,75,76,76.5",17.2,68.95,84.92,JiaXipera МM1090Y,22,1
412,412100262049452260412,"73.5,75.5,76.5,78,78.5,79,78.5,80.5",18.8,70.45,86.42,JiaXipera МM1090Y,22,1
412,412100262049539840412,"69.5,75,78.5,78,79.5,81,81.5,81",20.7,72.22,88.2,JiaXipera МM1090Y,22,1
412,412100262049542580412,"71,74,76.5,78.5,79,78.5,79.5,78.5",19.7,71.29,87.26,JiaXipera МM1090Y,22,1
412,412100262049456300412,"71,76,80,81,81.5,82,82.5,82",19.2,70.82,86.79,JiaXipera МM1090Y,22,1
412,412100262049269590412,"77.5,78.5,80.5,81,81.5,82.5,82",15.4,67.27,83.23,JiaXipera МM1090Y,22,1
412,412100262049539380412,"72,77,80,80.5,79.5,80,80.5,82",21.4,72.88,88.86,JiaXipera МM1090Y,22,1
412,412100262049454340412,"68.5,74.5,75.5,75,74.5,75.5,76.5,77",17.4,69.14,85.11,JiaXipera МM1090Y,22,1
412,412100262049269050412,"71.5,72.5,77,76,77.5,78.5,68.5",14.8,66.7,82.67,JiaXipera МM1090Y,22,1
412,412100262049268970412,"76,75.5,79.5,79,81.5,80",15.1,66.98,82.95,JiaXipera МM1090Y,22,1
412,412100262049454730412,"66,69.5,74,75,77,76.5,77,76.5",17.2,68.95,84.92,JiaXipera МM1090Y,22,1
412,412100262049269950412,"73.5,77.5,78,78.5,79.5,78,70",14.7,66.61,82.57,JiaXipera МM1090Y,22,1
412,412100262049269030412,"73.5,77,78,80,81,82,81",14.9,66.8,82.76,JiaXipera МM1090Y,22,1
412,412100262049451110412,"68,72,73,75.5,76.5,78,76.5",17.2,68.95,84.92,JiaXipera МM1090Y,22,1
412,412100262049455230412,"72.5,76,76.5,77",16.8,68.58,84.54,JiaXipera МM1090Y,22,1
412,412100262049541960412,"71,74,77.5,80,79,80.5,80,81",20.9,72.41,88.39,JiaXipera МM1090Y,22,1
412,412100262049543710412,"75,73.5,77.5,78,79.5,78.5,80,80.5",18.8,70.45,86.42,JiaXipera МM1090Y,22,1
412,412100262049539730412,"69.5,74.5,77,77.5,78,77,79,78,79,80",20.8,72.32,88.3,JiaXipera МM1090Y,22,1
412,412100262049452040412,"68.5,74,76,76.5,77,78,78.5,79",19.1,70.73,86.7,JiaXipera МM1090Y,22,1
412,412100262049456060412,"67,74,76,77,77.5,80.5,78.5",19.4,71.01,86.98,JiaXipera МM1090Y,22,1
412,412100262049539490412,"73,76.5,79,77,81,80,81.5,81",21.3,72.78,88.76,JiaXipera МM1090Y,22,1
412,412100262049538460412,"65.5,67,68.5,69,70,69,71,69.5",12.2,64.27,80.23,JiaXipera МM1090Y,22,1
412,412100262049544300412,"74.5,78.5,80.5,81.5,82.5,83,83.5",18.3,69.98,85.95,JiaXipera МM1090Y,22,1
412,412100262049539280412,"73.5,77,79,80,80.5,81.5,82",21.5,72.97,88.95,JiaXipera МM1090Y,22,1
412,412100262049269240412,"68,69,73.5,74.5,75,76.5,74.5",14.7,66.61,82.57,JiaXipera МM1090Y,22,1
412,412100262049453560412,"71.5,70,74,75.5,76.5,77,76.5,77",17.4,69.14,85.11,JiaXipera МM1090Y,22,1
412,412100262049542330412,"72,78.5,81,82.5,82",20.3,71.85,87.83,JiaXipera МM1090Y,22,1
412,412100262049451460412,"66.5,69,72.5,72,74,72.5,73.5",16.8,68.58,84.54,JiaXipera МM1090Y,22,1
412,412100262049687180412,"68,65,68.5,73,75,74,73.5,74.5,73",15.4,67.27,83.23,JiaXipera МM1090Y,22,1
412,412100262049451740412,"69,73,76.5,77,76.5,78.5,77",19.5,71.1,87.08,JiaXipera МM1090Y,22,1
412,412100262049454500412,"64.5,68,71,72,74,75.5,73.5,74.5,73.5",16.9,68.67,84.64,JiaXipera МM1090Y,22,1
412,412100262049453420412,"71,73.5,76.5,77,77.5,78,77.5",17.8,69.51,85.48,JiaXipera МM1090Y,22,1
412,412100262049538480412,"62,65,68.5,67.5,69.5,70.5,72,71",12.7,64.74,80.7,JiaXipera МM1090Y,22,1
412,412100262049268390412,"70,74.5,75,77.5,77,75.5,76.5,78.5",17.9,69.6,85.57,JiaXipera МM1090Y,22,1
412,412100262049451630412,"68,70,74,75,74.5,75,78,75.5",17.0,68.76,84.73,JiaXipera МM1090Y,22,1
412,412100262049268760412,"67,66,72.5,71.5,72.5,71,74,72",16.1,67.92,83.89,JiaXipera МM1090Y,22,1
412,412100262049540200412,"72,74.5,76,75.5,78.5,76.5",19.7,71.29,87.26,JiaXipera МM1090Y,22,1
412,412100262049269090412,"72,72.5,76,77.5,78,78.5,79,80.5,78.5",14.7,66.61,82.57,JiaXipera МM1090Y,22,1
412,412100262049268730412,"66,71,73,74,72.5,73,75.5,74.5",16.3,68.11,84.07,JiaXipera МM1090Y,22,1
412,412100262049538370412,"63,67,71,73,71",13.3,65.3,81.26,JiaXipera МM1090Y,22,1
412,412100262049268770412,"71.5,72.5,73,75,74.5,75.5,74.5,75.5",16.0,67.83,83.79,JiaXipera МM1090Y,22,1
412,412100262049269320412,"68.5,70,74,75.5,77,77.5,77,76",15.1,66.98,82.95,JiaXipera МM1090Y,22,1
412,412100262049537410412,"70,70.5,71.5,72,71,70.5,72,71.5",15.2,67.08,83.04,JiaXipera МM1090Y,22,1
412,412100262049538330412,"66.5,69.5,72.5,71.5,72,72.5,71",13.2,65.21,81.17,JiaXipera МM1090Y,22,1
412,412100262049542870412,"67.5,70.5,71.5,73,74,73.5,74.5,74,74.5,75",18.2,69.88,85.86,JiaXipera МM1090Y,22,1
412,412100262049268820412,"74.5,78,80,81,82,84.5,82.5",15.6,67.45,83.42,JiaXipera МM1090Y,22,1
412,412100262049454200412,"64,72,73,75,74,75,75.5,75,75.5",17.7,69.42,85.39,JiaXipera МM1090Y,22,1
412,412100262049538440412,"63.5,68,70.5,73,72.5,73,71.5",12.3,64.37,80.32,JiaXipera МM1090Y,22,1
412,412100262049454480412,"65.5,69,73.5,73,74,75,73.5",17.4,69.14,85.11,JiaXipera МM1090Y,22,1
412,412100262049269530412,"69,70,74.5,75,74,75,74",15.1,66.98,82.95,JiaXipera МM1090Y,22,1
412,412100262049268840412,"74,76,79,80,81.5,81,83,82",15.6,67.45,83.42,JiaXipera МM1090Y,22,1
412,412100262049541170412,"71,71.5,74,76,75,77.5,77,76,76.5,75.5,77.5",16.7,68.48,84.45,JiaXipera МM1090Y,22,1
412,412100262049269580412,"73.5,76.5,78,78.5,80.5,81,81.5,80",15.3,67.17,83.14,JiaXipera МM1090Y,22,1
412,412100262049269040412,"74,79.5,80.5,81.5,82,83,80.5",15.0,66.89,82.85,JiaXipera МM1090Y,22,1
412,412100262049541750412,"73.5,72.5,75,76.5,78,80,78.5",21.4,72.88,88.86,JiaXipera МM1090Y,22,1
412,412100262049269210412,"72.5,75,74.5,74,78.5,78,77.5,78.5,78",14.4,66.33,82.29,JiaXipera МM1090Y,22,1
412,412100262049453620412,"67.5,66.5,70.5,73.5,74.5,73.5,75.5,74",17.3,69.04,85.01,JiaXipera МM1090Y,22,1
412,412100262049451430412,"67,72,74.5,75.5,76,76.5,77.5",16.8,68.58,84.54,JiaXipera МM1090Y,22,1
412,412100262049453310412,"71,72,76,77.5,77,78,77.5,77",18.4,70.07,86.04,JiaXipera МM1090Y,22,1
412,412100262049268930412,"70,75.5,77.5,78,77.5,79.5,79",15.5,67.36,83.32,JiaXipera МM1090Y,22,1
412,412100262049455320412,"66,71.5,73.5,74.5,74,75.5,75",16.5,68.29,84.26,JiaXipera МM1090Y,22,1
412,412100262049268650412,"68,72.5,75.5,76,77,76.5",16.8,68.58,84.54,JiaXipera МM1090Y,22,1
412,412100262049541380412,"74,77.5,78.5,79.5,80,82,81.5",20.4,71.94,87.92,JiaXipera МM1090Y,22,1
412,412100262049451080412,"70.5,74.5,75.5,77,77.5,78,79.5,79",18.2,69.88,85.86,JiaXipera МM1090Y,22,1
412,412100262049455580412,"66,68.5,74.5,75.5,75,76,77,76",16.6,68.39,84.36,JiaXipera МM1090Y,22,1
412,412100262049455210412,"69.5,70,73.5,75,76,76.5,75.5",16.7,68.48,84.45,JiaXipera МM1090Y,22,1
412,412100262049451090412,"71.5,73,76,75.5,77.5,76",17.3,69.04,85.01,JiaXipera МM1090Y,22,1
412,412100262049450970412,"70.5,73,77.5,78,79,80,80.5",17.4,69.14,85.11,JiaXipera МM1090Y,22,1
412,412100262049454930412,"66.5,73,75,74,74.5,75.5,75",17.1,68.86,84.82,JiaXipera МM1090Y,22,1
412,412100262049269160412,"68.5,72,74,77,76.5,78,77.5,79",14.3,66.24,82.2,JiaXipera МM1090Y,22,1
412,412100262049542840412,"69.5,72,72.5,74.5,74,74.5,74",18.2,69.88,85.86,JiaXipera МM1090Y,22,1
412,412100262049455050412,"67.5,72,75,76,75.5,77,78,77.5",17.3,69.04,85.01,JiaXipera МM1090Y,22,1
412,412100262049543880412,"68,73.5,77,77.5,78,78.5,77",18.4,70.07,86.04,JiaXipera МM1090Y,22,1
412,412100262049453370412,"70,73,74.5,75.5,76.5,77,78,77",18.0,69.7,85.67,JiaXipera МM1090Y,22,1
412,412100262049540730412,"72,77,77.5,78.5,79,79.5,80.5,80",18.4,70.07,86.04,JiaXipera МM1090Y,22,1
412,412100262049453070412,"71,74.5,78,78.5,79.5,81,79.5,78.5,81,80",18.6,70.26,86.23,JiaXipera МM1090Y,22,1
412,412100262049451680412,"68,73.5,76.5,77.5,78,78.5,78",19.5,71.1,87.08,JiaXipera МM1090Y,22,1
412,412100262049537390412,"67,69.5,73,71.5,73,72,73.5,72",15.2,67.08,83.04,JiaXipera МM1090Y,22,1
412,412100262049451190412,"69,69.5,72,73.5,74,73.5,75.5,76",17.3,69.04,85.01,JiaXipera МM1090Y,22,1
412,412100262049451210412,"68,74,76.5,78,77",18.0,69.7,85.67,JiaXipera МM1090Y,22,1
412,412100262049451260412,"66.5,66,70.5,71.5,72.5,72,73.5,72",17.0,68.76,84.73,JiaXipera МM1090Y,22,1
412,412100262049452310412,"70.5,75,77,76.5,78.5,77.5",18.9,70.54,86.51,JiaXipera МM1090Y,22,1
412,412100262049540460412,"71.5,75,76,76.5,77,76.5,77.5,76",19.2,70.82,86.79,JiaXipera МM1090Y,22,1
412,412100262049452580412,"71,73,75,78.5,79.5,81,81.5,83",19.1,70.73,86.7,JiaXipera МM1090Y,22,1
412,412100262049453980412,"70,73.5,75,75.5,76.5,77.5,76",17.4,69.14,85.11,JiaXipera МM1090Y,22,1
412,412100262049543530412,"68.5,70,73.5,74.5,75,76,77",16.3,68.11,84.07,JiaXipera МM1090Y,22,1
412,412100262049451520412,"70,71.5,73.5,73,74,73.5,74,74.5,75,74.5,74,75,74.5,73.5,75,74.5,75.5",16.8,68.58,84.54,JiaXipera МM1090Y,22,1
412,412100262049541460412,"71,74,75,77,77.5,79,78",16.7,68.48,84.45,JiaXipera МM1090Y,22,1
412,412100262049451290412,"64,70,73,72,74.5,73.5",17.0,68.76,84.73,JiaXipera МM1090Y,22,1
412,412100262049456070412,"68.5,70.5,75,74.5,75.5,76,77,77.5",19.4,71.01,86.98,JiaXipera МM1090Y,22,1
412,412100262049455650412,"68,76,77.5,79,78,79,80,81",16.4,68.2,84.17,JiaXipera МM1090Y,22,1
412,412100262049452150412,"70,75.5,77,78,79,80,79.5,81,80",18.9,70.54,86.51,JiaXipera МM1090Y,22,1
412,412100262049539970412,"75,75.5,79,78.5,78,77.5,78,79.5,80,80.5",20.8,72.32,88.3,JiaXipera МM1090Y,22,1
412,412100262049451300412,"72,74.5,78.5,79.5,79,80.5,78.5",17.9,69.6,85.57,JiaXipera МM1090Y,22,1
412,412100262049538310412,"65.5,68.5,71.5,71,72,73,72,74,72.5,72",13.0,65.02,80.98,JiaXipera МM1090Y,22,1
412,412100262049454030412,"67.5,70,74,74.5,73.5,74,74.5,74",17.2,68.95,84.92,JiaXipera МM1090Y,22,1
412,412100262049456380412,"67.5,73,77,77.5,78,80,80.5,81",18.9,70.54,86.51,JiaXipera МM1090Y,22,1
412,412100262049451960412,"72.5,76,78,77.5,78.5,77",19.1,70.73,86.7,JiaXipera МM1090Y,22,1
412,412100262049452220412,"71.5,73.5,75.5,76,77,76.5,77.5,78.5,77.5",18.9,70.54,86.51,JiaXipera МM1090Y,22,1
412,412100262049454760412,"70,69,74,73,74.5,77,76",17.3,69.04,85.01,JiaXipera МM1090Y,22,1
412,412100262049538180412,"66,68.5,71.5,72.5,71.5,72,73,72",13.9,65.86,81.82,JiaXipera МM1090Y,22,1
412,412100262049270010412,"73,72.5,75.5,76.5,77.5,78,77",14.5,66.42,82.39,JiaXipera МM1090Y,22,1
412,412100262049451320412,"62.5,68.5,71.5,73,74,73.5",16.9,68.67,84.64,JiaXipera МM1090Y,22,1
412,412100262049270250412,"68.5,69,73,75,76,77.5,78.5,77",14.8,66.7,82.67,JiaXipera МM1090Y,22,1
412,412100262049455500412,"70,73.5,74.5,74,76.5,77,76.5",16.7,68.48,84.45,JiaXipera МM1090Y,22,1
412,412100262049540870412,"71.5,71,74.5,77,77.5,77,78.5,79.5",17.9,69.6,85.57,JiaXipera МM1090Y,22,1
412,412100262049687300412,"67,71,73.5,75.5,75,74.5,77,77.5",15.3,67.17,83.14,JiaXipera МM1090Y,22,1
412,412100262049453320412,"69.5,72,76,77,77.5,76.5,77,76.5,77.5,76.5",18.3,69.98,85.95,JiaXipera МM1090Y,22,1
412,412100262049451340412,"70.5,73,74.5,75.5,76.5,75,75.5,76.5,77.5",17.3,69.04,85.01,JiaXipera МM1090Y,22,1
412,412100262049541990412,"74.5,78,80,81.5,83,80.5",20.8,72.32,88.3,JiaXipera МM1090Y,22,1
412,412100262049540350412,"72.5,76,76.5,77,77.5,77,78",19.1,70.73,86.7,JiaXipera МM1090Y,22,1
412,412100262049539340412,"70,71,71.5,74.5,76.5,77,78,80,78.5",21.4,72.88,88.86,JiaXipera МM1090Y,22,1
412,412100262049542910412,"67.5,70.5,73,74.5,75.5,76,77",18.0,69.7,85.67,JiaXipera МM1090Y,22,1
412,412100262049451370412,"75.5,76.5,79,80.5,80,81,81.5",18.3,69.98,85.95,JiaXipera МM1090Y,22,1
412,412100262049455570412,"71,75,77.5,78,76.5,78,79,70.5",16.6,68.39,84.36,JiaXipera МM1090Y,22,1
412,412100262049268480412,"69.5,74.5,76.5,77,78.5,79,78.5,80,79,78.5,79,79.5,80,79.5,80,79.5,80.5,80,80.5",17.1,68.86,84.82,JiaXipera МM1090Y,22,1
412,412100262049451440412,"64,66,72.5,74.5,74,73.5,75,73.5",16.9,68.67,84.64,JiaXipera МM1090Y,22,1
412,412100262049269000412,"73.5,76.5,79,81.5,80.5,82,81.5",15.0,66.89,82.85,JiaXipera МM1090Y,22,1
412,412100262049545090412,"70.5,76.5,79.5,79,79.5,81.5,80",17.6,69.32,85.29,JiaXipera МM1090Y,22,1
412,412100262049538110412,"66,70,72.5,73,72,74,73.5,73",14.0,65.96,81.92,JiaXipera МM1090Y,22,1
412,412100262049451380412,"69,74,75.5,76,77,76.5",17.0,68.76,84.73,JiaXipera МM1090Y,22,1
412,412100262049542320412,"73,74.5,78,78.5,81.5,81,80.5,82.5",20.4,71.94,87.92,JiaXipera МM1090Y,22,1
412,412100262049454670412,"70.5,73,75,77,76,77.5,78.5,76.5",17.2,68.95,84.92,JiaXipera МM1090Y,22,1
412,412100262049269520412,"71,70.5,75.5,76,78.5,77,77.5,79",14.7,66.61,82.57,JiaXipera МM1090Y,22,1
412,412100262049454510412,"70.5,71,74.5,76,77.5,76.5,77.5",16.9,68.67,84.64,JiaXipera МM1090Y,22,1
412,412100262049451420412,"66.5,70,74.5,71.5,74,74.5,75,74",16.8,68.58,84.54,JiaXipera МM1090Y,22,1
412,412100262049452350412,"65.5,70.5,74.5,77,77.5,79",18.5,70.17,86.14,JiaXipera МM1090Y,22,1
412,412100262049540340412,"70,72,74.5,73,76,76.5,75.5",19.2,70.82,86.79,JiaXipera МM1090Y,22,1
412,412100262049453940412,"67.5,71.5,75,76,75.5,76,77,78,78.5",17.4,69.14,85.11,JiaXipera МM1090Y,22,1
412,412100262049451510412,"65,68.5,70.5,73,72,71.5,72",16.9,68.67,84.64,JiaXipera МM1090Y,22,1
412,412100262049539800412,"71.5,76,77,77.5,79,78.5,80,80.5,82,82.5",20.7,72.22,88.2,JiaXipera МM1090Y,22,1
412,412100262049451530412,"68.5,69.5,71.5,70,71.5,72,73",16.7,68.48,84.45,JiaXipera МM1090Y,22,1
412,412100262049451550412,"62.5,65.5,67,69.5,70.5,71.5,72,71,73",16.7,68.48,84.45,JiaXipera МM1090Y,22,1
412,412100262049538280412,"65.5,68,70,71.5,72,72.5,70.5",13.2,65.21,81.17,JiaXipera МM1090Y,22,1
412,412100262049268560412,"68.5,72,74.5,75,74.5,76,77.5,78",16.9,68.67,84.64,JiaXipera МM1090Y,22,1
412,412100262049453770412,"72.5,70.5,72,75,74.5,76,76.5,76,77,79",18.0,69.7,85.67,JiaXipera МM1090Y,22,1
412,412100262049541980412,"69.5,74,76.5,78.5,78,78.5,80,82",20.9,72.41,88.39,JiaXipera МM1090Y,22,1
412,412100262049455670412,"69,74.5,75.5,76.5,77.5,77,77.5,76",16.4,68.2,84.17,JiaXipera МM1090Y,22,1
412,412100262049543390412,"70.5,70,73,72.5,73.5,73",16.8,68.58,84.54,JiaXipera МM1090Y,22,1
412,412100262049542160412,"70.5,73,76,76.5,77.5,78",20.9,72.41,88.39,JiaXipera МM1090Y,22,1
412,412100262049455280412,"69,69.5,73.5,74,73,72.5,74.5,74",16.5,68.29,84.26,JiaXipera МM1090Y,22,1
412,412100262049539740412,"72.5,77.5,81.5,80,80.5,82.5,82,82.5",20.9,72.41,88.39,JiaXipera МM1090Y,22,1
412,412100262049539260412,"73.5,80,83.5,82,81.5,83,82.5,85,85.5",21.5,72.97,88.95,JiaXipera МM1090Y,22,1
412,412100262049543270412,"69.5,70.5,74.5,76,76.5,78,76.5,77,78.5,76.5",17.5,69.23,85.2,JiaXipera МM1090Y,22,1
412,412100262049451590412,"68,72,73.5,72.5,74.5,73.5",16.7,68.48,84.45,JiaXipera МM1090Y,22,1
412,412100262049451610412,"69.5,77,79,79.5,80,80.5,82,81.5",19.7,71.29,87.26,JiaXipera МM1090Y,22,1
412,412100262049451910412,"67,74.5,76,76.5,76,77,76,78.5",19.1,70.73,86.7,JiaXipera МM1090Y,22,1
412,412100262049451410412,"65.5,69.5,71,72,72.5,73,74",17.0,68.76,84.73,JiaXipera МM1090Y,22,1
412,412100262049269190412,"71,73.5,76.5,77.5,78.5,79,79.5",14.3,66.24,82.2,JiaXipera МM1090Y,22,1
412,412100262049541420412,"74.5,77,78,78.5,78,80,81,81.5",20.2,71.76,87.73,JiaXipera МM1090Y,22,1
412,412100262049542680412,"68.5,68,76,75.5,77,76.5,78.5,78",19.4,71.01,86.98,JiaXipera МM1090Y,22,1
412,412100262049453480412,"66.5,72.5,75.5,76.5,77.5,78,76",17.6,69.32,85.29,JiaXipera МM1090Y,22,1
412,412100262049454680412,"70,70.5,74.5,75.5,76.5,78,79,77",17.2,68.95,84.92,JiaXipera МM1090Y,22,1
412,412100262049269710412,"79,81.5,82,81.5,82,81,82",15.0,66.89,82.85,JiaXipera МM1090Y,22,1
412,412100262049451640412,"62.5,64,63.5,68,69.5,70,71,70",16.7,68.48,84.45,JiaXipera МM1090Y,22,1
412,412100262049540580412,"71,73.5,77,76,77.5,78.5",18.4,70.07,86.04,JiaXipera МM1090Y,22,1
412,412100262049537850412,"68.5,69.5,70,70.5,71,71.5,70.5",15.2,67.08,83.04,JiaXipera МM1090Y,22,1
412,412100262049451700412,"68.5,71.5,73.5,73,72,74,73.5",16.9,68.67,84.64,JiaXipera МM1090Y,22,1
412,412100262049451880412,"66,71.5,76,75,77,78,77.5,78.5,76.5",19.1,70.73,86.7,JiaXipera МM1090Y,22,1
412,412100262049537420412,"68.5,69,74.5,73.5,73,74.5,74,73.5",15.2,67.08,83.04,JiaXipera МM1090Y,22,1
412,412100262049687100412,"67.5,71,72.5,75,75.5,74.5,76.5,76",15.8,67.64,83.61,JiaXipera МM1090Y,22,1
412,412100262049451560412,"62.5,67,68.5,70.5,70,71,70.5,72",18.2,69.88,85.86,JiaXipera МM1090Y,22,1
412,412100262049454440412,"67.5,73.5,75,74.5,75.5,76.5",17.0,68.76,84.73,JiaXipera МM1090Y,22,1
412,412100262049451930412,"70.5,71,75,77,76,77.5,78,77",19.2,70.82,86.79,JiaXipera МM1090Y,22,1
412,412100262049537490412,"64.5,71,73,73.5,76.5,75,75.5,76",15.6,67.45,83.42,JiaXipera МM1090Y,22,1
412,412100262049543400412,"69.5,69,71,71.5,72.5,73,72",16.8,68.58,84.54,JiaXipera МM1090Y,22,1
412,412100262049451710412,"71.5,75,77.5,75.5,79.5,80,80.5",19.6,71.19,87.17,JiaXipera МM1090Y,22,1
412,412100262049451730412,"69,73,74.5,76.5,77,77.5,78.5,80",19.5,71.1,87.08,JiaXipera МM1090Y,22,1
412,412100262049543310412,"69,73.5,75,76.5,76,77,78.5",17.2,68.95,84.92,JiaXipera МM1090Y,22,1
412,412100262049268330412,"69,69.5,72,75.5,75,76.5,76",18.0,69.7,85.67,JiaXipera МM1090Y,22,1
412,412100262049541900412,"70,70.5,75,77.5,78.5,77.5",21.1,72.6,88.58,JiaXipera МM1090Y,22,1
412,412100262049451750412,"73,75.5,77,77.5,76.5,77.5",19.5,71.1,87.08,JiaXipera МM1090Y,22,1
412,412100262049452140412,"69.5,76,77.5,76.5,79,79.5,78.5,79.5,80.5",18.9,70.54,86.51,JiaXipera МM1090Y,22,1
412,412100262049451860412,"69.5,76.5,76,77,76,79,78,77.5",19.2,70.82,86.79,JiaXipera МM1090Y,22,1
412,412100262049453180412,"71,75.5,78.5,78,77,77.5,79,76.5,77.5",18.2,69.88,85.86,JiaXipera МM1090Y,22,1
412,412100262049268440412,"66,72,74.5,75,74.5,75,76,77,78",17.1,68.86,84.82,JiaXipera МM1090Y,22,1
412,412100262049451970412,"69.5,74,75.5,77.5,78.5,79,78",19.2,70.82,86.79,JiaXipera МM1090Y,22,1
412,412100262049541210412,"70.5,71.5,75.5,77.5,76.5,76,76.5,76",16.5,68.29,84.26,JiaXipera МM1090Y,22,1
412,412100262049452490412,"67,69.5,69,73.5,76.5,78,79.5,80,81,79.5",19.2,70.82,86.79,JiaXipera МM1090Y,22,1
412,412100262049452470412,"68,73,78.5,78,80,78,79,77.5,77",19.3,70.91,86.89,JiaXipera МM1090Y,22,1
412,412100262049539200412,"75,78,80.5,81,82,82.5,83,84.5,83,84,84.5",21.6,73.07,89.05,JiaXipera МM1090Y,22,1
412,412100262049541930412,"69,76.5,80,78.5,79.5,81,80.5",21.0,72.5,88.48,JiaXipera МM1090Y,22,1
412,412100262049452770412,"71,73,76.5,78.5,78,79.5,78,79",18.6,70.26,86.23,JiaXipera МM1090Y,22,1
412,412100262049538120412,"64.5,67.5,70.5,72,71.5,72,73",14.1,66.05,82.01,JiaXipera МM1090Y,22,1
412,412100262049454810412,"68.5,70.5,74.5,76,77,76.5,77",17.3,69.04,85.01,JiaXipera МM1090Y,22,1
412,412100262049453040412,"70,72,74.5,76,77.5,76,76.5,77",18.5,70.17,86.14,JiaXipera МM1090Y,22,1
412,412100262049540980412,"69.5,70.5,74.5,74,73.5,73",17.5,69.23,85.2,JiaXipera МM1090Y,22,1
412,412100262049542860412,"66.5,69,73,73.5,73,73.5,74.5,72.5",18.2,69.88,85.86,JiaXipera МM1090Y,22,1
412,412100262049451890412,"73.5,78.5,79,78,78.5,80.5,80,80.5",19.2,70.82,86.79,JiaXipera МM1090Y,22,1
412,412100262049455260412,"74.5,76,80,79.5,79,80,79.5,82",16.5,68.29,84.26,JiaXipera МM1090Y,22,1
412,412100262049542950412,"70,73.5,77,77.5,78,80,79",17.8,69.51,85.48,JiaXipera МM1090Y,22,1
412,412100262049452080412,"70,71.5,74.5,76.5,75.5,78,76.5,78.5,79",19.1,70.73,86.7,JiaXipera МM1090Y,22,1
412,412100262049451920412,"70,73.5,76,76.5,77,76,75.5",19.1,70.73,86.7,JiaXipera МM1090Y,22,1
412,412100262049452010412,"73.5,79.5,80,81.5,80.5,82.5,83,84.5",19.2,70.82,86.79,JiaXipera МM1090Y,22,1
412,412100262049451770412,"70,73,73.5,74.5,74,74.5,76,75.5,76.5",19.4,71.01,86.98,JiaXipera МM1090Y,22,1
412,412100262049539090412,"73.5,77,80.5,80,82,84,82",21.8,73.25,89.23,JiaXipera МM1090Y,22,1
412,412100262049540950412,"68,69.5,73.5,74,74.5,75.5,77,78.5,76.5",17.6,69.32,85.29,JiaXipera МM1090Y,22,1
412,412100262049452030412,"70,73,75.5,76,76.5,77,77.5,79",19.0,70.63,86.61,JiaXipera МM1090Y,22,1
412,412100262049452070412,"66.5,69.5,74.5,77.5,79,78,78.5,80.5,78.5",19.1,70.73,86.7,JiaXipera МM1090Y,22,1
412,412100262049543030412,"70,73,75.5,75,75.5,77,77.5,77",17.8,69.51,85.48,JiaXipera МM1090Y,22,1
412,412100262049452100412,"70,72.5,76,76.5,76,77,78.5,78",19.0,70.63,86.61,JiaXipera МM1090Y,22,1
412,412100262049455060412,"70,76,77,78,79.5,79,78",17.2,68.95,84.92,JiaXipera МM1090Y,22,1
412,412100262049452920412,"69.5,70,74.5,76,77,76.5,78,77.5",18.9,70.54,86.51,JiaXipera МM1090Y,22,1
412,412100262049452120412,"71.5,72.5,77.5,78,77.5,78,75.5",19.1,70.73,86.7,JiaXipera МM1090Y,22,1
412,412100262049452340412,"69.5,70,73,75,75.5,76,77.5,77,76.5",18.5,70.17,86.14,JiaXipera МM1090Y,22,1
412,412100262049538070412,"64,66,70.5,73.5,75,75.5,74",14.1,66.05,82.01,JiaXipera МM1090Y,22,1
412,412100262049454190412,"69.5,72,76,78,78.5,79",17.7,69.42,85.39,JiaXipera МM1090Y,22,1
412,412100262049538960412,"67,67.5,72.5,74,75,76,74.5",20.3,71.85,87.83,JiaXipera МM1090Y,22,1
412,412100262049452230412,"71.5,77,77.5,78,77.5,77,77.5,78,80",18.9,70.54,86.51,JiaXipera МM1090Y,22,1
412,412100262049452570412,"69.5,75.5,78,78.5,77,79,80,81",19.2,70.82,86.79,JiaXipera МM1090Y,22,1
412,412100262049537710412,"65.5,65,68.5,74,74.5,74,74.5,76.5,76",14.9,66.8,82.76,JiaXipera МM1090Y,22,1
412,412100262049454140412,"70.5,75.5,77.5,79,77.5,80,81,80.5",17.9,69.6,85.57,JiaXipera МM1090Y,22,1
412,412100262049451050412,"72.5,74,77,78,77.5,78,80.5,79",17.5,69.23,85.2,JiaXipera МM1090Y,22,1
412,412100262049452430412,"71,72,73.5,74,75.5,73.5,74,74.5,75",19.4,71.01,86.98,JiaXipera МM1090Y,22,1
412,412100262049452480412,"68,72.5,73.5,74.5,75,77,77.5,79,79.5,78",19.4,71.01,86.98,JiaXipera МM1090Y,22,1
412,412100262049453500412,"71,74,77,77.5,78.5,76.5,77",17.8,69.51,85.48,JiaXipera МM1090Y,22,1
412,412100262049538220412,"67.5,71,70,70.5,73,73.5,74.5,75",13.5,65.49,81.45,JiaXipera МM1090Y,22,1
412,412100262049539980412,"69.5,70,72.5,75,77,76.5,78.5,79,79.5,78.5",20.2,71.76,87.73,JiaXipera МM1090Y,22,1
412,412100262049269510412,"77,77.5,81.5,81,82,82.5,82",14.6,66.52,82.48,JiaXipera МM1090Y,22,1
412,412100262049452550412,"70.5,69.5,73.5,74.5,75.5,77,76.5,77.5,78",19.0,70.63,86.61,JiaXipera МM1090Y,22,1
412,412100262049456320412,"71.5,72.5,77,77.5,78.5,79,78",19.2,70.82,86.79,JiaXipera МM1090Y,22,1
412,412100262049452560412,"70,73.5,75,75.5,76,76.5,77.5,76.5",19.2,70.82,86.79,JiaXipera МM1090Y,22,1
412,412100262049455950412,"64.5,69,73.5,71.5,71,72.5,72,72.5",16.6,68.39,84.36,JiaXipera МM1090Y,22,1
412,412100262049456710412,"72.5,78.5,77,77.5,78.5,79,79.5",18.5,70.17,86.14,JiaXipera МM1090Y,22,1
412,412100262049455960412,"73.5,74,76.5,76,75.5,77,78.5,78",19.3,70.91,86.89,JiaXipera МM1090Y,22,1
412,412100262049544540412,"71.5,75.5,79.5,80,79.5,78.5,80",18.5,70.17,86.14,JiaXipera МM1090Y,22,1
412,412100262049454860412,"67,70,75.5,77,77.5,78.5,77,78.5,79",17.2,68.95,84.92,JiaXipera МM1090Y,22,1
412,412100262049453330412,"65,70.5,73.5,74.5,74,73.5,74",18.4,70.07,86.04,JiaXipera МM1090Y,22,1
412,412100262049455980412,"75,78,79.5,80,81,82,83.5",19.2,70.82,86.79,JiaXipera МM1090Y,22,1
412,412100262049456010412,"71,77,79.5,80,81,80.5",19.4,71.01,86.98,JiaXipera МM1090Y,22,1
412,412100262049542430412,"72,76.5,79.5,78.5,79.5,80.5,80",20.0,71.57,87.54,JiaXipera МM1090Y,22,1
412,412100262049456030412,"67.5,71,74.5,73.5,75.5,76.5,77.5,78",19.3,70.91,86.89,JiaXipera МM1090Y,22,1
412,412100262049539420412,"71,80,82.5,81.5,83.5,84,85,84.5",21.5,72.97,88.95,JiaXipera МM1090Y,22,1
412,412100262049456420412,"73.5,75.5,78,79,79.5,81",18.9,70.54,86.51,JiaXipera МM1090Y,22,1
412,412100262049543690412,"66,69.5,71.5,71,72,73,72.5",16.1,67.92,83.89,JiaXipera МM1090Y,22,1
412,412100262049456050412,"68,75,77,78,76.5,79,79.5,78",19.4,71.01,86.98,JiaXipera МM1090Y,22,1
412,412100262049456100412,"70,74,76,77.5,79,78,79.5,80.5,80,79.5",19.3,70.91,86.89,JiaXipera МM1090Y,22,1
412,412100262049540960412,"71.5,73.5,75,75.5,74.5,75,76",17.6,69.32,85.29,JiaXipera МM1090Y,22,1
412,412100262049456130412,"67,71,74,74.5,76,75.5,75,77",19.4,71.01,86.98,JiaXipera МM1090Y,22,1
412,412100262049456160412,"67,72.5,76,75.5,76,76.5,77.5,76.5",19.2,70.82,86.79,JiaXipera МM1090Y,22,1
412,412100262049456260412,"73,77,78,78.5,79.5,80,81,82",19.2,70.82,86.79,JiaXipera МM1090Y,22,1
412,412100262049456280412,"70.5,76,77,77.5,78,79.5,81,79",19.2,70.82,86.79,JiaXipera МM1090Y,22,1
412,412100262049542440412,"70,73,75.5,77,76,77.5,79,77.5",19.9,71.48,87.45,JiaXipera МM1090Y,22,1
412,412100262049456310412,"74.5,76,77.5,78,78.5,79,79.5",19.1,70.73,86.7,JiaXipera МM1090Y,22,1
412,412100262049543890412,"72.5,73,77,76,77.5,79,78.5",18.4,70.07,86.04,JiaXipera МM1090Y,22,1
412,412100262049456330412,"69,74,76.5,78.5,77.5,79,78.5,79.5",19.1,70.73,86.7,JiaXipera МM1090Y,22,1
412,412100262049537620412,"64.5,66.5,72.5,73,73.5,73,74",15.2,67.08,83.04,JiaXipera МM1090Y,22,1
412,412100262049456340412,"70.5,73,76,76.5,78.5,79.5,77.5",19.0,70.63,86.61,JiaXipera МM1090Y,22,1
412,412100262049456350412,"72,75,78.5,79,77.5,80,79,79.5",19.0,70.63,86.61,JiaXipera МM1090Y,22,1
412,412100262049456360412,"71,71.5,74.5,75.5,76,77.5,75.5",16.5,68.29,84.26,JiaXipera МM1090Y,22,1
412,412100262049539760412,"72.5,76.5,79.5,80,80.5,79,79.5,80,80.5",20.8,72.32,88.3,JiaXipera МM1090Y,22,1
412,412100262049455120412,"65.5,71.5,74.5,76,78,79,76.5",16.9,68.67,84.64,JiaXipera МM1090Y,22,1
412,412100262049456390412,"68,72,76,76.5,76,79,77.5",18.9,70.54,86.51,JiaXipera МM1090Y,22,1
412,412100262049456400412,"73,75.5,78.5,80,81.5,82",18.9,70.54,86.51,JiaXipera МM1090Y,22,1
412,412100262049453650412,"68.5,73.5,76,75,77,75,77,78.5,77.5",18.8,70.45,86.42,JiaXipera МM1090Y,22,1
412,412100262049452210412,"70.5,73,75,74.5,76.5,76,77.5,76.5",18.9,70.54,86.51,JiaXipera МM1090Y,22,1
412,412100262049540530412,"76,75.5,76,75.5,76,78,77.5",18.5,70.17,86.14,JiaXipera МM1090Y,22,1
412,412100262049537990412,"63,63.5,65.5,66,66.5,67.5,68,68.5",14.3,66.24,82.2,JiaXipera МM1090Y,22,1
412,412100262049456410412,"74.5,76.5,78,80,79,80,81,81.5,81",18.8,70.45,86.42,JiaXipera МM1090Y,22,1
412,412100262049456430412,"72.5,75,77,79,79.5,80,79.5,81,82.5",18.9,70.54,86.51,JiaXipera МM1090Y,22,1
412,412100262049456460412,"72,79.5,82,81.5,83,84",18.7,70.35,86.33,JiaXipera МM1090Y,22,1
412,412100262049456470412,"71,75.5,77,79,78.5,80,79.5,80,82",18.8,70.45,86.42,JiaXipera МM1090Y,22,1
412,412100262049541890412,"71.5,75,79.5,78.5,79,78.5",21.3,72.78,88.76,JiaXipera МM1090Y,22,1
412,412100262049268490412,"69.5,71,72.5,74.5,75.5,74.5,75.5,77",17.1,68.86,84.82,JiaXipera МM1090Y,22,1
412,412100262049537770412,"62.5,68,71.5,72,70.5,72,73.5,75",14.8,66.7,82.67,JiaXipera МM1090Y,22,1
412,412100262049456550412,"71.5,75,76.5,77.5,77,77.5,78.5,77.5",18.6,70.26,86.23,JiaXipera МM1090Y,22,1
412,412100262049687500412,"65.5,68.5,71.5,73,74,73.5,73,75,73.5",15.1,66.98,82.95,JiaXipera МM1090Y,22,1
412,412100262049456620412,"68.5,71,75.5,76.5,77,78,77.5,77",18.3,69.98,85.95,JiaXipera МM1090Y,22,1
412,412100262049456530412,"71.5,76.5,79.5,80,80.5,81.5",18.8,70.45,86.42,JiaXipera МM1090Y,22,1
412,412100262049456490412,"72.5,78,80.5,81,81.5,82,83,82",18.7,70.35,86.33,JiaXipera МM1090Y,22,1
412,412100262049538390412,"67,66,70,71.5,71,72,69.5",12.5,64.55,80.51,JiaXipera МM1090Y,22,1
412,412100262049540670412,"67.5,71.5,73,76,76.5,78",18.3,69.98,85.95,JiaXipera МM1090Y,22,1
412,412100262049543590412,"67.5,68.5,70.5,71,71.5,73,72.5",15.9,67.73,83.7,JiaXipera МM1090Y,22,1
412,412100262049456560412,"73,77,78.5,77.5,78.5,77.5,80,78",18.5,70.17,86.14,JiaXipera МM1090Y,22,1
412,412100262049456570412,"73.5,75,77.5,79,78.5,80,78",18.5,70.17,86.14,JiaXipera МM1090Y,22,1
412,412100262049456580412,"72,78,79,81.5,79,78,79.5,80.5",18.5,70.17,86.14,JiaXipera МM1090Y,22,1
412,412100262049538270412,"64,64.5,67.5,69,70.5,70,69,69.5",13.3,65.3,81.26,JiaXipera МM1090Y,22,1
412,412100262049542070412,"72.5,75,77.5,78,77.5,79,79.5,79,80.5,80",20.7,72.22,88.2,JiaXipera МM1090Y,22,1
412,412100262049456600412,"73,75,78.5,79,80.5,78.5",18.5,70.17,86.14,JiaXipera МM1090Y,22,1
412,412100262049537240412,"72.5,71.5,76,76.5,76,77.5,78.5,77.5",15.6,67.45,83.42,JiaXipera МM1090Y,22,1
412,412100262049453120412,"74,75.5,78.5,77.5,78,79,81,79",18.4,70.07,86.04,JiaXipera МM1090Y,22,1
412,412100262049456650412,"71,70.5,75.5,77,78,79",18.3,69.98,85.95,JiaXipera МM1090Y,22,1
412,412100262049542940412,"65.5,71,75.5,75,76.5,77",17.9,69.6,85.57,JiaXipera МM1090Y,22,1
412,412100262049542510412,"72.5,73,78.5,78,78.5,79.5,80,79.5",19.8,71.38,87.36,JiaXipera МM1090Y,22,1
412,412100262049456660412,"72.5,74.5,76.5,78.5,80,79,81,81.5",18.5,70.17,86.14,JiaXipera МM1090Y,22,1
412,412100262049456670412,"73,78.5,80.5,81.5,82,83,82.5",18.6,70.26,86.23,JiaXipera МM1090Y,22,1
412,412100262049456680412,"74.5,75.5,78.5,81,80.5,82,83",18.5,70.17,86.14,JiaXipera МM1090Y,22,1
412,412100262049456000412,"71,77.5,80,79.5,80,81,82,81.5",19.3,70.91,86.89,JiaXipera МM1090Y,22,1
412,412100262049538680412,"69.5,71.5,77.5,78,78.5",20.3,71.85,87.83,JiaXipera МM1090Y,22,1
412,412100262049455330412,"69,71,74,75,74,74.5,74,75.5",16.5,68.29,84.26,JiaXipera МM1090Y,22,1
412,412100262049456700412,"71.5,76.5,78,78.5,79,78.5,79,79.5,80",18.5,70.17,86.14,JiaXipera МM1090Y,22,1
412,412100262049540080412,"69,71,74,77,76.5,78,78.5,80.5",19.9,71.48,87.45,JiaXipera МM1090Y,22,1
412,412100262049456740412,"72.5,76,78,80,79.5,80,80.5",18.7,70.35,86.33,JiaXipera МM1090Y,22,1
412,412100262049456750412,"69.5,72.5,74,73.5,77,77.5,78",18.5,70.17,86.14,JiaXipera МM1090Y,22,1
412,412100262049542390412,"71,74,75.5,75,76,77.5,77",20.1,71.66,87.64,JiaXipera МM1090Y,22,1
412,412100262049451310412,"67,71,73,72.5,73.5,74,75,74",16.9,68.67,84.64,JiaXipera МM1090Y,22,1
412,412100262049456760412,"70,70.5,75,74.5,75.5,76.5,78,76.5",18.4,70.07,86.04,JiaXipera МM1090Y,22,1
412,412100262049456770412,"69.5,74.5,75.5,76,76.5,77.5,77",18.5,70.17,86.14,JiaXipera МM1090Y,22,1
412,412100262049456790412,"74.5,75.5,77.5,77,78,80,79,79.5,81,81.5",18.4,70.07,86.04,JiaXipera МM1090Y,22,1
412,412100262049537560412,"71.5,74.5,76,77,78.5",15.5,67.36,83.32,JiaXipera МM1090Y,22,1
412,412100262049453920412,"69,73.5,74,75,76,78.5,76,80",17.4,69.14,85.11,JiaXipera МM1090Y,22,1
412,412100262049456820412,"69,71,75,74.5,77,75.5,76,75.5",18.4,70.07,86.04,JiaXipera МM1090Y,22,1
412,412100262049452330412,"71.5,74,76,78.5,75.5,76.5,77.5,76",18.8,70.45,86.42,JiaXipera МM1090Y,22,1
412,412100262049456850412,"68,69,73,74.5,75,75.5,77,77.5",18.4,70.07,86.04,JiaXipera МM1090Y,22,1
412,412100262049456860412,"68.5,70.5,74.5,75,75.5,76,77,75.5",18.3,69.98,85.95,JiaXipera МM1090Y,22,1
412,412100262049452990412,"66,74.5,76,77.5,78.5,79,78.5,80.5",18.4,70.07,86.04,JiaXipera МM1090Y,22,1
412,412100262049539100412,"72.5,75.5,77.5,78.5,83.5,83,82.5,84.5,84",21.8,73.25,89.23,JiaXipera МM1090Y,22,1
412,412100262049451500412,"68.5,70.5,73.5,72.5,74,74.5,74",16.7,68.48,84.45,JiaXipera МM1090Y,22,1
412,412100262049541950412,"74,73.5,81,80,79,80,81,82.5",20.9,72.41,88.39,JiaXipera МM1090Y,22,1
412,412100262049453410412,"68,73,76.5,77,77.5,77,77.5,76.5",17.8,69.51,85.48,JiaXipera МM1090Y,22,1
412,412100262049454420412,"66.5,71,74.5,75.5,76,76.5",17.1,68.86,84.82,JiaXipera МM1090Y,22,1
412,412100262049456910412,"69.5,71.5,73.5,74.5,75,74.5,76.5,74.5",18.2,69.88,85.86,JiaXipera МM1090Y,22,1
412,412100262049542060412,"68,69.5,72.5,76.5,79,80,80.5,79.5,80.5,81.5",20.7,72.22,88.2,JiaXipera МM1090Y,22,1
412,412100262049456930412,"66.5,69.5,72.5,74.5,74,73.5,75.5,74.5",18.1,69.79,85.76,JiaXipera МM1090Y,22,1
412,412100262049541410412,"73.5,79.5,81,80.5,81.5,83,82",20.2,71.76,87.73,JiaXipera МM1090Y,22,1
412,412100262049455550412,"69.5,74,75.5,76.5,76,76.5,77",17.1,68.86,84.82,JiaXipera МM1090Y,22,1
412,412100262049542210412,"67,70.5,71.5,72.5,73.5,74,74.5,73.5",20.5,72.04,88.01,JiaXipera МM1090Y,22,1
412,412100262049456940412,"72,72.5,73,76",18.1,69.79,85.76,JiaXipera МM1090Y,22,1
412,412100262049540270412,"67,72.5,77,77.5,78.5,79.5,78",19.4,71.01,86.98,JiaXipera МM1090Y,22,1
412,412100262049456960412,"67.5,75,75.5,77,76,78,76.5",18.1,69.79,85.76,JiaXipera МM1090Y,22,1
412,412100262049537920412,"64,64.5,66.5,67.5,70,71.5,71,72",14.5,66.42,82.39,JiaXipera МM1090Y,22,1
412,412100262049454240412,"72,76.5,79,78,79,79.5,80.5",17.6,69.32,85.29,JiaXipera МM1090Y,22,1
412,412100262049451800412,"69.5,74,77,78,80,79.5",19.3,70.91,86.89,JiaXipera МM1090Y,22,1
412,412100262049537120412,"66,72,74.5,76,76.5,75.5,76,76.5",15.8,67.64,83.61,JiaXipera МM1090Y,22,1
412,412100262049538650412,"68.5,73,74.5,76.5,76,76.5,78,76.5,79,77",20.4,71.94,87.92,JiaXipera МM1090Y,22,1
412,412100262049537130412,"68.5,72,74,72.5,74,73.5,74.5,74,75",15.8,67.64,83.61,JiaXipera МM1090Y,22,1
412,412100262049537160412,"72,75.5,76,76.5,76,76.5,77",15.7,67.55,83.51,JiaXipera МM1090Y,22,1
412,412100262049543910412,"70,71.5,74,74.5,75.5,75,77.5,75.5",18.3,69.98,85.95,JiaXipera МM1090Y,22,1
412,412100262049537180412,"67.5,70.5,73,72.5,73,73.5,75,72",16.0,67.83,83.79,JiaXipera МM1090Y,22,1
412,412100262049456720412,"71.5,72.5,74,76.5,77.5,76",18.5,70.17,86.14,JiaXipera МM1090Y,22,1
412,412100262049540680412,"74,76,77,78,77.5,77,77.5,77",18.3,69.98,85.95,JiaXipera МM1090Y,22,1
412,412100262049453030412,"70.5,72,75,76,77,79",18.5,70.17,86.14,JiaXipera МM1090Y,22,1
412,412100262049539070412,"75,77,80,81.5,83.5,80.5,82.5,84,83",21.9,73.35,89.33,JiaXipera МM1090Y,22,1
412,412100262049537220412,"73.5,75,75.5,73.5,76.5,75.5,75,76",15.6,67.45,83.42,JiaXipera МM1090Y,22,1
412,412100262049537250412,"68,71.5,73.5,72,73,75.5,73.5,74",15.5,67.36,83.32,JiaXipera МM1090Y,22,1
412,412100262049543990412,"72,73,77.5,78.5,78,77",18.3,69.98,85.95,JiaXipera МM1090Y,22,1
412,412100262049537310412,"67,68.5,71,72,74,73.5,74.5,73.5,75.5",15.8,67.64,83.61,JiaXipera МM1090Y,22,1
412,412100262049538840412,"74.5,75,78,78.5,80.5,80,79",20.4,71.94,87.92,JiaXipera МM1090Y,22,1
412,412100262049544480412,"68.5,69.5,73,74,75.5,75,75.5,74.5",17.6,69.32,85.29,JiaXipera МM1090Y,22,1
412,412100262049537320412,"67.5,72.5,75,74.5,75,75.5,77,75.5",15.8,67.64,83.61,JiaXipera МM1090Y,22,1
412,412100262049540830412,"70.5,74.5,77,78,79.5,78.5",18.1,69.79,85.76,JiaXipera МM1090Y,22,1
412,412100262049456120412,"70,71,74,74.5,75.5,75,75.5",19.3,70.91,86.89,JiaXipera МM1090Y,22,1
412,412100262049537330412,"66.5,71,73.5,74,75.5,75,75.5",15.6,67.45,83.42,JiaXipera МM1090Y,22,1
412,412100262049537340412,"67,69,71,72,73,74,73.5",15.7,67.55,83.51,JiaXipera МM1090Y,22,1
412,412100262049538290412,"67.5,70.5,72,72.5,73.5,74,75.5",13.1,65.11,81.07,JiaXipera МM1090Y,22,1
412,412100262049540360412,"71.5,73.5,76,75.5,76,77,78,76.5",19.1,70.73,86.7,JiaXipera МM1090Y,22,1
412,412100262049537380412,"69,69.5,74,76,75.5,77,75,76,77.5",15.5,67.36,83.32,JiaXipera МM1090Y,22,1
412,412100262049537400412,"67.5,69,72.5,71,72,73.5,72,73.5,74.5",15.2,67.08,83.04,JiaXipera МM1090Y,22,1
412,412100262049537430412,"67.5,70.5,71.5,72.5,70.5,72.5,71.5",15.1,66.98,82.95,JiaXipera МM1090Y,22,1
412,412100262049537610412,"66.5,69,71.5,75,76,75.5,73,75,75.5,75,75.5",15.4,67.27,83.23,JiaXipera МM1090Y,22,1
412,412100262049453790412,"69,71.5,73,75.5,76,77,76.5",17.7,69.42,85.39,JiaXipera МM1090Y,22,1
412,412100262049456170412,"69,74.5,75,77,77.5,78,77",19.1,70.73,86.7,JiaXipera МM1090Y,22,1
412,412100262049540720412,"67.5,68.5,71.5,72.5,73.5,74",18.2,69.88,85.86,JiaXipera МM1090Y,22,1
412,412100262049451870412,"64.5,70,72.5,75,74.5,75.5,75,76,75",19.4,71.01,86.98,JiaXipera МM1090Y,22,1
412,412100262049537530412,"68,69,72.5,74,76.5,77.5,76.5,77.5,80.5",15.5,67.36,83.32,JiaXipera МM1090Y,22,1
412,412100262049456020412,"70,70.5,77.5,77,75.5,78,79.5,80.5",19.4,71.01,86.98,JiaXipera МM1090Y,22,1
412,412100262049537550412,"67.5,71.5,73,72.5,73.5,75,76.5,74.5",15.2,67.08,83.04,JiaXipera МM1090Y,22,1
412,412100262049544230412,"62,68,70.5,73,72.5,74,74.5",18.3,69.98,85.95,JiaXipera МM1090Y,22,1
412,412100262049538040412,"64.5,68.5,71,68.5,70,71.5,70",14.2,66.14,82.1,JiaXipera МM1090Y,22,1
412,412100262049451540412,"67.5,70,74.5,73.5,74,75,76,75.5",16.9,68.67,84.64,JiaXipera МM1090Y,22,1
412,412100262049537590412,"70,73,73.5,72.5,74,73.5,75.5,74",15.4,67.27,83.23,JiaXipera МM1090Y,22,1
412,412100262049537600412,"69.5,71.5,73.5,74.5,74,73.5,73",15.3,67.17,83.14,JiaXipera МM1090Y,22,1
412,412100262049537650412,"68,70,71,71.5,72,72.5,73.5,74,73.5,75",14.8,66.7,82.67,JiaXipera МM1090Y,22,1
412,412100262049541620412,"74.5,75,78.5,77.5,78,79.5,81.5,80",20.3,71.85,87.83,JiaXipera МM1090Y,22,1
412,412100262049537660412,"65,66,68.5,71,71.5,73,72",14.8,66.7,82.67,JiaXipera МM1090Y,22,1
412,412100262049537700412,"65,68,71.5,74.5,74,75.5,75,74",14.8,66.7,82.67,JiaXipera МM1090Y,22,1
412,412100262049537730412,"66,68,71.5,74.5,74,75,75.5,74.5,76",14.9,66.8,82.76,JiaXipera МM1090Y,22,1
412,412100262049537740412,"68.5,68,69.5,71.5,72,71,72,72.5,74.5,74",14.9,66.8,82.76,JiaXipera МM1090Y,22,1
412,412100262049538350412,"66.5,66,68.5,69,69.5,70.5,69.5",13.3,65.3,81.26,JiaXipera МM1090Y,22,1
412,412100262049537750412,"70.5,74,75.5,76.5,76,77,76.5",15.6,67.45,83.42,JiaXipera МM1090Y,22,1
412,412100262049542220412,"66.5,71,73.5,74,75.5,76.5,77,76.5",20.5,72.04,88.01,JiaXipera МM1090Y,22,1
412,412100262049537760412,"69,70.5,71,75,75.5,76,74.5,76",14.8,66.7,82.67,JiaXipera МM1090Y,22,1
412,412100262049537780412,"66.5,63.5,66.5,69.5,72.5,72,71.5",14.9,66.8,82.76,JiaXipera МM1090Y,22,1
412,412100262049537830412,"69.5,72,73,72.5,74,73.5,72.5",14.8,66.7,82.67,JiaXipera МM1090Y,22,1
412,412100262049541630412,"73,75.5,77.5,78.5,79,80,82,81",20.1,71.66,87.64,JiaXipera МM1090Y,22,1
412,412100262049537860412,"68,73,73.5,74,74.5,75",14.8,66.7,82.67,JiaXipera МM1090Y,22,1
412,412100262049270300412,"75,77,79.5,81,82,83.5,81",14.7,66.61,82.57,JiaXipera МM1090Y,22,1
412,412100262049451360412,"71,74.5,75.5,76,77,75.5",17.0,68.76,84.73,JiaXipera МM1090Y,22,1
412,412100262049537870412,"63,68,68.5,69,70.5,71.5,72,70.5",14.8,66.7,82.67,JiaXipera МM1090Y,22,1
412,412100262049537880412,"65.5,68.5,69.5,72.5,74,74.5,73",14.9,66.8,82.76,JiaXipera МM1090Y,22,1
412,412100262049537890412,"68,69,71,73,74,74.5,74,76,75,76.5,75.5",15.5,67.36,83.32,JiaXipera МM1090Y,22,1
412,412100262049452590412,"74,77.5,80,80.5,81,83.5,82.5,82,83",18.9,70.54,86.51,JiaXipera МM1090Y,22,1
412,412100262049537230412,"74,75.5,74.5,76.5,75,76.5,77",15.7,67.55,83.51,JiaXipera МM1090Y,22,1
412,412100262049537900412,"69,71,74,77,76,75.5,75,74",14.8,66.7,82.67,JiaXipera МM1090Y,22,1
412,412100262049455470412,"69,74,77,78,79,80.5,80",17.0,68.76,84.73,JiaXipera МM1090Y,22,1
412,412100262049538590412,"66.5,71,77.5,78.5,78,79,80.5",20.5,72.04,88.01,JiaXipera МM1090Y,22,1
412,412100262049456900412,"68.5,72.5,75,76.5,77,78.5,78",18.1,69.79,85.76,JiaXipera МM1090Y,22,1
412,412100262049537930412,"67,68,70,71,71.5,70.5,71.5,71",14.5,66.42,82.39,JiaXipera МM1090Y,22,1
412,412100262049687690412,"71,73,74,74.5,76.5,76,78.5,77,78",16.4,68.2,84.17,JiaXipera МM1090Y,22,1
412,412100262049539500412,"71.5,76,78,78.5,77.5,78.5,80,78.5",21.2,72.69,88.67,JiaXipera МM1090Y,22,1
412,412100262049537950412,"68,69.5,72,73,71.5,73,73.5",14.4,66.33,82.29,JiaXipera МM1090Y,22,1
412,412100262049542110412,"73.5,74.5,77,76.5,76,77,76.5,78",20.7,72.22,88.2,JiaXipera МM1090Y,22,1
412,412100262049450980412,"66.5,70.5,75,75.5,76,77.5,77",17.4,69.14,85.11,JiaXipera МM1090Y,22,1
412,412100262049538020412,"67,66,70,73.5,73,74.5,75.5,75",14.4,66.33,82.29,JiaXipera МM1090Y,22,1
412,412100262049538050412,"68,66,68.5,71,71.5,72",14.2,66.14,82.1,JiaXipera МM1090Y,22,1
412,412100262049542360412,"71.5,74.5,77.5,79.5,79,78.5,81,78.5",20.2,71.76,87.73,JiaXipera МM1090Y,22,1
412,412100262049538080412,"68.5,69,72.5,74.5,73.5,74,73,75,74.5",14.1,66.05,82.01,JiaXipera МM1090Y,22,1
412,412100262049538090412,"66,69,70.5,72,70.5,71.5,72.5",14.1,66.05,82.01,JiaXipera МM1090Y,22,1
412,412100262049538100412,"63.5,64,69.5,71.5,71,72,73,73.5",14.0,65.96,81.92,JiaXipera МM1090Y,22,1
412,412100262049538140412,"67.5,69,67,70.5,71,72,73,72.5,72",13.8,65.77,81.73,JiaXipera МM1090Y,22,1
412,412100262049538150412,"68.5,70,70.5,71.5,72.5,73,74.5,73.5",13.8,65.77,81.73,JiaXipera МM1090Y,22,1
412,412100262049537800412,"67.5,68.5,71.5,72,71.5,72.5,73,72.5",14.8,66.7,82.67,JiaXipera МM1090Y,22,1
412,412100262049538200412,"67.5,70.5,71.5,72,73,71.5,73,74,77",14.1,66.05,82.01,JiaXipera МM1090Y,22,1
412,412100262049538210412,"65,66,69.5,71.5,72,72.5,73,72",13.5,65.49,81.45,JiaXipera МM1090Y,22,1
412,412100262049456480412,"72.5,81,81.5,83.5,83,84.5,83",18.7,70.35,86.33,JiaXipera МM1090Y,22,1
412,412100262049538240412,"63.5,69,68.5,67.5,68.5,70,71.5,71",13.5,65.49,81.45,JiaXipera МM1090Y,22,1
412,412100262049538250412,"64.5,64,65.5,68.5,69.5,71,72,73,72,72.5,71.5",13.4,65.39,81.35,JiaXipera МM1090Y,22,1
412,412100262049540700412,"73.5,74.5,76.5,75.5,77,77.5,76.5",18.2,69.88,85.86,JiaXipera МM1090Y,22,1
412,412100262049687350412,"71.5,73.5,76,75,76.5,78.5,77",15.3,67.17,83.14,JiaXipera МM1090Y,22,1
412,412100262049538260412,"66.5,68,72.5,71,74,72.5",13.3,65.3,81.26,JiaXipera МM1090Y,22,1
412,412100262049537370412,"67.5,69.5,71,74.5,73.5,75,73.5",15.3,67.17,83.14,JiaXipera МM1090Y,22,1
412,412100262049538300412,"60.5,65,67.5,69.5,70.5,71.5,72",13.0,65.02,80.98,JiaXipera МM1090Y,22,1
412,412100262049539930412,"74.5,80.5,79.5,81,80.5,82,80.5",20.7,72.22,88.2,JiaXipera МM1090Y,22,1
412,412100262049687590412,"71,75,76.5,76,77,76.5,77.5,77",16.3,68.11,84.07,JiaXipera МM1090Y,22,1
412,412100262049538320412,"65.5,68,71,73,72,72.5,72",12.9,64.93,80.88,JiaXipera МM1090Y,22,1
412,412100262049453840412,"67,73,76.5,78.5,79.5,78.5",17.7,69.42,85.39,JiaXipera МM1090Y,22,1
412,412100262049538340412,"63,67,69,71.5,72.5,71.5,71,72,73",13.4,65.39,81.35,JiaXipera МM1090Y,22,1
412,412100262049538360412,"63.5,68,72,71.5,72,71.5,72,72.5",13.4,65.39,81.35,JiaXipera МM1090Y,22,1
412,412100262049538380412,"69,70,69.5,70.5,71.5,71,71.5,70",13.4,65.39,81.35,JiaXipera МM1090Y,22,1
412,412100262049539150412,"74.5,79.5,80.5,81.5,82.5,83,81.5",21.7,73.16,89.14,JiaXipera МM1090Y,22,1
412,412100262049540240412,"72.5,76,78,78.5,79.5,80.5,79.5",19.5,71.1,87.08,JiaXipera МM1090Y,22,1
412,412100262049538410412,"66.5,67.5,70.5,71,71.5,72,72.5,71",12.6,64.65,80.6,JiaXipera МM1090Y,22,1
412,412100262049454350412,"65.5,64.5,67.5,72,73.5,74,75,75.5",17.3,69.04,85.01,JiaXipera МM1090Y,22,1
412,412100262049539300412,"71.5,76,78.5,78,80,81,82",21.5,72.97,88.95,JiaXipera МM1090Y,22,1
412,412100262049538420412,"67.5,68,71,69.5,70.5,71,71.5,70.5",12.9,64.93,80.88,JiaXipera МM1090Y,22,1
412,412100262049538450412,"62,63.5,67.5,69.5,71.5,69.5,69",12.3,64.37,80.32,JiaXipera МM1090Y,22,1
412,412100262049453300412,"68,72.5,74,77,76.5,77,77.5,78",18.3,69.98,85.95,JiaXipera МM1090Y,22,1
412,412100262049541030412,"65,71,72.5,74,75.5,76,75.5,76,75.5,76,77",17.3,69.04,85.01,JiaXipera МM1090Y,22,1
412,412100262049538470412,"67.5,69,71,70.5,72,70.5,70,69.5",12.3,64.37,80.32,JiaXipera МM1090Y,22,1
412,412100262049538550412,"68,73,75.5,78,78.5,80,79",20.4,71.94,87.92,JiaXipera МM1090Y,22,1
412,412100262049456780412,"68.5,74,78,78.5,79,78.5,80.5,79.5",18.5,70.17,86.14,JiaXipera МM1090Y,22,1
412,412100262049538570412,"69,70.5,75,75.5,76.5,76,78,77",20.4,71.94,87.92,JiaXipera МM1090Y,22,1
412,412100262049544370412,"69,76,78.5,77.5,78,79.5,80.5,79.5",18.0,69.7,85.67,JiaXipera МM1090Y,22,1
412,412100262049539060412,"74,77,80.5,81,81.5,82",21.9,73.35,89.33,JiaXipera МM1090Y,22,1
412,412100262049538610412,"73,76.5,77.5,77,79.5,80,79",20.5,72.04,88.01,JiaXipera МM1090Y,22,1
412,412100262049268680412,"68.5,72,76.5,75.5,74.5,76.5,77,75.5",16.8,68.58,84.54,JiaXipera МM1090Y,22,1
412,412100262049538620412,"72,75.5,79,78.5,78,79,80.5,82,78",20.4,71.94,87.92,JiaXipera МM1090Y,22,1
412,412100262049539240412,"74.5,81.5,83.5,84,84.5,85.5",21.6,73.07,89.05,JiaXipera МM1090Y,22,1
412,412100262049538640412,"70.5,73.5,76.5,78,77.5,78.5,80.5,79",20.4,71.94,87.92,JiaXipera МM1090Y,22,1
412,412100262049538660412,"65.5,68.5,72,75.5,74.5,75,76,76.5",20.4,71.94,87.92,JiaXipera МM1090Y,22,1
412,412100262049539530412,"73.5,74,77,79,80.5,78.5",21.9,73.35,89.33,JiaXipera МM1090Y,22,1
412,412100262049538690412,"70,73.5,76.5,77.5,77,80.5,79.5",20.3,71.85,87.83,JiaXipera МM1090Y,22,1
412,412100262049538700412,"68,72.5,73.5,75,76,77.5,77,78,79.5",20.4,71.94,87.92,JiaXipera МM1090Y,22,1
412,412100262049454720412,"71,74,76.5,79,78,80.5,79",17.2,68.95,84.92,JiaXipera МM1090Y,22,1
412,412100262049538740412,"72.5,71,76,76.5,77,77.5,79.5,79",20.4,71.94,87.92,JiaXipera МM1090Y,22,1
412,412100262049538760412,"75,76.5,80.5,79,79.5,80.5,82,81.5",20.4,71.94,87.92,JiaXipera МM1090Y,22,1
412,412100262049543640412,"71.5,69.5,73,73.5,73,74.5,74",15.9,67.73,83.7,JiaXipera МM1090Y,22,1
412,412100262049538790412,"73,71,75.5,77,80,79.5,78.5",20.3,71.85,87.83,JiaXipera МM1090Y,22,1
412,412100262049542920412,"64.5,67,68.5,74,73,74.5,73.5,75.5,76,76.5,75",17.9,69.6,85.57,JiaXipera МM1090Y,22,1
412,412100262049541180412,"69,68.5,74,73.5,73,74,75.5,73",16.6,68.39,84.36,JiaXipera МM1090Y,22,1
412,412100262049270310412,"71,73.5,74.5,78,76.5,77.5,76.5",14.6,66.52,82.48,JiaXipera МM1090Y,22,1
412,412100262049538800412,"73,79,81.5,82.5,83,83.5,83,83.5,84",20.4,71.94,87.92,JiaXipera МM1090Y,22,1
412,412100262049687630412,"67.5,72,74.5,75,74.5,75,76",16.2,68.01,83.98,JiaXipera МM1090Y,22,1
412,412100262049268540412,"68.5,70.5,73.5,74.5,75,75.5,76.5",17.0,68.76,84.73,JiaXipera МM1090Y,22,1
412,412100262049456440412,"74.5,75.5,78,79.5,80,79",18.8,70.45,86.42,JiaXipera МM1090Y,22,1
412,412100262049541920412,"72.5,71.5,75.5,77,76.5,78,77.5,75.5",21.1,72.6,88.58,JiaXipera МM1090Y,22,1
412,412100262049538820412,"70,73.5,75.5,76.5,78,77.5,78.5,77.5",20.4,71.94,87.92,JiaXipera МM1090Y,22,1
412,412100262049537820412,"65,66,71.5,72.5,74.5,75.5,74",14.6,66.52,82.48,JiaXipera МM1090Y,22,1
412,412100262049539450412,"75,78,81.5,81,81.5,83.5,82",21.7,73.16,89.14,JiaXipera МM1090Y,22,1
412,412100262049538830412,"74,77,78.5,79,79.5,80",20.3,71.85,87.83,JiaXipera МM1090Y,22,1
412,412100262049537510412,"64,69,70.5,72,73,75,73.5,74.5",15.2,67.08,83.04,JiaXipera МM1090Y,22,1
412,412100262049454620412,"69.5,74.5,76.5,78,77,79,80,79.5",17.6,69.32,85.29,JiaXipera МM1090Y,22,1
412,412100262049541510412,"77.5,83,82.5,81.5,84.5,85.5,84.5",20.2,71.76,87.73,JiaXipera МM1090Y,22,1
412,412100262049454250412,"66.5,68.5,71,71.5,72,73,73.5,75.5",17.5,69.23,85.2,JiaXipera МM1090Y,22,1
412,412100262049451620412,"66.5,71.5,71,71.5,72,72.5",16.7,68.48,84.45,JiaXipera МM1090Y,22,1
412,412100262049538850412,"74.5,77.5,79.5,81,80.5,81,82,81.5",20.4,71.94,87.92,JiaXipera МM1090Y,22,1
412,412100262049538860412,"73,75.5,78.5,79.5,80,80.5",20.4,71.94,87.92,JiaXipera МM1090Y,22,1
412,412100262049541330412,"72,71.5,78.5,79.5,80.5,80,81,81.5,82.5",20.3,71.85,87.83,JiaXipera МM1090Y,22,1
412,412100262049538900412,"70.5,80,81,79.5,80.5,82,82.5",20.3,71.85,87.83,JiaXipera МM1090Y,22,1
412,412100262049540800412,"69,71.5,73.5,76,76.5,77.5,77,76",18.2,69.88,85.86,JiaXipera МM1090Y,22,1
412,412100262049537540412,"66,71,75.5,76,77,75,77,77.5",15.5,67.36,83.32,JiaXipera МM1090Y,22,1
412,412100262049538910412,"74,74.5,77.5,77,78,80.5,78",20.3,71.85,87.83,JiaXipera МM1090Y,22,1
412,412100262049540410412,"68.5,67.5,74.5,76,77.5,76.5,78,77.5,79",19.0,70.63,86.61,JiaXipera МM1090Y,22,1
412,412100262049538920412,"71.5,73.5,77,76,78.5,77.5,79,79.5",20.4,71.94,87.92,JiaXipera МM1090Y,22,1
412,412100262049539990412,"71.5,71,76,76.5,78.5,78",20.2,71.76,87.73,JiaXipera МM1090Y,22,1
412,412100262049544410412,"69,74,77,77.5,77,77.5,78.5,75.5",18.0,69.7,85.67,JiaXipera МM1090Y,22,1
412,412100262049538940412,"73.5,75,78,79,78.5,79,80.5,81,79.5",20.3,71.85,87.83,JiaXipera МM1090Y,22,1
412,412100262049539180412,"76,81.5,83.5,85.5,84,86,85",21.7,73.16,89.14,JiaXipera МM1090Y,22,1
412,412100262049451060412,"68.5,73.5,76.5,75,76.5,77",17.4,69.14,85.11,JiaXipera МM1090Y,22,1
412,412100262049540630412,"66,74,75,74,72.5,75,76,75",18.4,70.07,86.04,JiaXipera МM1090Y,22,1
412,412100262049451760412,"72,73.5,75.5,76.5,77,77.5,78.5,79",19.5,71.1,87.08,JiaXipera МM1090Y,22,1
412,412100262049538950412,"64.5,66.5,71,72,73,74.5,75,75.5",20.3,71.85,87.83,JiaXipera МM1090Y,22,1
412,412100262049539020412,"74.5,80,81,82.5,82,83,82.5,83.5",21.9,73.35,89.33,JiaXipera МM1090Y,22,1
412,412100262049539050412,"78.5,79,82.5,83.5,82,83.5,85,84",21.9,73.35,89.33,JiaXipera МM1090Y,22,1
412,412100262049539080412,"76,79.5,82,81,81.5,82,83.5,82.5",21.9,73.35,89.33,JiaXipera МM1090Y,22,1
412,412100262049455720412,"69.5,71.5,72.5,75,74,74.5,75",16.3,68.11,84.07,JiaXipera МM1090Y,22,1
412,412100262049541820412,"75,80,81,82,83,82.5",21.3,72.78,88.76,JiaXipera МM1090Y,22,1
412,412100262049539120412,"70.5,77.5,79.5,80.5,82,82.5,82",21.8,73.25,89.23,JiaXipera МM1090Y,22,1
412,412100262049539130412,"74,77.5,81,82.5,83,82.5,83,83.5,85,83,83.5,83,82.5,83.5,84",21.8,73.25,89.23,JiaXipera МM1090Y,22,1
412,412100262049539160412,"70,75.5,77,79,80,80.5",21.7,73.16,89.14,JiaXipera МM1090Y,22,1
412,412100262049541320412,"75,76.5,79,80,81.5,82,83,82",20.4,71.94,87.92,JiaXipera МM1090Y,22,1
412,412100262049539170412,"75,80,81,82,82.5,84.5,84",21.7,73.16,89.14,JiaXipera МM1090Y,22,1
412,412100262049539190412,"72,76.5,77,79,80,81,80.5",21.7,73.16,89.14,JiaXipera МM1090Y,22,1
412,412100262049538710412,"76,77,80.5,81,82,81.5,83.5,82.5",20.4,71.94,87.92,JiaXipera МM1090Y,22,1
412,412100262049539210412,"73,78,79.5,80.5,81.5,83.5,83,82.5",21.6,73.07,89.05,JiaXipera МM1090Y,22,1
412,412100262049539250412,"65.5,70.5,74.5,75,76,76.5,78,77",21.6,73.07,89.05,JiaXipera МM1090Y,22,1
412,412100262049687640412,"67,70,75,74,73,73.5,76,74",16.1,67.92,83.89,JiaXipera МM1090Y,22,1
412,412100262049540040412,"72,74.5,78.5,79,81,79.5",20.1,71.66,87.64,JiaXipera МM1090Y,22,1
412,412100262049540820412,"72,75,78,79,80,81",18.1,69.79,85.76,JiaXipera МM1090Y,22,1
412,412100262049455740412,"70,73,73.5,74.5,73.5,75.5,75,76",16.4,68.2,84.17,JiaXipera МM1090Y,22,1
412,412100262049539270412,"75.5,76.5,81.5,83,82.5,83.5,85,84.5",21.5,72.97,88.95,JiaXipera МM1090Y,22,1
412,412100262049541070412,"67,68.5,71.5,72,72.5,73.5,73",17.5,69.23,85.2,JiaXipera МM1090Y,22,1
412,412100262049539310412,"72.5,77,79,80.5,79.5,81.5,82.5,81",21.5,72.97,88.95,JiaXipera МM1090Y,22,1
412,412100262049456830412,"74,75,77,78,78.5,79.5,81.5,80",18.3,69.98,85.95,JiaXipera МM1090Y,22,1
412,412100262049538630412,"72,74,75,75.5,77,78,77",20.4,71.94,87.92,JiaXipera МM1090Y,22,1
412,412100262049539330412,"72,77,78.5,79.5,79,80.5,82,81",21.4,72.88,88.86,JiaXipera МM1090Y,22,1
412,412100262049269120412,"72.5,74,76,77,77.5,78.5,79",14.7,66.61,82.57,JiaXipera МM1090Y,22,1
412,412100262049539350412,"73,78,79,80,80.5,82.5,82",21.4,72.88,88.86,JiaXipera МM1090Y,22,1
412,412100262049539360412,"71,78,79,80,81,81.5,81,82,82.5",21.4,72.88,88.86,JiaXipera МM1090Y,22,1
412,412100262049539390412,"67.5,75,77.5,77,78.5,78,80.5,79",21.3,72.78,88.76,JiaXipera МM1090Y,22,1
412,412100262049542600412,"72,75,79,77.5,78.5,79,79.5,80",19.6,71.19,87.17,JiaXipera МM1090Y,22,1
412,412100262049540260412,"70.5,71.5,74.5,76,76.5,78.5,80",19.4,71.01,86.98,JiaXipera МM1090Y,22,1
412,412100262049538190412,"60.5,62,66.5,69.5,70",13.6,65.58,81.54,JiaXipera МM1090Y,22,1
412,412100262049539410412,"76.5,81.5,82,82.5,84,83.5,84,85.5",21.5,72.97,88.95,JiaXipera МM1090Y,22,1
412,412100262049539470412,"73.5,76.5,80,81,81.5,84,84.5",21.5,72.97,88.95,JiaXipera МM1090Y,22,1
412,412100262049539540412,"72.5,74.5,80,78.5,77,78.5,79,78",21.1,72.6,88.58,JiaXipera МM1090Y,22,1
412,412100262049541520412,"73.5,74,78,79,80.5,81,80",20.2,71.76,87.73,JiaXipera МM1090Y,22,1
412,412100262049456590412,"77,79,81,79.5,80.5,79,82.5,81",18.4,70.07,86.04,JiaXipera МM1090Y,22,1
412,412100262049539570412,"68.5,69.5,71.5,74.5,75.5,75",21.1,72.6,88.58,JiaXipera МM1090Y,22,1
412,412100262049454390412,"71,72,73,74,74.5,75,75.5,76",17.3,69.04,85.01,JiaXipera МM1090Y,22,1
412,412100262049539650412,"73.5,79.5,81,81.5,82,82.5,83.5,84",21.1,72.6,88.58,JiaXipera МM1090Y,22,1
412,412100262049542570412,"72.5,75,77.5,79,78,79.5,79,78.5",19.7,71.29,87.26,JiaXipera МM1090Y,22,1
412,412100262049539660412,"72,78.5,80.5,80,80.5,81,82.5,81",21.1,72.6,88.58,JiaXipera МM1090Y,22,1
412,412100262049456810412,"67.5,71.5,73,75.5,75,77.5,76,77.5,76",18.4,70.07,86.04,JiaXipera МM1090Y,22,1
412,412100262049539670412,"74,77,80.5,81,81.5,80.5,83,84,83.5",21.0,72.5,88.48,JiaXipera МM1090Y,22,1
412,412100262049539680412,"68,74.5,78.5,80,81.5,82,83",21.0,72.5,88.48,JiaXipera МM1090Y,22,1
412,412100262049543120412,"69.5,70.5,74,74.5,75.5,76.5,76",17.3,69.04,85.01,JiaXipera МM1090Y,22,1
412,412100262049539700412,"69.5,76.5,80,80.5,81,81.5,83.5,82.5",21.0,72.5,88.48,JiaXipera МM1090Y,22,1
412,412100262049543430412,"67,70.5,72.5,73,73.5,75.5,76.5,75.5",16.6,68.39,84.36,JiaXipera МM1090Y,22,1
412,412100262049539710412,"69,74.5,79.5,80,79,81,80.5",20.9,72.41,88.39,JiaXipera МM1090Y,22,1
412,412100262049539720412,"69,77.5,78.5,80.5,81,83,82.5",20.9,72.41,88.39,JiaXipera МM1090Y,22,1
412,412100262049540850412,"71,73.5,76.5,76,77.5,77",18.0,69.7,85.67,JiaXipera МM1090Y,22,1
412,412100262049539780412,"70,72,77.5,80.5,81,82,82.5,82",20.7,72.22,88.2,JiaXipera МM1090Y,22,1
412,412100262049453570412,"68.5,70.5,76,76.5,78,77,76,75.5,76.5",17.4,69.14,85.11,JiaXipera МM1090Y,22,1
412,412100262049539810412,"73.5,77.5,78.5,81,80,81.5,80.5,80,81",20.7,72.22,88.2,JiaXipera МM1090Y,22,1
412,412100262049544050412,"68.5,72.5,73.5,76.5,76,75.5,76,75",18.3,69.98,85.95,JiaXipera МM1090Y,22,1
412,412100262049541740412,"71,73.5,75.5,76.5,77,78,78.5,79",21.4,72.88,88.86,JiaXipera МM1090Y,22,1
412,412100262049455440412,"68,73.5,77,76.5,78,77.5,79,71.5",17.0,68.76,84.73,JiaXipera МM1090Y,22,1
412,412100262049539820412,"71,76.5,77.5,79.5,79,78,80,81",20.7,72.22,88.2,JiaXipera МM1090Y,22,1
412,412100262049539850412,"68.5,69.5,75.5,77,78.5,78,79,77.5,79",20.7,72.22,88.2,JiaXipera МM1090Y,22,1
412,412100262049454430412,"62.5,67,70.5,71.5,72,73,71.5,73.5",17.0,68.76,84.73,JiaXipera МM1090Y,22,1
412,412100262049537210412,"66.5,65.5,70.5,72.5,73,74,74.5,75,74",15.6,67.45,83.42,JiaXipera МM1090Y,22,1
412,412100262049539860412,"71,74,77,77.5,78.5,78,79.5,81",20.7,72.22,88.2,JiaXipera МM1090Y,22,1
412,412100262049539870412,"74.5,79,80,81,82",20.7,72.22,88.2,JiaXipera МM1090Y,22,1
412,412100262049544730412,"66.5,70.5,74.5,76,77.5,78.5,77",17.8,69.51,85.48,JiaXipera МM1090Y,22,1
412,412100262049453860412,"67,72.5,76.5,75,77.5,76.5,75.5,74,77.5",17.5,69.23,85.2,JiaXipera МM1090Y,22,1
412,412100262049541840412,"75,79.5,80.5,80,81.5,81,80.5,82.5,81.5",21.3,72.78,88.76,JiaXipera МM1090Y,22,1
412,412100262049539880412,"76,74,75.5,77,78,78.5,79.5,81",20.7,72.22,88.2,JiaXipera МM1090Y,22,1
412,412100262049541090412,"72.5,73,77,78.5,79,78,79",17.1,68.86,84.82,JiaXipera МM1090Y,22,1
412,412100262049539110412,"70,76.5,79,80,81,81.5,82.5,81,79.5",21.8,73.25,89.23,JiaXipera МM1090Y,22,1
412,412100262049539890412,"71.5,78,81.5,81,81.5,82,81,83",20.7,72.22,88.2,JiaXipera МM1090Y,22,1
412,412100262049539920412,"74.5,80,79,80,79,79.5,80.5,80,80.5,81",20.8,72.32,88.3,JiaXipera МM1090Y,22,1
412,412100262049539940412,"72,76,77,80,79.5,80,80.5,79.5",20.7,72.22,88.2,JiaXipera МM1090Y,22,1
412,412100262049542050412,"73,76,77,77.5,77,79,80",20.8,72.32,88.3,JiaXipera МM1090Y,22,1
412,412100262049540490412,"71,74.5,76.5,78.5,79.5,78.5,80.5,76.5",18.8,70.45,86.42,JiaXipera МM1090Y,22,1
412,412100262049543970412,"69,72,75,78.5,80,80.5",18.4,70.07,86.04,JiaXipera МM1090Y,22,1
412,412100262049269060412,"73.5,75,78.5,77.5,78.5,80.5,79",14.9,66.8,82.76,JiaXipera МM1090Y,22,1
412,412100262049539960412,"70,75,75.5,78.5,79.5,81,80.5",20.2,71.76,87.73,JiaXipera МM1090Y,22,1
412,412100262049538810412,"74.5,77,80,80.5,82,82.5,83.5",20.3,71.85,87.83,JiaXipera МM1090Y,22,1
412,412100262049540000412,"69.5,73,75,76,75.5,75,76,76.5,76",20.2,71.76,87.73,JiaXipera МM1090Y,22,1
412,412100262049538130412,"67,69,72,72.5,74,71,71.5",14.0,65.96,81.92,JiaXipera МM1090Y,22,1
412,412100262049540010412,"71,74,75,76.5,75.5,77,78",20.1,71.66,87.64,JiaXipera МM1090Y,22,1
412,412100262049540020412,"71.5,76.5,80,79.5,80,79,79.5,80",20.0,71.57,87.54,JiaXipera МM1090Y,22,1
412,412100262049543950412,"68.5,73.5,75,75.5,76,78,77,79",18.3,69.98,85.95,JiaXipera МM1090Y,22,1
412,412100262049540070412,"74,69.5,76,76.5,78,77.5,78,79",20.0,71.57,87.54,JiaXipera МM1090Y,22,1
412,412100262049456690412,"73,75,77.5,77,78.5,79.5,79,81.5",18.5,70.17,86.14,JiaXipera МM1090Y,22,1
412,412100262049540090412,"70,74,77,78.5,79.5,78",19.9,71.48,87.45,JiaXipera МM1090Y,22,1
412,412100262049540100412,"70.5,73,75.5,76.5,78,80,79,78,79",19.8,71.38,87.36,JiaXipera МM1090Y,22,1
412,412100262049540110412,"67.5,70.5,72,73.5,74.5,75.5,75",19.8,71.38,87.36,JiaXipera МM1090Y,22,1
412,412100262049539040412,"72.5,77.5,80,80.5,81,82.5,80.5,82.5",21.9,73.35,89.33,JiaXipera МM1090Y,22,1
412,412100262049542120412,"71.5,75,78,76.5,78,79,79.5,81",20.7,72.22,88.2,JiaXipera МM1090Y,22,1
412,412100262049687520412,"62,66,68.5,69.5,70.5,72,72.5,73",15.1,66.98,82.95,JiaXipera МM1090Y,22,1
412,412100262049540170412,"67,73,75.5,77,79,78.5",19.8,71.38,87.36,JiaXipera МM1090Y,22,1
412,412100262049540190412,"74,79.5,80,80.5,81.5,80,82,81.5",19.7,71.29,87.26,JiaXipera МM1090Y,22,1
412,412100262049540230412,"70,75,77.5,76.5,78.5,77.5,79,78.5",19.5,71.1,87.08,JiaXipera МM1090Y,22,1
412,412100262049540250412,"72.5,73,76.5,78.5,78,79.5,80,80.5",19.5,71.1,87.08,JiaXipera МM1090Y,22,1
412,412100262049540300412,"66,73.5,76.5,78,77.5,79,80.5",19.3,70.91,86.89,JiaXipera МM1090Y,22,1
412,412100262049544400412,"67.5,73,75,74.5,76,74.5,74,76",18.0,69.7,85.67,JiaXipera МM1090Y,22,1
412,412100262049540310412,"74,76,78,77,79,80,79.5,81.5,81",19.2,70.82,86.79,JiaXipera МM1090Y,22,1
412,412100262049269490412,"71.5,72.5,74.5,75.5,76.5,77,76",14.6,66.52,82.48,JiaXipera МM1090Y,22,1
412,412100262049540500412,"75,76,78,78.5,79.5,80,81.5,78",18.8,70.45,86.42,JiaXipera МM1090Y,22,1
412,412100262049540320412,"71,74,75,79,80,78.5",19.2,70.82,86.79,JiaXipera МM1090Y,22,1
412,412100262049451150412,"70.5,71.5,73,75.5,76.5,77,77.5,79,77",17.3,69.04,85.01,JiaXipera МM1090Y,22,1
412,412100262049540400412,"72,76,80,79.5,81.5,83,81.5",18.9,70.54,86.51,JiaXipera МM1090Y,22,1
412,412100262049452640412,"72.5,74.5,77.5,77,78,77.5,80.5,78.5",18.8,70.45,86.42,JiaXipera МM1090Y,22,1
412,412100262049540420412,"72,75,77.5,79,78.5,79.5,81,79.5",18.8,70.45,86.42,JiaXipera МM1090Y,22,1
412,412100262049455480412,"69.5,73.5,76,76.5,77.5,76,78,76.5",16.8,68.58,84.54,JiaXipera МM1090Y,22,1
412,412100262049542190412,"73,74.5,77.5,78,78.5,79,78,80,81",20.5,72.04,88.01,JiaXipera МM1090Y,22,1
412,412100262049539950412,"71,76.5,79.5,80.5,81,80.5,81.5,80.5",20.8,72.32,88.3,JiaXipera МM1090Y,22,1
412,412100262049540430412,"71.5,74,75,76,77,79.5,77.5",18.9,70.54,86.51,JiaXipera МM1090Y,22,1
412,412100262049540440412,"71.5,69.5,73.5,76.5,77,78,77.5,78,79.5,79,80",18.9,70.54,86.51,JiaXipera МM1090Y,22,1
412,412100262049544800412,"67.5,72.5,74.5,75.5,75,76,75.5",17.7,69.42,85.39,JiaXipera МM1090Y,22,1
412,412100262049541430412,"74.5,78,81.5,79,79.5,81.5,81",20.3,71.85,87.83,JiaXipera МM1090Y,22,1
412,412100262049540470412,"72.5,75.5,78,79,79.5,80.5,77",19.2,70.82,86.79,JiaXipera МM1090Y,22,1
412,412100262049454920412,"70.5,73,75.5,76.5,76,76.5,78",17.1,68.86,84.82,JiaXipera МM1090Y,22,1
412,412100262049540480412,"71.5,77,80,78.5,78,79.5,80.5,79.5",18.8,70.45,86.42,JiaXipera МM1090Y,22,1
412,412100262049269540412,"72.5,76.5,78.5,79.5,80,79.5",15.3,67.17,83.14,JiaXipera МM1090Y,22,1
412,412100262049540510412,"74.5,75,76.5,77.5,78.5,79,78",18.6,70.26,86.23,JiaXipera МM1090Y,22,1
412,412100262049540540412,"69,72.5,75,75.5,77,76,77,76.5",18.5,70.17,86.14,JiaXipera МM1090Y,22,1
412,412100262049541500412,"74,78,81,80.5,81,80,81.5",20.2,71.76,87.73,JiaXipera МM1090Y,22,1
412,412100262049540550412,"69,74.5,76.5,76,77.5,79,80.5,78.5",18.5,70.17,86.14,JiaXipera МM1090Y,22,1
412,412100262049540890412,"65.5,75.5,73.5,76,76.5,77.5,77",17.9,69.6,85.57,JiaXipera МM1090Y,22,1
412,412100262049540590412,"71.5,74,77,78,79,81,78.5",18.5,70.17,86.14,JiaXipera МM1090Y,22,1
412,412100262049540600412,"69.5,74,77,75.5,76,75,77,75.5,77.5",18.4,70.07,86.04,JiaXipera МM1090Y,22,1
412,412100262049540620412,"71,72.5,75,74.5,75.5,76,76.5,77",18.3,69.98,85.95,JiaXipera МM1090Y,22,1
412,412100262049453150412,"69,75,76.5,77,76,76.5",18.3,69.98,85.95,JiaXipera МM1090Y,22,1
412,412100262049540640412,"73,73.5,77,77.5,78,79,77.5",18.4,70.07,86.04,JiaXipera МM1090Y,22,1
412,412100262049540650412,"71.5,75,77.5,78,79,81",18.3,69.98,85.95,JiaXipera МM1090Y,22,1
412,412100262049540660412,"70,71,75,78,77,76.5,76,75.5",18.2,69.88,85.86,JiaXipera МM1090Y,22,1
412,412100262049540930412,"66,68,72,74,73.5,75.5,74.5",17.7,69.42,85.39,JiaXipera МM1090Y,22,1
412,412100262049539430412,"77,79.5,81.5,80.5,82,82.5,84.5,83",21.6,73.07,89.05,JiaXipera МM1090Y,22,1
412,412100262049269980412,"73.5,74,77,77.5,78,76.5",15.1,66.98,82.95,JiaXipera МM1090Y,22,1
412,412100262049540710412,"70.5,71.5,73,75,75.5,76,76.5,74",18.2,69.88,85.86,JiaXipera МM1090Y,22,1
412,412100262049540840412,"69.5,73.5,76.5,77,78,79,78.5,79",18.1,69.79,85.76,JiaXipera МM1090Y,22,1
412,412100262049540900412,"65.5,70,73,73.5,74,75,76",17.8,69.51,85.48,JiaXipera МM1090Y,22,1
412,412100262049540910412,"73,71.5,75.5,76,75.5,77,75,77",17.7,69.42,85.39,JiaXipera МM1090Y,22,1
412,412100262049540920412,"67,70.5,73.5,75,77.5,76.5,78,76",17.8,69.51,85.48,JiaXipera МM1090Y,22,1
412,412100262049541050412,"64,66,70,71.5,72,72.5,72,73,74",17.3,69.04,85.01,JiaXipera МM1090Y,22,1
412,412100262049687620412,"71,73.5,76.5,77,77.5,78,78.5,75.5",16.2,68.01,83.98,JiaXipera МM1090Y,22,1
412,412100262049541000412,"70,70.5,73,74.5,76,75,76.5,76",17.5,69.23,85.2,JiaXipera МM1090Y,22,1
412,412100262049541010412,"64.5,67.5,68,70.5,72.5,73,74.5,72.5",17.4,69.14,85.11,JiaXipera МM1090Y,22,1
412,412100262049452910412,"70,74,75.5,76.5,78,80,79.5,80",18.9,70.54,86.51,JiaXipera МM1090Y,22,1
412,412100262049541020412,"67,72,74,74.5,75.5,76,76.5,76",17.4,69.14,85.11,JiaXipera МM1090Y,22,1
412,412100262049539690412,"71.5,76,79.5,82.5,82,83,84,82",20.9,72.41,88.39,JiaXipera МM1090Y,22,1
412,412100262049541040412,"65,71.5,76,75.5,76,77.5,77",17.3,69.04,85.01,JiaXipera МM1090Y,22,1
412,412100262049541060412,"69.5,72.5,77,77.5,79.5,78,77.5,79",17.2,68.95,84.92,JiaXipera МM1090Y,22,1
412,412100262049543850412,"65.5,73,75.5,77.5,78.5,79,81.5,80",18.4,70.07,86.04,JiaXipera МM1090Y,22,1
412,412100262049451720412,"69,73,76,77,78.5,77.5,79,80",19.4,71.01,86.98,JiaXipera МM1090Y,22,1
412,412100262049539030412,"75,79.5,82.5,84,85.5,81.5",21.9,73.35,89.33,JiaXipera МM1090Y,22,1
412,412100262049541080412,"65,66.5,69,69.5,71,70,70.5,72",17.2,68.95,84.92,JiaXipera МM1090Y,22,1
412,412100262049542460412,"71.5,77.5,79,80,78,80,77.5",19.9,71.48,87.45,JiaXipera МM1090Y,22,1
412,412100262049454470412,"71,70.5,73.5,74,75.5,73.5",16.9,68.67,84.64,JiaXipera МM1090Y,22,1
412,412100262049541110412,"69.5,74,77,78,77.5,79,78,78.5",17.0,68.76,84.73,JiaXipera МM1090Y,22,1
412,412100262049541120412,"66,66.5,68,72.5,74,75",16.9,68.67,84.64,JiaXipera МM1090Y,22,1
412,412100262049541130412,"67.5,68.5,71,73,73.5,75,75.5,76.5",16.9,68.67,84.64,JiaXipera МM1090Y,22,1
412,412100262049541140412,"64,69.5,71,73,77,76.5,78.5,78",16.8,68.58,84.54,JiaXipera МM1090Y,22,1
412,412100262049541880412,"70.5,71,76,76.5,76,76.5,78,78.5",21.2,72.69,88.67,JiaXipera МM1090Y,22,1
412,412100262049541190412,"71.5,76,77,78.5,77,78,79,78.5",16.5,68.29,84.26,JiaXipera МM1090Y,22,1
412,412100262049454710412,"67,70.5,73.5,75.5,74.5,77.5,78,77",17.2,68.95,84.92,JiaXipera МM1090Y,22,1
412,412100262049268890412,"73,72.5,74.5,76,78,78.5,78",15.5,67.36,83.32,JiaXipera МM1090Y,22,1
412,412100262049542000412,"74,77,77.5,79.5,79,80,81",20.9,72.41,88.39,JiaXipera МM1090Y,22,1
412,412100262049541220412,"68,69.5,73.5,73,74,75,74",16.6,68.39,84.36,JiaXipera МM1090Y,22,1
412,412100262049268640412,"68.5,73.5,76.5,76,75,77,76",16.7,68.48,84.45,JiaXipera МM1090Y,22,1
412,412100262049537910412,"66,70,69.5,71.5,72.5,71,73,71.5",14.7,66.61,82.57,JiaXipera МM1090Y,22,1
412,412100262049541240412,"65,67.5,71.5,73,73.5,74,73.5,73,74",17.3,69.04,85.01,JiaXipera МM1090Y,22,1
412,412100262049541270412,"72.5,74,78,79,78.5,81,80.5",20.4,71.94,87.92,JiaXipera МM1090Y,22,1
412,412100262049541290412,"74.5,78,79.5,80,80.5,79,81,81.5",20.4,71.94,87.92,JiaXipera МM1090Y,22,1
412,412100262049541300412,"77,78,84.5,82.5,84.5,86,84.5",20.4,71.94,87.92,JiaXipera МM1090Y,22,1
412,412100262049539480412,"73.5,78,78.5,79,81,80.5",21.3,72.78,88.76,JiaXipera МM1090Y,22,1
412,412100262049537360412,"67.5,68,71.5,73,72,73.5,72.5,72,72.5",15.6,67.45,83.42,JiaXipera МM1090Y,22,1
412,412100262049541310412,"74,78,80,80.5,83,84,82.5",20.3,71.85,87.83,JiaXipera МM1090Y,22,1
412,412100262049542420412,"73.5,77.5,80,81,82,81.5",20.2,71.76,87.73,JiaXipera МM1090Y,22,1
412,412100262049541340412,"73,76,78.5,78,79,81,79,81",20.4,71.94,87.92,JiaXipera МM1090Y,22,1
412,412100262049539560412,"72,74,76.5,78,80,79",21.1,72.6,88.58,JiaXipera МM1090Y,22,1
412,412100262049537670412,"66,67.5,73.5,74.5,76,74.5,76.5,77",14.8,66.7,82.67,JiaXipera МM1090Y,22,1
412,412100262049541350412,"71,79,76.5,77,77.5,79.5,78.5",20.4,71.94,87.92,JiaXipera МM1090Y,22,1
412,412100262049541370412,"73.5,76.5,79,78.5,80,80.5",20.4,71.94,87.92,JiaXipera МM1090Y,22,1
412,412100262049541440412,"76.5,79,74.5",20.2,71.76,87.73,JiaXipera МM1090Y,22,1
412,412100262049455430412,"70,75.5,77.5,78.5,79.5,80,81,80",17.1,68.86,84.82,JiaXipera МM1090Y,22,1
412,412100262049454520412,"64,71.5,72,75.5,74,73,75,73.5",17.4,69.14,85.11,JiaXipera МM1090Y,22,1
412,412100262049541450412,"74,80,81.5,80,78.5,82,82.5,82,81.5",20.2,71.76,87.73,JiaXipera МM1090Y,22,1
412,412100262049541490412,"73,78.5,79,81.5,80,82,81.5",20.2,71.76,87.73,JiaXipera МM1090Y,22,1
412,412100262049541530412,"75.5,78,81,81.5,80,81,82.5,81.5",20.2,71.76,87.73,JiaXipera МM1090Y,22,1
412,412100262049541550412,"72,78,81,81.5,84,84.5,83,81",20.1,71.66,87.64,JiaXipera МM1090Y,22,1
412,412100262049541560412,"74.5,77,79,79.5,79,78.5",20.2,71.76,87.73,JiaXipera МM1090Y,22,1
412,412100262049541580412,"72.5,74,76,77.5,79.5,78.5",20.1,71.66,87.64,JiaXipera МM1090Y,22,1
412,412100262049541590412,"68,74.5,77,76.5,77,78,77.5",20.1,71.66,87.64,JiaXipera МM1090Y,22,1
412,412100262049538030412,"67.5,69.5,71,71.5,73,73.5,74.5",14.3,66.24,82.2,JiaXipera МM1090Y,22,1
412,412100262049541600412,"71,73.5,77,76.5,77,78.5,79,78.5",20.1,71.66,87.64,JiaXipera МM1090Y,22,1
412,412100262049453000412,"72,73.5,77,78,78.5,80.5,79.5,80",18.4,70.07,86.04,JiaXipera МM1090Y,22,1
412,412100262049456950412,"64.5,67.5,72.5,73,74,72.5,74,73.5",18.0,69.7,85.67,JiaXipera МM1090Y,22,1
412,412100262049541650412,"74,72,76,77,78.5,78,79.5,79",20.1,71.66,87.64,JiaXipera МM1090Y,22,1
412,412100262049541660412,"69.5,70.5,72.5,74.5,75,76,76.5",20.2,71.76,87.73,JiaXipera МM1090Y,22,1
412,412100262049541670412,"70,72,74.5,76.5,77,77.5,77",20.2,71.76,87.73,JiaXipera МM1090Y,22,1
412,412100262049453470412,"71.5,73.5,76.5,77.5,77,77.5,79,78.5",17.9,69.6,85.57,JiaXipera МM1090Y,22,1
412,412100262049541680412,"72.5,76.5,78.5,79,79.5,81.5,82",20.2,71.76,87.73,JiaXipera МM1090Y,22,1
412,412100262049543760412,"66,68.5,72,74,73,72,74.5,72",16.2,68.01,83.98,JiaXipera МM1090Y,22,1
412,412100262049541760412,"73,77.5,79,79.5,81.5,81,82.5,82",21.4,72.88,88.86,JiaXipera МM1090Y,22,1
412,412100262049541770412,"73,75.5,79,79.5,80.5,79.5",21.4,72.88,88.86,JiaXipera МM1090Y,22,1
412,412100262049687120412,"71,75,77,78.5,78,78.5,79,79.5,81,79.5",15.7,67.55,83.51,JiaXipera МM1090Y,22,1
412,412100262049454050412,"69,74.5,76,75.5,76.5,77.5,78,78.5",17.3,69.04,85.01,JiaXipera МM1090Y,22,1
412,412100262049541790412,"67,71,73,74.5,75.5,76.5,75.5",20.1,71.66,87.64,JiaXipera МM1090Y,22,1
412,412100262049539750412,"74,77,77.5,78,80.5,81,82.5",20.8,72.32,88.3,JiaXipera МM1090Y,22,1
412,412100262049541830412,"65,72.5,75.5,76,77,79,80.5,80",21.3,72.78,88.76,JiaXipera МM1090Y,22,1
412,412100262049537270412,"67.5,72.5,74.5,77,76,75.5,77.5,77",15.4,67.27,83.23,JiaXipera МM1090Y,22,1
412,412100262049542020412,"71,71.5,74.5,75,77,78",20.8,72.32,88.3,JiaXipera МM1090Y,22,1
412,412100262049541850412,"70,67.5,70,75.5,77,76,76.5,77,78",21.3,72.78,88.76,JiaXipera МM1090Y,22,1
412,412100262049454640412,"69,74,76,77,77.5,78,79,78.5",17.4,69.14,85.11,JiaXipera МM1090Y,22,1
412,412100262049542350412,"71.5,74,79.5,79,80.5,81,80,79.5",20.3,71.85,87.83,JiaXipera МM1090Y,22,1
412,412100262049541870412,"71.5,76,77,76.5,78,79,80.5,78.5",21.2,72.69,88.67,JiaXipera МM1090Y,22,1
412,412100262049268860412,"74,75.5,79.5,81.5,81,81.5,82.5,81",15.6,67.45,83.42,JiaXipera МM1090Y,22,1
412,412100262049542040412,"72,72.5,74,76.5,77.5,78,80,79.5",20.7,72.22,88.2,JiaXipera МM1090Y,22,1
412,412100262049541910412,"74.5,78,79.5,81,81.5,82.5,83,84.5",21.0,72.5,88.48,JiaXipera МM1090Y,22,1
412,412100262049454610412,"68.5,69.5,70.5,71,74,73,74.5,77",17.6,69.32,85.29,JiaXipera МM1090Y,22,1
412,412100262049542010412,"73,77,79.5,80.5,79,81.5,82.5",20.8,72.32,88.3,JiaXipera МM1090Y,22,1
412,412100262049542090412,"68.5,72.5,74.5,76,75.5,77,77.5",20.7,72.22,88.2,JiaXipera МM1090Y,22,1
412,412100262049542140412,"70,71.5,73,75,76,75.5,77.5,76.5",20.7,72.22,88.2,JiaXipera МM1090Y,22,1
412,412100262049543700412,"70,77,77.5,77,78.5,79.5,80,79.5",18.9,70.54,86.51,JiaXipera МM1090Y,22,1
412,412100262049542150412,"70,73,77,76.5,77,78.5,78",21.0,72.5,88.48,JiaXipera МM1090Y,22,1
412,412100262049687490412,"64,69.5,72,73,73.5,74.5",15.2,67.08,83.04,JiaXipera МM1090Y,22,1
412,412100262049456540412,"71.5,73.5,74,75,76,75",18.6,70.26,86.23,JiaXipera МM1090Y,22,1
412,412100262049542170412,"70.5,74.5,76,78,77.5,78,78.5",21.4,72.88,88.86,JiaXipera МM1090Y,22,1
412,412100262049452890412,"67.5,70.5,72,74,75,75.5,75,76,76.5",19.0,70.63,86.61,JiaXipera МM1090Y,22,1
412,412100262049542180412,"66.5,70.5,77,78,79,77.5",21.1,72.6,88.58,JiaXipera МM1090Y,22,1
412,412100262049542200412,"67.5,74.5,78,78.5,78,79,81.5,80.5",20.5,72.04,88.01,JiaXipera МM1090Y,22,1
412,412100262049542500412,"69.5,77,79,79.5,80,81,80.5",19.8,71.38,87.36,JiaXipera МM1090Y,22,1
412,412100262049540940412,"68,70,71.5,74,75,75.5,76,76.5",17.7,69.42,85.39,JiaXipera МM1090Y,22,1
412,412100262049542270412,"74.5,75.5,78.5,79,79.5,79,80,81.5",20.5,72.04,88.01,JiaXipera МM1090Y,22,1
412,412100262049538780412,"71,76.5,78.5,79.5,81,80.5",20.4,71.94,87.92,JiaXipera МM1090Y,22,1
412,412100262049542290412,"76,77.5,80,82,81.5,83,81.5",20.5,72.04,88.01,JiaXipera МM1090Y,22,1
412,412100262049539640412,"72,71.5,76.5,77.5,77,78,79.5,77.5",21.2,72.69,88.67,JiaXipera МM1090Y,22,1
412,412100262049542300412,"75.5,77,80.5,82.5,81,82,84,83",20.5,72.04,88.01,JiaXipera МM1090Y,22,1
412,412100262049542340412,"75,79.5,81.5,82.5,83.5,83",20.4,71.94,87.92,JiaXipera МM1090Y,22,1
412,412100262049542370412,"73,77.5,79,78.5,81,79",20.2,71.76,87.73,JiaXipera МM1090Y,22,1
412,412100262049544660412,"69,70,72,73.5,75,76.5,77.5,78.5,79.5,81,80.5,81,79.5,81,80,81,79,80.5,79.5,80",18.1,69.79,85.76,JiaXipera МM1090Y,22,1
412,412100262049542400412,"72,75.5,78,76.5,78.5,79,80.5,80",20.1,71.66,87.64,JiaXipera МM1090Y,22,1
412,412100262049455600412,"68,71.5,74.5,73,73.5,73,75,75.5,66.5",16.7,68.48,84.45,NS,NS,0
412,412100262049544620412,"65,67,73.5,74.5,75.5,74.5,76,64.5",18.2,69.88,85.86,NS,NS,0
412,412100262049455970412,"72,72.5,72,69,69.5,70,68.5",19.2,70.82,86.79,NS,NS,0
412,412100262049456510412,"72,80,81,81.5,83.5,85.5,86.5",18.7,70.35,86.33,NS,NS,0
412,412100262049269130412,"74.5,79,81.5,84,84.5,83.5,84.5,84",14.7,66.61,82.57,NS,NS,0
999,999999,"77.8,77.7,76.6,76.6,78.6,29.0",9.5,999.0,999.0,999,999,0
999,999999,"73.2,73.1,73.0,74.9,74.9,82.2",10.2,999.0,999.0,999,999,0
999,999999,"106.0,107.2,105.5,105.0,108.4,112.4,111.2,111.8",10.1,999.0,999.0,999,999,0
999,999999,"105.3,103.8,105.8,144.4,110.4,110.3,113.3",9.8,999.0,999.0,999,999,0
999,999999,"73.8,77.6,29.4,75.9,78.7,79.9",9.9,999.0,999.0,999,999,0
999,999999,"71.9,71.4,73.9,75.0,73.7,70.4,72.9",10.9,999.0,999.0,999,999,0
999,999999,"87.2,87.1,92.8,96.8,95.4",10.3,999.0,999.0,999,999,0
999,999999,"80.9,83.0,84.0,84.8,86.2",10.6,999.0,999.0,999,999,0
999,999999,"94.9,119.2,93.4,94.4,94.8,92.9,94.3,93.5,92.2",11.3,999.0,999.0,999,999,0
999,999999,"71.6,71.7,73.2,73.4,75.9,76.8,78.0,79.3",11.3,999.0,999.0,999,999,0
999,999999,"96.6,98.1,97.6,99.0,99.0,98.1,99.3,104.8,104.5,105.3",10.7,999.0,999.0,999,999,0
999,999999,"67.4,71.2,74.1,74.1,74.3,73.3,185.1,80.2,80.1,78.8",10.7,999.0,999.0,999,999,0
999,999999,"90.4,90.3,90.2,89.6,89.7,90.2",11.1,999.0,999.0,999,999,0
999,999999,"92.9,96.4,93.9,95.1,95.9,96.0,97.3",11.0,999.0,999.0,999,999,0
999,999999,"80.5,84.0,84.3,83.5,83.7,82.5,86.3,89.7,92.0",11.3,999.0,999.0,999,999,0
999,999999,"97.1,99.8,101.1,102.3,102.8,102.0,102.0",11.2,999.0,999.0,999,999,0
999,999999,"20.2,67.3,70.5,69.8,75.2",11.8,999.0,999.0,999,999,0
999,999999,"93.1,92.5,92.2,93.1,94.2,96.8",11.4,999.0,999.0,999,999,0
999,999999,"59.1,61.6,62.9,65.9,66.8,69.4,70.1,73.0",11.8,999.0,999.0,999,999,0
999,999999,"91.4,93.7,94.3,96.4,93.6",12.4,999.0,999.0,999,999,0
999,999999,"108.4,110.1,112.0,112.7,112.5,112.0,113.4,117.6,119.9",11.9,999.0,999.0,999,999,0
999,999999,"64.2,63.6,65.8,66.1,71.0,70.1,72.1,75.0,76.4",12.4,999.0,999.0,999,999,0
999,999999,"107.7,104.5,109.3,108.9,114.5,114.4,112.2,113.3,110.4,111.5",12.5,999.0,999.0,999,999,0
999,999999,"93.4,95.6,96.7,96.8,98.3,102.4,103.1,105.5,103.7",12.2,999.0,999.0,999,999,0
999,999999,"81.4,83.8,83.1,87.9,89.6,91.2,88.7,87.0,94.7",12.4,999.0,999.0,999,999,0
999,999999,"75.1,77.4,76.1,79.9,78.5,81.9",12.7,999.0,999.0,999,999,0
999,999999,"94.3,95.4,96.9,97.7,99.4,99.7,102.5",12.4,999.0,999.0,999,999,0
999,999999,"117.0,107.2,108.8,107.4,110.0",12.9,999.0,999.0,999,999,0
999,999999,"96.4,136.8,98.9,104.0,104.5,104.2,104.1",13.1,999.0,999.0,999,999,0
999,999999,"73.9,76.3,78.0,79.0,79.5,81.1",13.3,999.0,999.0,999,999,0
999,999999,"75.2,77.0,75.7,76.0,78.7,133.7,79.7,79.8",13.1,999.0,999.0,999,999,0
999,999999,"110.3,110.6,111.6,111.6,110.3,110.4,112.2,112.7,110.3,116.6",12.9,999.0,999.0,999,999,0
999,999999,"67.5,67.0,66.4,67.9,69.1,72.1",13.0,999.0,999.0,999,999,0
999,999999,"107.1,107.8,109.2,116.3,117.3,116.0,114.7",13.4,999.0,999.0,999,999,0
999,999999,"71.0,72.0,73.5,75.1,76.8,78.3,79.6,79.4,78.3,78.7",13.4,999.0,999.0,999,999,0
999,999999,"74.2,76.2,77.9,79.6,79.6,81.4",13.3,999.0,999.0,999,999,0
999,999999,"97.3,95.6,96.8,94.5,95.0",13.9,999.0,999.0,999,999,0
999,999999,"68.6,70.0,69.5,74.9,74.5,75.6,75.8",13.3,999.0,999.0,999,999,0
999,999999,"77.8,78.2,80.5,78.9,80.7,84.7,83.1",13.6,999.0,999.0,999,999,0
999,999999,"74.0,71.8,71.7,72.7,74.5,71.3,70.6,70.8,74.7",13.9,999.0,999.0,999,999,0
999,999999,"100.0,102.8,104.7,104.7,105.6,108.2,109.2",13.6,999.0,999.0,999,999,0
999,999999,"80.5,82.2,85.2,86.9,138.4,25.8,85.8,86.0",14.2,999.0,999.0,999,999,0
999,999999,"74.9,76.7,80.2,79.1,76.6",14.3,999.0,999.0,999,999,0
999,999999,"76.0,79.1,81.3,145.9,85.7,87.0",14.2,999.0,999.0,999,999,0
999,999999,"102.8,106.9,110.4,111.7,113.3",14.8,999.0,999.0,999,999,0
999,999999,"69.6,70.2,70.8,72.5,72.1,71.8",15.0,999.0,999.0,999,999,0
999,999999,"129.6,90.2,89.5,91.7,92.2,92.7,95.9",14.4,999.0,999.0,999,999,0
999,999999,"95.2,93.8,96.0,99.8,99.6,102.0,102.1,100.5,104.6",14.8,999.0,999.0,999,999,0
999,999999,"83.9,83.6,84.8,85.6,91.0,95.3,95.9",14.8,999.0,999.0,999,999,0
999,999999,"71.5,73.0,74.7,80.0,82.0",14.9,999.0,999.0,999,999,0
999,999999,"112.2,115.0,119.7,121.0,119.6,121.0,121.6,119.8,122.8",14.7,999.0,999.0,999,999,0
999,999999,"72.6,71.8,74.3,74.3,74.0,76.2,76.3,74.6,71.8,29.9",15.4,999.0,999.0,999,999,0
999,999999,"69.6,69.7,71.1,69.6,70.8,73.2,75.9",15.5,999.0,999.0,999,999,0
999,999999,"101.0,99.2,98.1,98.3,101.0,101.8,104.3",14.8,999.0,999.0,999,999,0
999,999999,"89.2,89.6,89.7,88.6,91.0",15.9,999.0,999.0,999,999,0
999,999999,"53.8,58.9,60.9,129.3,66.3,66.4,69.9,74.6,75.2",15.7,999.0,999.0,999,999,0
999,999999,"70.3,72.3,73.5,71.7,71.8,71.2",15.9,999.0,999.0,999,999,0
999,999999,"89.9,90.6,91.4,94.9,94.9,98.5,98.7,97.6,98.8",15.6,999.0,999.0,999,999,0
999,999999,"93.8,97.5,96.9,96.1,99.0,99.1,97.8,99.4",15.5,999.0,999.0,999,999,0
999,999999,"73.7,76.5,28.7,78.5,76.5,78.8",15.7,999.0,999.0,999,999,0
999,999999,"21.6,63.7,65.5,65.7,69.7,70.8,70.2,160.7",15.6,999.0,999.0,999,999,0
999,999999,"73.5,74.6,76.2,79.5,81.9,81.3,85.3,86.2,91.4",16.3,999.0,999.0,999,999,0
999,999999,"95.2,95.6,96.6,100.3,103.0,102.8,101.4,104.4,105.8,103.9",16.0,999.0,999.0,999,999,0
999,999999,"192.8,68.3,72.5,76.2,78.4,78.7,79.8,80.0,78.8",16.1,999.0,999.0,999,999,0
999,999999,"73.6,76.2,76.0,79.3,79.3,79.1,82.0",16.5,999.0,999.0,999,999,0
999,999999,"112.7,113.6,128.9,114.5,115.0,117.0,114.9",16.7,999.0,999.0,999,999,0
999,999999,"96.3,94.9,21.3,95.4,94.3,95.0,95.7,95.2,94.8",16.7,999.0,999.0,999,999,0
999,999999,"107.3,108.9,110.1,109.6,109.3,111.7,110.5",16.6,999.0,999.0,999,999,0
999,999999,"97.2,173.0,100.0,102.2,100.9,99.6,104.7",16.4,999.0,999.0,999,999,0
999,999999,"75.5,80.2,80.2,81.1,80.8,82.6,81.1,85.0",16.5,999.0,999.0,999,999,0
999,999999,"111.7,113.3,115.4,119.4,117.8",17.3,999.0,999.0,999,999,0
999,999999,"112.0,62.1,63.0,63.8,64.9,63.9,65.5,66.7,69.5,71.0",16.9,999.0,999.0,999,999,0
999,999999,"74.9,76.4,77.7,78.8,78.1,79.6,80.8,82.6",17.4,999.0,999.0,999,999,0
999,999999,"95.9,100.6,101.9,103.9,103.3",17.4,999.0,999.0,999,999,0
999,999999,"105.3,106.0,108.4,110.4,24.2,107.9,108.7",17.6,999.0,999.0,999,999,0
999,999999,"104.3,104.3,105.0,104.9,106.0,103.6,170.9,103.4,101.5",17.7,999.0,999.0,999,999,0
999,999999,"87.7,89.6,90.1,91.0,95.3,95.0,98.0,99.4,100.1",17.7,999.0,999.0,999,999,0
999,999999,"64.4,66.1,69.7,70.7,70.8",17.5,999.0,999.0,999,999,0
999,999999,"63.0,65.8,67.0,67.3,69.0,73.1,74.1",17.5,999.0,999.0,999,999,0
999,999999,"100.3,103.8,102.9,104.6,107.1,110.3,107.7",18.1,999.0,999.0,999,999,0
999,999999,"84.2,84.3,85.1,87.0,86.5,86.8,87.3,86.6,87.7",18.0,999.0,999.0,999,999,0
999,999999,"80.7,79.6,81.1,82.6,84.7",17.7,999.0,999.0,999,999,0
999,999999,"73.0,74.6,74.8,75.9,78.1,79.4,80.6,85.4,85.0",18.3,999.0,999.0,999,999,0
999,999999,"98.5,97.8,99.4,100.6,104.2,105.2,107.8,109.0,111.1,113.5",18.0,999.0,999.0,999,999,0
999,999999,"27.1,94.0,95.2,95.5,106.0",18.6,999.0,999.0,999,999,0
999,999999,"86.4,85.4,85.4,87.5,86.6",18.7,999.0,999.0,999,999,0
999,999999,"77.3,78.9,81.0,79.6,80.8,79.0,79.5,83.9,83.5,81.6",18.8,999.0,999.0,999,999,0
999,999999,"103.6,103.7,103.9,104.6,104.3,107.0,110.2,109.1",18.7,999.0,999.0,999,999,0
999,999999,"145.8,117.5,119.0,118.5,120.0",18.5,999.0,999.0,999,999,0
999,999999,"87.6,88.8,89.4,90.1,91.3,92.1",18.9,999.0,999.0,999,999,0
999,999999,"96.1,95.3,95.5,95.2,98.7",19.1,999.0,999.0,999,999,0
999,999999,"118.1,118.8,116.8,117.4,118.2",19.4,999.0,999.0,999,999,0
999,999999,"78.5,77.3,80.9,83.1,82.7,88.6,89.1",19.3,999.0,999.0,999,999,0
999,999999,"98.9,99.1,105.2,104.9,104.2,106.5,108.2,111.9,114.6",18.9,999.0,999.0,999,999,0
999,999999,"102.4,100.5,101.7,103.9,103.9,105.2,103.8,103.4,104.3",19.2,999.0,999.0,999,999,0
999,999999,"67.4,72.7,74.1,75.0,73.3,75.1,75.2,74.2,74.7,74.4",19.8,999.0,999.0,999,999,0
999,999999,"107.9,107.4,159.2,107.9,109.9,110.0,110.7,111.2,111.5,117.8",19.3,999.0,999.0,999,999,0
999,999999,"111.3,112.4,114.5,118.8,198.8",19.3,999.0,999.0,999,999,0
999,999999,"106.9,108.3,108.1,110.7,112.2,114.3,117.1,116.4,118.7,119.7",19.6,999.0,999.0,999,999,0
999,999999,"55.1,61.7,63.6,64.8,67.5,69.5,71.3,72.1,74.5",19.4,999.0,999.0,999,999,0
999,999999,"104.5,104.6,102.7,105.4,107.7,106.3,105.0,109.3",20.4,999.0,999.0,999,999,0
999,999999,"68.8,70.6,72.7,72.7,73.2,74.7,76.0",20.1,999.0,999.0,999,999,0
999,999999,"73.4,76.0,76.9,76.9,76.3,77.8,78.2,78.9",20.1,999.0,999.0,999,999,0
999,999999,"60.3,60.6,63.4,65.7,66.6,69.6,69.3,71.7,73.6",20.1,999.0,999.0,999,999,0
999,999999,"77.0,78.0,79.0,85.8,83.9,86.2",20.1,999.0,999.0,999,999,0
999,999999,"75.8,76.8,78.2,80.3,83.0,81.3",20.2,999.0,999.0,999,999,0
999,999999,"77.8,78.4,79.2,80.6,82.1,84.6",20.9,999.0,999.0,999,999,0
999,999999,"76.3,74.6,75.0,76.4,78.9,81.3,198.7,82.7,82.6,83.3",20.6,999.0,999.0,999,999,0
999,999999,"72.9,73.8,72.5,74.1,74.3,72.6,71.3,77.8",20.6,999.0,999.0,999,999,0
999,999999,"77.1,78.2,79.2,81.5,82.3",21.4,999.0,999.0,999,999,0
999,999999,"78.9,79.2,80.2,80.2,81.2",21.1,999.0,999.0,999,999,0
999,999999,"87.1,89.4,90.8,92.0,93.4,90.8,90.4,91.7,93.6,98.5",21.3,999.0,999.0,999,999,0
999,999999,"68.6,68.3,67.5,67.2,71.3,72.4,78.3,79.0,80.1",21.5,999.0,999.0,999,999,0
999,999999,"67.6,68.0,70.9,68.9,71.7,74.2",21.1,999.0,999.0,999,999,0
999,999999,"110.5,112.3,113.0,116.1,117.2,118.9,120.2,119.0,119.7,118.3",21.7,999.0,999.0,999,999,0
999,999999,"96.3,95.5,96.0,95.4,93.2,95.8,95.5,93.3",21.9,999.0,999.0,999,999,0
999,999999,"94.8,96.2,97.8,100.4,99.1,103.3,104.8,105.6",21.1,999.0,999.0,999,999,0
999,999999,"63.8,67.1,67.1,69.0,74.0,75.5,76.8,77.8,78.9,79.8",21.9,999.0,999.0,999,999,0
999,999999,"80.3,82.0,81.8,83.3,84.1",21.7,999.0,999.0,999,999,0
999,999999,"76.1,77.5,77.4,79.2,77.7,79.8",22.4,999.0,999.0,999,999,0
999,999999,"84.7,84.3,84.9,86.0,87.4,89.6,90.3,90.7,92.2,107.0",22.5,999.0,999.0,999,999,0
999,999999,"72.1,72.8,76.9,78.1,82.3,81.9",21.8,999.0,999.0,999,999,0
999,999999,"88.9,89.3,89.8,90.9,97.8,100.6,100.5,101.2",21.9,999.0,999.0,999,999,0
999,999999,"79.8,80.2,84.9,85.1,89.8,91.1,96.7",21.8,999.0,999.0,999,999,0
999,999999,"88.8,89.4,90.5,94.0,94.5,96.4,99.4,96.8,96.5,101.7",22.8,999.0,999.0,999,999,0
999,999999,"69.3,76.5,77.8,81.9,83.6,83.5,85.2,86.2",22.3,999.0,999.0,999,999,0
999,999999,"103.1,104.5,106.2,107.3,105.4,106.8,110.0,110.1",22.5,999.0,999.0,999,999,0
999,999999,"67.6,67.8,70.0,74.3,76.9,75.5",22.6,999.0,999.0,999,999,0
999,999999,"90.6,90.4,91.8,92.0,94.6,96.3,99.3,98.2",22.8,999.0,999.0,999,999,0
999,999999,"106.3,106.8,107.6,112.5,119.8",23.2,999.0,999.0,999,999,0
999,999999,"88.5,90.5,93.8,96.2,96.5,98.3,97.0",23.2,999.0,999.0,999,999,0
999,999999,"113.0,113.9,111.6,109.9,108.5,109.8,113.8,114.4,117.3,118.3",22.7,999.0,999.0,999,999,0
999,999999,"66.9,66.0,66.6,68.9,70.2",23.2,999.0,999.0,999,999,0
999,999999,"90.2,90.2,92.5,95.2,94.0,98.3,98.7,98.1,98.7",23.5,999.0,999.0,999,999,0
999,999999,"81.3,81.9,83.6,84.9,84.8,87.0,91.2",23.4,999.0,999.0,999,999,0
999,999999,"98.7,101.1,104.1,104.8,103.5,103.0,103.0,102.7,100.4",23.9,999.0,999.0,999,999,0
999,999999,"104.8,108.2,112.5,112.7,115.7,114.6,114.1,117.3,120.0",23.7,999.0,999.0,999,999,0
999,999999,"113.0,111.9,109.8,108.5,108.4,109.9",23.8,999.0,999.0,999,999,0
999,999999,"92.0,92.9,95.4,95.9,96.2,98.2",24.2,999.0,999.0,999,999,0
999,999999,"74.9,75.0,76.8,78.5,79.1,80.7,79.1,82.1",23.8,999.0,999.0,999,999,0
999,999999,"100.3,103.3,103.3,106.1,108.2",24.0,999.0,999.0,999,999,0
999,999999,"99.8,101.2,102.1,102.3,104.6,109.9,109.5,112.0,111.0",24.5,999.0,999.0,999,999,0
999,999999,"87.8,89.4,90.5,91.2,94.4,97.8,96.3,133.0,104.7,102.2",24.6,999.0,999.0,999,999,0
999,999999,"184.3,89.6,92.0,95.2,94.3",24.3,999.0,999.0,999,999,0
999,999999,"79.8,132.2,75.8,74.9,75.2,80.0,80.8,81.9,84.8,87.3",24.8,999.0,999.0,999,999,0
999,999999,"73.0,76.7,77.6,78.4,77.1",24.7,999.0,999.0,999,999,0
999,999999,"96.9,98.5,97.5,99.1,105.1,111.5,112.1,113.2,116.2",24.7,999.0,999.0,999,999,0
999,999999,"114.8,117.9,120.5,117.5,117.4",24.7,999.0,999.0,999,999,0
999,999999,"73.2,76.4,82.7,83.8,83.1",24.7,999.0,999.0,999,999,0
999,999999,"85.4,87.9,87.8,88.8,96.2,96.0,96.9",25.4,999.0,999.0,999,999,0
999,999999,"80.6,80.1,84.2,85.4,86.1,87.6,85.7",25.1,999.0,999.0,999,999,0
999,999999,"81.3,80.8,81.0,81.6,83.7",24.7,999.0,999.0,999,999,0
999,999999,"88.7,86.9,175.4,89.3,90.4,89.3,91.3,93.2,95.6,97.0",24.9,999.0,999.0,999,999,0
999,999999,"85.7,87.2,87.6,88.9,89.3,91.5,92.1",25.3,999.0,999.0,999,999,0
999,999999,"107.7,109.9,113.3,116.5,117.8,117.1,19.4,117.2,117.7",25.6,999.0,999.0,999,999,0
999,999999,"91.0,90.9,93.4,176.2,96.3,94.7,101.3,99.6,102.2,103.2",25.0,999.0,999.0,999,999,0
999,999999,"92.8,95.5,94.2,97.6,97.2",26.1,999.0,999.0,999,999,0
999,999999,"73.4,72.1,73.4,73.6,75.6,75.8,77.1,81.7,86.0",26.1,999.0,999.0,999,999,0
999,999999,"93.6,92.3,94.7,98.4,101.5,102.8,102.5,102.6,103.2",26.0,999.0,999.0,999,999,0
999,999999,"69.3,73.2,74.3,73.8,72.5,77.4,79.7,81.8,82.1,83.3",25.4,999.0,999.0,999,999,0
999,999999,"89.4,107.4,88.1,89.2,87.4,88.0,87.7,87.9",25.8,999.0,999.0,999,999,0
999,999999,"93.4,94.2,118.0,98.8,100.2",26.2,999.0,999.0,999,999,0
999,999999,"85.2,85.0,82.7,83.8,84.7,83.7,89.6",26.4,999.0,999.0,999,999,0
999,999999,"76.5,76.6,78.0,78.7,78.7,81.4,81.7",25.9,999.0,999.0,999,999,0
999,999999,"97.8,99.2,99.2,101.2,101.7,105.1,105.5,103.9,111.9,112.4",26.6,999.0,999.0,999,999,0
999,999999,"79.6,77.8,78.0,79.4,80.8",26.9,999.0,999.0,999,999,0
999,999999,"89.1,90.9,88.8,89.8,92.3,93.7,91.9",26.3,999.0,999.0,999,999,0
999,999999,"112.5,114.6,115.3,123.4,115.1,116.5",26.4,999.0,999.0,999,999,0
999,999999,"98.1,101.7,103.1,103.1,105.6,107.9,110.1,110.8,110.7,110.5",26.7,999.0,999.0,999,999,0
999,999999,"105.2,103.5,195.9,105.5,103.2,104.6,104.0",27.3,999.0,999.0,999,999,0
999,999999,"85.4,86.2,86.4,87.5,86.4,88.8,91.1,92.2,98.0,99.4",27.4,999.0,999.0,999,999,0
999,999999,"72.4,75.9,77.0,77.5,81.2,81.9,82.5,84.4,84.4",27.2,999.0,999.0,999,999,0
999,999999,"119.8,118.0,118.4,115.9,114.9,112.6,113.5,116.4,113.0",27.0,999.0,999.0,999,999,0
999,999999,"83.1,85.2,88.4,90.0,87.9",27.6,999.0,999.0,999,999,0
999,999999,"85.7,84.6,85.9,87.2,88.4,89.3",27.3,999.0,999.0,999,999,0
999,999999,"97.7,99.8,102.4,102.9,105.9",27.2,999.0,999.0,999,999,0
999,999999,"68.3,68.4,68.6,73.5,75.0,71.1,72.2,71.7,79.2",27.5,999.0,999.0,999,999,0
999,999999,"105.5,106.5,107.2,107.6,107.9,109.5,109.4,113.4,114.0,116.4",27.5,999.0,999.0,999,999,0
999,999999,"68.5,71.5,72.3,74.6,75.3,77.0,78.9,78.9,78.9,79.3",27.8,999.0,999.0,999,999,0
999,999999,"98.4,97.2,103.2,104.2,105.7",28.4,999.0,999.0,999,999,0
999,999999,"74.8,74.0,76.4,77.9,80.1,79.2,80.1,80.0,80.1,81.1",28.0,999.0,999.0,999,999,0
999,999999,"96.3,95.0,128.8,97.5,98.6,104.1,105.2,107.9,108.3",28.4,999.0,999.0,999,999,0
999,999999,"93.7,92.8,97.5,99.2,100.8,99.4,100.5,100.3,97.2,97.3",27.8,999.0,999.0,999,999,0
999,999999,"71.2,71.3,71.0,72.2,74.9,76.1,77.7,78.5,79.5,80.2",28.7,999.0,999.0,999,999,0
999,999999,"74.7,82.3,85.6,86.1,86.2",27.9,999.0,999.0,999,999,0
999,999999,"70.3,22.4,74.7,75.1,74.0,73.7,75.2,77.4,78.1,81.0",29.0,999.0,999.0,999,999,0
999,999999,"128.9,108.9,108.3,108.7,107.6,109.0",28.6,999.0,999.0,999,999,0
999,999999,"103.6,102.2,105.4,105.5,106.2,106.7,111.4,111.1,113.4,113.9",29.1,999.0,999.0,999,999,0
999,999999,"68.2,70.9,73.0,75.6,76.3,77.9,78.0,82.8,85.5,87.5",28.8,999.0,999.0,999,999,0
999,999999,"72.2,73.1,76.0,79.8,81.7,86.4,86.4,87.6,86.3",29.1,999.0,999.0,999,999,0
999,999999,"100.8,101.3,103.4,104.7,106.9,108.0,109.3,108.4",29.4,999.0,999.0,999,999,0
999,999999,"79.3,83.7,83.1,89.6,88.5,25.2,89.7",28.8,999.0,999.0,999,999,0
999,999999,"67.6,67.9,69.5,69.9,71.1,73.0,74.3",29.3,999.0,999.0,999,999,0
999,999999,"105.6,107.2,107.7,111.3,112.3,113.5",28.8,999.0,999.0,999,999,0
999,999999,"70.2,65.3,68.1,68.5,70.6,72.1",29.7,999.0,999.0,999,999,0
999,999999,"87.3,87.6,90.7,96.0,97.8,97.0,97.6,101.8",29.6,999.0,999.0,999,999,0
999,999999,"87.3,87.3,87.8,87.9,86.5,91.2,92.3,91.6,93.7",29.5,999.0,999.0,999,999,0
999,999999,"97.7,101.2,103.0,104.5,104.9,106.0,103.9",29.9,999.0,999.0,999,999,0
999,999999,"102.2,100.4,105.4,105.1,109.6",29.9,999.0,999.0,999,999,0
999,999999,"106.2,104.4,104.3,104.9,108.6,110.9,110.5,125.9,113.3,115.3",29.5,999.0,999.0,999,999,0
999,999999,"61.8,63.2,64.9,63.8,64.6,66.6,68.9,69.3,70.2",29.6,999.0,999.0,999,999,0
999,999999,"85.8,87.5,87.2,88.7,87.5,89.7,94.1,94.0",29.9,999.0,999.0,999,999,0
999,999999,"67.6,68.2,71.4,71.0,70.6,138.8,71.3",30.1,999.0,999.0,999,999,0
999,999999,"82.6,83.5,83.8,84.2,86.5,87.4,84.6,86.8",30.6,999.0,999.0,999,999,0
999,999999,"92.1,93.3,95.7,96.7,184.0,94.9",30.0,999.0,999.0,999,999,0
999,999999,"77.7,76.6,77.3,78.2,78.3,78.6,80.9,82.5,83.0",31.0,999.0,999.0,999,999,0
999,999999,"71.7,73.6,75.8,74.3,76.8,78.2,82.7",30.6,999.0,999.0,999,999,0
999,999999,"67.0,66.5,71.8,72.5,74.7,76.3",31.0,999.0,999.0,999,999,0
999,999999,"108.6,108.2,106.2,107.0,108.5,108.1,110.6",30.8,999.0,999.0,999,999,0
999,999999,"76.8,77.0,80.9,78.9,82.0,81.8,84.5",30.9,999.0,999.0,999,999,0
999,999999,"70.2,72.5,74.4,75.9,78.5,80.3,80.4,82.4",31.1,999.0,999.0,999,999,0
999,999999,"96.9,95.9,29.8,96.3,98.0,101.1,101.4",31.1,999.0,999.0,999,999,0
999,999999,"106.2,107.1,107.2,176.3,112.3,114.1,114.5,115.7,117.1",30.8,999.0,999.0,999,999,0
999,999999,"81.3,81.9,82.0,81.0,81.9,83.5,135.4,84.9,84.2",31.1,999.0,999.0,999,999,0
999,999999,"73.0,71.6,70.5,70.3,71.4,71.6",31.6,999.0,999.0,999,999,0
999,999999,"88.1,89.0,86.1,90.0,91.2,91.5,89.7",31.4,999.0,999.0,999,999,0
999,999999,"83.2,83.2,86.1,87.4,88.5,90.5,92.7",32.1,999.0,999.0,999,999,0
999,999999,"84.3,88.1,90.0,88.9,88.8,92.1,94.3,95.4,94.7,98.2",31.2,999.0,999.0,999,999,0
999,999999,"81.2,82.4,84.0,84.7,85.5,85.3,83.4",32.1,999.0,999.0,999,999,0
999,999999,"89.0,86.0,87.9,89.1,89.9,93.5,95.7,95.9",32.1,999.0,999.0,999,999,0
999,999999,"106.0,109.2,111.7,110.2,110.4,113.1,111.7,111.8,111.7",31.8,999.0,999.0,999,999,0
999,999999,"85.7,86.4,89.7,89.8,89.0,93.1,98.0,99.0,99.7",32.3,999.0,999.0,999,999,0
999,999999,"80.1,101.4,81.9,17.2,84.4",32.3,999.0,999.0,999,999,0
999,999999,"102.7,105.0,106.9,109.6,114.6",32.6,999.0,999.0,999,999,0
999,999999,"90.5,90.1,123.4,88.6,87.5",32.2,999.0,999.0,999,999,0
999,999999,"90.1,89.7,89.7,87.6,87.5,88.8,90.2,90.6",32.6,999.0,999.0,999,999,0
999,999999,"100.9,102.8,103.7,104.6,112.1,112.8,115.9,115.9,119.0,119.0",32.3,999.0,999.0,999,999,0
999,999999,"85.0,82.5,82.7,84.4,84.0,87.5,89.1,86.9",32.9,999.0,999.0,999,999,0
999,999999,"120.4,121.3,120.7,119.7,117.0",32.5,999.0,999.0,999,999,0
999,999999,"86.0,89.4,93.6,99.3,100.4",32.7,999.0,999.0,999,999,0
999,999999,"87.1,87.1,87.6,89.7,93.8,94.2,96.8,98.9,100.5,101.7",33.3,999.0,999.0,999,999,0
999,999999,"67.2,68.6,69.9,72.0,72.4,74.8,75.8,80.3",32.7,999.0,999.0,999,999,0
999,999999,"94.3,96.5,98.5,97.3,98.5,98.4,98.2,97.0,97.9,100.6",33.3,999.0,999.0,999,999,0
999,999999,"87.4,164.8,90.8,92.3,91.6,93.6",33.5,999.0,999.0,999,999,0
999,999999,"71.2,70.6,69.5,70.8,69.9,69.2,69.6,73.1",33.5,999.0,999.0,999,999,0
999,999999,"81.6,82.6,80.0,83.8,83.5",33.9,999.0,999.0,999,999,0
999,999999,"99.7,99.3,99.5,100.2,15.9,102.4",33.8,999.0,999.0,999,999,0
999,999999,"63.5,65.9,67.4,64.8,66.7,69.6,68.7,70.9,73.2,72.0",33.5,999.0,999.0,999,999,0
999,999999,"89.8,94.8,117.0,98.7,25.5,100.5,100.4,102.1",33.7,999.0,999.0,999,999,0
999,999999,"90.2,91.4,90.6,93.0,94.1,93.8,95.9,98.2",34.0,999.0,999.0,999,999,0
999,999999,"76.5,78.2,81.4,87.2,92.6,91.3,92.1,92.0",34.0,999.0,999.0,999,999,0
999,999999,"108.2,109.7,109.7,108.3,108.0,107.2",34.1,999.0,999.0,999,999,0
999,999999,"97.0,98.2,99.8,101.6,99.6",34.4,999.0,999.0,999,999,0
999,999999,"95.5,125.7,95.9,97.4,98.3,99.0",34.1,999.0,999.0,999,999,0
999,999999,"106.5,106.6,134.2,106.1,107.2,108.1",34.0,999.0,999.0,999,999,0
999,999999,"119.0,120.7,121.1,119.7,119.2",34.5,999.0,999.0,999,999,0
999,999999,"96.9,99.1,101.2,102.3,102.3",35.0,999.0,999.0,999,999,0
999,999999,"92.3,95.4,97.0,96.2,96.6,96.1,96.8,98.8,98.8,98.3",34.9,999.0,999.0,999,999,0
999,999999,"86.4,105.3,90.2,90.7,91.7,97.9,100.2,102.9",34.7,999.0,999.0,999,999,0
999,999999,"90.4,90.5,89.8,89.1,132.1,92.6",35.0,999.0,999.0,999,999,0
999,999999,"89.5,88.9,93.1,94.1,92.9,91.9",10.0,999.0,999.0,999,999,0
999,999999,"86.0,85.8,86.2,84.9,87.5,87.7,87.9,90.1,90.5,92.8",9.7,999.0,999.0,999,999,0
999,999999,"75.8,77.5,76.0,75.6,75.5,77.0,82.2,82.5,84.7",10.0,999.0,999.0,999,999,0
999,999999,"20.5,74.0,74.5,74.6,77.4,77.0,78.2,79.6",10.2,999.0,999.0,999,999,0
999,999999,"75.9,78.5,78.8,75.8,77.2,83.4,87.4,87.9",10.8,999.0,999.0,999,999,0
999,999999,"95.4,96.0,94.4,95.7,96.3,95.6",10.0,999.0,999.0,999,999,0
999,999999,"85.0,86.9,89.5,26.3,90.6,91.5",10.7,999.0,999.0,999,999,0
999,999999,"87.7,89.2,86.8,86.5,88.0,88.9",10.5,999.0,999.0,999,999,0
999,999999,"113.7,113.7,112.2,113.7,115.3,117.0,113.2,112.8,111.4,112.3",11.1,999.0,999.0,999,999,0
999,999999,"95.2,97.4,98.6,98.2,96.8,97.8,95.8,98.3,99.4",10.8,999.0,999.0,999,999,0
999,999999,"83.3,86.4,86.1,87.8,91.2",10.9,999.0,999.0,999,999,0
999,999999,"109.0,111.1,113.6,111.4,112.9,115.5,114.0",11.0,999.0,999.0,999,999,0
999,999999,"69.3,71.7,71.8,70.9,76.7,21.5,80.4,80.3,80.3,81.7",10.8,999.0,999.0,999,999,0
999,999999,"87.6,89.7,90.7,90.2,93.2,92.2,92.1,92.0,93.5",11.6,999.0,999.0,999,999,0
999,999999,"78.2,78.5,78.6,81.7,81.5,83.7,82.3,81.5,82.6",11.4,999.0,999.0,999,999,0
999,999999,"82.7,85.1,85.5,87.8,87.1",11.6,999.0,999.0,999,999,0
999,999999,"99.9,101.1,105.9,107.1,143.8,110.1,25.6,110.0,108.3",11.8,999.0,999.0,999,999,0
999,999999,"64.8,63.7,66.5,67.0,69.8,70.5,189.0",11.9,999.0,999.0,999,999,0
999,999999,"66.6,68.0,69.6,70.4,193.2,77.6",11.7,999.0,999.0,999,999,0
999,999999,"92.7,93.3,95.3,94.3,94.7",11.6,999.0,999.0,999,999,0
999,999999,"92.3,97.7,102.4,104.2,183.1",11.7,999.0,999.0,999,999,0
999,999999,"111.8,112.0,112.7,113.0,113.5,112.6,111.9,111.7,115.5",11.8,999.0,999.0,999,999,0
999,999999,"100.6,101.1,101.2,104.5,103.6,102.3,102.3,100.9",12.1,999.0,999.0,999,999,0
999,999999,"64.9,66.4,69.1,70.5,70.2,74.5,72.8",12.5,999.0,999.0,999,999,0
999,999999,"105.4,105.6,22.3,105.9,110.8",12.0,999.0,999.0,999,999,0
999,999999,"98.5,98.1,102.2,103.8,105.5,107.3,109.3",12.0,999.0,999.0,999,999,0
999,999999,"61.4,61.5,65.6,70.5,71.3,73.9,78.5,81.4,82.4,83.0",12.6,999.0,999.0,999,999,0
999,999999,"89.3,21.2,99.0,101.1,107.1",12.5,999.0,999.0,999,999,0
999,999999,"76.7,75.9,75.7,77.5,82.1,81.9",12.7,999.0,999.0,999,999,0
999,999999,"106.1,108.2,108.1,105.9,109.8,113.8,116.1",13.2,999.0,999.0,999,999,0
999,999999,"65.6,65.4,66.3,70.0,69.5,70.1,70.9,71.6,71.7,72.1",13.2,999.0,999.0,999,999,0
999,999999,"84.8,87.2,88.9,90.5,89.9,91.7",13.1,999.0,999.0,999,999,0
999,999999,"111.9,111.8,112.5,112.1,114.1,118.2,116.8,116.7,116.6",13.2,999.0,999.0,999,999,0
999,999999,"78.5,79.9,80.4,80.7,85.1,84.3",13.5,999.0,999.0,999,999,0
999,999999,"82.4,81.6,81.8,195.2,80.6,82.3,82.1,84.5,86.4,88.1",13.3,999.0,999.0,999,999,0
999,999999,"75.2,77.0,80.2,83.4,85.4,85.4,89.3,91.2,92.2",13.2,999.0,999.0,999,999,0
999,999999,"108.2,109.8,110.4,29.1,113.2,115.1,115.8,119.0",14.1,999.0,999.0,999,999,0
999,999999,"89.8,94.6,94.6,96.6,103.8,109.4",13.7,999.0,999.0,999,999,0
999,999999,"72.4,73.8,74.0,76.5,81.5,83.2,82.4,83.1,83.8,84.9",14.1,999.0,999.0,999,999,0
999,999999,"104.5,28.6,106.8,106.5,108.4,107.5,107.2,110.8,112.9,117.8",13.6,999.0,999.0,999,999,0
999,999999,"28.2,82.3,79.5,79.5,79.6,120.4,79.2",14.1,999.0,999.0,999,999,0
999,999999,"70.3,71.2,71.2,73.3,74.5,73.1,72.4,75.9,16.2,74.1",13.6,999.0,999.0,999,999,0
999,999999,"91.9,92.3,92.3,92.8,93.5,94.9,94.8,96.5,94.2",14.3,999.0,999.0,999,999,0
999,999999,"70.3,70.3,70.5,71.8,74.9",14.2,999.0,999.0,999,999,0
999,999999,"107.3,108.6,109.6,125.4,110.6,113.1",14.1,999.0,999.0,999,999,0
999,999999,"84.9,87.0,86.3,87.1,85.1,85.8,89.5,92.0,91.1,92.2",14.3,999.0,999.0,999,999,0
999,999999,"72.9,74.1,74.9,82.3,85.7,89.0,89.1,95.6,98.1",14.8,999.0,999.0,999,999,0
999,999999,"97.3,97.7,97.7,97.3,97.6,21.4,96.1,100.3",14.5,999.0,999.0,999,999,0
999,999999,"84.7,83.5,85.8,87.1,86.6",15.3,999.0,999.0,999,999,0
999,999999,"98.4,104.1,107.3,109.2,110.1,112.8,117.8,120.7,121.7,119.9",15.1,999.0,999.0,999,999,0
999,999999,"73.2,76.8,78.4,75.9,77.8",14.9,999.0,999.0,999,999,0
999,999999,"64.8,25.1,69.9,71.3,72.5,73.3,73.2,71.7,72.0",14.7,999.0,999.0,999,999,0
999,999999,"111.5,19.6,113.9,113.7,114.7,114.7,117.6",15.4,999.0,999.0,999,999,0
999,999999,"104.5,104.1,103.9,102.4,105.8,109.1,107.0,107.7,111.6",15.2,999.0,999.0,999,999,0
999,999999,"68.5,69.7,112.2,72.5,76.1,78.0,79.5",15.8,999.0,999.0,999,999,0
999,999999,"95.7,97.5,97.3,99.5,103.3",15.1,999.0,999.0,999,999,0
999,999999,"84.5,88.1,90.7,92.4,94.9,96.8,97.4,99.9",15.3,999.0,999.0,999,999,0
999,999999,"84.7,83.3,179.0,84.5,87.8",16.1,999.0,999.0,999,999,0
999,999999,"70.0,72.9,73.0,71.8,71.8,72.5,73.7,71.4,71.9",15.6,999.0,999.0,999,999,0
999,999999,"66.2,67.7,65.2,67.5,67.9,69.0,69.1,73.9,75.0",15.4,999.0,999.0,999,999,0
999,999999,"104.6,103.8,106.3,107.3,110.7,110.9,109.6,113.1,115.3",15.8,999.0,999.0,999,999,0
999,999999,"74.5,73.7,73.7,72.4,72.9,72.6",15.7,999.0,999.0,999,999,0
999,999999,"60.6,59.6,62.4,66.9,70.2,70.6,73.8,145.8",16.2,999.0,999.0,999,999,0
999,999999,"60.6,63.5,68.5,70.4,70.6,73.3,78.0,81.1",16.2,999.0,999.0,999,999,0
999,999999,"16.7,85.7,85.5,87.1,93.6,91.4,93.7,91.8",16.8,999.0,999.0,999,999,0
999,999999,"92.5,94.5,94.1,94.5,94.7,95.4",16.3,999.0,999.0,999,999,0
999,999999,"108.0,108.8,106.0,107.6,107.9,108.0,106.4",17.1,999.0,999.0,999,999,0
999,999999,"118.6,120.1,16.4,122.0,106.0,120.4,118.8",17.1,999.0,999.0,999,999,0
999,999999,"82.4,84.1,87.5,89.5,90.3",16.7,999.0,999.0,999,999,0
999,999999,"87.5,90.4,91.4,95.4,97.9,96.9",16.8,999.0,999.0,999,999,0
999,999999,"113.0,114.3,115.2,116.4,118.0",16.6,999.0,999.0,999,999,0
999,999999,"65.3,68.4,67.9,66.1,68.4,70.5",17.1,999.0,999.0,999,999,0
999,999999,"109.2,110.5,111.7,111.1,113.0,113.8,117.7,119.7",17.1,999.0,999.0,999,999,0
999,999999,"62.6,67.3,74.4,74.1,73.2,73.6,78.1",17.7,999.0,999.0,999,999,0
999,999999,"104.9,104.2,105.5,105.2,106.9,106.0,107.1,107.8,106.3",17.2,999.0,999.0,999,999,0
999,999999,"78.9,79.1,82.5,88.9,89.6,90.3,91.7,91.1,90.1,90.3",17.1,999.0,999.0,999,999,0
999,999999,"77.6,82.1,82.8,81.3,82.7,84.6,91.4,94.2,96.6",17.8,999.0,999.0,999,999,0
999,999999,"89.5,91.3,187.6,93.3,93.6,95.6",18.2,999.0,999.0,999,999,0
999,999999,"85.9,84.7,87.3,88.8,89.3,92.9,92.3,92.9",17.7,999.0,999.0,999,999,0
999,999999,"85.0,87.5,90.1,90.3,91.7",17.7,999.0,999.0,999,999,0
999,999999,"104.6,105.1,105.2,104.2,102.1,105.0,108.5",18.2,999.0,999.0,999,999,0
999,999999,"78.8,79.0,78.2,80.5,86.4,87.8,87.1,87.9,87.1",18.4,999.0,999.0,999,999,0
999,999999,"70.7,71.6,76.7,76.3,76.9,76.3,78.1,84.4",18.0,999.0,999.0,999,999,0
999,999999,"57.0,57.2,61.8,64.2,64.7,71.2",18.6,999.0,999.0,999,999,0
999,999999,"72.9,72.4,76.0,74.8,74.2,75.5,76.7,79.2,77.4",18.2,999.0,999.0,999,999,0
999,999999,"98.9,101.0,99.4,99.5,98.5,100.3,101.2",18.9,999.0,999.0,999,999,0
999,999999,"91.9,93.3,95.7,96.4,96.5",18.3,999.0,999.0,999,999,0
999,999999,"91.6,99.3,98.2,99.6,100.8",19.1,999.0,999.0,999,999,0
999,999999,"94.8,96.2,97.0,98.2,101.1",18.4,999.0,999.0,999,999,0
999,999999,"78.1,79.0,77.3,77.3,81.0,79.5,78.3,80.0,83.2,84.3",18.9,999.0,999.0,999,999,0
999,999999,"104.0,108.8,112.2,113.8,116.2,117.9",19.3,999.0,999.0,999,999,0
999,999999,"85.1,89.3,90.4,93.0,100.7,104.6",18.7,999.0,999.0,999,999,0
999,999999,"113.9,114.5,18.6,114.4,119.1,119.5",18.8,999.0,999.0,999,999,0
999,999999,"104.3,118.5,107.1,107.9,108.4,110.1",19.2,999.0,999.0,999,999,0
999,999999,"94.3,96.2,95.4,96.6,95.6,103.0,103.4,103.6",18.9,999.0,999.0,999,999,0
999,999999,"102.7,106.1,111.6,110.5,112.2,111.6",19.4,999.0,999.0,999,999,0
999,999999,"92.8,93.9,96.7,99.3,103.7",19.8,999.0,999.0,999,999,0
999,999999,"91.7,98.3,99.3,100.3,100.6,101.2",19.4,999.0,999.0,999,999,0
999,999999,"96.6,152.5,99.7,103.6,105.0,106.0,104.7",19.7,999.0,999.0,999,999,0
999,999999,"96.0,95.9,96.4,96.2,96.0",20.1,999.0,999.0,999,999,0
999,999999,"78.0,82.3,83.3,85.3,83.4,84.9,84.5,88.9,87.2,109.8",19.7,999.0,999.0,999,999,0
999,999999,"87.6,90.9,91.1,92.0,95.5,96.7,96.8,96.9,98.4,97.4",20.2,999.0,999.0,999,999,0
999,999999,"72.2,74.4,73.1,73.2,74.7,74.9,74.4,73.9,75.3,77.0",20.6,999.0,999.0,999,999,0
999,999999,"76.4,78.7,81.0,81.8,81.4",20.0,999.0,999.0,999,999,0
999,999999,"70.0,69.6,69.7,72.5,23.9,76.5,76.8",20.1,999.0,999.0,999,999,0
999,999999,"112.2,112.8,114.4,114.1,114.0,114.1",20.3,999.0,999.0,999,999,0
999,999999,"97.4,96.0,94.3,96.7,98.9,98.5,98.4,99.0,98.1",20.3,999.0,999.0,999,999,0
999,999999,"71.7,71.7,70.3,70.0,72.1,73.8,78.0,81.8,82.9,82.6",20.6,999.0,999.0,999,999,0
999,999999,"98.6,100.4,101.7,102.0,103.9,106.5,106.8,108.9",20.8,999.0,999.0,999,999,0
999,999999,"113.7,113.8,114.2,174.8,119.3",21.0,999.0,999.0,999,999,0
999,999999,"100.9,99.5,100.2,102.2,102.8,103.6,105.8,108.2,110.4,111.8",20.5,999.0,999.0,999,999,0
999,999999,"103.8,103.6,105.9,108.7,111.6,25.2,114.8",20.9,999.0,999.0,999,999,0
999,999999,"102.2,102.9,103.7,106.3,103.0,107.2,109.6,107.7,25.9",21.6,999.0,999.0,999,999,0
999,999999,"66.0,69.1,74.0,75.9,76.2,187.2,79.2",21.6,999.0,999.0,999,999,0
999,999999,"71.5,71.1,70.4,71.4,72.6,72.9,72.3,73.5,75.7",21.1,999.0,999.0,999,999,0
999,999999,"81.0,80.3,81.9,83.0,83.6",21.0,999.0,999.0,999,999,0
999,999999,"77.9,79.0,79.0,81.0,81.3,81.6",21.5,999.0,999.0,999,999,0
999,999999,"88.1,89.4,90.4,90.7,91.5,92.6,96.8",22.0,999.0,999.0,999,999,0
999,999999,"62.7,65.6,69.2,69.3,69.1,72.8,76.8,75.1,76.3",21.7,999.0,999.0,999,999,0
999,999999,"66.5,73.6,74.8,73.2,73.4,76.1,75.3,75.3,78.1",22.3,999.0,999.0,999,999,0
999,999999,"93.1,95.8,99.0,97.5,97.5",22.0,999.0,999.0,999,999,0
999,999999,"62.3,62.2,61.5,64.4,66.2,67.6,70.9,69.2,74.1",22.2,999.0,999.0,999,999,0
999,999999,"95.1,93.6,93.5,95.5,97.2,98.1,98.3",22.3,999.0,999.0,999,999,0
999,999999,"97.9,97.0,98.5,98.9,193.6",22.1,999.0,999.0,999,999,0
999,999999,"69.2,69.9,70.8,72.0,70.1",22.8,999.0,999.0,999,999,0
999,999999,"92.9,94.4,95.8,96.3,100.6,101.1,99.7",22.1,999.0,999.0,999,999,0
999,999999,"87.0,87.8,87.9,89.0,92.7",22.2,999.0,999.0,999,999,0
999,999999,"86.4,88.7,89.5,96.0,96.6,97.4,99.4",22.9,999.0,999.0,999,999,0
999,999999,"88.4,88.0,90.6,95.1,97.1,98.6,100.6,103.1",22.9,999.0,999.0,999,999,0
999,999999,"86.3,86.2,85.8,87.8,88.3,89.7,92.0,95.2,98.8,97.9",22.6,999.0,999.0,999,999,0
999,999999,"27.3,101.1,106.9,105.6,105.9,106.1,110.0,111.8",23.2,999.0,999.0,999,999,0
999,999999,"109.8,108.0,107.3,107.7,112.6,114.2,114.0,115.6,116.2,119.0",22.9,999.0,999.0,999,999,0
999,999999,"103.2,106.0,190.6,108.6,107.2,111.5,113.3",23.1,999.0,999.0,999,999,0
999,999999,"87.3,87.8,89.4,89.2,89.6,89.4,89.9",23.4,999.0,999.0,999,999,0
999,999999,"86.4,85.0,87.1,89.3,89.9,91.4,90.5,93.2",23.3,999.0,999.0,999,999,0
999,999999,"107.9,108.0,108.8,110.7,110.1,112.0,113.7,114.7",23.3,999.0,999.0,999,999,0
999,999999,"136.6,71.1,71.1,70.7,70.5",23.9,999.0,999.0,999,999,0
999,999999,"58.7,61.2,62.1,64.1,67.4,68.0,70.7,73.6,77.3,76.9",23.9,999.0,999.0,999,999,0
999,999999,"62.7,63.0,66.8,66.6,70.5,71.0,71.2,70.7,70.8",24.0,999.0,999.0,999,999,0
999,999999,"66.9,69.7,70.8,71.8,71.2,71.2",23.6,999.0,999.0,999,999,0
999,999999,"70.4,73.1,75.9,77.0,78.4,76.1,79.7,81.8,82.1",24.1,999.0,999.0,999,999,0
999,999999,"64.5,18.7,67.5,68.8,71.9",24.0,999.0,999.0,999,999,0
999,999999,"102.1,106.8,113.1,112.7,111.3,111.0,115.3,28.6",23.9,999.0,999.0,999,999,0
999,999999,"107.9,108.0,108.6,109.6,111.6,113.1,113.8,117.7,119.0",24.0,999.0,999.0,999,999,0
999,999999,"88.3,93.8,92.7,92.5,94.8,95.5,97.9,98.1",24.0,999.0,999.0,999,999,0
999,999999,"64.6,67.4,68.4,72.0,72.1,77.3,75.6,75.6,79.1",24.2,999.0,999.0,999,999,0
999,999999,"75.8,77.1,78.9,80.2,81.8,15.3,85.6,86.2",25.0,999.0,999.0,999,999,0
999,999999,"90.7,90.9,91.5,92.5,97.0,97.5,99.2,99.1,100.2,100.0",24.6,999.0,999.0,999,999,0
999,999999,"68.4,20.9,71.3,103.3,70.4",24.7,999.0,999.0,999,999,0
999,999999,"81.0,80.0,169.5,82.2,84.5,87.1,87.8,88.0,88.8",24.9,999.0,999.0,999,999,0
999,999999,"110.7,109.9,110.2,110.1,111.0,110.6,113.0",24.8,999.0,999.0,999,999,0
999,999999,"85.7,27.0,92.1,91.7,94.2,97.0,97.5,99.5",24.8,999.0,999.0,999,999,0
999,999999,"80.7,81.9,83.4,83.5,88.3,88.2",25.5,999.0,999.0,999,999,0
999,999999,"66.4,65.3,66.2,66.4,70.2,77.8,78.6,79.9",25.2,999.0,999.0,999,999,0
999,999999,"70.0,71.5,73.3,74.5,76.9,77.4,76.5,76.4",25.8,999.0,999.0,999,999,0
999,999999,"72.3,76.7,76.0,74.7,73.6,73.3,74.6,73.4,74.6,75.5",25.9,999.0,999.0,999,999,0
999,999999,"95.7,93.0,93.6,94.5,96.3,97.1,96.9,97.4,95.0",25.1,999.0,999.0,999,999,0
999,999999,"97.2,98.4,98.0,98.7,97.0,96.6,96.5,98.6,101.7,102.4",25.5,999.0,999.0,999,999,0
999,999999,"71.6,75.7,78.6,82.9,89.6,91.0,90.6,90.6",26.1,999.0,999.0,999,999,0
999,999999,"97.2,97.9,101.5,102.6,104.2",25.9,999.0,999.0,999,999,0
999,999999,"75.3,77.2,76.2,79.4,81.2,82.8,86.4",25.7,999.0,999.0,999,999,0
999,999999,"25.2,76.8,79.8,80.0,83.0,81.5,83.1,84.2",26.5,999.0,999.0,999,999,0
999,999999,"86.1,89.3,90.1,90.9,92.0,92.7",26.7,999.0,999.0,999,999,0
999,999999,"85.0,89.1,89.3,90.5,94.8",26.2,999.0,999.0,999,999,0
999,999999,"110.9,112.6,116.8,115.8,117.3,115.3,116.9",26.8,999.0,999.0,999,999,0
999,999999,"94.4,95.4,95.9,96.3,94.9,97.4,100.3",26.7,999.0,999.0,999,999,0
999,999999,"89.6,87.6,89.2,89.3,88.3,89.2,89.2,88.0,87.8,88.9",26.8,999.0,999.0,999,999,0
999,999999,"81.0,79.0,79.4,80.1,80.1",26.2,999.0,999.0,999,999,0
999,999999,"71.6,74.4,73.9,72.1,74.8,73.6,142.2,75.8",27.0,999.0,999.0,999,999,0
999,999999,"62.8,62.1,62.0,61.7,64.9,66.3,71.5,71.6,70.5",26.8,999.0,999.0,999,999,0
999,999999,"107.0,107.6,106.5,107.4,106.7,107.3,111.7",26.9,999.0,999.0,999,999,0
999,999999,"96.0,96.0,96.9,99.1,101.3,101.9,101.7,103.1",27.6,999.0,999.0,999,999,0
999,999999,"110.8,111.9,135.6,113.5,115.1,115.0,116.4",27.3,999.0,999.0,999,999,0
999,999999,"72.6,167.3,71.8,70.5,72.1,72.7,73.4,72.1,72.6",26.8,999.0,999.0,999,999,0
999,999999,"77.6,78.6,78.4,80.7,82.1",27.9,999.0,999.0,999,999,0
999,999999,"104.7,104.1,103.3,102.2,101.1",27.4,999.0,999.0,999,999,0
999,999999,"98.1,97.6,101.0,102.6,103.5,108.9,110.2,115.0,117.4",27.1,999.0,999.0,999,999,0
999,999999,"103.3,101.9,107.8,109.5,111.5,113.4,113.9,115.9,116.6,118.1",27.7,999.0,999.0,999,999,0
999,999999,"109.9,110.8,113.8,112.5,114.3,113.5,115.9,116.3,114.3,113.1",27.6,999.0,999.0,999,999,0
999,999999,"95.6,97.0,97.2,100.0,99.7,104.7,107.0",27.5,999.0,999.0,999,999,0
999,999999,"103.3,105.1,106.4,107.0,108.4,110.0,111.3,109.2,107.8,106.3",27.9,999.0,999.0,999,999,0
999,999999,"64.5,68.5,67.9,69.2,67.9,73.9,74.9,76.4,76.3",28.6,999.0,999.0,999,999,0
999,999999,"83.6,85.2,85.8,86.5,85.8,85.5,90.8,89.4,92.4,91.4",28.3,999.0,999.0,999,999,0
999,999999,"114.0,115.5,113.9,112.9,114.5",28.5,999.0,999.0,999,999,0
999,999999,"89.1,94.8,94.1,108.9,20.4,97.9,99.1,101.0,100.9,101.4",28.2,999.0,999.0,999,999,0
999,999999,"81.5,81.3,81.3,83.5,84.7,87.0,86.8,85.9",28.9,999.0,999.0,999,999,0
999,999999,"75.2,75.3,74.7,150.8,75.7,77.0,75.9,76.7,75.8",28.4,999.0,999.0,999,999,0
999,999999,"79.8,81.3,29.2,87.1,87.2,87.8",28.4,999.0,999.0,999,999,0
999,999999,"64.8,65.4,66.6,69.2,68.3,194.5,70.2,74.6",28.3,999.0,999.0,999,999,0
999,999999,"110.9,111.4,22.2,113.2,111.4,113.7",29.1,999.0,999.0,999,999,0
999,999999,"86.5,85.7,88.4,89.3,92.4",29.4,999.0,999.0,999,999,0
999,999999,"108.6,109.0,109.9,110.2,144.3,114.0,114.0,115.8,116.5",29.6,999.0,999.0,999,999,0
999,999999,"15.6,80.0,81.5,83.7,84.0,82.9,82.8",28.8,999.0,999.0,999,999,0
999,999999,"89.6,90.9,90.1,92.8,97.7,97.0",29.7,999.0,999.0,999,999,0
999,999999,"68.4,67.4,67.9,67.0,67.1,70.1,71.4,72.4",29.0,999.0,999.0,999,999,0
999,999999,"78.6,80.3,80.0,80.8,80.3,81.6,80.5,80.4",29.8,999.0,999.0,999,999,0
999,999999,"70.2,70.8,194.8,74.5,76.3,81.1,85.1,85.0",29.9,999.0,999.0,999,999,0
999,999999,"103.8,140.2,106.3,110.3,110.7,111.2,112.5,112.7,113.3",29.3,999.0,999.0,999,999,0
999,999999,"68.4,71.7,72.1,72.9,74.5,76.0,74.5,73.0,71.8,72.4",29.9,999.0,999.0,999,999,0
999,999999,"90.1,88.2,88.3,93.5,97.4,98.8,99.9",29.8,999.0,999.0,999,999,0
999,999999,"64.8,67.6,68.4,68.7,171.9,68.1,68.5,68.9,73.1,74.6",29.5,999.0,999.0,999,999,0
999,999999,"72.4,74.2,15.9,77.9,81.2,81.4,82.0,84.9",30.0,999.0,999.0,999,999,0
999,999999,"75.0,74.6,76.2,77.5,76.2,75.8,76.1",29.8,999.0,999.0,999,999,0
999,999999,"103.9,101.9,104.3,103.8,102.3,103.1,102.6,103.2,104.3",30.6,999.0,999.0,999,999,0
999,999999,"112.7,111.9,110.5,110.7,108.4,112.9,113.5,114.3,116.1",30.2,999.0,999.0,999,999,0
999,999999,"104.6,105.7,108.6,111.3,113.8,115.3,116.9,116.5,119.9",30.5,999.0,999.0,999,999,0
999,999999,"115.4,116.6,114.7,114.3,113.9,111.9,111.6,116.1,117.8",30.9,999.0,999.0,999,999,0
999,999999,"72.9,74.1,74.6,73.2,75.4",30.4,999.0,999.0,999,999,0
999,999999,"73.4,77.0,80.5,80.7,81.9",30.6,999.0,999.0,999,999,0
999,999999,"75.1,76.2,78.9,82.3,86.6,87.0,89.9,89.9,93.2,92.6",31.0,999.0,999.0,999,999,0
999,999999,"81.0,83.4,82.5,81.5,82.6,84.4,86.0,86.5,87.2,87.6",31.4,999.0,999.0,999,999,0
999,999999,"76.3,78.1,78.4,82.1,83.1,87.6,87.8,88.2,88.6,88.3",30.7,999.0,999.0,999,999,0
999,999999,"82.3,82.2,84.5,88.7,88.4,90.1",31.6,999.0,999.0,999,999,0
999,999999,"84.3,87.1,93.0,95.7,23.2",31.0,999.0,999.0,999,999,0
999,999999,"108.7,110.5,109.9,116.0,116.0,120.3,121.1,119.7",31.3,999.0,999.0,999,999,0
999,999999,"108.4,106.5,106.3,108.1,108.4,112.3,113.8,116.2,115.6",31.3,999.0,999.0,999,999,0
999,999999,"91.3,180.7,94.8,96.2,97.1,95.8,94.5,93.2,99.1",31.1,999.0,999.0,999,999,0
999,999999,"91.2,95.3,96.7,100.6,103.7,105.2,194.6,110.7",31.4,999.0,999.0,999,999,0
999,999999,"98.8,102.3,102.3,107.2,109.4",31.7,999.0,999.0,999,999,0
999,999999,"97.0,96.6,98.4,97.2,101.1,100.9,104.5,105.4,109.0",31.8,999.0,999.0,999,999,0
999,999999,"76.8,76.9,76.4,75.7,75.8,76.1,78.2,82.3,82.5",31.7,999.0,999.0,999,999,0
999,999999,"93.0,95.3,95.8,97.8,183.4",31.9,999.0,999.0,999,999,0
999,999999,"85.4,85.8,90.7,92.6,94.4,93.3,94.7,94.5,97.8",32.3,999.0,999.0,999,999,0
999,999999,"79.9,80.9,82.5,88.1,89.0,91.4,91.9,90.9,92.1,94.4",32.8,999.0,999.0,999,999,0
999,999999,"70.1,74.6,74.6,79.2,166.5,80.4,79.8",32.8,999.0,999.0,999,999,0
999,999999,"73.7,74.8,76.5,76.0,76.6,79.8,85.2,84.8,84.2,81.6",32.8,999.0,999.0,999,999,0
999,999999,"85.2,91.1,92.5,93.2,92.3,93.5,92.5,22.7,99.9",33.1,999.0,999.0,999,999,0
999,999999,"86.9,88.9,87.8,88.9,92.4,95.4,97.6",33.0,999.0,999.0,999,999,0
999,999999,"85.6,86.6,88.0,89.8,92.2,144.4,93.3",32.5,999.0,999.0,999,999,0
999,999999,"107.8,108.8,109.3,114.3,117.9",32.5,999.0,999.0,999,999,0
999,999999,"91.0,91.5,92.4,92.2,91.4,96.0",33.1,999.0,999.0,999,999,0
999,999999,"70.1,70.9,71.8,70.0,73.5,74.0,77.0,79.3",32.6,999.0,999.0,999,999,0
999,999999,"71.0,73.0,72.7,72.4,73.3,76.8,77.5,80.3,85.2",33.1,999.0,999.0,999,999,0
999,999999,"89.3,91.0,92.2,93.3,96.8",33.0,999.0,999.0,999,999,0
999,999999,"84.7,87.1,92.1,92.1,95.8,100.3,100.1,175.7,105.4",32.9,999.0,999.0,999,999,0
999,999999,"123.1,123.2,113.5,115.3,118.1,119.5,119.0,119.4",33.1,999.0,999.0,999,999,0
999,999999,"114.2,114.7,114.1,114.6,110.8,109.9,109.5",33.9,999.0,999.0,999,999,0
999,999999,"65.9,69.5,75.1,77.6,78.2,81.8,86.8,90.3,91.5,91.0",33.6,999.0,999.0,999,999,0
999,999999,"73.5,78.9,81.8,84.2,83.5",33.5,999.0,999.0,999,999,0
999,999999,"78.2,82.0,86.4,89.3,93.0,91.9",33.8,999.0,999.0,999,999,0
999,999999,"56.7,57.9,59.4,62.7,66.2,66.8,67.8,72.2,72.6,73.7",34.4,999.0,999.0,999,999,0
999,999999,"66.7,69.8,70.2,71.6,74.3,79.9",33.8,999.0,999.0,999,999,0
999,999999,"102.5,101.6,102.5,101.0,101.3,103.5,104.0",34.5,999.0,999.0,999,999,0
999,999999,"111.9,111.0,113.7,115.9,119.2,120.6,119.5,120.5,120.2,118.5",33.8,999.0,999.0,999,999,0
999,999999,"72.5,74.4,75.7,77.7,79.7",34.0,999.0,999.0,999,999,0
999,999999,"115.6,116.1,117.5,132.7,117.8,117.3,115.8,116.8,116.5",34.1,999.0,999.0,999,999,0
999,999999,"78.0,83.4,84.0,85.7,109.0,87.5,85.9",34.4,999.0,999.0,999,999,0
999,999999,"96.1,101.1,106.0,106.2,106.4",34.5,999.0,999.0,999,999,0
999,999999,"110.7,111.8,114.4,114.9,114.4,113.0,114.1,116.6",34.8,999.0,999.0,999,999,0
999,999999,"63.6,62.5,60.5,62.1,68.8,72.1,74.7,73.9",35.1,999.0,999.0,999,999,0
999,999999,"92.8,92.8,92.6,93.7,94.5",20.1,999.0,999.0,999,999,0
999,999999,"85.0,85.7,87.4,90.3,89.9,89.0,88.6,91.0",28.9,999.0,999.0,999,999,0
999,999999,"102.3,100.9,99.8,103.9,105.4,108.4",19.7,999.0,999.0,999,999,0
999,999999,"96.6,97.2,101.1,101.6,104.4,110.5,114.0,119.9,119.6,119.3",11.7,999.0,999.0,999,999,0
999,999999,"59.4,62.0,62.9,66.5,71.3",20.9,999.0,999.0,999,999,0
999,999999,"78.7,81.2,83.0,81.3,79.6,79.9",16.9,999.0,999.0,999,999,0
999,999999,"130.1,117.9,119.6,15.3,119.8",28.8,999.0,999.0,999,999,0
999,999999,"96.3,103.2,101.8,100.4,102.0,104.2,105.5",11.9,999.0,999.0,999,999,0
999,999999,"106.5,106.3,109.1,105.9,107.1,111.6,112.3",20.1,999.0,999.0,999,999,0
999,999999,"84.9,85.2,88.4,86.9,90.2",21.8,999.0,999.0,999,999,0
999,999999,"108.7,109.8,110.4,110.8,109.4",31.1,999.0,999.0,999,999,0
999,999999,"64.9,65.2,66.3,64.5,72.3",31.6,999.0,999.0,999,999,0
999,999999,"78.9,80.0,20.7,76.2,76.9,79.5,80.5",18.2,999.0,999.0,999,999,0
999,999999,"101.5,103.9,106.3,110.1,110.9,111.9,110.9,112.8",30.6,999.0,999.0,999,999,0
999,999999,"106.6,126.9,113.4,114.8,115.2,113.7",18.7,999.0,999.0,999,999,0
999,999999,"68.2,77.4,165.4,78.3,79.1,79.4,79.2",22.3,999.0,999.0,999,999,0
999,999999,"85.7,85.8,87.9,90.1,92.5,95.2,96.2,96.4,97.9,97.3",19.4,999.0,999.0,999,999,0
999,999999,"118.7,120.1,119.7,119.6,119.6,118.8,118.0,117.9,117.7",21.0,999.0,999.0,999,999,0
999,999999,"82.6,82.6,82.8,174.9,84.1,87.0,28.4",24.7,999.0,999.0,999,999,0
999,999999,"105.1,106.4,108.5,108.9,110.9,111.2",23.2,999.0,999.0,999,999,0
999,999999,"90.9,91.5,92.3,93.0,94.9",25.4,999.0,999.0,999,999,0
999,999999,"80.7,81.7,83.6,87.6,107.4,89.0,90.3",15.6,999.0,999.0,999,999,0
999,999999,"104.1,105.1,104.6,103.0,102.7,102.4",10.5,999.0,999.0,999,999,0
999,999999,"64.3,68.3,69.4,71.5,70.1,72.2,71.3,72.6",19.2,999.0,999.0,999,999,0
999,999999,"88.2,88.9,87.6,89.6,89.1,90.2,90.9,95.0,97.6",33.8,999.0,999.0,999,999,0
999,999999,"78.1,77.7,76.8,77.1,78.2,79.7,79.8",26.2,999.0,999.0,999,999,0
999,999999,"106.4,109.2,109.5,109.7,114.3",14.2,999.0,999.0,999,999,0
999,999999,"78.6,79.6,81.1,79.6,83.0",23.3,999.0,999.0,999,999,0
999,999999,"61.2,67.4,69.2,74.4,73.9,74.6,75.0",28.8,999.0,999.0,999,999,0
999,999999,"93.3,92.1,95.4,95.8,94.1,98.0,98.9,97.6",29.7,999.0,999.0,999,999,0
999,999999,"64.9,69.6,71.4,71.0,70.7,69.4,75.3",12.6,999.0,999.0,999,999,0
999,999999,"74.2,74.6,75.3,74.5,76.2,25.0,77.5,76.3",25.8,999.0,999.0,999,999,0
999,999999,"65.0,68.5,71.5,73.1,79.1,79.6",31.0,999.0,999.0,999,999,0
999,999999,"59.1,61.3,63.0,62.2,64.1,66.9,68.0,72.1,75.7",16.2,999.0,999.0,999,999,0
999,999999,"58.7,62.5,61.3,66.4,66.7,67.0,68.4,72.2,76.5,76.6",12.4,999.0,999.0,999,999,0
999,999999,"106.2,107.2,109.2,110.9,113.0,114.1,116.9,117.4,119.1,117.9",10.0,999.0,999.0,999,999,0
999,999999,"87.2,88.5,88.8,87.2,87.5,91.2",33.9,999.0,999.0,999,999,0
999,999999,"84.6,85.7,85.6,87.2,91.8,90.0,89.6,89.9",18.9,999.0,999.0,999,999,0
999,999999,"110.6,112.0,111.3,112.0,115.2,119.5",14.8,999.0,999.0,999,999,0
999,999999,"50.3,51.5,51.3,52.9,54.7,58.8,59.7,64.5,71.4,72.1",32.8,999.0,999.0,999,999,0
999,999999,"56.6,59.6,59.5,62.0,64.0,70.6,74.0",15.5,999.0,999.0,999,999,0
999,999999,"87.6,87.3,15.9,87.0,91.7,94.3,96.9",27.3,999.0,999.0,999,999,0
999,999999,"107.6,110.6,113.3,112.9,113.1",32.8,999.0,999.0,999,999,0
999,999999,"23.0,102.1,131.3,103.5,109.0,110.4,109.1",29.1,999.0,999.0,999,999,0
999,999999,"99.1,99.2,100.5,99.0,102.1,103.3",31.0,999.0,999.0,999,999,0
999,999999,"78.4,77.6,76.3,78.9,80.8,82.5,89.0,89.6,91.5,93.6",11.7,999.0,999.0,999,999,0
999,999999,"100.3,102.0,107.4,112.0,111.8,110.6,111.7,109.5,109.9,111.0",29.1,999.0,999.0,999,999,0
999,999999,"70.4,71.7,74.3,75.4,77.9,81.2,83.2,86.6",29.8,999.0,999.0,999,999,0
999,999999,"64.6,65.2,69.0,70.7,75.3,78.0,80.4,79.3",27.3,999.0,999.0,999,999,0
999,999999,"53.7,56.4,60.9,62.0,62.5,63.5,63.7,135.3,70.2",29.8,999.0,999.0,999,999,0
999,999999,"102.3,102.5,103.1,102.6,104.1,103.2,102.7,103.5",14.7,999.0,999.0,999,999,0
999,999999,"78.2,82.9,84.6,129.9,89.6,93.6,94.5,94.7,96.2,96.4",21.6,999.0,999.0,999,999,0
999,999999,"83.0,80.5,80.2,82.3,82.5,83.6,108.4",15.9,999.0,999.0,999,999,0
999,999999,"109.7,112.7,145.5,111.6,115.2,116.8,116.5,115.8",34.1,999.0,999.0,999,999,0
999,999999,"92.8,95.2,94.4,94.7,94.7,95.6,100.7,103.6,103.9",16.8,999.0,999.0,999,999,0
999,999999,"67.8,68.0,69.8,72.0,73.9,79.4,78.6,78.4,78.3,78.5",23.2,999.0,999.0,999,999,0
999,999999,"94.3,98.8,97.7,98.1,192.3,101.2,100.4,100.9",32.9,999.0,999.0,999,999,0
999,999999,"114.1,113.0,114.6,116.9,116.8,115.1,114.2,114.6,114.8",15.3,999.0,999.0,999,999,0
999,999999,"100.6,101.8,101.5,101.6,102.2,101.7,105.0,105.2",23.4,999.0,999.0,999,999,0
999,999999,"54.1,57.4,59.5,60.8,65.6,64.3,64.9,66.9,70.4,70.5",11.9,999.0,999.0,999,999,0
999,999999,"98.2,22.5,98.4,166.7,98.9,100.5,103.0,101.1,102.6,104.6",17.7,999.0,999.0,999,999,0
999,999999,"86.1,87.6,87.5,188.2,87.5,86.4,88.8",26.3,999.0,999.0,999,999,0
999,999999,"95.8,98.5,98.6,100.4,103.3,102.6",12.5,999.0,999.0,999,999,0
999,999999,"92.5,93.8,95.8,96.0,97.3",23.9,999.0,999.0,999,999,0
999,999999,"106.6,106.7,107.3,106.9,107.8,108.7,107.8,104.8,104.9,106.9",18.5,999.0,999.0,999,999,0
999,999999,"83.0,83.9,85.5,90.9,91.6",16.3,999.0,999.0,999,999,0
999,999999,"69.7,67.7,74.2,76.5,77.0,79.2,79.8",11.0,999.0,999.0,999,999,0
999,999999,"118.4,116.9,115.6,115.7,116.1,115.8,116.6,118.2",34.1,999.0,999.0,999,999,0
999,999999,"63.4,65.2,65.3,67.1,67.4,70.3,72.8,74.4,75.1",11.4,999.0,999.0,999,999,0
999,999999,"78.6,82.0,81.2,179.4,85.6,83.2,84.1",19.4,999.0,999.0,999,999,0
999,999999,"77.8,80.3,82.0,83.2,81.8,80.8",15.5,999.0,999.0,999,999,0
999,999999,"113.5,115.4,116.6,118.5,117.7,116.3,114.6,116.0",23.3,999.0,999.0,999,999,0
999,999999,"108.6,110.3,111.3,114.9,114.8,117.6,116.5,118.7,118.2,117.0",18.9,999.0,999.0,999,999,0
999,999999,"68.5,71.1,72.8,71.9,73.4,73.3,79.1",19.4,999.0,999.0,999,999,0
999,999999,"88.7,91.3,96.1,97.1,119.0,101.1,102.6",21.5,999.0,999.0,999,999,0
999,999999,"86.2,86.3,87.2,88.0,89.7,89.5",29.7,999.0,999.0,999,999,0
999,999999,"63.5,67.3,66.9,66.8,68.4,70.4,72.4",30.2,999.0,999.0,999,999,0
999,999999,"100.8,99.7,98.0,97.9,98.2,101.0,102.9,105.6,105.8,106.4",27.7,999.0,999.0,999,999,0
999,999999,"93.0,93.8,93.5,94.6,97.6,100.1,192.0,107.1,107.6,107.8",11.6,999.0,999.0,999,999,0
999,999999,"93.5,93.6,92.2,96.2,96.1,96.7,101.8,103.0,102.2,103.8",27.9,999.0,999.0,999,999,0
999,999999,"78.9,77.9,79.1,79.7,80.9,79.9,81.0,82.7,86.2,191.7",13.4,999.0,999.0,999,999,0
999,999999,"152.3,77.5,76.9,76.8,74.7,74.7,75.1,76.3,77.3",31.0,999.0,999.0,999,999,0
999,999999,"99.8,126.2,103.5,106.4,107.3,109.2",18.0,999.0,999.0,999,999,0
999,999999,"90.2,92.4,93.7,94.1,95.2",26.8,999.0,999.0,999,999,0
999,999999,"106.2,107.4,108.1,113.0,110.3,111.9,114.3,112.8,114.0,115.6",14.9,999.0,999.0,999,999,0
999,999999,"95.7,99.1,101.1,101.1,100.7,101.2,102.3,103.8,103.0,104.3",21.0,999.0,999.0,999,999,0
999,999999,"110.1,111.8,109.8,110.1,114.9,114.2,115.3",23.9,999.0,999.0,999,999,0
999,999999,"90.4,88.8,19.5,94.7,94.8",10.2,999.0,999.0,999,999,0
999,999999,"101.6,103.7,106.7,107.2,111.3,112.8,111.6,111.3,110.9",23.6,999.0,999.0,999,999,0
999,999999,"70.4,72.2,73.0,74.4,80.5,82.2",14.8,999.0,999.0,999,999,0
999,999999,"71.4,74.1,75.1,74.1,74.9,76.4,77.8",20.2,999.0,999.0,999,999,0
999,999999,"104.7,103.7,101.6,103.4,109.7,113.4,111.5,112.7,112.1",10.8,999.0,999.0,999,999,0
999,999999,"59.7,62.6,67.6,67.1,68.8,69.6,173.9,72.1,72.0",15.4,999.0,999.0,999,999,0
999,999999,"100.2,102.2,105.5,105.6,105.8,105.6,105.7",33.1,999.0,999.0,999,999,0
999,999999,"88.0,87.2,86.0,85.3,86.5,90.1,91.7,91.2,90.5",29.4,999.0,999.0,999,999,0
999,999999,"68.2,69.3,75.6,74.9,77.0,78.0,78.5,80.1",24.8,999.0,999.0,999,999,0
999,999999,"88.1,87.9,87.6,88.9,87.6,90.4,21.3",31.2,999.0,999.0,999,999,0
999,999999,"80.6,80.5,81.0,82.2,84.5,86.3,85.8,86.9,90.1",14.2,999.0,999.0,999,999,0
999,999999,"66.0,69.3,71.0,74.8,77.7",26.2,999.0,999.0,999,999,0
999,999999,"87.7,89.1,89.8,96.2,97.0",29.9,999.0,999.0,999,999,0
999,999999,"75.0,76.1,84.0,86.9,85.4,87.0,85.7",29.8,999.0,999.0,999,999,0
999,999999,"82.7,81.9,83.7,86.3,87.5,84.9,86.3,89.3,129.3",33.0,999.0,999.0,999,999,0
999,999999,"93.4,91.2,93.7,95.5,97.8,97.3,97.1",11.6,999.0,999.0,999,999,0
999,999999,"83.5,83.6,83.5,83.7,84.9,84.6,84.5,138.9,86.4,83.1",19.7,999.0,999.0,999,999,0
999,999999,"78.0,172.5,84.8,88.7,92.5,94.4,94.6,96.4,101.9",15.2,999.0,999.0,999,999,0
999,999999,"87.6,86.9,89.8,90.7,89.2,89.6,87.8,88.3,89.4",11.7,999.0,999.0,999,999,0
999,999999,"100.7,101.9,106.9,110.1,108.6,110.7,113.4",30.5,999.0,999.0,999,999,0
999,999999,"78.1,77.9,77.4,76.9,75.9,79.1,79.8,82.0,82.3",30.7,999.0,999.0,999,999,0
999,999999,"113.6,112.5,114.3,115.6,117.3,117.1",31.6,999.0,999.0,999,999,0
999,999999,"106.2,104.1,104.9,103.3,99.7,100.5,103.7,105.0,106.6",9.7,999.0,999.0,999,999,0
999,999999,"112.2,110.8,108.3,108.5,108.3,108.5,112.3,113.4,115.2",29.1,999.0,999.0,999,999,0
999,999999,"15.9,77.3,76.2,77.5,77.7,78.6,79.4",14.3,999.0,999.0,999,999,0
999,999999,"104.8,106.3,107.0,105.6,104.8",30.8,999.0,999.0,999,999,0
999,999999,"88.7,89.9,89.0,87.7,89.9,92.7,93.7,94.1",31.0,999.0,999.0,999,999,0
999,999999,"92.5,92.5,95.0,99.1,98.9,99.8,98.5,98.2,96.6,95.6",33.8,999.0,999.0,999,999,0
999,999999,"111.1,103.0,113.0,115.6,117.7,119.0",19.1,999.0,999.0,999,999,0
999,999999,"81.8,82.5,82.0,83.6,87.3,87.8,89.7",21.5,999.0,999.0,999,999,0
999,999999,"95.9,97.3,99.3,99.8,99.3,98.6,98.9,102.9,102.0",15.5,999.0,999.0,999,999,0
999,999999,"99.3,98.5,97.3,98.4,100.2,101.6,103.0",13.2,999.0,999.0,999,999,0
999,999999,"96.0,97.2,99.1,98.7,100.6,101.5,104.2,103.4,104.8,108.0",25.9,999.0,999.0,999,999,0
999,999999,"104.6,103.5,102.3,103.7,103.5,102.3,102.5,106.0,29.3",32.1,999.0,999.0,999,999,0
999,999999,"92.0,126.1,91.3,91.7,92.1,16.0,91.0",9.7,999.0,999.0,999,999,0
999,999999,"107.3,110.6,110.2,114.0,116.4",29.1,999.0,999.0,999,999,0
999,999999,"80.8,81.3,82.0,82.4,83.5,82.5,86.4,86.8,87.8,88.2",22.6,999.0,999.0,999,999,0
999,999999,"74.5,77.0,28.6,126.6,86.0,87.9,88.3",34.5,999.0,999.0,999,999,0
999,999999,"100.0,100.8,100.3,100.3,98.6,162.8,96.9,95.6,91.7",13.6,999.0,999.0,999,999,0
999,999999,"106.4,106.0,105.0,108.5,109.0,116.1",26.1,999.0,999.0,999,999,0
999,999999,"81.6,84.3,84.4,85.1,85.2,85.6,87.5",11.3,999.0,999.0,999,999,0
999,999999,"100.8,104.9,106.1,105.9,107.5,107.3,108.4,111.3,112.2,113.8",14.9,999.0,999.0,999,999,0
999,999999,"108.5,107.4,108.9,111.6,113.2,115.6,117.2,117.1",16.5,999.0,999.0,999,999,0
999,999999,"88.8,142.0,94.6,96.5,97.0,96.9,102.3,101.6",18.9,999.0,999.0,999,999,0
999,999999,"90.1,94.0,94.5,93.3,93.7",17.8,999.0,999.0,999,999,0
999,999999,"16.1,73.7,74.6,75.9,75.4",11.3,999.0,999.0,999,999,0
999,999999,"168.3,64.5,64.3,70.7,70.8,70.3",19.2,999.0,999.0,999,999,0
999,999999,"103.8,104.5,105.4,103.0,102.5",22.8,999.0,999.0,999,999,0
999,999999,"66.5,65.7,69.9,73.9,72.7,75.0,75.2,76.7,76.8",33.8,999.0,999.0,999,999,0
999,999999,"17.4,67.9,67.8,65.6,71.1,71.0,73.7,75.4,76.9",23.9,999.0,999.0,999,999,0
999,999999,"73.9,75.5,73.3,74.1,73.7,76.5,77.7,79.1,78.2,79.3",31.9,999.0,999.0,999,999,0
999,999999,"19.9,88.9,89.3,90.2,89.1,90.1,90.3",16.0,999.0,999.0,999,999,0
999,999999,"102.9,101.7,102.4,102.7,103.8,105.8,106.5",24.2,999.0,999.0,999,999,0
999,999999,"78.3,80.9,80.9,81.7,80.9,81.8",34.8,999.0,999.0,999,999,0
999,999999,"100.4,135.3,103.7,107.0,105.4,108.0,108.0,109.1,110.5",18.0,999.0,999.0,999,999,0
999,999999,"104.4,106.2,109.7,111.9,116.3,115.9,113.0",24.0,999.0,999.0,999,999,0
999,999999,"138.7,111.1,23.6,112.2,111.7,113.0",26.4,999.0,999.0,999,999,0
999,999999,"96.9,97.5,98.1,104.0,101.8,101.0,99.2,98.9,99.4",27.0,999.0,999.0,999,999,0
999,999999,"92.9,93.7,94.5,92.5,91.7,95.9,97.7,100.1",14.1,999.0,999.0,999,999,0
999,999999,"103.7,104.8,105.2,109.3,110.0",22.9,999.0,999.0,999,999,0
999,999999,"103.1,103.4,102.1,105.1,105.4,106.5,108.7,105.8",10.9,999.0,999.0,999,999,0
999,999999,"62.0,63.0,66.3,65.8,67.2,67.0,69.4,72.5,72.0,73.3",33.8,999.0,999.0,999,999,0
999,999999,"71.6,75.5,75.9,75.6,78.8,80.6,80.7,83.5,85.5",33.3,999.0,999.0,999,999,0
999,999999,"71.6,72.9,70.6,71.2,71.3,73.7",13.6,999.0,999.0,999,999,0
999,999999,"102.5,105.2,105.0,105.2,107.5,107.2",12.9,999.0,999.0,999,999,0
999,999999,"81.1,89.4,90.5,92.9,92.0,91.6,90.4,18.0,86.8,86.2",23.4,999.0,999.0,999,999,0
999,999999,"71.2,77.4,78.6,81.2,83.1,109.1",29.6,999.0,999.0,999,999,0
999,999999,"88.8,94.2,96.2,98.0,99.7,100.4,100.2,100.8",18.2,999.0,999.0,999,999,0
999,999999,"84.8,83.6,85.6,87.2,86.2,171.6,92.5,91.9",11.9,999.0,999.0,999,999,0
999,999999,"87.6,89.5,88.0,92.1,94.4,93.9,100.0,100.8,101.2",26.2,999.0,999.0,999,999,0
999,999999,"78.4,78.1,79.4,80.3,81.3,79.1,76.8,76.5",13.0,999.0,999.0,999,999,0
999,999999,"109.3,111.2,113.7,116.1,113.5,165.8,114.6",14.8,999.0,999.0,999,999,0
999,999999,"17.7,107.6,107.2,108.7,109.9,111.9,113.8",25.1,999.0,999.0,999,999,0
999,999999,"76.3,77.6,77.3,76.8,74.9,74.7,73.6,122.3,74.7,74.4",16.3,999.0,999.0,999,999,0
999,999999,"76.6,79.7,83.1,83.4,82.2,82.6",31.4,999.0,999.0,999,999,0
999,999999,"80.9,79.7,80.2,81.7,79.1,79.8,82.7,85.8,86.7,89.4",14.3,999.0,999.0,999,999,0
999,999999,"69.6,74.6,75.2,158.4,78.1,79.5,79.4,80.6,84.0",19.6,999.0,999.0,999,999,0
999,999999,"103.9,105.6,107.2,108.3,109.1,112.7,113.9,114.5,114.8",27.2,999.0,999.0,999,999,0
999,999999,"101.2,101.6,103.1,106.0,106.4,104.7",21.0,999.0,999.0,999,999,0
999,999999,"83.1,85.1,85.8,93.1,93.1,99.4,100.8,101.2",31.1,999.0,999.0,999,999,0
999,999999,"101.6,103.0,101.6,101.3,100.7,99.1,100.2,100.6,103.7,105.3",32.8,999.0,999.0,999,999,0
999,999999,"58.0,147.8,61.2,62.9,65.7,70.6,69.3,73.2,73.4",13.4,999.0,999.0,999,999,0
999,999999,"62.9,63.5,64.6,66.0,104.9,70.4,69.7,69.4,69.6,72.9",29.9,999.0,999.0,999,999,0
999,999999,"82.7,81.7,79.7,82.2,84.2,87.9,89.9,91.1",32.3,999.0,999.0,999,999,0
999,999999,"84.8,86.1,88.0,19.3,87.6,90.1,93.2,94.1",20.4,999.0,999.0,999,999,0
999,999999,"101.3,104.0,105.2,106.2,106.7",27.9,999.0,999.0,999,999,0
999,999999,"94.7,25.2,95.3,94.3,95.6,148.3,99.1,100.3,101.6",30.7,999.0,999.0,999,999,0
