model,barcode,power,temperature,boundaryPowerMax,boundaryPowerMin,compressorModel,doza,label
508,508100131549691700508,"60,67.5,69.5,72,71.5,72,74.5",18.3,61.63,77.38,JiaXipera МM1090Y,18,1
508,508100131549691680508,"58,62.5,65,66,66.5,68.5,69,68",14.8,57.68,73.46,JiaXipera МM1090Y,18,1
508,508100131549691610508,"58,62",15.4,58.36,74.13,JiaXipera МM1090Y,18,1
508,508100131549691440508,"57.5,60.5,66,68,67.5,68,69,69.5",17.2,60.39,76.15,JiaXipera МM1090Y,18,1
508,508100131549691430508,"57.5,65.5,67.5,68.5,69,68.5,69",16.1,59.15,74.92,JiaXipera МM1090Y,18,1
508,508100131549691420508,"57,61.5,63.5,65,66.5,67,66.5",16.3,59.38,75.14,JiaXipera МM1090Y,18,1
508,508100131549691410508,"59,62.5,65.5,66.5,68,68.5,70,68",16.3,59.38,75.14,JiaXipera МM1090Y,18,1
508,508100131549691380508,"58.5,64.5,67.5,69,68.5,70.5,69",16.3,59.38,75.14,JiaXipera МM1090Y,18,1
508,508100131549691370508,"59.5,65.5,66.5,67,67.5,68.5,69,67.5",16.7,59.83,75.59,JiaXipera МM1090Y,18,1
508,508100131549691320508,"58.5,64.5,65,68,69,69.5",16.3,59.38,75.14,JiaXipera МM1090Y,18,1
508,508100131549691310508,"61,66,67.5,69,70.5,67.5",16.5,59.6,75.36,JiaXipera МM1090Y,18,1
508,508100131549691300508,"60,65.5,66.5,68,67.5",16.4,59.49,75.25,JiaXipera МM1090Y,18,1
508,508100131549691290508,"57,61.5,64,65,67.5,68.5,69,67",16.4,59.49,75.25,JiaXipera МM1090Y,18,1
508,508100131549691270508,"62,66.5,68.5,69.5,71,72.5,70.5",16.5,59.6,75.36,JiaXipera МM1090Y,18,1
508,508100131549691250508,"60.5,65,67.5,68.5,67,68,69,67",16.5,59.6,75.36,JiaXipera МM1090Y,18,1
508,508100131549691240508,"61,67,67.5,69,69.5,70.5,71.5,69.5",17.3,60.51,76.26,JiaXipera МM1090Y,18,1
508,508100131549691180508,"61.5,66.5,67.5,69.5,71,69.5,70,70.5,68.5",17.0,60.17,75.92,JiaXipera МM1090Y,18,1
508,508100131549691170508,"58.5,64,67,68.5,69.5,70,70.5,69.5,68.5",17.2,60.39,76.15,JiaXipera МM1090Y,18,1
508,508100131549691130508,"61,64.5,66.5,68.5,69,68.5,69.5,67.5",17.0,60.17,75.92,JiaXipera МM1090Y,18,1
508,508100131549691110508,"60.5,66,68,68.5,69,70,68.5",17.1,60.28,76.04,JiaXipera МM1090Y,18,1
508,508100131549691100508,"59,65.5,67,68.5,69,67",17.2,60.39,76.15,JiaXipera МM1090Y,18,1
508,508100131549691090508,"60.5,63.5,67,68.5,70,70.5,69.5,71,69",17.1,60.28,76.04,JiaXipera МM1090Y,18,1
508,508100131549691080508,"59,62,65.5,67,66.5,69,69.5,70.5,69,68",17.2,60.39,76.15,JiaXipera МM1090Y,18,1
508,508100131549691070508,"60.5,63,65.5,68.5,69,68,68.5,69",17.6,60.84,76.6,JiaXipera МM1090Y,18,1
508,508100131549691050508,"58,61.5,66.5,67.5,68.5,69,70,69.5,68",17.5,60.73,76.48,JiaXipera МM1090Y,18,1
508,508100131549691020508,"58,64.5,66.5,68.5,69.5,70,70.5,69",17.7,60.96,76.71,JiaXipera МM1090Y,18,1
508,508100131549691000508,"60,66,66.5,68.5,69.5,70.5,68",17.5,60.73,76.48,JiaXipera МM1090Y,18,1
508,508100131549690990508,"58,62.5,65,67,69,69.5,68.5",17.6,60.84,76.6,JiaXipera МM1090Y,18,1
508,508100131549690980508,"61,66,67.5,69,70.5,71,70,68",17.5,60.73,76.48,JiaXipera МM1090Y,18,1
508,508100131549690950508,"58.5,63,66,67.5,69.5,67.5",17.8,61.07,76.82,JiaXipera МM1090Y,18,1
508,508100131549690940508,"59,65,66,66.5,68,68.5,69,68",17.7,60.96,76.71,JiaXipera МM1090Y,18,1
508,508100131549690930508,"58,64.5,67,68.5,70.5,71.5,70",17.9,61.18,76.93,JiaXipera МM1090Y,18,1
508,508100131549690920508,"59.5,65.5,68.5,70,71,70",17.7,60.96,76.71,JiaXipera МM1090Y,18,1
508,508100131549690910508,"58.5,63.5,66,67,69,70,72,72.5",17.7,60.96,76.71,JiaXipera МM1090Y,18,1
508,508100131549690900508,"60.5,67,69,70.5,71,72.5,72,72.5,70.5",17.9,61.18,76.93,JiaXipera МM1090Y,18,1
508,508100131549690880508,"59,65,66,67.5,70,70.5,72,70",17.9,61.18,76.93,JiaXipera МM1090Y,18,1
508,508100131549690870508,"63.5,68.5,69.5,71,72.5,74,73.5,71.5,70.5",17.8,61.07,76.82,JiaXipera МM1090Y,18,1
508,508100131549690830508,"58,68,68.5,70.5,71,71.5,69.5",17.7,60.96,76.71,JiaXipera МM1090Y,18,1
508,508100131549690810508,"61,66.5,69.5,72,73,72,71.5,72.5",17.7,60.96,76.71,JiaXipera МM1090Y,18,1
508,508100131549690790508,"64,68.5,71,72,73.5,73,72.5",17.9,61.18,76.93,JiaXipera МM1090Y,18,1
508,508100131549690770508,"62.5,69,71,71.5,72,73,72",18.0,61.3,77.04,JiaXipera МM1090Y,18,1
508,508100131549690760508,"60.5,67.5,69.5,71,72,71,72.5,71",17.9,61.18,76.93,JiaXipera МM1090Y,18,1
508,508100131549690750508,"60,65.5,69,70,72,72.5,73,71.5",18.0,61.3,77.04,JiaXipera МM1090Y,18,1
508,508100131549690710508,"62,67,70,71.5,73,73.5,75.5,75",18.1,61.41,77.16,JiaXipera МM1090Y,18,1
508,508100131549690670508,"62,67.5,70,70.5,72,71,73,72",18.2,61.52,77.27,JiaXipera МM1090Y,18,1
508,508100131549690660508,"64.5,68.5,72,73,75,75.5,76,74",18.3,61.63,77.38,JiaXipera МM1090Y,18,1
508,508100131549691260508,"58.5,64,65,67.5,68,69,70.5,68.5",16.6,59.72,75.48,JiaXipera МM1090Y,18,1
508,508100131549690650508,"63,68.5,70,72,72.5,73.5,74,72.5",18.2,61.52,77.27,JiaXipera МM1090Y,18,1
508,508100131549690620508,"61.5,64.5,67,70.5,71,72,72.5,72,71.5",18.5,61.86,77.6,JiaXipera МM1090Y,18,1
508,508100131549690600508,"63,68.5,72,72.5,73.5,75,74.5,75",18.4,61.75,77.49,JiaXipera МM1090Y,18,1
508,508100131549690590508,"63.5,66.5,68.5,70.5,72.5,75,75.5",18.5,61.86,77.6,JiaXipera МM1090Y,18,1
508,508100131549690580508,"57,63,68,70,71.5,73,74,72.5",19.4,62.88,78.61,JiaXipera МM1090Y,18,1
508,508100131549690570508,"60.5,66.5,70,71,71.5,72.5,71.5",18.6,61.97,77.72,JiaXipera МM1090Y,18,1
508,508100131549690560508,"58,64,68,70,71.5,73,72.5",19.4,62.88,78.61,JiaXipera МM1090Y,18,1
508,508100131549690550508,"60.5,68,69.5,71,72,72.5,74.5,71.5",18.6,61.97,77.72,JiaXipera МM1090Y,18,1
508,508100131549690540508,"60.5,66,69,71,73,72.5,74,72.5",18.6,61.97,77.72,JiaXipera МM1090Y,18,1
508,508100131549690470508,"65,67.5,71,74,74.5,73.5,74,74.5,74",19.5,62.99,78.72,JiaXipera МM1090Y,18,1
508,508100131549690440508,"61,63,68,70,71.5,72,63.5",19.8,63.33,79.06,JiaXipera МM1090Y,18,1
508,508100131549690430508,"59.5,64.5,67,67.5,69,70,70.5,71,70",19.6,63.1,78.84,JiaXipera МM1090Y,18,1
508,508100131549690410508,"61.5,68,69,71,71.5,73,74,72",19.7,63.21,78.95,JiaXipera МM1090Y,18,1
508,508100131549690390508,"60.5,67.5,69,70,70.5,71.5,70",20.1,63.67,79.4,JiaXipera МM1090Y,18,1
508,508100131549690380508,"62.5,66.5,69,71,72,74.5,75,74",19.8,63.33,79.06,JiaXipera МM1090Y,18,1
508,508100131549690370508,"60,67,68.5,69.5,70.5,71,72,72.5,72",20.4,64.0,79.73,JiaXipera МM1090Y,18,1
508,508100131549690340508,"63,65,69,70,72,74.5,75,72.5",20.6,64.23,79.96,JiaXipera МM1090Y,18,1
508,508100131549690330508,"57.5,61,63.5,66,68.5,70,73,74.5,74",20.4,64.0,79.73,JiaXipera МM1090Y,18,1
508,508100131549690310508,"57,62.5,64,65.5,66,68,66.5,66,65.5",17.3,60.51,76.26,JiaXipera МM1090Y,18,1
508,508100131549690250508,"56.5,61,62.5,63.5,65,66.5,65.5",17.2,60.39,76.15,JiaXipera МM1090Y,18,1
508,508100131549690230508,"63,68.5,71.5,73,72.5,74,72",20.6,64.23,79.96,JiaXipera МM1090Y,18,1
508,508100131549690210508,"58,61,65.5,66.5,67,67.5",17.3,60.51,76.26,JiaXipera МM1090Y,18,1
508,508100131549690200508,"60.5,65.5,67.5,70,71,71.5,72.5,72,71",17.6,60.84,76.6,JiaXipera МM1090Y,18,1
508,508100131549690180508,"59.5,65.5,67.5,68,68.5,69,70.5,69",17.7,60.96,76.71,JiaXipera МM1090Y,18,1
508,508100131549690170508,"60.5,63,66,68.5,70,69,68.5",19.4,62.88,78.61,JiaXipera МM1090Y,18,1
508,508100131549690140508,"55,59.5,59,63.5,66,67,68,68.5,67.5",17.2,60.39,76.15,JiaXipera МM1090Y,18,1
508,508100131549690130508,"54.5,60.5,62,64.5,67.5,68.5,67.5",17.2,60.39,76.15,JiaXipera МM1090Y,18,1
508,508100131549690120508,"54.5,60,63,65,66.5,67.5,68.5,66",17.2,60.39,76.15,JiaXipera МM1090Y,18,1
508,508100131549691350508,"60,64,66.5,68,69.5,70.5,69.5",16.3,59.38,75.14,JiaXipera МM1090Y,18,1
508,508100131549690110508,"58,64.5,66.5,67.5,68.5,69.5,69,68.5,69.5",17.7,60.96,76.71,JiaXipera МM1090Y,18,1
508,508100131549690100508,"61,63.5,68.5,69.5,72.5,73.5,72",19.3,62.76,78.5,JiaXipera МM1090Y,18,1
508,508100131549575580508,"62,68,71.5,72.5,72,73,70.5",18.1,61.41,77.16,JiaXipera МM1090Y,18,1
508,508100131549575570508,"59.5,65.5,68,69.5,70.5,71,70",18.1,61.41,77.16,JiaXipera МM1090Y,18,1
508,508100131549575560508,"58.5,64.5,67,69,68.5,70,69.5,69",18.1,61.41,77.16,JiaXipera МM1090Y,18,1
508,508100131549575530508,"60.5,65,67,68,69.5,70,69,68.5",18.2,61.52,77.27,JiaXipera МM1090Y,18,1
508,508100131549575510508,"59,63.5,65,68.5,71,69.5",18.3,61.63,77.38,JiaXipera МM1090Y,18,1
508,508100131549575500508,"61.5,68,69.5,71,72,73.5,73,71.5",18.3,61.63,77.38,JiaXipera МM1090Y,18,1
508,508100131549575490508,"63,68.5,68,70.5,72,72.5,71",18.4,61.75,77.49,JiaXipera МM1090Y,18,1
508,508100131549575470508,"62,67.5,70,71.5,73.5,74,73.5,71",18.4,61.75,77.49,JiaXipera МM1090Y,18,1
508,508100131549575440508,"64,69.5,72.5,73,75.5,76.5,75",18.5,61.86,77.6,JiaXipera МM1090Y,18,1
508,508100131549575430508,"61.5,68,70,71,72,72.5,71.5",18.5,61.86,77.6,JiaXipera МM1090Y,18,1
508,508100131549575420508,"62,69,71.5,72.5,74,73.5,73",18.6,61.97,77.72,JiaXipera МM1090Y,18,1
508,508100131549575360508,"58.5,62.5,66,66.5,67.5,68.5,70,69",17.7,60.96,76.71,JiaXipera МM1090Y,18,1
508,508100131549691470508,"57,61.5,63,65,66.5,68,69,70,68",17.5,60.73,76.48,JiaXipera МM1090Y,18,1
508,508100131549575330508,"61,67,67.5,69.5,70.5,72,71",17.7,60.96,76.71,JiaXipera МM1090Y,18,1
508,508100131549575320508,"61.5,65.5,67.5,69,72.5,70.5,70,69",18.2,61.52,77.27,JiaXipera МM1090Y,18,1
508,508100131549575310508,"61.5,67.5,69,71,71.5,72,73,72.5",18.0,61.3,77.04,JiaXipera МM1090Y,18,1
508,508100131549575280508,"60.5,66.5,68.5,71,73,72,71.5",18.1,61.41,77.16,JiaXipera МM1090Y,18,1
508,508100131549575230508,"63.5,68.5,70,70.5,71,72,70",18.3,61.63,77.38,JiaXipera МM1090Y,18,1
508,508100131549575220508,"60,66,66.5,68,67.5,68.5,69,67.5",18.3,61.63,77.38,JiaXipera МM1090Y,18,1
508,508100131549575160508,"62,68,69.5,71.5,72,73,71",18.7,62.09,77.83,JiaXipera МM1090Y,18,1
508,508100131549575150508,"60.5,68,70.5,71.5,72.5,71.5,71",18.5,61.86,77.6,JiaXipera МM1090Y,18,1
508,508100131549575140508,"60,67.5,69.5,70,70.5,69.5,66",18.2,61.52,77.27,JiaXipera МM1090Y,18,1
508,508100131549575120508,"62,68,69,70,71.5,72,71.5,72.5,71,71.5",18.6,61.97,77.72,JiaXipera МM1090Y,18,1
508,508100131549575090508,"57.5,66.5,68.5,69,71,70,69",18.8,62.2,77.94,JiaXipera МM1090Y,18,1
508,508100131549575080508,"60,65.5,67.5,68,69.5,70.5,71,70",18.9,62.31,78.05,JiaXipera МM1090Y,18,1
508,508100131549575040508,"57.5,62.5,65.5,67,68,69,67.5",17.9,61.18,76.93,JiaXipera МM1090Y,18,1
508,508100131549575030508,"61,65.5,66,69,68.5,69.5,69,69.5,67.5",18.1,61.41,77.16,JiaXipera МM1090Y,18,1
508,508100131549575020508,"61.5,67.5,70,71.5,72,70,68",18.3,61.63,77.38,JiaXipera МM1090Y,18,1
508,508100131549575010508,"63,69.5,71,72.5,73,73.5,73,71",18.1,61.41,77.16,JiaXipera МM1090Y,18,1
508,508100131549574970508,"58.5,66,66.5,67.5,68.5,67.5",18.3,61.63,77.38,JiaXipera МM1090Y,18,1
508,508100131549574930508,"59.5,64.5,67.5,69.5,71.5,72,70",18.3,61.63,77.38,JiaXipera МM1090Y,18,1
508,508100131549574910508,"60.5,66,68.5,70,71.5,71,72,71.5,70.5",18.4,61.75,77.49,JiaXipera МM1090Y,18,1
508,508100131549574890508,"59,65,68.5,69.5,71,69,70.5,69.5",18.3,61.63,77.38,JiaXipera МM1090Y,18,1
508,508100131549574870508,"60,65.5,67.5,68.5,70.5,71,70",18.3,61.63,77.38,JiaXipera МM1090Y,18,1
508,508100131549574860508,"60,66.5,68.5,69.5,70.5,71,70.5",18.4,61.75,77.49,JiaXipera МM1090Y,18,1
508,508100131549574830508,"62,67.5,69,70.5,71.5,72,72.5,72",18.4,61.75,77.49,JiaXipera МM1090Y,18,1
508,508100131549574810508,"57.5,63,64.5,66.5,68.5,69,70,69.5",18.4,61.75,77.49,JiaXipera МM1090Y,18,1
508,508100131549574790508,"60.5,65,67.5,69,71,72.5,71",18.5,61.86,77.6,JiaXipera МM1090Y,18,1
508,508100131549574740508,"61.5,67,68,70,70.5,69.5",18.7,62.09,77.83,JiaXipera МM1090Y,18,1
508,508100131549574730508,"59,65.5,67.5,69.5,70.5,71.5,70",18.8,62.2,77.94,JiaXipera МM1090Y,18,1
508,508100131549574720508,"58.5,67.5,68.5,69.5,70.5,71,70",18.8,62.2,77.94,JiaXipera МM1090Y,18,1
508,508100131549574690508,"57.5,63,64.5,66.5,68.5,68,69.5,68",19.0,62.42,78.16,JiaXipera МM1090Y,18,1
508,508100131549574620508,"60.5,65.5,68,69,70,69.5,71,69",15.9,58.93,74.69,JiaXipera МM1090Y,18,1
508,508100131549574610508,"59.5,64.5,67,67.5,68,70,67.5",15.9,58.93,74.69,JiaXipera МM1090Y,18,1
508,508100131549574590508,"57.5,63,64,65.5,66,66.5,65.5",15.9,58.93,74.69,JiaXipera МM1090Y,18,1
508,508100131549574570508,"60.5,66,69,69",16.1,59.15,74.92,JiaXipera МM1090Y,18,1
508,508100131549574520508,"61,65,66.5,68,67.5,68.5,67.5",16.4,59.49,75.25,JiaXipera МM1090Y,18,1
508,508100131549574510508,"59,63,64.5,66,66.5,67,65",16.4,59.49,75.25,JiaXipera МM1090Y,18,1
508,508100131549574490508,"57.5,62,64,65.5,66,65.5,66,65.5",16.4,59.49,75.25,JiaXipera МM1090Y,18,1
508,508100131549574480508,"57.5,62,63,64,65.5,66.5,67.5,66.5",16.4,59.49,75.25,JiaXipera МM1090Y,18,1
508,508100131549574450508,"57.5,62,64.5,66,66.5,67.5,66",16.6,59.72,75.48,JiaXipera МM1090Y,18,1
508,508100131549574430508,"57.5,63,65,65.5,67,67.5,66.5",16.6,59.72,75.48,JiaXipera МM1090Y,18,1
508,508100131549574420508,"59,64.5,66,67.5,69,69.5,70.5,69.5",16.6,59.72,75.48,JiaXipera МM1090Y,18,1
508,508100131549574410508,"58,61.5,63.5,64.5,66,66.5,66,67.5,66.5",16.7,59.83,75.59,JiaXipera МM1090Y,18,1
508,508100131549690070508,"58.5,64,65.5,68.5,70,70.5,69.5",17.4,60.62,76.37,JiaXipera МM1090Y,18,1
508,508100131549574400508,"59,64.5,67,68.5,70,68,67.5",17.1,60.28,76.04,JiaXipera МM1090Y,18,1
508,508100131549574390508,"59,63.5,64.5,65.5,67,68,66.5",16.7,59.83,75.59,JiaXipera МM1090Y,18,1
508,508100131549574360508,"57.5,61.5,63.5,65.5,66,66.5,64.5",17.0,60.17,75.92,JiaXipera МM1090Y,18,1
508,508100131549574340508,"59,64,66,66.5,67.5,68.5,67",16.9,60.05,75.81,JiaXipera МM1090Y,18,1
508,508100131549574310508,"58.5,64,66,67,67.5,68.5,67",17.2,60.39,76.15,JiaXipera МM1090Y,18,1
508,508100131549574290508,"56,61.5,64,66,67,67.5,68.5,67.5",17.1,60.28,76.04,JiaXipera МM1090Y,18,1
508,508100131549574280508,"57,62,64.5,65,65.5,67.5,67",17.2,60.39,76.15,JiaXipera МM1090Y,18,1
508,508100131549574270508,"59,64,65.5,67.5,68,67,68.5,67.5",17.3,60.51,76.26,JiaXipera МM1090Y,18,1
508,508100131549574240508,"59,64,66,68,69,69.5",17.5,60.73,76.48,JiaXipera МM1090Y,18,1
508,508100131549574230508,"63.5,67,69,70,71,71.5,72,70",17.4,60.62,76.37,JiaXipera МM1090Y,18,1
508,508100131549574180508,"59,63.5,65,66,67.5,69.5,68",17.1,60.28,76.04,JiaXipera МM1090Y,18,1
508,508100131549574160508,"54.5,59,62.5,63.5,64.5,65,67,66",17.0,60.17,75.92,JiaXipera МM1090Y,18,1
508,508100131549574150508,"58,62.5,65.5,67.5,68,67,68.5",17.0,60.17,75.92,JiaXipera МM1090Y,18,1
508,508100131549574140508,"58,64.5,65,66.5,68,69,68",17.1,60.28,76.04,JiaXipera МM1090Y,18,1
508,508100131549574120508,"62.5,64.5,65.5,67,69.5,70,68.5,65",17.2,60.39,76.15,JiaXipera МM1090Y,18,1
508,508100131549574110508,"58.5,64.5,66,67.5,68.5,69.5,71,69.5",17.3,60.51,76.26,JiaXipera МM1090Y,18,1
508,508100131549574100508,"58.5,65,66.5,68.5,69,70.5,68.5",17.3,60.51,76.26,JiaXipera МM1090Y,18,1
508,508100131549574090508,"58.5,63.5,65.5,66.5,68.5,67.5,68.5,67",17.7,60.96,76.71,JiaXipera МM1090Y,18,1
508,508100131549691150508,"60.5,66,66.5,68,70,70.5,70",17.1,60.28,76.04,JiaXipera МM1090Y,18,1
508,508100131549574080508,"60.5,62.5,67.5,69,70.5,70,70.5",17.2,60.39,76.15,JiaXipera МM1090Y,18,1
508,508100131549574040508,"56.5,62,63,65.5,66.5,67,68.5,65.5",17.3,60.51,76.26,JiaXipera МM1090Y,18,1
508,508100131549574550508,"59,65.5,67.5,67,67.5,68,66",16.2,59.26,75.03,JiaXipera МM1090Y,18,1
508,508100131549574030508,"59,65,66.5,68.5,69,69.5,69,67.5",17.3,60.51,76.26,JiaXipera МM1090Y,18,1
508,508100131549575400508,"59,62.5,64.5,66.5,67.5,68,67.5,66.5",16.2,59.26,75.03,JiaXipera МM1090Y,18,1
508,508100131549574000508,"61,66.5,69.5,70,70.5,69,69.5,70,68.5",17.5,60.73,76.48,JiaXipera МM1090Y,18,1
508,508100131549575210508,"61.5,68.5,69.5,70.5,71,70.5,71.5,70.5",18.2,61.52,77.27,JiaXipera МM1090Y,18,1
508,508100131549573990508,"61,65.5,67,68.5,69,70,69,68.5",17.5,60.73,76.48,JiaXipera МM1090Y,18,1
508,508100131549573940508,"56.5,61.5,63,64.5,65.5,67.5,68,68.5,69,69.5",17.9,61.18,76.93,JiaXipera МM1090Y,18,1
508,508100131549573920508,"64,69,71.5,72.5,73,74,72",17.8,61.07,76.82,JiaXipera МM1090Y,18,1
508,508100131549573910508,"60,62.5,64.5,65.5,68,69,69.5,70,70.5,69.5",18.0,61.3,77.04,JiaXipera МM1090Y,18,1
508,508100131549573900508,"58,67.5,67,69,70,69.5",17.8,61.07,76.82,JiaXipera МM1090Y,18,1
508,508100131549573850508,"59,64,66,68.5,69.5,70,70.5,67.5",18.0,61.3,77.04,JiaXipera МM1090Y,18,1
508,508100131549573840508,"59.5,65.5,66.5,68,69,70,70.5,70",18.3,61.63,77.38,JiaXipera МM1090Y,18,1
508,508100131549573830508,"58.5,63,65.5,66.5,67.5,68.5,70,68.5",18.2,61.52,77.27,JiaXipera МM1090Y,18,1
508,508100131549573820508,"58.5,64,65.5,67.5,67,69,69.5,67.5",18.2,61.52,77.27,JiaXipera МM1090Y,18,1
508,508100131549573790508,"61.5,67,69,71,72,72.5,73",18.2,61.52,77.27,JiaXipera МM1090Y,18,1
508,508100131549573770508,"60,63.5,65,66.5,68,68.5,69,71.5,69",19.5,62.99,78.72,JiaXipera МM1090Y,18,1
508,508100131549574010508,"59,64.5,66.5,69,70,70.5,69,68.5",17.5,60.73,76.48,JiaXipera МM1090Y,18,1
508,508100131549573750508,"59.5,65,68,69.5,70.5,72.5,71",18.5,61.86,77.6,JiaXipera МM1090Y,18,1
508,508100131549573740508,"59.5,65,67,68.5,69,68,70,69",18.5,61.86,77.6,JiaXipera МM1090Y,18,1
508,508100131549573730508,"59.5,64.5,65.5,68,69.5,71,68.5",18.6,61.97,77.72,JiaXipera МM1090Y,18,1
508,508100131549573720508,"60,64.5,65.5,69,69.5,70,70.5,69",18.6,61.97,77.72,JiaXipera МM1090Y,18,1
508,508100131549573690508,"59.5,67.5,68.5,71,71.5,72.5,72,72.5,73,71",18.8,62.2,77.94,JiaXipera МM1090Y,18,1
508,508100131549573680508,"63,67,68,69,70,71,72,72.5,74,71.5",18.8,62.2,77.94,JiaXipera МM1090Y,18,1
508,508100131549573630508,"57,61.5,65,67.5,70.5,68.5,70,69.5",19.4,62.88,78.61,JiaXipera МM1090Y,18,1
508,508100131549573620508,"57.5,62.5,64,64.5,65.5,67,67.5,69.5,70.5",19.5,62.99,78.72,JiaXipera МM1090Y,18,1
508,508100131549573610508,"59.5,61.5,63.5,65,67,67.5,68.5,69.5,69",19.5,62.99,78.72,JiaXipera МM1090Y,18,1
508,508100131549573600508,"61.5,66.5,69,71,72,72.5,74,72.5",19.5,62.99,78.72,JiaXipera МM1090Y,18,1
508,508100131549573590508,"62.5,67.5,69.5,70.5,72,72.5,74.5,72.5",19.5,62.99,78.72,JiaXipera МM1090Y,18,1
508,508100131549573580508,"60,66,69,71.5,72,72.5,72",19.8,63.33,79.06,JiaXipera МM1090Y,18,1
508,508100131549573570508,"62,67,69.5,70,72.5,73,72.5,73,71",20.1,63.67,79.4,JiaXipera МM1090Y,18,1
508,508100131549573550508,"60.5,67,69,71.5,72.5,73,74,73.5",19.7,63.21,78.95,JiaXipera МM1090Y,18,1
508,508100131549573540508,"62,68,69.5,71.5,72.5,73.5,72,71.5",19.6,63.1,78.84,JiaXipera МM1090Y,18,1
508,508100131549573530508,"62,69.5,71.5,72,73.5,74.5,75.5,73",19.6,63.1,78.84,JiaXipera МM1090Y,18,1
508,508100131549573520508,"59.5,64.5,67.5,68.5,70,71,70,70.5,69",19.7,63.21,78.95,JiaXipera МM1090Y,18,1
508,508100131549573500508,"59.5,66,68.5,69.5,71,71.5,70",19.8,63.33,79.06,JiaXipera МM1090Y,18,1
508,508100131549573490508,"60.5,65.5,68,70,71.5,71,72,70",19.8,63.33,79.06,JiaXipera МM1090Y,18,1
508,508100131549573460508,"61.5,67,69,70.5,71.5,73,71",19.8,63.33,79.06,JiaXipera МM1090Y,18,1
508,508100131549573450508,"61,67,68.5,71,72.5,73.5,72,72.5,74.5",19.8,63.33,79.06,JiaXipera МM1090Y,18,1
508,508100131549573420508,"63,68.5,70,71,73.5,74.5,73.5",19.9,63.44,79.17,JiaXipera МM1090Y,18,1
508,508100131549573410508,"61,67.5,70,70.5,71,72.5,71.5,70.5",19.9,63.44,79.17,JiaXipera МM1090Y,18,1
508,508100131549573400508,"61.5,69,71.5,73,72,73.5,75.5,73.5",19.9,63.44,79.17,JiaXipera МM1090Y,18,1
508,508100131549573390508,"60,67,69.5,70,72,72.5,70.5",20.0,63.55,79.28,JiaXipera МM1090Y,18,1
508,508100131549574380508,"55.5,57.5,61.5,64,65,66.5,66,68,68.5",16.7,59.83,75.59,JiaXipera МM1090Y,18,1
508,508100131549573380508,"63,69.5,71.5,72.5,73,74,75,73.5",19.9,63.44,79.17,JiaXipera МM1090Y,18,1
508,508100131549573370508,"60,66,70,69,71.5,73,72.5",20.0,63.55,79.28,JiaXipera МM1090Y,18,1
508,508100131549573360508,"59.5,62.5,68,70,71,72,75",20.0,63.55,79.28,JiaXipera МM1090Y,18,1
508,508100131549573350508,"61,68,68.5,70,70.5,72,73,72",20.0,63.55,79.28,JiaXipera МM1090Y,18,1
508,508100131549573340508,"60.5,65.5,69,71.5,72.5,73,74.5,73",20.1,63.67,79.4,JiaXipera МM1090Y,18,1
508,508100131549573330508,"63,68,70,72,73,72.5,73,71",20.2,63.78,79.51,JiaXipera МM1090Y,18,1
508,508100131549573320508,"60.5,66,68.5,69.5,70.5,71,71.5,72.5",20.1,63.67,79.4,JiaXipera МM1090Y,18,1
508,508100131549573310508,"61.5,66.5,68,70,71,74,72",20.2,63.78,79.51,JiaXipera МM1090Y,18,1
508,508100131549573300508,"67,70,72,73.5,74.5,75,73",20.2,63.78,79.51,JiaXipera МM1090Y,18,1
508,508100131549573280508,"60.5,70,70.5,71,74,72",20.3,63.89,79.62,JiaXipera МM1090Y,18,1
508,508100131549573220508,"64,68.5,71,73,73.5,72",20.5,64.12,79.84,JiaXipera МM1090Y,18,1
508,508100131549573210508,"62.5,68.5,70.5,74,73.5,74,74.5,72.5",20.5,64.12,79.84,JiaXipera МM1090Y,18,1
508,508100131549573150508,"59,63.5,65.5,67.5,68,70.5,71.5,70.5",20.5,64.12,79.84,JiaXipera МM1090Y,18,1
508,508100131549573120508,"62,69.5,71.5,72.5,73,73.5,72.5,73,72.5,72",20.5,64.12,79.84,JiaXipera МM1090Y,18,1
508,508100131549573110508,"59,64.5,66,68,69,71,71.5,70.5",21.0,64.68,80.4,JiaXipera МM1090Y,18,1
508,508100131549573100508,"60,67,68,70.5,72,74,72",21.3,65.02,80.74,JiaXipera МM1090Y,18,1
508,508100131549573090508,"64,68.5,71.5,74,75,75.5,76.5,75",20.9,64.57,80.29,JiaXipera МM1090Y,18,1
508,508100131549573080508,"60.5,65,67.5,69.5,71,72,72.5,71.5",21.0,64.68,80.4,JiaXipera МM1090Y,18,1
508,508100131549573070508,"61.5,68,70,70.5,72,73,72,72.5",20.5,64.12,79.84,JiaXipera МM1090Y,18,1
508,508100131549573050508,"60.5,66.5,69.5,71,72,73,72.5,73",20.6,64.23,79.96,JiaXipera МM1090Y,18,1
508,508100131549573040508,"61,66,68.5,70,71.5,72.5,72,71",20.7,64.34,80.07,JiaXipera МM1090Y,18,1
508,508100131549573030508,"63.5,66.5,69.5,72,74.5,73.5,73,73.5",20.5,64.12,79.84,JiaXipera МM1090Y,18,1
508,508100131549573020508,"61,66,68.5,70.5,72.5,74,72.5",20.7,64.34,80.07,JiaXipera МM1090Y,18,1
508,508100131549573010508,"60.5,66.5,67.5,69.5,71,70.5,72.5,70.5",20.7,64.34,80.07,JiaXipera МM1090Y,18,1
508,508100131549572980508,"59.5,65,68,69.5,70.5,71,72,71",20.7,64.34,80.07,JiaXipera МM1090Y,18,1
508,508100131549572970508,"60.5,67,69,71,72,72.5,70.5",20.7,64.34,80.07,JiaXipera МM1090Y,18,1
508,508100131549572940508,"63,68.5,71.5,73,74.5,75,76,73.5",20.8,64.46,80.18,JiaXipera МM1090Y,18,1
508,508100131549691400508,"59,64.5,66.5,68,67,68,69,68",16.3,59.38,75.14,JiaXipera МM1090Y,18,1
508,508100131549573260508,"60.5,65,69,71.5,72.5,73.5,73",20.4,64.0,79.73,JiaXipera МM1090Y,18,1
508,508100131549572920508,"62.5,68,69,70,71,71.5,72.5,73,72",20.9,64.57,80.29,JiaXipera МM1090Y,18,1
508,508100131549572910508,"61.5,67.5,69.5,71.5,72.5,73.5,75.5,72",20.8,64.46,80.18,JiaXipera МM1090Y,18,1
508,508100131549575260508,"61.5,66.5,68.5,69.5,70.5,70,70.5,70",18.1,61.41,77.16,JiaXipera МM1090Y,18,1
508,508100131549572870508,"62,64.5,69,72.5,73.5,75,74,75",20.9,64.57,80.29,JiaXipera МM1090Y,18,1
508,508100131549572860508,"62.5,68.5,70.5,72.5,74,75.5,76,73.5",20.9,64.57,80.29,JiaXipera МM1090Y,18,1
508,508100131549572810508,"56,64,67,70,71.5,70.5,68.5",21.1,64.79,80.52,JiaXipera МM1090Y,18,1
508,508100131549572800508,"60.5,65,67,69,70.5,71.5,70",21.2,64.91,80.63,JiaXipera МM1090Y,18,1
508,508100131549572780508,"61.5,66.5,70,72.5,73.5,74,75.5,73",21.2,64.91,80.63,JiaXipera МM1090Y,18,1
508,508100131549572760508,"63,69.5,71,73.5,74,74.5,74,72",21.3,65.02,80.74,JiaXipera МM1090Y,18,1
508,508100131549572750508,"64,68.5,71.5,73.5,74,74.5,72.5",21.3,65.02,80.74,JiaXipera МM1090Y,18,1
508,508100131549573560508,"59.5,66,68,70.5,72,71.5,72,70.5",19.6,63.1,78.84,JiaXipera МM1090Y,18,1
508,508100131549572730508,"63.5,67.5,70.5,71.5,73,73.5,74.5,73.5",21.3,65.02,80.74,JiaXipera МM1090Y,18,1
508,508100131549572710508,"55,60,62.5,63.5,64,66,66.5,68",17.0,60.17,75.92,JiaXipera МM1090Y,18,1
508,508100131549569820508,"63,68.5,70,72,74,73.5",20.3,63.89,79.62,JiaXipera МM1090Y,18,1
508,508100131549499750508,"57.5,62.5,64.5,67.5,68.5,69.5,68",18.1,61.41,77.16,JiaXipera МM1090Y,18,1
508,508100131549499730508,"58.5,64,65.5,67,68,69,70,69",18.1,61.41,77.16,JiaXipera МM1090Y,18,1
508,508100131549499690508,"58,63.5,67,67.5,68.5,69.5,70,68.5",17.8,61.07,76.82,JiaXipera МM1090Y,18,1
508,508100131549691120508,"60,66.5,68,69,70,71,70.5,69.5",17.1,60.28,76.04,JiaXipera МM1090Y,18,1
508,508100131549573130508,"64,68,70,72,73.5,72",20.5,64.12,79.84,JiaXipera МM1090Y,18,1
508,508100131549402580508,"67.5,69,70.5,70,69.5,69,68",17.8,61.07,76.82,JiaXipera МM1090Y,18,1
508,508100131549690850508,"58,64.5,67,68.5,70,71,72,71.5",18.5,61.86,77.6,JiaXipera МM1090Y,18,1
508,508100131549499720508,"63,68,70.5,72,71.5,72.5,70.5",17.7,60.96,76.71,JiaXipera МM1090Y,18,1
508,508100131549571770508,"59,64.5,67,68,69,70,71,69",17.7,60.96,76.71,JiaXipera МM1090Y,18,1
508,508100131549405960508,"63.5,67,69.5,70,71,69",15.5,58.47,74.24,JiaXipera МM1090Y,18,1
508,508100131549575480508,"60.5,66,67.5,68,69.5,70.5,69.5",18.4,61.75,77.49,JiaXipera МM1090Y,18,1
508,508100131549567960508,"57.5,62.5,63.5,64.5,65.5,66.5,67.5,68,67",16.0,59.04,74.8,JiaXipera МM1090Y,18,1
508,508100131549405950508,"64.5,68.5,72,73.5,73,71.5",15.3,58.25,74.02,JiaXipera МM1090Y,18,1
508,508100131549405940508,"63.5,68.5,69.5,71.5,72,73,72,70.5",15.6,58.59,74.36,JiaXipera МM1090Y,18,1
508,508100131549401220508,"63,65.5,67.5,69,70,69.5,68.5",18.7,62.09,77.83,JiaXipera МM1090Y,18,1
508,508100131549567920508,"60,65,67.5,69.5,70.5,71.5,69",16.2,59.26,75.03,JiaXipera МM1090Y,18,1
508,508100131549405850508,"63.5,70,71.5,72.5,72,72.5,73.5,71",15.7,58.7,74.47,JiaXipera МM1090Y,18,1
508,508100131549570550508,"66,70,73,73.5,75,76.5,75.5,76.5,74",21.1,64.79,80.52,JiaXipera МM1090Y,18,1
508,508100131549690720508,"60.5,69,71,72,72.5,74,72",18.0,61.3,77.04,JiaXipera МM1090Y,18,1
508,508100131549405780508,"60,64.5,66,67,66,64.5",16.6,59.72,75.48,JiaXipera МM1090Y,18,1
508,508100131549405650508,"58,63,63",16.9,60.05,75.81,JiaXipera МM1090Y,18,1
508,508100131549405760508,"59,63.5,64.5,65.5,66,66.5,64",16.1,59.15,74.92,JiaXipera МM1090Y,18,1
508,508100131549405530508,"59.5,64.5,67,68,69.5,67,67.5,65.5",17.1,60.28,76.04,JiaXipera МM1090Y,18,1
508,508100131549402860508,"59,63.5,67.5,68,69.5,68.5,68,68.5,69.5",17.0,60.17,75.92,JiaXipera МM1090Y,18,1
508,508100131549405430508,"60,64,66.5,68,69,67.5,68.5,66",18.0,61.3,77.04,JiaXipera МM1090Y,18,1
508,508100131549690320508,"63,68.5,70.5,71.5,73,75,73,71.5",20.6,64.23,79.96,JiaXipera МM1090Y,18,1
508,508100131549568730508,"55,60,62.5,64,64.5,65,64",14.8,57.68,73.46,JiaXipera МM1090Y,18,1
508,508100131549569050508,"55.5,59.5,61.5,63,62.5,63.5,64,63",13.9,56.67,72.45,JiaXipera МM1090Y,18,1
508,508100131549690450508,"57,63.5,66.5,68.5,70,71,72.5",19.5,62.99,78.72,JiaXipera МM1090Y,18,1
508,508100131549575190508,"63,69,71,72,72.5,72,73.5,71",18.5,61.86,77.6,JiaXipera МM1090Y,18,1
508,508100131549405410508,"56,63,64.5,65,65.5,66,66.5,67.5,67",17.9,61.18,76.93,JiaXipera МM1090Y,18,1
508,508100131549405390508,"55,60,63,64,66.5,67.5,65,66",17.9,61.18,76.93,JiaXipera МM1090Y,18,1
508,508100131549572470508,"61.5,67,68.5,70,70.5,71,71.5,72.5,71",20.1,63.67,79.4,JiaXipera МM1090Y,18,1
508,508100131549403930508,"59.5,63.5,64.5,65,65.5,65,65.5",16.7,59.83,75.59,JiaXipera МM1090Y,18,1
508,508100131549405340508,"61,67,67.5,69,70,71,70,69.5,68.5",18.2,61.52,77.27,JiaXipera МM1090Y,18,1
508,508100131549500530508,"57,61.5,64,65,66.5,66,65.5",16.9,60.05,75.81,JiaXipera МM1090Y,18,1
508,508100131549499630508,"59.5,68,68.5,69.5,69,70,68",17.9,61.18,76.93,JiaXipera МM1090Y,18,1
508,508100131549499810508,"60.5,65.5,67.5,69,70,68.5",17.7,60.96,76.71,JiaXipera МM1090Y,18,1
508,508100131549690280508,"60,66,67,69,69.5,71.5,72,71.5",20.3,63.89,79.62,JiaXipera МM1090Y,18,1
508,508100131549405330508,"59.5,63,64.5,65.5,67.5,68.5,68,68.5,68",18.1,61.41,77.16,JiaXipera МM1090Y,18,1
508,508100131549405290508,"57,63.5,64.5,65,66.5,67.5,66",18.1,61.41,77.16,JiaXipera МM1090Y,18,1
508,508100131549572220508,"61,67.5,71,73,73.5,72.5,73,72",20.4,64.0,79.73,JiaXipera МM1090Y,18,1
508,508100131549574020508,"59.5,70.5,71.5,70.5,70,69.5",17.4,60.62,76.37,JiaXipera МM1090Y,18,1
508,508100131549405210508,"60,65.5,67,69,68.5,69,67",18.4,61.75,77.49,JiaXipera МM1090Y,18,1
508,508100131549572560508,"64,68.5,72,74,73.5,73,71.5",20.1,63.67,79.4,JiaXipera МM1090Y,18,1
508,508100131549691620508,"58.5,63,64.5,66.5,67,67.5,66",15.3,58.25,74.02,JiaXipera МM1090Y,18,1
508,508100131549573800508,"59,64,65.5,67,67.5,69,71,69.5",18.2,61.52,77.27,JiaXipera МM1090Y,18,1
508,508100131549405190508,"58,62,65,64.5,68,67.5,68,66.5",18.3,61.63,77.38,JiaXipera МM1090Y,18,1
508,508100131549569550508,"62,67,69.5,72,72.5,70.5",20.4,64.0,79.73,JiaXipera МM1090Y,18,1
508,508100131549567190508,"59,64.5,66.5,67,66.5,67,68,66.5",15.4,58.36,74.13,JiaXipera МM1090Y,18,1
508,508100131549405160508,"59.5,66.5,67.5,68,68.5,68,65.5",18.5,61.86,77.6,JiaXipera МM1090Y,18,1
508,508100131549572020508,"60,66,67.5,68,68.5,69,68.5",16.7,59.83,75.59,JiaXipera МM1090Y,18,1
508,508100131549405750508,"56,63,65.5,66.5,67,67.5,66",16.2,59.26,75.03,JiaXipera МM1090Y,18,1
508,508100131549405620508,"58.5,63,64,65,65.5,64",16.8,59.94,75.7,JiaXipera МM1090Y,18,1
508,508100131549573480508,"58.5,64,66.5,69,69.5,70.5,72,72.5",20.1,63.67,79.4,JiaXipera МM1090Y,18,1
508,508100131549405130508,"60.5,66.5,67,68.5,67.5,68.5,66.5",18.4,61.75,77.49,JiaXipera МM1090Y,18,1
508,508100131549405820508,"57,61,63.5,64,65,64,65,63.5",16.0,59.04,74.8,JiaXipera МM1090Y,18,1
508,508100131549400240508,"62.5,70.5,73,73.5,73,72.5",19.4,62.88,78.61,JiaXipera МM1090Y,18,1
508,508100131549405080508,"59,65.5,68.5,69.5,69,69.5,71,69.5",18.5,61.86,77.6,JiaXipera МM1090Y,18,1
508,508100131549405070508,"58.5,65,68.5,70.5,71,70.5,71,69.5",18.5,61.86,77.6,JiaXipera МM1090Y,18,1
508,508100131549404710508,"59.5,65.5,67.5,70,71,69.5",19.2,62.65,78.39,JiaXipera МM1090Y,18,1
508,508100131549571790508,"60.5,66.5,68,68.5,69.5,68.5,71,69.5",17.6,60.84,76.6,JiaXipera МM1090Y,18,1
508,508100131549405030508,"57.5,60.5,64.5,65.5,66.5,67.5,68,68.5,69.5",18.7,62.09,77.83,JiaXipera МM1090Y,18,1
508,508100131549568690508,"57,62.5,64,65,66,64.5",14.8,57.68,73.46,JiaXipera МM1090Y,18,1
508,508100131549405000508,"61,65.5,66.5,70,68.5",18.6,61.97,77.72,JiaXipera МM1090Y,18,1
508,508100131549404980508,"60,66.5,69.5,70,68.5",18.6,61.97,77.72,JiaXipera МM1090Y,18,1
508,508100131549405580508,"55.5,60.5,62,64,64.5,65,63.5",16.9,60.05,75.81,JiaXipera МM1090Y,18,1
508,508100131549401770508,"63,64.5,66,67.5,68.5,71,70.5,70,69",18.1,61.41,77.16,JiaXipera МM1090Y,18,1
508,508100131549568600508,"53.5,59,60.5,62.5,64,64.5,63",14.8,57.68,73.46,JiaXipera МM1090Y,18,1
508,508100131549404960508,"59.5,65.5,66.5,68,68.5,70,70.5,68.5",18.6,61.97,77.72,JiaXipera МM1090Y,18,1
508,508100131549570730508,"61.5,66,69.5,71.5,73,73.5,74",20.6,64.23,79.96,JiaXipera МM1090Y,18,1
508,508100131549404950508,"59,65,66,70,68.5,69,70,68",18.5,61.86,77.6,JiaXipera МM1090Y,18,1
508,508100131549400970508,"62,66,68,68.5,69.5,68.5",19.1,62.54,78.28,JiaXipera МM1090Y,18,1
508,508100131549404890508,"58.5,65.5,67,69.5,71,70.5,68.5",18.7,62.09,77.83,JiaXipera МM1090Y,18,1
508,508100131549404880508,"60.5,65,66.5,68.5,69,69.5,70,68.5",18.7,62.09,77.83,JiaXipera МM1090Y,18,1
508,508100131549401120508,"60.5,66,68,68.5,69.5,68.5",18.7,62.09,77.83,JiaXipera МM1090Y,18,1
508,508100131549500490508,"57,62,66,66.5,67.5,68.5,66.5",16.8,59.94,75.7,JiaXipera МM1090Y,18,1
508,508100131549404970508,"61,65.5,68,71.5,70.5,70,68",18.6,61.97,77.72,JiaXipera МM1090Y,18,1
508,508100131549404870508,"60.5,65.5,69,71,72.5,71.5,72,70",18.7,62.09,77.83,JiaXipera МM1090Y,18,1
508,508100131549400120508,"59.5,65,68,69,70,70.5,71,70",19.5,62.99,78.72,JiaXipera МM1090Y,18,1
508,508100131549570940508,"65,70,71.5,73,74.5,75.5,76.5,74",20.2,63.78,79.51,JiaXipera МM1090Y,18,1
508,508100131549404840508,"63,67.5,68,70,70.5,72,70.5,69.5",18.8,62.2,77.94,JiaXipera МM1090Y,18,1
508,508100131549569040508,"55.5,59,60,62.5,64.5,64",14.0,56.78,72.56,JiaXipera МM1090Y,18,1
508,508100131549405890508,"56,63.5,66.5,67.5,67,67.5,69,67.5",15.6,58.59,74.36,JiaXipera МM1090Y,18,1
508,508100131549404810508,"64.5,70.5,71,70,70.5,69,68,68.5",19.3,62.76,78.5,JiaXipera МM1090Y,18,1
508,508100131549404770508,"59.5,64.5,65.5,69.5,71.5,71",18.9,62.31,78.05,JiaXipera МM1090Y,18,1
508,508100131549575550508,"61,68.5,70,72.5,73,72.5,73,71.5",18.1,61.41,77.16,JiaXipera МM1090Y,18,1
508,508100131549499760508,"60.5,66,68.5,70,70.5,69",17.7,60.96,76.71,JiaXipera МM1090Y,18,1
508,508100131549404760508,"57.5,62.5,65,66,67.5,67,68,66.5",18.8,62.2,77.94,JiaXipera МM1090Y,18,1
508,508100131549575350508,"60,67,69.5,70.5,71.5,73.5,71.5,72,70.5",17.7,60.96,76.71,JiaXipera МM1090Y,18,1
508,508100131549500120508,"59,64.5,66.5,67,68.5,69.5,68.5",17.4,60.62,76.37,JiaXipera МM1090Y,18,1
508,508100131549404720508,"60.5,66.5,68.5,69,70,69,70,69,69.5",19.1,62.54,78.28,JiaXipera МM1090Y,18,1
508,508100131549569200508,"55.5,56.5,60.5,61,61.5,62,63",14.0,56.78,72.56,JiaXipera МM1090Y,18,1
508,508100131549572430508,"60,67,69,69.5,70.5,71.5,72,71.5",20.2,63.78,79.51,JiaXipera МM1090Y,18,1
508,508100131549573810508,"59,64.5,66.5,69,69.5,70,69",18.2,61.52,77.27,JiaXipera МM1090Y,18,1
508,508100131549404650508,"60,65,67.5,69,70,69.5,71,69",19.2,62.65,78.39,JiaXipera МM1090Y,18,1
508,508100131549404610508,"62,67.5,70,71.5,72,71,70",19.3,62.76,78.5,JiaXipera МM1090Y,18,1
508,508100131549404590508,"57,62.5,64,65.5,67.5,67,66.5",19.1,62.54,78.28,JiaXipera МM1090Y,18,1
508,508100131549570480508,"58.5,65.5,67,69,69.5,73.5,75,73.5",21.1,64.79,80.52,JiaXipera МM1090Y,18,1
508,508100131549405050508,"63,68,69.5,70,71,72,70",18.6,61.97,77.72,JiaXipera МM1090Y,18,1
508,508100131549690400508,"63,67,70,70.5,72.5,73,73.5,73,72.5",20.2,63.78,79.51,JiaXipera МM1090Y,18,1
508,508100131549405640508,"59,63.5,65.5,66,66.5,65.5",16.7,59.83,75.59,JiaXipera МM1090Y,18,1
508,508100131549404480508,"58.5,66,68.5,70,70.5,69",19.4,62.88,78.61,JiaXipera МM1090Y,18,1
508,508100131549404570508,"56.5,61,63,63.5,65,65.5,67,66.5",19.1,62.54,78.28,JiaXipera МM1090Y,18,1
508,508100131549691330508,"62,66,68,69,69.5,69,70.5,70",16.4,59.49,75.25,JiaXipera МM1090Y,18,1
508,508100131549404560508,"57,61.5,64,64.5,66.5,67,69,67",19.1,62.54,78.28,JiaXipera МM1090Y,18,1
508,508100131549405610508,"59.5,63.5,65,66.5,65.5,66.5,66",16.8,59.94,75.7,JiaXipera МM1090Y,18,1
508,508100131549499640508,"59.5,64,66.5,67,68.5,69,69.5,68.5",17.8,61.07,76.82,JiaXipera МM1090Y,18,1
508,508100131549404530508,"59,65.5,68,70,69.5,67",19.2,62.65,78.39,JiaXipera МM1090Y,18,1
508,508100131549404500508,"57,61.5,65,64.5,65.5,66,67.5,66",19.3,62.76,78.5,JiaXipera МM1090Y,18,1
508,508100131549402830508,"56.5,64,67,68.5,69,68.5,68,66.5",17.0,60.17,75.92,JiaXipera МM1090Y,18,1
508,508100131549404490508,"62,65,66,67,68.5,69,70,69,68",19.3,62.76,78.5,JiaXipera МM1090Y,18,1
508,508100131549499660508,"58,64,69.5,71,71.5,72,71.5",17.8,61.07,76.82,JiaXipera МM1090Y,18,1
508,508100131549404400508,"61,68,70,71.5,71,71.5,69.5",19.4,62.88,78.61,JiaXipera МM1090Y,18,1
508,508100131549404110508,"59.5,64.5,67.5,66.5,67,68,67",16.3,59.38,75.14,JiaXipera МM1090Y,18,1
508,508100131549402560508,"57.5,59,66,68.5,69.5,70,70.5,69.5",17.9,61.18,76.93,JiaXipera МM1090Y,18,1
508,508100131549404240508,"60.5,64.5,67.5,68.5,70,70.5,72.5,71",19.4,62.88,78.61,JiaXipera МM1090Y,18,1
508,508100131549574500508,"57,62.5,63,65,65.5,66.5,67,65.5,65",16.6,59.72,75.48,JiaXipera МM1090Y,18,1
508,508100131549404630508,"60,67,68.5,66.5,68,69.5,69,68",19.3,62.76,78.5,JiaXipera МM1090Y,18,1
508,508100131549568480508,"56.5,59.5,63,65,66,65.5,66,66.5",15.4,58.36,74.13,JiaXipera МM1090Y,18,1
508,508100131549405100508,"59.5,67.5,68,69.5,70,69",18.5,61.86,77.6,JiaXipera МM1090Y,18,1
508,508100131549570570508,"61.5,67.5,71.5,72,74,74.5,72.5",21.1,64.79,80.52,JiaXipera МM1090Y,18,1
508,508100131549405230508,"58,65,66,67.5,68,68.5,66.5",18.3,61.63,77.38,JiaXipera МM1090Y,18,1
508,508100131549404130508,"59,65.5,67.5,68.5,67.5,69,64",16.4,59.49,75.25,JiaXipera МM1090Y,18,1
508,508100131549691690508,"57.5,62,62.5,63.5,66.5,68.5,69,68",14.8,57.68,73.46,JiaXipera МM1090Y,18,1
508,508100131549567250508,"62,66,67.5,66.5,67,66.5,67.5,66.5",15.3,58.25,74.02,JiaXipera МM1090Y,18,1
508,508100131549404120508,"57.5,62.5,63.5,65.5,66,67,65.5",16.3,59.38,75.14,JiaXipera МM1090Y,18,1
508,508100131549404470508,"58,62.5,64,65.5,66,66.5,68,66,65.5",19.4,62.88,78.61,JiaXipera МM1090Y,18,1
508,508100131549404090508,"60,65.5,66,65.5,66,63.5",16.6,59.72,75.48,JiaXipera МM1090Y,18,1
508,508100131549690300508,"61.5,67,69,70,74,75,74,73.5",20.5,64.12,79.84,JiaXipera МM1090Y,18,1
508,508100131549405220508,"57.5,64.5,65,67.5,67,68,66",18.4,61.75,77.49,JiaXipera МM1090Y,18,1
508,508100131549404080508,"58,62.5,64,65.5,67,66,67,66.5",16.6,59.72,75.48,JiaXipera МM1090Y,18,1
508,508100131549403140508,"61,66,67.5,70,69,70,70.5,69.5",17.3,60.51,76.26,JiaXipera МM1090Y,18,1
508,508100131549691450508,"60,65,67.5,67,67.5,68,66.5",15.9,58.93,74.69,JiaXipera МM1090Y,18,1
508,508100131549400080508,"62,67.5,70,70.5,71.5,70.5,71,70.5",19.6,63.1,78.84,JiaXipera МM1090Y,18,1
508,508100131549574920508,"59.5,65,67.5,69,70,70.5,70",18.3,61.63,77.38,JiaXipera МM1090Y,18,1
508,508100131549572950508,"60,68.5,71,72.5,71,70.5,71",20.8,64.46,80.18,JiaXipera МM1090Y,18,1
508,508100131549404060508,"61,65.5,68,69,69.5,69,69.5,68",16.4,59.49,75.25,JiaXipera МM1090Y,18,1
508,508100131549400110508,"62,67,69.5,71,72.5,71.5,72.5,70.5",19.6,63.1,78.84,JiaXipera МM1090Y,18,1
508,508100131549573470508,"58,64,66.5,68,69.5,70.5,72,71",20.6,64.23,79.96,JiaXipera МM1090Y,18,1
508,508100131549404040508,"59.5,65,66.5,66,66.5,67,68,66",16.4,59.49,75.25,JiaXipera МM1090Y,18,1
508,508100131549572310508,"57,64.5,67.5,69,71,71.5,71",20.4,64.0,79.73,JiaXipera МM1090Y,18,1
508,508100131549572230508,"61.5,67,71,72,72.5,73,71.5",20.4,64.0,79.73,JiaXipera МM1090Y,18,1
508,508100131549404600508,"58,63,64.5,66.5,67",19.1,62.54,78.28,JiaXipera МM1090Y,18,1
508,508100131549571990508,"55.5,60.5,62.5,64,64.5,66.5,67,67.5",16.8,59.94,75.7,JiaXipera МM1090Y,18,1
508,508100131549404300508,"62,67.5,68.5,70,69.5,70.5,70,68",19.3,62.76,78.5,JiaXipera МM1090Y,18,1
508,508100131549403980508,"59.5,60,61.5,62.5,63.5,64,63.5,64.5,65.5,65,66,66.5,67,67.5,67,67.5,68,67.5,68",16.6,59.72,75.48,JiaXipera МM1090Y,18,1
508,508100131549568550508,"54.5,56,58.5,60,62.5,63.5,64.5,65,66,64.5",15.0,57.91,73.68,JiaXipera МM1090Y,18,1
508,508100131549405350508,"54.5,61,63.5,64,65,66,66.5",18.1,61.41,77.16,JiaXipera МM1090Y,18,1
508,508100131549403850508,"60,65.5,67.5,68.5,69,67.5",16.9,60.05,75.81,JiaXipera МM1090Y,18,1
508,508100131549400500508,"59,66,69.5,68.5,69,70.5,71,71.5,70",19.2,62.65,78.39,JiaXipera МM1090Y,18,1
508,508100131549403840508,"63,66,65.5,66.5,67,68.5,67",17.0,60.17,75.92,JiaXipera МM1090Y,18,1
508,508100131549568570508,"57,60.5,61.5,63,64.5,65,64.5,65,64.5",14.8,57.68,73.46,JiaXipera МM1090Y,18,1
508,508100131549405570508,"57,65,66,67.5,68,67,66",17.1,60.28,76.04,JiaXipera МM1090Y,18,1
508,508100131549690270508,"66.5,69.5,70,73.5,72,72.5,74.5,74,73.5,72.5",20.3,63.89,79.62,JiaXipera МM1090Y,18,1
508,508100131549403820508,"59.5,64,66,67,67.5,68.5,68,67",17.1,60.28,76.04,JiaXipera МM1090Y,18,1
508,508100131549403700508,"58,61,63,65,67.5,68,68.5,66.5",16.6,59.72,75.48,JiaXipera МM1090Y,18,1
508,508100131549574770508,"61,67,69.5,71,72,73.5,73,72",18.6,61.97,77.72,JiaXipera МM1090Y,18,1
508,508100131549403270508,"58.5,64,65.5,66.5,67.5,68,68.5,68,69.5",17.2,60.39,76.15,JiaXipera МM1090Y,18,1
508,508100131549574350508,"58.5,65.5,66.5,68,69,68,69,68",17.2,60.39,76.15,JiaXipera МM1090Y,18,1
508,508100131549570900508,"64.5,69.5,71,73.5,75.5,72.5,73",21.1,64.79,80.52,JiaXipera МM1090Y,18,1
508,508100131549571930508,"59.5,63.5,64.5,67,68,67.5,66",17.3,60.51,76.26,JiaXipera МM1090Y,18,1
508,508100131549401320508,"60.5,64,65,66.5,68,68.5,69.5,69,69.5,69",18.7,62.09,77.83,JiaXipera МM1090Y,18,1
508,508100131549571800508,"59.5,64.5,65,65.5,66.5,67.5,68,67",17.6,60.84,76.6,JiaXipera МM1090Y,18,1
508,508100131549572390508,"61,66.5,68.5,71,71.5,72,70.5",20.2,63.78,79.51,JiaXipera МM1090Y,18,1
508,508100131549405730508,"58,62.5,64.5,66,65.5,66,67,66",16.3,59.38,75.14,JiaXipera МM1090Y,18,1
508,508100131549572400508,"63,68.5,71,71.5,73,74,74.5,73",20.2,63.78,79.51,JiaXipera МM1090Y,18,1
508,508100131549403680508,"56.5,62,63.5,64.5,65.5,66,66.5",16.5,59.6,75.36,JiaXipera МM1090Y,18,1
508,508100131549405370508,"58,67,68,70,71,68",18.0,61.3,77.04,JiaXipera МM1090Y,18,1
508,508100131549403670508,"60.5,64.5,66,66.5,60.5",16.5,59.6,75.36,JiaXipera МM1090Y,18,1
508,508100131549404850508,"64,71,71.5,72.5,70.5,71.5,70.5",18.7,62.09,77.83,JiaXipera МM1090Y,18,1
508,508100131549401810508,"57,64,65,68,69,68.5,68",17.8,61.07,76.82,JiaXipera МM1090Y,18,1
508,508100131549568230508,"55.5,60,63.5,64.5,65,64.5,66,64",15.7,58.7,74.47,JiaXipera МM1090Y,18,1
508,508100131549572010508,"59,63,65,66.5,68,68.5,69,68",16.8,59.94,75.7,JiaXipera МM1090Y,18,1
508,508100131549570680508,"62.5,66.5,68.5,69.5,72.5,73,71.5,72,71.5",20.8,64.46,80.18,JiaXipera МM1090Y,18,1
508,508100131549403650508,"62,62.5,67,67.5,68,69,68.5,66.5",16.5,59.6,75.36,JiaXipera МM1090Y,18,1
508,508100131549403640508,"57.5,62.5,64,65,66,66.5,67.5,65.5",16.7,59.83,75.59,JiaXipera МM1090Y,18,1
508,508100131549401730508,"61,65.5,67,68.5,69,70,70.5,70,69.5",18.2,61.52,77.27,JiaXipera МM1090Y,18,1
508,508100131549570650508,"62.5,69,71,72,74,73.5,72.5,73.5",20.8,64.46,80.18,JiaXipera МM1090Y,18,1
508,508100131549690460508,"61.5,64.5,68.5,71,72.5,72,73,72",19.6,63.1,78.84,JiaXipera МM1090Y,18,1
508,508100131549400890508,"59.5,65,67,68.5,69.5,70.5,71,70",18.7,62.09,77.83,JiaXipera МM1090Y,18,1
508,508100131549404800508,"59.5,64.5,66,67.5,68.5,67.5,68,67",18.9,62.31,78.05,JiaXipera МM1090Y,18,1
508,508100131549404830508,"59.5,65.5,67,68,69,69.5,68",18.9,62.31,78.05,JiaXipera МM1090Y,18,1
508,508100131549690780508,"62.5,68,69.5,72,71.5,72.5,72,71.5",18.0,61.3,77.04,JiaXipera МM1090Y,18,1
508,508100131549567700508,"55.5,62,62.5,64.5,66,67,68,67.5",15.3,58.25,74.02,JiaXipera МM1090Y,18,1
508,508100131549405270508,"60,65.5,67.5,69,69.5,68.5,68,66.5",18.3,61.63,77.38,JiaXipera МM1090Y,18,1
508,508100131549402590508,"59.5,65.5,67,68.5,71,69,69.5,69",18.0,61.3,77.04,JiaXipera МM1090Y,18,1
508,508100131549500340508,"61,66.5,69.5,70.5,72,71.5,70",18.1,61.41,77.16,JiaXipera МM1090Y,18,1
508,508100131549500540508,"59.5,64.5,66.5,68.5,69,69.5,68.5",17.4,60.62,76.37,JiaXipera МM1090Y,18,1
508,508100131549403610508,"58,63,65.5,67.5,67,68,66",16.6,59.72,75.48,JiaXipera МM1090Y,18,1
508,508100131549573230508,"63.5,68,70.5,72.5,73.5,74,75,73.5",20.5,64.12,79.84,JiaXipera МM1090Y,18,1
508,508100131549403570508,"57.5,62.5,64.5,66,66.5,67,65.5",16.8,59.94,75.7,JiaXipera МM1090Y,18,1
508,508100131549690610508,"64,66,67.5,70.5,71,71.5,73,74.5,73.5,74",18.5,61.86,77.6,JiaXipera МM1090Y,18,1
508,508100131549500410508,"56,65.5,67,69.5,69,69.5,68",16.9,60.05,75.81,JiaXipera МM1090Y,18,1
508,508100131549403560508,"58,64.5,68,68.5,68,67.5,68.5,67",16.8,59.94,75.7,JiaXipera МM1090Y,18,1
508,508100131549572840508,"63,68.5,71,72,73,74,72.5,73.5,74",21.0,64.68,80.4,JiaXipera МM1090Y,18,1
508,508100131549405490508,"59,62.5,66.5,67.5,68,69,67",17.3,60.51,76.26,JiaXipera МM1090Y,18,1
508,508100131549574580508,"57.5,63,65.5,66.5,67.5,68,66.5",15.9,58.93,74.69,JiaXipera МM1090Y,18,1
508,508100131549403530508,"58.5,62.5,65,66,67,68.5,67.5",16.9,60.05,75.81,JiaXipera МM1090Y,18,1
508,508100131549403300508,"58,63,65,64.5,66.5,66,68,66",17.3,60.51,76.26,JiaXipera МM1090Y,18,1
508,508100131549568620508,"55,59.5,61.5,63,64,63.5,65.5,63.5,64.5",14.9,57.8,73.57,JiaXipera МM1090Y,18,1
508,508100131549572080508,"59,63.5,66,68.5,69.5,70,70.5,69",16.8,59.94,75.7,JiaXipera МM1090Y,18,1
508,508100131549404440508,"59,65.5,68,69.5,70.5,71,68",19.4,62.88,78.61,JiaXipera МM1090Y,18,1
508,508100131549403520508,"58,63,64.5,66,68,67.5,67,65.5",17.0,60.17,75.92,JiaXipera МM1090Y,18,1
508,508100131549403510508,"59,63.5,65,66.5,66,67,67.5,68,65",16.9,60.05,75.81,JiaXipera МM1090Y,18,1
508,508100131549400880508,"59,64,64.5,65.5,67,67.5,68,68.5,69,68.5",19.3,62.76,78.5,JiaXipera МM1090Y,18,1
508,508100131549574200508,"54,58,61,62,63,64.5,64",17.0,60.17,75.92,JiaXipera МM1090Y,18,1
508,508100131549500580508,"57.5,63,65,67.5,66.5,67.5,68",16.7,59.83,75.59,JiaXipera МM1090Y,18,1
508,508100131549403450508,"63,65.5,69.5,70,68.5,70,68.5",17.2,60.39,76.15,JiaXipera МM1090Y,18,1
508,508100131549572740508,"62.5,69,70.5,72,73,73.5,72",20.1,63.67,79.4,JiaXipera МM1090Y,18,1
508,508100131549567410508,"58,63,64.5,65.5,66.5,67,67.5,67",15.9,58.93,74.69,JiaXipera МM1090Y,18,1
508,508100131549400930508,"61,64,65.5,67,69,70,68.5,68",19.4,62.88,78.61,JiaXipera МM1090Y,18,1
508,508100131549403600508,"57.5,62,64.5,67.5,68,67.5,66.5",16.8,59.94,75.7,JiaXipera МM1090Y,18,1
508,508100131549575170508,"60.5,67,69.5,71,71.5,72.5,71.5",18.6,61.97,77.72,JiaXipera МM1090Y,18,1
508,508100131549404670508,"61,65,67.5,68.5,69.5,68.5,71.5,69",19.2,62.65,78.39,JiaXipera МM1090Y,18,1
508,508100131549404270508,"60.5,66,70,71.5,72,73,70.5",19.4,62.88,78.61,JiaXipera МM1090Y,18,1
508,508100131549500310508,"58.5,64,66.5,68,69.5,69,69.5,68",17.1,60.28,76.04,JiaXipera МM1090Y,18,1
508,508100131549403970508,"60.5,62.5,66,67,68,69,67.5",16.6,59.72,75.48,JiaXipera МM1090Y,18,1
508,508100131549570860508,"62,67,69.5,70.5,72,73,74,71.5",20.3,63.89,79.62,JiaXipera МM1090Y,18,1
508,508100131549403340508,"59,64.5,66.5,65.5,67,65.5",17.1,60.28,76.04,JiaXipera МM1090Y,18,1
508,508100131549574710508,"58.5,66,66.5,67.5,68.5,69.5,70,68.5",18.8,62.2,77.94,JiaXipera МM1090Y,18,1
508,508100131549403330508,"59.5,63.5,66,67.5,68,69,66.5",17.1,60.28,76.04,JiaXipera МM1090Y,18,1
508,508100131549403320508,"60.5,64,66,68,69,69.5,69,68.5,68",17.1,60.28,76.04,JiaXipera МM1090Y,18,1
508,508100131549401470508,"60,65,67,69,69.5,71,70.5,70",18.6,61.97,77.72,JiaXipera МM1090Y,18,1
508,508100131549404460508,"58.5,64,66.5,68.5,69.5,70.5,71,69.5",19.4,62.88,78.61,JiaXipera МM1090Y,18,1
508,508100131549403260508,"58.5,63,65,66.5,67.5,68.5,66.5",17.2,60.39,76.15,JiaXipera МM1090Y,18,1
508,508100131549403250508,"57.5,62.5,63.5,64,65,65.5,66.5,65.5",17.2,60.39,76.15,JiaXipera МM1090Y,18,1
508,508100131549402880508,"57,63,63.5,64,67.5,66,66.5,65.5",17.7,60.96,76.71,JiaXipera МM1090Y,18,1
508,508100131549403940508,"60,64,65.5,67.5,66.5,68.5,67.5",16.7,59.83,75.59,JiaXipera МM1090Y,18,1
508,508100131549568410508,"57.5,63,65,66,66.5,67,64.5",15.7,58.7,74.47,JiaXipera МM1090Y,18,1
508,508100131549570180508,"66.5,72.5,73.5,76,78,76",21.5,65.25,80.96,JiaXipera МM1090Y,18,1
508,508100131549572200508,"63.5,69,71.5,73.5,74,75.5,76.5,75",20.4,64.0,79.73,JiaXipera МM1090Y,18,1
508,508100131549403430508,"59.5,64,66,68.5,67,68,67.5",17.2,60.39,76.15,JiaXipera МM1090Y,18,1
508,508100131549403690508,"60,66.5,67.5,68.5,68,67",16.6,59.72,75.48,JiaXipera МM1090Y,18,1
508,508100131549571170508,"59.5,65.5,67.5,69,70.5,72,70.5",19.4,62.88,78.61,JiaXipera МM1090Y,18,1
508,508100131549403360508,"58,64.5,67,68,69.5,68.5,68",17.1,60.28,76.04,JiaXipera МM1090Y,18,1
508,508100131549568820508,"55.5,59.5,62.5,64,65,65.5,66,66.5,65.5",14.6,57.46,73.24,JiaXipera МM1090Y,18,1
508,508100131549574980508,"60,65.5,68.5,70.5,71,70,69.5",18.4,61.75,77.49,JiaXipera МM1090Y,18,1
508,508100131549400580508,"61,68,70,71.5,72.5,72,70",18.8,62.2,77.94,JiaXipera МM1090Y,18,1
508,508100131549404290508,"60,66.5,68,69.5,71,70.5,68",19.3,62.76,78.5,JiaXipera МM1090Y,18,1
508,508100131549403160508,"58.5,64.5,66.5,68,67.5,68.5,68,66.5",17.3,60.51,76.26,JiaXipera МM1090Y,18,1
508,508100131549569300508,"55,59.5,62,63.5,62.5,64,62",13.0,55.65,71.44,JiaXipera МM1090Y,18,1
508,508100131549403740508,"59.5,65,68,70,68,67",16.5,59.6,75.36,JiaXipera МM1090Y,18,1
508,508100131549403110508,"59.5,64.5,66,67,68.5,69,68.5",17.2,60.39,76.15,JiaXipera МM1090Y,18,1
508,508100131549405680508,"60,64.5,66,65,66,65.5,63.5",16.6,59.72,75.48,JiaXipera МM1090Y,18,1
508,508100131549403990508,"59,64.5,66.5,68,68.5,67",16.6,59.72,75.48,JiaXipera МM1090Y,18,1
508,508100131549571100508,"58.5,64,65,66.5,68,70,71,71.5,72,71.5",20.9,64.57,80.29,JiaXipera МM1090Y,18,1
508,508100131549569210508,"53,56,58,61.5,62.5,63.5,64,64.5",13.4,56.1,71.89,JiaXipera МM1090Y,18,1
508,508100131549403050508,"60,65.5,67,68,68.5,68,69,67",17.4,60.62,76.37,JiaXipera МM1090Y,18,1
508,508100131549405790508,"60,64.5,67,68,66.5,67.5,66",16.1,59.15,74.92,JiaXipera МM1090Y,18,1
508,508100131549405010508,"57.5,62.5,65.5,68,68.5,70.5,71.5,70.5",18.7,62.09,77.83,JiaXipera МM1090Y,18,1
508,508100131549572330508,"62.5,65.5,68.5,69,71,71.5,69.5",20.2,63.78,79.51,JiaXipera МM1090Y,18,1
508,508100131549572660508,"60.5,65.5,68,70,71,73,75,73.5",21.4,65.13,80.85,JiaXipera МM1090Y,18,1
508,508100131549567650508,"57.5,62.5,63.5,64.5,65.5,66.5,67.5,66",15.3,58.25,74.02,JiaXipera МM1090Y,18,1
508,508100131549574330508,"59.5,63.5,66.5,67,68.5,69,70,69",17.0,60.17,75.92,JiaXipera МM1090Y,18,1
508,508100131549404540508,"58.5,65.5,68,68.5,70,69.5,70",19.3,62.76,78.5,JiaXipera МM1090Y,18,1
508,508100131549403040508,"61,66.5,68.5,69.5,70,68,67.5",17.4,60.62,76.37,JiaXipera МM1090Y,18,1
508,508100131549691460508,"60.5,65.5,66.5,68.5,70,69.5,70,68.5",17.0,60.17,75.92,JiaXipera МM1090Y,18,1
508,508100131549404430508,"59.5,65.5,68,69.5,70.5,71,71.5,70",19.4,62.88,78.61,JiaXipera МM1090Y,18,1
508,508100131549403420508,"60,66,67.5,69,68.5,68,70,68.5",17.4,60.62,76.37,JiaXipera МM1090Y,18,1
508,508100131549500300508,"60,66,67.5,69,70,71,68.5",17.1,60.28,76.04,JiaXipera МM1090Y,18,1
508,508100131549404250508,"61,66.5,67,68,67.5,68.5,69.5,70,69",19.4,62.88,78.61,JiaXipera МM1090Y,18,1
508,508100131549572570508,"62.5,67,69.5,71,73,74.5,72.5",20.1,63.67,79.4,JiaXipera МM1090Y,18,1
508,508100131549401210508,"55.5,62.5,64,65.5,66,67.5,68.5",18.6,61.97,77.72,JiaXipera МM1090Y,18,1
508,508100131549405700508,"58,63,64,64.5,65,65.5,67,65",16.8,59.94,75.7,JiaXipera МM1090Y,18,1
508,508100131549569690508,"63,67,70,71,72,70",20.4,64.0,79.73,JiaXipera МM1090Y,18,1
508,508100131549403750508,"57,63,64,65,64.5,65.5,64.5",16.5,59.6,75.36,JiaXipera МM1090Y,18,1
508,508100131549401360508,"60.5,66.5,67,69.5,70.5,71,71.5,72.5,73.5,74,72",19.0,62.42,78.16,JiaXipera МM1090Y,18,1
508,508100131549574840508,"59.5,64.5,67,69.5,69,69.5,68.5",18.5,61.86,77.6,JiaXipera МM1090Y,18,1
508,508100131549401380508,"62.5,68.5,71,71.5,72,70",18.8,62.2,77.94,JiaXipera МM1090Y,18,1
508,508100131549403070508,"58.5,64.5,65.5,66.5,67,68.5,68,68.5,66",17.3,60.51,76.26,JiaXipera МM1090Y,18,1
508,508100131549371880508,"66,72,73,74,75,74.5,75,72",15.1,58.02,73.8,JiaXipera МM1090Y,18,1
508,508100131549405720508,"58.5,62.5,64.5,66,66.5,68,67,67.5,66",16.3,59.38,75.14,JiaXipera МM1090Y,18,1
508,508100131549500370508,"55.5,59.5,61.5,62.5,63,64,66,62.5",16.9,60.05,75.81,JiaXipera МM1090Y,18,1
508,508100131549691360508,"59.5,64,66.5,67,68,68.5,69.5,68.5",16.4,59.49,75.25,JiaXipera МM1090Y,18,1
508,508100131549570620508,"64,69.5,71,73.5,75.5,77,75",20.9,64.57,80.29,JiaXipera МM1090Y,18,1
508,508100131549401080508,"61,65,65.5,67,67.5,68.5,69.5,68",18.7,62.09,77.83,JiaXipera МM1090Y,18,1
508,508100131549401070508,"60.5,65,67.5,70.5,71.5,69.5",18.8,62.2,77.94,JiaXipera МM1090Y,18,1
508,508100131549401400508,"62,66,67.5,69,70,69,70,68.5",18.8,62.2,77.94,JiaXipera МM1090Y,18,1
508,508100131549571180508,"61,67,69.5,70.5,71.5,71,70.5,69.5",19.3,62.76,78.5,JiaXipera МM1090Y,18,1
508,508100131549401880508,"58.5,62.5,64,66,67.5,68,67.5",17.9,61.18,76.93,JiaXipera МM1090Y,18,1
508,508100131549401060508,"61,66,68,68.5,70,70.5,70,69.5",18.7,62.09,77.83,JiaXipera МM1090Y,18,1
508,508100131549401310508,"61.5,65,66,68,70.5,71.5,71,71.5,70",19.0,62.42,78.16,JiaXipera МM1090Y,18,1
508,508100131549401940508,"60.5,64.5,67.5,68.5,69.5,70.5,70",17.4,60.62,76.37,JiaXipera МM1090Y,18,1
508,508100131549499830508,"61.5,66.5,69,69.5,70.5,69.5,71,68.5",17.7,60.96,76.71,JiaXipera МM1090Y,18,1
508,508100131549403900508,"59.5,61.5,63.5,64.5,66.5,67.5,69,69.5,67,67.5",17.3,60.51,76.26,JiaXipera МM1090Y,18,1
508,508100131549404910508,"60,65,66.5,68,69.5,69,70,68.5",18.7,62.09,77.83,JiaXipera МM1090Y,18,1
508,508100131549567910508,"58.5,63,65,65.5,66.5,68.5,69.5,68.5",16.3,59.38,75.14,JiaXipera МM1090Y,18,1
508,508100131549401030508,"61.5,67,69.5,70,71,71.5,72,70.5",18.9,62.31,78.05,JiaXipera МM1090Y,18,1
508,508100131549402470508,"58.5,65,66.5,67,68.5,69,70,71,69.5",18.0,61.3,77.04,JiaXipera МM1090Y,18,1
508,508100131549569350508,"56,61,62,63,63.5,64,64.5,63",12.4,54.97,70.77,JiaXipera МM1090Y,18,1
508,508100131549572290508,"64,68.5,70,73,74,73.5,70",20.4,64.0,79.73,JiaXipera МM1090Y,18,1
508,508100131549405550508,"56,62,63.5,64.5,65.5,64",17.0,60.17,75.92,JiaXipera МM1090Y,18,1
508,508100131549401860508,"55.5,60,63,64,65.5,66,67,66.5",17.9,61.18,76.93,JiaXipera МM1090Y,18,1
508,508100131549568450508,"57,62,64.5,66,67,67.5,68.5,68,67.5",15.5,58.47,74.24,JiaXipera МM1090Y,18,1
508,508100131549404350508,"60.5,68.5,69,70,70.5,71.5",19.3,62.76,78.5,JiaXipera МM1090Y,18,1
508,508100131549404280508,"59.5,64,67,68,69,69.5,70,68",19.4,62.88,78.61,JiaXipera МM1090Y,18,1
508,508100131549570160508,"62.5,68.5,71,72.5,73.5,75,74",21.7,65.47,81.19,JiaXipera МM1090Y,18,1
508,508100131549404320508,"58.5,65,67,69,70,69,71,68",19.4,62.88,78.61,JiaXipera МM1090Y,18,1
508,508100131549404520508,"56,62,65,66.5,68,68.5,69.5,67.5",19.4,62.88,78.61,JiaXipera МM1090Y,18,1
508,508100131549401690508,"59.5,65,68,70,71,70,71,69.5",18.4,61.75,77.49,JiaXipera МM1090Y,18,1
508,508100131549400990508,"60,64,66,67,68,69,69.5,69",19.1,62.54,78.28,JiaXipera МM1090Y,18,1
508,508100131549575200508,"61,64,67,69,69.5,70,69",18.3,61.63,77.38,JiaXipera МM1090Y,18,1
508,508100131549574470508,"58.5,63.5,65.5,66,68.5,67",16.6,59.72,75.48,JiaXipera МM1090Y,18,1
508,508100131549400980508,"60.5,65,68,69.5,70,71",19.3,62.76,78.5,JiaXipera МM1090Y,18,1
508,508100131549371980508,"61,66.5,68,69.5,70,68.5,70,69",14.8,57.68,73.46,JiaXipera МM1090Y,18,1
508,508100131549401180508,"64,65,68.5,69.5,70.5,70,69,68.5",18.6,61.97,77.72,JiaXipera МM1090Y,18,1
508,508100131549691560508,"59.5,64,66,67.5,68.5,66.5,69,68",15.4,58.36,74.13,JiaXipera МM1090Y,18,1
508,508100131549569330508,"56.5,61,62.5,64,64.5,65,65.5,65",14.4,57.23,73.01,JiaXipera МM1090Y,18,1
508,508100131549572250508,"59.5,65.5,68.5,69,70,71,72,70.5",20.4,64.0,79.73,JiaXipera МM1090Y,18,1
508,508100131549403660508,"59,63.5,66,67,68,67.5,68.5,67",16.5,59.6,75.36,JiaXipera МM1090Y,18,1
508,508100131549372070508,"59,65.5,67,69.5,70.5,70,68",16.9,60.05,75.81,JiaXipera МM1090Y,18,1
508,508100131549571200508,"58.5,62.5,66,67.5,70.5,71,71.5,70.5",19.3,62.76,78.5,JiaXipera МM1090Y,18,1
508,508100131549500270508,"60.5,66,68.5,70,70.5,71,69",17.2,60.39,76.15,JiaXipera МM1090Y,18,1
508,508100131549500460508,"58.5,63.5,66.5,68,67.5,68.5,67",16.9,60.05,75.81,JiaXipera МM1090Y,18,1
508,508100131549574370508,"56.5,61.5,64,65,66,67,67.5,66",16.7,59.83,75.59,JiaXipera МM1090Y,18,1
508,508100131549400250508,"61.5,68.5,70,71,70.5,72,70.5",19.2,62.65,78.39,JiaXipera МM1090Y,18,1
508,508100131549499880508,"60.5,67.5,69.5,70.5,70,70.5,69",17.7,60.96,76.71,JiaXipera МM1090Y,18,1
508,508100131549500160508,"55,61,63,64,64.5,66.5,67,66",17.2,60.39,76.15,JiaXipera МM1090Y,18,1
508,508100131549401190508,"64,66,67,68,69.5,67.5,68.5,69",18.6,61.97,77.72,JiaXipera МM1090Y,18,1
508,508100131549401960508,"59.5,62,63,67,69.5,69,68,69.5,68",17.4,60.62,76.37,JiaXipera МM1090Y,18,1
508,508100131549401910508,"57.5,64,65,66.5,68,68.5,69.5",17.9,61.18,76.93,JiaXipera МM1090Y,18,1
508,508100131549500010508,"62.5,67.5,70.5,72.5,72,71.5,70.5,71.5,70",17.7,60.96,76.71,JiaXipera МM1090Y,18,1
508,508100131549404020508,"57.5,64.5,65.5,67,67.5,67,68,66.5",16.5,59.6,75.36,JiaXipera МM1090Y,18,1
508,508100131549568660508,"55,58,60,63.5,64,64.5,66,65.5,66,65.5,64.5",14.9,57.8,73.57,JiaXipera МM1090Y,18,1
508,508100131549571290508,"58.5,63.5,67.5,69,70,70.5,71,69",19.1,62.54,78.28,JiaXipera МM1090Y,18,1
508,508100131549405320508,"60,65,67.5,66.5,67,66.5,65.5",18.1,61.41,77.16,JiaXipera МM1090Y,18,1
508,508100131549401760508,"62,66,68,69,70,69.5,70.5,69.5",18.8,62.2,77.94,JiaXipera МM1090Y,18,1
508,508100131549400940508,"56.5,62,63.5,65.5,67,68.5,68,67",18.9,62.31,78.05,JiaXipera МM1090Y,18,1
508,508100131549402380508,"57,63,64,65,66.5,66,65.5,66",17.8,61.07,76.82,JiaXipera МM1090Y,18,1
508,508100131549568970508,"54,57,59,59.5,61.5,60.5,61.5,62.5,60.5",14.2,57.01,72.79,JiaXipera МM1090Y,18,1
508,508100131549499700508,"58,63.5,65.5,66,68,68.5,69,68",17.7,60.96,76.71,JiaXipera МM1090Y,18,1
508,508100131549572110508,"59,64,66,68,67.5,68,66.5",17.6,60.84,76.6,JiaXipera МM1090Y,18,1
508,508100131549402720508,"57,64,67.5,67,66,67.5,66",17.4,60.62,76.37,JiaXipera МM1090Y,18,1
508,508100131549405120508,"58,65,66.5,68,68.5,69,70.5,68.5",18.5,61.86,77.6,JiaXipera МM1090Y,18,1
508,508100131549571540508,"57.5,62.5,65.5,68,67.5,68,66.5",18.2,61.52,77.27,JiaXipera МM1090Y,18,1
508,508100131549568710508,"54,60.5,62,63,64.5,64,65,64",14.8,57.68,73.46,JiaXipera МM1090Y,18,1
508,508100131549403880508,"59.5,63.5,64.5,66,69.5,70.5,67.5",16.8,59.94,75.7,JiaXipera МM1090Y,18,1
508,508100131549402260508,"61.5,67,68,70.5,71,71.5,71,70.5",18.9,62.31,78.05,JiaXipera МM1090Y,18,1
508,508100131549569570508,"52,55,57,63,62,63,63.5",13.2,55.88,71.67,JiaXipera МM1090Y,18,1
508,508100131549402610508,"60,63,64.5,67,67.5,69,68.5,68",17.8,61.07,76.82,JiaXipera МM1090Y,18,1
508,508100131549571510508,"62,65.5,68.5,71,70.5,71,70",18.8,62.2,77.94,JiaXipera МM1090Y,18,1
508,508100131549401140508,"58,62,64,65.5,67,69,68,69,68.5,69",18.7,62.09,77.83,JiaXipera МM1090Y,18,1
508,508100131549405280508,"57,58,64.5,65.5,66,67,68.5,67.5,66",18.1,61.41,77.16,JiaXipera МM1090Y,18,1
508,508100131549690090508,"60,62.5,64,66,67,69,70,69",17.6,60.84,76.6,JiaXipera МM1090Y,18,1
508,508100131549400290508,"59,65.5,67,69,70,70.5,71,71.5,69.5",19.2,62.65,78.39,JiaXipera МM1090Y,18,1
508,508100131549400750508,"60.5,65,66.5,68.5,69.5,70,68.5",18.6,61.97,77.72,JiaXipera МM1090Y,18,1
508,508100131549499960508,"61,66,68,69.5,70.5,73,70,69",18.0,61.3,77.04,JiaXipera МM1090Y,18,1
508,508100131549569650508,"63.5,69,70.5,72,73.5,75,74.5,73",20.4,64.0,79.73,JiaXipera МM1090Y,18,1
508,508100131549573240508,"62,67.5,69.5,71,72,73.5,74.5,73.5",20.5,64.12,79.84,JiaXipera МM1090Y,18,1
508,508100131549400370508,"54.5,60.5,63.5,65.5,66.5,68.5,69,68.5",18.9,62.31,78.05,JiaXipera МM1090Y,18,1
508,508100131549401780508,"60,66.5,69.5,69,70,69.5,68.5",18.8,62.2,77.94,JiaXipera МM1090Y,18,1
508,508100131549401850508,"57.5,60,62,63,66.5,67,68,68.5,68,67",17.8,61.07,76.82,JiaXipera МM1090Y,18,1
508,508100131549400710508,"60,65.5,68.5,69,69.5,70,69",18.9,62.31,78.05,JiaXipera МM1090Y,18,1
508,508100131549572890508,"61,67,69,71.5,73.5,72",20.9,64.57,80.29,JiaXipera МM1090Y,18,1
508,508100131549401740508,"60.5,64.5,65.5,66.5,68,67.5,68,67",18.2,61.52,77.27,JiaXipera МM1090Y,18,1
508,508100131549402630508,"56,65,66.5,67.5,68.5,68,69,66.5",17.7,60.96,76.71,JiaXipera МM1090Y,18,1
508,508100131549404690508,"59.5,65.5,67.5,69.5,70.5,71.5,72,70.5",19.2,62.65,78.39,JiaXipera МM1090Y,18,1
508,508100131549400690508,"60,65.5,68,69,70.5,71,72,71",18.8,62.2,77.94,JiaXipera МM1090Y,18,1
508,508100131549403920508,"62.5,66.5,68,68.5,69.5,70.5,68",16.7,59.83,75.59,JiaXipera МM1090Y,18,1
508,508100131549571370508,"61.5,67,69.5,70,71.5,71,71.5,70",18.5,61.86,77.6,JiaXipera МM1090Y,18,1
508,508100131549403150508,"58.5,63,66,67.5,68,68.5,69,68",17.3,60.51,76.26,JiaXipera МM1090Y,18,1
508,508100131549404070508,"55.5,57.5,60,62.5,64,65,65.5,66,66.5",16.5,59.6,75.36,JiaXipera МM1090Y,18,1
508,508100131549570040508,"62,69.5,72.5,66.5",21.8,65.58,81.3,JiaXipera МM1090Y,18,1
508,508100131549400650508,"64,65,69.5,69,71.5,72,71.5",18.9,62.31,78.05,JiaXipera МM1090Y,18,1
508,508100131549402010508,"57.5,61.5,63,64.5,66.5,67.5,66.5,67",17.3,60.51,76.26,JiaXipera МM1090Y,18,1
508,508100131549404860508,"62.5,67,68.5,69.5,70,70.5,71,69",19.1,62.54,78.28,JiaXipera МM1090Y,18,1
508,508100131549572070508,"56.5,59.5,63.5,65,66,67,66",16.6,59.72,75.48,JiaXipera МM1090Y,18,1
508,508100131549405500508,"61,61",17.1,60.28,76.04,JiaXipera МM1090Y,18,1
508,508100131549403280508,"60,66,67.5,68.5,68",17.1,60.28,76.04,JiaXipera МM1090Y,18,1
508,508100131549400630508,"60.5,67,68,70.5,71,69.5",18.9,62.31,78.05,JiaXipera МM1090Y,18,1
508,508100131549400610508,"62.5,69,68.5,69,70.5,71.5,72,70.5",18.9,62.31,78.05,JiaXipera МM1090Y,18,1
508,508100131549571850508,"55,61,63.5,65,65.5,67,67.5,67",17.4,60.62,76.37,JiaXipera МM1090Y,18,1
508,508100131549403490508,"57.5,64,66.5,68.5,69,69.5,67.5",17.0,60.17,75.92,JiaXipera МM1090Y,18,1
508,508100131549401870508,"58,64.5,65.5,66.5,67.5,68,68.5,69,68.5,69",17.8,61.07,76.82,JiaXipera МM1090Y,18,1
508,508100131549403860508,"59.5,63.5,64.5,66.5,67,67.5,68,67",16.9,60.05,75.81,JiaXipera МM1090Y,18,1
508,508100131549404340508,"61,66,68.5,70,70.5,69.5",19.2,62.65,78.39,JiaXipera МM1090Y,18,1
508,508100131549569760508,"63.5,70,70.5,72,72.5,73.5,74,72",20.4,64.0,79.73,JiaXipera МM1090Y,18,1
508,508100131549500080508,"61,66.5,68.5,69.5,70,70.5,71.5,71,71.5,72",17.4,60.62,76.37,JiaXipera МM1090Y,18,1
508,508100131549402710508,"59.5,64,66.5,67,68.5,70,67.5,65.5",17.6,60.84,76.6,JiaXipera МM1090Y,18,1
508,508100131549568530508,"58.5,62.5,65.5,66,66.5,69,70,70.5",15.4,58.36,74.13,JiaXipera МM1090Y,18,1
508,508100131549575600508,"63,67,69,70,69.5,69,70,68",17.9,61.18,76.93,JiaXipera МM1090Y,18,1
508,508100131549570290508,"61.5,67,69,71.5,72,73,73.5,71.5",21.4,65.13,80.85,JiaXipera МM1090Y,18,1
508,508100131549402920508,"53,59.5,62,64,65.5,65,66,66.5,67.5",16.9,60.05,75.81,JiaXipera МM1090Y,18,1
508,508100131549570710508,"62.5,68.5,71,75,74.5,75.5,76,74.5",20.8,64.46,80.18,JiaXipera МM1090Y,18,1
508,508100131549402770508,"63,66,66.5,67,68,69,69.5,67.5",17.3,60.51,76.26,JiaXipera МM1090Y,18,1
508,508100131549401790508,"58.5,63,65,66.5,68,68.5,70.5,69.5",18.0,61.3,77.04,JiaXipera МM1090Y,18,1
508,508100131549405250508,"60,65.5,66.5,68,67.5,66",18.3,61.63,77.38,JiaXipera МM1090Y,18,1
508,508100131549400480508,"58,63,65,66.5,68.5,69,69.5,68.5",19.2,62.65,78.39,JiaXipera МM1090Y,18,1
508,508100131549371900508,"63.5,66.5,68,69.5,68,69,69.5,69,69.5",15.2,58.14,73.91,JiaXipera МM1090Y,18,1
508,508100131549499670508,"60,67,69.5,71,71.5,71,70",18.1,61.41,77.16,JiaXipera МM1090Y,18,1
508,508100131549405260508,"60,65.5,66.5,67,65",18.2,61.52,77.27,JiaXipera МM1090Y,18,1
508,508100131549400470508,"57.5,62.5,66.5,68,68.5,68,69,68",18.9,62.31,78.05,JiaXipera МM1090Y,18,1
508,508100131549400720508,"60.5,67,69,70.5,72,73,70.5",18.9,62.31,78.05,JiaXipera МM1090Y,18,1
508,508100131549574060508,"59,63,65,66,68,69,68.5",17.6,60.84,76.6,JiaXipera МM1090Y,18,1
508,508100131549402460508,"58.5,63,65,68.5,69,68,67.5",18.0,61.3,77.04,JiaXipera МM1090Y,18,1
508,508100131549570580508,"65,71,73,74,75.5,76.5,76,75,74",21.0,64.68,80.4,JiaXipera МM1090Y,18,1
508,508100131549403120508,"59,63,64.5,66,67.5,68.5,68,67",17.2,60.39,76.15,JiaXipera МM1090Y,18,1
508,508100131549575240508,"62,66,69,69.5,70,71,69.5",18.3,61.63,77.38,JiaXipera МM1090Y,18,1
508,508100131549570130508,"62.5,66.5,69,69.5,71.5,74.5,76.5,76",21.6,65.36,81.08,JiaXipera МM1090Y,18,1
508,508100131549400870508,"59.5,64.5,68,70,71,71.5,70",18.9,62.31,78.05,JiaXipera МM1090Y,18,1
508,508100131549574530508,"55.5,60,61,61.5,63.5,64.5,66,66.5,65",16.1,59.15,74.92,JiaXipera МM1090Y,18,1
508,508100131549400140508,"63,68,68.5,70.5,72,71.5,72,73.5,73,72",19.4,62.88,78.61,JiaXipera МM1090Y,18,1
508,508100131549405770508,"62.5,67,67.5,70.5,70,69.5,67",16.1,59.15,74.92,JiaXipera МM1090Y,18,1
508,508100131549403240508,"59,65,65.5,68,68.5,69,69.5,70,70.5,69,68,69.5,68.5,69,68.5,69,68.5",17.2,60.39,76.15,JiaXipera МM1090Y,18,1
508,508100131549571210508,"65,66,68,69,68,70.5,69.5,68.5",19.4,62.88,78.61,JiaXipera МM1090Y,18,1
508,508100131549572720508,"62,66,69,70.5,72.5,73,72.5,71",21.3,65.02,80.74,JiaXipera МM1090Y,18,1
508,508100131549571380508,"58.5,65,69,71.5,72,74,71",18.5,61.86,77.6,JiaXipera МM1090Y,18,1
508,508100131549404100508,"57.5,63,65,65.5,66,68.5,68,67.5,67",16.3,59.38,75.14,JiaXipera МM1090Y,18,1
508,508100131549402130508,"56,59.5,61.5,64.5,65.5,67,67.5",17.3,60.51,76.26,JiaXipera МM1090Y,18,1
508,508100131549400960508,"58,61.5,64.5,65,68,68.5,69.5,70",19.2,62.65,78.39,JiaXipera МM1090Y,18,1
508,508100131549401100508,"60.5,65,67.5,68.5,69.5,70.5,69",19.0,62.42,78.16,JiaXipera МM1090Y,18,1
508,508100131549690680508,"62,68,70.5,71.5,73,74,72.5",18.0,61.3,77.04,JiaXipera МM1090Y,18,1
508,508100131549499650508,"58,65,67.5,68.5,69.5,70,69.5,68",17.8,61.07,76.82,JiaXipera МM1090Y,18,1
508,508100131549405090508,"60,65,66.5,66,67.5,68.5,69.5,69,68.5,69",18.5,61.86,77.6,JiaXipera МM1090Y,18,1
508,508100131549400310508,"62,67.5,69.5,70.5,72,73,71",19.2,62.65,78.39,JiaXipera МM1090Y,18,1
508,508100131549572930508,"63.5,68.5,72.5,73.5,75,75.5,76,73.5,72.5",20.8,64.46,80.18,JiaXipera МM1090Y,18,1
508,508100131549403960508,"60,64,66.5,67,67.5,66.5,68.5,67",16.6,59.72,75.48,JiaXipera МM1090Y,18,1
508,508100131549573780508,"59,66.5,68.5,69.5,70.5,69.5",18.4,61.75,77.49,JiaXipera МM1090Y,18,1
508,508100131549400230508,"57.5,61.5,63.5,64,64.5,65.5,64.5",16.9,60.05,75.81,JiaXipera МM1090Y,18,1
508,508100131549400760508,"61.5,67,69.5,71.5,71,71.5,71",18.8,62.2,77.94,JiaXipera МM1090Y,18,1
508,508100131549567310508,"55.5,63,65,66.5,65,66,65",14.7,57.57,73.35,JiaXipera МM1090Y,18,1
508,508100131549400510508,"59.5,64,65.5,67,68.5,70,72,70.5,71.5,69",19.2,62.65,78.39,JiaXipera МM1090Y,18,1
508,508100131549404150508,"56,60.5,63.5,61.5,63.5,65,64",16.3,59.38,75.14,JiaXipera МM1090Y,18,1
508,508100131549401420508,"56,59.5,62.5,64.5,67,68,67.5,68.5",18.6,61.97,77.72,JiaXipera МM1090Y,18,1
508,508100131549500260508,"57.5,63,65,66.5,68,69,68.5",17.2,60.39,76.15,JiaXipera МM1090Y,18,1
508,508100131549401890508,"60,65.5,68,69.5,70.5,71.5,70.5",17.6,60.84,76.6,JiaXipera МM1090Y,18,1
508,508100131549405470508,"57.5,61.5,64,66,67,68,66",17.3,60.51,76.26,JiaXipera МM1090Y,18,1
508,508100131549571470508,"59,65,66.5,69,68,69.5,70,68",18.4,61.75,77.49,JiaXipera МM1090Y,18,1
508,508100131549404050508,"62,66.5,67.5,68,69.5,68.5,68",16.6,59.72,75.48,JiaXipera МM1090Y,18,1
508,508100131549567490508,"59.5,65,66.5,68.5,69,69.5,70.5,69",15.5,58.47,74.24,JiaXipera МM1090Y,18,1
508,508100131549691060508,"58.5,64,65.5,67.5,69,70,69.5,70,69",17.2,60.39,76.15,JiaXipera МM1090Y,18,1
508,508100131549371970508,"61.5,67.5,69.5,70,70.5,70",14.8,57.68,73.46,JiaXipera МM1090Y,18,1
508,508100131549405540508,"60.5,65,67,66.5,67,67.5,66",17.1,60.28,76.04,JiaXipera МM1090Y,18,1
508,508100131549567240508,"57.5,63,64,66,66.5,67,67.5,67",15.0,57.91,73.68,JiaXipera МM1090Y,18,1
508,508100131549569160508,"55,58,60,61.5,63,63.5,64,63.5",13.4,56.1,71.89,JiaXipera МM1090Y,18,1
508,508100131549567510508,"57,64,66,67.5,69.5,71,70.5,71,70.5",15.3,58.25,74.02,JiaXipera МM1090Y,18,1
508,508100131549405900508,"56.5,62.5,66,65,67,66,65",16.2,59.26,75.03,JiaXipera МM1090Y,18,1
508,508100131549403710508,"60,64,65.5,66,67.5,67,68,66",16.6,59.72,75.48,JiaXipera МM1090Y,18,1
508,508100131549402320508,"63.5,68.5,69.5,71.5,72,72.5,72,71.5",18.9,62.31,78.05,JiaXipera МM1090Y,18,1
508,508100131549690630508,"61.5,66.5,70,71.5,73,74.5,74,75,74.5,74",18.3,61.63,77.38,JiaXipera МM1090Y,18,1
508,508100131549404140508,"60.5,66,67,66.5,68,67.5,68,65.5",16.3,59.38,75.14,JiaXipera МM1090Y,18,1
508,508100131549401020508,"60,65,65.5,70,71,71.5,71,68",19.2,62.65,78.39,JiaXipera МM1090Y,18,1
508,508100131549569950508,"59.5,63.5,65,66.5,67,70.5,71,74,73,72.5",20.3,63.89,79.62,JiaXipera МM1090Y,18,1
508,508100131549405360508,"58,66.5,68,70.5,68.5,66",18.0,61.3,77.04,JiaXipera МM1090Y,18,1
508,508100131549372020508,"61.5,67.5,71,71.5,70.5,68.5",14.6,57.46,73.24,JiaXipera МM1090Y,18,1
508,508100131549401970508,"58.5,65,66.5,68,69.5,70,70.5,70",17.5,60.73,76.48,JiaXipera МM1090Y,18,1
508,508100131549403060508,"59,64.5,66.5,67,68,66.5",17.3,60.51,76.26,JiaXipera МM1090Y,18,1
508,508100131549500510508,"59,66,68,67.5,68.5,67.5,67,67.5,67",16.8,59.94,75.7,JiaXipera МM1090Y,18,1
508,508100131549573870508,"58.5,64.5,66,68,69,70,69.5,69,70",18.1,61.41,77.16,JiaXipera МM1090Y,18,1
508,508100131549404700508,"59.5,68.5,69,71,69.5,70,70.5,69.5",19.1,62.54,78.28,JiaXipera МM1090Y,18,1
508,508100131549567940508,"60.5,64.5,66.5,68,68.5,70,70.5,69",16.3,59.38,75.14,JiaXipera МM1090Y,18,1
508,508100131549573960508,"59,64.5,66.5,69,68.5,69.5,70.5,69.5,70",17.7,60.96,76.71,JiaXipera МM1090Y,18,1
508,508100131549568830508,"55,59.5,63,63.5,65,66.5,65.5,66",14.5,57.34,73.12,JiaXipera МM1090Y,18,1
508,508100131549401040508,"61.5,66.5,69,70,69.5,71.5,69.5",18.9,62.31,78.05,JiaXipera МM1090Y,18,1
508,508100131549571660508,"61.5,65,66.5,67.5,69.5,68.5,70,69.5",18.1,61.41,77.16,JiaXipera МM1090Y,18,1
508,508100131549403440508,"58.5,62.5,65.5,67,68,69,67.5",17.3,60.51,76.26,JiaXipera МM1090Y,18,1
508,508100131549571810508,"63.5,67,68,69.5,69,69.5,67.5",17.6,60.84,76.6,JiaXipera МM1090Y,18,1
508,508100131549401340508,"61,66.5,69,70,70.5,71,70.5,68.5",18.8,62.2,77.94,JiaXipera МM1090Y,18,1
508,508100131549572090508,"59,64.5,65,65.5,67,66.5,65.5",17.3,60.51,76.26,JiaXipera МM1090Y,18,1
508,508100131549371830508,"65.5,70.5,71.5,73.5,74,74.5,72",15.5,58.47,74.24,JiaXipera МM1090Y,18,1
508,508100131549570430508,"61.5,69.5,71.5,72.5,74.5,76,74",21.4,65.13,80.85,JiaXipera МM1090Y,18,1
508,508100131549372000508,"62,67.5,69.5,68.5,71,70.5,73,70",14.7,57.57,73.35,JiaXipera МM1090Y,18,1
508,508100131549404160508,"52.5,58,60,62,62.5,63,64.5,63,63.5",16.4,59.49,75.25,JiaXipera МM1090Y,18,1
508,508100131549574850508,"57,64,67,68.5,70,70.5,70,71",18.4,61.75,77.49,JiaXipera МM1090Y,18,1
508,508100131549403550508,"56.5,63,63",16.8,59.94,75.7,JiaXipera МM1090Y,18,1
508,508100131549575110508,"60.5,65.5,68.5,69.5,70,71.5,70.5",18.7,62.09,77.83,JiaXipera МM1090Y,18,1
508,508100131549400670508,"59,64.5,66,68,69,69.5,71,68.5",18.8,62.2,77.94,JiaXipera МM1090Y,18,1
508,508100131549570830508,"61.5,67.5,69.5,72,72.5,71.5",20.3,63.89,79.62,JiaXipera МM1090Y,18,1
508,508100131549400560508,"60.5,65.5,67,69,70.5,70,69,70,67.5,69",18.9,62.31,78.05,JiaXipera МM1090Y,18,1
508,508100131549405520508,"58.5,66.5,69,70.5,70,69.5,66.5",17.1,60.28,76.04,JiaXipera МM1090Y,18,1
508,508100131549403080508,"58.5,65.5,67,68.5,69,69.5,69,68",17.2,60.39,76.15,JiaXipera МM1090Y,18,1
508,508100131549403220508,"60,64,67,68.5,67,68,67",17.2,60.39,76.15,JiaXipera МM1090Y,18,1
508,508100131549401820508,"58,63,66.5,69,70,71,70.5,70",17.9,61.18,76.93,JiaXipera МM1090Y,18,1
508,508100131549400360508,"60.5,65,67.5,70,71,70,72,70",18.9,62.31,78.05,JiaXipera МM1090Y,18,1
508,508100131549569100508,"52.5,59.5,61,62,63,63.5,62",13.5,56.22,72.0,JiaXipera МM1090Y,18,1
508,508100131549691710508,"55.5,60.5",14.6,57.46,73.24,JiaXipera МM1090Y,18,1
508,508100131549371850508,"57.5,65.5,68,68.5,68,69,68",15.2,58.14,73.91,JiaXipera МM1090Y,18,1
508,508100131549372060508,"59.5,62.5,65.5,68.5,70,71.5,73,71",14.3,57.12,72.9,JiaXipera МM1090Y,18,1
508,508100131549400210508,"61.5,66.5,69,70.5,71.5,71",18.3,61.63,77.38,JiaXipera МM1090Y,18,1
508,508100131549569490508,"62.5,64.5,66,69,71,72,73,73.5,74",20.4,64.0,79.73,JiaXipera МM1090Y,18,1
508,508100131549400430508,"59.5,65.5,67.5,69,71,72,73.5",19.2,62.65,78.39,JiaXipera МM1090Y,18,1
508,508100131549571240508,"60,64,66,67,69.5,69,71,69.5",18.9,62.31,78.05,JiaXipera МM1090Y,18,1
508,508100131549401980508,"56,59,61,63,66,67,68,67.5",17.4,60.62,76.37,JiaXipera МM1090Y,18,1
508,508100131549572480508,"63,67,69.5,71,71.5,72,73,72",20.1,63.67,79.4,JiaXipera МM1090Y,18,1
508,508100131549404550508,"60.5,65,67.5,69,70,69.5,70.5,68",19.3,62.76,78.5,JiaXipera МM1090Y,18,1
508,508100131549569170508,"54,58,61,61.5,63.5,63,64.5",13.4,56.1,71.89,JiaXipera МM1090Y,18,1
508,508100131549400300508,"62.5,70,72,71.5,72,72.5,71.5,70",19.2,62.65,78.39,JiaXipera МM1090Y,18,1
508,508100131549404370508,"63.5,69,73,71,72,73.5,72.5,70.5",19.2,62.65,78.39,JiaXipera МM1090Y,18,1
508,508100131549404930508,"59.5,65,67,68.5,69,70,69.5,67.5",18.5,61.86,77.6,JiaXipera МM1090Y,18,1
508,508100131549570640508,"63,69,70,71.5,72.5,75.5,76.5,76,75.5",20.9,64.57,80.29,JiaXipera МM1090Y,18,1
508,508100131549402420508,"59.5,67,69.5,69,69.5,70",18.0,61.3,77.04,JiaXipera МM1090Y,18,1
508,508100131549571730508,"57.5,63,66,66.5,67.5,68.5,67.5,66.5",17.8,61.07,76.82,JiaXipera МM1090Y,18,1
508,508100131549404420508,"61,66,68.5,70.5,69",19.4,62.88,78.61,JiaXipera МM1090Y,18,1
508,508100131549571230508,"60.5,66.5,67.5,69.5,71,70.5,70,69.5,70,69.5",19.3,62.76,78.5,JiaXipera МM1090Y,18,1
508,508100131549691630508,"58,64,65,67.5,66.5,66,66.5",15.1,58.02,73.8,JiaXipera МM1090Y,18,1
508,508100131549371950508,"59,64,68.5,70.5,69.5,70.5,69.5",14.9,57.8,73.57,JiaXipera МM1090Y,18,1
508,508100131549500420508,"57,61,68,68.5,69.5,70,69",16.9,60.05,75.81,JiaXipera МM1090Y,18,1
508,508100131549572590508,"59,63.5,67,68,69.5,70,71,69.5",20.2,63.78,79.51,JiaXipera МM1090Y,18,1
508,508100131549400090508,"65,69.5,73,74,76.5,78,75.5,76",19.6,63.1,78.84,JiaXipera МM1090Y,18,1
508,508100131549574990508,"58.5,63,67,67.5,69,70,66.5",18.3,61.63,77.38,JiaXipera МM1090Y,18,1
508,508100131549405510508,"55.5,61.5,64,65.5,66,67,68.5,68",17.1,60.28,76.04,JiaXipera МM1090Y,18,1
508,508100131549402740508,"57.5,61.5,65,67,67.5,68,68.5,67",17.4,60.62,76.37,JiaXipera МM1090Y,18,1
508,508100131549372050508,"58,63.5,65.5,66.5,69,68.5,70,67.5",14.3,57.12,72.9,JiaXipera МM1090Y,18,1
508,508100131549403030508,"61,66,67.5,68.5,69.5,69,69.5,68.5",17.5,60.73,76.48,JiaXipera МM1090Y,18,1
508,508100131549691030508,"58.5,63,65.5,67,67.5,68,67.5,68.5",17.3,60.51,76.26,JiaXipera МM1090Y,18,1
508,508100131549402570508,"61.5,65.5,67,68.5,69,69.5,70",17.8,61.07,76.82,JiaXipera МM1090Y,18,1
508,508100131549573970508,"58,63,66,67.5,68.5,69.5,69,67.5",17.8,61.07,76.82,JiaXipera МM1090Y,18,1
508,508100131549401560508,"59,65.5,68,69.5,70,71,70",18.8,62.2,77.94,JiaXipera МM1090Y,18,1
508,508100131549400600508,"62,68,70,72.5,73,72,70",18.9,62.31,78.05,JiaXipera МM1090Y,18,1
508,508100131549571830508,"59,63.5,65,65.5,67.5,67,67.5,68,66.5",17.5,60.73,76.48,JiaXipera МM1090Y,18,1
508,508100131549400190508,"59.5,65,66,68.5,69,70,69.5",18.3,61.63,77.38,JiaXipera МM1090Y,18,1
508,508100131549405920508,"64.5,69.5,70.5,72.5,72,73.5,71",15.5,58.47,74.24,JiaXipera МM1090Y,18,1
508,508100131549401800508,"56.5,61.5,64.5,65.5,66.5,68.5,69.5,68",18.3,61.63,77.38,JiaXipera МM1090Y,18,1
508,508100131549499890508,"62,67,69.5,70,72,70,71,69",17.7,60.96,76.71,JiaXipera МM1090Y,18,1
508,508100131549405400508,"57,64,64.5,66,66.5,67,66",18.0,61.3,77.04,JiaXipera МM1090Y,18,1
508,508100131549371940508,"61,67,70.5,72,72.5,71.5,72,71",14.8,57.68,73.46,JiaXipera МM1090Y,18,1
508,508100131549499610508,"58,63,67.5,69.5,71,71.5,70.5",18.0,61.3,77.04,JiaXipera МM1090Y,18,1
508,508100131549568070508,"59.5,64,63.5,64,64.5,66,67,66,66.5",15.8,58.81,74.58,JiaXipera МM1090Y,18,1
508,508100131549573430508,"61.5,66.5,67.5,69,71,72.5,73,72",19.9,63.44,79.17,JiaXipera МM1090Y,18,1
508,508100131549405690508,"56.5,62,64,65,66,66.5,67.5,65.5",16.4,59.49,75.25,JiaXipera МM1090Y,18,1
508,508100131549568540508,"53.5,56.5,58.5,59,61.5,62.5,63,62.5,63",15.1,58.02,73.8,JiaXipera МM1090Y,18,1
508,508100131549573000508,"62,68.5,70.5,71.5,72.5,73.5,74.5,73.5",20.8,64.46,80.18,JiaXipera МM1090Y,18,1
508,508100131549401050508,"60.5,66,66.5,67,70,70.5,69,69.5,70",19.2,62.65,78.39,JiaXipera МM1090Y,18,1
508,508100131549403890508,"58,65,65.5,66.5,66,67.5,66",16.7,59.83,75.59,JiaXipera МM1090Y,18,1
508,508100131549573860508,"59,64,64.5,66.5,67.5,68,68.5,67.5",18.1,61.41,77.16,JiaXipera МM1090Y,18,1
508,508100131549570930508,"62.5,69,70.5,72,73.5,74,74.5,72.5",20.0,63.55,79.28,JiaXipera МM1090Y,18,1
508,508100131549405200508,"56.5,61.5,63.5,64,65.5,66,65,65.5,65",18.4,61.75,77.49,JiaXipera МM1090Y,18,1
508,508100131549372420508,"61.5,67.5,68.5,70.5,70,70.5,71,70,69.5",14.4,57.23,73.01,JiaXipera МM1090Y,18,1
508,508100131549569560508,"61.5,67.5,69.5,72.5,72,70",20.4,64.0,79.73,JiaXipera МM1090Y,18,1
508,508100131549402900508,"59,64.5,67.5,68.5,69,69.5,70,69.5,71,69",16.9,60.05,75.81,JiaXipera МM1090Y,18,1
508,508100131549404360508,"55,59.5,65,66.5,67,66",19.2,62.65,78.39,JiaXipera МM1090Y,18,1
508,508100131549371890508,"63.5,69,70.5,72.5,72,71",15.0,57.91,73.68,JiaXipera МM1090Y,18,1
508,508100131549405450508,"53.5,61,62,63,65,65.5,65,67",17.8,61.07,76.82,JiaXipera МM1090Y,18,1
508,508100131549401160508,"60,64.5,66,66.5,67.5,68,66.5",18.8,62.2,77.94,JiaXipera МM1090Y,18,1
508,508100131549572610508,"63,67.5,69.5,71.5,72.5,71.5",20.1,63.67,79.4,JiaXipera МM1090Y,18,1
508,508100131549403590508,"60,66,67.5,67,66.5,67.5,65.5",16.8,59.94,75.7,JiaXipera МM1090Y,18,1
508,508100131549572100508,"57,62,64,65.5,67.5,69.5,68",17.4,60.62,76.37,JiaXipera МM1090Y,18,1
508,508100131549400770508,"53,57.5,60,62,64.5,67,68.5,68,69",18.5,61.86,77.6,JiaXipera МM1090Y,18,1
508,508100131549400790508,"57,62.5,64.5,66,67.5,69.5,70.5,70,71.5",18.5,61.86,77.6,JiaXipera МM1090Y,18,1
508,508100131549401520508,"61,66.5,69,71,72.5,71,70",18.8,62.2,77.94,JiaXipera МM1090Y,18,1
508,508100131549400340508,"62,67,69,69.5,71.5,71",19.1,62.54,78.28,JiaXipera МM1090Y,18,1
508,508100131549499820508,"58,65.5,68,69,69.5,70,69",17.8,61.07,76.82,JiaXipera МM1090Y,18,1
508,508100131549402370508,"57,64,65,65.5,66,67.5,67,67.5,66.5",17.8,61.07,76.82,JiaXipera МM1090Y,18,1
508,508100131549499910508,"61.5,65.5,67.5,68.5,69.5,70.5,71,69",17.9,61.18,76.93,JiaXipera МM1090Y,18,1
508,508100131549575000508,"59,64,67,68,69.5,70,67",18.3,61.63,77.38,JiaXipera МM1090Y,18,1
508,508100131549571160508,"59.5,64,66,68.5,69.5,70,71.5,69",19.3,62.76,78.5,JiaXipera МM1090Y,18,1
508,508100131549573250508,"61,69,70.5,71.5,73,73.5,72.5",20.4,64.0,79.73,JiaXipera МM1090Y,18,1
508,508100131549403580508,"57,63.5,66,68,69.5,69,68,67",17.2,60.39,76.15,JiaXipera МM1090Y,18,1
508,508100131549404010508,"61,65.5,65,67,67.5,68.5,67.5,65.5",16.6,59.72,75.48,JiaXipera МM1090Y,18,1
508,508100131549568220508,"56,61,63,63.5,64.5,65.5,67,65",15.6,58.59,74.36,JiaXipera МM1090Y,18,1
508,508100131549400730508,"60.5,66,70,71.5,69.5",18.8,62.2,77.94,JiaXipera МM1090Y,18,1
508,508100131549400130508,"60.5,65,69.5,70.5,70,71,69.5",19.4,62.88,78.61,JiaXipera МM1090Y,18,1
508,508100131549402700508,"60,65.5,66,68.5,69.5,70.5,70",17.6,60.84,76.6,JiaXipera МM1090Y,18,1
508,508100131549402480508,"59.5,65.5,67.5,68.5,70.5,69.5,71,70",18.0,61.3,77.04,JiaXipera МM1090Y,18,1
508,508100131549574900508,"61,66,67,68,69.5,70,69.5",18.4,61.75,77.49,JiaXipera МM1090Y,18,1
508,508100131549499680508,"62,67,69.5,70.5,71,71.5,69.5,67",17.9,61.18,76.93,JiaXipera МM1090Y,18,1
508,508100131549499860508,"60.5,66.5,68.5,69.5,71,71.5,70.5",18.3,61.63,77.38,JiaXipera МM1090Y,18,1
508,508100131549404260508,"62,67.5,69,72,72.5,68.5",19.3,62.76,78.5,JiaXipera МM1090Y,18,1
508,508100131549569120508,"56,60,61.5,62.5,63,63.5,62",13.5,56.22,72.0,JiaXipera МM1090Y,18,1
508,508100131549400440508,"61.5,67,68.5,69.5,72,71,72,70.5",19.2,62.65,78.39,JiaXipera МM1090Y,18,1
508,508100131549570020508,"65.5,71.5,73,75,76.5,77,77.5,76",21.8,65.58,81.3,JiaXipera МM1090Y,18,1
508,508100131549402170508,"62.5,67.5,69.5,70.5,71,71.5,69.5",18.8,62.2,77.94,JiaXipera МM1090Y,18,1
508,508100131549401130508,"58.5,65.5,68,69,70,71,71.5,70.5",18.8,62.2,77.94,JiaXipera МM1090Y,18,1
508,508100131549405910508,"61.5,66,67,68.5,70,70.5,71,70",15.5,58.47,74.24,JiaXipera МM1090Y,18,1
508,508100131549402080508,"58,64,65.5,66.5,67.5,68,69.5,68.5",18.1,61.41,77.16,JiaXipera МM1090Y,18,1
508,508100131549570660508,"62.5,64,69,71,75.5,74,73.5",20.9,64.57,80.29,JiaXipera МM1090Y,18,1
508,508100131549400700508,"62.5,67.5,69,71,73,73",18.9,62.31,78.05,JiaXipera МM1090Y,18,1
508,508100131549570220508,"64,72,74,75.5,76,76.5,74",21.4,65.13,80.85,JiaXipera МM1090Y,18,1
508,508100131549405310508,"60,66.5,67.5,68,68",18.1,61.41,77.16,JiaXipera МM1090Y,18,1
508,508100131549568640508,"57,59.5,61,62.5,63.5,65,64.5,64",14.9,57.8,73.57,JiaXipera МM1090Y,18,1
508,508100131549404330508,"62.5,67.5,69.5,71,70.5,71,69",19.3,62.76,78.5,JiaXipera МM1090Y,18,1
508,508100131549402670508,"57,62,63.5,65.5,67.5,68,68.5",17.8,61.07,76.82,JiaXipera МM1090Y,18,1
508,508100131549401840508,"59,64,66,67.5,68,67.5,68,68.5,68",17.8,61.07,76.82,JiaXipera МM1090Y,18,1
508,508100131549402000508,"58,64.5,66.5,67.5,68.5,69",17.3,60.51,76.26,JiaXipera МM1090Y,18,1
508,508100131549402490508,"61,64,66.5,67.5,68,69,70,71,72,71,71.5",18.1,61.41,77.16,JiaXipera МM1090Y,18,1
508,508100131549404790508,"61,66.5,69.5,68.5,70,69,70.5,69",18.8,62.2,77.94,JiaXipera МM1090Y,18,1
508,508100131549401110508,"60.5,66.5,67.5,68.5,69.5,70,70.5,69",18.6,61.97,77.72,JiaXipera МM1090Y,18,1
508,508100131549568200508,"56,61,63,65.5,67,67.5,66.5",15.7,58.7,74.47,JiaXipera МM1090Y,18,1
508,508100131549575270508,"60,65,67.5,68.5,69.5,70.5,70",18.1,61.41,77.16,JiaXipera МM1090Y,18,1
508,508100131549401270508,"56.5,61,63,65,64,65.5,66,66.5",18.6,61.97,77.72,JiaXipera МM1090Y,18,1
508,508100131549569980508,"65.5,72,73.5,76,76.5,77,74.5",21.9,65.7,81.41,JiaXipera МM1090Y,18,1
508,508100131549500070508,"58.5,65,67,68.5,69.5,70,71,69.5",17.3,60.51,76.26,JiaXipera МM1090Y,18,1
508,508100131549401630508,"58,63,65.5,65,66.5,67.5,68.5,68",18.1,61.41,77.16,JiaXipera МM1090Y,18,1
508,508100131549404820508,"62.5,66.5,67,68.5,72.5,73,72.5,71",18.8,62.2,77.94,JiaXipera МM1090Y,18,1
508,508100131549573270508,"61.5,67.5,72,72.5,74.5,65",20.3,63.89,79.62,JiaXipera МM1090Y,18,1
508,508100131549567770508,"55,60,61,62,63,65.5,67,68,66",15.2,58.14,73.91,JiaXipera МM1090Y,18,1
508,508100131549404780508,"60,66,68,69,71,70.5,72,70",18.8,62.2,77.94,JiaXipera МM1090Y,18,1
508,508100131549572880508,"64,68.5,69.5,71.5,72,72.5,73,71.5,72.5",20.9,64.57,80.29,JiaXipera МM1090Y,18,1
508,508100131549571560508,"52.5,58,60,62,63.5,64,65.5,66",18.2,61.52,77.27,JiaXipera МM1090Y,18,1
508,508100131549567400508,"59.5,65.5,67,67.5,68,69,70,68",15.8,58.81,74.58,JiaXipera МM1090Y,18,1
508,508100131549400200508,"56,62.5,65.5,67,67.5,68,67",18.2,61.52,77.27,JiaXipera МM1090Y,18,1
508,508100131549691280508,"60,62.5,65,68.5,69.5,70,71",17.4,60.62,76.37,JiaXipera МM1090Y,18,1
508,508100131549400030508,"63,69.5,70,72.5,74,73,73.5,72.5",19.6,63.1,78.84,JiaXipera МM1090Y,18,1
508,508100131549570450508,"66,68.5,71,75,75.5,76,73.5",21.2,64.91,80.63,JiaXipera МM1090Y,18,1
508,508100131549569870508,"58.5,66,68,69,70,70.5,71,73",20.3,63.89,79.62,JiaXipera МM1090Y,18,1
508,508100131549400270508,"61,68,71,72.5,73,71.5,70",19.2,62.65,78.39,JiaXipera МM1090Y,18,1
508,508100131549404740508,"59.5,66.5,68.5,68,69.5,71,70.5,69.5",19.0,62.42,78.16,JiaXipera МM1090Y,18,1
508,508100131549690260508,"62.5,68.5,71.5,73,73.5,74,73",20.5,64.12,79.84,JiaXipera МM1090Y,18,1
508,508100131549569360508,"55.5,63,63.5,64,65,64,62.5",12.3,54.86,70.66,JiaXipera МM1090Y,18,1
508,508100131549400280508,"62,66.5,69,69.5,70.5,71,72,69.5",19.2,62.65,78.39,JiaXipera МM1090Y,18,1
508,508100131549401240508,"60.5,64,67.5,66.5,68,68.5,69.5,69,68.5",18.6,61.97,77.72,JiaXipera МM1090Y,18,1
508,508100131549401430508,"54.5,59,64,65.5,67.5,68,69.5",18.6,61.97,77.72,JiaXipera МM1090Y,18,1
508,508100131549402820508,"59,62,63.5,65,66.5,67.5,66.5",17.2,60.39,76.15,JiaXipera МM1090Y,18,1
508,508100131549568760508,"56,61,62.5,64.5,66,66.5,68,66",14.7,57.57,73.35,JiaXipera МM1090Y,18,1
508,508100131549401450508,"59.5,68.5,69,70,71,72,73,72.5,70,68",18.6,61.97,77.72,JiaXipera МM1090Y,18,1
508,508100131549500150508,"57.5,63,66,67,68.5,69,70,70.5",17.3,60.51,76.26,JiaXipera МM1090Y,18,1
508,508100131549401010508,"59.5,63.5,64.5,66,67,68,69.5,69,69.5",18.9,62.31,78.05,JiaXipera МM1090Y,18,1
508,508100131549575540508,"57,64,65.5,67,68.5,69,69.5,68",18.1,61.41,77.16,JiaXipera МM1090Y,18,1
508,508100131549572630508,"57,64,67.5,69,71.5,71,69.5",20.2,63.78,79.51,JiaXipera МM1090Y,18,1
508,508100131549401900508,"62,65.5,67.5,69,70.5,70,68.5",17.6,60.84,76.6,JiaXipera МM1090Y,18,1
508,508100131549403730508,"58.5,63.5,66.5,66,67,66.5,67.5,65.5",16.5,59.6,75.36,JiaXipera МM1090Y,18,1
508,508100131549571000508,"60,65.5,68,70.5,71.5,72,70.5",19.9,63.44,79.17,JiaXipera МM1090Y,18,1
508,508100131549401500508,"57.5,64,65,66.5,68,70,69.5",18.6,61.97,77.72,JiaXipera МM1090Y,18,1
508,508100131549404380508,"61.5,67,68.5,70,71,71.5,71,69",19.3,62.76,78.5,JiaXipera МM1090Y,18,1
508,508100131549401550508,"63,66,69,69.5,71,72,71",18.8,62.2,77.94,JiaXipera МM1090Y,18,1
508,508100131549574780508,"59,66.5,68,71,71.5,72.5,71",18.5,61.86,77.6,JiaXipera МM1090Y,18,1
508,508100131549401580508,"56,62,66.5,67.5,68,67,69",18.6,61.97,77.72,JiaXipera МM1090Y,18,1
508,508100131549403130508,"58.5,63,65,66,67.5,66.5,67",17.2,60.39,76.15,JiaXipera МM1090Y,18,1
508,508100131549403000508,"57,62,63.5,65,66.5,67.5,68.5,67",17.7,60.96,76.71,JiaXipera МM1090Y,18,1
508,508100131549570720508,"60.5,67.5,69.5,72,72.5,74,75",20.6,64.23,79.96,JiaXipera МM1090Y,18,1
508,508100131549401600508,"60,66.5,67,69,69.5,70,68.5",18.8,62.2,77.94,JiaXipera МM1090Y,18,1
508,508100131549573700508,"59,65,66.5,67.5,69.5,70.5,68",18.8,62.2,77.94,JiaXipera МM1090Y,18,1
508,508100131549499740508,"60,64.5,67,67.5,69.5,70",17.7,60.96,76.71,JiaXipera МM1090Y,18,1
508,508100131549401700508,"58.5,63,65.5,68,67.5,69.5,69",18.3,61.63,77.38,JiaXipera МM1090Y,18,1
508,508100131549401710508,"59.5,64,66.5,67.5,69.5,68,69.5,68",18.3,61.63,77.38,JiaXipera МM1090Y,18,1
508,508100131549572850508,"60,66,69.5,71.5,71,72.5,71.5",20.9,64.57,80.29,JiaXipera МM1090Y,18,1
508,508100131549403460508,"58,64,67.5,70,70.5,71,71.5,70",17.3,60.51,76.26,JiaXipera МM1090Y,18,1
508,508100131549400070508,"62.5,68.5,70.5,73,72.5,73,71",19.6,63.1,78.84,JiaXipera МM1090Y,18,1
508,508100131549401000508,"59,63,65.5,68.5,69.5,70.5,72,70.5,71.5,70.5",19.2,62.65,78.39,JiaXipera МM1090Y,18,1
508,508100131549567140508,"59,65.5,66,68,67.5,67,66,64.5",14.8,57.68,73.46,JiaXipera МM1090Y,18,1
508,508100131549690890508,"59,65,68,69.5,70,71,72,70.5",17.8,61.07,76.82,JiaXipera МM1090Y,18,1
508,508100131549401720508,"59,62.5,64,66,66.5,67,68,67",18.4,61.75,77.49,JiaXipera МM1090Y,18,1
508,508100131549571840508,"59.5,67,68,68.5,69.5,70.5,69",17.4,60.62,76.37,JiaXipera МM1090Y,18,1
508,508100131549404990508,"58,65,68.5,69,70,71,69",18.6,61.97,77.72,JiaXipera МM1090Y,18,1
508,508100131549404920508,"61,64.5,66.5,67.5,69,69.5,68",18.7,62.09,77.83,JiaXipera МM1090Y,18,1
508,508100131549571950508,"56.5,64,65.5,67.5,68,69.5,70,68.5",17.0,60.17,75.92,JiaXipera МM1090Y,18,1
508,508100131549574820508,"60,67,69,68.5,69,69.5,70",18.4,61.75,77.49,JiaXipera МM1090Y,18,1
508,508100131549401830508,"59.5,64.5,66,69,71,71.5,70.5,71,69.5",17.8,61.07,76.82,JiaXipera МM1090Y,18,1
508,508100131549402650508,"58.5,61,65.5,67,68.5,69.5,70.5,70",17.5,60.73,76.48,JiaXipera МM1090Y,18,1
508,508100131549400060508,"63,69,70.5,72,72.5,72,73,71.5",19.6,63.1,78.84,JiaXipera МM1090Y,18,1
508,508100131549404450508,"59.5,64,67,68.5,67.5,68.5,69,67",19.4,62.88,78.61,JiaXipera МM1090Y,18,1
508,508100131549403310508,"60.5,65.5,66.5,69,68.5,69,70.5,67.5",17.1,60.28,76.04,JiaXipera МM1090Y,18,1
508,508100131549404730508,"59,65.5,69,70,70.5,71.5,72,69.5",19.1,62.54,78.28,JiaXipera МM1090Y,18,1
508,508100131549405380508,"57.5,60,64,64.5,66,67,66.5,68.5,67",18.0,61.3,77.04,JiaXipera МM1090Y,18,1
508,508100131549575300508,"60,68,69.5,70.5,71.5,71",18.1,61.41,77.16,JiaXipera МM1090Y,18,1
508,508100131549400160508,"57.5,65.5,66.5,67.5,68.5,69,69.5",19.4,62.88,78.61,JiaXipera МM1090Y,18,1
508,508100131549567990508,"58.5,63.5,65.5,66.5,67.5,67,67.5,67",16.1,59.15,74.92,JiaXipera МM1090Y,18,1
508,508100131549570380508,"65.5,72,74.5,76,76.5,75.5,76,75.5,75",21.6,65.36,81.08,JiaXipera МM1090Y,18,1
508,508100131549691480508,"58,64.5,67,68,69,69.5,68",16.2,59.26,75.03,JiaXipera МM1090Y,18,1
508,508100131549568770508,"56,60,62,63,63.5,64,65.5,63",14.7,57.57,73.35,JiaXipera МM1090Y,18,1
508,508100131549690690508,"64,68,71,71.5,73,74,72",18.1,61.41,77.16,JiaXipera МM1090Y,18,1
508,508100131549405740508,"58,63,63.5,64.5,66.5,65.5,66.5,64.5",16.5,59.6,75.36,JiaXipera МM1090Y,18,1
508,508100131549401930508,"57,64,66.5,67.5,68.5,67,69,67.5",17.5,60.73,76.48,JiaXipera МM1090Y,18,1
508,508100131549401950508,"57.5,63.5,64.5,65.5,66,67,67.5,67",17.4,60.62,76.37,JiaXipera МM1090Y,18,1
508,508100131549567500508,"58,64,66.5,68.5,68,68.5,68,67.5",15.4,58.36,74.13,JiaXipera МM1090Y,18,1
508,508100131549401990508,"60,65.5,67,68,70",17.4,60.62,76.37,JiaXipera МM1090Y,18,1
508,508100131549402030508,"61.5,68,70.5,71.5,72.5,73.5,74.5,71",18.8,62.2,77.94,JiaXipera МM1090Y,18,1
508,508100131549402040508,"57.5,63,64.5,66,69,68.5,69,67",17.3,60.51,76.26,JiaXipera МM1090Y,18,1
508,508100131549405240508,"57.5,65.5,66.5,67.5,68,67",18.2,61.52,77.27,JiaXipera МM1090Y,18,1
508,508100131549405180508,"62.5,68.5,70,71,70.5,70,68.5",18.4,61.75,77.49,JiaXipera МM1090Y,18,1
508,508100131549500520508,"60.5,63,66.5,68,68.5,68,68.5,67.5",17.0,60.17,75.92,JiaXipera МM1090Y,18,1
508,508100131549569540508,"52,56,57,59,60,61.5,63,63.5,62.5",13.3,55.99,71.78,JiaXipera МM1090Y,18,1
508,508100131549402060508,"57,67,66.5,67.5,68.5,69,69.5,68",18.6,61.97,77.72,JiaXipera МM1090Y,18,1
508,508100131549402100508,"61,67.5,69,70,70.5,70,68",18.9,62.31,78.05,JiaXipera МM1090Y,18,1
508,508100131549402140508,"56,63,65.5,66.5,67.5,68,68.5,68",18.1,61.41,77.16,JiaXipera МM1090Y,18,1
508,508100131549403100508,"58,64,65.5,66.5,68,68.5,69,67",17.2,60.39,76.15,JiaXipera МM1090Y,18,1
508,508100131549567950508,"57,62.5,65.5,66.5,68,69.5,68",16.1,59.15,74.92,JiaXipera МM1090Y,18,1
508,508100131549691550508,"67.5,71.5,73.5,74,74.5,74,74.5,73.5,73",18.5,61.86,77.6,JiaXipera МM1090Y,18,1
508,508100131549567820508,"54.5,59.5,61.5,63.5,65,65.5,66,65.5,65",15.1,58.02,73.8,JiaXipera МM1090Y,18,1
508,508100131549405590508,"55.5,61.5,63.5,63,62.5,64.5,66,65.5",17.0,60.17,75.92,JiaXipera МM1090Y,18,1
508,508100131549402270508,"61.5,68,69.5,71,71.5,70,69.5",18.8,62.2,77.94,JiaXipera МM1090Y,18,1
508,508100131549402330508,"58.5,64.5,67.5,69.5,70,71,72,71",18.1,61.41,77.16,JiaXipera МM1090Y,18,1
508,508100131549402750508,"60,66,66.5,67.5,68,69.5,69,67.5",17.3,60.51,76.26,JiaXipera МM1090Y,18,1
508,508100131549404940508,"59,65.5,66,68.5,68,69,68",18.7,62.09,77.83,JiaXipera МM1090Y,18,1
508,508100131549568270508,"57,62.5,64,66,67.5,68,66",15.7,58.7,74.47,JiaXipera МM1090Y,18,1
508,508100131549571190508,"58.5,63.5,66,67.5,67,69,68.5,69,68.5",19.3,62.76,78.5,JiaXipera МM1090Y,18,1
508,508100131549400680508,"60.5,65,67,68,68.5,69,70.5,69.5",18.8,62.2,77.94,JiaXipera МM1090Y,18,1
508,508100131549574540508,"56.5,62,64,65,65.5,66,67,66",16.4,59.49,75.25,JiaXipera МM1090Y,18,1
508,508100131549569290508,"57,62,62.5,64.5,65.5,66.5,66",13.0,55.65,71.44,JiaXipera МM1090Y,18,1
508,508100131549401150508,"61.5,66.5,69,69.5,70.5,71,70.5,69,67",18.7,62.09,77.83,JiaXipera МM1090Y,18,1
508,508100131549500090508,"59,64,66,68,68.5,69,69.5,67.5",17.7,60.96,76.71,JiaXipera МM1090Y,18,1
508,508100131549568320508,"57,61,63.5,65,66.5,67,67.5,65.5",15.2,58.14,73.91,JiaXipera МM1090Y,18,1
508,508100131549402840508,"61,65.5,68,69,70,68.5",17.0,60.17,75.92,JiaXipera МM1090Y,18,1
508,508100131549567900508,"58,63,64.5,65.5,67,68,66",16.3,59.38,75.14,JiaXipera МM1090Y,18,1
508,508100131549402360508,"61,63,64,64.5,65,66.5,65,64.5,66,66.5",17.3,60.51,76.26,JiaXipera МM1090Y,18,1
508,508100131549569750508,"64,69.5,72.5,73,74,74.5,72",20.4,64.0,79.73,JiaXipera МM1090Y,18,1
508,508100131549567640508,"56.5,59,62,63,65,65.5,66,67.5,66",15.3,58.25,74.02,JiaXipera МM1090Y,18,1
508,508100131549572410508,"61.5,67.5,69.5,71,72.5,73,74.5,72.5",20.2,63.78,79.51,JiaXipera МM1090Y,18,1
508,508100131549574300508,"57.5,62,63.5,65.5,66,67,67.5,67",17.3,60.51,76.26,JiaXipera МM1090Y,18,1
508,508100131549500430508,"58.5,65.5,66.5,67.5,67,65",16.9,60.05,75.81,JiaXipera МM1090Y,18,1
508,508100131549569060508,"54,58,59.5,61,60.5,62.5,62,63.5,62",13.8,56.55,72.34,JiaXipera МM1090Y,18,1
508,508100131549572140508,"58.5,63,65,66,66.5,68,67.5,66",16.4,59.49,75.25,JiaXipera МM1090Y,18,1
508,508100131549570150508,"62.5,66.5,68.5,69.5,71.5,73.5,76,75.5,76.5,76",21.6,65.36,81.08,JiaXipera МM1090Y,18,1
508,508100131549402450508,"59,65,67,68,69,69.5,70,69.5",18.0,61.3,77.04,JiaXipera МM1090Y,18,1
508,508100131549400460508,"63.5,67.5,70.5,72,73,72.5,71.5,72.5",19.1,62.54,78.28,JiaXipera МM1090Y,18,1
508,508100131549567560508,"57,62,63.5,65.5,66,67,67.5,65.5",15.3,58.25,74.02,JiaXipera МM1090Y,18,1
508,508100131549403720508,"57,64,66,66.5,67,68,68.5,69",16.5,59.6,75.36,JiaXipera МM1090Y,18,1
508,508100131549400590508,"62.5,66.5,68.5,71,71.5,70.5,72,70",18.8,62.2,77.94,JiaXipera МM1090Y,18,1
508,508100131549400850508,"60.5,63,66,69.5,70,72,70.5,69,70.5,68.5",19.4,62.88,78.61,JiaXipera МM1090Y,18,1
508,508100131549402500508,"59.5,63.5,66.5,67.5,69.5,70.5,71.5,72,72.5,72",18.1,61.41,77.16,JiaXipera МM1090Y,18,1
508,508100131549400620508,"63,67.5,69.5,69,70,72,71.5,71",18.9,62.31,78.05,JiaXipera МM1090Y,18,1
508,508100131549568800508,"55,60,60.5,62.5,63,62",14.8,57.68,73.46,JiaXipera МM1090Y,18,1
508,508100131549402510508,"55.5,65,65.5,67.5,68.5,67.5,68.5,69,68.5,66",18.1,61.41,77.16,JiaXipera МM1090Y,18,1
508,508100131549690420508,"63,68.5,71,73,74,75,76.5,75.5",19.6,63.1,78.84,JiaXipera МM1090Y,18,1
508,508100131549567180508,"60.5,65,66,67.5,69.5,68,68.5,68",15.4,58.36,74.13,JiaXipera МM1090Y,18,1
508,508100131549401920508,"58.5,64,66,68,68.5,69,70.5,69.5",17.5,60.73,76.48,JiaXipera МM1090Y,18,1
508,508100131549403780508,"56.5,62,65.5,65,67,66.5,67,66",16.6,59.72,75.48,JiaXipera МM1090Y,18,1
508,508100131549574760508,"61,67,69.5,71,71.5,72.5,72,70",18.7,62.09,77.83,JiaXipera МM1090Y,18,1
508,508100131549573440508,"63,69.5,70.5,71.5,72.5,74,75,74.5,73.5",19.8,63.33,79.06,JiaXipera МM1090Y,18,1
508,508100131549402020508,"57.5,63,67.5,68,68.5,69.5,68,67",17.3,60.51,76.26,JiaXipera МM1090Y,18,1
508,508100131549569790508,"63,69,71,72.5,74.5,76,76.5,75",20.4,64.0,79.73,JiaXipera МM1090Y,18,1
508,508100131549402730508,"61,65,66,67,68,69,68",17.4,60.62,76.37,JiaXipera МM1090Y,18,1
508,508100131549567130508,"58.5,65,66.5,68,67,66",14.8,57.68,73.46,JiaXipera МM1090Y,18,1
508,508100131549567170508,"56.5,60.5,64.5,66,67,65.5",14.6,57.46,73.24,JiaXipera МM1090Y,18,1
508,508100131549405300508,"61,65.5,67.5,68.5,68,68.5,68,67.5",18.1,61.41,77.16,JiaXipera МM1090Y,18,1
508,508100131549399980508,"58,64.5,65.5,67.5,69,69.5,69,68",17.3,60.51,76.26,JiaXipera МM1090Y,18,1
508,508100131549402520508,"59,64,66.5,68,68.5,70,69.5,71,69.5,68.5",18.0,61.3,77.04,JiaXipera МM1090Y,18,1
508,508100131549400260508,"62,67,69,69.5,70,71.5,72,71,70.5",19.2,62.65,78.39,JiaXipera МM1090Y,18,1
508,508100131549402600508,"61,63.5,66,66.5,68.5,70,71,70.5,70",17.7,60.96,76.71,JiaXipera МM1090Y,18,1
508,508100131549572050508,"59.5,64.5,66,68,69,69.5,68.5,67.5",16.7,59.83,75.59,JiaXipera МM1090Y,18,1
508,508100131549403180508,"58.5,63.5,65.5,67.5,68.5,68,69,68.5",17.3,60.51,76.26,JiaXipera МM1090Y,18,1
508,508100131549573890508,"57,62,63,65,66.5,67,66.5",17.9,61.18,76.93,JiaXipera МM1090Y,18,1
508,508100131549570960508,"61,66,67.5,69.5,70.5,71,72,70",20.0,63.55,79.28,JiaXipera МM1090Y,18,1
508,508100131549400020508,"58,62.5,63,63.5,64.5,65.5,67,65",16.9,60.05,75.81,JiaXipera МM1090Y,18,1
508,508100131549402990508,"57,63,64,66.5,67.5,68",17.7,60.96,76.71,JiaXipera МM1090Y,18,1
508,508100131549402620508,"59,64,68.5,67.5,69,69.5,67.5",17.6,60.84,76.6,JiaXipera МM1090Y,18,1
508,508100131549569270508,"54,57.5,60,61.5,62,61.5,62.5,61.5",13.5,56.22,72.0,JiaXipera МM1090Y,18,1
508,508100131549569610508,"61.5,64,65.5,66.5,68,71,72,72.5,72,73",20.4,64.0,79.73,JiaXipera МM1090Y,18,1
508,508100131549401200508,"61.5,65,66,67,68,68.5,69,68.5",18.7,62.09,77.83,JiaXipera МM1090Y,18,1
508,508100131549402660508,"59,63.5,66,67.5,68.5,68,68.5,68,69",17.6,60.84,76.6,JiaXipera МM1090Y,18,1
508,508100131549402800508,"59.5,66,66.5,68.5,69,69.5,70",17.3,60.51,76.26,JiaXipera МM1090Y,18,1
508,508100131549402760508,"58.5,63.5,65,66.5,68.5,69,68.5,66.5",17.3,60.51,76.26,JiaXipera МM1090Y,18,1
508,508100131549569970508,"66,73,76,76.5,77,77.5,75",21.9,65.7,81.41,JiaXipera МM1090Y,18,1
508,508100131549402790508,"57,62,64,65,66,66.5,68",17.3,60.51,76.26,JiaXipera МM1090Y,18,1
508,508100131549402810508,"63,67,69.5,70,70.5,70,69.5,70.5,71",17.1,60.28,76.04,JiaXipera МM1090Y,18,1
508,508100131549400840508,"60,65.5,69,71,72,72.5,72,70.5",19.4,62.88,78.61,JiaXipera МM1090Y,18,1
508,508100131549402340508,"58.5,67.5,69,70,71,70,71,69.5",18.8,62.2,77.94,JiaXipera МM1090Y,18,1
508,508100131549570350508,"63,69,72.5,73.5,75,77,74.5",21.6,65.36,81.08,JiaXipera МM1090Y,18,1
508,508100131549572820508,"58.5,63.5,65.5,67.5,69,69.5,71.5,71",21.1,64.79,80.52,JiaXipera МM1090Y,18,1
508,508100131549402690508,"57.5,64.5,67,68.5,68,67.5,68,67",17.6,60.84,76.6,JiaXipera МM1090Y,18,1
508,508100131549691140508,"57,64.5,65.5,66.5,67.5,68,68.5,67",17.0,60.17,75.92,JiaXipera МM1090Y,18,1
508,508100131549401750508,"60.5,66.5,67.5,69,70,68.5,70.5,71",18.2,61.52,77.27,JiaXipera МM1090Y,18,1
508,508100131549571910508,"60.5,63,65,65.5,69,70.5,70,69.5,68.5",17.2,60.39,76.15,JiaXipera МM1090Y,18,1
508,508100131549400220508,"61,64.5,70,71,72.5,72,70",19.6,63.1,78.84,JiaXipera МM1090Y,18,1
508,508100131549402850508,"61.5,65.5,67,68,68.5,67.5,68,66",17.0,60.17,75.92,JiaXipera МM1090Y,18,1
508,508100131549568210508,"57.5,62,64,65.5,66.5,67,67.5,66.5",15.5,58.47,74.24,JiaXipera МM1090Y,18,1
508,508100131549401610508,"57.5,63,66,67,68,68.5,67.5,69,68.5",19.0,62.42,78.16,JiaXipera МM1090Y,18,1
508,508100131549405630508,"56.5,61.5,63.5,64,64.5,65,65.5,64",16.8,59.94,75.7,JiaXipera МM1090Y,18,1
508,508100131549402910508,"56,61.5,62.5,64.5,65.5,67,67.5,65.5",16.9,60.05,75.81,JiaXipera МM1090Y,18,1
508,508100131549405930508,"60,65.5,68.5,69.5,70,69,70,68",15.4,58.36,74.13,JiaXipera МM1090Y,18,1
508,508100131549570750508,"61,67,69,71,71.5,72,65.5",20.6,64.23,79.96,JiaXipera МM1090Y,18,1
508,508100131549402930508,"57.5,63,64.5,66,67,67.5,66.5,67.5,66.5",17.7,60.96,76.71,JiaXipera МM1090Y,18,1
508,508100131549499840508,"61.5,68.5,70,71.5,72,70",17.7,60.96,76.71,JiaXipera МM1090Y,18,1
508,508100131549500380508,"61,65.5,67.5,68,69.5,70,70.5,69",17.1,60.28,76.04,JiaXipera МM1090Y,18,1
508,508100131549571940508,"57.5,63,64.5,65,65.5,66.5,68,66.5",17.1,60.28,76.04,JiaXipera МM1090Y,18,1
508,508100131549499870508,"61.5,67,68.5,70.5,72,72.5,71",17.7,60.96,76.71,JiaXipera МM1090Y,18,1
508,508100131549568020508,"58.5,64,65.5,67.5,68.5,68,68.5,68,66",15.9,58.93,74.69,JiaXipera МM1090Y,18,1
508,508100131549499940508,"59,64.5,66.5,69,70.5,71,69",17.6,60.84,76.6,JiaXipera МM1090Y,18,1
508,508100131549570070508,"63.5,72,73.5,76,77.5,78.5,74",21.8,65.58,81.3,JiaXipera МM1090Y,18,1
508,508100131549567150508,"58.5,62.5,65,66,68,68.5,69.5,69",16.2,59.26,75.03,JiaXipera МM1090Y,18,1
508,508100131549499950508,"60.5,66.5,68,70.5,71.5,72.5,71.5,70.5,71.5",17.9,61.18,76.93,JiaXipera МM1090Y,18,1
508,508100131549404030508,"57.5,62.5,65,66.5,67,66.5,65.5",16.5,59.6,75.36,JiaXipera МM1090Y,18,1
508,508100131549567680508,"59.5,64.5,65,67,68,68.5,68",15.2,58.14,73.91,JiaXipera МM1090Y,18,1
508,508100131549402110508,"60,67,70.5,71.5,72.5,71",18.9,62.31,78.05,JiaXipera МM1090Y,18,1
508,508100131549571970508,"54.5,60,61,64,64.5,65.5,67",16.9,60.05,75.81,JiaXipera МM1090Y,18,1
508,508100131549499970508,"61.5,67,69,70.5,71,70,71,70,70.5,68.5",17.8,61.07,76.82,JiaXipera МM1090Y,18,1
508,508100131549572790508,"60.5,66,68.5,70,71.5,72.5,70.5",21.2,64.91,80.63,JiaXipera МM1090Y,18,1
508,508100131549403020508,"57,61.5,63.5,64.5,65,67,68.5,67.5,68,68.5",17.6,60.84,76.6,JiaXipera МM1090Y,18,1
508,508100131549499980508,"62,68,70.5,71,72,70",17.7,60.96,76.71,JiaXipera МM1090Y,18,1
508,508100131549569370508,"53,62,63,65,63.5,65.5,66.5,66",12.2,54.75,70.55,JiaXipera МM1090Y,18,1
508,508100131549499990508,"63.5,66.5,68,69,70.5,71.5,71,71.5,71",17.7,60.96,76.71,JiaXipera МM1090Y,18,1
508,508100131549500000508,"61,66.5,69.5,71,72.5,72,71.5",17.7,60.96,76.71,JiaXipera МM1090Y,18,1
508,508100131549500030508,"61,64.5,68,69.5,71,72,71.5,68.5",17.4,60.62,76.37,JiaXipera МM1090Y,18,1
508,508100131549500040508,"61,65,68.5,69,70,69.5,70.5,70",17.5,60.73,76.48,JiaXipera МM1090Y,18,1
508,508100131549500050508,"61.5,66,67.5,68.5,70,69.5,70.5,69",17.4,60.62,76.37,JiaXipera МM1090Y,18,1
508,508100131549574940508,"59.5,65.5,67.5,68.5,69.5,69,70,68.5",18.3,61.63,77.38,JiaXipera МM1090Y,18,1
508,508100131549401090508,"66.5,70,71.5,73.5,72.5,73.5,72.5,72",18.9,62.31,78.05,JiaXipera МM1090Y,18,1
508,508100131549500060508,"62,66.5,69,69.5,70.5,69,69.5,68.5",17.6,60.84,76.6,JiaXipera МM1090Y,18,1
508,508100131549569780508,"63,70,71,72.5,73.5,74,74.5,75.5,75,75.5,75,74.5,75,74",20.3,63.89,79.62,JiaXipera МM1090Y,18,1
508,508100131549500100508,"60,66.5,68,69,70,70.5,68.5",17.4,60.62,76.37,JiaXipera МM1090Y,18,1
508,508100131549570980508,"63,68.5,70,71.5,71,72,70",20.0,63.55,79.28,JiaXipera МM1090Y,18,1
508,508100131549500130508,"62,67,69,71.5,70.5,71.5,71,69.5",17.4,60.62,76.37,JiaXipera МM1090Y,18,1
508,508100131549572520508,"61.5,68,70,71.5,71,71.5,72,70",20.3,63.89,79.62,JiaXipera МM1090Y,18,1
508,508100131549500140508,"62.5,68,69,71.5,69.5",17.4,60.62,76.37,JiaXipera МM1090Y,18,1
508,508100131549571890508,"60,63,67.5,68,68.5,69,67.5",17.5,60.73,76.48,JiaXipera МM1090Y,18,1
508,508100131549400040508,"63,69,70,71.5,73,73.5,73",19.6,63.1,78.84,JiaXipera МM1090Y,18,1
508,508100131549500170508,"58,62,65,66.5,67.5,68,69,69.5",17.3,60.51,76.26,JiaXipera МM1090Y,18,1
508,508100131549500240508,"56.5,62,67,68.5,67.5,69,68",17.3,60.51,76.26,JiaXipera МM1090Y,18,1
508,508100131549690640508,"64.5,67.5,70.5,72,73.5,74,74.5,73",18.2,61.52,77.27,JiaXipera МM1090Y,18,1
508,508100131549500550508,"56.5,62,64,65.5,67,69,70.5,67",17.3,60.51,76.26,JiaXipera МM1090Y,18,1
508,508100131549567230508,"56.5,60.5,62.5,64.5,64,64.5,65.5,64.5",14.6,57.46,73.24,JiaXipera МM1090Y,18,1
508,508100131549569250508,"56.5,62.5,64,63.5,64,63",13.3,55.99,71.78,JiaXipera МM1090Y,18,1
508,508100131549500250508,"57.5,64,65.5,66.5,68,68.5,69,67.5",17.2,60.39,76.15,JiaXipera МM1090Y,18,1
508,508100131549371960508,"60,65.5,67,67.5,68.5,69,68",14.8,57.68,73.46,JiaXipera МM1090Y,18,1
508,508100131549500320508,"57.5,65,66.5,67,68.5,67",17.1,60.28,76.04,JiaXipera МM1090Y,18,1
508,508100131549500330508,"59.5,64.5,67,67.5,68,69,68.5,66.5",17.0,60.17,75.92,JiaXipera МM1090Y,18,1
508,508100131549500360508,"56,61.5,65,66,66.5,67.5,67",17.0,60.17,75.92,JiaXipera МM1090Y,18,1
508,508100131549405020508,"59.5,65.5,69,68,69.5,70,69.5",18.7,62.09,77.83,JiaXipera МM1090Y,18,1
508,508100131549499850508,"60,65.5,69.5,71.5,72.5,72,73,70",17.8,61.07,76.82,JiaXipera МM1090Y,18,1
508,508100131549569230508,"54,59,59.5,60.5,61.5,61,62.5,61.5",13.3,55.99,71.78,JiaXipera МM1090Y,18,1
508,508100131549500390508,"61,65,65.5,67,68,67.5,67,66",16.9,60.05,75.81,JiaXipera МM1090Y,18,1
508,508100131549567120508,"57,61.5,64,65,67.5,68,69,67.5",14.8,57.68,73.46,JiaXipera МM1090Y,18,1
508,508100131549567830508,"54.5,60.5,61.5,63.5,64,65,65.5,66",15.1,58.02,73.8,JiaXipera МM1090Y,18,1
508,508100131549500400508,"56.5,61.5,62,63.5,64.5,64,65.5,64.5",17.0,60.17,75.92,JiaXipera МM1090Y,18,1
508,508100131549500440508,"54.5,59,62,64.5,66,67.5,68.5,67.5",16.9,60.05,75.81,JiaXipera МM1090Y,18,1
508,508100131549500450508,"55,61,62.5,64.5,65,66,65.5",17.0,60.17,75.92,JiaXipera МM1090Y,18,1
508,508100131549569640508,"62,67.5,70,72,73.5,74.5,75,71.5",20.4,64.0,79.73,JiaXipera МM1090Y,18,1
508,508100131549570950508,"61,69,70.5,70,71,71.5,69.5",20.2,63.78,79.51,JiaXipera МM1090Y,18,1
508,508100131549568490508,"58.5,61.5,64.5,65.5,65,65.5",15.4,58.36,74.13,JiaXipera МM1090Y,18,1
508,508100131549500480508,"57,62.5,63.5,65.5,66.5,67,67.5,65.5",16.9,60.05,75.81,JiaXipera МM1090Y,18,1
508,508100131549690490508,"58,62.5,65.5,68,69,70,72.5,70.5",19.5,62.99,78.72,JiaXipera МM1090Y,18,1
508,508100131549500500508,"57.5,61.5,64.5,65,66.5,65",16.9,60.05,75.81,JiaXipera МM1090Y,18,1
508,508100131549500560508,"57,63,62.5,64.5,64,66,66.5,64.5",16.9,60.05,75.81,JiaXipera МM1090Y,18,1
508,508100131549500600508,"58.5,63,66,67.5,68,68.5,67.5,68.5",16.7,59.83,75.59,JiaXipera МM1090Y,18,1
508,508100131549567110508,"59,64,64.5,65,66,67,66",14.8,57.68,73.46,JiaXipera МM1090Y,18,1
508,508100131549569530508,"62.5,68,70,71.5,73,71.5",20.5,64.12,79.84,JiaXipera МM1090Y,18,1
508,508100131549567160508,"56.5,61,62.5,63.5,64,65.5,64.5,64",14.6,57.46,73.24,JiaXipera МM1090Y,18,1
508,508100131549690700508,"59.5,65,67,68,69,72,73,72.5,73,71.5",19.6,63.1,78.84,JiaXipera МM1090Y,18,1
508,508100131549567200508,"57.5,63,65.5,67.5,68,67.5,69,68",15.3,58.25,74.02,JiaXipera МM1090Y,18,1
508,508100131549567210508,"55.5,59.5,62,63.5,64.5,64,65,64.5",14.5,57.34,73.12,JiaXipera МM1090Y,18,1
508,508100131549572340508,"61,67,69,71.5,72,72.5,73,72.5",20.3,63.89,79.62,JiaXipera МM1090Y,18,1
508,508100131549567290508,"56,60,63,63.5,65.5,66,65,63.5",14.4,57.23,73.01,JiaXipera МM1090Y,18,1
508,508100131549567320508,"57,60.5,63.5,65,64.5,65,66,64",14.4,57.23,73.01,JiaXipera МM1090Y,18,1
508,508100131549401590508,"59.5,67,68.5,70.5,72,69.5",18.8,62.2,77.94,JiaXipera МM1090Y,18,1
508,508100131549404000508,"62,67,68.5,70.5,71,69.5",16.6,59.72,75.48,JiaXipera МM1090Y,18,1
508,508100131549569070508,"56.5,61,62.5,63.5,64,64.5,64",14.0,56.78,72.56,JiaXipera МM1090Y,18,1
508,508100131549567430508,"58,60,63,65,66.5,67,67.5,68,67.5,66.5,67",15.7,58.7,74.47,JiaXipera МM1090Y,18,1
508,508100131549567440508,"58,64.5,67,67.5,67,67.5,66",15.7,58.7,74.47,JiaXipera МM1090Y,18,1
508,508100131549567450508,"59.5,63.5,65,66.5,67,67.5,68,67.5",15.7,58.7,74.47,JiaXipera МM1090Y,18,1
508,508100131549567460508,"59.5,63,66,66.5,66,67.5,66.5,67.5,65.5",15.6,58.59,74.36,JiaXipera МM1090Y,18,1
508,508100131549403210508,"60,67,69.5,70.5,71,70,69,68.5",17.0,60.17,75.92,JiaXipera МM1090Y,18,1
508,508100131549567890508,"59.5,66,66.5,68.5,69,70.5,68.5",16.4,59.49,75.25,JiaXipera МM1090Y,18,1
508,508100131549568130508,"56,60.5,64,65,65.5,66,65",15.6,58.59,74.36,JiaXipera МM1090Y,18,1
508,508100131549403290508,"62.5,67.5,69,68,69.5,67.5",17.1,60.28,76.04,JiaXipera МM1090Y,18,1
508,508100131549567480508,"59.5,64.5,66,67.5,66.5,68,68.5,69.5",15.6,58.59,74.36,JiaXipera МM1090Y,18,1
508,508100131549574260508,"59,64,66.5,68,68.5,67",17.5,60.73,76.48,JiaXipera МM1090Y,18,1
508,508100131549567520508,"55,61,62.5,64,65,67.5,68.5,66.5,66",15.4,58.36,74.13,JiaXipera МM1090Y,18,1
508,508100131549567530508,"58.5,62,65.5,66,67.5,68,66.5,67,66.5,67.5",15.3,58.25,74.02,JiaXipera МM1090Y,18,1
508,508100131549567540508,"58.5,64,66,67,67.5,68,67",15.2,58.14,73.91,JiaXipera МM1090Y,18,1
508,508100131549500590508,"56.5,62,65,66,66.5,67.5,66",16.6,59.72,75.48,JiaXipera МM1090Y,18,1
508,508100131549567800508,"56,61,62.5,65.5,66,66.5,66",15.2,58.14,73.91,JiaXipera МM1090Y,18,1
508,508100131549567550508,"58,62.5,65.5,66.5,67.5,66,67.5",15.3,58.25,74.02,JiaXipera МM1090Y,18,1
508,508100131549567580508,"58.5,64.5,65,66.5,67.5,68,69,67",15.4,58.36,74.13,JiaXipera МM1090Y,18,1
508,508100131549570320508,"72,73.5,75.5,75,76,74,73",21.4,65.13,80.85,JiaXipera МM1090Y,18,1
508,508100131549572260508,"61,67,68,69,70.5,71,71.5,72,72.5,72,72.5",20.4,64.0,79.73,JiaXipera МM1090Y,18,1
508,508100131549401530508,"57.5,62,62.5,65,66,67,68,68.5",18.6,61.97,77.72,JiaXipera МM1090Y,18,1
508,508100131549568370508,"55.5,60.5,63,63.5,65.5,66,68,65.5",15.2,58.14,73.91,JiaXipera МM1090Y,18,1
508,508100131549567600508,"60,65,65.5,69,68.5,68",15.3,58.25,74.02,JiaXipera МM1090Y,18,1
508,508100131549570240508,"65,71,73,75,76,75,73.5",21.4,65.13,80.85,JiaXipera МM1090Y,18,1
508,508100131549371930508,"60.5,66,68,69.5,70.5,72,73,70",15.1,58.02,73.8,JiaXipera МM1090Y,18,1
508,508100131549567610508,"58,64.5,67,68.5,68,69.5,67.5",15.3,58.25,74.02,JiaXipera МM1090Y,18,1
508,508100131549568190508,"59,63,64,65.5,67.5,68.5,67.5",15.5,58.47,74.24,JiaXipera МM1090Y,18,1
508,508100131549500110508,"59,63.5,66,67.5,68,71,69.5",17.4,60.62,76.37,JiaXipera МM1090Y,18,1
508,508100131549567620508,"58,63.5,64.5,66,67.5,68.5,67.5",15.3,58.25,74.02,JiaXipera МM1090Y,18,1
508,508100131549405800508,"57,62.5,64,65,63.5",16.2,59.26,75.03,JiaXipera МM1090Y,18,1
508,508100131549572120508,"59,65,66,68,68.5,68",17.6,60.84,76.6,JiaXipera МM1090Y,18,1
508,508100131549567630508,"56.5,63,64,65.5,66.5,67,67.5,67",15.2,58.14,73.91,JiaXipera МM1090Y,18,1
508,508100131549569090508,"57.5,62,63.5,65,66,66.5",13.9,56.67,72.45,JiaXipera МM1090Y,18,1
508,508100131549690360508,"61.5,66.5,69.5,70.5,72.5,73.5,73,74,73.5,73",19.8,63.33,79.06,JiaXipera МM1090Y,18,1
508,508100131549567660508,"59,65.5,66.5,68,68.5,67.5,69,69.5,67.5",15.2,58.14,73.91,JiaXipera МM1090Y,18,1
508,508100131549567670508,"59,64,66,67,67.5,67,68,67.5",15.2,58.14,73.91,JiaXipera МM1090Y,18,1
508,508100131549400740508,"62,67.5,70.5,72,72.5,74,72",18.7,62.09,77.83,JiaXipera МM1090Y,18,1
508,508100131549567690508,"56.5,62.5,65,66,65.5,65,64.5",15.4,58.36,74.13,JiaXipera МM1090Y,18,1
508,508100131549567710508,"58.5,63,65,66,66.5,66,67.5,65.5",15.2,58.14,73.91,JiaXipera МM1090Y,18,1
508,508100131549567720508,"55.5,60.5,64.5,65.5,66.5,67,66",15.2,58.14,73.91,JiaXipera МM1090Y,18,1
508,508100131549567730508,"55,60.5,62.5,62,63.5,64.5,65.5,64,65.5,64.5,63",15.2,58.14,73.91,JiaXipera МM1090Y,18,1
508,508100131549567740508,"59,61.5,62.5,64,65.5,66.5,68,67.5,66.5,65.5",15.2,58.14,73.91,JiaXipera МM1090Y,18,1
508,508100131549569310508,"53.5,57,59.5,61,62.5,63.5,63,62.5",12.8,55.43,71.22,JiaXipera МM1090Y,18,1
508,508100131549691160508,"61,66,67,68.5,69,67.5,69.5,66.5",17.0,60.17,75.92,JiaXipera МM1090Y,18,1
508,508100131549572030508,"56,59.5,63.5,65,66.5,67,69.5,67.5",16.8,59.94,75.7,JiaXipera МM1090Y,18,1
508,508100131549567750508,"57.5,60.5,63,66,66.5,68,67.5",15.2,58.14,73.91,JiaXipera МM1090Y,18,1
508,508100131549567760508,"57,62,64.5,66,66.5,65.5,66",15.2,58.14,73.91,JiaXipera МM1090Y,18,1
508,508100131549573510508,"58,61.5,65,67.5,69,70.5,71,70.5,71.5,72,72.5",19.7,63.21,78.95,JiaXipera МM1090Y,18,1
508,508100131549567780508,"58.5,63,64.5,65,65.5,66,66.5,65.5",15.2,58.14,73.91,JiaXipera МM1090Y,18,1
508,508100131549571520508,"64,64.5,65,70.5,71.5,72.5,73.5,74,74.5",19.4,62.88,78.61,JiaXipera МM1090Y,18,1
508,508100131549567790508,"56.5,62.5,63,64,65,64.5,63.5",15.1,58.02,73.8,JiaXipera МM1090Y,18,1
508,508100131549567220508,"54,64.5,66.5,67,68,68.5,67.5,68",14.8,57.68,73.46,JiaXipera МM1090Y,18,1
508,508100131549568260508,"58,63.5,67,68,67.5,66.5,67,66.5,67",15.6,58.59,74.36,JiaXipera МM1090Y,18,1
508,508100131549570190508,"62,68,71,72.5,73,74,74.5,75,74.5,71",21.8,65.58,81.3,JiaXipera МM1090Y,18,1
508,508100131549567810508,"59,63,65,66.5,68,66,64",15.1,58.02,73.8,JiaXipera МM1090Y,18,1
508,508100131549567840508,"51,56,59.5,60,61.5,62.5,63,62.5,63.5",15.1,58.02,73.8,JiaXipera МM1090Y,18,1
508,508100131549567970508,"58.5,63,65.5,67,68,68.5,65.5",16.3,59.38,75.14,JiaXipera МM1090Y,18,1
508,508100131549400950508,"62,66.5,67.5,68.5,69,69.5,69,68.5",19.2,62.65,78.39,JiaXipera МM1090Y,18,1
508,508100131549568790508,"56,59.5,61,62.5,63,63.5,64,63",14.8,57.68,73.46,JiaXipera МM1090Y,18,1
508,508100131549567980508,"59.5,64,66,67,67.5,69,67.5",16.1,59.15,74.92,JiaXipera МM1090Y,18,1
508,508100131549691660508,"58.5,62.5,64,66.5,67,67.5,67,66",15.0,57.91,73.68,JiaXipera МM1090Y,18,1
508,508100131549574880508,"61.5,67.5,69,71,71.5,72,70.5",18.4,61.75,77.49,JiaXipera МM1090Y,18,1
508,508100131549568010508,"57.5,61,62,63.5,64,66,66.5,66,65.5",15.9,58.93,74.69,JiaXipera МM1090Y,18,1
508,508100131549568050508,"58.5,63,64.5,65.5,66.5,66,65.5,66,65.5",15.8,58.81,74.58,JiaXipera МM1090Y,18,1
508,508100131549403910508,"58,59.5,60,62.5,63.5,64.5,67,66.5,67.5,67",16.7,59.83,75.59,JiaXipera МM1090Y,18,1
508,508100131549568080508,"56.5,61,61.5,63,64,65.5,66,66.5",15.7,58.7,74.47,JiaXipera МM1090Y,18,1
508,508100131549568090508,"56.5,60,64.5,65,66,67,67.5",15.7,58.7,74.47,JiaXipera МM1090Y,18,1
508,508100131549568140508,"58,63.5,65.5,66.5,66,68,68.5,67",15.7,58.7,74.47,JiaXipera МM1090Y,18,1
508,508100131549403230508,"58.5,63.5,65.5,65,66,67,66",17.2,60.39,76.15,JiaXipera МM1090Y,18,1
508,508100131549568150508,"58.5,65,65.5,66,66.5,67,66",15.6,58.59,74.36,JiaXipera МM1090Y,18,1
508,508100131549568160508,"55,57,60,63,63.5,65,65.5,65",15.5,58.47,74.24,JiaXipera МM1090Y,18,1
508,508100131549568240508,"59,63,64,65.5,64.5,67,67.5,68,66.5",15.6,58.59,74.36,JiaXipera МM1090Y,18,1
508,508100131549568280508,"58,64.5,65,66,66.5,67.5,68.5,67.5",15.6,58.59,74.36,JiaXipera МM1090Y,18,1
508,508100131549571430508,"59,64.5,68.5,70.5,71,71.5,68.5",18.4,61.75,77.49,JiaXipera МM1090Y,18,1
508,508100131549568300508,"59,64,66.5,67.5,68.5,69.5,70,68.5,69",15.3,58.25,74.02,JiaXipera МM1090Y,18,1
508,508100131549568310508,"57.5,64,66,66.5,67,66.5,64.5",15.4,58.36,74.13,JiaXipera МM1090Y,18,1
508,508100131549568340508,"55,57,58.5,60,60.5,63.5,64.5,66.5,66,65",15.1,58.02,73.8,JiaXipera МM1090Y,18,1
508,508100131549571020508,"57,63,64,66,67.5,70.5,69",19.8,63.33,79.06,JiaXipera МM1090Y,18,1
508,508100131549568380508,"53,57.5,60.5,62,63.5,64,64.5,65",15.1,58.02,73.8,JiaXipera МM1090Y,18,1
508,508100131549569380508,"56.5,61,62,63,63.5,64.5,63",12.3,54.86,70.66,JiaXipera МM1090Y,18,1
508,508100131549568390508,"57.5,62,65,65.5,64,64.5,64,64.5",15.4,58.36,74.13,JiaXipera МM1090Y,18,1
508,508100131549569010508,"53,56.5,59,60.5,61,62.5,63.5,65",14.6,57.46,73.24,JiaXipera МM1090Y,18,1
508,508100131549568400508,"59,64,65,67,68,67,68,66.5",15.6,58.59,74.36,JiaXipera МM1090Y,18,1
508,508100131549691500508,"62,68,67.5,68,69,69.5,71,69",16.3,59.38,75.14,JiaXipera МM1090Y,18,1
508,508100131549405150508,"58.5,64,65.5,66.5,66,68,66.5",18.4,61.75,77.49,JiaXipera МM1090Y,18,1
508,508100131549570460508,"62,67,69.5,71,71.5,73.5,71.5",21.1,64.79,80.52,JiaXipera МM1090Y,18,1
508,508100131549570610508,"61,68,69.5,71.5,73,73.5,74.5,73",21.0,64.68,80.4,JiaXipera МM1090Y,18,1
508,508100131549568420508,"55.5,60,62.5,63.5,65,65.5,67,65",15.6,58.59,74.36,JiaXipera МM1090Y,18,1
508,508100131549572680508,"65,68.5,72.5,73,74,71.5",20.1,63.67,79.4,JiaXipera МM1090Y,18,1
508,508100131549568430508,"53.5,60,61.5,63.5,63,64,64.5,63.5",15.6,58.59,74.36,JiaXipera МM1090Y,18,1
508,508100131549568440508,"55.5,59,62,62.5,63,64.5,65,65.5",15.5,58.47,74.24,JiaXipera МM1090Y,18,1
508,508100131549371910508,"62.5,69,71.5,72,72.5,73,71",14.9,57.8,73.57,JiaXipera МM1090Y,18,1
508,508100131549568460508,"55,60,62,63,63.5,64.5,65,63",15.5,58.47,74.24,JiaXipera МM1090Y,18,1
508,508100131549569240508,"54,59,61.5,62.5,64.5,63.5",12.8,55.43,71.22,JiaXipera МM1090Y,18,1
508,508100131549568470508,"59,64.5,67.5,68,69,71,69,69.5,70",15.5,58.47,74.24,JiaXipera МM1090Y,18,1
508,508100131549570270508,"61.5,67,70.5,72,74.5,75,73.5",21.4,65.13,80.85,JiaXipera МM1090Y,18,1
508,508100131549568500508,"56.5,62.5,65,66,66.5,65.5",15.4,58.36,74.13,JiaXipera МM1090Y,18,1
508,508100131549499900508,"60.5,65.5,70,69.5,71,70",18.1,61.41,77.16,JiaXipera МM1090Y,18,1
508,508100131549569930508,"62.5,70,73,75.5,76.5,77,74",21.9,65.7,81.41,JiaXipera МM1090Y,18,1
508,508100131549568510508,"56,60.5,62,63,64,62.5,64,66.5,66",15.3,58.25,74.02,JiaXipera МM1090Y,18,1
508,508100131549499930508,"61,66.5,67.5,69.5,70.5,70,71,70",17.6,60.84,76.6,JiaXipera МM1090Y,18,1
508,508100131549568520508,"58.5,63.5,64,65,64,65,64.5,64",15.2,58.14,73.91,JiaXipera МM1090Y,18,1
508,508100131549574800508,"60,63,65,67,69,70,70.5,69.5",18.4,61.75,77.49,JiaXipera МM1090Y,18,1
508,508100131549403760508,"56.5,63.5,65,66,67.5,66.5,67.5,66",16.6,59.72,75.48,JiaXipera МM1090Y,18,1
508,508100131549569340508,"55,59.5,61.5,62,63.5,65,62.5",12.4,54.97,70.77,JiaXipera МM1090Y,18,1
508,508100131549401440508,"57,62,64,66.5,67.5,68.5,69.5",18.6,61.97,77.72,JiaXipera МM1090Y,18,1
508,508100131549568560508,"55,58,60.5,61.5,63,64.5,66,67",14.9,57.8,73.57,JiaXipera МM1090Y,18,1
508,508100131549568750508,"55,59,60.5,63,64,64.5,65.5,64",15.1,58.02,73.8,JiaXipera МM1090Y,18,1
508,508100131549572550508,"62.5,69,72,73.5,74,73.5,71.5",20.1,63.67,79.4,JiaXipera МM1090Y,18,1
508,508100131549575070508,"60,67.5,69.5,71,72,70,71.5,70.5",18.9,62.31,78.05,JiaXipera МM1090Y,18,1
508,508100131549403870508,"61.5,64,66.5,67.5,68,67.5,68.5,67.5",16.8,59.94,75.7,JiaXipera МM1090Y,18,1
508,508100131549568580508,"55,59,62.5,65.5,65,66,65.5,64.5",14.8,57.68,73.46,JiaXipera МM1090Y,18,1
508,508100131549571150508,"59,65.5,67,69,70,71,71.5,71,71.5",19.3,62.76,78.5,JiaXipera МM1090Y,18,1
508,508100131549574130508,"60.5,66,67.5,69,69.5,70,69.5,68.5",17.2,60.39,76.15,JiaXipera МM1090Y,18,1
508,508100131549568610508,"55.5,61.5,64,63,64,64.5,63,64.5",14.8,57.68,73.46,JiaXipera МM1090Y,18,1
508,508100131549571820508,"60,64.5,66,68.5,69.5,70.5,69",17.6,60.84,76.6,JiaXipera МM1090Y,18,1
508,508100131549568630508,"57.5,64,65.5,67.5,66,65.5,66,66.5",15.3,58.25,74.02,JiaXipera МM1090Y,18,1
508,508100131549568650508,"56.5,61.5,63.5,65,66,65,66,64.5",14.9,57.8,73.57,JiaXipera МM1090Y,18,1
508,508100131549575180508,"57.5,63,65,66.5,67,67.5,68.5,67.5",18.5,61.86,77.6,JiaXipera МM1090Y,18,1
508,508100131549405110508,"60,66,68,67.5,69.5,69,70.5,68.5",18.5,61.86,77.6,JiaXipera МM1090Y,18,1
508,508100131549568670508,"56.5,61,63,64,64.5,64,63",14.8,57.68,73.46,JiaXipera МM1090Y,18,1
508,508100131549567300508,"57.5,63,66,68,67,66",14.4,57.23,73.01,JiaXipera МM1090Y,18,1
508,508100131549568680508,"54,60,61,62.5,64.5,64,65.5,63.5",14.9,57.8,73.57,JiaXipera МM1090Y,18,1
508,508100131549568700508,"54.5,59,59.5,63,63.5,64,65.5",14.7,57.57,73.35,JiaXipera МM1090Y,18,1
508,508100131549403620508,"60,66,67.5,67,67.5,68.5,66",16.5,59.6,75.36,JiaXipera МM1090Y,18,1
508,508100131549568990508,"56.5,59.5,61.5,62.5,64,63.5,64,64.5,65,64.5",14.1,56.89,72.68,JiaXipera МM1090Y,18,1
508,508100131549401170508,"62.5,63.5,65.5,67,68,69,69.5,70,70.5",18.6,61.97,77.72,JiaXipera МM1090Y,18,1
508,508100131549568720508,"54.5,59,60,61.5,62,63.5,64.5,63.5",14.9,57.8,73.57,JiaXipera МM1090Y,18,1
508,508100131549568740508,"55.5,60,61,61.5,62,63,63.5,65,64",14.8,57.68,73.46,JiaXipera МM1090Y,18,1
508,508100131549568810508,"55.5,59.5,61,62,62.5,63,64",14.7,57.57,73.35,JiaXipera МM1090Y,18,1
508,508100131549404900508,"61,68,70,71,72,70.5,71.5,70",19.4,62.88,78.61,JiaXipera МM1090Y,18,1
508,508100131549568840508,"55.5,59.5,61.5,62,63.5,63",14.4,57.23,73.01,JiaXipera МM1090Y,18,1
508,508100131549401490508,"64,69,70.5,71.5,72,70",18.8,62.2,77.94,JiaXipera МM1090Y,18,1
508,508100131549568860508,"54.5,60,61.5,62.5,63.5,63,62.5",14.4,57.23,73.01,JiaXipera МM1090Y,18,1
508,508100131549372030508,"60.5,66,67,67.5,68.5,67.5,69,66.5",14.3,57.12,72.9,JiaXipera МM1090Y,18,1
508,508100131549499620508,"62,69,69.5,71,72,71,72,69.5",18.0,61.3,77.04,JiaXipera МM1090Y,18,1
508,508100131549568890508,"53.5,58.5,62,63,64.5,65,67,64.5",14.3,57.12,72.9,JiaXipera МM1090Y,18,1
508,508100131549571260508,"62,66.5,69,70.5,71.5,72,73,71.5",18.8,62.2,77.94,JiaXipera МM1090Y,18,1
508,508100131549572500508,"63,69.5,71,71.5,72.5,74,73,71",20.1,63.67,79.4,JiaXipera МM1090Y,18,1
508,508100131549568940508,"53.5,58.5,61,63,63.5,64,63",14.3,57.12,72.9,JiaXipera МM1090Y,18,1
508,508100131549568950508,"56,59.5,60.5,62.5,63.5,64,64.5,63.5",14.2,57.01,72.79,JiaXipera МM1090Y,18,1
508,508100131549568960508,"56,61.5,62.5,64,64.5,65.5,66.5,65",14.2,57.01,72.79,JiaXipera МM1090Y,18,1
508,508100131549568980508,"53.5,57.5,60,61,61.5,63.5,64.5,63",14.1,56.89,72.68,JiaXipera МM1090Y,18,1
508,508100131549569000508,"55,57.5,60.5,63,64,64.5,63",14.0,56.78,72.56,JiaXipera МM1090Y,18,1
508,508100131549569020508,"57.5,63,64,66,65.5,66,67,65",14.0,56.78,72.56,JiaXipera МM1090Y,18,1
508,508100131549569710508,"61.5,68.5,70.5,72,72.5,73,73.5,71.5",20.4,64.0,79.73,JiaXipera МM1090Y,18,1
508,508100131549570810508,"65,68,71.5,74,75,74.5,74,74.5,72",20.4,64.0,79.73,JiaXipera МM1090Y,18,1
508,508100131549574460508,"60,64.5,66.5,68,67.5,68.5,66.5",16.6,59.72,75.48,JiaXipera МM1090Y,18,1
508,508100131549569030508,"53,59,60.5,61.5,62,63,63.5,63,62",14.6,57.46,73.24,JiaXipera МM1090Y,18,1
508,508100131549372300508,"62,67,69,71,70.5,73,74,71",14.3,57.12,72.9,JiaXipera МM1090Y,18,1
508,508100131549569080508,"55.5,59,60,61.5,62.5,62,63,64",13.6,56.33,72.12,JiaXipera МM1090Y,18,1
508,508100131549372010508,"60,63.5,65.5,67.5,68,69,70.5,69.5",14.7,57.57,73.35,JiaXipera МM1090Y,18,1
508,508100131549569130508,"55,60.5,63,64,66,65",13.5,56.22,72.0,JiaXipera МM1090Y,18,1
508,508100131549574700508,"60,68,68.5,69.5,69,71,70,70.5,69.5",18.8,62.2,77.94,JiaXipera МM1090Y,18,1
508,508100131549571900508,"57,61,63.5,65.5,67,68.5,69,67.5",17.3,60.51,76.26,JiaXipera МM1090Y,18,1
508,508100131549405660508,"62.5,63,64,64.5,65,65.5,63.5",16.6,59.72,75.48,JiaXipera МM1090Y,18,1
508,508100131549570780508,"60,67,69,71,72,72.5,71.5,72",20.6,64.23,79.96,JiaXipera МM1090Y,18,1
508,508100131549569140508,"55.5,59.5,62.5,61,62,61.5,63,62",13.5,56.22,72.0,JiaXipera МM1090Y,18,1
508,508100131549569180508,"54.5,59,62,63.5,64,64.5",13.2,55.88,71.67,JiaXipera МM1090Y,18,1
508,508100131549569190508,"57,63,65,66,66.5,66,65",13.2,55.88,71.67,JiaXipera МM1090Y,18,1
508,508100131549569220508,"54,58.5,60.5,61,63,62,62.5,63.5,62",13.0,55.65,71.44,JiaXipera МM1090Y,18,1
508,508100131549569260508,"57.5,63.5,65.5,66,66.5,66,65",12.8,55.43,71.22,JiaXipera МM1090Y,18,1
508,508100131549573980508,"62,64,65,67,70.5,71,72,71.5,69",17.6,60.84,76.6,JiaXipera МM1090Y,18,1
508,508100131549401480508,"61,63.5,66.5,67.5,69,70.5,71.5,70.5,70,70.5",18.6,61.97,77.72,JiaXipera МM1090Y,18,1
508,508100131549569320508,"56,59.5,61,62,64,64.5,65,63.5",12.9,55.54,71.33,JiaXipera МM1090Y,18,1
508,508100131549569450508,"62,67.5,69.5,71,73,74.5,73",20.4,64.0,79.73,JiaXipera МM1090Y,18,1
508,508100131549570590508,"63,71,71.5,74.5,75,74.5,73",21.0,64.68,80.4,JiaXipera МM1090Y,18,1
508,508100131549569460508,"60.5,66,72,73.5,72.5,73.5,74,71.5",20.4,64.0,79.73,JiaXipera МM1090Y,18,1
508,508100131549571080508,"59,65,66.5,69,70,71,73,72",19.8,63.33,79.06,JiaXipera МM1090Y,18,1
508,508100131549571220508,"63.5,68.5,69.5,71.5,72.5,73.5,72.5,72",19.3,62.76,78.5,JiaXipera МM1090Y,18,1
508,508100131549568850508,"55,57,63,64.5,63.5,64",14.4,57.23,73.01,JiaXipera МM1090Y,18,1
508,508100131549572150508,"54,60.5,64,64.5,66.5,67,68,67.5",16.4,59.49,75.25,JiaXipera МM1090Y,18,1
508,508100131549569470508,"60,68.5,71.5,74.5,74,75.5,76,73.5",20.4,64.0,79.73,JiaXipera МM1090Y,18,1
508,508100131549568590508,"56,61,62.5,63.5,65.5,66,64",14.8,57.68,73.46,JiaXipera МM1090Y,18,1
508,508100131549571280508,"63,67.5,70,72,72.5,71.5,72.5,71,70.5",18.8,62.2,77.94,JiaXipera МM1090Y,18,1
508,508100131549569480508,"57,65,67.5,70,71,73.5,71.5",20.4,64.0,79.73,JiaXipera МM1090Y,18,1
508,508100131549569500508,"69.5,71,73.5,73,74.5,75,75.5,74,72.5,71.5",20.4,64.0,79.73,JiaXipera МM1090Y,18,1
508,508100131549572990508,"61.5,65.5,67.5,68.5,70,71,73,69.5",20.7,64.34,80.07,JiaXipera МM1090Y,18,1
508,508100131549569730508,"61.5,66,67.5,71.5,68.5",20.5,64.12,79.84,JiaXipera МM1090Y,18,1
508,508100131549569510508,"59.5,66,67.5,71,72,70.5",20.5,64.12,79.84,JiaXipera МM1090Y,18,1
508,508100131549569520508,"60.5,66,68,70,71,71.5,72.5,70.5",20.4,64.0,79.73,JiaXipera МM1090Y,18,1
508,508100131549569580508,"59.5,66,67.5,70,71,72,73,71.5",20.3,63.89,79.62,JiaXipera МM1090Y,18,1
508,508100131549569590508,"62.5,64,65.5,67,68.5,72,72.5,73,71,70",20.3,63.89,79.62,JiaXipera МM1090Y,18,1
508,508100131549567470508,"57.5,63,64.5,66,67,68.5,67",15.7,58.7,74.47,JiaXipera МM1090Y,18,1
508,508100131549570760508,"61.5,67,70,71.5,73.5,74,74.5,72",20.5,64.12,79.84,JiaXipera МM1090Y,18,1
508,508100131549400450508,"60,63.5,66.5,68,68.5,70.5,71.5,70.5",19.0,62.42,78.16,JiaXipera МM1090Y,18,1
508,508100131549402440508,"59.5,66,67,68,68.5,69.5,71,70.5,71,70,71",18.0,61.3,77.04,JiaXipera МM1090Y,18,1
508,508100131549569600508,"62,68,70.5,72.5,73.5,74.5,71.5",20.4,64.0,79.73,JiaXipera МM1090Y,18,1
508,508100131549404640508,"61.5,66.5,67,69.5,70,70.5,69.5",19.2,62.65,78.39,JiaXipera МM1090Y,18,1
508,508100131549569620508,"62,69.5,71,73.5,75,76.5,75.5",20.2,63.78,79.51,JiaXipera МM1090Y,18,1
508,508100131549569660508,"60.5,66,69,71,72.5,73.5,74.5,72.5",20.4,64.0,79.73,JiaXipera МM1090Y,18,1
508,508100131549403170508,"58.5,63.5,67,68.5,68,67.5,68.5,66.5",17.3,60.51,76.26,JiaXipera МM1090Y,18,1
508,508100131549570300508,"64.5,70,72.5,74.5,75.5,76,73.5",21.3,65.02,80.74,JiaXipera МM1090Y,18,1
508,508100131549690240508,"60.5,64.5,67.5,69.5,71,72.5,73.5,73,72.5,73",20.5,64.12,79.84,JiaXipera МM1090Y,18,1
508,508100131549570470508,"65.5,70,72,74,75,74.5,72",21.1,64.79,80.52,JiaXipera МM1090Y,18,1
508,508100131549569670508,"63.5,68,70,73,73.5,74,72.5,72",20.3,63.89,79.62,JiaXipera МM1090Y,18,1
508,508100131549569680508,"63,68.5,71.5,73.5,74.5,75.5,74",20.4,64.0,79.73,JiaXipera МM1090Y,18,1
508,508100131549572360508,"62,67,69.5,70.5,71.5,72,73,71",20.3,63.89,79.62,JiaXipera МM1090Y,18,1
508,508100131549569740508,"63,71,73,74,73.5,74,71.5",20.3,63.89,79.62,JiaXipera МM1090Y,18,1
508,508100131549569770508,"62.5,68.5,71,73,74,75.5,76,73.5",20.4,64.0,79.73,JiaXipera МM1090Y,18,1
508,508100131549569830508,"62.5,65.5,69,71,72,71.5,69.5",20.3,63.89,79.62,JiaXipera МM1090Y,18,1
508,508100131549569850508,"62.5,69,70,71,72.5,74,73.5,72",20.3,63.89,79.62,JiaXipera МM1090Y,18,1
508,508100131549575100508,"59.5,64.5,67,68.5,69.5,71,68.5",18.9,62.31,78.05,JiaXipera МM1090Y,18,1
508,508100131549400660508,"61.5,68,70,71.5,72,73.5,72.5,71.5",18.9,62.31,78.05,JiaXipera МM1090Y,18,1
508,508100131549569860508,"62.5,71,72.5,74,73,73.5,72,72.5",20.3,63.89,79.62,JiaXipera МM1090Y,18,1
508,508100131549568060508,"57,59,64.5,66,67.5,68.5,68,67.5",15.6,58.59,74.36,JiaXipera МM1090Y,18,1
508,508100131549569880508,"60,66.5,68.5,70,71.5,72.5,73.5",20.3,63.89,79.62,JiaXipera МM1090Y,18,1
508,508100131549690800508,"62,67,68,69,70.5,72,72.5,71.5,71",17.7,60.96,76.71,JiaXipera МM1090Y,18,1
508,508100131549569890508,"53.5,58,60.5,62,64,63",13.2,55.88,71.67,JiaXipera МM1090Y,18,1
508,508100131549569900508,"54,59,61.5,63,64,64.5,66,62.5",13.2,55.88,71.67,JiaXipera МM1090Y,18,1
508,508100131549570700508,"60.5,63.5,64.5,67.5,71,72,74,75.5,73.5",20.7,64.34,80.07,JiaXipera МM1090Y,18,1
508,508100131549569960508,"65.5,69.5,72.5,75,74,76.5,74.5",21.9,65.7,81.41,JiaXipera МM1090Y,18,1
508,508100131549569990508,"68,74.5,77,78.5,79.5,80,77.5",21.9,65.7,81.41,JiaXipera МM1090Y,18,1
508,508100131549400150508,"60.5,66,69.5,71,72,72.5,71",19.4,62.88,78.61,JiaXipera МM1090Y,18,1
508,508100131549570120508,"60,66.5,69,70.5,73.5,74,75,74.5",21.6,65.36,81.08,JiaXipera МM1090Y,18,1
508,508100131549574440508,"60,61.5,63,63.5,66,66.5,67,67.5,65",16.8,59.94,75.7,JiaXipera МM1090Y,18,1
508,508100131549570000508,"66.5,73,74.5,76.5,78,77,76.5,77,74.5",21.9,65.7,81.41,JiaXipera МM1090Y,18,1
508,508100131549570360508,"61,66.5,70,73.5,74,74.5,73.5",21.7,65.47,81.19,JiaXipera МM1090Y,18,1
508,508100131549570010508,"64.5,68,70,71.5,73,77,77.5,77,76",21.8,65.58,81.3,JiaXipera МM1090Y,18,1
508,508100131549570260508,"65,70.5,72.5,75.5,76.5,74",21.4,65.13,80.85,JiaXipera МM1090Y,18,1
508,508100131549570030508,"64,70,75,77,78,76.5,75",21.8,65.58,81.3,JiaXipera МM1090Y,18,1
508,508100131549404680508,"61.5,67.5,69,70.5,71,70.5,68",19.2,62.65,78.39,JiaXipera МM1090Y,18,1
508,508100131549570050508,"63.5,70,73.5,75.5,76.5,77.5,75.5",21.7,65.47,81.19,JiaXipera МM1090Y,18,1
508,508100131549567570508,"60,66,66.5,67.5,67,68,65.5",15.3,58.25,74.02,JiaXipera МM1090Y,18,1
508,508100131549570060508,"64,69.5,73,74,75,76,77,75.5",21.9,65.7,81.41,JiaXipera МM1090Y,18,1
508,508100131549570080508,"62.5,68.5,71.5,72,73,73.5,74,72",21.7,65.47,81.19,JiaXipera МM1090Y,18,1
508,508100131549570090508,"65,70.5,73,75,76.5,77.5,79,77.5",21.7,65.47,81.19,JiaXipera МM1090Y,18,1
508,508100131549573060508,"64,70,71,73,74,75,75.5,73.5",20.6,64.23,79.96,JiaXipera МM1090Y,18,1
508,508100131549570110508,"64.5,67,68.5,73,74.5,76.5,77,76.5,75.5",21.6,65.36,81.08,JiaXipera МM1090Y,18,1
508,508100131549570170508,"63,69,70,71,72,73,74,74.5,74,73.5",21.5,65.25,80.96,JiaXipera МM1090Y,18,1
508,508100131549570200508,"65,69.5,71.5,74,74.5,72.5",21.4,65.13,80.85,JiaXipera МM1090Y,18,1
508,508100131549570210508,"65,68.5,73,74.5,75.5,76.5,74.5",21.5,65.25,80.96,JiaXipera МM1090Y,18,1
508,508100131549570230508,"65.5,71.5,73,76,77,76.5,74.5",21.5,65.25,80.96,JiaXipera МM1090Y,18,1
508,508100131549404750508,"60,66,68,69,69.5,69,68.5",16.6,59.72,75.48,JiaXipera МM1090Y,18,1
508,508100131549570280508,"66.5,71,72.5,75,76.5,76,75.5,74",21.4,65.13,80.85,JiaXipera МM1090Y,18,1
508,508100131549400050508,"63,69.5,71.5,74,73.5,74.5,75,73",19.6,63.1,78.84,JiaXipera МM1090Y,18,1
508,508100131549570850508,"62,66.5,69,71,72.5,74.5,73.5",20.4,64.0,79.73,JiaXipera МM1090Y,18,1
508,508100131549690970508,"59.5,65,65.5,67.5,67,68,70,69.5,69,70,70.5,71,70,70.5",17.5,60.73,76.48,JiaXipera МM1090Y,18,1
508,508100131549402870508,"62,65.5,67,68,69,70.5,70,69",16.9,60.05,75.81,JiaXipera МM1090Y,18,1
508,508100131549570310508,"64.5,71.5,74,75.5,77,78,77,74.5",21.5,65.25,80.96,JiaXipera МM1090Y,18,1
508,508100131549570330508,"63.5,69.5,71.5,73,75,76,75",21.5,65.25,80.96,JiaXipera МM1090Y,18,1
508,508100131549399970508,"55,61.5,63,64,65,65.5,67,64.5",16.7,59.83,75.59,JiaXipera МM1090Y,18,1
508,508100131549571750508,"58,62.5,65,65.5,67,68,69,67",17.7,60.96,76.71,JiaXipera МM1090Y,18,1
508,508100131549402680508,"61.5,65,67.5,69,69.5,69.5",17.5,60.73,76.48,JiaXipera МM1090Y,18,1
508,508100131549570370508,"63,65.5,72,74,74.5,75,75.5,74.5",21.6,65.36,81.08,JiaXipera МM1090Y,18,1
508,508100131549570490508,"57.5,65.5,69.5,70,71,72.5,73.5,73",21.1,64.79,80.52,JiaXipera МM1090Y,18,1
508,508100131549570390508,"62,68,71,73.5,73,73.5,73,73.5",21.3,65.02,80.74,JiaXipera МM1090Y,18,1
508,508100131549570420508,"66,72,74,75.5,76,76.5,76,73.5",21.4,65.13,80.85,JiaXipera МM1090Y,18,1
508,508100131549402640508,"58,61.5,64.5,65.5,66.5,67,68.5,69,70",17.6,60.84,76.6,JiaXipera МM1090Y,18,1
508,508100131549570560508,"60.5,69,71,73,73.5,74.5,72.5",21.1,64.79,80.52,JiaXipera МM1090Y,18,1
508,508100131549500570508,"55,59.5,61.5,62,63.5,64.5,66,65",17.3,60.51,76.26,JiaXipera МM1090Y,18,1
508,508100131549570600508,"64,69.5,72,73.5,73,71",21.0,64.68,80.4,JiaXipera МM1090Y,18,1
508,508100131549570670508,"63,70,71.5,73.5,74,75,73",20.8,64.46,80.18,JiaXipera МM1090Y,18,1
508,508100131549574600508,"58.5,61.5,62,65,66,67,67.5,66",16.4,59.49,75.25,JiaXipera МM1090Y,18,1
508,508100131549571320508,"60.5,67.5,68.5,68,69.5,70,69",18.8,62.2,77.94,JiaXipera МM1090Y,18,1
508,508100131549570740508,"62.5,69.5,70.5,72.5,72,71",20.7,64.34,80.07,JiaXipera МM1090Y,18,1
508,508100131549403950508,"55.5,63,64.5,65.5,67.5,67,69,67,66",16.6,59.72,75.48,JiaXipera МM1090Y,18,1
508,508100131549570770508,"62.5,68,70,71.5,73.5,74.5,74,71.5",20.6,64.23,79.96,JiaXipera МM1090Y,18,1
508,508100131549570790508,"65,71.5,72,72.5,73,72",20.5,64.12,79.84,JiaXipera МM1090Y,18,1
508,508100131549570800508,"64.5,69.5,72.5,74.5,75,74.5,74,72.5",20.4,64.0,79.73,JiaXipera МM1090Y,18,1
508,508100131549570820508,"62,67.5,69.5,71.5,72.5,73.5,74,75,72.5",20.4,64.0,79.73,JiaXipera МM1090Y,18,1
508,508100131549570840508,"62.5,70.5,73.5,74.5,75,74.5,75,73",20.4,64.0,79.73,JiaXipera МM1090Y,18,1
508,508100131549691640508,"57,62,63.5,65,64.5,66,64",15.1,58.02,73.8,JiaXipera МM1090Y,18,1
508,508100131549405170508,"58.5,63.5,66,66.5,67,66.5,68,67",18.3,61.63,77.38,JiaXipera МM1090Y,18,1
508,508100131549571870508,"57.5,62,64.5,66,68,66,68,66.5",17.4,60.62,76.37,JiaXipera МM1090Y,18,1
508,508100131549570870508,"61.5,63,69,70.5,72.5,73.5,74.5,74,73",20.2,63.78,79.51,JiaXipera МM1090Y,18,1
508,508100131549571480508,"56.5,61.5,65.5,67.5,68.5,69,70,68",18.4,61.75,77.49,JiaXipera МM1090Y,18,1
508,508100131549570880508,"58.5,64.5,67.5,69.5,72,71.5,73,71",20.2,63.78,79.51,JiaXipera МM1090Y,18,1
508,508100131549572770508,"61,66.5,69,70,70.5,71,71.5,72",21.3,65.02,80.74,JiaXipera МM1090Y,18,1
508,508100131549404310508,"62,68.5,70.5,71,72,71.5,71,69",19.3,62.76,78.5,JiaXipera МM1090Y,18,1
508,508100131549568250508,"55.5,60.5,62.5,64,65,64.5,66,67,65.5",15.7,58.7,74.47,JiaXipera МM1090Y,18,1
508,508100131549569720508,"64.5,69.5,72,73.5,75,74.5,72.5",20.4,64.0,79.73,JiaXipera МM1090Y,18,1
508,508100131549570890508,"62,67.5,68,71,74,75,73.5",20.2,63.78,79.51,JiaXipera МM1090Y,18,1
508,508100131549499710508,"59,64.5,67,69,70,69.5,69",17.8,61.07,76.82,JiaXipera МM1090Y,18,1
508,508100131549570910508,"60,65.5,69,70.5,71.5,72,73,71",20.2,63.78,79.51,JiaXipera МM1090Y,18,1
508,508100131549572180508,"62,69,70.5,72.5,73.5,74,75,74",20.4,64.0,79.73,JiaXipera МM1090Y,18,1
508,508100131549690060508,"59.5,65,67.5,68,68.5,66",17.7,60.96,76.71,JiaXipera МM1090Y,18,1
508,508100131549570920508,"61.5,67,69,71,72.5,72,74,71.5",20.2,63.78,79.51,JiaXipera МM1090Y,18,1
508,508100131549571780508,"60,66.5,68,69,68.5,69",17.7,60.96,76.71,JiaXipera МM1090Y,18,1
508,508100131549570250508,"64.5,70,72,73.5,75,76,77.5,76",21.4,65.13,80.85,JiaXipera МM1090Y,18,1
508,508100131549570970508,"60.5,65.5,68,70.5,71.5,72.5,70.5",20.1,63.67,79.4,JiaXipera МM1090Y,18,1
508,508100131549570990508,"60.5,65.5,69.5,70,70.5,71.5,72,70",20.0,63.55,79.28,JiaXipera МM1090Y,18,1
508,508100131549571110508,"62.5,68,70,72.5,73.5,73",19.7,63.21,78.95,JiaXipera МM1090Y,18,1
508,508100131549568170508,"55,61,63,64,64.5,65",15.5,58.47,74.24,JiaXipera МM1090Y,18,1
508,508100131549571120508,"57.5,62,65,66.5,68.5,70",19.9,63.44,79.17,JiaXipera МM1090Y,18,1
508,508100131549403010508,"58.5,63.5,65,67,67.5,67,67.5,68",17.6,60.84,76.6,JiaXipera МM1090Y,18,1
508,508100131549571130508,"60,65.5,68,70,71,73,73.5,71.5",19.7,63.21,78.95,JiaXipera МM1090Y,18,1
508,508100131549572350508,"63,65.5,68,69,71,69",20.2,63.78,79.51,JiaXipera МM1090Y,18,1
508,508100131549571140508,"59,64,67,67.5,70,70.5,71.5",19.3,62.76,78.5,JiaXipera МM1090Y,18,1
508,508100131549572130508,"57.5,62.5,65.5,66.5,68,68.5,68",16.3,59.38,75.14,JiaXipera МM1090Y,18,1
508,508100131549569150508,"55,60.5,62,64,65.5,64,63.5,63",13.4,56.1,71.89,JiaXipera МM1090Y,18,1
508,508100131549571250508,"58.5,63.5,66.5,68,69,70,69.5,68",18.9,62.31,78.05,JiaXipera МM1090Y,18,1
508,508100131549571300508,"61,66.5,68.5,69.5,70,70.5,69.5",19.1,62.54,78.28,JiaXipera МM1090Y,18,1
508,508100131549571310508,"60,64.5,66,67,68.5,69.5,68.5,70.5,71",19.2,62.65,78.39,JiaXipera МM1090Y,18,1
508,508100131549572380508,"61.5,65,67,68.5,69,71,71.5,72,71.5,72",20.3,63.89,79.62,JiaXipera МM1090Y,18,1
508,508100131549572900508,"62.5,68,71,71.5,73.5,74.5,74",20.9,64.57,80.29,JiaXipera МM1090Y,18,1
508,508100131549571330508,"61,67.5,68.5,70,71.5,72,72.5,70",18.8,62.2,77.94,JiaXipera МM1090Y,18,1
508,508100131549405480508,"60,66.5,66.5",17.1,60.28,76.04,JiaXipera МM1090Y,18,1
508,508100131549571360508,"61.5,66,69,71,71.5,72,68.5",18.5,61.86,77.6,JiaXipera МM1090Y,18,1
508,508100131549400180508,"63,68,70.5,72,72.5,72,72.5,71",18.3,61.63,77.38,JiaXipera МM1090Y,18,1
508,508100131549572450508,"59.5,62,63,65.5,68.5,69.5,70.5,70,70.5,68.5",20.1,63.67,79.4,JiaXipera МM1090Y,18,1
508,508100131549404410508,"62.5,69,71,71.5,72,71,71.5,69.5",19.3,62.76,78.5,JiaXipera МM1090Y,18,1
508,508100131549571390508,"58.5,62.5,64.5,66.5,68,69,69.5,67.5",18.5,61.86,77.6,JiaXipera МM1090Y,18,1
508,508100131549571400508,"61.5,66,69.5,72,73.5,73.5",18.4,61.75,77.49,JiaXipera МM1090Y,18,1
508,508100131549690220508,"61,66,70,71.5,72,73,74.5,72.5",20.6,64.23,79.96,JiaXipera МM1090Y,18,1
508,508100131549571410508,"58,64,66.5,68.5,68,69.5,70.5,69",18.5,61.86,77.6,JiaXipera МM1090Y,18,1
508,508100131549568880508,"50.5,56,57.5,60,60.5,61.5,63",14.2,57.01,72.79,JiaXipera МM1090Y,18,1
508,508100131549571420508,"58.5,68,70,62",18.5,61.86,77.6,JiaXipera МM1090Y,18,1
508,508100131549571680508,"61,66,67.5,69.5,70,70.5,71,68.5",18.1,61.41,77.16,JiaXipera МM1090Y,18,1
508,508100131549571440508,"61,66,68.5,69,69.5,70.5,69.5",18.4,61.75,77.49,JiaXipera МM1090Y,18,1
508,508100131549571460508,"60.5,65,67.5,68.5,70,69.5,70.5,69.5",18.3,61.63,77.38,JiaXipera МM1090Y,18,1
508,508100131549571500508,"61,68,69.5,70.5,71.5,69.5",18.4,61.75,77.49,JiaXipera МM1090Y,18,1
508,508100131549403090508,"58,65,66.5,67,68,67,68,66",17.2,60.39,76.15,JiaXipera МM1090Y,18,1
508,508100131549400100508,"68.5,75,77,77.5,74.5,74,71",19.6,63.1,78.84,JiaXipera МM1090Y,18,1
508,508100131549571530508,"60.5,64.5,66,67.5,68.5,68,69,70.5,69",18.2,61.52,77.27,JiaXipera МM1090Y,18,1
508,508100131549403190508,"58,63.5,65.5,67,67.5,69.5,68",17.3,60.51,76.26,JiaXipera МM1090Y,18,1
508,508100131549571550508,"59.5,64.5,67.5,70,69.5,70,71,70.5",18.1,61.41,77.16,JiaXipera МM1090Y,18,1
508,508100131549571010508,"55.5,61,65.5,68.5,69.5,71,71.5,71,70.5",19.9,63.44,79.17,JiaXipera МM1090Y,18,1
508,508100131549571650508,"61,65.5,67.5,68,68.5,68,70.5,70,71,71.5,71,71.5,72,71,71.5,72,71.5",18.2,61.52,77.27,JiaXipera МM1090Y,18,1
508,508100131549571670508,"60.5,66,68,69,69.5,70.5,71.5,70",18.1,61.41,77.16,JiaXipera МM1090Y,18,1
508,508100131549571690508,"60,64.5,66,67.5,68.5,68,69.5,68.5",18.0,61.3,77.04,JiaXipera МM1090Y,18,1
508,508100131549571700508,"59,64.5,66.5,67.5,68,69,70,69",18.0,61.3,77.04,JiaXipera МM1090Y,18,1
508,508100131549571710508,"58.5,65,67.5,69,69.5,70.5,68.5",17.9,61.18,76.93,JiaXipera МM1090Y,18,1
508,508100131549571720508,"59,63,65.5,68,69.5,69,67",17.9,61.18,76.93,JiaXipera МM1090Y,18,1
508,508100131549571740508,"57.5,62.5,66.5,67,67.5,69.5",17.8,61.07,76.82,JiaXipera МM1090Y,18,1
508,508100131549568350508,"51.5,54.5,58,60.5,62,63,63.5,64,62.5",15.2,58.14,73.91,JiaXipera МM1090Y,18,1
508,508100131549571760508,"60.5,65.5,68.5,68,70,69.5,70.5",17.8,61.07,76.82,JiaXipera МM1090Y,18,1
508,508100131549571860508,"59,64,67.5,68,67.5,68,66.5",17.3,60.51,76.26,JiaXipera МM1090Y,18,1
508,508100131549571880508,"57,63.5,65.5,65,66.5,67,68,67.5",17.3,60.51,76.26,JiaXipera МM1090Y,18,1
508,508100131549372080508,"62,67,68.5,69.5,70,71,68.5",14.5,57.34,73.12,JiaXipera МM1090Y,18,1
508,508100131549400330508,"62.5,67.5,68.5,69.5,71.5,70.5,71.5,70",19.2,62.65,78.39,JiaXipera МM1090Y,18,1
508,508100131549571920508,"60,65,66.5,67,68,67.5,69,67",17.4,60.62,76.37,JiaXipera МM1090Y,18,1
508,508100131549569280508,"53,57,58,60,61,60",13.4,56.1,71.89,JiaXipera МM1090Y,18,1
508,508100131549571960508,"56.5,62,64,65.5,66.5,66,67,66",17.0,60.17,75.92,JiaXipera МM1090Y,18,1
508,508100131549691670508,"57.5,63,63.5,65,65.5,66,64.5",15.0,57.91,73.68,JiaXipera МM1090Y,18,1
508,508100131549405140508,"61,66.5,70.5,70,70.5,68",18.5,61.86,77.6,JiaXipera МM1090Y,18,1
508,508100131549572000508,"58.5,65,67.5,69.5,68",16.8,59.94,75.7,JiaXipera МM1090Y,18,1
508,508100131549371840508,"62.5,69.5,71,72.5,71.5,71,71",15.1,58.02,73.8,JiaXipera МM1090Y,18,1
508,508100131549572040508,"57.5,63,64.5,65.5,66,64.5",16.9,60.05,75.81,JiaXipera МM1090Y,18,1
508,508100131549572210508,"64,68,70,72.5,73.5,75,75.5,74",20.4,64.0,79.73,JiaXipera МM1090Y,18,1
508,508100131549572060508,"57.5,63.5,64,66,68.5,69,70",16.6,59.72,75.48,JiaXipera МM1090Y,18,1
508,508100131549572190508,"67.5,71.5,72,74,75,74.5,73.5,71.5",20.4,64.0,79.73,JiaXipera МM1090Y,18,1
508,508100131549572240508,"60.5,67,70,71.5,72.5,73,74.5,73.5,74,73.5",20.4,64.0,79.73,JiaXipera МM1090Y,18,1
508,508100131549691340508,"61,64,65,67.5,68,69,69.5,68.5,68,68.5,68",16.3,59.38,75.14,JiaXipera МM1090Y,18,1
508,508100131549572280508,"61.5,66,67,68,69.5,70.5,71,69.5",20.4,64.0,79.73,JiaXipera МM1090Y,18,1
508,508100131549569110508,"55,59,61,62,63,63.5,65,65.5,65,65.5",13.5,56.22,72.0,JiaXipera МM1090Y,18,1
508,508100131549572300508,"62.5,66,69,70.5,71,72,73.5,74,73.5,74",20.4,64.0,79.73,JiaXipera МM1090Y,18,1
508,508100131549401350508,"60.5,65,67,69,70,70.5,71,70.5,69.5",18.8,62.2,77.94,JiaXipera МM1090Y,18,1
508,508100131549567330508,"53.5,59,62,62.5,63,63.5,64.5",14.4,57.23,73.01,JiaXipera МM1090Y,18,1
508,508100131549572320508,"60,65,67.5,68.5,71,71.5,71,70.5,70",20.4,64.0,79.73,JiaXipera МM1090Y,18,1
508,508100131549572370508,"60,67,68.5,70,71.5,72.5,71",20.2,63.78,79.51,JiaXipera МM1090Y,18,1
508,508100131549403200508,"56.5,62.5,63,66,64.5,66,66.5,66",17.3,60.51,76.26,JiaXipera МM1090Y,18,1
508,508100131549568780508,"54.5,59,61.5,62,63,62,63.5,62.5",15.1,58.02,73.8,JiaXipera МM1090Y,18,1
508,508100131549572440508,"62.5,66,69,70.5,72.5,72,73,71.5",20.2,63.78,79.51,JiaXipera МM1090Y,18,1
508,508100131549572460508,"59,64,67,69,69.5,71,72.5,70",20.1,63.67,79.4,JiaXipera МM1090Y,18,1
508,508100131549572510508,"60.5,65.5,67.5,68.5,71,71.5,70.5",20.1,63.67,79.4,JiaXipera МM1090Y,18,1
508,508100131549402780508,"59,63.5,65,66,69,67,68.5,68",17.3,60.51,76.26,JiaXipera МM1090Y,18,1
508,508100131549572490508,"60.5,66,69,71.5,72.5,71.5",20.1,63.67,79.4,JiaXipera МM1090Y,18,1
508,508100131549572530508,"59.5,66,68,69.5,70.5,71.5,72,71.5",20.2,63.78,79.51,JiaXipera МM1090Y,18,1
508,508100131549572540508,"61,67,69,70.5,70,71,71.5,72.5",20.3,63.89,79.62,JiaXipera МM1090Y,18,1
508,508100131549690080508,"61,68,69,70.5,71.5,72,71.5,71,71.5",19.6,63.1,78.84,JiaXipera МM1090Y,18,1
508,508100131549403480508,"60,64,65.5,66.5,67,68,68.5,67.5",17.0,60.17,75.92,JiaXipera МM1090Y,18,1
508,508100131549572580508,"61.5,66,68,69,71,71.5,70",20.2,63.78,79.51,JiaXipera МM1090Y,18,1
508,508100131549572600508,"60,68,70,70.5,71,72,70.5",20.1,63.67,79.4,JiaXipera МM1090Y,18,1
508,508100131549402430508,"59.5,66,68,69,71,71.5",18.0,61.3,77.04,JiaXipera МM1090Y,18,1
508,508100131549572670508,"65,70,74,74.5,76,74",20.1,63.67,79.4,JiaXipera МM1090Y,18,1
508,508100131549572690508,"65.5,70.5,71,73.5,72.5,73.5,72",20.1,63.67,79.4,JiaXipera МM1090Y,18,1
508,508100131549572700508,"54,58.5,61,62,62.5,63,64,66",17.0,60.17,75.92,JiaXipera МM1090Y,18,1
508,508100131549573930508,"72,77,80.5,81,82.5,83.5,84.5,83",17.8,61.07,76.82,NS,NS,0
508,508100131549574560508,"57.5,57.5",16.1,59.15,74.92,NS,NS,0
508,508100131549568870508,"68.5,73,74.5,75,76,76.5,77.5",14.2,57.01,72.79,NS,NS,0
508,508100131549571620508,"72.5,75.5,77,78,80,81.5,80.5",18.2,61.52,77.27,NS,NS,0
999,999999,"80.1,82.4,85.1,86.5,87.0",9.7,999.0,999.0,999,999,0
999,999999,"87.0,180.3,89.2,91.3,93.7,91.4",10.0,999.0,999.0,999,999,0
999,999999,"110.1,112.3,113.0,110.8,109.0,112.6,119.2,119.9,120.0",10.3,999.0,999.0,999,999,0
999,999999,"107.3,106.2,108.4,112.4,109.3,100.5,103.0,101.1,105.8",10.8,999.0,999.0,999,999,0
999,999999,"66.1,65.0,66.1,72.2,70.9,71.1,71.8,72.5,72.5,77.4",9.9,999.0,999.0,999,999,0
999,999999,"89.7,164.6,92.5,93.9,95.3",10.3,999.0,999.0,999,999,0
999,999999,"68.7,69.5,176.8,73.1,72.7",11.0,999.0,999.0,999,999,0
999,999999,"67.7,69.1,70.2,72.4,71.8,75.0",10.2,999.0,999.0,999,999,0
999,999999,"85.9,88.0,90.8,96.7,99.4,105.1,107.9,106.4",10.4,999.0,999.0,999,999,0
999,999999,"103.5,110.0,108.1,108.2,107.7,106.1",11.3,999.0,999.0,999,999,0
999,999999,"96.8,97.7,97.8,95.8,142.0,100.6,100.7,99.0,97.1,97.3",10.6,999.0,999.0,999,999,0
999,999999,"53.3,54.0,56.3,56.7,61.5,65.3,66.1,66.1,68.6,71.4",11.1,999.0,999.0,999,999,0
999,999999,"73.9,71.9,17.0,71.4,72.6",10.9,999.0,999.0,999,999,0
999,999999,"90.0,90.4,89.1,91.7,94.2",11.3,999.0,999.0,999,999,0
999,999999,"93.6,92.7,92.3,94.6,94.4,94.6,100.4",11.8,999.0,999.0,999,999,0
999,999999,"107.7,109.0,109.4,111.8,109.6,109.1,110.5,112.5",11.9,999.0,999.0,999,999,0
999,999999,"88.2,90.3,89.2,88.4,87.1,89.2,92.9,92.1,97.0",11.5,999.0,999.0,999,999,0
999,999999,"71.0,72.2,74.5,75.6,77.5,75.5,78.2",12.0,999.0,999.0,999,999,0
999,999999,"81.3,83.3,84.5,85.5,90.0,91.8",11.3,999.0,999.0,999,999,0
999,999999,"86.1,87.6,89.7,92.8,92.3,95.4,96.3,98.8,99.7,99.9",11.8,999.0,999.0,999,999,0
999,999999,"83.8,85.5,86.5,86.1,88.6,87.9,88.4,92.8,94.2",12.4,999.0,999.0,999,999,0
999,999999,"64.0,62.5,64.9,68.9,66.1,71.1",12.1,999.0,999.0,999,999,0
999,999999,"74.8,76.3,76.1,77.6,78.7",12.0,999.0,999.0,999,999,0
999,999999,"83.9,86.5,91.5,92.0,93.6,94.2,94.6",12.5,999.0,999.0,999,999,0
999,999999,"90.0,92.4,93.1,95.5,99.8,101.4,98.9,99.5",12.1,999.0,999.0,999,999,0
999,999999,"96.2,93.4,94.7,94.5,193.6,99.2,97.6,98.7,96.3",12.3,999.0,999.0,999,999,0
999,999999,"58.5,62.4,68.0,75.9,79.4,85.4",12.1,999.0,999.0,999,999,0
999,999999,"81.8,87.1,89.6,119.4,93.0",12.3,999.0,999.0,999,999,0
999,999999,"72.7,76.9,81.6,87.5,92.8,92.5,94.2,94.7",13.0,999.0,999.0,999,999,0
999,999999,"99.2,104.9,106.2,107.2,103.4,104.2",13.1,999.0,999.0,999,999,0
999,999999,"95.5,95.2,100.0,102.8,104.3,105.8,106.6,106.2,108.0,114.1",13.5,999.0,999.0,999,999,0
999,999999,"118.8,117.9,116.9,117.7,118.7,117.9,115.7,117.5,118.8",12.9,999.0,999.0,999,999,0
999,999999,"66.3,66.9,68.8,72.2,23.8,79.1,78.7",12.8,999.0,999.0,999,999,0
999,999999,"92.4,129.9,96.2,97.4,99.0,102.1",13.2,999.0,999.0,999,999,0
999,999999,"85.6,89.0,89.7,88.1,94.2,97.0,98.7,99.6,100.9",13.6,999.0,999.0,999,999,0
999,999999,"107.6,108.8,109.9,111.1,174.7",13.2,999.0,999.0,999,999,0
999,999999,"92.0,94.2,96.4,96.5,96.0,98.6",13.3,999.0,999.0,999,999,0
999,999999,"58.7,60.1,60.2,62.4,63.7,65.1,68.9,73.6,74.9,75.3",13.9,999.0,999.0,999,999,0
999,999999,"89.1,92.3,92.1,94.8,121.2,96.7,97.8",13.8,999.0,999.0,999,999,0
999,999999,"106.9,108.5,108.8,113.2,116.9,117.2,117.8",13.8,999.0,999.0,999,999,0
999,999999,"104.2,106.1,108.7,109.3,109.5,109.7",13.5,999.0,999.0,999,999,0
999,999999,"109.1,113.8,114.8,116.4,116.8,119.3,119.1,118.1",14.5,999.0,999.0,999,999,0
999,999999,"81.9,82.5,81.8,82.9,81.6,80.5,81.0",14.1,999.0,999.0,999,999,0
999,999999,"106.1,107.6,109.4,108.8,111.1,112.9,115.7",13.8,999.0,999.0,999,999,0
999,999999,"75.1,75.0,76.6,81.7,80.6,80.0",14.8,999.0,999.0,999,999,0
999,999999,"86.6,88.0,90.2,89.9,93.6,93.1",14.3,999.0,999.0,999,999,0
999,999999,"84.9,86.4,86.7,85.9,85.9,87.2,88.6,92.6,91.8,91.0",14.2,999.0,999.0,999,999,0
999,999999,"58.9,185.0,63.5,65.4,66.4,69.3,66.9,72.8",14.9,999.0,999.0,999,999,0
999,999999,"99.0,100.7,101.1,102.2,104.0,102.8,103.1,102.6,111.9",14.4,999.0,999.0,999,999,0
999,999999,"79.6,81.9,83.4,85.6,85.4,86.1,85.4,87.6,86.6",15.2,999.0,999.0,999,999,0
999,999999,"91.0,96.4,100.6,102.5,104.6,165.1,108.0,109.5,112.8",14.7,999.0,999.0,999,999,0
999,999999,"102.3,103.9,109.1,109.3,107.4,107.8,108.4,111.2,111.8,113.4",14.7,999.0,999.0,999,999,0
999,999999,"101.4,103.0,104.5,105.1,106.9,107.2,105.9,107.1,106.7,110.8",15.5,999.0,999.0,999,999,0
999,999999,"88.7,181.2,86.9,88.3,88.7,88.9",15.8,999.0,999.0,999,999,0
999,999999,"21.9,96.1,98.8,101.8,106.8,109.0",15.7,999.0,999.0,999,999,0
999,999999,"65.0,64.0,64.1,69.9,72.3,77.4,80.9,86.4",15.6,999.0,999.0,999,999,0
999,999999,"102.2,108.7,109.6,111.4,111.7,116.3",15.4,999.0,999.0,999,999,0
999,999999,"76.6,75.0,74.8,127.9,84.2,85.5,84.2,86.4",15.5,999.0,999.0,999,999,0
999,999999,"58.8,67.2,69.4,70.3,71.1,69.2,76.4,77.7,78.5",15.7,999.0,999.0,999,999,0
999,999999,"86.7,90.8,90.2,90.5,91.4,92.9,93.9,94.1",15.7,999.0,999.0,999,999,0
999,999999,"58.3,58.4,60.8,63.0,70.0,71.2,70.9",16.3,999.0,999.0,999,999,0
999,999999,"87.0,88.6,88.6,89.2,91.0,91.2,91.9,99.3",16.5,999.0,999.0,999,999,0
999,999999,"83.3,82.2,87.9,90.4,92.2,97.1,95.5,98.6,106.9,112.3",16.5,999.0,999.0,999,999,0
999,999999,"97.6,101.2,101.5,102.2,103.3,103.8,103.7,109.6,107.7",16.4,999.0,999.0,999,999,0
999,999999,"103.1,103.6,106.6,111.2,109.1",16.4,999.0,999.0,999,999,0
999,999999,"103.5,104.8,105.8,107.4,109.5",16.6,999.0,999.0,999,999,0
999,999999,"86.4,84.7,83.8,83.5,81.6,85.1,85.7,91.4,93.4,92.6",16.2,999.0,999.0,999,999,0
999,999999,"104.4,104.3,102.7,103.0,23.0,106.8,111.6",16.4,999.0,999.0,999,999,0
999,999999,"91.6,91.0,90.0,92.1,97.4,99.2,100.3,101.4,103.1,103.0",17.2,999.0,999.0,999,999,0
999,999999,"92.8,93.8,29.5,96.1,98.5,103.3,102.1,102.7,189.6,105.2",16.6,999.0,999.0,999,999,0
999,999999,"77.1,81.1,83.0,176.6,81.7,82.5,84.9,90.0,90.0,89.8",17.5,999.0,999.0,999,999,0
999,999999,"93.9,95.3,198.6,92.5,94.3,93.4,93.8,96.0,97.5,98.6",17.5,999.0,999.0,999,999,0
999,999999,"77.9,79.8,86.2,84.6,84.8",17.1,999.0,999.0,999,999,0
999,999999,"114.7,113.4,113.2,112.9,112.1,114.5,114.0",17.6,999.0,999.0,999,999,0
999,999999,"73.4,75.5,76.6,75.2,75.8",17.1,999.0,999.0,999,999,0
999,999999,"76.1,83.4,83.2,84.6,87.9,88.2",17.7,999.0,999.0,999,999,0
999,999999,"81.9,84.5,86.1,86.0,86.6,85.2,87.1,167.8",17.4,999.0,999.0,999,999,0
999,999999,"76.8,78.6,82.6,82.7,89.2",17.5,999.0,999.0,999,999,0
999,999999,"93.2,91.6,92.8,94.3,98.1,104.4,104.6,104.9,106.1",17.8,999.0,999.0,999,999,0
999,999999,"108.1,111.5,114.5,115.8,117.7",18.0,999.0,999.0,999,999,0
999,999999,"99.1,105.5,108.3,115.2,121.0,120.4,122.0,121.6,119.2",17.5,999.0,999.0,999,999,0
999,999999,"90.3,96.0,96.0,97.4,99.5,101.9,102.9",18.2,999.0,999.0,999,999,0
999,999999,"61.8,65.5,68.5,74.3,74.1,75.0,75.4,74.8,73.7",17.9,999.0,999.0,999,999,0
999,999999,"58.4,62.1,63.2,70.0,75.8,74.0,81.3,81.4",18.5,999.0,999.0,999,999,0
999,999999,"77.7,81.1,80.5,85.1,87.0,85.6,84.5,85.5,87.5,88.9",18.7,999.0,999.0,999,999,0
999,999999,"102.6,104.0,106.4,108.5,27.5,115.4,116.3,117.0,118.3",18.5,999.0,999.0,999,999,0
999,999999,"104.3,104.0,103.7,103.9,103.8,111.3,117.1,116.2,118.3",18.1,999.0,999.0,999,999,0
999,999999,"111.4,113.8,112.6,113.4,112.0,105.8,110.8,111.7,113.8,117.2",18.8,999.0,999.0,999,999,0
999,999999,"75.0,79.3,79.5,82.1,83.8,84.0,86.4,88.9",18.7,999.0,999.0,999,999,0
999,999999,"107.0,90.9,88.0,96.0,100.8",19.3,999.0,999.0,999,999,0
999,999999,"94.0,94.0,93.8,94.2,97.6,99.8,101.7,100.4,98.4,100.3",18.9,999.0,999.0,999,999,0
999,999999,"82.4,88.4,90.3,92.3,91.7",18.8,999.0,999.0,999,999,0
999,999999,"74.6,74.1,76.5,77.8,80.2,119.4",19.1,999.0,999.0,999,999,0
999,999999,"95.3,94.9,97.1,97.5,27.0,95.8,97.3,96.2,95.2,95.8",18.9,999.0,999.0,999,999,0
999,999999,"93.9,118.5,95.2,94.4,94.7,96.6,97.1",19.0,999.0,999.0,999,999,0
999,999999,"17.1,103.9,102.6,100.3,102.6,102.3,107.1",19.5,999.0,999.0,999,999,0
999,999999,"88.9,87.0,88.8,86.2,85.7,89.1",19.1,999.0,999.0,999,999,0
999,999999,"89.0,87.1,92.7,92.8,93.5,92.0,88.8",19.2,999.0,999.0,999,999,0
999,999999,"164.4,85.7,86.9,92.8,92.8,94.6",19.6,999.0,999.0,999,999,0
999,999999,"114.6,116.0,117.2,114.4,116.3,117.5",19.5,999.0,999.0,999,999,0
999,999999,"95.7,104.4,104.7,105.7,107.3,105.9",20.1,999.0,999.0,999,999,0
999,999999,"75.6,77.0,74.9,75.1,76.3,75.6,76.6,77.9,76.2",20.4,999.0,999.0,999,999,0
999,999999,"59.7,58.0,63.8,68.1,68.1,71.5,73.3,71.9,71.8",20.6,999.0,999.0,999,999,0
999,999999,"111.4,111.6,111.9,116.6,115.3,114.1,115.7",20.0,999.0,999.0,999,999,0
999,999999,"64.7,66.2,65.9,71.9,72.9,74.1,76.6,77.5",20.6,999.0,999.0,999,999,0
999,999999,"83.1,84.2,85.5,84.9,84.6,84.9,83.1,82.0,83.3",20.0,999.0,999.0,999,999,0
999,999999,"65.7,64.1,66.1,69.1,75.2,75.5,81.1",21.0,999.0,999.0,999,999,0
999,999999,"102.4,104.6,105.1,109.7,109.6,110.0,116.0",20.5,999.0,999.0,999,999,0
999,999999,"81.1,82.9,83.8,100.1,85.0,86.8,88.2",21.1,999.0,999.0,999,999,0
999,999999,"68.5,69.6,21.6,71.7,144.8",21.0,999.0,999.0,999,999,0
999,999999,"79.9,82.3,81.6,82.1,82.2,82.3",21.2,999.0,999.0,999,999,0
999,999999,"93.3,94.4,95.9,95.9,95.0,97.9,103.4",21.0,999.0,999.0,999,999,0
999,999999,"93.3,93.9,95.0,95.9,92.5",20.9,999.0,999.0,999,999,0
999,999999,"78.3,79.4,80.6,81.0,79.5,79.9,81.1,87.5,86.2,92.7",21.5,999.0,999.0,999,999,0
999,999999,"108.1,26.2,105.2,106.8,113.0,113.4",21.4,999.0,999.0,999,999,0
999,999999,"110.9,107.5,108.6,109.0,108.8",21.7,999.0,999.0,999,999,0
999,999999,"80.0,78.4,81.5,86.3,87.6,87.6,88.1,87.6,89.3",21.8,999.0,999.0,999,999,0
999,999999,"100.7,101.6,136.9,99.7,99.2,96.8,98.5",21.6,999.0,999.0,999,999,0
999,999999,"97.1,99.5,100.5,103.5,103.2",22.1,999.0,999.0,999,999,0
999,999999,"139.2,63.6,68.1,68.9,67.9,68.7,71.0,70.4,70.1,71.7",22.2,999.0,999.0,999,999,0
999,999999,"71.1,68.9,72.2,74.3,81.1,78.8,76.0,75.0,75.1",22.2,999.0,999.0,999,999,0
999,999999,"80.5,78.5,117.1,84.5,84.7,86.8,88.0,85.0,85.3,90.4",21.8,999.0,999.0,999,999,0
999,999999,"57.1,58.0,56.6,60.6,62.4,63.7,65.1,64.9,70.6",22.7,999.0,999.0,999,999,0
999,999999,"95.3,96.0,94.8,96.7,102.0,100.7,99.4,100.3,100.3",22.6,999.0,999.0,999,999,0
999,999999,"94.5,158.7,25.8,96.9,94.4,97.4,97.5,99.4,100.3,101.4",22.6,999.0,999.0,999,999,0
999,999999,"100.7,101.3,99.7,99.1,99.4,99.6,99.8,102.4",22.4,999.0,999.0,999,999,0
999,999999,"77.7,78.9,81.4,199.6,84.6,86.4,87.3,86.8,88.5,91.9",22.6,999.0,999.0,999,999,0
999,999999,"79.6,79.1,82.9,123.0,85.6,86.6,87.4,89.3",22.3,999.0,999.0,999,999,0
999,999999,"74.9,75.9,163.3,80.1,79.9,25.4,81.4,82.6",22.4,999.0,999.0,999,999,0
999,999999,"110.6,109.5,110.4,112.9,114.8",22.7,999.0,999.0,999,999,0
999,999999,"67.1,67.8,69.9,72.4,77.9,79.1,79.0,79.8,79.6,85.4",23.1,999.0,999.0,999,999,0
999,999999,"80.3,82.6,84.0,83.9,85.2,87.7,89.5,89.3,92.9,93.2",22.7,999.0,999.0,999,999,0
999,999999,"103.5,104.3,107.1,106.7,111.7,112.0,114.6,114.1",23.1,999.0,999.0,999,999,0
999,999999,"98.0,28.0,102.2,103.4,101.3,153.2,102.5",23.2,999.0,999.0,999,999,0
999,999999,"191.9,82.7,83.8,83.8,82.4",23.1,999.0,999.0,999,999,0
999,999999,"98.8,100.2,101.2,99.0,101.3",23.9,999.0,999.0,999,999,0
999,999999,"112.9,112.6,114.8,119.4,117.6,117.4",23.3,999.0,999.0,999,999,0
999,999999,"100.7,101.7,102.3,99.9,99.9,103.4,104.7,103.4,104.7,106.4",23.8,999.0,999.0,999,999,0
999,999999,"72.4,76.0,76.1,75.7,74.0,73.8,76.8",23.4,999.0,999.0,999,999,0
999,999999,"85.3,85.1,87.1,84.9,123.2,97.2,101.5",23.5,999.0,999.0,999,999,0
999,999999,"97.5,97.2,98.2,98.1,98.0",23.7,999.0,999.0,999,999,0
999,999999,"28.8,91.1,92.2,93.8,94.4,94.3,96.3,95.1,99.1",24.5,999.0,999.0,999,999,0
999,999999,"29.3,134.6,94.7,95.0,100.7",24.0,999.0,999.0,999,999,0
999,999999,"97.2,96.2,96.8,102.5,104.2,106.8,109.5",23.8,999.0,999.0,999,999,0
999,999999,"77.2,101.5,79.6,86.0,84.6",23.9,999.0,999.0,999,999,0
999,999999,"96.8,95.9,95.7,97.7,104.4,104.7,106.2,106.3,107.7,107.1",24.0,999.0,999.0,999,999,0
999,999999,"87.1,85.5,88.6,89.9,90.2",24.8,999.0,999.0,999,999,0
999,999999,"78.0,79.8,81.1,89.4,91.7,90.7,92.6,94.4,93.3",24.8,999.0,999.0,999,999,0
999,999999,"62.7,64.6,65.4,65.0,67.0,68.2,69.3,72.4,74.1",25.3,999.0,999.0,999,999,0
999,999999,"77.8,78.4,75.3,76.4,79.8",25.2,999.0,999.0,999,999,0
999,999999,"104.2,106.5,107.5,22.3,110.8,110.8",25.0,999.0,999.0,999,999,0
999,999999,"76.5,77.5,79.2,81.1,81.3,85.0,86.7",24.9,999.0,999.0,999,999,0
999,999999,"76.6,82.2,84.8,84.5,86.6,87.6,88.8,89.2,90.4,91.6",25.2,999.0,999.0,999,999,0
999,999999,"109.4,106.7,107.2,108.0,108.9,108.3,107.9,111.0",25.4,999.0,999.0,999,999,0
999,999999,"58.0,28.7,63.4,67.1,64.5,71.0,71.4,72.8",25.3,999.0,999.0,999,999,0
999,999999,"64.7,70.0,71.9,78.5,84.9,84.3,83.9,84.6",25.9,999.0,999.0,999,999,0
999,999999,"70.5,74.9,77.5,83.6,85.8,86.2,87.6,90.4,88.5,89.6",25.5,999.0,999.0,999,999,0
999,999999,"73.1,71.6,74.9,74.2,73.8,75.2,77.6,83.3",25.5,999.0,999.0,999,999,0
999,999999,"98.5,99.3,97.8,98.5,100.9,102.8,103.5,104.7",26.0,999.0,999.0,999,999,0
999,999999,"101.0,101.0,100.9,101.6,101.9",26.3,999.0,999.0,999,999,0
999,999999,"72.4,72.5,78.5,76.4,77.3,77.8",26.5,999.0,999.0,999,999,0
999,999999,"113.1,107.9,113.8,114.9,118.6,117.4,115.6",26.4,999.0,999.0,999,999,0
999,999999,"54.3,55.1,54.1,60.6,61.1,68.1,68.7,70.9,72.3",26.7,999.0,999.0,999,999,0
999,999999,"99.8,96.7,97.6,99.8,101.2,102.5,104.0,104.1,105.8,107.2",26.7,999.0,999.0,999,999,0
999,999999,"75.2,75.6,79.7,80.6,82.1,87.6,87.5,87.5,88.6,89.3",26.4,999.0,999.0,999,999,0
999,999999,"79.0,132.3,79.2,81.7,82.4,83.5,86.4",26.6,999.0,999.0,999,999,0
999,999999,"72.7,71.5,122.4,80.9,81.9",26.8,999.0,999.0,999,999,0
999,999999,"74.8,75.0,75.5,74.5,75.3,76.1,77.1,79.3",27.1,999.0,999.0,999,999,0
999,999999,"92.9,93.4,94.2,94.3,95.4,95.6,97.8,97.2",27.0,999.0,999.0,999,999,0
999,999999,"84.0,84.3,91.3,94.3,96.5",27.1,999.0,999.0,999,999,0
999,999999,"103.3,139.0,105.4,24.0,108.4,107.6",26.6,999.0,999.0,999,999,0
999,999999,"132.9,82.9,85.6,87.7,87.4,91.7,94.4",26.9,999.0,999.0,999,999,0
999,999999,"89.3,95.9,101.5,103.6,105.2,106.5",27.2,999.0,999.0,999,999,0
999,999999,"93.0,92.9,91.7,93.6,97.4,102.8,103.7,106.0,108.7,109.2",27.4,999.0,999.0,999,999,0
999,999999,"82.6,23.1,84.3,83.0,83.3,83.7,85.5,87.4,84.7,84.5",27.7,999.0,999.0,999,999,0
999,999999,"80.9,81.6,81.2,82.9,81.8,82.8,90.0,90.4",27.3,999.0,999.0,999,999,0
999,999999,"110.8,112.4,112.9,111.1,110.7,111.1,110.6,112.2,111.8",27.9,999.0,999.0,999,999,0
999,999999,"69.0,75.1,76.5,78.9,80.6,83.2,84.8,87.6,88.1,90.2",27.6,999.0,999.0,999,999,0
999,999999,"98.5,98.2,99.2,102.3,106.6",27.6,999.0,999.0,999,999,0
999,999999,"76.7,80.4,86.8,95.0,93.4,94.8",27.8,999.0,999.0,999,999,0
999,999999,"106.8,104.9,108.7,111.9,110.9",28.0,999.0,999.0,999,999,0
999,999999,"68.3,69.4,70.5,73.1,74.1,72.9,75.0,74.1,74.2,76.7",28.3,999.0,999.0,999,999,0
999,999999,"123.4,121.4,122.1,119.4,121.0,118.1,117.8,116.8",28.0,999.0,999.0,999,999,0
999,999999,"18.9,115.1,115.8,117.9,119.5",28.2,999.0,999.0,999,999,0
999,999999,"95.9,93.1,94.4,96.7,101.2,101.5",28.4,999.0,999.0,999,999,0
999,999999,"104.2,103.6,104.8,110.6,110.8,109.5,107.4",28.5,999.0,999.0,999,999,0
999,999999,"85.2,88.0,88.2,85.4,85.1,86.0,87.6,88.5,139.3,91.4",29.0,999.0,999.0,999,999,0
999,999999,"94.5,93.2,95.1,95.7,96.9,102.4",28.3,999.0,999.0,999,999,0
999,999999,"73.3,75.9,78.1,76.6,73.9",28.7,999.0,999.0,999,999,0
999,999999,"85.4,86.6,87.3,91.0,95.9",28.9,999.0,999.0,999,999,0
999,999999,"102.6,103.9,103.1,104.8,106.8,108.2,110.5,111.3",28.9,999.0,999.0,999,999,0
999,999999,"71.2,71.6,74.0,76.0,77.1,84.0",29.4,999.0,999.0,999,999,0
999,999999,"25.6,110.3,111.0,116.2,119.4",29.1,999.0,999.0,999,999,0
999,999999,"80.1,80.7,80.5,78.5,82.6,89.1,93.3",29.3,999.0,999.0,999,999,0
999,999999,"91.3,94.2,93.9,92.4,89.9,90.8,92.6",28.9,999.0,999.0,999,999,0
999,999999,"86.3,83.8,84.5,84.6,83.7,87.5,89.3,89.2,93.7",29.1,999.0,999.0,999,999,0
999,999999,"77.0,80.9,83.2,91.2,92.0",29.1,999.0,999.0,999,999,0
999,999999,"99.1,98.1,98.1,98.5,102.8,102.8",30.0,999.0,999.0,999,999,0
999,999999,"91.3,91.7,93.1,92.0,94.8,101.2,100.2,98.7,96.4,93.9",30.3,999.0,999.0,999,999,0
999,999999,"96.8,101.9,100.7,103.8,102.1,100.9,105.1,105.7",29.9,999.0,999.0,999,999,0
999,999999,"111.3,111.6,112.8,115.6,24.3,115.3",29.9,999.0,999.0,999,999,0
999,999999,"58.1,63.4,63.9,64.1,66.3,68.7,70.6,72.5,71.9",29.7,999.0,999.0,999,999,0
999,999999,"85.6,85.8,86.4,87.3,88.0,90.5,95.1",30.6,999.0,999.0,999,999,0
999,999999,"68.0,69.5,69.3,71.3,76.7,77.0,74.2,74.4,83.5",30.6,999.0,999.0,999,999,0
999,999999,"78.8,76.8,78.5,77.9,82.6,83.9,89.3,93.0",30.3,999.0,999.0,999,999,0
999,999999,"90.5,90.1,90.5,89.6,92.4,94.1,96.0,95.1",30.9,999.0,999.0,999,999,0
999,999999,"92.5,94.4,98.2,99.7,102.0,103.2",30.2,999.0,999.0,999,999,0
999,999999,"85.1,83.8,85.7,87.5,88.7,89.2,22.8",30.4,999.0,999.0,999,999,0
999,999999,"75.3,72.1,72.2,74.0,74.8,74.8,74.7,78.8,80.0",31.0,999.0,999.0,999,999,0
999,999999,"55.4,27.0,54.5,60.7,60.4,64.3,70.4,77.3",31.2,999.0,999.0,999,999,0
999,999999,"71.9,70.7,73.2,74.7,73.9,75.5,77.0,79.4",30.6,999.0,999.0,999,999,0
999,999999,"69.1,67.1,71.3,69.3,75.1,81.6,83.5,85.5,88.3,89.8",31.1,999.0,999.0,999,999,0
999,999999,"104.9,106.0,104.9,106.7,106.6,103.9,102.4,100.8,97.9,99.7",31.2,999.0,999.0,999,999,0
999,999999,"87.4,88.1,92.6,93.5,94.1,95.5,28.3,97.1,104.2,104.5",31.6,999.0,999.0,999,999,0
999,999999,"86.0,90.5,91.1,94.0,95.5,95.9",31.6,999.0,999.0,999,999,0
999,999999,"95.7,93.3,91.6,91.6,92.6,94.5,172.2",31.6,999.0,999.0,999,999,0
999,999999,"104.4,104.1,103.8,106.5,104.8,105.1,105.1,107.1,108.6,107.2",31.4,999.0,999.0,999,999,0
999,999999,"117.9,118.2,116.2,108.9,115.6,113.0",31.6,999.0,999.0,999,999,0
999,999999,"84.1,84.8,84.4,86.2,92.2,91.5,92.9,123.8",31.9,999.0,999.0,999,999,0
999,999999,"79.4,83.8,83.7,84.3,84.1,84.5,89.1",32.1,999.0,999.0,999,999,0
999,999999,"85.4,87.9,89.3,95.3,94.5,93.9",32.3,999.0,999.0,999,999,0
999,999999,"107.8,108.6,110.7,111.6,111.9",31.8,999.0,999.0,999,999,0
999,999999,"103.8,105.9,108.9,114.8,115.9,117.0",32.1,999.0,999.0,999,999,0
999,999999,"113.4,113.9,113.3,115.1,113.2",32.1,999.0,999.0,999,999,0
999,999999,"94.1,95.4,96.2,99.1,100.5,99.2,105.2,104.7,102.1,102.9",32.6,999.0,999.0,999,999,0
999,999999,"69.8,74.2,80.5,81.0,84.9,87.8",32.5,999.0,999.0,999,999,0
999,999999,"89.0,90.3,91.8,91.5,90.9,95.9",32.9,999.0,999.0,999,999,0
999,999999,"63.0,65.7,67.1,65.2,72.2,25.7,76.9,76.8",32.3,999.0,999.0,999,999,0
999,999999,"74.1,77.4,78.0,80.7,83.2",33.0,999.0,999.0,999,999,0
999,999999,"84.9,85.6,88.8,89.3,109.5,96.7,103.5,104.0",33.0,999.0,999.0,999,999,0
999,999999,"68.2,70.3,69.3,73.5,74.3,73.4",32.8,999.0,999.0,999,999,0
999,999999,"86.4,88.2,89.3,89.7,89.3,86.8,89.1,88.3,88.6,95.2",33.6,999.0,999.0,999,999,0
999,999999,"72.0,73.8,77.6,77.9,75.6,75.5,73.0,74.3",33.4,999.0,999.0,999,999,0
999,999999,"95.5,18.8,95.3,95.3,99.4,97.9,96.8,101.6,101.8,102.3",33.2,999.0,999.0,999,999,0
999,999999,"106.1,103.2,105.0,106.0,105.3",33.5,999.0,999.0,999,999,0
999,999999,"78.7,84.9,86.1,89.3,91.0,93.0,96.9,96.5,101.5,101.1",33.8,999.0,999.0,999,999,0
999,999999,"69.4,70.9,74.9,76.8,77.4,74.6,76.1,76.7,77.3",33.4,999.0,999.0,999,999,0
999,999999,"112.6,109.8,110.8,112.6,113.7,115.3,114.9",34.0,999.0,999.0,999,999,0
999,999999,"92.3,91.7,198.2,92.0,91.8,96.3",34.1,999.0,999.0,999,999,0
999,999999,"109.4,109.9,110.9,109.7,108.7,106.6,111.7,112.8,110.3",34.2,999.0,999.0,999,999,0
999,999999,"23.9,83.2,83.9,83.0,85.9,84.6,86.7",34.2,999.0,999.0,999,999,0
999,999999,"73.1,74.2,75.6,76.1,76.6,74.7,74.1,75.9,74.3",34.1,999.0,999.0,999,999,0
999,999999,"97.5,99.1,102.1,107.4,109.7,113.8",34.5,999.0,999.0,999,999,0
999,999999,"91.1,94.0,99.0,100.4,102.4,103.3,108.3",34.7,999.0,999.0,999,999,0
999,999999,"87.2,89.4,86.6,87.5,89.3,87.4,90.1,91.2",33.9,999.0,999.0,999,999,0
999,999999,"139.6,112.7,109.8,109.8,111.1,115.5,114.8,112.6,110.3",34.3,999.0,999.0,999,999,0
999,999999,"115.2,115.9,117.3,114.5,113.5",34.8,999.0,999.0,999,999,0
999,999999,"80.1,83.3,86.7,90.9,91.9,92.2,93.8",34.8,999.0,999.0,999,999,0
999,999999,"104.6,106.7,107.3,105.6,106.4,113.3,112.1,117.1,114.9",35.3,999.0,999.0,999,999,0
999,999999,"88.5,89.7,89.2,86.9,86.5,86.7,84.4",34.5,999.0,999.0,999,999,0
999,999999,"94.4,94.2,94.4,91.4,91.3,93.8,92.4,96.9,98.6,98.7",10.4,999.0,999.0,999,999,0
999,999999,"74.7,76.9,78.2,82.8,85.2",10.2,999.0,999.0,999,999,0
999,999999,"84.2,86.5,89.1,88.2,88.4,89.8",10.4,999.0,999.0,999,999,0
999,999999,"80.5,81.6,80.3,82.8,84.4,89.1,92.8,98.7",10.2,999.0,999.0,999,999,0
999,999999,"60.1,60.7,63.2,68.3,69.7,70.2,75.6,78.6,18.5",10.9,999.0,999.0,999,999,0
999,999999,"89.4,91.9,91.7,21.9,95.0,97.9",10.7,999.0,999.0,999,999,0
999,999999,"89.0,88.1,95.2,96.4,100.5",10.7,999.0,999.0,999,999,0
999,999999,"112.6,113.7,113.9,114.7,117.3,118.0,117.9",10.2,999.0,999.0,999,999,0
999,999999,"104.5,108.6,108.0,107.6,113.6,114.6,117.2",10.6,999.0,999.0,999,999,0
999,999999,"88.9,90.0,92.3,174.3,89.7",10.8,999.0,999.0,999,999,0
999,999999,"80.0,81.3,82.0,84.4,90.2",10.7,999.0,999.0,999,999,0
999,999999,"96.6,101.3,103.4,103.1,105.4",10.9,999.0,999.0,999,999,0
999,999999,"63.7,63.8,65.8,67.3,66.3,67.5,66.4,72.5,72.3,72.6",11.1,999.0,999.0,999,999,0
999,999999,"103.1,102.7,102.3,103.7,103.6",11.7,999.0,999.0,999,999,0
999,999999,"100.9,102.0,100.4,105.8,105.2",10.9,999.0,999.0,999,999,0
999,999999,"109.8,110.1,110.9,109.0,106.5,108.4,110.6",11.8,999.0,999.0,999,999,0
999,999999,"28.9,83.9,81.2,86.5,85.4,85.3,86.9",11.7,999.0,999.0,999,999,0
999,999999,"15.1,97.3,97.6,96.4,96.5,97.5,95.4",11.5,999.0,999.0,999,999,0
999,999999,"48.3,52.7,56.8,58.0,60.5,60.0,63.8,66.2,65.8,70.8",12.1,999.0,999.0,999,999,0
999,999999,"88.7,90.3,89.2,89.4,90.5,91.5,93.0,93.9,93.6",11.8,999.0,999.0,999,999,0
999,999999,"85.6,20.4,86.0,87.3,86.6,95.5,99.8",12.4,999.0,999.0,999,999,0
999,999999,"89.3,88.9,90.2,90.2,92.8,92.8",12.2,999.0,999.0,999,999,0
999,999999,"71.3,73.3,74.7,76.3,76.2,77.1,78.6,78.1,82.6",12.2,999.0,999.0,999,999,0
999,999999,"100.6,101.9,101.9,101.9,103.8",12.3,999.0,999.0,999,999,0
999,999999,"69.0,70.3,69.9,70.9,70.5,74.6,72.9,74.6,74.6,76.4",12.0,999.0,999.0,999,999,0
999,999999,"156.3,89.8,90.4,90.1,93.8",12.1,999.0,999.0,999,999,0
999,999999,"91.3,91.4,91.5,94.3,94.2,99.6,99.7",12.2,999.0,999.0,999,999,0
999,999999,"76.1,77.5,78.4,80.1,82.5,83.7,85.2",12.8,999.0,999.0,999,999,0
999,999999,"107.8,110.3,116.0,115.6,117.1,119.0,17.1",12.3,999.0,999.0,999,999,0
999,999999,"95.3,102.0,103.6,108.2,109.9,112.2,27.9,117.4,114.7",12.5,999.0,999.0,999,999,0
999,999999,"103.5,103.7,105.6,103.2,104.7,104.7",12.7,999.0,999.0,999,999,0
999,999999,"102.5,110.8,109.7,117.8,119.3,117.5",13.2,999.0,999.0,999,999,0
999,999999,"99.9,102.1,103.6,104.2,105.3,106.9,110.9,110.4,111.6",12.8,999.0,999.0,999,999,0
999,999999,"86.0,86.3,89.2,91.2,91.1,92.2,92.8,94.1,94.8,99.9",12.8,999.0,999.0,999,999,0
999,999999,"63.6,69.8,71.1,77.9,78.0,79.0,80.1",13.8,999.0,999.0,999,999,0
999,999999,"110.5,112.0,112.0,113.2,118.2,120.9,120.5,120.0",13.7,999.0,999.0,999,999,0
999,999999,"95.6,94.6,94.9,99.1,97.2,98.8,98.9,99.5",13.2,999.0,999.0,999,999,0
999,999999,"80.9,82.1,82.4,82.0,82.5,83.1,86.2,89.6,87.9,91.0",13.6,999.0,999.0,999,999,0
999,999999,"100.3,106.0,109.4,109.2,151.0,109.3,111.6,111.9",14.2,999.0,999.0,999,999,0
999,999999,"71.6,72.5,72.2,74.6,77.7,82.6",13.8,999.0,999.0,999,999,0
999,999999,"65.8,74.5,79.4,80.8,85.9,84.7",14.4,999.0,999.0,999,999,0
999,999999,"99.4,99.8,102.4,109.3,111.7",14.0,999.0,999.0,999,999,0
999,999999,"73.0,74.3,76.0,139.0,77.3,83.2,84.0,87.4",14.0,999.0,999.0,999,999,0
999,999999,"94.3,95.0,94.4,96.1,101.1,100.4",14.0,999.0,999.0,999,999,0
999,999999,"96.5,97.5,103.5,108.0,109.9,111.7,109.6,110.0",14.6,999.0,999.0,999,999,0
999,999999,"110.8,111.0,111.8,113.5,168.3",14.2,999.0,999.0,999,999,0
999,999999,"84.4,84.9,86.7,83.8,87.4,88.7,86.6,91.0,91.7",14.6,999.0,999.0,999,999,0
999,999999,"29.2,68.1,68.9,69.4,72.3,71.7,71.3,77.3,83.2,86.3",14.2,999.0,999.0,999,999,0
999,999999,"85.7,87.2,89.6,88.4,89.5,90.0,87.8",14.8,999.0,999.0,999,999,0
999,999999,"92.4,178.3,93.1,90.5,91.4,92.0,89.8,89.1,89.3,87.4",14.6,999.0,999.0,999,999,0
999,999999,"109.7,113.0,119.3,120.4,118.9",14.7,999.0,999.0,999,999,0
999,999999,"65.1,66.6,67.0,17.9,69.0,70.0,72.1,74.2,74.4",14.8,999.0,999.0,999,999,0
999,999999,"81.8,81.0,82.1,89.0,89.4,89.6,88.9,91.2",14.7,999.0,999.0,999,999,0
999,999999,"71.4,73.8,72.3,72.6,72.5",15.4,999.0,999.0,999,999,0
999,999999,"83.3,83.8,83.2,84.1,85.3,87.3",15.0,999.0,999.0,999,999,0
999,999999,"72.0,75.9,79.2,79.6,77.1,83.1,85.7",15.4,999.0,999.0,999,999,0
999,999999,"67.9,75.0,77.5,76.6,77.9,80.5,84.0,84.1,84.8,85.6",15.9,999.0,999.0,999,999,0
999,999999,"64.5,64.7,70.4,70.9,73.0,71.8,29.3",15.2,999.0,999.0,999,999,0
999,999999,"113.1,113.4,115.8,115.1,117.0,117.6,119.9,118.9",15.8,999.0,999.0,999,999,0
999,999999,"68.0,71.8,77.1,15.2,82.4",16.1,999.0,999.0,999,999,0
999,999999,"91.3,95.9,96.0,95.6,101.1,101.8,103.1",15.8,999.0,999.0,999,999,0
999,999999,"106.4,107.5,108.4,105.9,105.4",16.6,999.0,999.0,999,999,0
999,999999,"104.5,104.4,106.8,108.2,106.8,106.3,108.6,107.5",15.7,999.0,999.0,999,999,0
999,999999,"93.9,100.3,102.9,103.2,17.5,110.6,115.2,115.7,115.1",16.7,999.0,999.0,999,999,0
999,999999,"75.1,74.7,83.4,89.2,90.2,88.6",16.7,999.0,999.0,999,999,0
999,999999,"86.9,91.1,95.2,96.3,99.7,106.1,108.3,109.1,109.5",16.1,999.0,999.0,999,999,0
999,999999,"49.0,54.2,56.5,56.7,58.7,57.3,58.4,117.5,66.1,18.0",16.4,999.0,999.0,999,999,0
999,999999,"76.8,76.7,78.7,76.1,76.5,74.1,72.5",16.7,999.0,999.0,999,999,0
999,999999,"63.0,63.1,15.1,65.8,111.7,72.6,72.5,73.5,75.9",16.3,999.0,999.0,999,999,0
999,999999,"98.4,100.9,105.8,104.4,106.4,20.0,113.2,117.4",17.0,999.0,999.0,999,999,0
999,999999,"96.1,96.6,97.8,96.9,95.5,96.8,98.0,98.7,104.1,109.1",17.4,999.0,999.0,999,999,0
999,999999,"90.2,88.0,90.4,90.5,92.3,93.3,94.2,98.0,98.2,100.0",16.7,999.0,999.0,999,999,0
999,999999,"75.0,76.0,77.1,81.8,82.0,81.6,82.7,81.0",16.7,999.0,999.0,999,999,0
999,999999,"62.6,69.1,70.3,72.0,72.0,73.5,74.7,73.1,75.6",17.8,999.0,999.0,999,999,0
999,999999,"82.0,83.4,84.2,139.6,83.1,79.5,80.3",17.9,999.0,999.0,999,999,0
999,999999,"94.6,93.5,94.6,100.6,101.6,102.2,102.8,102.5,103.9",17.2,999.0,999.0,999,999,0
999,999999,"74.8,74.3,75.4,78.4,79.6,76.7,78.1,82.9",17.2,999.0,999.0,999,999,0
999,999999,"89.5,91.2,92.0,26.5,94.0,93.4,99.0,97.1,98.1,98.6",18.1,999.0,999.0,999,999,0
999,999999,"108.5,106.7,106.4,107.9,106.6",17.5,999.0,999.0,999,999,0
999,999999,"105.8,105.8,110.6,110.0,109.8,112.3,22.5,113.5",18.3,999.0,999.0,999,999,0
999,999999,"101.7,102.5,109.0,110.5,111.5,114.5",17.9,999.0,999.0,999,999,0
999,999999,"181.7,80.5,81.2,82.8,87.3,88.4,86.4",18.5,999.0,999.0,999,999,0
999,999999,"93.5,91.0,92.7,93.8,93.0,93.6,93.9,95.8,96.2,103.5",17.8,999.0,999.0,999,999,0
999,999999,"103.4,107.4,105.1,103.2,102.6",18.3,999.0,999.0,999,999,0
999,999999,"78.5,84.6,90.6,89.3,92.1,90.2,90.5,92.2,96.2,102.4",18.6,999.0,999.0,999,999,0
999,999999,"88.4,90.4,91.6,93.4,92.3,93.0,95.1,93.6",18.1,999.0,999.0,999,999,0
999,999999,"76.8,80.8,82.5,85.6,86.0,84.3,85.2,83.8,84.0,90.4",18.2,999.0,999.0,999,999,0
999,999999,"65.9,67.0,68.5,69.2,71.9,73.4,78.0,79.5",18.5,999.0,999.0,999,999,0
999,999999,"100.8,101.9,104.6,106.6,112.8,112.4,113.9,116.3,116.9",18.9,999.0,999.0,999,999,0
999,999999,"70.6,71.8,72.5,74.0,75.7,76.8,79.0,80.5,81.2",19.2,999.0,999.0,999,999,0
999,999999,"106.7,113.2,115.2,117.2,117.7,116.5",18.9,999.0,999.0,999,999,0
999,999999,"103.7,18.5,106.4,106.5,109.4,110.8,112.1,111.7",19.2,999.0,999.0,999,999,0
999,999999,"71.8,70.6,73.5,75.2,130.4,84.6",18.9,999.0,999.0,999,999,0
999,999999,"97.4,102.6,105.3,104.4,105.7,108.1",19.7,999.0,999.0,999,999,0
999,999999,"136.8,69.0,71.1,72.5,73.7",19.9,999.0,999.0,999,999,0
999,999999,"92.1,93.3,96.6,97.9,101.0,101.5",19.0,999.0,999.0,999,999,0
999,999999,"112.4,113.3,115.3,117.0,114.7",19.7,999.0,999.0,999,999,0
999,999999,"112.0,112.7,20.2,113.0,112.7",19.4,999.0,999.0,999,999,0
999,999999,"58.7,59.3,65.5,65.2,67.6,69.3,70.7",19.5,999.0,999.0,999,999,0
999,999999,"90.9,93.3,97.7,102.3,103.7,103.4,103.4,104.5,105.8",19.9,999.0,999.0,999,999,0
999,999999,"67.5,67.7,72.9,73.7,78.6,78.7,85.2",19.6,999.0,999.0,999,999,0
999,999999,"82.2,83.4,83.9,85.6,87.8",20.1,999.0,999.0,999,999,0
999,999999,"69.4,71.2,76.1,74.1,74.0,75.0,76.7",20.3,999.0,999.0,999,999,0
999,999999,"109.5,110.8,112.7,114.5,114.1,111.6,117.0,117.5",19.8,999.0,999.0,999,999,0
999,999999,"82.6,83.9,85.3,85.9,76.6,82.0",20.2,999.0,999.0,999,999,0
999,999999,"75.7,78.1,77.9,75.3,76.6,76.8,79.7,199.8,81.8,86.7",20.7,999.0,999.0,999,999,0
999,999999,"104.2,106.1,100.5,100.6,102.9,154.3,105.0,107.6",21.0,999.0,999.0,999,999,0
999,999999,"96.1,94.7,95.8,93.9,95.4,96.5,96.6,93.9,94.0,15.1",21.1,999.0,999.0,999,999,0
999,999999,"107.4,107.8,107.4,106.3,107.5",20.3,999.0,999.0,999,999,0
999,999999,"97.8,96.0,95.0,95.1,97.2,97.6,96.2,93.7",21.3,999.0,999.0,999,999,0
999,999999,"101.3,101.4,102.1,105.1,106.0,107.7",21.2,999.0,999.0,999,999,0
999,999999,"66.4,65.6,67.2,70.3,70.7,71.7,71.6,72.9,78.7,82.2",21.5,999.0,999.0,999,999,0
999,999999,"76.4,74.0,70.7,71.7,72.5,72.4,80.4",21.3,999.0,999.0,999,999,0
999,999999,"104.4,105.9,108.2,183.9,109.6,115.0,116.7",21.5,999.0,999.0,999,999,0
999,999999,"70.9,71.9,73.9,73.5,76.6",21.6,999.0,999.0,999,999,0
999,999999,"101.8,103.0,101.6,100.7,100.3,101.7",21.2,999.0,999.0,999,999,0
999,999999,"100.6,26.7,101.4,106.8,108.4,110.2",21.3,999.0,999.0,999,999,0
999,999999,"80.2,81.4,83.9,86.0,87.6,93.2",21.3,999.0,999.0,999,999,0
999,999999,"110.7,109.8,109.5,109.4,109.6",21.8,999.0,999.0,999,999,0
999,999999,"77.1,78.4,78.5,82.6,81.2,79.7",22.3,999.0,999.0,999,999,0
999,999999,"70.5,70.1,70.1,72.4,77.5",22.0,999.0,999.0,999,999,0
999,999999,"81.5,81.1,86.0,90.1,86.9,91.3,92.7",22.5,999.0,999.0,999,999,0
999,999999,"78.3,77.2,83.7,83.8,82.6",22.1,999.0,999.0,999,999,0
999,999999,"91.4,94.9,95.3,97.3,102.6,101.0",22.0,999.0,999.0,999,999,0
999,999999,"75.3,76.2,76.4,77.1,78.6,79.1,80.1,78.7,80.4,86.2",22.4,999.0,999.0,999,999,0
999,999999,"101.4,101.8,99.6,99.2,100.4,103.7,108.7",22.2,999.0,999.0,999,999,0
999,999999,"73.6,77.1,75.8,82.1,79.6",23.1,999.0,999.0,999,999,0
999,999999,"107.3,108.1,110.0,111.3,115.1,116.2,115.3,116.6",22.6,999.0,999.0,999,999,0
999,999999,"103.3,105.0,106.7,107.3,107.1,109.0",22.4,999.0,999.0,999,999,0
999,999999,"66.0,67.8,69.3,70.6,70.1,72.0,75.7,80.5",23.1,999.0,999.0,999,999,0
999,999999,"80.7,86.6,86.8,94.3,97.3,97.5,97.7,106.2",22.5,999.0,999.0,999,999,0
999,999999,"78.6,79.5,81.3,82.7,84.5,85.7,83.3,84.6",22.7,999.0,999.0,999,999,0
999,999999,"84.9,87.2,112.5,89.8,88.8,94.0,91.2,92.4",23.0,999.0,999.0,999,999,0
999,999999,"72.3,74.7,72.5,72.1,70.8,69.1,70.1,69.7,71.3,71.0",23.6,999.0,999.0,999,999,0
999,999999,"93.2,94.0,95.7,94.8,93.4,93.2,93.5,96.6,96.4,96.8",23.4,999.0,999.0,999,999,0
999,999999,"76.4,79.4,78.1,76.2,76.8,75.8,73.2,74.9,74.3",24.0,999.0,999.0,999,999,0
999,999999,"91.0,91.2,91.5,93.0,95.9,96.7,96.3,99.4",24.0,999.0,999.0,999,999,0
999,999999,"86.0,84.7,87.4,87.8,88.1,91.1,93.4,98.5",24.2,999.0,999.0,999,999,0
999,999999,"87.5,87.7,89.6,92.1,90.2",23.5,999.0,999.0,999,999,0
999,999999,"60.7,58.3,65.7,65.3,70.6",23.4,999.0,999.0,999,999,0
999,999999,"110.2,112.4,112.1,112.6,109.6,115.9",23.7,999.0,999.0,999,999,0
999,999999,"89.1,160.4,93.2,93.3,94.6,97.4,99.0,15.6,97.6",24.4,999.0,999.0,999,999,0
999,999999,"101.0,101.7,104.2,105.2,104.7,105.7",23.7,999.0,999.0,999,999,0
999,999999,"94.1,94.9,94.8,95.6,95.1",24.3,999.0,999.0,999,999,0
999,999999,"109.2,109.7,111.1,111.5,112.8,113.1",24.2,999.0,999.0,999,999,0
999,999999,"68.1,70.3,70.5,71.8,71.5,69.2,69.7,70.9",24.2,999.0,999.0,999,999,0
999,999999,"65.8,69.9,73.0,75.4,79.9,78.8",24.5,999.0,999.0,999,999,0
999,999999,"81.5,82.1,82.7,85.8,90.6",24.3,999.0,999.0,999,999,0
999,999999,"94.9,126.4,93.9,97.7,95.9",24.5,999.0,999.0,999,999,0
999,999999,"87.2,92.5,93.1,94.1,95.3,97.0,97.9",24.5,999.0,999.0,999,999,0
999,999999,"72.2,71.8,16.3,79.9,139.3",25.5,999.0,999.0,999,999,0
999,999999,"106.8,28.9,106.4,104.8,109.1,111.1,112.3,110.5",24.9,999.0,999.0,999,999,0
999,999999,"110.8,110.4,107.5,108.1,105.3",25.1,999.0,999.0,999,999,0
999,999999,"94.1,93.0,94.8,93.3,96.0,97.6,97.1",25.2,999.0,999.0,999,999,0
999,999999,"82.4,135.7,84.2,86.2,89.9,91.8,91.5,92.5,92.4,94.6",25.9,999.0,999.0,999,999,0
999,999999,"96.6,96.6,129.6,97.7,101.2,102.4,104.0,105.5,106.7,106.7",25.7,999.0,999.0,999,999,0
999,999999,"98.9,102.6,102.4,102.8,107.3,112.6,112.5,110.3",26.1,999.0,999.0,999,999,0
999,999999,"69.0,69.6,73.4,78.5,80.8,83.6,82.0",26.1,999.0,999.0,999,999,0
999,999999,"64.3,66.7,67.7,69.4,70.5",26.1,999.0,999.0,999,999,0
999,999999,"137.7,27.0,96.6,96.7,97.9,95.6,97.8",25.8,999.0,999.0,999,999,0
999,999999,"71.9,69.7,71.5,72.8,74.7,75.1,75.2,79.9,84.7",26.0,999.0,999.0,999,999,0
999,999999,"99.4,97.7,97.9,98.5,99.8,98.3,101.5",26.4,999.0,999.0,999,999,0
999,999999,"113.3,115.4,115.5,117.3,117.4,116.6,115.9,117.0,132.9",26.0,999.0,999.0,999,999,0
999,999999,"76.3,78.9,78.0,82.1,82.7,82.0,78.8,79.9,78.8,77.9",26.2,999.0,999.0,999,999,0
999,999999,"78.7,77.1,77.8,79.5,79.3,82.7",26.0,999.0,999.0,999,999,0
999,999999,"74.9,77.9,77.1,79.9,82.1,83.3,85.1,84.7",26.8,999.0,999.0,999,999,0
999,999999,"104.1,102.9,103.1,119.0,107.0,107.6",26.3,999.0,999.0,999,999,0
999,999999,"105.9,105.3,107.1,108.0,107.6,106.8,108.3,107.5",26.3,999.0,999.0,999,999,0
999,999999,"66.1,68.1,70.3,75.5,74.7,74.2",26.9,999.0,999.0,999,999,0
999,999999,"68.7,29.4,70.2,75.6,77.0,78.2",27.3,999.0,999.0,999,999,0
999,999999,"65.4,66.8,66.1,71.2,73.7,74.0,74.4,79.4,81.1",27.5,999.0,999.0,999,999,0
999,999999,"94.4,94.2,94.4,95.0,94.8,97.0,98.0",26.9,999.0,999.0,999,999,0
999,999999,"107.1,107.9,112.9,113.0,149.3,117.6,116.4,116.4",26.8,999.0,999.0,999,999,0
999,999999,"98.6,96.6,96.8,96.9,96.9,98.4,97.3,99.3,101.7,103.1",27.4,999.0,999.0,999,999,0
999,999999,"68.0,67.6,74.1,80.0,81.3,83.0,84.7,83.5",27.0,999.0,999.0,999,999,0
999,999999,"106.9,108.1,113.0,113.7,114.8,116.5,117.0,118.2,116.8,114.2",27.3,999.0,999.0,999,999,0
999,999999,"79.6,81.1,87.6,87.0,93.1,97.1",27.9,999.0,999.0,999,999,0
999,999999,"91.7,92.5,93.1,25.7,89.4",27.6,999.0,999.0,999,999,0
999,999999,"104.7,102.8,103.7,102.5,102.9,105.0,106.5,107.3",28.3,999.0,999.0,999,999,0
999,999999,"52.0,55.3,55.5,56.6,67.1,72.9,71.7,73.7,71.9",28.4,999.0,999.0,999,999,0
999,999999,"103.8,103.7,105.9,107.0,105.8,107.8,108.6,112.7",28.2,999.0,999.0,999,999,0
999,999999,"109.8,112.2,109.8,110.8,109.6,109.8,111.7",28.0,999.0,999.0,999,999,0
999,999999,"97.5,97.0,27.1,98.9,96.9,96.1",28.7,999.0,999.0,999,999,0
999,999999,"108.6,109.8,164.7,111.6,111.7,112.3,110.1,110.3,115.2",27.8,999.0,999.0,999,999,0
999,999999,"74.7,75.6,74.1,74.6,75.4,74.5,72.7,71.8,75.9,76.4",28.1,999.0,999.0,999,999,0
999,999999,"92.8,91.9,92.6,93.7,93.7,98.9",28.5,999.0,999.0,999,999,0
999,999999,"87.8,90.1,90.8,92.4,91.6,93.2,93.3,196.6,95.9",28.5,999.0,999.0,999,999,0
999,999999,"72.6,73.5,78.4,78.6,78.9,81.9",28.8,999.0,999.0,999,999,0
999,999999,"100.1,101.1,106.7,107.0,106.4",28.4,999.0,999.0,999,999,0
999,999999,"82.4,82.5,85.2,24.0,87.5,89.1,90.2,92.3",29.3,999.0,999.0,999,999,0
999,999999,"98.9,100.5,19.6,102.6,103.0,109.3,113.6,114.4",29.1,999.0,999.0,999,999,0
999,999999,"65.8,72.3,75.5,75.6,73.7,76.3,78.3",28.9,999.0,999.0,999,999,0
999,999999,"60.5,63.5,68.0,69.7,69.8,70.6,73.3,75.3,77.7",29.3,999.0,999.0,999,999,0
999,999999,"102.2,103.7,105.9,110.8,112.9",29.6,999.0,999.0,999,999,0
999,999999,"74.0,120.0,75.1,77.4,83.4",29.4,999.0,999.0,999,999,0
999,999999,"77.6,79.0,78.8,84.7,88.3,88.7,16.0,90.6,91.8",29.1,999.0,999.0,999,999,0
999,999999,"110.8,118.8,116.1,115.7,115.8",29.3,999.0,999.0,999,999,0
999,999999,"81.2,81.2,83.7,84.1,85.3,87.6,18.4",29.9,999.0,999.0,999,999,0
999,999999,"84.8,87.2,89.4,90.4,91.6,93.8,94.6,91.6",30.1,999.0,999.0,999,999,0
999,999999,"113.6,113.9,112.2,111.5,113.1,112.6,112.9,112.6,112.9",29.9,999.0,999.0,999,999,0
999,999999,"78.5,77.1,80.6,81.5,84.0,86.1,86.0",30.0,999.0,999.0,999,999,0
999,999999,"66.9,68.4,70.3,72.3,73.4,73.5,74.9,75.6,75.2",29.9,999.0,999.0,999,999,0
999,999999,"96.4,94.9,96.2,95.9,97.7",30.7,999.0,999.0,999,999,0
999,999999,"99.0,99.7,101.1,105.9,105.5,104.6,103.1,104.6,110.6,111.6",30.7,999.0,999.0,999,999,0
999,999999,"93.4,94.6,96.9,96.4,97.0,98.2,100.8",30.3,999.0,999.0,999,999,0
999,999999,"80.7,81.9,83.0,24.9,85.1,84.7,89.6,90.4,91.6,92.9",30.7,999.0,999.0,999,999,0
999,999999,"63.4,64.1,61.9,61.4,62.3,67.1,67.5,68.5,70.4,71.3",30.8,999.0,999.0,999,999,0
999,999999,"100.2,100.2,105.5,105.2,106.7,106.9,108.7,110.2,114.1,112.3",30.4,999.0,999.0,999,999,0
999,999999,"65.4,69.7,72.7,73.8,74.9,74.6,78.6,79.3",30.8,999.0,999.0,999,999,0
999,999999,"76.3,77.3,79.7,79.9,85.4,85.7",31.4,999.0,999.0,999,999,0
999,999999,"107.3,105.0,105.1,20.6,107.6,107.2,111.7",30.7,999.0,999.0,999,999,0
999,999999,"117.9,119.3,119.0,118.4,27.3",31.4,999.0,999.0,999,999,0
999,999999,"82.3,82.4,84.4,85.7,86.7,87.8,88.9,91.7,91.9",31.0,999.0,999.0,999,999,0
999,999999,"55.4,56.9,59.6,66.2,71.6,78.0,82.4,82.8",31.4,999.0,999.0,999,999,0
999,999999,"78.1,78.6,80.9,87.3,87.2,86.6",31.5,999.0,999.0,999,999,0
999,999999,"115.5,116.7,117.7,117.1,116.2,114.9,114.3,117.2",31.2,999.0,999.0,999,999,0
999,999999,"73.2,75.0,75.8,82.8,85.5",31.9,999.0,999.0,999,999,0
999,999999,"69.2,68.1,67.9,66.7,66.5,72.6,72.9,72.5,74.2",31.3,999.0,999.0,999,999,0
999,999999,"109.2,111.0,111.3,112.4,112.6,115.6,113.0",32.1,999.0,999.0,999,999,0
999,999999,"69.4,70.7,71.1,70.9,74.9,76.8,74.3,79.6,83.7",31.8,999.0,999.0,999,999,0
999,999999,"69.3,69.9,69.0,69.4,70.2,71.1",31.6,999.0,999.0,999,999,0
999,999999,"73.9,72.4,76.0,75.5,131.7,88.5,88.0",32.2,999.0,999.0,999,999,0
999,999999,"94.6,94.5,97.0,97.6,98.0",32.6,999.0,999.0,999,999,0
999,999999,"66.6,68.8,124.4,71.8,71.5",32.4,999.0,999.0,999,999,0
999,999999,"113.3,111.6,113.3,114.3,113.7,115.8,116.3,117.9",32.2,999.0,999.0,999,999,0
999,999999,"26.3,74.1,74.6,75.4,73.7,75.5",32.4,999.0,999.0,999,999,0
999,999999,"79.6,80.0,81.3,81.3,82.1,84.0,85.5,86.3",32.5,999.0,999.0,999,999,0
999,999999,"112.6,113.0,112.7,113.2,115.5",32.9,999.0,999.0,999,999,0
999,999999,"80.2,81.3,79.8,85.6,86.1,87.9,90.0,91.3",32.3,999.0,999.0,999,999,0
999,999999,"104.5,105.1,103.7,104.7,105.9",32.6,999.0,999.0,999,999,0
999,999999,"62.1,64.0,62.2,68.5,68.0,182.0,70.6",33.1,999.0,999.0,999,999,0
999,999999,"72.1,73.9,74.7,75.0,75.4,77.1,76.1,79.5",32.9,999.0,999.0,999,999,0
999,999999,"100.9,102.6,102.3,102.9,105.9,25.8",33.3,999.0,999.0,999,999,0
999,999999,"72.5,71.4,71.6,73.4,74.3,72.3,73.3",33.6,999.0,999.0,999,999,0
999,999999,"69.3,71.0,70.5,70.6,71.0",33.4,999.0,999.0,999,999,0
999,999999,"66.8,65.7,68.3,67.4,68.6,69.0,71.4,73.3,74.1",33.4,999.0,999.0,999,999,0
999,999999,"130.6,94.9,100.4,98.5,96.0,97.2,95.4,26.2,103.0",33.5,999.0,999.0,999,999,0
999,999999,"86.7,90.6,88.7,90.3,92.2,93.7,101.5,102.9,104.2,105.8",33.5,999.0,999.0,999,999,0
999,999999,"73.8,74.9,74.6,131.3,77.3,79.8,85.7",34.3,999.0,999.0,999,999,0
999,999999,"103.4,104.5,167.6,110.1,110.5",34.3,999.0,999.0,999,999,0
999,999999,"104.5,106.5,108.3,109.1,110.7,110.9,111.7,111.1,112.0",34.2,999.0,999.0,999,999,0
999,999999,"70.9,72.5,73.8,73.1,73.2,75.0",33.6,999.0,999.0,999,999,0
999,999999,"74.4,75.2,75.3,77.1,75.9",34.1,999.0,999.0,999,999,0
999,999999,"70.3,69.5,73.0,77.4,77.3",34.5,999.0,999.0,999,999,0
999,999999,"105.4,105.6,104.6,103.0,103.6,104.1,105.7,108.3,107.7",34.0,999.0,999.0,999,999,0
999,999999,"93.5,94.1,95.4,95.7,100.5",34.9,999.0,999.0,999,999,0
999,999999,"106.5,112.2,113.9,115.7,117.3,117.5,118.2",34.8,999.0,999.0,999,999,0
999,999999,"92.2,91.8,92.6,94.7,94.1,94.0,94.2,93.3,94.3",34.8,999.0,999.0,999,999,0
999,999999,"107.1,108.1,115.7,118.0,115.5,116.9,118.8,119.6,118.1",34.6,999.0,999.0,999,999,0
999,999999,"94.6,99.8,100.5,101.8,102.9,101.6,106.1,106.9",35.2,999.0,999.0,999,999,0
999,999999,"94.0,95.4,95.6,94.3,99.8,100.0,100.8,105.6,107.9,107.0",20.6,999.0,999.0,999,999,0
999,999999,"95.1,96.3,101.3,99.4,100.9,98.2,102.9",28.5,999.0,999.0,999,999,0
999,999999,"66.4,68.2,70.5,74.6,76.2,76.8,76.5,78.1,77.1,78.9",19.5,999.0,999.0,999,999,0
999,999999,"94.7,97.1,97.0,102.4,103.5,105.6,109.2,111.4,117.3",12.4,999.0,999.0,999,999,0
999,999999,"66.3,65.8,67.0,69.1,69.1,66.6,66.3,71.2,69.9,71.3",21.0,999.0,999.0,999,999,0
999,999999,"51.6,53.1,54.6,62.0,70.0",17.5,999.0,999.0,999,999,0
999,999999,"92.0,91.3,93.1,99.1,99.8,101.3",28.7,999.0,999.0,999,999,0
999,999999,"77.5,77.7,77.4,78.5,77.6,78.1,79.1",12.4,999.0,999.0,999,999,0
999,999999,"116.6,115.6,114.0,114.9,114.6,116.5,116.2",20.6,999.0,999.0,999,999,0
999,999999,"83.2,85.1,87.0,89.7,89.1,88.5,90.3,92.5",21.8,999.0,999.0,999,999,0
999,999999,"89.6,90.4,91.4,91.9,93.1,91.7,93.2,97.9,97.7",31.9,999.0,999.0,999,999,0
999,999999,"81.7,82.1,82.5,82.3,89.2",31.6,999.0,999.0,999,999,0
999,999999,"85.2,87.3,86.3,92.0,94.3,98.9",17.9,999.0,999.0,999,999,0
999,999999,"85.3,90.5,90.8,91.8,92.7,96.2,102.5,104.8,104.5",30.8,999.0,999.0,999,999,0
999,999999,"71.7,72.2,73.7,74.7,74.8",18.8,999.0,999.0,999,999,0
999,999999,"95.9,96.7,97.8,99.7,100.2",22.1,999.0,999.0,999,999,0
999,999999,"92.3,94.3,96.7,28.6,95.7,98.0,96.0",19.5,999.0,999.0,999,999,0
999,999999,"78.6,77.4,69.9,71.7,75.7,77.0,77.5,78.1,77.2,75.4",21.3,999.0,999.0,999,999,0
999,999999,"78.4,79.3,79.4,79.8,81.6,81.1",24.9,999.0,999.0,999,999,0
999,999999,"97.0,96.6,100.8,103.5,107.8,109.3,108.7",23.1,999.0,999.0,999,999,0
999,999999,"67.6,67.2,69.8,70.2,71.6,77.8,79.3,88.0,86.3,90.2",25.2,999.0,999.0,999,999,0
999,999999,"103.4,106.4,107.6,106.0,105.8,106.6,105.6,106.0,107.5",15.8,999.0,999.0,999,999,0
999,999999,"127.0,96.8,97.3,95.9,96.1,101.3",10.2,999.0,999.0,999,999,0
999,999999,"70.4,72.0,71.0,72.7,74.3",19.7,999.0,999.0,999,999,0
999,999999,"92.1,90.6,110.1,94.5,92.9,93.7,92.6,93.9,95.8,101.6",33.6,999.0,999.0,999,999,0
999,999999,"90.4,91.6,100.5,101.8,103.0,107.2,105.8",26.2,999.0,999.0,999,999,0
999,999999,"95.8,95.8,97.1,98.3,103.4,103.5,105.8,107.5,107.5,109.4",14.0,999.0,999.0,999,999,0
999,999999,"108.8,111.0,111.9,113.3,113.2,119.4",24.0,999.0,999.0,999,999,0
999,999999,"55.5,61.1,62.5,67.4,69.5,72.1,71.3",29.4,999.0,999.0,999,999,0
999,999999,"100.5,100.6,100.8,106.4,107.0,111.0,113.3,113.5",29.6,999.0,999.0,999,999,0
999,999999,"98.1,98.3,98.1,101.3,103.8,110.1,109.1",12.2,999.0,999.0,999,999,0
999,999999,"108.9,107.1,107.6,107.9,110.0,108.8",26.5,999.0,999.0,999,999,0
999,999999,"106.8,104.4,105.3,107.2,108.4,106.6",31.4,999.0,999.0,999,999,0
999,999999,"98.1,98.7,98.7,99.5,106.0,108.4,109.5,110.1,112.1",16.7,999.0,999.0,999,999,0
999,999999,"87.5,88.6,87.2,87.7,93.5,90.5,91.5,93.2",12.1,999.0,999.0,999,999,0
999,999999,"73.2,74.7,77.0,82.7,81.1,81.8,82.1,82.0,84.2",10.4,999.0,999.0,999,999,0
999,999999,"90.0,89.6,90.3,93.5,95.1,93.9,94.9",33.8,999.0,999.0,999,999,0
999,999999,"83.8,89.7,90.8,91.8,94.6,99.2,99.1",19.9,999.0,999.0,999,999,0
999,999999,"90.6,93.2,96.1,96.0,101.2,102.8,104.0,108.9,105.6,102.9",14.4,999.0,999.0,999,999,0
999,999999,"76.6,75.3,76.8,78.7,78.4,79.7,79.4,80.1",32.2,999.0,999.0,999,999,0
999,999999,"100.3,98.1,96.4,96.4,96.3",15.7,999.0,999.0,999,999,0
999,999999,"87.2,88.0,86.6,91.1,89.8,89.7,88.0",27.1,999.0,999.0,999,999,0
999,999999,"93.2,93.8,95.4,96.8,93.9,95.0",32.4,999.0,999.0,999,999,0
999,999999,"85.7,87.2,88.1,86.5,85.5,85.3,87.8,90.0",28.3,999.0,999.0,999,999,0
999,999999,"59.4,62.4,64.4,62.7,65.1,185.4,70.1",31.4,999.0,999.0,999,999,0
999,999999,"65.9,67.6,69.0,144.4,71.8",12.4,999.0,999.0,999,999,0
999,999999,"59.9,60.4,61.3,61.2,67.1,29.2,73.5,78.8,83.9",28.9,999.0,999.0,999,999,0
999,999999,"69.9,69.2,70.4,71.9,73.7,126.5,73.2",29.1,999.0,999.0,999,999,0
999,999999,"80.9,81.4,86.9,131.1,84.6,86.5,87.1,88.3",27.7,999.0,999.0,999,999,0
999,999999,"77.0,78.6,78.8,122.3,77.3",29.1,999.0,999.0,999,999,0
999,999999,"105.8,106.5,107.1,108.3,106.3,107.5,119.3,106.7,107.9,106.5",14.7,999.0,999.0,999,999,0
999,999999,"94.8,101.6,101.2,102.5,104.8,104.2,102.9",21.5,999.0,999.0,999,999,0
999,999999,"20.6,105.7,107.8,110.3,113.3,114.0",15.7,999.0,999.0,999,999,0
999,999999,"100.9,138.7,106.4,107.4,114.0",34.7,999.0,999.0,999,999,0
999,999999,"63.9,67.3,68.8,69.8,70.4,70.4,71.2,71.0,76.7",17.0,999.0,999.0,999,999,0
999,999999,"71.2,73.0,72.2,73.9,76.9",23.1,999.0,999.0,999,999,0
999,999999,"58.1,63.7,66.4,66.4,69.6,69.7,71.5",33.4,999.0,999.0,999,999,0
999,999999,"74.5,74.7,76.6,77.4,76.1,77.4,78.1,79.5",15.9,999.0,999.0,999,999,0
999,999999,"75.1,81.2,87.6,89.1,92.0,92.7,94.0",23.1,999.0,999.0,999,999,0
999,999999,"88.8,88.5,86.1,89.5,93.3,89.9,91.3,92.6,100.2",12.4,999.0,999.0,999,999,0
999,999999,"112.3,112.6,113.3,114.8,117.8",17.5,999.0,999.0,999,999,0
999,999999,"71.3,72.0,73.8,74.7,75.9,77.3,78.2",26.8,999.0,999.0,999,999,0
999,999999,"69.4,69.3,130.6,69.3,71.7,71.5,71.4,69.9,70.3,70.9",12.3,999.0,999.0,999,999,0
999,999999,"113.8,116.3,118.5,119.4,119.5",24.2,999.0,999.0,999,999,0
999,999999,"51.6,54.5,59.9,65.7,67.7,69.8,71.2",18.7,999.0,999.0,999,999,0
999,999999,"61.9,62.8,64.1,65.3,67.2,67.4,69.6,75.6,75.8,74.2",16.1,999.0,999.0,999,999,0
999,999999,"101.0,22.1,101.0,99.3,102.1,99.7",11.3,999.0,999.0,999,999,0
999,999999,"53.8,61.5,67.2,69.4,70.7,69.5,69.5,72.8,74.2,75.3",34.1,999.0,999.0,999,999,0
999,999999,"74.2,80.3,81.3,87.7,86.5,85.2,85.9",10.9,999.0,999.0,999,999,0
999,999999,"104.1,104.0,104.1,104.0,102.3,104.0,156.8,103.7",19.0,999.0,999.0,999,999,0
999,999999,"81.3,82.3,88.5,88.1,87.1,90.4,96.8",15.5,999.0,999.0,999,999,0
999,999999,"78.4,79.8,81.7,82.1,83.9,18.4,83.1,84.1,83.9,83.8",24.0,999.0,999.0,999,999,0
999,999999,"89.7,163.2,98.3,99.8,102.0,103.3,101.6,103.7",19.2,999.0,999.0,999,999,0
999,999999,"114.7,114.9,116.9,119.5,118.3",18.8,999.0,999.0,999,999,0
999,999999,"110.0,108.7,109.7,117.4,119.8",21.3,999.0,999.0,999,999,0
999,999999,"86.0,85.5,84.9,186.4,82.8",29.6,999.0,999.0,999,999,0
999,999999,"81.4,80.7,81.3,82.1,85.5,86.8,86.9,94.4,23.5,93.2",30.3,999.0,999.0,999,999,0
999,999999,"108.9,111.2,112.8,118.2,24.1",27.6,999.0,999.0,999,999,0
999,999999,"105.9,111.6,112.0,113.4,112.2,112.2,111.1,112.7",11.7,999.0,999.0,999,999,0
999,999999,"85.2,86.2,93.5,95.2,94.7,99.6,99.7",28.2,999.0,999.0,999,999,0
999,999999,"72.9,74.5,74.9,76.4,74.9,75.5,74.8,79.4",13.6,999.0,999.0,999,999,0
999,999999,"192.7,78.1,79.8,80.1,81.3,78.9,81.1,82.4",30.9,999.0,999.0,999,999,0
999,999999,"64.6,73.0,73.4,74.4,178.1,79.4,81.4,87.8",17.5,999.0,999.0,999,999,0
999,999999,"67.1,67.4,179.5,69.5,67.5,70.6,75.7,80.9,85.9,88.7",27.3,999.0,999.0,999,999,0
999,999999,"84.1,87.5,88.5,87.0,89.5,94.6,96.8",15.2,999.0,999.0,999,999,0
999,999999,"77.1,79.5,81.4,82.7,89.5,90.8,91.7,93.8,95.7",21.3,999.0,999.0,999,999,0
999,999999,"122.1,119.8,119.2,17.0,120.7,119.9,121.0,119.0,118.8,117.6",24.2,999.0,999.0,999,999,0
999,999999,"77.3,84.4,83.1,84.9,88.7,87.5,92.5,94.0",10.0,999.0,999.0,999,999,0
999,999999,"87.6,88.1,91.3,131.1,99.5,101.8,102.2",23.4,999.0,999.0,999,999,0
999,999999,"58.7,60.1,62.4,67.9,68.7,67.4,72.2,76.6",15.8,999.0,999.0,999,999,0
999,999999,"66.7,68.3,68.4,69.5,69.0,69.6,73.4,76.7,78.2",20.0,999.0,999.0,999,999,0
999,999999,"98.9,101.6,101.7,101.4,98.6,97.0,104.2,106.3,107.7,113.7",10.8,999.0,999.0,999,999,0
999,999999,"97.7,98.2,97.3,97.5,98.6,100.1,100.5,101.8",16.1,999.0,999.0,999,999,0
999,999999,"95.9,99.0,103.7,110.6,109.4,107.8,116.8",32.5,999.0,999.0,999,999,0
999,999999,"65.1,66.6,69.7,69.2,71.8,73.8,75.3,78.5",28.9,999.0,999.0,999,999,0
999,999999,"113.1,110.7,110.8,111.6,109.8,111.3,113.3,113.8,118.5",24.9,999.0,999.0,999,999,0
999,999999,"85.2,85.0,83.9,90.6,87.8,88.3,96.0,96.8,101.3,108.4",31.6,999.0,999.0,999,999,0
999,999999,"62.2,68.0,66.7,66.3,68.2,68.5,71.0,73.9,72.4",13.8,999.0,999.0,999,999,0
999,999999,"197.4,105.4,109.3,109.2,111.6,111.4",26.4,999.0,999.0,999,999,0
999,999999,"95.3,97.8,98.8,99.0,98.2,98.9,105.3,104.5,106.6,105.3",29.7,999.0,999.0,999,999,0
999,999999,"74.2,72.4,76.9,83.3,83.6",29.1,999.0,999.0,999,999,0
999,999999,"84.2,85.5,90.8,89.0,90.9,92.4,93.5,94.0,101.0,99.6",33.6,999.0,999.0,999,999,0
999,999999,"95.2,95.4,98.5,101.2,104.0,104.8,105.8",11.8,999.0,999.0,999,999,0
999,999999,"54.8,56.5,175.9,54.6,57.4,59.5,58.8,64.2,66.4,70.5",19.6,999.0,999.0,999,999,0
999,999999,"98.5,167.7,105.5,106.3,108.3,107.4",15.4,999.0,999.0,999,999,0
999,999999,"77.9,80.3,83.1,83.5,84.4,85.6",12.4,999.0,999.0,999,999,0
999,999999,"67.9,68.6,71.5,73.1,73.0,73.4",30.7,999.0,999.0,999,999,0
999,999999,"88.7,90.3,90.7,92.3,94.0,95.2",31.4,999.0,999.0,999,999,0
999,999999,"88.4,89.4,95.2,95.5,95.0,95.9",31.6,999.0,999.0,999,999,0
999,999999,"105.1,108.2,110.6,15.9,108.7,108.4,105.0,105.3,106.6",10.2,999.0,999.0,999,999,0
999,999999,"93.0,92.8,93.9,27.1,96.4",28.9,999.0,999.0,999,999,0
999,999999,"78.7,88.3,90.5,91.1,97.0,98.1",14.2,999.0,999.0,999,999,0
999,999999,"100.0,100.6,169.4,20.1,107.8,106.1",31.2,999.0,999.0,999,999,0
999,999999,"55.5,56.2,56.2,57.8,57.8,58.4,58.6,63.2,66.9,70.6",30.4,999.0,999.0,999,999,0
999,999999,"73.9,74.0,76.9,80.3,81.3,82.8,84.8",33.4,999.0,999.0,999,999,0
999,999999,"118.6,117.0,118.5,118.2,119.2,119.8",18.5,999.0,999.0,999,999,0
999,999999,"89.7,93.8,94.4,93.0,94.1,95.7,94.2",21.3,999.0,999.0,999,999,0
999,999999,"114.6,113.8,112.6,114.7,116.4,113.8,112.9,114.2,119.6,118.9",15.5,999.0,999.0,999,999,0
999,999999,"95.4,97.1,97.6,97.8,100.7,147.8",12.5,999.0,999.0,999,999,0
999,999999,"97.8,99.4,100.3,100.9,99.6,97.1,99.3,101.9,100.1",25.8,999.0,999.0,999,999,0
999,999999,"78.5,78.7,79.4,162.4,84.1,84.8",31.4,999.0,999.0,999,999,0
999,999999,"92.1,94.1,96.5,96.5,98.2,103.9,106.6,109.3,109.5",10.2,999.0,999.0,999,999,0
999,999999,"66.4,68.3,67.1,66.8,73.1,73.4,75.0",28.3,999.0,999.0,999,999,0
999,999999,"71.3,71.9,73.7,71.5,69.2,66.5,73.4,74.6,76.6,83.1",23.1,999.0,999.0,999,999,0
999,999999,"61.4,63.7,65.9,63.6,65.5,72.0",34.1,999.0,999.0,999,999,0
999,999999,"65.9,68.4,66.4,67.5,66.8,68.8,74.8,80.2,82.1,82.9",13.5,999.0,999.0,999,999,0
999,999999,"84.2,89.6,90.0,90.7,90.9,92.0,94.1,94.3,92.2",25.5,999.0,999.0,999,999,0
999,999999,"70.6,72.3,74.6,74.1,73.7,74.3,77.1,75.6,76.1,76.0",11.8,999.0,999.0,999,999,0
999,999999,"80.3,78.7,77.6,78.6,80.8,81.8",14.7,999.0,999.0,999,999,0
999,999999,"98.2,100.7,106.0,106.1,104.5,105.7,110.1,107.8",16.4,999.0,999.0,999,999,0
999,999999,"83.6,83.9,81.6,82.9,83.7",19.9,999.0,999.0,999,999,0
999,999999,"77.4,78.7,81.1,81.0,79.2,86.5,85.0,86.0,88.4,93.5",17.2,999.0,999.0,999,999,0
999,999999,"107.0,109.4,111.8,112.8,113.1,114.9",10.4,999.0,999.0,999,999,0
999,999999,"73.6,73.8,77.7,76.4,75.7,75.1,78.6",19.7,999.0,999.0,999,999,0
999,999999,"103.0,104.4,105.0,103.7,101.7,103.1",22.4,999.0,999.0,999,999,0
999,999999,"68.9,78.5,78.4,78.2,76.8,79.2",33.6,999.0,999.0,999,999,0
999,999999,"84.1,83.0,89.5,91.4,91.3,88.4,87.8,90.9",23.9,999.0,999.0,999,999,0
999,999999,"88.0,87.9,89.5,94.7,94.8,93.4",32.2,999.0,999.0,999,999,0
999,999999,"95.0,97.5,98.4,23.4,101.2,103.9,103.6,105.9,112.4",16.5,999.0,999.0,999,999,0
999,999999,"102.5,129.2,107.0,106.8,107.9,114.5",23.4,999.0,999.0,999,999,0
999,999999,"97.3,99.7,100.2,102.8,105.8",34.6,999.0,999.0,999,999,0
999,999999,"95.1,95.8,157.2,98.8,100.4,100.7,99.6,101.7,102.2",17.5,999.0,999.0,999,999,0
999,999999,"72.4,78.3,79.3,80.9,81.3,82.3,82.8,82.8,82.4",24.4,999.0,999.0,999,999,0
999,999999,"69.8,21.1,131.0,75.9,76.2,77.3,82.9",26.7,999.0,999.0,999,999,0
999,999999,"66.4,68.7,69.4,70.4,71.9,72.6,72.7,75.5,75.5",26.9,999.0,999.0,999,999,0
999,999999,"103.1,102.7,106.7,111.8,110.4,111.9,113.6,114.1,115.3",14.2,999.0,999.0,999,999,0
999,999999,"78.5,80.7,81.8,83.1,90.6",22.4,999.0,999.0,999,999,0
999,999999,"66.4,65.5,65.0,64.9,66.1,63.9,62.5,67.9,74.2,75.4",10.7,999.0,999.0,999,999,0
999,999999,"71.3,71.7,75.7,77.0,78.7,83.6,82.0,88.1",34.3,999.0,999.0,999,999,0
999,999999,"96.1,98.0,99.9,100.5,105.7",32.8,999.0,999.0,999,999,0
999,999999,"83.0,83.1,84.5,82.7,83.9,84.1,115.6,80.6,82.2",13.5,999.0,999.0,999,999,0
999,999999,"91.1,91.0,91.6,94.5,95.6,101.1,161.3,102.5",12.3,999.0,999.0,999,999,0
999,999999,"113.6,113.3,117.8,118.0,119.8",23.1,999.0,999.0,999,999,0
999,999999,"75.2,75.9,77.4,78.7,79.9,82.4,82.6",29.9,999.0,999.0,999,999,0
999,999999,"119.8,121.9,123.7,126.2,125.5,123.0,122.6,123.3,120.3,119.7",18.1,999.0,999.0,999,999,0
999,999999,"102.3,27.6,106.8,107.5,107.2,107.2,108.6,109.3",11.5,999.0,999.0,999,999,0
999,999999,"82.5,81.9,83.1,87.8,88.5",26.3,999.0,999.0,999,999,0
999,999999,"78.3,83.8,84.9,86.5,85.3",12.8,999.0,999.0,999,999,0
999,999999,"64.2,67.4,68.8,66.9,68.5,69.6,77.6",14.9,999.0,999.0,999,999,0
999,999999,"19.4,68.4,71.2,72.2,75.1,79.4,85.2,85.5,86.4",26.1,999.0,999.0,999,999,0
999,999999,"61.3,62.2,68.6,68.7,75.6,74.6,78.0",16.5,999.0,999.0,999,999,0
999,999999,"85.7,86.4,85.9,87.0,85.1,87.8,90.2,94.8,96.2",31.6,999.0,999.0,999,999,0
999,999999,"86.6,92.0,97.3,98.6,101.0,98.2,98.0,102.3,105.7,107.8",14.0,999.0,999.0,999,999,0
999,999999,"77.1,79.4,79.2,80.4,181.1,83.9,82.2,82.5,83.1",19.6,999.0,999.0,999,999,0
999,999999,"74.5,75.0,79.9,81.3,83.6",26.9,999.0,999.0,999,999,0
999,999999,"94.2,96.7,103.3,104.2,106.7,107.3,108.3,109.7,110.1,109.1",21.3,999.0,999.0,999,999,0
999,999999,"107.0,106.4,108.5,107.6,108.9,114.5,115.1,114.7",31.6,999.0,999.0,999,999,0
999,999999,"25.9,92.1,90.7,92.2,93.2",32.2,999.0,999.0,999,999,0
999,999999,"84.7,86.2,91.9,99.2,99.8,100.9,103.8,104.8,106.1,107.1",13.6,999.0,999.0,999,999,0
999,999999,"75.7,76.6,78.0,80.2,79.3,85.2,86.0,87.5,85.0",30.1,999.0,999.0,999,999,0
999,999999,"109.1,107.8,106.8,110.2,112.5,110.8",32.9,999.0,999.0,999,999,0
999,999999,"89.9,91.3,92.1,95.8,97.2,99.7,98.4,97.4,98.7,101.4",20.1,999.0,999.0,999,999,0
999,999999,"77.4,77.1,77.7,79.5,79.5,79.9,79.7,81.0,82.4,81.2",28.2,999.0,999.0,999,999,0
999,999999,"116.7,114.8,114.0,114.6,113.2,112.8,112.2",31.4,999.0,999.0,999,999,0
999,999999,"62.2,62.9,61.2,62.2,64.0,71.5,78.7,80.5,82.0",23.1,999.0,999.0,999,999,0
999,999999,"83.2,81.6,82.3,85.4,87.7,90.1,95.8",10.7,999.0,999.0,999,999,0
999,999999,"85.0,85.5,88.2,90.4,90.5,90.6,90.4,89.2,91.4",9.9,999.0,999.0,999,999,0
999,999999,"102.3,99.6,101.3,100.9,101.2,102.6",31.6,999.0,999.0,999,999,0
999,999999,"58.7,63.4,66.8,69.4,75.3,73.8,78.0,24.0",10.9,999.0,999.0,999,999,0
999,999999,"65.8,67.5,68.3,72.8,75.4,75.2",24.3,999.0,999.0,999,999,0
999,999999,"92.9,96.9,100.5,100.1,99.9,99.5,101.3,23.9,105.2,106.4",20.3,999.0,999.0,999,999,0
999,999999,"64.9,69.8,73.7,174.3,73.7,74.8,76.7,75.6",12.8,999.0,999.0,999,999,0
999,999999,"76.2,76.7,78.3,79.9,80.4,83.7,84.6,84.5,86.9",23.7,999.0,999.0,999,999,0
999,999999,"100.7,101.4,102.1,103.9,110.3,111.7,111.9,110.9,112.8",30.2,999.0,999.0,999,999,0
999,999999,"92.0,92.8,177.8,99.4,98.9,100.7,103.2,105.9,105.7",11.8,999.0,999.0,999,999,0
999,999999,"92.6,91.6,142.8,94.2,94.6,94.3,98.4,98.7",19.0,999.0,999.0,999,999,0
999,999999,"71.3,72.8,74.8,75.5,77.7,79.6,80.8,81.2,80.7",14.5,999.0,999.0,999,999,0
999,999999,"79.5,81.7,81.2,81.2,83.9",23.1,999.0,999.0,999,999,0
999,999999,"82.1,81.8,87.1,88.4,86.6,86.3,83.5,85.9",30.7,999.0,999.0,999,999,0
999,999999,"56.8,59.5,61.0,61.2,63.1,62.6,67.4,72.7,75.2",27.6,999.0,999.0,999,999,0
999,999999,"106.3,107.1,107.8,107.9,112.4",16.5,999.0,999.0,999,999,0
999,999999,"100.1,101.4,105.1,105.1,147.9,107.7,112.6",20.1,999.0,999.0,999,999,0
999,999999,"87.3,88.8,90.3,89.1,89.4,89.9,91.4,93.6",32.8,999.0,999.0,999,999,0
999,999999,"72.2,74.4,76.3,75.2,75.1,76.7,75.1,76.1",34.2,999.0,999.0,999,999,0
999,999999,"82.1,82.7,83.0,84.9,85.0,84.7",14.7,999.0,999.0,999,999,0
999,999999,"81.3,85.4,87.1,87.9,86.4",19.5,999.0,999.0,999,999,0
999,999999,"109.5,107.6,107.7,109.0,109.5,113.6,114.7,115.0,116.3,116.6",24.2,999.0,999.0,999,999,0
999,999999,"68.8,70.6,69.9,70.2,70.2,72.8,22.5,132.4,71.2",31.8,999.0,999.0,999,999,0
999,999999,"96.5,96.8,104.0,122.4,108.3",33.4,999.0,999.0,999,999,0
999,999999,"107.2,107.7,108.5,109.8,27.3,110.1",26.1,999.0,999.0,999,999,0
999,999999,"91.5,96.7,103.2,103.3,104.9,104.4,104.5,106.6,107.4",32.8,999.0,999.0,999,999,0
999,999999,"63.9,64.2,66.3,68.8,70.1",33.4,999.0,999.0,999,999,0
999,999999,"50.3,51.3,59.8,65.3,64.9,68.0,68.6,156.8,72.8,78.9",24.0,999.0,999.0,999,999,0
999,999999,"67.3,72.3,74.7,74.2,79.0",26.6,999.0,999.0,999,999,0
999,999999,"97.2,96.0,100.9,103.7,101.7,101.3,101.5,100.3,106.1",13.0,999.0,999.0,999,999,0
999,999999,"81.2,79.8,82.4,83.4,82.0,86.4,93.7,100.0",13.2,999.0,999.0,999,999,0
999,999999,"84.7,88.5,86.3,91.5,90.4,94.8,94.7",10.9,999.0,999.0,999,999,0
999,999999,"108.3,109.9,114.6,116.0,114.2,114.8,113.4,115.8,116.4,118.8",26.3,999.0,999.0,999,999,0
999,999999,"86.1,87.8,90.4,90.6,91.8,91.8",17.2,999.0,999.0,999,999,0
999,999999,"83.9,83.9,84.8,86.8,84.7,85.5",29.0,999.0,999.0,999,999,0
999,999999,"76.0,78.5,80.0,83.7,84.7,85.9,87.9,88.0",34.5,999.0,999.0,999,999,0
999,999999,"111.0,112.0,111.6,109.7,111.9,113.6,115.3,114.3",18.5,999.0,999.0,999,999,0
999,999999,"68.2,68.0,69.9,71.1,72.7,74.2",12.8,999.0,999.0,999,999,0
999,999999,"95.9,97.4,97.4,98.7,101.6,101.3,102.8,104.2,102.0,103.7",16.6,999.0,999.0,999,999,0
999,999999,"61.4,63.2,64.6,64.7,64.7,65.2,69.4,75.6,77.9,77.8",27.1,999.0,999.0,999,999,0
999,999999,"109.0,110.2,112.2,116.5,116.2",14.8,999.0,999.0,999,999,0
999,999999,"101.7,106.1,104.9,112.0,114.2",16.5,999.0,999.0,999,999,0
