model,barcode,power,temperature,boundaryPowerMax,boundaryPowerMin,compressorModel,doza,label
408,408100252149806030408,"64.5,71,72,74,75,77,76",20.1,64.67,80.54,JiaXipera МM1060Y,18,1
408,408100252149806010408,"59,65,66.5,69,69.5,72,71.5,70.5",19.8,64.31,80.19,JiaXipera МM1060Y,18,1
408,408100252149805990408,"59,66.5,70,70.5,71.5,71",20.0,64.55,80.43,JiaXipera МM1060Y,18,1
408,408100252149805910408,"59.5,65,66.5,68.5,69.5,71,71.5,72.5",20.5,65.14,81.01,JiaXipera МM1060Y,18,1
408,408100252149805890408,"62,66.5,69.5,71.5,73.5,74,73.5",20.5,65.14,81.01,JiaXipera МM1060Y,18,1
408,408100252149805870408,"60,64.5,65,66.5,67.5,68.5,70,69.5",20.8,65.5,81.36,JiaXipera МM1060Y,18,1
408,408100252149805850408,"63,64,69.5,71,72,73,74.5,74,72.5",20.5,65.14,81.01,JiaXipera МM1060Y,18,1
408,408100252149805790408,"59.5,65.5,69,68.5,71,71.5,72.5,71.5",20.8,65.5,81.36,JiaXipera МM1060Y,18,1
408,408100252149805770408,"63.5,68.5,71,73,75.5,76,74",21.0,65.74,81.6,JiaXipera МM1060Y,18,1
408,408100252149805750408,"63,68.5,72,73.5,75,75.5,76.5,77.5",20.8,65.5,81.36,JiaXipera МM1060Y,18,1
408,408100252149805740408,"65,67,69,70.5,71.5,73.5,74.5,75,74",20.9,65.62,81.48,JiaXipera МM1060Y,18,1
408,408100252149805600408,"61.5,66,70.5,72,75.5,76,76.5,76",21.3,66.1,81.95,JiaXipera МM1060Y,18,1
408,408100252149805590408,"61.5,65.5,67.5,68,70,71,72.5,72,73.5,73",21.4,66.22,82.06,JiaXipera МM1060Y,18,1
408,408100252149805580408,"65.5,68,72.5,73,73.5,75,74.5,73.5",21.3,66.1,81.95,JiaXipera МM1060Y,18,1
408,408100252149805570408,"63.5,67,70.5,72,74.5,75.5,75",21.3,66.1,81.95,JiaXipera МM1060Y,18,1
408,408100252149805560408,"66.5,72,74.5,76.5,77,78,78.5,79,78,78.5",21.3,66.1,81.95,JiaXipera МM1060Y,18,1
408,408100252149805550408,"64,69,70.5,75.5,76.5,75.5",21.7,66.57,82.41,JiaXipera МM1060Y,18,1
408,408100252149805500408,"63.5,66,69.5,70,72.5,74,74.5",21.4,66.22,82.06,JiaXipera МM1060Y,18,1
408,408100252149805490408,"61,62,65.5,69,71,72,72.5,72,73",21.4,66.22,82.06,JiaXipera МM1060Y,18,1
408,408100252149805480408,"64,67.5,71,73,73.5,75,73.5",21.5,66.34,82.18,JiaXipera МM1060Y,18,1
408,408100252149805470408,"60,66,68,69,69.5,70,70.5,71.5,72.5",21.6,66.46,82.3,JiaXipera МM1060Y,18,1
408,408100252149805460408,"61.5,68.5,70,72,73,73.5,74.5",21.5,66.34,82.18,JiaXipera МM1060Y,18,1
408,408100252149805440408,"63,67.5,71,72.5,74.5,75.5,74.5,75,74",22.4,67.41,83.23,JiaXipera МM1060Y,18,1
408,408100252149805370408,"60.5,66,68,70,70.5,74.5,74,75.5",21.5,66.34,82.18,JiaXipera МM1060Y,18,1
408,408100252149805350408,"66.5,68.5,70,71.5,74.5,75,76,75",21.5,66.34,82.18,JiaXipera МM1060Y,18,1
408,408100252149805340408,"62.5,67.5,71,73.5,75.5,75,75.5,74.5,74",21.6,66.46,82.3,JiaXipera МM1060Y,18,1
408,408100252149805320408,"64,70,73,74,75.5,76,75.5,75",21.5,66.34,82.18,JiaXipera МM1060Y,18,1
408,408100252149805310408,"59.5,64,66,68,69.5,70.5,71.5,73,74,73,73.5",21.8,66.69,82.53,JiaXipera МM1060Y,18,1
408,408100252149805300408,"67,68,70,72.5,73.5,75.5,75,74",21.5,66.34,82.18,JiaXipera МM1060Y,18,1
408,408100252149805260408,"64,71,74,75,76,74.5",21.7,66.57,82.41,JiaXipera МM1060Y,18,1
408,408100252149805250408,"56.5,61.5,62.5,65.5,67,69,70.5,72.5,74,75.5",21.7,66.57,82.41,JiaXipera МM1060Y,18,1
408,408100252149805230408,"58.5,63.5,67.5,70,68.5,71,71.5,73",22.4,67.41,83.23,JiaXipera МM1060Y,18,1
408,408100252149805210408,"61.5,67,69.5,71.5,72.5,73.5,73,73.5",21.8,66.69,82.53,JiaXipera МM1060Y,18,1
408,408100252149805200408,"61,67,68,72,74,75.5,75",21.8,66.69,82.53,JiaXipera МM1060Y,18,1
408,408100252149805190408,"57.5,60.5,66.5,68.5,69,72,73,72,72.5",21.9,66.81,82.65,JiaXipera МM1060Y,18,1
408,408100252149805140408,"61,64.5,68,70,70.5,71.5,72.5,73,73.5,73",22.4,67.41,83.23,JiaXipera МM1060Y,18,1
408,408100252149805120408,"63,68.5,71,72,72.5,73.5,74.5,76,77",22.4,67.41,83.23,JiaXipera МM1060Y,18,1
408,408100252149805100408,"66.5,71,75,77.5,78,79,80",24.0,69.32,85.1,JiaXipera МM1060Y,18,1
408,408100252149805080408,"64,66,68,70,71,72.5,73.5,75.5,75",22.5,67.53,83.35,JiaXipera МM1060Y,18,1
408,408100252149805060408,"59.5,64,67,70.5,72.5,74,75.5,76,75.5,75",22.4,67.41,83.23,JiaXipera МM1060Y,18,1
408,408100252149805050408,"69,72,73.5,74,74.5,75.5,77.5,76,75.5,75",23.9,69.2,84.98,JiaXipera МM1060Y,18,1
408,408100252149805040408,"60,65.5,68.5,71,71.5,72.5,73,73.5",22.6,67.65,83.46,JiaXipera МM1060Y,18,1
408,408100252149805010408,"65,71.5,74,76.5,77,78,80,79.5,78",23.9,69.2,84.98,JiaXipera МM1060Y,18,1
408,408100252149804990408,"63,69.5,70,71,72.5,73.5,75,74.5",22.6,67.65,83.46,JiaXipera МM1060Y,18,1
408,408100252149804980408,"62,67.5,70.5,72.5,74.5,75,76.5,75.5",22.6,67.65,83.46,JiaXipera МM1060Y,18,1
408,408100252149804970408,"64,68.5,71.5,74,75.5,77.5,76",23.2,68.36,84.17,JiaXipera МM1060Y,18,1
408,408100252149804960408,"67.5,73,75,77.5,79.5,80.5,79",22.7,67.77,83.58,JiaXipera МM1060Y,18,1
408,408100252149804930408,"62.5,68.5,69.5,72,72.5,74,75,74.5,75.5,76.5",22.9,68.01,83.81,JiaXipera МM1060Y,18,1
408,408100252149804910408,"61.5,68.5,69.5,71.5,73,74.5,75.5,76,75",23.2,68.36,84.17,JiaXipera МM1060Y,18,1
408,408100252149804890408,"64.5,72,73.5,75.5,76,77,77.5,78.5,77",23.2,68.36,84.17,JiaXipera МM1060Y,18,1
408,408100252149804860408,"62.5,66,70,73,74.5,76,76.5,77,77.5",23.3,68.48,84.28,JiaXipera МM1060Y,18,1
408,408100252149804850408,"64,70.5,72.5,75,75.5,76.5,77,76",23.2,68.36,84.17,JiaXipera МM1060Y,18,1
408,408100252149804840408,"61,64,67.5,72,73.5,74,74.5,75",23.9,69.2,84.98,JiaXipera МM1060Y,18,1
408,408100252149804830408,"64.5,71.5,72,74,75,75.5,77,77.5,78",23.8,69.08,84.87,JiaXipera МM1060Y,18,1
408,408100252149804800408,"68.5,73,74.5,75.5,76.5,76,76.5",23.9,69.2,84.98,JiaXipera МM1060Y,18,1
408,408100252149804760408,"66.5,70,71.5,74,77,78.5,79,80,79.5",24.3,69.68,85.45,JiaXipera МM1060Y,18,1
408,408100252149804750408,"61,68,71,72,73.5,74,74.5,75,76.5",23.8,69.08,84.87,JiaXipera МM1060Y,18,1
408,408100252149804700408,"63.5,68.5,71,72,72.5,74.5,77.5,77,78,76.5",23.9,69.2,84.98,JiaXipera МM1060Y,18,1
408,408100252149804660408,"66.5,71.5,74,75.5,77,77.5,79,77.5",24.0,69.32,85.1,JiaXipera МM1060Y,18,1
408,408100252149804650408,"66.5,69.5,71.5,73.5,76.5,77,77.5,77,75",23.9,69.2,84.98,JiaXipera МM1060Y,18,1
408,408100252149804610408,"64.5,66.5,71,73,76,77,81.5,81",24.0,69.32,85.1,JiaXipera МM1060Y,18,1
408,408100252149804600408,"68,71,73,77,79,78.5",24.0,69.32,85.1,JiaXipera МM1060Y,18,1
408,408100252149805540408,"62.5,66,67.5,69,70,73,74.5,73.5,74,73",21.4,66.22,82.06,JiaXipera МM1060Y,18,1
408,408100252149804550408,"60.5,66.5,69,72,73,74,71,71.5,70.5",20.1,64.67,80.54,JiaXipera МM1060Y,18,1
408,408100252149804530408,"63.5,67,68.5,72.5,73.5,75,76,76.5,77.5,79",24.1,69.44,85.22,JiaXipera МM1060Y,18,1
408,408100252149804520408,"63,69,73,74.5,76,77,79,77",24.3,69.68,85.45,JiaXipera МM1060Y,18,1
408,408100252149804510408,"65,72,74,76,77,79,80,78.5",24.3,69.68,85.45,JiaXipera МM1060Y,18,1
408,408100252149804490408,"64.5,71,72.5,73.5,74.5,78,78.5,78,79.5,80,80.5",24.3,69.68,85.45,JiaXipera МM1060Y,18,1
408,408100252149804470408,"64,73.5,75.5,76.5,78,79,78",24.3,69.68,85.45,JiaXipera МM1060Y,18,1
408,408100252149804460408,"67.5,70,74,75,76.5,78,79.5,81,79.5,78.5",24.3,69.68,85.45,JiaXipera МM1060Y,18,1
408,408100252149804440408,"65,68.5,73.5,75,76,79,80.5,80,79",24.4,69.79,85.57,JiaXipera МM1060Y,18,1
408,408100252149804430408,"63.5,63,67.5,66.5,67.5,69,68.5,69,68.5",20.1,64.67,80.54,JiaXipera МM1060Y,18,1
408,408100252149804410408,"63.5,67,70,70.5,71.5,72.5,73.5,74",20.1,64.67,80.54,JiaXipera МM1060Y,18,1
408,408100252149804400408,"60,63.5,65.5,68,69.5,71,70.5,71,72,71.5",20.2,64.79,80.66,JiaXipera МM1060Y,18,1
408,408100252149804380408,"60,62.5,66,67.5,68,69,70,71.5",20.2,64.79,80.66,JiaXipera МM1060Y,18,1
408,408100252149804370408,"62,66.5,67.5,70,71,72,72.5,74,73.5",20.2,64.79,80.66,JiaXipera МM1060Y,18,1
408,408100252149804360408,"61,65.5,68,67.5,68.5,69,68.5,69,70,70.5",20.2,64.79,80.66,JiaXipera МM1060Y,18,1
408,408100252149804880408,"59.5,62.5,64.5,69.5,72.5,73.5,75.5,75,75.5",23.2,68.36,84.17,JiaXipera МM1060Y,18,1
408,408100252149804350408,"64.5,67.5,68.5,69,70,70.5,72,72.5,70.5",20.2,64.79,80.66,JiaXipera МM1060Y,18,1
408,408100252149804330408,"61,65.5,68.5,70,71.5,72,71",20.2,64.79,80.66,JiaXipera МM1060Y,18,1
408,408100252149804320408,"60,62.5,65,67,68.5,69,71,71.5",20.1,64.67,80.54,JiaXipera МM1060Y,18,1
408,408100252149804260408,"59,64.5,65,69,70,71,72",20.2,64.79,80.66,JiaXipera МM1060Y,18,1
408,408100252149804250408,"62,67.5,68.5,70.5,72,72.5,73,71,70",20.2,64.79,80.66,JiaXipera МM1060Y,18,1
408,408100252149804240408,"62,64,66,68.5,72.5,73,75,74.5,75,74.5",20.2,64.79,80.66,JiaXipera МM1060Y,18,1
408,408100252149804230408,"64,68,71.5,72,73.5,73,73.5",20.2,64.79,80.66,JiaXipera МM1060Y,18,1
408,408100252149804200408,"63.5,68,69.5,70.5,71,72,73.5,74,73",20.2,64.79,80.66,JiaXipera МM1060Y,18,1
408,408100252149804190408,"65,68.5,70.5,72,74,73.5,74.5,74",20.2,64.79,80.66,JiaXipera МM1060Y,18,1
408,408100252149805330408,"66.5,69.5,73.5,74,74.5,76.5,75.5,76",21.5,66.34,82.18,JiaXipera МM1060Y,18,1
408,408100252149805980408,"62,66,67.5,69.5,71,71.5,72.5,71.5,72.5",20.0,64.55,80.43,JiaXipera МM1060Y,18,1
408,408100252149721190408,"59.5,65,67,68,69.5,70,70.5,71.5",18.0,62.16,78.09,JiaXipera МM1060Y,18,1
408,408100252149721180408,"62.5,68,69.5,72.5,73,74.5,76,75",18.0,62.16,78.09,JiaXipera МM1060Y,18,1
408,408100252149721170408,"63,68,70.5,71,72.5,73,72.5",18.0,62.16,78.09,JiaXipera МM1060Y,18,1
408,408100252149721160408,"63.5,70,72.5,73.5,74,73,74,73",18.0,62.16,78.09,JiaXipera МM1060Y,18,1
408,408100252149721120408,"64,69,71,73,74,73",18.2,62.4,78.32,JiaXipera МM1060Y,18,1
408,408100252149721110408,"63,69,72,71.5,72.5,73.5,72.5",18.2,62.4,78.32,JiaXipera МM1060Y,18,1
408,408100252149721100408,"60.5,66,68.5,70.5,72,72.5,72",18.4,62.64,78.56,JiaXipera МM1060Y,18,1
408,408100252149721090408,"61,67.5,70.5,71.5,72,73",18.4,62.64,78.56,JiaXipera МM1060Y,18,1
408,408100252149721030408,"65.5,67.5,69.5,70.5,72,73,72",18.6,62.88,78.79,JiaXipera МM1060Y,18,1
408,408100252149721020408,"60,62.5,63,67.5,69,68,70,70.5,71.5,72,72.5",18.6,62.88,78.79,JiaXipera МM1060Y,18,1
408,408100252149720930408,"56.5,61.5,62.5,64.5,65.5,66,67.5,68.5,67,67.5",17.4,61.45,77.39,JiaXipera МM1060Y,18,1
408,408100252149720910408,"62.5,65,67.5,70.5,71,73,73.5,74,76.5,75.5,74.5",19.6,64.07,79.96,JiaXipera МM1060Y,18,1
408,408100252149720900408,"60.5,66,68.5,70,70.5,72,73,72.5",19.7,64.19,80.08,JiaXipera МM1060Y,18,1
408,408100252149720890408,"63,69,70.5,72,73.5,74,75.5,74",17.7,61.81,77.74,JiaXipera МM1060Y,18,1
408,408100252149720860408,"62.5,68,70,70.5,71,72.5,74,73",20.0,64.55,80.43,JiaXipera МM1060Y,18,1
408,408100252149720850408,"62.5,67,69.5,71,72.5,73,73.5,74",19.9,64.43,80.31,JiaXipera МM1060Y,18,1
408,408100252149720840408,"61,68,70.5,72,73.5,74.5,73",19.8,64.31,80.19,JiaXipera МM1060Y,18,1
408,408100252149720830408,"63.5,72,72.5,73.5,74,75,74.5,75,75.5",20.2,64.79,80.66,JiaXipera МM1060Y,18,1
408,408100252149720800408,"63,65,67.5,70.5,72,73,74,74.5,73.5",20.3,64.91,80.78,JiaXipera МM1060Y,18,1
408,408100252149720780408,"56.5,60.5,63,64,64.5,65,64.5,68,68.5",17.2,61.21,77.16,JiaXipera МM1060Y,18,1
408,408100252149720770408,"53,57,59,61,63,64,65,66,65.5,66.5",17.2,61.21,77.16,JiaXipera МM1060Y,18,1
408,408100252149720740408,"63.5,69.5,72,73.5,74.5,75,74.5",20.2,64.79,80.66,JiaXipera МM1060Y,18,1
408,408100252149720720408,"58,63.5,65,66.5,68,68.5,69,67.5,68",17.3,61.33,77.27,JiaXipera МM1060Y,18,1
408,408100252149720700408,"61,67.5,70,71.5,73.5,74,75,73.5",20.6,65.26,81.13,JiaXipera МM1060Y,18,1
408,408100252149720690408,"65.5,70,73,76,75.5,77,75.5,76.5,76",20.6,65.26,81.13,JiaXipera МM1060Y,18,1
408,408100252149720660408,"62,67.5,71,72.5,74,74.5,74,75,74",20.6,65.26,81.13,JiaXipera МM1060Y,18,1
408,408100252149720620408,"61.5,64,68,70.5,71,71.5,71,69.5,71",17.7,61.81,77.74,JiaXipera МM1060Y,18,1
408,408100252149720580408,"63.5,66.5,67.5,69,70,70.5,70",17.7,61.81,77.74,JiaXipera МM1060Y,18,1
408,408100252149720530408,"61.5,66.5,68.5,70.5,72.5,73,74",17.4,61.45,77.39,JiaXipera МM1060Y,18,1
408,408100252149720520408,"59.5,65,66.5,69,69.5,71.5,71,69",17.4,61.45,77.39,JiaXipera МM1060Y,18,1
408,408100252149720480408,"59,65.5,68,69,70.5,71,70",18.2,62.4,78.32,JiaXipera МM1060Y,18,1
408,408100252149720400408,"59,64,66,68,68.5,69,70,70.5,71,71.5",18.3,62.52,78.44,JiaXipera МM1060Y,18,1
408,408100252149720380408,"57.5,61,65.5,66.5,68.5,70.5,71,71.5,72,71.5",18.3,62.52,78.44,JiaXipera МM1060Y,18,1
408,408100252149720360408,"63,65,67.5,71.5,72.5,74,74.5",18.4,62.64,78.56,JiaXipera МM1060Y,18,1
408,408100252149720350408,"56,58.5,60.5,63,65,67.5,68.5,70",19.2,63.59,79.49,JiaXipera МM1060Y,18,1
408,408100252149720340408,"58.5,63.5,66.5,67.5,68,68.5,70,70.5,71",18.4,62.64,78.56,JiaXipera МM1060Y,18,1
408,408100252149720320408,"59.5,61.5,64.5,65.5,66.5,67.5,69,68.5",18.4,62.64,78.56,JiaXipera МM1060Y,18,1
408,408100252149720260408,"55.5,61,64,65.5,67.5,68.5,69.5,71",19.2,63.59,79.49,JiaXipera МM1060Y,18,1
408,408100252149720220408,"59,63,65.5,66,69,70.5,71,71.5,73,74,73.5",19.4,63.83,79.73,JiaXipera МM1060Y,18,1
408,408100252149720210408,"62,63.5,65,67.5,69,70.5,71.5,72.5,73,72.5,72",19.4,63.83,79.73,JiaXipera МM1060Y,18,1
408,408100252149720190408,"59,63,65.5,68.5,69.5,70.5,71,71.5,72",19.3,63.71,79.61,JiaXipera МM1060Y,18,1
408,408100252149720180408,"59,64,66,68,68.5,70,72,72.5,72",19.3,63.71,79.61,JiaXipera МM1060Y,18,1
408,408100252149720170408,"58.5,62,62.5,65.5,67.5,69,70,70.5,70",19.7,64.19,80.08,JiaXipera МM1060Y,18,1
408,408100252149720160408,"63,65.5,71,72,73,74,73.5,72.5,71,72.5",19.6,64.07,79.96,JiaXipera МM1060Y,18,1
408,408100252149720140408,"62,65,67,68,69,69.5,71,70,71,70.5",19.4,63.83,79.73,JiaXipera МM1060Y,18,1
408,408100252149720120408,"58.5,60.5,62,64,68,69,70.5,70,69.5",19.4,63.83,79.73,JiaXipera МM1060Y,18,1
408,408100252149720110408,"67,69,72,73,72.5,73.5,72.5,72",19.5,63.95,79.84,JiaXipera МM1060Y,18,1
408,408100252149720090408,"65,68,70,72,72.5,71,71.5,73",19.6,64.07,79.96,JiaXipera МM1060Y,18,1
408,408100252149720040408,"62,67,68.5,70.5,71,72,71.5,71",19.5,63.95,79.84,JiaXipera МM1060Y,18,1
408,408100252149720030408,"63,68.5,69,71,72,71,71.5",18.1,62.28,78.21,JiaXipera МM1060Y,18,1
408,408100252149719990408,"60,63,64.5,66.5,67,68,68.5,69,69.5,70",19.7,64.19,80.08,JiaXipera МM1060Y,18,1
408,408100252149719930408,"53.5,61,65,66.5,67.5,68,68.5,69.5",18.5,62.76,78.67,JiaXipera МM1060Y,18,1
408,408100252149719900408,"56,61,63,65.5,66.5,68.5,69.5,68.5",18.5,62.76,78.67,JiaXipera МM1060Y,18,1
408,408100252149719870408,"52.5,55,61,65.5,67,68.5,69.5,68",18.4,62.64,78.56,JiaXipera МM1060Y,18,1
408,408100252149719860408,"61,66.5,68,70.5,71,72,72.5,73,72,73",18.4,62.64,78.56,JiaXipera МM1060Y,18,1
408,408100252149719850408,"55,62,64,66.5,68,69,69.5,70,70.5,70",18.3,62.52,78.44,JiaXipera МM1060Y,18,1
408,408100252149719840408,"61.5,66.5,68,69,70.5,71,72,71",18.1,62.28,78.21,JiaXipera МM1060Y,18,1
408,408100252149719830408,"60.5,63.5,64.5,65.5,69,70.5,70,69.5,70",18.3,62.52,78.44,JiaXipera МM1060Y,18,1
408,408100252149719820408,"59.5,64.5,66.5,67,66.5,68.5,69,70.5,70,71.5,70",18.3,62.52,78.44,JiaXipera МM1060Y,18,1
408,408100252149719800408,"63,66.5,67,68.5,69.5,70.5,71.5,72.5,72,72.5",18.3,62.52,78.44,JiaXipera МM1060Y,18,1
408,408100252149804290408,"63,68.5,71,72,73.5,73,73.5,73",20.1,64.67,80.54,JiaXipera МM1060Y,18,1
408,408100252149719780408,"61.5,67,67.5,69.5,70,71,71.5,71,71.5",18.0,62.16,78.09,JiaXipera МM1060Y,18,1
408,408100252149719750408,"57.5,60.5,63,65.5,68,70.5,71,70.5,71",18.3,62.52,78.44,JiaXipera МM1060Y,18,1
408,408100252149719720408,"59.5,64.5,67.5,69.5,70.5,72,73",18.0,62.16,78.09,JiaXipera МM1060Y,18,1
408,408100252149719690408,"61,65.5,67,68.5,69.5,70",17.9,62.04,77.97,JiaXipera МM1060Y,18,1
408,408100252149719680408,"64,69,71,74,73,74,70.5",18.1,62.28,78.21,JiaXipera МM1060Y,18,1
408,408100252149719670408,"58,66,68,70,71,71.5,72.5,71.5",17.9,62.04,77.97,JiaXipera МM1060Y,18,1
408,408100252149719660408,"61,65,66.5,69,69.5,70,69.5",17.9,62.04,77.97,JiaXipera МM1060Y,18,1
408,408100252149719650408,"60,64.5,67.5,70,71.5,73,72.5,72",17.9,62.04,77.97,JiaXipera МM1060Y,18,1
408,408100252149719630408,"57.5,63,66.5,68.5,70,70.5,71.5,69.5",17.9,62.04,77.97,JiaXipera МM1060Y,18,1
408,408100252149719610408,"55,60,61.5,64,64.5,66,67,66",18.2,62.4,78.32,JiaXipera МM1060Y,18,1
408,408100252149719600408,"63.5,66,68.5,69.5,72.5,73,71.5",18.1,62.28,78.21,JiaXipera МM1060Y,18,1
408,408100252149719590408,"60.5,63.5,65,66.5,67,70.5,72,71,70.5",18.1,62.28,78.21,JiaXipera МM1060Y,18,1
408,408100252149804300408,"60.5,63,69,73,72.5,71.5",20.1,64.67,80.54,JiaXipera МM1060Y,18,1
408,408100252149719580408,"57.5,60.5,63,64,66,66.5,67.5,69.5,70.5,71",18.1,62.28,78.21,JiaXipera МM1060Y,18,1
408,408100252149719530408,"63,66.5,68.5,69,71,70.5,72,71",18.4,62.64,78.56,JiaXipera МM1060Y,18,1
408,408100252149719520408,"62,65,66,66.5,68.5,70,68.5,71,72,71,69.5",18.5,62.76,78.67,JiaXipera МM1060Y,18,1
408,408100252149719500408,"56.5,63.5,66,67.5,69,70.5,71,70",18.5,62.76,78.67,JiaXipera МM1060Y,18,1
408,408100252149719490408,"62.5,67,69.5,71,72.5,73,74,75.5,75",18.5,62.76,78.67,JiaXipera МM1060Y,18,1
408,408100252149719460408,"60.5,66.5,68.5,69,70,71.5,73.5,74.5,74",18.5,62.76,78.67,JiaXipera МM1060Y,18,1
408,408100252149719430408,"63,63.5,64.5,65.5,66,66.5,68,67.5,68,69,68.5",18.5,62.76,78.67,JiaXipera МM1060Y,18,1
408,408100252149719420408,"58,65,66.5,69,70,70.5",18.6,62.88,78.79,JiaXipera МM1060Y,18,1
408,408100252149719410408,"61,66.5,70,70.5,71,72,71.5,71",18.6,62.88,78.79,JiaXipera МM1060Y,18,1
408,408100252149719380408,"60.5,68,70.5,71.5,73,74,73",18.6,62.88,78.79,JiaXipera МM1060Y,18,1
408,408100252149719370408,"61,66.5,69.5,72.5,73,74,75,73",18.8,63.12,79.03,JiaXipera МM1060Y,18,1
408,408100252149719360408,"62,68.5,69.5,71.5,72,73,73.5,71.5,73",18.7,63.0,78.91,JiaXipera МM1060Y,18,1
408,408100252149805220408,"60,67,69.5,71,72,71.5,72.5,73.5,74,75",21.8,66.69,82.53,JiaXipera МM1060Y,18,1
408,408100252149719310408,"62.5,65.5,67.5,68.5,70.5,69",17.3,61.33,77.27,JiaXipera МM1060Y,18,1
408,408100252149720450408,"58,62.5,65,66,67.5,68.5,68,68.5,67",17.9,62.04,77.97,JiaXipera МM1060Y,18,1
408,408100252149719290408,"56.5,61,62,64,64.5,66,66.5,67",15.8,59.54,75.52,JiaXipera МM1060Y,18,1
408,408100252149719280408,"59,64,65,65.5,66.5,68.5,68",15.8,59.54,75.52,JiaXipera МM1060Y,18,1
408,408100252149719240408,"56.5,58.5,63,64.5,66.5,67,67.5,66.5",15.7,59.42,75.4,JiaXipera МM1060Y,18,1
408,408100252149719230408,"56.5,62,66,66.5,68,68.5,69,68.5",15.9,59.66,75.64,JiaXipera МM1060Y,18,1
408,408100252149719220408,"55.5,60.5,63,64.5,65.5,66,67.5,66",15.9,59.66,75.64,JiaXipera МM1060Y,18,1
408,408100252149719210408,"60.5,65,66,66.5,67.5,68.5,68",15.7,59.42,75.4,JiaXipera МM1060Y,18,1
408,408100252149719200408,"58,62.5,66,67,68,67,68,69,67",15.9,59.66,75.64,JiaXipera МM1060Y,18,1
408,408100252149719190408,"57,63,65,66,67.5,67,68",16.4,60.26,76.22,JiaXipera МM1060Y,18,1
408,408100252149720560408,"58,64,64.5,66.5,67.5,68.5,69.5,69",17.4,61.45,77.39,JiaXipera МM1060Y,18,1
408,408100252149719180408,"56.5,61.5,64,65.5,66.5,67,69",16.4,60.26,76.22,JiaXipera МM1060Y,18,1
408,408100252149721230408,"61,66,70,70.5,72,71,73,72.5",18.0,62.16,78.09,JiaXipera МM1060Y,18,1
408,408100252149719170408,"58,60,61.5,64.5,65,67,68,66.5",16.3,60.14,76.1,JiaXipera МM1060Y,18,1
408,408100252149719160408,"57,64,65.5,68,69,70,68.5",15.9,59.66,75.64,JiaXipera МM1060Y,18,1
408,408100252149719130408,"52,58.5,61.5,61,63,64,65.5,65,65.5,66.5",16.7,60.61,76.57,JiaXipera МM1060Y,18,1
408,408100252149719120408,"59.5,63.5,67,67.5,68,69,68.5,68",16.0,59.78,75.75,JiaXipera МM1060Y,18,1
408,408100252149719110408,"55.5,59.5,61.5,63,64,65.5,66.5,65.5",16.3,60.14,76.1,JiaXipera МM1060Y,18,1
408,408100252149805830408,"65.5,70,71,73,74,74.5,73",20.5,65.14,81.01,JiaXipera МM1060Y,18,1
408,408100252149719100408,"57.5,63.5,66,68,67.5,68.5,68,68.5",16.2,60.02,75.99,JiaXipera МM1060Y,18,1
408,408100252149719070408,"58.5,63.5,65,65.5,67,68,66",16.4,60.26,76.22,JiaXipera МM1060Y,18,1
408,408100252149719060408,"61,65,68.5,67.5,68.5,69,69.5,70,70.5,70,69.5",16.1,59.9,75.87,JiaXipera МM1060Y,18,1
408,408100252149719040408,"56.5,62,65.5,66,66.5,69,69.5,68.5",16.2,60.02,75.99,JiaXipera МM1060Y,18,1
408,408100252149805420408,"62,68,70.5,72,73,75,75.5,76",21.4,66.22,82.06,JiaXipera МM1060Y,18,1
408,408100252149719030408,"56.5,63.5,65,65.5,66.5,67,69",16.2,60.02,75.99,JiaXipera МM1060Y,18,1
408,408100252149719000408,"56.5,63,63.5,65,66,66.5,67,67.5,67",16.5,60.37,76.34,JiaXipera МM1060Y,18,1
408,408100252149718960408,"57.5,61,63.5,65.5,68,67.5,68.5,72,71.5,71",17.3,61.33,77.27,JiaXipera МM1060Y,18,1
408,408100252149718910408,"60,65,67.5,69,70,72,72.5,70.5",17.0,60.97,76.92,JiaXipera МM1060Y,18,1
408,408100252149718900408,"58.5,64.5,66.5,68.5,69.5,70,70.5,71",17.0,60.97,76.92,JiaXipera МM1060Y,18,1
408,408100252149718890408,"61.5,65.5,67,68.5,69.5,71,69.5",17.0,60.97,76.92,JiaXipera МM1060Y,18,1
408,408100252149718870408,"61.5,65,68,69.5,69,68",16.9,60.85,76.81,JiaXipera МM1060Y,18,1
408,408100252149718850408,"59.5,66,67,69,70,70.5,71.5,70.5,70",17.0,60.97,76.92,JiaXipera МM1060Y,18,1
408,408100252149718840408,"61,65,66,68,69,70.5,72,69.5",16.8,60.73,76.69,JiaXipera МM1060Y,18,1
408,408100252149718830408,"58.5,64.5,67,68.5,69.5,69,70,69.5",17.0,60.97,76.92,JiaXipera МM1060Y,18,1
408,408100252149718790408,"57.5,62,63.5,65.5,67.5,68.5,69.5,69,70.5",16.9,60.85,76.81,JiaXipera МM1060Y,18,1
408,408100252149718770408,"60,65.5,67.5,68,64",17.1,61.09,77.04,JiaXipera МM1060Y,18,1
408,408100252149718760408,"58,61,63,67.5,69.5,68.5,69.5,70.5,72,71.5,70",17.3,61.33,77.27,JiaXipera МM1060Y,18,1
408,408100252149718740408,"63.5,69.5,71.5,72.5,71.5,74,71.5,71",17.1,61.09,77.04,JiaXipera МM1060Y,18,1
408,408100252149718690408,"57.5,66,66.5,69.5,71,70.5",17.1,61.09,77.04,JiaXipera МM1060Y,18,1
408,408100252149719270408,"57.5,63,65,65.5,68,66",15.7,59.42,75.4,JiaXipera МM1060Y,18,1
408,408100252149718680408,"61.5,67.5,68.5,70.5,71.5,72.5,72,70",18.6,62.88,78.79,JiaXipera МM1060Y,18,1
408,408100252149718660408,"59.5,65,67,66.5,69,69.5,70,70.5",17.2,61.21,77.16,JiaXipera МM1060Y,18,1
408,408100252149718620408,"64,66,65.5,66,68,69,69.5,70.5,69,68.5",17.4,61.45,77.39,JiaXipera МM1060Y,18,1
408,408100252149718540408,"62.5,66.5,69,69.5,71.5,72.5,74.5,73.5",20.4,65.02,80.89,JiaXipera МM1060Y,18,1
408,408100252149718530408,"61,66,68.5,69,70,70.5,72.5,71.5",20.5,65.14,81.01,JiaXipera МM1060Y,18,1
408,408100252149718520408,"62,67.5,68.5,70,70.5,71,71.5,72,72.5,71.5",20.4,65.02,80.89,JiaXipera МM1060Y,18,1
408,408100252149720670408,"55.5,59,60.5,61.5,63,65,64,67,66.5,68",17.3,61.33,77.27,JiaXipera МM1060Y,18,1
408,408100252149718500408,"59,64.5,65.5,68,69.5,70.5,69.5",18.2,62.4,78.32,JiaXipera МM1060Y,18,1
408,408100252149718460408,"59.5,65,68.5,69.5,70,69.5,70,69.5",18.2,62.4,78.32,JiaXipera МM1060Y,18,1
408,408100252149718450408,"53,58.5,60,61.5,60.5,61.5,62,63.5,64.5",18.2,62.4,78.32,JiaXipera МM1060Y,18,1
408,408100252149718430408,"58,64,66.5,67.5,69.5,70.5,71,70.5,71,71.5",18.3,62.52,78.44,JiaXipera МM1060Y,18,1
408,408100252149718420408,"58,63.5,65,67,68.5,70,71.5,71",18.4,62.64,78.56,JiaXipera МM1060Y,18,1
408,408100252149718380408,"63.5,67,68.5,71,72.5,72,71",18.6,62.88,78.79,JiaXipera МM1060Y,18,1
408,408100252149718370408,"60,66.5,68,70,69.5,71.5,71,72.5,71",18.6,62.88,78.79,JiaXipera МM1060Y,18,1
408,408100252149718360408,"57.5,60,64,67,69.5,70",18.8,63.12,79.03,JiaXipera МM1060Y,18,1
408,408100252149718350408,"59,63,65.5,66.5,66,67,67.5,69,71.5",19.0,63.36,79.26,JiaXipera МM1060Y,18,1
408,408100252149718340408,"60,67,69,69.5,73.5,74.5,75,75.5,74",20.3,64.91,80.78,JiaXipera МM1060Y,18,1
408,408100252149410930408,"58.5,64.5,66.5,68.5,69.5,70,70.5,70",19.3,63.71,79.61,JiaXipera МM1060Y,18,1
408,408100252149410920408,"58,63.5,67,69,70,71.5,73.5,71.5",19.3,63.71,79.61,JiaXipera МM1060Y,18,1
408,408100252149411430408,"63.5,66,68.5,69,70.5,71.5,73,71.5",18.8,63.12,79.03,JiaXipera МM1060Y,18,1
408,408100252149676230408,"59,66,68.5,70,71,71.5,72.5,71.5",17.8,61.92,77.86,JiaXipera МM1060Y,18,1
408,408100252149410900408,"60,64.5,67,67.5,69.5,70.5,70,70.5",19.3,63.71,79.61,JiaXipera МM1060Y,18,1
408,408100252149410890408,"57,64,68,67.5,69,70,71,69.5",19.3,63.71,79.61,JiaXipera МM1060Y,18,1
408,408100252149410860408,"59.5,64,65,67.5,68.5,69.5,70.5,69",19.4,63.83,79.73,JiaXipera МM1060Y,18,1
408,408100252149410840408,"59,65,68,68.5,70.5,69.5,71,69.5",19.4,63.83,79.73,JiaXipera МM1060Y,18,1
408,408100252149410820408,"62.5,65.5,67.5,68,70,70.5,71,72,71,71.5",19.3,63.71,79.61,JiaXipera МM1060Y,18,1
408,408100252149534480408,"61,65.5,69.5,70,71",18.4,62.64,78.56,JiaXipera МM1060Y,18,1
408,408100252149410800408,"61,63.5,65.5,67,67.5,68.5,69,69.5,70,69.5",19.3,63.71,79.61,JiaXipera МM1060Y,18,1
408,408100252149535120408,"60.5,67,68,69.5,70,70.5,71.5,70.5",18.2,62.4,78.32,JiaXipera МM1060Y,18,1
408,408100252149410690408,"56.5,61.5,63.5,63,65.5,66,67.5,65",16.4,60.26,76.22,JiaXipera МM1060Y,18,1
408,408100252149339950408,"57,62.5,66,68,69.5,70,69",14.3,57.75,73.77,JiaXipera МM1060Y,18,1
408,408100252149410660408,"59,62.5,64,65,67,66,67,66.5",16.3,60.14,76.1,JiaXipera МM1060Y,18,1
408,408100252149534490408,"65.5,66.5,69.5,70.5,71.5,71,70.5",18.3,62.52,78.44,JiaXipera МM1060Y,18,1
408,408100252149718750408,"60.5,66.5,68,69.5,70,71.5,70,69.5",17.0,60.97,76.92,JiaXipera МM1060Y,18,1
408,408100252149535220408,"59.5,64.5,65,69.5,69,68",17.9,62.04,77.97,JiaXipera МM1060Y,18,1
408,408100252149410620408,"57.5,62,64.5,66,67.5,69,68",16.4,60.26,76.22,JiaXipera МM1060Y,18,1
408,408100252149410610408,"56,62,63,65.5,66.5,67.5,68.5,68",16.7,60.61,76.57,JiaXipera МM1060Y,18,1
408,408100252149410600408,"58.5,63.5,64.5,66,67,67.5,66.5",16.4,60.26,76.22,JiaXipera МM1060Y,18,1
408,408100252149410240408,"60.5,64,65.5,66.5,68,68.5,69,68",16.6,60.49,76.46,JiaXipera МM1060Y,18,1
408,408100252149410590408,"60.5,64,65.5,66,67.5,68,70,67.5",16.6,60.49,76.46,JiaXipera МM1060Y,18,1
408,408100252149410550408,"60,65,65.5,67,66.5,69.5,70,70.5,69",16.5,60.37,76.34,JiaXipera МM1060Y,18,1
408,408100252149676320408,"57.5,63.5,65,66,67,68.5,71.5,72",17.9,62.04,77.97,JiaXipera МM1060Y,18,1
408,408100252149407490408,"65,67,67.5,70,71,72,71.5,71,70.5",19.2,63.59,79.49,JiaXipera МM1060Y,18,1
408,408100252149534790408,"57,64,67.5,69,70,70.5,71,72,70.5",18.4,62.64,78.56,JiaXipera МM1060Y,18,1
408,408100252149411170408,"59,65,67,68,69,69.5,70.5,69.5",19.2,63.59,79.49,JiaXipera МM1060Y,18,1
408,408100252149718820408,"60.5,64.5,68,69.5,70,70.5,71.5,71",17.0,60.97,76.92,JiaXipera МM1060Y,18,1
408,408100252149407860408,"60.5,66,67,68,69,70,71,70.5,70",19.0,63.36,79.26,JiaXipera МM1060Y,18,1
408,408100252149676680408,"59.5,64.5,67,68.5,67,68.5,69.5,69",17.3,61.33,77.27,JiaXipera МM1060Y,18,1
408,408100252149410440408,"61.5,64.5,67.5,71,71.5,72,73,71",16.7,60.61,76.57,JiaXipera МM1060Y,18,1
408,408100252149410380408,"59.5,67,66,68.5,69,70.5,71,69.5",17.0,60.97,76.92,JiaXipera МM1060Y,18,1
408,408100252149410370408,"60.5,65,65.5,67.5,68.5,69,68.5,68",17.1,61.09,77.04,JiaXipera МM1060Y,18,1
408,408100252149717800408,"64,68,69,71,72,73,72",20.0,64.55,80.43,JiaXipera МM1060Y,18,1
408,408100252149410270408,"59,61.5,66,67.5,68.5,68,66.5",16.5,60.37,76.34,JiaXipera МM1060Y,18,1
408,408100252149805390408,"63,64.5,68.5,70,71,72.5,73,75,74",21.5,66.34,82.18,JiaXipera МM1060Y,18,1
408,408100252149678660408,"57,60.5,62,63,65,65.5,64",15.4,59.06,75.05,JiaXipera МM1060Y,18,1
408,408100252149410250408,"59,64.5,65.5,66.5,68,68.5,69.5,67.5",16.7,60.61,76.57,JiaXipera МM1060Y,18,1
408,408100252149721150408,"63.5,68,71.5,73.5,74,73.5,74.5,75",18.0,62.16,78.09,JiaXipera МM1060Y,18,1
408,408100252149410220408,"59.5,65.5,66,67,67.5,68,68.5,69,68.5,69,68.5,69",16.5,60.37,76.34,JiaXipera МM1060Y,18,1
408,408100252149718410408,"58,64,67.5,68.5,69,69.5,69,69.5",18.4,62.64,78.56,JiaXipera МM1060Y,18,1
408,408100252149407310408,"57,62.5,65.5,66.5,67.5,68.5,69.5,71,74.5",18.6,62.88,78.79,JiaXipera МM1060Y,18,1
408,408100252149407480408,"59,65,68,69,70,71,72.5,72",19.2,63.59,79.49,JiaXipera МM1060Y,18,1
408,408100252149805760408,"59,64,66,70,72,73,73.5,74.5",21.0,65.74,81.6,JiaXipera МM1060Y,18,1
408,408100252149410210408,"58.5,64,66,66.5,67,68,67,67.5",16.6,60.49,76.46,JiaXipera МM1060Y,18,1
408,408100252149806000408,"61.5,65.5,68,69,69.5,72,73,72.5",19.9,64.43,80.31,JiaXipera МM1060Y,18,1
408,408100252149406830408,"61,65.5,68,70.5,71.5,72.5,73,74",19.2,63.59,79.49,JiaXipera МM1060Y,18,1
408,408100252149805020408,"61,68,71,72.5,74.5,75,77,77.5,78",22.5,67.53,83.35,JiaXipera МM1060Y,18,1
408,408100252149410200408,"59,63.5,66,68,68.5,68,67.5",16.5,60.37,76.34,JiaXipera МM1060Y,18,1
408,408100252149410190408,"60,66,67.5,68,68.5,68,69.5,67",16.5,60.37,76.34,JiaXipera МM1060Y,18,1
408,408100252149408560408,"59.5,65.5,67,69.5,69,70",17.4,61.45,77.39,JiaXipera МM1060Y,18,1
408,408100252149410640408,"59.5,64.5,66.5,67,68,68.5,69,68.5",16.3,60.14,76.1,JiaXipera МM1060Y,18,1
408,408100252149677160408,"61.5,66.5,70.5,73,74,74.5,75.5,74,73",18.5,62.76,78.67,JiaXipera МM1060Y,18,1
408,408100252149410230408,"55.5,61.5,63.5,65,66.5,67,68.5,67",16.5,60.37,76.34,JiaXipera МM1060Y,18,1
408,408100252149676660408,"62,67,69,70,70.5,71,70",16.7,60.61,76.57,JiaXipera МM1060Y,18,1
408,408100252149804820408,"64,67.5,72,76,77.5,77,76.5",23.4,68.6,84.4,JiaXipera МM1060Y,18,1
408,408100252149410150408,"60.5,66,67.5,68.5,70,68.5",16.7,60.61,76.57,JiaXipera МM1060Y,18,1
408,408100252149720790408,"59.5,63.5,65.5,69,70.5,71,72.5,73.5,74,74.5",20.4,65.02,80.89,JiaXipera МM1060Y,18,1
408,408100252149410300408,"56.5,61,63.5,64.5,65.5,66,67.5,67",16.5,60.37,76.34,JiaXipera МM1060Y,18,1
408,408100252149410140408,"59.5,66,69,70,71.5,70.5,71.5,68.5",16.8,60.73,76.69,JiaXipera МM1060Y,18,1
408,408100252149410130408,"62.5,65.5,67.5,68,67,68,69,67.5",16.7,60.61,76.57,JiaXipera МM1060Y,18,1
408,408100252149410110408,"62,65.5,68,67,67.5,69.5,68,68.5,69.5,69,70.5,71.5,69.5,70",16.8,60.73,76.69,JiaXipera МM1060Y,18,1
408,408100252149535140408,"60,64,67.5,69,70,70.5,69.5",18.1,62.28,78.21,JiaXipera МM1060Y,18,1
408,408100252149720610408,"56.5,61,65,64,65,67,66,67,66",18.3,62.52,78.44,JiaXipera МM1060Y,18,1
408,408100252149410010408,"61.5,69,70,70.5,71,71.5,70.5",17.1,61.09,77.04,JiaXipera МM1060Y,18,1
408,408100252149409960408,"60.5,66,67,68.5,69.5,70.5,71",17.4,61.45,77.39,JiaXipera МM1060Y,18,1
408,408100252149805450408,"62,69,71,71.5,74,73.5,74,74.5,74,73.5",21.7,66.57,82.41,JiaXipera МM1060Y,18,1
408,408100252149678350408,"59,63,64.5,65.5,66,65.5",15.2,58.82,74.82,JiaXipera МM1060Y,18,1
408,408100252149410410408,"59.5,64,65.5,68,68.5,69,69.5,69",16.9,60.85,76.81,JiaXipera МM1060Y,18,1
408,408100252149409880408,"55,62,64,67,68.5,67,67.5",17.0,60.97,76.92,JiaXipera МM1060Y,18,1
408,408100252149676990408,"54.5,60.5,63.5,67,69,68.5,67.5",16.9,60.85,76.81,JiaXipera МM1060Y,18,1
408,408100252149409870408,"58.5,63,64.5,65.5,67.5,68,69,68.5,70",17.0,60.97,76.92,JiaXipera МM1060Y,18,1
408,408100252149804730408,"59.5,63,67,68,71.5,74,76,75.5",23.9,69.2,84.98,JiaXipera МM1060Y,18,1
408,408100252149717300408,"65.5,72.5,74.5,75.5,76.5,78,79,76.5",19.6,64.07,79.96,JiaXipera МM1060Y,18,1
408,408100252149407120408,"62,64.5,66.5,71.5,72,70.5,71.5,72,71.5",19.0,63.36,79.26,JiaXipera МM1060Y,18,1
408,408100252149338410408,"61,67,67.5,69,69.5,68.5,68",17.1,61.09,77.04,JiaXipera МM1060Y,18,1
408,408100252149409830408,"61,65.5,68,67,71,69,69.5,68.5",17.1,61.09,77.04,JiaXipera МM1060Y,18,1
408,408100252149720420408,"60.5,65.5,68,70,71,73,74,72",18.0,62.16,78.09,JiaXipera МM1060Y,18,1
408,408100252149409810408,"59.5,64,66.5,69,69.5,67.5",17.2,61.21,77.16,JiaXipera МM1060Y,18,1
408,408100252149409760408,"57,59.5,61.5,66,66.5,67,68.5,69,68.5,69",17.2,61.21,77.16,JiaXipera МM1060Y,18,1
408,408100252149409750408,"59.5,63,65,66.5,67,67.5,68.5,67.5",17.2,61.21,77.16,JiaXipera МM1060Y,18,1
408,408100252149409710408,"59,64,66.5,68,68.5,69.5,68",17.3,61.33,77.27,JiaXipera МM1060Y,18,1
408,408100252149409700408,"61.5,66.5,69.5,70.5,69",17.3,61.33,77.27,JiaXipera МM1060Y,18,1
408,408100252149409690408,"60,63,67,68,69.5,70,69.5",17.2,61.21,77.16,JiaXipera МM1060Y,18,1
408,408100252149804310408,"65,66.5,69,68.5,70,71.5,72,71.5,70.5",20.1,64.67,80.54,JiaXipera МM1060Y,18,1
408,408100252149409670408,"59.5,63.5,65.5,66.5,67,68,68.5,68",17.2,61.21,77.16,JiaXipera МM1060Y,18,1
408,408100252149408030408,"62,67,68.5,71,71.5,72.5,71.5",18.6,62.88,78.79,JiaXipera МM1060Y,18,1
408,408100252149406770408,"66,71,72.5,73.5,74,73.5,74,73.5",19.4,63.83,79.73,JiaXipera МM1060Y,18,1
408,408100252149338550408,"54.5,61,62.5,63,62.5,64,63.5",16.9,60.85,76.81,JiaXipera МM1060Y,18,1
408,408100252149409650408,"58.5,63.5,66,67.5,68,68.5,69,68.5",17.2,61.21,77.16,JiaXipera МM1060Y,18,1
408,408100252149409620408,"59.5,66.5,67.5,69.5,69,69.5,68.5",17.2,61.21,77.16,JiaXipera МM1060Y,18,1
408,408100252149676620408,"63,66,68.5,70.5,71,72.5,72,73.5,73",17.1,61.09,77.04,JiaXipera МM1060Y,18,1
408,408100252149410580408,"59,62.5,64.5,66,67,68,67.5,66",16.5,60.37,76.34,JiaXipera МM1060Y,18,1
408,408100252149718700408,"57,60.5,66,70.5,70,71,71.5,71",17.3,61.33,77.27,JiaXipera МM1060Y,18,1
408,408100252149534720408,"60.5,66,68.5,69.5,71,72.5,70.5",18.6,62.88,78.79,JiaXipera МM1060Y,18,1
408,408100252149719510408,"64.5,68.5,71.5,74,74.5,75.5,76,75.5,74.5",18.5,62.76,78.67,JiaXipera МM1060Y,18,1
408,408100252149677400408,"55.5,62,64,65,64.5,65,64.5",14.4,57.87,73.89,JiaXipera МM1060Y,18,1
408,408100252149409560408,"59,62.5,64,65.5,67.5,68.5,70.5,71,69.5",17.6,61.69,77.62,JiaXipera МM1060Y,18,1
408,408100252149718160408,"58.5,63.5,65.5,66,68.5,69,70,72,71.5,72.5",19.6,64.07,79.96,JiaXipera МM1060Y,18,1
408,408100252149805240408,"61.5,66.5,68,70,71.5,72.5,73.5,74,73",21.7,66.57,82.41,JiaXipera МM1060Y,18,1
408,408100252149720590408,"54.5,56.5,61,63,65.5,67,68,67.5,68,69.5",17.2,61.21,77.16,JiaXipera МM1060Y,18,1
408,408100252149409530408,"61.5,66,67,68.5,69.5,70,70.5,69.5",17.7,61.81,77.74,JiaXipera МM1060Y,18,1
408,408100252149720070408,"61.5,66.5,70,70.5,72,72.5,73,72,72.5",19.6,64.07,79.96,JiaXipera МM1060Y,18,1
408,408100252149678290408,"58.5,65,64.5,65.5,66,66.5,67",15.8,59.54,75.52,JiaXipera МM1060Y,18,1
408,408100252149409450408,"58,64.5,66.5,67,68.5,70.5,69,68",16.9,60.85,76.81,JiaXipera МM1060Y,18,1
408,408100252149718880408,"59,63,67.5,69,70.5,69,67.5",16.9,60.85,76.81,JiaXipera МM1060Y,18,1
408,408100252149409410408,"64,66,67,67.5,68.5,67,66",16.9,60.85,76.81,JiaXipera МM1060Y,18,1
408,408100252149535130408,"58,62.5,65,66.5,68,69,69.5,69,68.5",18.2,62.4,78.32,JiaXipera МM1060Y,18,1
408,408100252149409390408,"59.5,65.5,69,70,71,69.5",17.0,60.97,76.92,JiaXipera МM1060Y,18,1
408,408100252149409310408,"59,63,66,67.5,68.5,69.5,69,69.5",17.3,61.33,77.27,JiaXipera МM1060Y,18,1
408,408100252149717360408,"59.5,65,66,67.5,68,69.5,70,69",19.4,63.83,79.73,JiaXipera МM1060Y,18,1
408,408100252149406110408,"61,65,68.5,69,68.5,70.5,71.5,69.5",17.3,61.33,77.27,JiaXipera МM1060Y,18,1
408,408100252149410470408,"60,63,64.5,65,66.5,67,68,67",16.7,60.61,76.57,JiaXipera МM1060Y,18,1
408,408100252149534810408,"60,65,65.5,67.5,70,71,71.5,72",18.3,62.52,78.44,JiaXipera МM1060Y,18,1
408,408100252149409250408,"60,63.5,66,67.5,69,70,70.5,69.5",17.6,61.69,77.62,JiaXipera МM1060Y,18,1
408,408100252149411360408,"61,67.5,69,70.5,71,72,73,72",18.8,63.12,79.03,JiaXipera МM1060Y,18,1
408,408100252149409200408,"60,62,63,66,67,67.5,68.5,69,68.5,68",17.5,61.57,77.51,JiaXipera МM1060Y,18,1
408,408100252149677140408,"61,65.5,67.5,69.5,70.5,72,71.5",18.2,62.4,78.32,JiaXipera МM1060Y,18,1
408,408100252149409180408,"59,65,67.5,69,68",17.6,61.69,77.62,JiaXipera МM1060Y,18,1
408,408100252149409130408,"61.5,63.5,64.5,67.5,70,69.5,71.5,72",17.7,61.81,77.74,JiaXipera МM1060Y,18,1
408,408100252149804640408,"70.5,71,72.5,74,74.5,75.5,76.5,77.5,78,77.5",24.1,69.44,85.22,JiaXipera МM1060Y,18,1
408,408100252149535430408,"61,66.5,68,69.5,70,71.5,72,70",18.1,62.28,78.21,JiaXipera МM1060Y,18,1
408,408100252149410430408,"60.5,65.5,67,67.5,68,69,67",16.8,60.73,76.69,JiaXipera МM1060Y,18,1
408,408100252149407640408,"62.5,66.5,69.5,71,73,73.5,73",18.9,63.24,79.14,JiaXipera МM1060Y,18,1
408,408100252149409600408,"61,67,68.5,70.5,69.5,71,71.5,70.5",17.3,61.33,77.27,JiaXipera МM1060Y,18,1
408,408100252149409120408,"62,65.5,68,69,70.5,71",17.8,61.92,77.86,JiaXipera МM1060Y,18,1
408,408100252149805610408,"64.5,67,68.5,69,73,74,76,75,75.5",21.2,65.98,81.83,JiaXipera МM1060Y,18,1
408,408100252149720870408,"65,69,71.5,72.5,74.5,75.5,76,74.5",19.7,64.19,80.08,JiaXipera МM1060Y,18,1
408,408100252149409110408,"60,65.5,67.5,69.5,70.5,71,72,71.5",17.8,61.92,77.86,JiaXipera МM1060Y,18,1
408,408100252149533940408,"58,60,61.5,62,63.5,64,65.5,65",14.1,57.51,73.53,JiaXipera МM1060Y,18,1
408,408100252149409030408,"59,63.5,65,66.5,68,71,71.5,70",17.2,61.21,77.16,JiaXipera МM1060Y,18,1
408,408100252149409010408,"56.5,61,63,64,66.5,67,68,68.5",17.2,61.21,77.16,JiaXipera МM1060Y,18,1
408,408100252149408980408,"58.5,63,65,65.5,66.5,67.5,68.5,69,68.5,69",17.2,61.21,77.16,JiaXipera МM1060Y,18,1
408,408100252149720760408,"59,64.5,67,68,69,70.5,71,71.5,72,72.5,73,72.5",17.5,61.57,77.51,JiaXipera МM1060Y,18,1
408,408100252149408920408,"58.5,66.5,67,68.5,69,71,71.5,70.5",17.3,61.33,77.27,JiaXipera МM1060Y,18,1
408,408100252149408900408,"57,62,64,65.5,66.5,67,68,67.5",17.4,61.45,77.39,JiaXipera МM1060Y,18,1
408,408100252149719400408,"60.5,66.5,69.5,70.5,71.5,73,71.5",18.7,63.0,78.91,JiaXipera МM1060Y,18,1
408,408100252149410830408,"58.5,64,65,67,68,69,67.5",19.3,63.71,79.61,JiaXipera МM1060Y,18,1
408,408100252149677800408,"59,65,66.5,67.5,68.5,72.5,71.5,70.5",15.2,58.82,74.82,JiaXipera МM1060Y,18,1
408,408100252149409350408,"60,65.5,67,68,69,68.5,69,69.5,70,69.5",17.1,61.09,77.04,JiaXipera МM1060Y,18,1
408,408100252149407560408,"61.5,66,68,69.5,71,71.5,72.5,70.5",19.5,63.95,79.84,JiaXipera МM1060Y,18,1
408,408100252149408860408,"59,63.5,64.5,65,66.5,67,68,67",17.5,61.57,77.51,JiaXipera МM1060Y,18,1
408,408100252149408780408,"63.5,66.5,68.5,69.5,69.5",17.7,61.81,77.74,JiaXipera МM1060Y,18,1
408,408100252149338830408,"56,61,62.5,65.5,66,66.5,67.5,65.5",15.9,59.66,75.64,JiaXipera МM1060Y,18,1
408,408100252149411010408,"59,64.5,66,67.5,71.5,70.5,71.5,71",19.3,63.71,79.61,JiaXipera МM1060Y,18,1
408,408100252149408840408,"59.5,65,67.5,69,69.5,71,70",17.7,61.81,77.74,JiaXipera МM1060Y,18,1
408,408100252149718510408,"59,66,68.5,69.5,70.5,71,71.5",18.2,62.4,78.32,JiaXipera МM1060Y,18,1
408,408100252149410560408,"58,64.5,65.5,65,66,66.5,68,69,68.5,68",16.5,60.37,76.34,JiaXipera МM1060Y,18,1
408,408100252149408820408,"59.5,65,68,70,69.5,71,71.5,71",17.7,61.81,77.74,JiaXipera МM1060Y,18,1
408,408100252149407770408,"55,59.5,61.5,64.5,65,67,67.5,67,68.5,69.5,68.5",18.6,62.88,78.79,JiaXipera МM1060Y,18,1
408,408100252149406010408,"59.5,65,68,68.5,69,70,69",17.4,61.45,77.39,JiaXipera МM1060Y,18,1
408,408100252149408800408,"57.5,62.5,64.5,65,67,68,68.5",17.7,61.81,77.74,JiaXipera МM1060Y,18,1
408,408100252149408750408,"59,63,64,65.5,66.5,68,69,69.5",17.8,61.92,77.86,JiaXipera МM1060Y,18,1
408,408100252149408720408,"59,63,66,68,69.5,70.5,71,69.5,70.5,69.5",17.9,62.04,77.97,JiaXipera МM1060Y,18,1
408,408100252149720200408,"61,66,69,70.5,71.5,70.5,71,68.5",19.3,63.71,79.61,JiaXipera МM1060Y,18,1
408,408100252149408870408,"61,65,67.5,68.5,69,70,70.5,69.5",17.5,61.57,77.51,JiaXipera МM1060Y,18,1
408,408100252149534410408,"59,63.5,65.5,67,68.5,69.5,70.5,69.5",18.4,62.64,78.56,JiaXipera МM1060Y,18,1
408,408100252149408670408,"60.5,66.5,68,69,69.5,71,71.5,70.5,70",18.1,62.28,78.21,JiaXipera МM1060Y,18,1
408,408100252149718440408,"61,62.5,65,67,68,68.5,70.5,70,70.5,70,71,70.5",18.2,62.4,78.32,JiaXipera МM1060Y,18,1
408,408100252149407890408,"61.5,65,67,68,69,68.5,69,68.5",18.9,63.24,79.14,JiaXipera МM1060Y,18,1
408,408100252149338500408,"57,61,62.5,63,64,64.5,65.5,66",16.9,60.85,76.81,JiaXipera МM1060Y,18,1
408,408100252149408630408,"55,60.5,61.5,63.5,64.5,65.5,67.5,66",18.1,62.28,78.21,JiaXipera МM1060Y,18,1
408,408100252149678680408,"55.5,60,62.5,62,63,64,65,64.5",14.8,58.35,74.35,JiaXipera МM1060Y,18,1
408,408100252149408580408,"57,61.5,63.5,66.5,67,69,70,69.5",17.3,61.33,77.27,JiaXipera МM1060Y,18,1
408,408100252149408570408,"56,63,65,66.5,67.5,68,68.5,68",17.3,61.33,77.27,JiaXipera МM1060Y,18,1
408,408100252149408550408,"58.5,63.5,65,65.5,67.5,68,68.5",17.3,61.33,77.27,JiaXipera МM1060Y,18,1
408,408100252149718400408,"62,67,69,70.5,71.5,72,72.5,71.5,72.5",18.5,62.76,78.67,JiaXipera МM1060Y,18,1
408,408100252149718390408,"60.5,65,66.5,67,69.5,71.5,72.5,71",18.5,62.76,78.67,JiaXipera МM1060Y,18,1
408,408100252149411920408,"57.5,63,64,67.5,68,69,70,69.5",18.0,62.16,78.09,JiaXipera МM1060Y,18,1
408,408100252149408590408,"55.5,62.5,65,65.5,66,67,67.5,69.5,69",17.3,61.33,77.27,JiaXipera МM1060Y,18,1
408,408100252149410480408,"58.5,62.5,63.5,65,65.5,66,67.5,66.5",16.6,60.49,76.46,JiaXipera МM1060Y,18,1
408,408100252149676670408,"63,65,68.5,70.5,72,71.5,70.5,71.5,70,68",16.7,60.61,76.57,JiaXipera МM1060Y,18,1
408,408100252149410100408,"61,65,66,67.5,67,68,69,69.5",16.9,60.85,76.81,JiaXipera МM1060Y,18,1
408,408100252149408320408,"60,66,68,68.5,70,70.5,71,70.5",18.2,62.4,78.32,JiaXipera МM1060Y,18,1
408,408100252149410880408,"58,63.5,66.5,67.5,69,70,71,70",19.3,63.71,79.61,JiaXipera МM1060Y,18,1
408,408100252149676690408,"59,65,67.5,69,70,70.5,69.5",16.5,60.37,76.34,JiaXipera МM1060Y,18,1
408,408100252149676800408,"56.5,63,65,66.5,67,67.5,67",16.3,60.14,76.1,JiaXipera МM1060Y,18,1
408,408100252149676590408,"64,67.5,68.5,69,70,71,70.5",17.6,61.69,77.62,JiaXipera МM1060Y,18,1
408,408100252149719390408,"54,59,63,64.5,65.5,66.5,67.5,66.5",15.7,59.42,75.4,JiaXipera МM1060Y,18,1
408,408100252149717670408,"64,69.5,71,72.5,73.5,74.5,75,74.5",19.9,64.43,80.31,JiaXipera МM1060Y,18,1
408,408100252149408290408,"59,64,65,66,67.5,68.5,67",18.3,62.52,78.44,JiaXipera МM1060Y,18,1
408,408100252149408280408,"56.5,61.5,62.5,64.5,67.5,68,67",18.2,62.4,78.32,JiaXipera МM1060Y,18,1
408,408100252149534860408,"60,65,67.5,69,71,69.5",18.1,62.28,78.21,JiaXipera МM1060Y,18,1
408,408100252149408250408,"59,63.5,66.5,67,68,69.5,68.5",18.4,62.64,78.56,JiaXipera МM1060Y,18,1
408,408100252149676810408,"61,66,69.5,70.5,71,71.5,72,71.5",17.8,61.92,77.86,JiaXipera МM1060Y,18,1
408,408100252149408240408,"60.5,66,69.5,70.5,71.5,74.5,71.5,71",18.4,62.64,78.56,JiaXipera МM1060Y,18,1
408,408100252149408180408,"60.5,66,67.5,69,70.5,72,71",18.2,62.4,78.32,JiaXipera МM1060Y,18,1
408,408100252149676250408,"59,65,69,70.5,72.5,74,75,74",18.3,62.52,78.44,JiaXipera МM1060Y,18,1
408,408100252149718640408,"62,64.5,65.5,66.5,68,68.5,70.5,70",17.3,61.33,77.27,JiaXipera МM1060Y,18,1
408,408100252149677030408,"57.5,63.5,65.5,67,66,67,66",15.9,59.66,75.64,JiaXipera МM1060Y,18,1
408,408100252149678000408,"59,62,63.5,66,66.5,67.5,68",16.0,59.78,75.75,JiaXipera МM1060Y,18,1
408,408100252149805780408,"62,66.5,69,70.5,72,73,73.5,72.5",20.7,65.38,81.24,JiaXipera МM1060Y,18,1
408,408100252149409630408,"55.5,62.5,64,64.5,67,68,67.5",17.2,61.21,77.16,JiaXipera МM1060Y,18,1
408,408100252149408140408,"61,64,67.5,69.5,69,69.5",18.1,62.28,78.21,JiaXipera МM1060Y,18,1
408,408100252149408130408,"62,65,66.5,70.5,72,71.5,72.5",18.2,62.4,78.32,JiaXipera МM1060Y,18,1
408,408100252149408120408,"60.5,65,67.5,69,69.5,70.5,68.5",18.2,62.4,78.32,JiaXipera МM1060Y,18,1
408,408100252149410420408,"58.5,63.5,65,67,68,67",16.8,60.73,76.69,JiaXipera МM1060Y,18,1
408,408100252149678420408,"57.5,63.5,66.5,67,69.5,69,67.5",15.4,59.06,75.05,JiaXipera МM1060Y,18,1
408,408100252149408060408,"61.5,66.5,68,70.5,71.5,72,71.5",18.5,62.76,78.67,JiaXipera МM1060Y,18,1
408,408100252149410090408,"61,66,68,69,68.5,70,68.5",17.0,60.97,76.92,JiaXipera МM1060Y,18,1
408,408100252149407620408,"57.5,62.5,66,67.5,69,70.5,68.5",20.4,65.02,80.89,JiaXipera МM1060Y,18,1
408,408100252149718670408,"62,68,71,71.5,71,70.5,70,70.5,71,70.5",17.3,61.33,77.27,JiaXipera МM1060Y,18,1
408,408100252149408050408,"60,65,66.5,67,70.5,71.5,70.5,71,72",18.5,62.76,78.67,JiaXipera МM1060Y,18,1
408,408100252149409290408,"58,65,69,68.5,70,69.5,68.5,69.5",17.4,61.45,77.39,JiaXipera МM1060Y,18,1
408,408100252149677460408,"60.5,65,67.5,69.5,70,71,71.5,71",15.9,59.66,75.64,JiaXipera МM1060Y,18,1
408,408100252149407930408,"61.5,66.5,67,68.5,69.5,71,70,69.5",18.7,63.0,78.91,JiaXipera МM1060Y,18,1
408,408100252149407910408,"55.5,61.5,63.5,64,65.5,66.5,67.5,66.5,67.5",18.9,63.24,79.14,JiaXipera МM1060Y,18,1
408,408100252149804210408,"63.5,67.5,69,70.5,72,73.5,73,72.5,73",20.2,64.79,80.66,JiaXipera МM1060Y,18,1
408,408100252149338670408,"60,64.5,66,66.5,68,67.5,66",16.1,59.9,75.87,JiaXipera МM1060Y,18,1
408,408100252149717410408,"60.5,66.5,70,71,72,74,73.5",19.3,63.71,79.61,JiaXipera МM1060Y,18,1
408,408100252149409800408,"56.5,64,64.5,65.5,66.5,65.5",17.2,61.21,77.16,JiaXipera МM1060Y,18,1
408,408100252149407870408,"64.5,66,66.5,68,70.5,72,72.5,71.5",19.0,63.36,79.26,JiaXipera МM1060Y,18,1
408,408100252149407680408,"61,66.5,68,69,70,70.5,69",18.6,62.88,78.79,JiaXipera МM1060Y,18,1
408,408100252149534530408,"61,66,69,71,71.5,71,72,71",18.3,62.52,78.44,JiaXipera МM1060Y,18,1
408,408100252149805380408,"62.5,65,69,70.5,73.5,75,76,77.5,77",21.6,66.46,82.3,JiaXipera МM1060Y,18,1
408,408100252149534730408,"61.5,66.5,69,70.5,71.5,72,73.5,72",18.6,62.88,78.79,JiaXipera МM1060Y,18,1
408,408100252149720250408,"54.5,59.5,62,63.5,64.5,65,66.5,66",19.2,63.59,79.49,JiaXipera МM1060Y,18,1
408,408100252149407830408,"55,57,61.5,63.5,65.5,66.5,68,69,68,67.5",18.6,62.88,78.79,JiaXipera МM1060Y,18,1
408,408100252149534340408,"61.5,68,69.5,71,72.5,73,73.5,72",18.5,62.76,78.67,JiaXipera МM1060Y,18,1
408,408100252149677820408,"60.5,65.5,67,68,69.5,70,70.5,71,71.5,71",15.1,58.7,74.7,JiaXipera МM1060Y,18,1
408,408100252149804670408,"66.5,75,76.5,77.5,78.5,78,79.5,77.5",24.0,69.32,85.1,JiaXipera МM1060Y,18,1
408,408100252149407790408,"60.5,66.5,68.5,69.5,70,71,69.5",18.6,62.88,78.79,JiaXipera МM1060Y,18,1
408,408100252149407760408,"63.5,67,68.5,71,72,71,72,71.5",18.6,62.88,78.79,JiaXipera МM1060Y,18,1
408,408100252149534470408,"59,65,67.5,68,69.5,70,70.5,69.5",18.4,62.64,78.56,JiaXipera МM1060Y,18,1
408,408100252149720810408,"61,66.5,70,71,73.5,74,75,74",20.0,64.55,80.43,JiaXipera МM1060Y,18,1
408,408100252149338420408,"60,64.5,66.5,67.5,69,68",17.2,61.21,77.16,JiaXipera МM1060Y,18,1
408,408100252149718470408,"59,65,65.5,69.5,69,70,69.5,70,70.5",18.2,62.4,78.32,JiaXipera МM1060Y,18,1
408,408100252149408310408,"59,62,64,64.5,65.5,66.5,67.5,68,67.5,69.5",18.1,62.28,78.21,JiaXipera МM1060Y,18,1
408,408100252149407080408,"62,65.5,67.5,69.5,70.5,71.5,72.5,73,72.5",19.1,63.47,79.38,JiaXipera МM1060Y,18,1
408,408100252149717880408,"61.5,66,67,69,70,71,72.5,73,73.5,73,73.5",20.4,65.02,80.89,JiaXipera МM1060Y,18,1
408,408100252149410940408,"59,64,66,67,68,68.5,68",19.2,63.59,79.49,JiaXipera МM1060Y,18,1
408,408100252149409740408,"59.5,63,65.5,66,66.5,67,67.5,67",17.2,61.21,77.16,JiaXipera МM1060Y,18,1
408,408100252149676550408,"57,65,67,68.5,69,69.5,70.5,69",17.1,61.09,77.04,JiaXipera МM1060Y,18,1
408,408100252149805360408,"62.5,68.5,70.5,72,72.5,74.5,76,73.5,74.5",21.5,66.34,82.18,JiaXipera МM1060Y,18,1
408,408100252149408990408,"58,63,64,64.5,66,66.5,66,68",17.3,61.33,77.27,JiaXipera МM1060Y,18,1
408,408100252149407740408,"62.5,66,67.5,69,69.5,70,69.5,70.5,69",18.6,62.88,78.79,JiaXipera МM1060Y,18,1
408,408100252149410120408,"57.5,62.5,64.5,66,67,69,68,67.5",16.8,60.73,76.69,JiaXipera МM1060Y,18,1
408,408100252149676740408,"58.5,64,66,67,68,69,69.5,68.5",16.4,60.26,76.22,JiaXipera МM1060Y,18,1
408,408100252149720920408,"59.5,67.5,70,72.5,73,73.5,74,72.5",19.6,64.07,79.96,JiaXipera МM1060Y,18,1
408,408100252149719740408,"58.5,63,66.5,68,69.5,68.5,70,69.5",18.1,62.28,78.21,JiaXipera МM1060Y,18,1
408,408100252149407730408,"62.5,66,68.5,69,70,71,71.5,73",18.6,62.88,78.79,JiaXipera МM1060Y,18,1
408,408100252149406280408,"60,64,67,68,69.5,70.5,71,70",17.2,61.21,77.16,JiaXipera МM1060Y,18,1
408,408100252149407720408,"59,64.5,66,67.5,68,68.5,69,68",18.7,63.0,78.91,JiaXipera МM1060Y,18,1
408,408100252149411600408,"58.5,63.5,65.5,66.5,67,70,67.5",18.3,62.52,78.44,JiaXipera МM1060Y,18,1
408,408100252149407700408,"60.5,64.5,66.5,67.5,69.5,70,71.5,71",18.7,63.0,78.91,JiaXipera МM1060Y,18,1
408,408100252149410460408,"61,65.5,66.5,67,67.5,68,69.5,67.5",16.7,60.61,76.57,JiaXipera МM1060Y,18,1
408,408100252149805400408,"60,63.5,68,71.5,72.5,74.5,75,76,76.5",21.5,66.34,82.18,JiaXipera МM1060Y,18,1
408,408100252149407690408,"60.5,68.5,71.5,72.5,73.5,72.5,72",18.7,63.0,78.91,JiaXipera МM1060Y,18,1
408,408100252149409730408,"61,65,67,68.5,69,70,71,69",17.3,61.33,77.27,JiaXipera МM1060Y,18,1
408,408100252149719620408,"60.5,62.5,66,67,69,71,71.5,70.5",18.0,62.16,78.09,JiaXipera МM1060Y,18,1
408,408100252149406250408,"59,64.5,66.5,67.5,68.5,69.5,70,69.5",17.0,60.97,76.92,JiaXipera МM1060Y,18,1
408,408100252149408040408,"60,65.5,67.5,69,70.5,71,70.5",18.6,62.88,78.79,JiaXipera МM1060Y,18,1
408,408100252149717610408,"68.5,71,73,74,75,75.5,73.5,74.5,73",20.0,64.55,80.43,JiaXipera МM1060Y,18,1
408,408100252149407660408,"63,66,68.5,69.5,71,71.5,70.5",18.6,62.88,78.79,JiaXipera МM1060Y,18,1
408,408100252149407610408,"64,68.5,70.5,71.5,73.5,72",18.8,63.12,79.03,JiaXipera МM1060Y,18,1
408,408100252149406380408,"56.5,62,64,65.5,66.5,67,66",16.9,60.85,76.81,JiaXipera МM1060Y,18,1
408,408100252149408520408,"59.5,64.5,65.5,66.5,67.5,69,69.5,69,68.5",17.4,61.45,77.39,JiaXipera МM1060Y,18,1
408,408100252149407570408,"58,64,65,67,69,70.5,69.5",19.0,63.36,79.26,JiaXipera МM1060Y,18,1
408,408100252149719790408,"57.5,64.5,66.5,67,69,71,70.5,71.5,70.5",18.3,62.52,78.44,JiaXipera МM1060Y,18,1
408,408100252149410400408,"61,64.5,67.5,68,69,69.5,67.5",16.9,60.85,76.81,JiaXipera МM1060Y,18,1
408,408100252149409320408,"60.5,65,66.5,67.5,69.5,69,69.5,70,71",17.3,61.33,77.27,JiaXipera МM1060Y,18,1
408,408100252149408370408,"58,62.5,64,66,67.5,68,69,68.5",17.9,62.04,77.97,JiaXipera МM1060Y,18,1
408,408100252149409890408,"54.5,61,63.5,65,64.5,66,67,67.5",17.0,60.97,76.92,JiaXipera МM1060Y,18,1
408,408100252149407410408,"61,66.5,67.5,68,69.5,70,69.5",19.3,63.71,79.61,JiaXipera МM1060Y,18,1
408,408100252149411640408,"58.5,64.5,67,68.5,69,70,70.5,70",18.5,62.76,78.67,JiaXipera МM1060Y,18,1
408,408100252149534760408,"61.5,68.5,69,71.5,72.5,73,73.5,72",18.5,62.76,78.67,JiaXipera МM1060Y,18,1
408,408100252149340650408,"59.5,62.5,66.5,67,66.5,67.5,66.5",16.0,59.78,75.75,JiaXipera МM1060Y,18,1
408,408100252149406390408,"57.5,61.5,63.5,66,65,66,68,67",16.9,60.85,76.81,JiaXipera МM1060Y,18,1
408,408100252149406170408,"58.5,64,67,68,69.5,70.5,70",17.7,61.81,77.74,JiaXipera МM1060Y,18,1
408,408100252149718120408,"63,67.5,70.5,72.5,73.5,74.5,75.5",19.8,64.31,80.19,JiaXipera МM1060Y,18,1
408,408100252149805290408,"59,64,67,69.5,71,71.5,73,75",21.6,66.46,82.3,JiaXipera МM1060Y,18,1
408,408100252149410080408,"58,61.5,64,65,66,67,66.5",16.9,60.85,76.81,JiaXipera МM1060Y,18,1
408,408100252149533970408,"56.5,60,61.5,63,65,64,65,64",14.0,57.39,73.42,JiaXipera МM1060Y,18,1
408,408100252149677180408,"60.5,66,69.5,71,73.5,75.5,76,75.5",20.1,64.67,80.54,JiaXipera МM1060Y,18,1
408,408100252149408070408,"59,64,68,69,70,70.5,70",18.5,62.76,78.67,JiaXipera МM1060Y,18,1
408,408100252149339850408,"63,67.5,68.5,69.5,70.5,71.5,70.5",15.5,59.18,75.17,JiaXipera МM1060Y,18,1
408,408100252149717550408,"61,67,69.5,71,72,73.5,74,73",20.0,64.55,80.43,JiaXipera МM1060Y,18,1
408,408100252149338520408,"58,63.5,64,65.5,66.5,67.5,67",16.8,60.73,76.69,JiaXipera МM1060Y,18,1
408,408100252149340230408,"60.5,65,68,68.5,69.5,70.5,71.5,70",14.7,58.23,74.24,JiaXipera МM1060Y,18,1
408,408100252149717600408,"62,70,72,73,74,76,73.5,74,74.5",20.0,64.55,80.43,JiaXipera МM1060Y,18,1
408,408100252149720240408,"57,63.5,65.5,67,68.5,71,72,71.5",19.3,63.71,79.61,JiaXipera МM1060Y,18,1
408,408100252149339140408,"56,61.5,63.5,64.5,66,68,69.5,68.5",14.3,57.75,73.77,JiaXipera МM1060Y,18,1
408,408100252149340080408,"61.5,69,70,71.5,71,72,70",14.5,57.99,74.0,JiaXipera МM1060Y,18,1
408,408100252149535600408,"59.5,64.5,66.5,68.5,69,70,71.5,70.5",17.4,61.45,77.39,JiaXipera МM1060Y,18,1
408,408100252149408080408,"60,65.5,68,69,70,70.5,71",18.5,62.76,78.67,JiaXipera МM1060Y,18,1
408,408100252149409420408,"59.5,65,67.5,68.5,69,69.5,70.5,71",17.3,61.33,77.27,JiaXipera МM1060Y,18,1
408,408100252149340060408,"62.5,64.5,67,68.5,69.5,71.5,70",17.2,61.21,77.16,JiaXipera МM1060Y,18,1
408,408100252149407530408,"60,65,66,67.5,68,69.5,69,70,69.5,70,70.5",19.3,63.71,79.61,JiaXipera МM1060Y,18,1
408,408100252149409430408,"61.5,65,67.5,68.5,70.5,71,72,70",16.9,60.85,76.81,JiaXipera МM1060Y,18,1
408,408100252149340610408,"61,67.5,69,70.5,71,71.5,70.5",14.8,58.35,74.35,JiaXipera МM1060Y,18,1
408,408100252149407940408,"62,64,65,65.5,66.5,67,68,68.5,70,69.5",18.6,62.88,78.79,JiaXipera МM1060Y,18,1
408,408100252149409640408,"59,67,67.5,69,70,69.5,68.5",17.2,61.21,77.16,JiaXipera МM1060Y,18,1
408,408100252149721010408,"59,67,68,70,71,72,73.5,72.5",18.6,62.88,78.79,JiaXipera МM1060Y,18,1
408,408100252149409440408,"54,59.5,61,63,64,64.5,65,65.5",16.9,60.85,76.81,JiaXipera МM1060Y,18,1
408,408100252149804340408,"59.5,62,65.5,66.5,67.5,69,72,72.5,71,71.5",20.2,64.79,80.66,JiaXipera МM1060Y,18,1
408,408100252149407600408,"62.5,67,69,70.5,71,70.5",18.8,63.12,79.03,JiaXipera МM1060Y,18,1
408,408100252149406880408,"62,67,68.5,70,71,71.5,72.5,72",19.1,63.47,79.38,JiaXipera МM1060Y,18,1
408,408100252149408480408,"58,64,66,67,68,69,68",17.5,61.57,77.51,JiaXipera МM1060Y,18,1
408,408100252149408260408,"60,65,68,68.5,70,70.5,72.5,71.5",18.3,62.52,78.44,JiaXipera МM1060Y,18,1
408,408100252149339920408,"61,65.5,67.5,69.5,70,70.5,72,71",15.1,58.7,74.7,JiaXipera МM1060Y,18,1
408,408100252149408430408,"60,64.5,66.5,67.5,68,69.5,68",17.7,61.81,77.74,JiaXipera МM1060Y,18,1
408,408100252149339900408,"61,68.5,68,70,70.5,71.5,70",15.2,58.82,74.82,JiaXipera МM1060Y,18,1
408,408100252149339910408,"62,66.5,67.5,68.5,69.5,70.5,72,70",15.6,59.3,75.29,JiaXipera МM1060Y,18,1
408,408100252149409820408,"58,64,65.5,66.5,66,67",17.2,61.21,77.16,JiaXipera МM1060Y,18,1
408,408100252149719770408,"61,66.5,67.5,68.5,69.5,70.5,71,68.5",18.3,62.52,78.44,JiaXipera МM1060Y,18,1
408,408100252149676540408,"57.5,62.5,64,65.5,66.5,67.5,69,68",17.4,61.45,77.39,JiaXipera МM1060Y,18,1
408,408100252149717270408,"63,67,69,70.5,72,74,74.5,75,74.5,75,74.5",19.7,64.19,80.08,JiaXipera МM1060Y,18,1
408,408100252149407460408,"60.5,65.5,66.5,68.5,69,71,72,70",18.6,62.88,78.79,JiaXipera МM1060Y,18,1
408,408100252149338990408,"61,68,70.5,71,73,71.5,72,71",14.8,58.35,74.35,JiaXipera МM1060Y,18,1
408,408100252149340910408,"60,64.5,67,68,68.5,69,70,68.5",16.3,60.14,76.1,JiaXipera МM1060Y,18,1
408,408100252149409610408,"58.5,64,65.5,67,67.5,68,66",17.3,61.33,77.27,JiaXipera МM1060Y,18,1
408,408100252149805030408,"59,63.5,66.5,68.5,72.5,73,74,74.5",22.6,67.65,83.46,JiaXipera МM1060Y,18,1
408,408100252149721040408,"58.5,65,68,69.5,70,70.5,71,70.5",18.5,62.76,78.67,JiaXipera МM1060Y,18,1
408,408100252149406290408,"57.5,62.5,64.5,65.5,66.5,67,66.5",16.9,60.85,76.81,JiaXipera МM1060Y,18,1
408,408100252149338680408,"61.5,64.5,65.5,66.5,67.5,65.5",16.6,60.49,76.46,JiaXipera МM1060Y,18,1
408,408100252149407330408,"57.5,63,64,65.5,66,67,67.5,69,69.5,69",18.6,62.88,78.79,JiaXipera МM1060Y,18,1
408,408100252149411110408,"57.5,62.5,64.5,66.5,67,68.5,70,68.5",19.2,63.59,79.49,JiaXipera МM1060Y,18,1
408,408100252149338720408,"56.5,61.5,63,64,65,66,68,66",17.1,61.09,77.04,JiaXipera МM1060Y,18,1
408,408100252149339460408,"62,66.5,67.5,68.5,70.5,69,71.5,68.5",15.3,58.94,74.94,JiaXipera МM1060Y,18,1
408,408100252149677130408,"61,65.5,65,68.5,70,69,72.5,73.5,73,73.5",18.3,62.52,78.44,JiaXipera МM1060Y,18,1
408,408100252149409100408,"61,65,67.5,68,69.5,68.5,70,68.5",17.9,62.04,77.97,JiaXipera МM1060Y,18,1
408,408100252149339440408,"62.5,67,70,70.5,71.5,72,72.5",14.6,58.11,74.12,JiaXipera МM1060Y,18,1
408,408100252149677610408,"62,66.5,68.5,68,69.5,69,68.5,70",15.3,58.94,74.94,JiaXipera МM1060Y,18,1
408,408100252149339420408,"66.5,71.5,72,73,74,74.5,72.5",15.1,58.7,74.7,JiaXipera МM1060Y,18,1
408,408100252149720060408,"58.5,70,71.5,72,72.5,69.5",19.6,64.07,79.96,JiaXipera МM1060Y,18,1
408,408100252149411870408,"57,62,63.5,65,66,66.5,67.5,66.5",18.4,62.64,78.56,JiaXipera МM1060Y,18,1
408,408100252149678250408,"58.5,65,66,67.5,68.5,69.5,68",15.6,59.3,75.29,JiaXipera МM1060Y,18,1
408,408100252149339350408,"63,67,69.5,70.5,72,70.5",14.6,58.11,74.12,JiaXipera МM1060Y,18,1
408,408100252149409230408,"61,66.5,68,69.5,70,71,69",17.5,61.57,77.51,JiaXipera МM1060Y,18,1
408,408100252149407130408,"63,66,69,69.5,71.5,72,73.5,74,73.5",19.0,63.36,79.26,JiaXipera МM1060Y,18,1
408,408100252149339100408,"58.5,63,65,66,67,67.5,69.5,68.5",14.3,57.75,73.77,JiaXipera МM1060Y,18,1
408,408100252149406780408,"61,66.5,69,70.5,72,72.5,73,72",19.2,63.59,79.49,JiaXipera МM1060Y,18,1
408,408100252149411460408,"62.5,68,70,72,72.5,73,71",18.7,63.0,78.91,JiaXipera МM1060Y,18,1
408,408100252149340160408,"61.5,66,68,69.5,71,71.5,69",14.4,57.87,73.89,JiaXipera МM1060Y,18,1
408,408100252149409150408,"59,65,66.5,68,69.5,70,70.5",17.7,61.81,77.74,JiaXipera МM1060Y,18,1
408,408100252149339060408,"62,67,69,70.5,71,71.5,70.5",14.7,58.23,74.24,JiaXipera МM1060Y,18,1
408,408100252149406450408,"56,60,63,64,63.5,66,66.5,65.5",16.9,60.85,76.81,JiaXipera МM1060Y,18,1
408,408100252149676450408,"57.5,60.5,62,66,66.5,67.5,69,69.5,70",17.5,61.57,77.51,JiaXipera МM1060Y,18,1
408,408100252149720150408,"59,61.5,63.5,65.5,66.5,67.5,69,70,71.5,70.5",19.4,63.83,79.73,JiaXipera МM1060Y,18,1
408,408100252149408330408,"56.5,61,64,65.5,66.5,67,67.5",18.0,62.16,78.09,JiaXipera МM1060Y,18,1
408,408100252149339030408,"59,64.5,65,66,68,68.5,69.5,68.5",14.9,58.47,74.47,JiaXipera МM1060Y,18,1
408,408100252149339410408,"60.5,68,69.5,70.5,71,72.5,71",14.6,58.11,74.12,JiaXipera МM1060Y,18,1
408,408100252149534080408,"54.5,58,60,61,62,63.5,65,64.5",13.5,56.8,72.83,JiaXipera МM1060Y,18,1
408,408100252149407590408,"61.5,67,69,70,71.5,72.5,71.5",18.9,63.24,79.14,JiaXipera МM1060Y,18,1
408,408100252149676560408,"59,67,68,69.5,71,70,71,70",17.0,60.97,76.92,JiaXipera МM1060Y,18,1
408,408100252149720500408,"60.5,65,67.5,70,70.5,73,72",17.6,61.69,77.62,JiaXipera МM1060Y,18,1
408,408100252149339450408,"62.5,65.5,66,68,69.5,71,69",15.2,58.82,74.82,JiaXipera МM1060Y,18,1
408,408100252149717590408,"66,70.5,73,73.5,75.5,76,75.5,73.5",20.0,64.55,80.43,JiaXipera МM1060Y,18,1
408,408100252149339000408,"63.5,67.5,69,70.5,71.5,71,70,71",15.1,58.7,74.7,JiaXipera МM1060Y,18,1
408,408100252149719010408,"56,62,63.5,65.5,67,67.5,68,66",16.3,60.14,76.1,JiaXipera МM1060Y,18,1
408,408100252149347150408,"59,64,67,67.5,66.5,68.5,69.5,69",17.3,61.33,77.27,JiaXipera МM1060Y,18,1
408,408100252149408960408,"60,66,67.5,68.5,70,69.5",17.2,61.21,77.16,JiaXipera МM1060Y,18,1
408,408100252149338610408,"57,62.5,65,65.5,66.5,69,68,67.5",18.1,62.28,78.21,JiaXipera МM1060Y,18,1
408,408100252149339520408,"63,68,69,69.5,70.5,70",15.5,59.18,75.17,JiaXipera МM1060Y,18,1
408,408100252149410020408,"59,64.5,65,66.5,68.5,69.5,69,68.5",17.1,61.09,77.04,JiaXipera МM1060Y,18,1
408,408100252149338890408,"61,67.5,68.5,69.5,70,70.5,71.5,70",15.6,59.3,75.29,JiaXipera МM1060Y,18,1
408,408100252149805800408,"59.5,67,70,70.5,72.5,74,76,74.5",21.8,66.69,82.53,JiaXipera МM1060Y,18,1
408,408100252149678220408,"56.5,62,63.5,64,65,65.5,68,68.5,68,67.5",15.5,59.18,75.17,JiaXipera МM1060Y,18,1
408,408100252149409580408,"60.5,65,66,67,67.5,68,69,68",17.5,61.57,77.51,JiaXipera МM1060Y,18,1
408,408100252149720880408,"62,68.5,70.5,70,72,72.5,74,75,74.5,76,75,76.5,76,76.5",19.8,64.31,80.19,JiaXipera МM1060Y,18,1
408,408100252149411400408,"64,67.5,69,71,73,71.5,72.5,71.5",18.8,63.12,79.03,JiaXipera МM1060Y,18,1
408,408100252149407540408,"60,65.5,67.5,69,69.5,70,70.5,71,70.5,70",19.3,63.71,79.61,JiaXipera МM1060Y,18,1
408,408100252149804950408,"68,74,75,75.5,76.5,77,77.5,77",22.9,68.01,83.81,JiaXipera МM1060Y,18,1
408,408100252149406120408,"64.5,68.5,70.5,70,68.5",18.3,62.52,78.44,JiaXipera МM1060Y,18,1
408,408100252149338430408,"54,59.5,63,63.5,64,65.5,67,66.5",17.1,61.09,77.04,JiaXipera МM1060Y,18,1
408,408100252149409540408,"58,62.5,63.5,66.5,68,67,69.5,68.5",17.7,61.81,77.74,JiaXipera МM1060Y,18,1
408,408100252149805730408,"63,68,70,72,72.5,73.5,74,75",20.8,65.5,81.36,JiaXipera МM1060Y,18,1
408,408100252149411100408,"59,63.5,69,69.5,70,71,70.5,70",19.3,63.71,79.61,JiaXipera МM1060Y,18,1
408,408100252149407810408,"55.5,63,63.5,64.5,65.5,65,65.5,67",18.6,62.88,78.79,JiaXipera МM1060Y,18,1
408,408100252149721070408,"63,65.5,68.5,71,72.5,73.5,74,75,74.5,72.5,74",18.6,62.88,78.79,JiaXipera МM1060Y,18,1
408,408100252149338600408,"59.5,64,67,66.5,65.5,66.5,67,68",16.8,60.73,76.69,JiaXipera МM1060Y,18,1
408,408100252149408910408,"56,58,61,62.5,64.5,65,66.5,68,68.5,68,70",17.4,61.45,77.39,JiaXipera МM1060Y,18,1
408,408100252149338950408,"54.5,62,63,62.5,63.5,64.5,65,64.5",16.8,60.73,76.69,JiaXipera МM1060Y,18,1
408,408100252149720710408,"56.5,61,63.5,69,68.5,71.5,72.5,73,75.5,75,74.5",20.5,65.14,81.01,JiaXipera МM1060Y,18,1
408,408100252149340630408,"62,67,69,69.5,71,71.5,73.5,73",15.3,58.94,74.94,JiaXipera МM1060Y,18,1
408,408100252149677930408,"61.5,66,67.5,66.5,67.5,68,69,67",16.4,60.26,76.22,JiaXipera МM1060Y,18,1
408,408100252149406410408,"60,66,67,68.5,69.5,68.5,70.5,69.5",16.9,60.85,76.81,JiaXipera МM1060Y,18,1
408,408100252149340850408,"58.5,63.5,65,67,68,68.5,68",17.5,61.57,77.51,JiaXipera МM1060Y,18,1
408,408100252149339160408,"57.5,61.5,65,66,67.5,69.5,69",14.3,57.75,73.77,JiaXipera МM1060Y,18,1
408,408100252149721200408,"61,65.5,67.5,68,70.5,72,73.5,72",17.9,62.04,77.97,JiaXipera МM1060Y,18,1
408,408100252149408830408,"58.5,64.5,67,67.5,68.5,70,70.5,70,69.5,69",17.6,61.69,77.62,JiaXipera МM1060Y,18,1
408,408100252149406810408,"61,67,68,69,71.5,73,72",19.3,63.71,79.61,JiaXipera МM1060Y,18,1
408,408100252149408730408,"58.5,64.5,66,66.5,68,67,68.5,68,68.5,68",17.8,61.92,77.86,JiaXipera МM1060Y,18,1
408,408100252149717860408,"64.5,67.5,69.5,70,71,72,73.5,72",20.4,65.02,80.89,JiaXipera МM1060Y,18,1
408,408100252149409790408,"59.5,64,65.5,66,68.5,67",17.2,61.21,77.16,JiaXipera МM1060Y,18,1
408,408100252149409190408,"59,65,66,66.5,67,68,68.5,69.5,69",17.5,61.57,77.51,JiaXipera МM1060Y,18,1
408,408100252149677950408,"58,63.5,64,65,66.5,68,69,67",16.3,60.14,76.1,JiaXipera МM1060Y,18,1
408,408100252149406580408,"60,66,68,68.5,69.5,70.5,71.5,69.5",17.7,61.81,77.74,JiaXipera МM1060Y,18,1
408,408100252149407160408,"63.5,66,71.5,72,72.5,73,71",19.1,63.47,79.38,JiaXipera МM1060Y,18,1
408,408100252149534120408,"51.5,56.5,58.5,59.5,61,60.5,61.5,62,62.5",13.5,56.8,72.83,JiaXipera МM1060Y,18,1
408,408100252149340890408,"59,66,68.5,69,70,69.5,70,69.5",18.3,62.52,78.44,JiaXipera МM1060Y,18,1
408,408100252149410070408,"58,61.5,64,64.5,65,67,67.5,66",17.0,60.97,76.92,JiaXipera МM1060Y,18,1
408,408100252149534740408,"61,66,69,70.5,71,72,71.5",18.5,62.76,78.67,JiaXipera МM1060Y,18,1
408,408100252149677620408,"62,65.5,67,69,69.5,70,69.5",15.4,59.06,75.05,JiaXipera МM1060Y,18,1
408,408100252149717370408,"62.5,68.5,69,70.5,72,73,73.5,72.5",19.3,63.71,79.61,JiaXipera МM1060Y,18,1
408,408100252149804690408,"62,69.5,70.5,72.5,74.5,76.5,76,77",24.0,69.32,85.1,JiaXipera МM1060Y,18,1
408,408100252149678240408,"57,61.5,64,64.5,66,67,68,67",15.7,59.42,75.4,JiaXipera МM1060Y,18,1
408,408100252149406030408,"61.5,66,70,70.5,72,72.5,73.5,73,72.5",18.1,62.28,78.21,JiaXipera МM1060Y,18,1
408,408100252149406340408,"59,65.5,68,69,68.5,69,69.5,68.5",17.0,60.97,76.92,JiaXipera МM1060Y,18,1
408,408100252149406330408,"60,65.5,68.5,70,70.5,71,68.5",17.0,60.97,76.92,JiaXipera МM1060Y,18,1
408,408100252149406590408,"58,63,65.5,67,68,67,65.5",16.8,60.73,76.69,JiaXipera МM1060Y,18,1
408,408100252149408400408,"58.5,62.5,64.5,65.5,66.5,67,68,68.5,67.5",17.8,61.92,77.86,JiaXipera МM1060Y,18,1
408,408100252149534600408,"55.5,60,63,66,67,69,69.5,69",17.9,62.04,77.97,JiaXipera МM1060Y,18,1
408,408100252149678140408,"59,65.5,67.5,67,68.5,67",15.6,59.3,75.29,JiaXipera МM1060Y,18,1
408,408100252149720960408,"59,65.5,69.5,71,71.5,72.5,73,73.5,75",19.5,63.95,79.84,JiaXipera МM1060Y,18,1
408,408100252149677050408,"55,58.5,62,64.5,65.5,67,67.5,69.5",16.9,60.85,76.81,JiaXipera МM1060Y,18,1
408,408100252149406900408,"62,66,68.5,69.5,71,72,72.5",19.0,63.36,79.26,JiaXipera МM1060Y,18,1
408,408100252149338510408,"55.5,62.5,64.5,66,67,68,68.5,67",17.1,61.09,77.04,JiaXipera МM1060Y,18,1
408,408100252149407170408,"64,68,70,71.5,73,74,71.5",18.9,63.24,79.14,JiaXipera МM1060Y,18,1
408,408100252149406610408,"59,63,65,66,67,68.5,68",17.1,61.09,77.04,JiaXipera МM1060Y,18,1
408,408100252149678650408,"55.5,60,63,65,66.5,66,67,66.5,67,68",14.8,58.35,74.35,JiaXipera МM1060Y,18,1
408,408100252149409000408,"54.5,60,61.5,63.5,64,65,66,65",17.3,61.33,77.27,JiaXipera МM1060Y,18,1
408,408100252149718860408,"60,64.5,65.5,66.5,68.5,69.5,69",16.9,60.85,76.81,JiaXipera МM1060Y,18,1
408,408100252149406560408,"64.5,68,70,71.5,72,73.5,72.5,71.5",17.7,61.81,77.74,JiaXipera МM1060Y,18,1
408,408100252149719090408,"62,65.5,70,71.5,72.5,74,75,74.5",20.2,64.79,80.66,JiaXipera МM1060Y,18,1
408,408100252149718100408,"63,67,67.5,69,70.5,72,72.5,73.5,74.5,73.5",19.8,64.31,80.19,JiaXipera МM1060Y,18,1
408,408100252149340110408,"61,66.5,68,69,70,71.5,70.5",14.8,58.35,74.35,JiaXipera МM1060Y,18,1
408,408100252149338480408,"55.5,61.5,64,65,65.5,66.5,66",17.0,60.97,76.92,JiaXipera МM1060Y,18,1
408,408100252149533690408,"52,58.5,60.5,62,63.5,65.5,63.5,62.5",15.2,58.82,74.82,JiaXipera МM1060Y,18,1
408,408100252149406800408,"63,68,70.5,71.5,72.5,73.5,75,73.5",19.5,63.95,79.84,JiaXipera МM1060Y,18,1
408,408100252149409850408,"62,65.5,67.5,69,67.5,66.5,67.5",17.2,61.21,77.16,JiaXipera МM1060Y,18,1
408,408100252149339870408,"59.5,64,66.5,68,68.5,69,69.5",15.5,59.18,75.17,JiaXipera МM1060Y,18,1
408,408100252149339890408,"58.5,63.5,65,66.5,67,68,69.5,68.5",15.6,59.3,75.29,JiaXipera МM1060Y,18,1
408,408100252149338630408,"61,64.5,66,67,67.5,68",16.6,60.49,76.46,JiaXipera МM1060Y,18,1
408,408100252149804870408,"66,72,76.5,77.5,79,78.5,79,78.5",23.3,68.48,84.28,JiaXipera МM1060Y,18,1
408,408100252149718720408,"63.5,66,70,70.5,72.5,73.5,74.5,73.5",17.1,61.09,77.04,JiaXipera МM1060Y,18,1
408,408100252149534370408,"61,67.5,69,71,71.5,71",18.7,63.0,78.91,JiaXipera МM1060Y,18,1
408,408100252149410290408,"55.5,60,63,64,67,68,67.5",16.5,60.37,76.34,JiaXipera МM1060Y,18,1
408,408100252149338740408,"57.5,60.5,63,63.5,64.5,65.5,64",16.2,60.02,75.99,JiaXipera МM1060Y,18,1
408,408100252149678260408,"59,63.5,66,66.5,67,67.5,67,68.5,69",15.7,59.42,75.4,JiaXipera МM1060Y,18,1
408,408100252149338380408,"61.5,66.5,67.5,68,68.5,68,69,68",18.1,62.28,78.21,JiaXipera МM1060Y,18,1
408,408100252149408690408,"60,65,66.5,68,69,70,70.5,69.5",18.0,62.16,78.09,JiaXipera МM1060Y,18,1
408,408100252149533750408,"55.5,60,62,61.5,63.5,64.5,63.5,64.5",14.6,58.11,74.12,JiaXipera МM1060Y,18,1
408,408100252149409840408,"58,62.5,64,66,67,66,67.5,65.5",17.1,61.09,77.04,JiaXipera МM1060Y,18,1
408,408100252149411060408,"59,64.5,67,68.5,69.5,70.5,71,69.5",19.4,63.83,79.73,JiaXipera МM1060Y,18,1
408,408100252149533770408,"56.5,57,62,64,64.5,65.5,63.5,65,63",14.6,58.11,74.12,JiaXipera МM1060Y,18,1
408,408100252149677150408,"65,70,73,74,75,76.5,74.5",18.2,62.4,78.32,JiaXipera МM1060Y,18,1
408,408100252149717400408,"61,69,70.5,73,75.5,74,73.5,73",21.8,66.69,82.53,JiaXipera МM1060Y,18,1
408,408100252149406220408,"59.5,64,66,68,68.5,69.5,69",17.1,61.09,77.04,JiaXipera МM1060Y,18,1
408,408100252149408460408,"59.5,65,67,68.5,70,71,70.5",17.6,61.69,77.62,JiaXipera МM1060Y,18,1
408,408100252149338350408,"59,64,66.5,67,68.5,69,70.5,70",18.5,62.76,78.67,JiaXipera МM1060Y,18,1
408,408100252149676700408,"59,66.5,68.5,70,69.5,70.5,70",16.5,60.37,76.34,JiaXipera МM1060Y,18,1
408,408100252149678310408,"58,61.5,64,63.5,65,64.5,67.5,65.5",15.7,59.42,75.4,JiaXipera МM1060Y,18,1
408,408100252149407060408,"62.5,68,69.5,71.5,72,71.5",19.2,63.59,79.49,JiaXipera МM1060Y,18,1
408,408100252149340130408,"62,65.5,67.5,70,69.5,70.5,69.5",15.5,59.18,75.17,JiaXipera МM1060Y,18,1
408,408100252149409240408,"62,62.5,63.5,66,67,68,67.5,68.5,69,68.5,70,69,69.5,70,69.5,70,70.5",17.5,61.57,77.51,JiaXipera МM1060Y,18,1
408,408100252149338930408,"61.5,66,67,68,66.5,67.5,68,67.5",16.8,60.73,76.69,JiaXipera МM1060Y,18,1
408,408100252149408010408,"62,66,69,70.5,71,71.5,71",18.6,62.88,78.79,JiaXipera МM1060Y,18,1
408,408100252149805720408,"65,71,72,73,72.5,73.5,72.5",20.9,65.62,81.48,JiaXipera МM1060Y,18,1
408,408100252149406020408,"59.5,63.5,67,69,70,70.5,68",17.4,61.45,77.39,JiaXipera МM1060Y,18,1
408,408100252149407390408,"58,65.5,68,69,69.5,71.5,70",19.4,63.83,79.73,JiaXipera МM1060Y,18,1
408,408100252149406300408,"61,66,68,69,69.5,70,71,69",17.4,61.45,77.39,JiaXipera МM1060Y,18,1
408,408100252149340790408,"60.5,66,68,69,70,69.5,71,70.5,70,70.5",17.5,61.57,77.51,JiaXipera МM1060Y,18,1
408,408100252149534100408,"55.5,59,62,63.5,64,65.5,66.5,64.5",13.4,56.68,72.72,JiaXipera МM1060Y,18,1
408,408100252149720490408,"60.5,67,67.5,69.5,70,71,73.5,72.5",18.2,62.4,78.32,JiaXipera МM1060Y,18,1
408,408100252149409270408,"61.5,67,68,69,70.5,71.5,70.5",17.4,61.45,77.39,JiaXipera МM1060Y,18,1
408,408100252149677520408,"60.5,67,68.5,69.5,70.5,69",15.4,59.06,75.05,JiaXipera МM1060Y,18,1
408,408100252149409400408,"60.5,64.5,68.5,68,68.5,69,69.5,69",16.9,60.85,76.81,JiaXipera МM1060Y,18,1
408,408100252149339170408,"61,64.5,68,69.5,70,70.5,69.5",15.2,58.82,74.82,JiaXipera МM1060Y,18,1
408,408100252149804620408,"66,71.5,73,73.5,74,77,78.5,79,77.5",24.0,69.32,85.1,JiaXipera МM1060Y,18,1
408,408100252149338980408,"64.5,68.5,70.5",15.1,58.7,74.7,JiaXipera МM1060Y,18,1
408,408100252149338540408,"58,64.5,65,66,67.5,66.5",16.8,60.73,76.69,JiaXipera МM1060Y,18,1
408,408100252149339110408,"63.5,70.5,72,73,72.5,71",14.4,57.87,73.89,JiaXipera МM1060Y,18,1
408,408100252149340580408,"62.5,67,69,70,71,72,73.5,72.5",14.6,58.11,74.12,JiaXipera МM1060Y,18,1
408,408100252149534320408,"61.5,68,70.5,71.5,72,72.5,71",18.6,62.88,78.79,JiaXipera МM1060Y,18,1
408,408100252149406950408,"60.5,64.5,66,66.5,68.5,69,69.5,70.5,70,71.5",19.2,63.59,79.49,JiaXipera МM1060Y,18,1
408,408100252149339080408,"60,65.5,68.5,69,70,69.5,71.5,69",14.3,57.75,73.77,JiaXipera МM1060Y,18,1
408,408100252149339430408,"61,66,67,68.5,69.5,70,69",14.4,57.87,73.89,JiaXipera МM1060Y,18,1
408,408100252149409470408,"60.5,62.5,67.5,69.5,69,69.5,68",16.9,60.85,76.81,JiaXipera МM1060Y,18,1
408,408100252149338820408,"61.5,70,71,72.5,72,72.5,72",15.6,59.3,75.29,JiaXipera МM1060Y,18,1
408,408100252149535290408,"60.5,66.5,68.5,70.5,72,70.5",17.8,61.92,77.86,JiaXipera МM1060Y,18,1
408,408100252149677630408,"61,67,68,69.5,68.5,67.5",15.4,59.06,75.05,JiaXipera МM1060Y,18,1
408,408100252149407050408,"65.5,69,68.5,69,70,69.5,70.5,71.5,69.5",19.1,63.47,79.38,JiaXipera МM1060Y,18,1
408,408100252149804740408,"62,65.5,68.5,70,71,74.5,76,76.5",23.8,69.08,84.87,JiaXipera МM1060Y,18,1
408,408100252149717240408,"65.5,72,75,73.5,74,74.5",19.7,64.19,80.08,JiaXipera МM1060Y,18,1
408,408100252149338710408,"56,59.5,61.5,62.5,64.5,64,64.5,63",16.1,59.9,75.87,JiaXipera МM1060Y,18,1
408,408100252149406680408,"60,65,67.5,68.5,70,70.5,71.5,72,71.5",19.4,63.83,79.73,JiaXipera МM1060Y,18,1
408,408100252149411830408,"59.5,64,66,67,69,70,69",18.2,62.4,78.32,JiaXipera МM1060Y,18,1
408,408100252149804450408,"65.5,74.5,76.5,78.5,79,78.5",24.3,69.68,85.45,JiaXipera МM1060Y,18,1
408,408100252149408530408,"58,61,63.5,66,65.5,66,68,67.5,68",17.5,61.57,77.51,JiaXipera МM1060Y,18,1
408,408100252149342750408,"62.5,67.5,70,72.5,73,73.5,73",14.7,58.23,74.24,JiaXipera МM1060Y,18,1
408,408100252149407970408,"59,63,64,66,69,70,70.5,70,72.5",18.9,63.24,79.14,JiaXipera МM1060Y,18,1
408,408100252149338360408,"61,65.5,67,68,69.5,70,70.5,69",18.5,62.76,78.67,JiaXipera МM1060Y,18,1
408,408100252149338650408,"56,61,62.5,64,65,67,65.5",16.2,60.02,75.99,JiaXipera МM1060Y,18,1
408,408100252149409340408,"59.5,64.5,66,68,68.5,69,69.5",17.2,61.21,77.16,JiaXipera МM1060Y,18,1
408,408100252149411020408,"55.5,61,64,65.5,67,68,69.5,68.5",19.4,63.83,79.73,JiaXipera МM1060Y,18,1
408,408100252149534870408,"61,67.5,69,69.5,70.5,69.5",18.1,62.28,78.21,JiaXipera МM1060Y,18,1
408,408100252149677210408,"58.5,62.5,66.5,67.5,69,68,69,68.5,70",14.6,58.11,74.12,JiaXipera МM1060Y,18,1
408,408100252149408950408,"58.5,62.5,65.5,66.5,68.5,68,68.5,69.5,67",17.2,61.21,77.16,JiaXipera МM1060Y,18,1
408,408100252149676890408,"61,64.5,65,69,69.5,70.5,71,71.5",17.8,61.92,77.86,JiaXipera МM1060Y,18,1
408,408100252149717520408,"63.5,69,71,72,73.5,74,74.5,72.5",20.4,65.02,80.89,JiaXipera МM1060Y,18,1
408,408100252149409860408,"60,64.5,67,67.5,68,69,69.5,68",17.1,61.09,77.04,JiaXipera МM1060Y,18,1
408,408100252149340570408,"70,71,73,73.5,74.5,73,72",14.4,57.87,73.89,JiaXipera МM1060Y,18,1
408,408100252149340180408,"64.5,68.5,71,72,72.5,74,74.5,72.5",15.2,58.82,74.82,JiaXipera МM1060Y,18,1
408,408100252149720470408,"63,66,68.5,69,70.5,71,71.5,70,70.5,69",17.7,61.81,77.74,JiaXipera МM1060Y,18,1
408,408100252149533650408,"56,60.5,62,64,65,66,64.5",14.8,58.35,74.35,JiaXipera МM1060Y,18,1
408,408100252149677780408,"56.5,61,65,66,65.5,66,67.5,68.5",15.2,58.82,74.82,JiaXipera МM1060Y,18,1
408,408100252149407090408,"62,67,68,69.5,70,71,70.5,71,72,70",19.2,63.59,79.49,JiaXipera МM1060Y,18,1
408,408100252149338460408,"59.5,64,66,67.5,69.5,67,68.5,67",17.1,61.09,77.04,JiaXipera МM1060Y,18,1
408,408100252149533980408,"58,61.5,63,64,63.5,65,66,65",14.0,57.39,73.42,JiaXipera МM1060Y,18,1
408,408100252149408760408,"60.5,64.5,67.5,68,68.5,70,70.5,69",17.7,61.81,77.74,JiaXipera МM1060Y,18,1
408,408100252149406510408,"58,62,64,65,66,67,67.5,67",16.9,60.85,76.81,JiaXipera МM1060Y,18,1
408,408100252149718810408,"60,64.5,65,68,68.5,69",17.1,61.09,77.04,JiaXipera МM1060Y,18,1
408,408100252149340830408,"59.5,65.5,66.5,67.5,68.5,69,69.5,68.5",18.5,62.76,78.67,JiaXipera МM1060Y,18,1
408,408100252149676460408,"61.5,65.5,68,70,72.5,74,73.5,74,74.5,75,74.5",18.5,62.76,78.67,JiaXipera МM1060Y,18,1
408,408100252149717420408,"59,64.5,66.5,68.5,70,71.5,73",19.1,63.47,79.38,JiaXipera МM1060Y,18,1
408,408100252149338470408,"58.5,62.5,63.5,65.5,66,66.5,67.5,67",17.0,60.97,76.92,JiaXipera МM1060Y,18,1
408,408100252149338370408,"60.5,65.5,66.5,68.5,69.5,71.5,70.5",17.2,61.21,77.16,JiaXipera МM1060Y,18,1
408,408100252149338920408,"57.5,64.5,65.5,67.5,68,67,68,67,67.5",16.3,60.14,76.1,JiaXipera МM1060Y,18,1
408,408100252149409590408,"60,65,67.5,68.5,69,70,71.5,69.5",17.4,61.45,77.39,JiaXipera МM1060Y,18,1
408,408100252149338530408,"63.5,67,67.5,68.5,68.5",17.1,61.09,77.04,JiaXipera МM1060Y,18,1
408,408100252149340600408,"57.5,63,66.5,67,68,70",14.7,58.23,74.24,JiaXipera МM1060Y,18,1
408,408100252149338690408,"59,65.5,68,69,68.5,70.5,71,70.5",18.1,62.28,78.21,JiaXipera МM1060Y,18,1
408,408100252149340590408,"62.5,67,70,71.5,72,73,74,73",15.1,58.7,74.7,JiaXipera МM1060Y,18,1
408,408100252149338880408,"60,66,67,68,69.5,68.5,69.5,68.5",15.5,59.18,75.17,JiaXipera МM1060Y,18,1
408,408100252149409770408,"59.5,66,66.5,69,70,71,69",17.2,61.21,77.16,JiaXipera МM1060Y,18,1
408,408100252149805070408,"70,71,71.5,73,74.5,76,77,76,75.5,76,75",22.5,67.53,83.35,JiaXipera МM1060Y,18,1
408,408100252149407750408,"60,63.5,66,69.5,71.5,72,72.5,73,71",18.7,63.0,78.91,JiaXipera МM1060Y,18,1
408,408100252149407440408,"60,66,67,68,69.5,70,70.5,71.5,72,71.5",19.3,63.71,79.61,JiaXipera МM1060Y,18,1
408,408100252149676860408,"58,64,66.5,68,69.5,70.5,69.5",17.8,61.92,77.86,JiaXipera МM1060Y,18,1
408,408100252149338700408,"59.5,62.5,63.5,65,65.5,66.5,67.5,66",16.0,59.78,75.75,JiaXipera МM1060Y,18,1
408,408100252149677250408,"61.5,66,67,68,70,69.5,69",15.9,59.66,75.64,JiaXipera МM1060Y,18,1
408,408100252149410700408,"54.5,60,62.5,66,66.5,67.5,69,68.5",16.3,60.14,76.1,JiaXipera МM1060Y,18,1
408,408100252149408740408,"60.5,66.5,67.5,69,69.5,70.5,71,70,70.5",17.9,62.04,77.97,JiaXipera МM1060Y,18,1
408,408100252149408500408,"60,63.5,66,67.5,68,69.5,70.5,69.5",17.4,61.45,77.39,JiaXipera МM1060Y,18,1
408,408100252149408000408,"61.5,65,67.5,69,70,70.5,70,70.5,70,70.5",18.6,62.88,78.79,JiaXipera МM1060Y,18,1
408,408100252149407300408,"60,65,67,68.5,69.5,70.5,68.5",18.6,62.88,78.79,JiaXipera МM1060Y,18,1
408,408100252149338910408,"56,62.5,65,66.5,65,66.5,65",16.2,60.02,75.99,JiaXipera МM1060Y,18,1
408,408100252149410790408,"61,65,68,69,71,72.5,71.5,72",19.4,63.83,79.73,JiaXipera МM1060Y,18,1
408,408100252149676360408,"57,63.5,66.5,68.5,70,71,71.5,70.5",17.8,61.92,77.86,JiaXipera МM1060Y,18,1
408,408100252149718200408,"56,63,66,67.5,67,66.5,67,69,69.5",19.6,64.07,79.96,JiaXipera МM1060Y,18,1
408,408100252149406670408,"62.5,66.5,69.5,71,71.5,72,72.5,70.5",19.5,63.95,79.84,JiaXipera МM1060Y,18,1
408,408100252149533960408,"55,59.5,61.5,62.5,64,65",14.0,57.39,73.42,JiaXipera МM1060Y,18,1
408,408100252149717260408,"62,64,64.5,68,70.5,71.5,72,72.5,73,74.5,74,73.5",19.8,64.31,80.19,JiaXipera МM1060Y,18,1
408,408100252149339530408,"61,67,68.5,69,69.5,70.5,70",15.5,59.18,75.17,JiaXipera МM1060Y,18,1
408,408100252149340620408,"62.5,67.5,69,70,70.5,71.5,72.5,73.5",14.4,57.87,73.89,JiaXipera МM1060Y,18,1
408,408100252149534500408,"60.5,65,66,68,68.5,69,70,69",18.3,62.52,78.44,JiaXipera МM1060Y,18,1
408,408100252149678480408,"56.5,60.5,63,63.5,65,66.5,67,66",15.6,59.3,75.29,JiaXipera МM1060Y,18,1
408,408100252149406190408,"59.5,66.5,68,69,71,71.5,72,71.5",17.7,61.81,77.74,JiaXipera МM1060Y,18,1
408,408100252149406460408,"57,62,64,64.5,66.5,67.5,67",16.8,60.73,76.69,JiaXipera МM1060Y,18,1
408,408100252149535490408,"58.5,64.5,67,68,70.5,69.5",17.6,61.69,77.62,JiaXipera МM1060Y,18,1
408,408100252149408540408,"58.5,63.5,65.5,67.5,69,70,68.5",17.6,61.69,77.62,JiaXipera МM1060Y,18,1
408,408100252149676220408,"59.5,65,67,68,68.5,71,71.5,72.5",17.8,61.92,77.86,JiaXipera МM1060Y,18,1
408,408100252149338750408,"56.5,59.5,61,66,67,65.5,66,67",17.0,60.97,76.92,JiaXipera МM1060Y,18,1
408,408100252149718240408,"57,64,65,68.5,69,70,69.5,71",19.1,63.47,79.38,JiaXipera МM1060Y,18,1
408,408100252149338590408,"61,64.5,66,67.5,68.5,70,68.5",18.1,62.28,78.21,JiaXipera МM1060Y,18,1
408,408100252149407880408,"61,64.5,66,67,69,70.5,72,71.5,71",19.0,63.36,79.26,JiaXipera МM1060Y,18,1
408,408100252149407110408,"61.5,65.5,67,69,69.5,70.5,72,70.5,68.5",19.1,63.47,79.38,JiaXipera МM1060Y,18,1
408,408100252149534920408,"59.5,64.5,66.5,69,69.5,70,69",18.2,62.4,78.32,JiaXipera МM1060Y,18,1
408,408100252149338860408,"61.5,66.5,68.5,70,71,72,71",15.4,59.06,75.05,JiaXipera МM1060Y,18,1
408,408100252149407520408,"61,65,67.5,69.5,70,71,72,71.5",18.4,62.64,78.56,JiaXipera МM1060Y,18,1
408,408100252149407980408,"62.5,67.5,69.5,71.5,72,72.5,72,71.5",18.5,62.76,78.67,JiaXipera МM1060Y,18,1
408,408100252149406840408,"63,68,70,71,72,73,73.5,74,73.5,73",19.1,63.47,79.38,JiaXipera МM1060Y,18,1
408,408100252149408270408,"59.5,65.5,67.5,69,70,71.5,70",18.4,62.64,78.56,JiaXipera МM1060Y,18,1
408,408100252149676760408,"58.5,62.5,65.5,66,67,68.5,70.5,68.5",16.3,60.14,76.1,JiaXipera МM1060Y,18,1
408,408100252149338870408,"61,66,68,70,71,71.5,71",15.3,58.94,74.94,JiaXipera МM1060Y,18,1
408,408100252149406910408,"58,62,66,67.5,69.5,67.5",17.0,60.97,76.92,JiaXipera МM1060Y,18,1
408,408100252149406000408,"58.5,62.5,65.5,67,67.5,69,70.5,71",17.4,61.45,77.39,JiaXipera МM1060Y,18,1
408,408100252149534660408,"59,64.5,67.5,70,70.5,72,73,71.5",18.9,63.24,79.14,JiaXipera МM1060Y,18,1
408,408100252149806020408,"59,64.5,68.5,69,71,71.5,72",19.9,64.43,80.31,JiaXipera МM1060Y,18,1
408,408100252149409720408,"60.5,65,67,67.5,68,68.5,70.5,68.5",17.3,61.33,77.27,JiaXipera МM1060Y,18,1
408,408100252149411390408,"62.5,65.5,67.5,69,70.5,73,72",18.8,63.12,79.03,JiaXipera МM1060Y,18,1
408,408100252149339220408,"58.5,63.5,66,67,68,67.5,67",16.9,60.85,76.81,JiaXipera МM1060Y,18,1
408,408100252149718280408,"62,67,69,70.5,72.5,72,72.5,75,72.5",19.0,63.36,79.26,JiaXipera МM1060Y,18,1
408,408100252149408970408,"58.5,67,69,69.5,70.5,71.5,71,71.5",17.2,61.21,77.16,JiaXipera МM1060Y,18,1
408,408100252149535320408,"61.5,65,66,67.5,68,70,71,70",17.7,61.81,77.74,JiaXipera МM1060Y,18,1
408,408100252149406050408,"62,67,68,69.5,71,72,73,72.5,73,73.5,73,72.5",17.4,61.45,77.39,JiaXipera МM1060Y,18,1
408,408100252149678030408,"59,63,64.5,66,67.5,67,66.5",16.1,59.9,75.87,JiaXipera МM1060Y,18,1
408,408100252149339050408,"65,69,71.5,72.5,73,73.5,74,72.5",14.9,58.47,74.47,JiaXipera МM1060Y,18,1
408,408100252149678400408,"54,59,60.5,61.5,62.5,63,64,63.5",15.2,58.82,74.82,JiaXipera МM1060Y,18,1
408,408100252149410520408,"60.5,63,64.5,66,67,68,69,66.5",16.6,60.49,76.46,JiaXipera МM1060Y,18,1
408,408100252149406360408,"57.5,62.5,66,67,69,68,67",16.9,60.85,76.81,JiaXipera МM1060Y,18,1
408,408100252149534560408,"57,62,66,66.5,67,68,68.5,67.5",18.1,62.28,78.21,JiaXipera МM1060Y,18,1
408,408100252149407250408,"64.5,70,70.5,71.5,72,72.5,72",18.9,63.24,79.14,JiaXipera МM1060Y,18,1
408,408100252149535270408,"63,67,69,70,71.5,72.5,73.5,72.5",18.2,62.4,78.32,JiaXipera МM1060Y,18,1
408,408100252149721080408,"60,65,66.5,69,70.5,71,73,72",18.4,62.64,78.56,JiaXipera МM1060Y,18,1
408,408100252149410680408,"62.5,65.5,67.5,68.5,69.5,69,67.5",16.4,60.26,76.22,JiaXipera МM1060Y,18,1
408,408100252149805810408,"63,67.5,70.5,73.5,74,74.5,75.5,74.5,74",20.6,65.26,81.13,JiaXipera МM1060Y,18,1
408,408100252149406070408,"60.5,64.5,66.5,68,69,70,71,70",17.3,61.33,77.27,JiaXipera МM1060Y,18,1
408,408100252149534000408,"55.5,62.5,63.5,64.5,65.5,63.5",14.0,57.39,73.42,JiaXipera МM1060Y,18,1
408,408100252149406150408,"59.5,65,67.5,69.5,70.5,70,71,70",18.2,62.4,78.32,JiaXipera МM1060Y,18,1
408,408100252149718590408,"61.5,70,71.5,72.5,73.5,72.5",20.0,64.55,80.43,JiaXipera МM1060Y,18,1
408,408100252149410160408,"57.5,63,65,67.5,68,69,68.5,67.5",16.6,60.49,76.46,JiaXipera МM1060Y,18,1
408,408100252149717490408,"62,66.5,67.5,69.5,71,71.5,70.5",19.1,63.47,79.38,JiaXipera МM1060Y,18,1
408,408100252149406180408,"60.5,66,68,68.5,71,72,71.5",18.0,62.16,78.09,JiaXipera МM1060Y,18,1
408,408100252149411810408,"63,64,66.5,67.5,69,67,66.5",18.3,62.52,78.44,JiaXipera МM1060Y,18,1
408,408100252149339480408,"64,68,69.5,70,71,72,72.5,71",15.7,59.42,75.4,JiaXipera МM1060Y,18,1
408,408100252149409550408,"62,66,66.5,68,68.5,70,69",17.1,61.09,77.04,JiaXipera МM1060Y,18,1
408,408100252149406200408,"58,63,65.5,67,68.5,69,70,68.5",17.1,61.09,77.04,JiaXipera МM1060Y,18,1
408,408100252149720730408,"56,60.5,61.5,63.5,64.5,66.5,67,66.5",17.2,61.21,77.16,JiaXipera МM1060Y,18,1
408,408100252149677680408,"57.5,62,65.5,67,68,70,69,68.5",15.3,58.94,74.94,JiaXipera МM1060Y,18,1
408,408100252149411210408,"60,65,68,69,71,72,71.5",19.2,63.59,79.49,JiaXipera МM1060Y,18,1
408,408100252149406210408,"63,66.5,68.5,70,71,72,72.5,72",17.8,61.92,77.86,JiaXipera МM1060Y,18,1
408,408100252149407180408,"63,67,70,71,72.5,71.5,72.5,71",18.8,63.12,79.03,JiaXipera МM1060Y,18,1
408,408100252149406230408,"59.5,62.5,65.5,66,67,68.5,69,68",17.1,61.09,77.04,JiaXipera МM1060Y,18,1
408,408100252149720000408,"66,69,69.5,70.5,72,71",19.6,64.07,79.96,JiaXipera МM1060Y,18,1
408,408100252149534880408,"60,64.5,67,71,70.5,73.5,71,69.5",18.0,62.16,78.09,JiaXipera МM1060Y,18,1
408,408100252149406760408,"62.5,67,69.5,71,72,73,73.5,72.5",19.3,63.71,79.61,JiaXipera МM1060Y,18,1
408,408100252149406540408,"62.5,67.5,69,69.5,71.5,72,71.5",17.7,61.81,77.74,JiaXipera МM1060Y,18,1
408,408100252149406660408,"60.5,67.5,70,71.5,72,73,75,73",19.5,63.95,79.84,JiaXipera МM1060Y,18,1
408,408100252149804630408,"67.5,69.5,73.5,75.5,78,80.5,81,80,81,80.5",24.0,69.32,85.1,JiaXipera МM1060Y,18,1
408,408100252149676260408,"61.5,67,67.5,68,69,70.5,73.5,71",17.8,61.92,77.86,JiaXipera МM1060Y,18,1
408,408100252149340170408,"61,65,68,66,67,66,68,66",16.6,60.49,76.46,JiaXipera МM1060Y,18,1
408,408100252149407220408,"60,63.5,64.5,65.5,69,70,71,70.5",19.1,63.47,79.38,JiaXipera МM1060Y,18,1
408,408100252149676340408,"59,68.5,72,74,75.5,76,77.5,74.5",17.8,61.92,77.86,JiaXipera МM1060Y,18,1
408,408100252149406240408,"57,62.5,64.5,65.5,66.5,67.5,70,67.5",17.1,61.09,77.04,JiaXipera МM1060Y,18,1
408,408100252149406260408,"56.5,61,63.5,64,66,67,68.5,67",17.0,60.97,76.92,JiaXipera МM1060Y,18,1
408,408100252149411090408,"59.5,64.5,68.5,70,71,72.5,69.5",19.3,63.71,79.61,JiaXipera МM1060Y,18,1
408,408100252149410570408,"60.5,64,66,66.5,67,67.5,65.5",16.5,60.37,76.34,JiaXipera МM1060Y,18,1
408,408100252149410850408,"60,64.5,66.5,68,69,70.5,69.5",19.3,63.71,79.61,JiaXipera МM1060Y,18,1
408,408100252149406310408,"60.5,63.5,66,68.5,70.5,70,72,69.5",16.9,60.85,76.81,JiaXipera МM1060Y,18,1
408,408100252149338800408,"52,56.5,59.5,60.5,61.5,63,63.5,65,63.5",15.9,59.66,75.64,JiaXipera МM1060Y,18,1
408,408100252149406320408,"61.5,65.5,67.5,69,69.5,70.5,70,69",16.9,60.85,76.81,JiaXipera МM1060Y,18,1
408,408100252149805970408,"63,67,69.5,71,71.5,72.5,71.5,71",20.0,64.55,80.43,JiaXipera МM1060Y,18,1
408,408100252149406350408,"56,60.5,62.5,64.5,66.5,67.5,66.5",17.0,60.97,76.92,JiaXipera МM1060Y,18,1
408,408100252149408510408,"59.5,62.5,64,65,67.5,69.5,71,71.5,72,71",17.4,61.45,77.39,JiaXipera МM1060Y,18,1
408,408100252149410000408,"59.5,63,65,70,69,70.5,70,68.5",17.1,61.09,77.04,JiaXipera МM1060Y,18,1
408,408100252149409680408,"58.5,65,65.5,66,67.5,68.5,69",17.2,61.21,77.16,JiaXipera МM1060Y,18,1
408,408100252149406420408,"57.5,61,64.5,65.5,66,66.5,67.5,67",16.8,60.73,76.69,JiaXipera МM1060Y,18,1
408,408100252149408020408,"62,66.5,69,70.5,71,72,71,70.5,71,70.5",18.6,62.88,78.79,JiaXipera МM1060Y,18,1
408,408100252149406920408,"63,66,70,70.5,71.5,72.5,73,72",19.1,63.47,79.38,JiaXipera МM1060Y,18,1
408,408100252149406470408,"58,61.5,64,65,66,67,66",16.7,60.61,76.57,JiaXipera МM1060Y,18,1
408,408100252149406490408,"60.5,63.5,67.5,68,69.5,69,70,68",16.7,60.61,76.57,JiaXipera МM1060Y,18,1
408,408100252149338490408,"58.5,63,65.5,67,68,68.5,69,67",16.9,60.85,76.81,JiaXipera МM1060Y,18,1
408,408100252149411730408,"59,64,66,68,70,69.5,70.5",18.4,62.64,78.56,JiaXipera МM1060Y,18,1
408,408100252149535410408,"59.5,66.5,67.5,68.5,69,70,72,70",18.2,62.4,78.32,JiaXipera МM1060Y,18,1
408,408100252149534070408,"54,58,60,60.5,62.5,62,61",13.6,56.92,72.95,JiaXipera МM1060Y,18,1
408,408100252149720050408,"58,62,64,66,68.5,69,70,70.5,70,67.5",19.5,63.95,79.84,JiaXipera МM1060Y,18,1
408,408100252149406500408,"61.5,65.5,67.5,68.5,69.5,69,70,69",17.1,61.09,77.04,JiaXipera МM1060Y,18,1
408,408100252149678050408,"60,64.5,66.5,68.5,68,67",15.9,59.66,75.64,JiaXipera МM1060Y,18,1
408,408100252149406520408,"61.5,67,69,70.5,71,72,72.5,71",17.8,61.92,77.86,JiaXipera МM1060Y,18,1
408,408100252149535300408,"61.5,66,68.5,69,70,71,72,70.5",17.7,61.81,77.74,JiaXipera МM1060Y,18,1
408,408100252149407580408,"61.5,66,68.5,69.5,70.5,71.5,71",18.8,63.12,79.03,JiaXipera МM1060Y,18,1
408,408100252149408110408,"66,67.5,68.5,70,71,72,72.5,73,71",18.5,62.76,78.67,JiaXipera МM1060Y,18,1
408,408100252149406040408,"65,71,72,74,75.5,72.5",18.6,62.88,78.79,JiaXipera МM1060Y,18,1
408,408100252149409660408,"58,64.5,66,67.5,68,69.5,68.5",17.2,61.21,77.16,JiaXipera МM1060Y,18,1
408,408100252149406630408,"60,65.5,66.5,68.5,69,70,71,70",19.6,64.07,79.96,JiaXipera МM1060Y,18,1
408,408100252149534090408,"56.5,60.5,62,63,65,65.5",14.0,57.39,73.42,JiaXipera МM1060Y,18,1
408,408100252149409970408,"60,62.5,64,65.5,68,67.5,69.5,69,69.5,70,69.5",17.5,61.57,77.51,JiaXipera МM1060Y,18,1
408,408100252149407190408,"60.5,65.5,67.5,69.5,70,71,70",18.9,63.24,79.14,JiaXipera МM1060Y,18,1
408,408100252149534420408,"60.5,65,66.5,68,68.5,69,68",16.6,60.49,76.46,JiaXipera МM1060Y,18,1
408,408100252149676480408,"60,64.5,67.5,69,70.5,71,72,71.5",17.4,61.45,77.39,JiaXipera МM1060Y,18,1
408,408100252149408410408,"61,65.5,67,66,67.5,69,68.5,68",17.9,62.04,77.97,JiaXipera МM1060Y,18,1
408,408100252149406640408,"62,68,69,70.5,73.5,74,71.5",19.6,64.07,79.96,JiaXipera МM1060Y,18,1
408,408100252149408420408,"62,66.5,68.5,69.5,70,71,70",17.8,61.92,77.86,JiaXipera МM1060Y,18,1
408,408100252149718040408,"64,69.5,71,71.5,73.5,74.5,75.5,75,75.5",20.2,64.79,80.66,JiaXipera МM1060Y,18,1
408,408100252149406650408,"63.5,67,70,71,72,73.5,71.5",19.5,63.95,79.84,JiaXipera МM1060Y,18,1
408,408100252149534510408,"56,59.5,61.5,65.5,67,67.5,68,69,70",18.4,62.64,78.56,JiaXipera МM1060Y,18,1
408,408100252149409140408,"58.5,62,64.5,66,68,68.5,69.5,69,69.5,70",17.7,61.81,77.74,JiaXipera МM1060Y,18,1
408,408100252149405980408,"65.5,70,72.5,73.5,73,73.5,72",17.5,61.57,77.51,JiaXipera МM1060Y,18,1
408,408100252149677690408,"55.5,60,62.5,66,68,67",15.4,59.06,75.05,JiaXipera МM1060Y,18,1
408,408100252149406690408,"60.5,65,68,69,70.5,71,70,69.5",19.4,63.83,79.73,JiaXipera МM1060Y,18,1
408,408100252149406710408,"61,67.5,69,69.5,70,71.5,72.5,72",19.4,63.83,79.73,JiaXipera МM1060Y,18,1
408,408100252149718110408,"61.5,67,69.5,71,72.5,73.5,72.5,73,73.5",19.8,64.31,80.19,JiaXipera МM1060Y,18,1
408,408100252149534060408,"55,60,61.5,63,63.5,65,65.5",13.6,56.92,72.95,JiaXipera МM1060Y,18,1
408,408100252149534520408,"61.5,66.5,68,69.5,71,72,72.5,70.5",18.4,62.64,78.56,JiaXipera МM1060Y,18,1
408,408100252149677730408,"53.5,60,61.5,63,66,67,68.5,67.5",15.5,59.18,75.17,JiaXipera МM1060Y,18,1
408,408100252149406740408,"62,64.5,66,68.5,69.5,70.5,71,71.5,72,71.5,71",19.4,63.83,79.73,JiaXipera МM1060Y,18,1
408,408100252149720010408,"64,66,69.5,70,71,72,71",19.6,64.07,79.96,JiaXipera МM1060Y,18,1
408,408100252149406400408,"61,65.5,68,69,70,70.5,71.5,70",16.8,60.73,76.69,JiaXipera МM1060Y,18,1
408,408100252149408470408,"59,64,64.5,67,68.5,69,71,70",17.4,61.45,77.39,JiaXipera МM1060Y,18,1
408,408100252149407150408,"62.5,63,64.5,67.5,69,70,67.5",18.9,63.24,79.14,JiaXipera МM1060Y,18,1
408,408100252149408150408,"61.5,66.5,68.5,69,70,70.5,69.5",18.2,62.4,78.32,JiaXipera МM1060Y,18,1
408,408100252149718010408,"55.5,63,66,68,70,72,72.5",20.5,65.14,81.01,JiaXipera МM1060Y,18,1
408,408100252149718260408,"61.5,68,70,71.5,72.5,73,72.5,73.5,73",19.0,63.36,79.26,JiaXipera МM1060Y,18,1
408,408100252149717900408,"62.5,66.5,68,69.5,71,71.5,74.5,75,73.5",20.4,65.02,80.89,JiaXipera МM1060Y,18,1
408,408100252149406270408,"58.5,63.5,64.5,66,67,67.5,68,67",16.9,60.85,76.81,JiaXipera МM1060Y,18,1
408,408100252149535530408,"63,67.5,69,71,71.5,71,73,72",17.7,61.81,77.74,JiaXipera МM1060Y,18,1
408,408100252149410030408,"57.5,63.5,66,66.5,67,67.5,66.5",17.0,60.97,76.92,JiaXipera МM1060Y,18,1
408,408100252149340640408,"58,61.5,64,64.5,66,66.5,65.5",16.1,59.9,75.87,JiaXipera МM1060Y,18,1
408,408100252149338340408,"59,63,65,66.5,68,68.5,69.5,68",18.5,62.76,78.67,JiaXipera МM1060Y,18,1
408,408100252149677570408,"60,67,68,67,69,69.5,69,70",15.3,58.94,74.94,JiaXipera МM1060Y,18,1
408,408100252149409210408,"56.5,63,64.5,65,66,66.5,68,67",17.5,61.57,77.51,JiaXipera МM1060Y,18,1
408,408100252149338850408,"58,62,62.5,64.5,65,64",16.2,60.02,75.99,JiaXipera МM1060Y,18,1
408,408100252149409170408,"57,62,63.5,65,66,67,68,67",17.2,61.21,77.16,JiaXipera МM1060Y,18,1
408,408100252149408380408,"59.5,65,67.5,68,69,71.5,70.5,72,71",17.8,61.92,77.86,JiaXipera МM1060Y,18,1
408,408100252149408680408,"60.5,67.5,69,72,72.5,73,72.5,71.5",18.0,62.16,78.09,JiaXipera МM1060Y,18,1
408,408100252149805270408,"62,69,69.5,72.5,74.5,75,75.5",21.6,66.46,82.3,JiaXipera МM1060Y,18,1
408,408100252149678200408,"58,62,64,65.5,67.5,69,67.5",15.6,59.3,75.29,JiaXipera МM1060Y,18,1
408,408100252149720570408,"60,63,64.5,65.5,69,68,68.5,70,69",17.7,61.81,77.74,JiaXipera МM1060Y,18,1
408,408100252149406790408,"64.5,70.5,75.5,74,74.5,75.5,74",19.5,63.95,79.84,JiaXipera МM1060Y,18,1
408,408100252149717700408,"61.5,65.5,67.5,69,70.5,71.5,72.5,70.5,71.5",20.0,64.55,80.43,JiaXipera МM1060Y,18,1
408,408100252149406850408,"65,71.5,72.5,72,73.5,73,73.5,76",19.2,63.59,79.49,JiaXipera МM1060Y,18,1
408,408100252149535310408,"58.5,64,65.5,69,69.5,71,71.5,70.5",17.8,61.92,77.86,JiaXipera МM1060Y,18,1
408,408100252149406870408,"64.5,68,70,72.5,73.5,74,73.5",19.1,63.47,79.38,JiaXipera МM1060Y,18,1
408,408100252149406890408,"64,67,70,70.5,71,72,73,72",19.2,63.59,79.49,JiaXipera МM1060Y,18,1
408,408100252149407240408,"64,69,71.5,73.5,73,72.5,73",18.9,63.24,79.14,JiaXipera МM1060Y,18,1
408,408100252149678190408,"55.5,61.5,62.5,64.5,64,65.5,66",15.9,59.66,75.64,JiaXipera МM1060Y,18,1
408,408100252149408360408,"60,62,63.5,65,66.5,67.5,68,68.5,70.5,69",18.2,62.4,78.32,JiaXipera МM1060Y,18,1
408,408100252149410810408,"60,67,70,70.5,71,71.5,71",19.4,63.83,79.73,JiaXipera МM1060Y,18,1
408,408100252149804540408,"71.5,74,74.5,76,77,76.5,77",24.1,69.44,85.22,JiaXipera МM1060Y,18,1
408,408100252149533810408,"55,60,62,63,63.5,64.5,65,64.5",14.4,57.87,73.89,JiaXipera МM1060Y,18,1
408,408100252149719810408,"63,65.5,68.5,69,70,69.5,70.5,70,69.5",18.3,62.52,78.44,JiaXipera МM1060Y,18,1
408,408100252149407000408,"61.5,65.5,67.5,70,71,72.5,71",19.2,63.59,79.49,JiaXipera МM1060Y,18,1
408,408100252149678270408,"57.5,64,65.5,66.5,67,67.5,68,67.5,68",15.6,59.3,75.29,JiaXipera МM1060Y,18,1
408,408100252149805520408,"55.5,58,65,65.5,67,68,69.5,69,70.5,73",21.4,66.22,82.06,JiaXipera МM1060Y,18,1
408,408100252149407270408,"66,67.5,71.5,72.5,73.5,74,75",18.9,63.24,79.14,JiaXipera МM1060Y,18,1
408,408100252149407020408,"56.5,61.5,64.5,65,66.5,67,66.5",17.0,60.97,76.92,JiaXipera МM1060Y,18,1
408,408100252149534390408,"56.5,62.5,66,67.5,68.5,68",16.0,59.78,75.75,JiaXipera МM1060Y,18,1
408,408100252149535050408,"65.5,70.5,72.5,64",18.4,62.64,78.56,JiaXipera МM1060Y,18,1
408,408100252149407030408,"63.5,67,70.5,72,73,73.5,74.5,73",19.2,63.59,79.49,JiaXipera МM1060Y,18,1
408,408100252149534260408,"59,62,64,66,67,68,67,66.5,67,66.5",16.3,60.14,76.1,JiaXipera МM1060Y,18,1
408,408100252149678490408,"56,61.5,62.5,63.5,64.5,69,70,69",15.6,59.3,75.29,JiaXipera МM1060Y,18,1
408,408100252149406370408,"57,62.5,65.5,67,67.5,68.5,67,66",16.9,60.85,76.81,JiaXipera МM1060Y,18,1
408,408100252149407100408,"61,66,67.5,71.5,72,71.5,71,71.5",18.9,63.24,79.14,JiaXipera МM1060Y,18,1
408,408100252149717720408,"61.5,66.5,69,70,72,73.5,73",20.1,64.67,80.54,JiaXipera МM1060Y,18,1
408,408100252149407850408,"59.5,63.5,66,67,67.5,68.5,69.5,69",19.0,63.36,79.26,JiaXipera МM1060Y,18,1
408,408100252149717980408,"65,70,72.5,74,75,75.5,76,75,72.5",20.0,64.55,80.43,JiaXipera МM1060Y,18,1
408,408100252149410050408,"60,64.5,66,66.5,67.5,69,67.5",17.0,60.97,76.92,JiaXipera МM1060Y,18,1
408,408100252149676850408,"60,65.5,66.5,68,68.5,68,68.5,67.5",16.1,59.9,75.87,JiaXipera МM1060Y,18,1
408,408100252149411480408,"59.5,64.5,67,68,68.5,68,69.5",18.9,63.24,79.14,JiaXipera МM1060Y,18,1
408,408100252149338840408,"61,65.5,67.5,69.5,69,71,69.5",15.4,59.06,75.05,JiaXipera МM1060Y,18,1
408,408100252149407200408,"65.5,70,71.5,72,72.5,71.5",18.9,63.24,79.14,JiaXipera МM1060Y,18,1
408,408100252149411280408,"61,64,66.5,67.5,69,71.5",19.0,63.36,79.26,JiaXipera МM1060Y,18,1
408,408100252149678100408,"58,62,64.5,65.5,67,67.5,69,67.5,69,68",15.9,59.66,75.64,JiaXipera МM1060Y,18,1
408,408100252149408770408,"54,59,62.5,64,66,66.5,66",17.7,61.81,77.74,JiaXipera МM1060Y,18,1
408,408100252149535560408,"58,62.5,65,66.5,67,68,69,68",17.5,61.57,77.51,JiaXipera МM1060Y,18,1
408,408100252149407210408,"62.5,67,68.5,69,70,70.5,71.5,70.5",18.9,63.24,79.14,JiaXipera МM1060Y,18,1
408,408100252149411000408,"60.5,65,66,70.5,69.5,70,71,69.5",19.4,63.83,79.73,JiaXipera МM1060Y,18,1
408,408100252149676240408,"61.5,65.5,68,69.5,70.5,72,73.5,72",17.7,61.81,77.74,JiaXipera МM1060Y,18,1
408,408100252149409220408,"59.5,64.5,67,66",17.5,61.57,77.51,JiaXipera МM1060Y,18,1
408,408100252149407650408,"61,66.5,68.5,69,70.5,71,70",18.6,62.88,78.79,JiaXipera МM1060Y,18,1
408,408100252149407260408,"61,66.5,70,71.5,72.5,73.5,73",18.9,63.24,79.14,JiaXipera МM1060Y,18,1
408,408100252149720430408,"59.5,64.5,66.5,68,68.5,69,70,71.5,69.5",18.2,62.4,78.32,JiaXipera МM1060Y,18,1
408,408100252149677120408,"62,66.5,68,69,70,69.5,70.5,69",16.2,60.02,75.99,JiaXipera МM1060Y,18,1
408,408100252149410540408,"60.5,67,68.5,69.5,69,70",16.6,60.49,76.46,JiaXipera МM1060Y,18,1
408,408100252149718030408,"63,67,69.5,70.5,73,73.5,74,75.5",19.9,64.43,80.31,JiaXipera МM1060Y,18,1
408,408100252149409330408,"56,59.5,61,63,64.5,66,65.5,66,67",17.2,61.21,77.16,JiaXipera МM1060Y,18,1
408,408100252149410170408,"65,66.5,68,68.5,69,69.5,68.5,67",16.8,60.73,76.69,JiaXipera МM1060Y,18,1
408,408100252149407290408,"61.5,65.5,67.5,69.5,70,71,72.5,71",18.9,63.24,79.14,JiaXipera МM1060Y,18,1
408,408100252149338640408,"58.5,63.5,64.5,65,65.5,66.5,66",16.8,60.73,76.69,JiaXipera МM1060Y,18,1
408,408100252149338660408,"56,60,62.5,63.5,65,65.5,67,66",17.1,61.09,77.04,JiaXipera МM1060Y,18,1
408,408100252149411860408,"60.5,65.5,66.5,68.5,69,70.5,69.5",18.4,62.64,78.56,JiaXipera МM1060Y,18,1
408,408100252149534020408,"53,57.5,62.5,63,63.5,65,65.5,64.5,65.5",14.0,57.39,73.42,JiaXipera МM1060Y,18,1
408,408100252149717870408,"64,68,70,72.5,74,73",20.4,65.02,80.89,JiaXipera МM1060Y,18,1
408,408100252149718090408,"54,65.5,66.5,68.5,71,72,71.5",19.8,64.31,80.19,JiaXipera МM1060Y,18,1
408,408100252149720230408,"57.5,63.5,64,66,67,67.5,68,67.5",18.3,62.52,78.44,JiaXipera МM1060Y,18,1
408,408100252149407140408,"59.5,63.5,66,68,69,70,70.5,71,70.5",19.2,63.59,79.49,JiaXipera МM1060Y,18,1
408,408100252149407400408,"62,66.5,67.5,68.5,69.5,70,70.5",19.4,63.83,79.73,JiaXipera МM1060Y,18,1
408,408100252149407500408,"58,62,64.5,65,67,68,69,68.5,69.5",19.2,63.59,79.49,JiaXipera МM1060Y,18,1
408,408100252149720990408,"61.5,68.5,70,72,74.5,75,74.5",19.6,64.07,79.96,JiaXipera МM1060Y,18,1
408,408100252149720820408,"58.5,65.5,67.5,69,69.5,71,71.5,72,72.5,73",19.9,64.43,80.31,JiaXipera МM1060Y,18,1
408,408100252149677080408,"58,61,63,64.5,64,66,67.5,66",15.0,58.59,74.59,JiaXipera МM1060Y,18,1
408,408100252149534540408,"61.5,66.5,69,71,71.5,72,73,71.5",18.4,62.64,78.56,JiaXipera МM1060Y,18,1
408,408100252149717960408,"65.5,71,72.5,75.5,77.5,77,77.5,76.5",20.1,64.67,80.54,JiaXipera МM1060Y,18,1
408,408100252149410960408,"62,67.5,69,69.5,70.5,69.5,70.5,69",19.2,63.59,79.49,JiaXipera МM1060Y,18,1
408,408100252149410970408,"63.5,68,70,72,73,71",19.3,63.71,79.61,JiaXipera МM1060Y,18,1
408,408100252149410980408,"59.5,63.5,65.5,67,68.5,69,69.5,68.5",19.3,63.71,79.61,JiaXipera МM1060Y,18,1
408,408100252149720940408,"63,67.5,69.5,70.5,71.5,74.5,75.5,76,75",19.6,64.07,79.96,JiaXipera МM1060Y,18,1
408,408100252149408850408,"60,66,68.5,70,68.5,69,69.5,70",17.6,61.69,77.62,JiaXipera МM1060Y,18,1
408,408100252149406530408,"57.5,62.5,64.5,65.5,67,69,68",16.8,60.73,76.69,JiaXipera МM1060Y,18,1
408,408100252149410990408,"64,68.5,72,72.5,73,73.5,72",19.3,63.71,79.61,JiaXipera МM1060Y,18,1
408,408100252149678230408,"58,63.5,65.5,66.5,67.5,69,67",15.4,59.06,75.05,JiaXipera МM1060Y,18,1
408,408100252149411030408,"60,64,67,67.5,69,70,69.5,69,69.5",19.4,63.83,79.73,JiaXipera МM1060Y,18,1
408,408100252149411040408,"58,63.5,67.5,67,69.5,71,72,70.5",19.4,63.83,79.73,JiaXipera МM1060Y,18,1
408,408100252149677580408,"57.5,62,64.5,65.5,69,69.5,67.5,68,65.5",15.3,58.94,74.94,JiaXipera МM1060Y,18,1
408,408100252149411050408,"60,65.5,67.5,69,69.5,71,71.5,70.5",19.3,63.71,79.61,JiaXipera МM1060Y,18,1
408,408100252149718970408,"60,63,64.5,67.5,67,68.5,67,68,67",16.5,60.37,76.34,JiaXipera МM1060Y,18,1
408,408100252149411070408,"60.5,64,67,68.5,69,70,70.5,69.5,68",19.3,63.71,79.61,JiaXipera МM1060Y,18,1
408,408100252149805280408,"61.5,66,69.5,71.5,73,74,76,74.5",21.6,66.46,82.3,JiaXipera МM1060Y,18,1
408,408100252149411120408,"56,60,64,65,67.5,66.5,68.5,67",19.1,63.47,79.38,JiaXipera МM1060Y,18,1
408,408100252149720130408,"55,62,63.5,64.5,67,67.5,66.5,68,67.5,68.5,70.5,71",19.5,63.95,79.84,JiaXipera МM1060Y,18,1
408,408100252149535400408,"59.5,64.5,67,68.5,69,70,72,70",18.2,62.4,78.32,JiaXipera МM1060Y,18,1
408,408100252149804940408,"63,68.5,71.5,76,76.5,78,79,78,79",22.9,68.01,83.81,JiaXipera МM1060Y,18,1
408,408100252149411620408,"58,60,63,64.5,66,67,67.5,68,68.5",18.5,62.76,78.67,JiaXipera МM1060Y,18,1
408,408100252149411080408,"59.5,63.5,67.5,69,70.5,69,70,68.5",19.3,63.71,79.61,JiaXipera МM1060Y,18,1
408,408100252149721220408,"60.5,65.5,68,68.5,70.5,72.5,71.5,70.5",17.9,62.04,77.97,JiaXipera МM1060Y,18,1
408,408100252149411180408,"60.5,65.5,68.5,70.5,70,70.5,72,70.5",19.3,63.71,79.61,JiaXipera МM1060Y,18,1
408,408100252149411190408,"59,64,66.5,67,69,70,69",19.3,63.71,79.61,JiaXipera МM1060Y,18,1
408,408100252149534690408,"61,68,69.5,70.5,71.5,72,73.5,71",18.7,63.0,78.91,JiaXipera МM1060Y,18,1
408,408100252149411200408,"59.5,65,66.5,67.5,67,69.5,68",19.2,63.59,79.49,JiaXipera МM1060Y,18,1
408,408100252149533830408,"53,57,60,62,62.5,63.5,65,64.5",14.3,57.75,73.77,JiaXipera МM1060Y,18,1
408,408100252149411240408,"59.5,66,66.5,69,70,70.5,71",19.2,63.59,79.49,JiaXipera МM1060Y,18,1
408,408100252149720460408,"57.5,64,64.5,66.5,67,69,69.5,69,69.5",18.3,62.52,78.44,JiaXipera МM1060Y,18,1
408,408100252149535080408,"63,67.5,72,71,72,73,72",18.4,62.64,78.56,JiaXipera МM1060Y,18,1
408,408100252149338730408,"58.5,63,63.5,65,66,65.5,64",16.6,60.49,76.46,JiaXipera МM1060Y,18,1
408,408100252149678610408,"55,59,60.5,62,63.5,64,65,64.5",15.6,59.3,75.29,JiaXipera МM1060Y,18,1
408,408100252149407510408,"59,63,65.5,66.5,69,70,69.5",19.1,63.47,79.38,JiaXipera МM1060Y,18,1
408,408100252149411260408,"59,63,66.5,68,69,69.5,69",19.1,63.47,79.38,JiaXipera МM1060Y,18,1
408,408100252149411270408,"60.5,65.5,68,69,70,70.5,69.5",19.1,63.47,79.38,JiaXipera МM1060Y,18,1
408,408100252149411300408,"60,65,67.5,69,70.5,70,71.5",19.1,63.47,79.38,JiaXipera МM1060Y,18,1
408,408100252149717890408,"65,70,71.5,73,72.5,73,72",20.3,64.91,80.78,JiaXipera МM1060Y,18,1
408,408100252149411310408,"60.5,65.5,66,67.5,67,66.5,67.5,66.5",16.5,60.37,76.34,JiaXipera МM1060Y,18,1
408,408100252149720950408,"59,68,67,68.5,69,70,70.5,69.5",19.5,63.95,79.84,JiaXipera МM1060Y,18,1
408,408100252149410780408,"61,66,69.5,71,72.5,71,72.5,73,74",19.4,63.83,79.73,JiaXipera МM1060Y,18,1
408,408100252149411320408,"58.5,63.5,65,66,68,69.5,67.5",18.9,63.24,79.14,JiaXipera МM1060Y,18,1
408,408100252149411330408,"60.5,65,67.5,69,69.5,70.5,69",19.0,63.36,79.26,JiaXipera МM1060Y,18,1
408,408100252149411340408,"58.5,62.5,64,67,68,68.5,70.5,68.5",18.9,63.24,79.14,JiaXipera МM1060Y,18,1
408,408100252149720390408,"59,63,65,66.5,67.5,68,69,69.5,69,67.5",18.1,62.28,78.21,JiaXipera МM1060Y,18,1
408,408100252149338570408,"60.5,64,64.5,65,66.5,68,66",16.8,60.73,76.69,JiaXipera МM1060Y,18,1
408,408100252149408880408,"58,63.5,64.5,66,67.5,69,71,69.5,70",17.5,61.57,77.51,JiaXipera МM1060Y,18,1
408,408100252149677770408,"62,65,65.5,67.5,68,69,66.5,67,66.5",15.2,58.82,74.82,JiaXipera МM1060Y,18,1
408,408100252149411350408,"61,65,67,69,72,70.5,71,72",18.8,63.12,79.03,JiaXipera МM1060Y,18,1
408,408100252149411440408,"62.5,66.5,68,69,65.5",18.9,63.24,79.14,JiaXipera МM1060Y,18,1
408,408100252149411370408,"60,65.5,68,69,70.5,72,73.5,72",18.9,63.24,79.14,JiaXipera МM1060Y,18,1
408,408100252149534890408,"61,66.5,68.5,70.5,72,71.5,72,73",18.0,62.16,78.09,JiaXipera МM1060Y,18,1
408,408100252149407550408,"60.5,65,68,68.5,70,71,70",18.9,63.24,79.14,JiaXipera МM1060Y,18,1
408,408100252149411380408,"61,66.5,67.5,69.5,70,71,72,72.5,71",18.8,63.12,79.03,JiaXipera МM1060Y,18,1
408,408100252149411410408,"60.5,66,69,70,70.5,72.5,72,72.5,70.5",18.7,63.0,78.91,JiaXipera МM1060Y,18,1
408,408100252149677200408,"57,61,63,64,65,66,66.5,67.5",14.6,58.11,74.12,JiaXipera МM1060Y,18,1
408,408100252149409090408,"59.5,63.5,66,68,69.5,68,69,70.5",17.9,62.04,77.97,JiaXipera МM1060Y,18,1
408,408100252149411420408,"61.5,67,68,69.5,70.5,71,69.5",18.8,63.12,79.03,JiaXipera МM1060Y,18,1
408,408100252149718480408,"61.5,66.5,71.5,72,73,75.5,73.5,72.5,72,70",18.2,62.4,78.32,JiaXipera МM1060Y,18,1
408,408100252149411450408,"64,68.5,69.5,72.5,74,72.5,74,72.5",18.8,63.12,79.03,JiaXipera МM1060Y,18,1
408,408100252149717280408,"64,69,71,71.5,72,73.5,72.5,73,74.5",19.7,64.19,80.08,JiaXipera МM1060Y,18,1
408,408100252149411470408,"61.5,65,67,70,70.5,71,70.5,71",18.7,63.0,78.91,JiaXipera МM1060Y,18,1
408,408100252149408930408,"57.5,62.5,66,67,68.5,69,70,72",17.3,61.33,77.27,JiaXipera МM1060Y,18,1
408,408100252149534270408,"59.5,66,68.5,70.5,71,71.5,71",18.9,63.24,79.14,JiaXipera МM1060Y,18,1
408,408100252149411510408,"58,63.5,65.5,67,68,69.5,68.5",18.9,63.24,79.14,JiaXipera МM1060Y,18,1
408,408100252149411520408,"61,67.5,69,69.5,70,71,70",18.5,62.76,78.67,JiaXipera МM1060Y,18,1
408,408100252149406440408,"59,64.5,68,69.5,71,72.5,71.5",18.1,62.28,78.21,JiaXipera МM1060Y,18,1
408,408100252149411540408,"62,66,67.5,68.5,69,70.5,69.5",18.5,62.76,78.67,JiaXipera МM1060Y,18,1
408,408100252149533680408,"55.5,59,60,60.5,61,61.5,63,62.5",15.2,58.82,74.82,JiaXipera МM1060Y,18,1
408,408100252149535580408,"60,65,67.5,69,69.5,70.5,69.5",17.4,61.45,77.39,JiaXipera МM1060Y,18,1
408,408100252149411650408,"61.5,65.5,67,68.5,70,71,70.5,69",18.5,62.76,78.67,JiaXipera МM1060Y,18,1
408,408100252149411680408,"59,66,67.5,69.5,70.5,70,71,70",18.5,62.76,78.67,JiaXipera МM1060Y,18,1
408,408100252149409570408,"60.5,64.5,65.5,66.5,67.5,68,68.5",17.5,61.57,77.51,JiaXipera МM1060Y,18,1
408,408100252149411800408,"59.5,64,65.5,66,66.5,67,67.5,67",18.3,62.52,78.44,JiaXipera МM1060Y,18,1
408,408100252149721210408,"61,64.5,67,68.5,70.5,71.5,73,71.5",18.0,62.16,78.09,JiaXipera МM1060Y,18,1
408,408100252149534050408,"53,57.5,59.5,61,61.5,63.5,62.5,63.5",13.5,56.8,72.83,JiaXipera МM1060Y,18,1
408,408100252149411690408,"60,64,66,68,68.5,70,71,70.5",18.5,62.76,78.67,JiaXipera МM1060Y,18,1
408,408100252149719700408,"60,65.5,67.5,66.5,70.5,71",17.9,62.04,77.97,JiaXipera МM1060Y,18,1
408,408100252149534180408,"59.5,65,66.5,68.5,68,69,67.5",15.8,59.54,75.52,JiaXipera МM1060Y,18,1
408,408100252149408300408,"62,66.5,67,68,69,69.5,71,70.5",18.6,62.88,78.79,JiaXipera МM1060Y,18,1
408,408100252149535550408,"62.5,67.5,70,71,72.5,73,73.5,71",17.7,61.81,77.74,JiaXipera МM1060Y,18,1
408,408100252149411710408,"62.5,66,68,69,70,68",18.4,62.64,78.56,JiaXipera МM1060Y,18,1
408,408100252149407920408,"58.5,63.5,65.5,67,66.5,68,67.5,68,68.5",18.7,63.0,78.91,JiaXipera МM1060Y,18,1
408,408100252149678690408,"55.5,59,60,61,62.5,64,65,66.5,66",14.8,58.35,74.35,JiaXipera МM1060Y,18,1
408,408100252149805410408,"64,69,73,74.5,76,77,75.5",21.4,66.22,82.06,JiaXipera МM1060Y,18,1
408,408100252149411720408,"56.5,63,63.5,64,66,67.5,68,67.5",18.4,62.64,78.56,JiaXipera МM1060Y,18,1
408,408100252149406700408,"60,63.5,67,68.5,69.5,71,71.5,71,70",19.4,63.83,79.73,JiaXipera МM1060Y,18,1
408,408100252149676820408,"58,62,64.5,66,66.5,67.5,68,67",17.7,61.81,77.74,JiaXipera МM1060Y,18,1
408,408100252149409280408,"62,65,67,68,69,69.5,70,68.5",17.4,61.45,77.39,JiaXipera МM1060Y,18,1
408,408100252149411740408,"61.5,64,65.5,66.5,67.5,69,70,69",18.3,62.52,78.44,JiaXipera МM1060Y,18,1
408,408100252149411750408,"60,66.5,70,69,70,70.5,69.5",18.4,62.64,78.56,JiaXipera МM1060Y,18,1
408,408100252149411760408,"60,64.5,67.5,69,69.5,69,71.5,69",18.5,62.76,78.67,JiaXipera МM1060Y,18,1
408,408100252149338780408,"58.5,65.5,67.5,69,69.5,69,69.5,69",15.6,59.3,75.29,JiaXipera МM1060Y,18,1
408,408100252149411780408,"61,67.5,68,69.5,70.5,70",18.4,62.64,78.56,JiaXipera МM1060Y,18,1
408,408100252149719540408,"59.5,61.5,64.5,68.5,69.5,72,71,73",18.5,62.76,78.67,JiaXipera МM1060Y,18,1
408,408100252149411790408,"63,68.5,70,72,73,71.5,72",18.3,62.52,78.44,JiaXipera МM1060Y,18,1
408,408100252149411820408,"63,66.5,68,70.5,68.5,69.5,71,69",18.4,62.64,78.56,JiaXipera МM1060Y,18,1
408,408100252149678060408,"58,62.5,64,64.5,66,66.5,66",15.9,59.66,75.64,JiaXipera МM1060Y,18,1
408,408100252149676390408,"61,65.5,68.5,70.5,71.5,72.5,72",17.7,61.81,77.74,JiaXipera МM1060Y,18,1
408,408100252149411840408,"59.5,63.5,65.5,66.5,68,68.5,66.5",18.3,62.52,78.44,JiaXipera МM1060Y,18,1
408,408100252149411850408,"57.5,64,65,67,68,67.5",18.1,62.28,78.21,JiaXipera МM1060Y,18,1
408,408100252149407630408,"59,62,63.5,66.5,67,68,69.5,69",18.7,63.0,78.91,JiaXipera МM1060Y,18,1
408,408100252149534910408,"59.5,66.5,69,70,71,71.5,72",18.0,62.16,78.09,JiaXipera МM1060Y,18,1
408,408100252149408890408,"57.5,62.5,65,67,68,68.5,69,69.5,68.5",17.4,61.45,77.39,JiaXipera МM1060Y,18,1
408,408100252149409160408,"58.5,64.5,65.5,66.5,67.5,68.5,67",17.7,61.81,77.74,JiaXipera МM1060Y,18,1
408,408100252149677170408,"60,69.5,70,71,72.5,73.5,72.5",18.2,62.4,78.32,JiaXipera МM1060Y,18,1
408,408100252149411880408,"57.5,64.5,66,67,70,69,69.5,70",18.1,62.28,78.21,JiaXipera МM1060Y,18,1
408,408100252149411900408,"59,66.5,67.5,68.5,69,67.5",18.3,62.52,78.44,JiaXipera МM1060Y,18,1
408,408100252149338450408,"59,66,67,68,70,69,68.5,68",18.1,62.28,78.21,JiaXipera МM1060Y,18,1
408,408100252149411890408,"59,64,65,67.5,67,69,68",18.1,62.28,78.21,JiaXipera МM1060Y,18,1
408,408100252149721060408,"58.5,65,66.5,69,69.5,71.5,73,72,73.5",18.4,62.64,78.56,JiaXipera МM1060Y,18,1
408,408100252149411910408,"59,64,65,66.5,67.5,68,67",18.1,62.28,78.21,JiaXipera МM1060Y,18,1
408,408100252149411700408,"62.5,69,68.5,70,71,71.5,71,69.5",18.5,62.76,78.67,JiaXipera МM1060Y,18,1
408,408100252149411930408,"59.5,64.5,65.5,67,68.5,67.5",18.2,62.4,78.32,JiaXipera МM1060Y,18,1
408,408100252149719140408,"63.5,66.5,68,67.5,69,66.5,66",16.5,60.37,76.34,JiaXipera МM1060Y,18,1
408,408100252149410650408,"61,64,65,65.5,67,66.5,66",16.3,60.14,76.1,JiaXipera МM1060Y,18,1
408,408100252149411940408,"64,66.5,68.5,70,70.5,71,71.5,71",18.5,62.76,78.67,JiaXipera МM1060Y,18,1
408,408100252149719710408,"60,66,68,69.5,71,72,70",18.0,62.16,78.09,JiaXipera МM1060Y,18,1
408,408100252149534850408,"59.5,64.5,67,68,70.5,71.5,71",18.2,62.4,78.32,JiaXipera МM1060Y,18,1
408,408100252149411950408,"60,65,66.5,68,69,70,69",18.5,62.76,78.67,JiaXipera МM1060Y,18,1
408,408100252149678640408,"54.5,59.5,61.5,64.5,63.5,64.5,63",14.8,58.35,74.35,JiaXipera МM1060Y,18,1
408,408100252149411960408,"60,63.5,66.5,69.5,69,70,71.5,70",18.5,62.76,78.67,JiaXipera МM1060Y,18,1
408,408100252149533630408,"52.5,59.5,63,64.5,66,67.5,66.5",15.2,58.82,74.82,JiaXipera МM1060Y,18,1
408,408100252149535100408,"60,66,68.5,70,71,72,74,73",18.3,62.52,78.44,JiaXipera МM1060Y,18,1
408,408100252149533640408,"57,58,62,62.5,63.5,65,66.5",14.7,58.23,74.24,JiaXipera МM1060Y,18,1
408,408100252149717970408,"62,66.5,67.5,70,72,72.5,74,73.5",20.1,64.67,80.54,JiaXipera МM1060Y,18,1
408,408100252149533670408,"55,59,60.5,61.5,62,63,61.5,64",14.7,58.23,74.24,JiaXipera МM1060Y,18,1
408,408100252149677790408,"58,64,67,67.5,68.5,69.5,68.5",15.3,58.94,74.94,JiaXipera МM1060Y,18,1
408,408100252149533700408,"57,63.5,65,66.5,67,67.5,69,67",14.8,58.35,74.35,JiaXipera МM1060Y,18,1
408,408100252149533720408,"57.5,62,63,64,65.5,65,65.5,65",15.6,59.3,75.29,JiaXipera МM1060Y,18,1
408,408100252149533740408,"58,64,65,67.5,68.5,69,68.5",15.7,59.42,75.4,JiaXipera МM1060Y,18,1
408,408100252149407070408,"61,62,64.5,69,70.5,72.5,73,72",19.2,63.59,79.49,JiaXipera МM1060Y,18,1
408,408100252149533790408,"54,57,294,294,0.5,1,1,56.5,61,64.5",14.6,58.11,74.12,JiaXipera МM1060Y,18,1
408,408100252149411770408,"60,67,69,70,70.5,69.5",18.4,62.64,78.56,JiaXipera МM1060Y,18,1
408,408100252149676430408,"59.5,65.5,68,69,70,71,71.5,72",17.5,61.57,77.51,JiaXipera МM1060Y,18,1
408,408100252149804720408,"63.5,68.5,72.5,75.5,77,77.5,78,79",23.8,69.08,84.87,JiaXipera МM1060Y,18,1
408,408100252149534960408,"58,65.5,68.5,69,70.5,71.5,72.5,71",17.6,61.69,77.62,JiaXipera МM1060Y,18,1
408,408100252149533850408,"56,60,63,63.5,63,63.5",14.4,57.87,73.89,JiaXipera МM1060Y,18,1
408,408100252149721050408,"59,65,68,69,69.5,72,72.5,71.5",18.6,62.88,78.79,JiaXipera МM1060Y,18,1
408,408100252149339090408,"60,66.5,67.5,69,70,71.5,69.5",14.3,57.75,73.77,JiaXipera МM1060Y,18,1
408,408100252149533890408,"56.5,61,62.5,63.5,64,62.5,64,65,63.5",14.3,57.75,73.77,JiaXipera МM1060Y,18,1
408,408100252149805530408,"60,66.5,67,69,70.5,72,73",21.7,66.57,82.41,JiaXipera МM1060Y,18,1
408,408100252149533900408,"56.5,60,62.5,63,63.5,64.5,65.5,65",14.2,57.63,73.65,JiaXipera МM1060Y,18,1
408,408100252149533920408,"52.5,59.5,60,62,61.5,62,63.5,65",14.1,57.51,73.53,JiaXipera МM1060Y,18,1
408,408100252149534130408,"55.5,60,61,62.5,63,62,64,64.5",13.3,56.56,72.6,JiaXipera МM1060Y,18,1
408,408100252149533930408,"56.5,61,62.5,63,64.5,64,66,64",14.1,57.51,73.53,JiaXipera МM1060Y,18,1
408,408100252149718990408,"57,62,64.5,65,66.5,67.5,67,68.5",16.4,60.26,76.22,JiaXipera МM1060Y,18,1
408,408100252149533950408,"56.5,59,60.5,62.5,63.5,64,64.5,63.5",14.2,57.63,73.65,JiaXipera МM1060Y,18,1
408,408100252149533990408,"56,61,62.5,63.5,64,64.5,65,64",13.9,57.27,73.3,JiaXipera МM1060Y,18,1
408,408100252149534010408,"53.5,54.5,59,60.5,61,62,62.5,63.5,64",13.8,57.15,73.18,JiaXipera МM1060Y,18,1
408,408100252149534330408,"57.5,63,65.5,66.5,67.5,68,67.5",16.1,59.9,75.87,JiaXipera МM1060Y,18,1
408,408100252149718050408,"57,63.5,69.5,73,74.5,77,76,75.5",20.4,65.02,80.89,JiaXipera МM1060Y,18,1
408,408100252149676780408,"62,67.5,68,69.5,70.5,71,69.5",16.3,60.14,76.1,JiaXipera МM1060Y,18,1
408,408100252149534030408,"54,58,58.5,59,60.5,62,63.5",13.7,57.04,73.07,JiaXipera МM1060Y,18,1
408,408100252149534040408,"54.5,60.5,62,63.5,64,65.5,66,65",13.6,56.92,72.95,JiaXipera МM1060Y,18,1
408,408100252149534140408,"57.5,62,63,67,67.5,68.5,70",13.6,56.92,72.95,JiaXipera МM1060Y,18,1
408,408100252149534150408,"58.5,62.5,64,65,65.5,67,66.5,66",15.9,59.66,75.64,JiaXipera МM1060Y,18,1
408,408100252149720510408,"58.5,61.5,65.5,66.5,67.5,68,69.5,69,68.5",17.4,61.45,77.39,JiaXipera МM1060Y,18,1
408,408100252149719570408,"56.5,60,62,66,68.5,69",18.3,62.52,78.44,JiaXipera МM1060Y,18,1
408,408100252149534160408,"60,63,64.5,67,66.5,68.5,68,67.5",15.9,59.66,75.64,JiaXipera МM1060Y,18,1
408,408100252149407010408,"61,66,69,69.5,71,70.5,73,72.5,72",19.2,63.59,79.49,JiaXipera МM1060Y,18,1
408,408100252149676710408,"56.5,59,62,63.5,65,66.5,67,66",17.3,61.33,77.27,JiaXipera МM1060Y,18,1
408,408100252149534190408,"55.5,60,62.5,63.5,65.5,66.5,64.5",15.8,59.54,75.52,JiaXipera МM1060Y,18,1
408,408100252149535030408,"63,68,69,71,73,73.5,74.5,72.5",18.5,62.76,78.67,JiaXipera МM1060Y,18,1
408,408100252149534200408,"53.5,58,63,64.5,65,66,68,67",15.8,59.54,75.52,JiaXipera МM1060Y,18,1
408,408100252149408450408,"63,66.5,68.5,69.5,71.5,71,72,70",17.6,61.69,77.62,JiaXipera МM1060Y,18,1
408,408100252149534280408,"58.5,64.5,66,67,68.5,69,69.5,70",18.8,63.12,79.03,JiaXipera МM1060Y,18,1
408,408100252149345860408,"61.5,64,66,68.5,69,69.5,69,68",17.5,61.57,77.51,JiaXipera МM1060Y,18,1
408,408100252149676610408,"62,65,68,69,70,71,71.5,72,71",18.3,62.52,78.44,JiaXipera МM1060Y,18,1
408,408100252149719640408,"56.5,64.5,67.5,70,70.5,71,71.5,72",17.9,62.04,77.97,JiaXipera МM1060Y,18,1
408,408100252149719320408,"61,63,64.5,65.5,67,68,69,70,70.5,70,71",17.3,61.33,77.27,JiaXipera МM1060Y,18,1
408,408100252149534380408,"58,63.5,65.5,66.5,67,67.5,67,66",16.6,60.49,76.46,JiaXipera МM1060Y,18,1
408,408100252149717560408,"64.5,69,71.5,72,73,71",20.0,64.55,80.43,JiaXipera МM1060Y,18,1
408,408100252149534290408,"60.5,66.5,70,71,72,73,72.5",18.8,63.12,79.03,JiaXipera МM1060Y,18,1
408,408100252149535470408,"59,63.5,65,66.5,68,68.5,69.5",17.8,61.92,77.86,JiaXipera МM1060Y,18,1
408,408100252149534300408,"61.5,67,70,71,72.5,74,74.5,72.5",18.7,63.0,78.91,JiaXipera МM1060Y,18,1
408,408100252149676420408,"59.5,65.5,67.5,69,71,70",17.5,61.57,77.51,JiaXipera МM1060Y,18,1
408,408100252149534310408,"59,63,66,65,66.5,67,65.5",16.0,59.78,75.75,JiaXipera МM1060Y,18,1
408,408100252149534350408,"61,64,66,67,68.5,69,67.5",16.5,60.37,76.34,JiaXipera МM1060Y,18,1
408,408100252149534360408,"58.5,64.5,66,67.5,68.5,68,70,69.5",18.5,62.76,78.67,JiaXipera МM1060Y,18,1
408,408100252149410450408,"59.5,64,65.5,66.5,69,68,68.5,67",16.7,60.61,76.57,JiaXipera МM1060Y,18,1
408,408100252149406720408,"64.5,68.5,70.5,73.5,74,73.5,74,73.5",19.4,63.83,79.73,JiaXipera МM1060Y,18,1
408,408100252149534400408,"62.5,67,68,68.5,69,69.5,67.5,68.5",16.3,60.14,76.1,JiaXipera МM1060Y,18,1
408,408100252149534830408,"62,68,70,71.5,71,71.5,72,70.5",18.3,62.52,78.44,JiaXipera МM1060Y,18,1
408,408100252149720600408,"59,63.5,64.5,65,67.5,68.5,69.5,69",17.9,62.04,77.97,JiaXipera МM1060Y,18,1
408,408100252149534430408,"60,66.5,69.5,70.5,71.5,72,71.5",18.4,62.64,78.56,JiaXipera МM1060Y,18,1
408,408100252149677750408,"60,65.5,66.5,67.5,69,69.5,70.5",15.2,58.82,74.82,JiaXipera МM1060Y,18,1
408,408100252149805820408,"65,72,74,74.5,76,75.5,74.5,75,73.5",20.5,65.14,81.01,JiaXipera МM1060Y,18,1
408,408100252149339260408,"58,63,67,67.5,68.5,70,69",14.4,57.87,73.89,JiaXipera МM1060Y,18,1
408,408100252149676790408,"57,63,65.5,66.5,67.5,68.5,70,68.5",16.3,60.14,76.1,JiaXipera МM1060Y,18,1
408,408100252149534440408,"57.5,66,68,68.5,69.5,70.5,69.5",18.3,62.52,78.44,JiaXipera МM1060Y,18,1
408,408100252149805090408,"62,68,69.5,70,70.5,71.5,72",22.4,67.41,83.23,JiaXipera МM1060Y,18,1
408,408100252149534450408,"59,65,67.5,69.5,70,71.5,70.5,72",18.4,62.64,78.56,JiaXipera МM1060Y,18,1
408,408100252149805110408,"63.5,66.5,72.5,76,77.5,77,75",22.5,67.53,83.35,JiaXipera МM1060Y,18,1
408,408100252149717320408,"62.5,67.5,69.5,71.5,73.5,72",19.7,64.19,80.08,JiaXipera МM1060Y,18,1
408,408100252149534460408,"60.5,67.5,69,71,72,71.5,72",18.4,62.64,78.56,JiaXipera МM1060Y,18,1
408,408100252149406480408,"58.5,63,64.5,66,67,68.5,67",16.8,60.73,76.69,JiaXipera МM1060Y,18,1
408,408100252149534550408,"60,64.5,66,68,69,70.5,70,69",18.3,62.52,78.44,JiaXipera МM1060Y,18,1
408,408100252149534570408,"57.5,63,65,67,69,68.5,69.5,68",18.1,62.28,78.21,JiaXipera МM1060Y,18,1
408,408100252149804480408,"59.5,65,70,72,72.5,76,76.5,77",24.3,69.68,85.45,JiaXipera МM1060Y,18,1
408,408100252149406930408,"57.5,63.5,65,67,68.5,69,71,70",18.9,63.24,79.14,JiaXipera МM1060Y,18,1
408,408100252149339470408,"63,67.5,69.5,71.5,71,71.5,72.5,72",15.4,59.06,75.05,JiaXipera МM1060Y,18,1
408,408100252149534580408,"60.5,66.5,67.5,68.5,70,69,69.5,68",18.0,62.16,78.09,JiaXipera МM1060Y,18,1
408,408100252149534590408,"61.5,66,69,71,72,72.5,72",18.0,62.16,78.09,JiaXipera МM1060Y,18,1
408,408100252149410180408,"57,62,65.5,66.5,68.5,69.5,68",16.5,60.37,76.34,JiaXipera МM1060Y,18,1
408,408100252149717340408,"61,66,69,68.5,69,70,71,70",19.6,64.07,79.96,JiaXipera МM1060Y,18,1
408,408100252149804920408,"65,74,74.5,75.5,76,77,77.5,78.5,78,77.5,78",22.9,68.01,83.81,JiaXipera МM1060Y,18,1
408,408100252149534650408,"60.5,66.5,67.5,70.5,71,70",18.9,63.24,79.14,JiaXipera МM1060Y,18,1
408,408100252149534670408,"59,66.5,68.5,71,72,73,72.5,72",18.8,63.12,79.03,JiaXipera МM1060Y,18,1
408,408100252149534680408,"58.5,66.5,68,70.5,71,72.5,70",18.9,63.24,79.14,JiaXipera МM1060Y,18,1
408,408100252149339930408,"63.5,68,69.5,71,72.5,73.5,74,73",14.3,57.75,73.77,JiaXipera МM1060Y,18,1
408,408100252149410390408,"60,63.5,66,68,66.5,68,67",17.0,60.97,76.92,JiaXipera МM1060Y,18,1
408,408100252149534800408,"62,65.5,68,69.5,71,71.5,70.5",18.2,62.4,78.32,JiaXipera МM1060Y,18,1
408,408100252149534820408,"64,69.5,71.5,73,72.5,73.5,74,71.5",18.2,62.4,78.32,JiaXipera МM1060Y,18,1
408,408100252149406060408,"58.5,65.5,67,68,70,70.5,71",17.2,61.21,77.16,JiaXipera МM1060Y,18,1
408,408100252149534900408,"61,66,68.5,70,70.5,71,71.5,71,72,71.5,72,71.5,72",18.0,62.16,78.09,JiaXipera МM1060Y,18,1
408,408100252149338970408,"60,65,66.5,67,67.5,69,70,69",15.1,58.7,74.7,JiaXipera МM1060Y,18,1
408,408100252149534930408,"60.5,66,68,69,70,72,71.5,71",17.7,61.81,77.74,JiaXipera МM1060Y,18,1
408,408100252149677670408,"54.5,61,63.5,64,64.5,66,67.5,68,67.5",15.5,59.18,75.17,JiaXipera МM1060Y,18,1
408,408100252149534940408,"61.5,66,68.5,69,70,71,70",17.7,61.81,77.74,JiaXipera МM1060Y,18,1
408,408100252149407320408,"55.5,61,66.5,67.5,68.5,70.5,69",18.5,62.76,78.67,JiaXipera МM1060Y,18,1
408,408100252149534950408,"57.5,63,66,67.5,68.5,70,70.5,69.5",17.7,61.81,77.74,JiaXipera МM1060Y,18,1
408,408100252149805430408,"66.5,69,73,75.5,76.5,77,77.5,78.5,77.5",21.5,66.34,82.18,JiaXipera МM1060Y,18,1
408,408100252149677280408,"60.5,63,68,69,69.5,70",18.3,62.52,78.44,JiaXipera МM1060Y,18,1
408,408100252149678020408,"58,63,66,68.5,69,68,68.5,67",16.0,59.78,75.75,JiaXipera МM1060Y,18,1
408,408100252149535010408,"64,68,70.5,73,74.5,75,73.5",18.5,62.76,78.67,JiaXipera МM1060Y,18,1
408,408100252149407900408,"60.5,63,65,65.5,66,68,67.5,69,69.5,69,69.5",19.0,63.36,79.26,JiaXipera МM1060Y,18,1
408,408100252149677100408,"58.5,64,67,68,68.5,69,69.5,70.5,70",14.9,58.47,74.47,JiaXipera МM1060Y,18,1
408,408100252149717730408,"63,66,68,70.5,71.5,73,74,73",20.0,64.55,80.43,JiaXipera МM1060Y,18,1
408,408100252149535020408,"60,65,67.5,68,69.5,70,71,70",18.5,62.76,78.67,JiaXipera МM1060Y,18,1
408,408100252149535060408,"61.5,67,68,70,71,72,72.5,71.5",18.4,62.64,78.56,JiaXipera МM1060Y,18,1
408,408100252149718780408,"58,61.5,64.5,66.5,67,68,69.5,72",16.9,60.85,76.81,JiaXipera МM1060Y,18,1
408,408100252149535070408,"63.5,68.5,70.5,72,74,73.5,72",18.4,62.64,78.56,JiaXipera МM1060Y,18,1
408,408100252149535090408,"61.5,68,70,72,73,72,73,71.5",18.3,62.52,78.44,JiaXipera МM1060Y,18,1
408,408100252149535160408,"60.5,66,68.5,69,70,70.5,70",18.0,62.16,78.09,JiaXipera МM1060Y,18,1
408,408100252149677660408,"57,61.5,63,65.5,66.5,67,66",15.5,59.18,75.17,JiaXipera МM1060Y,18,1
408,408100252149535170408,"60,66,68,68.5,69.5,72,71.5",18.1,62.28,78.21,JiaXipera МM1060Y,18,1
408,408100252149409370408,"58.5,64,65.5,66.5,67.5,68.5,70,68.5,69",17.0,60.97,76.92,JiaXipera МM1060Y,18,1
408,408100252149535180408,"60.5,66.5,69,69.5,71.5,72,70.5",18.1,62.28,78.21,JiaXipera МM1060Y,18,1
408,408100252149719480408,"59.5,64.5,67.5,68,67.5,68.5,70",18.6,62.88,78.79,JiaXipera МM1060Y,18,1
408,408100252149410630408,"61,65.5,67,68,70,69,69",16.3,60.14,76.1,JiaXipera МM1060Y,18,1
408,408100252149535190408,"60.5,67,69.5,71,72,71.5,73,71",18.0,62.16,78.09,JiaXipera МM1060Y,18,1
408,408100252149535200408,"62.5,67,69,70,71,71.5,72,71.5",18.0,62.16,78.09,JiaXipera МM1060Y,18,1
408,408100252149719960408,"59,63.5,67.5,70,69.5,70.5,72,71.5,73",19.7,64.19,80.08,JiaXipera МM1060Y,18,1
408,408100252149678380408,"55,59,60.5,61,62.5,63.5,65,65.5",15.2,58.82,74.82,JiaXipera МM1060Y,18,1
408,408100252149535230408,"61,66.5,69,71,71.5,70.5",17.8,61.92,77.86,JiaXipera МM1060Y,18,1
408,408100252149535240408,"60.5,66,67.5,69.5,71,72.5,71.5",18.0,62.16,78.09,JiaXipera МM1060Y,18,1
408,408100252149405990408,"58.5,64,65.5,66.5,67.5,69.5,70",17.4,61.45,77.39,JiaXipera МM1060Y,18,1
408,408100252149535250408,"58,64.5,66.5,68,69.5,69",18.2,62.4,78.32,JiaXipera МM1060Y,18,1
408,408100252149535260408,"60.5,66,68,70.5,70,71.5,72,71.5",17.8,61.92,77.86,JiaXipera МM1060Y,18,1
408,408100252149535390408,"59,65,66.5,68,68.5,70.5,71.5,71",18.3,62.52,78.44,JiaXipera МM1060Y,18,1
408,408100252149676920408,"60.5,65.5,68,70.5,71.5,70.5,72.5,71",16.5,60.37,76.34,JiaXipera МM1060Y,18,1
408,408100252149535420408,"60.5,64.5,67.5,67,68,69.5,70,69.5",18.1,62.28,78.21,JiaXipera МM1060Y,18,1
408,408100252149535450408,"59,65.5,69,71.5,73,74,74.5,73",17.9,62.04,77.97,JiaXipera МM1060Y,18,1
408,408100252149535460408,"61,65.5,66.5,67.5,69.5,70,71,69.5",17.9,62.04,77.97,JiaXipera МM1060Y,18,1
408,408100252149535510408,"59,64.5,66,69.5,68.5,69.5,70.5,70",17.6,61.69,77.62,JiaXipera МM1060Y,18,1
408,408100252149717850408,"65.5,68,71,70.5,72,73,74.5",20.5,65.14,81.01,JiaXipera МM1060Y,18,1
408,408100252149408710408,"60.5,62.5,64.5,66,67.5,70,70.5,71,70.5",17.9,62.04,77.97,JiaXipera МM1060Y,18,1
408,408100252149535540408,"63.5,68,70.5,70,71.5,72,71",17.6,61.69,77.62,JiaXipera МM1060Y,18,1
408,408100252149677500408,"59,62.5,65,65.5,67,66,67.5,66",15.6,59.3,75.29,JiaXipera МM1060Y,18,1
408,408100252149535570408,"61,65.5,68,70,70.5,70,70.5,69.5",17.6,61.69,77.62,JiaXipera МM1060Y,18,1
408,408100252149677940408,"62,64,66,68,68.5,69.5,67.5",16.3,60.14,76.1,JiaXipera МM1060Y,18,1
408,408100252149676900408,"63,69.5,71,72.5,74.5,75,75.5,74.5",17.8,61.92,77.86,JiaXipera МM1060Y,18,1
408,408100252149535590408,"58.5,66,65,67,67.5,68.5,69.5",17.6,61.69,77.62,JiaXipera МM1060Y,18,1
408,408100252149718950408,"56,59,61.5,64,68,68.5,70,68.5,69.5,68.5",17.3,61.33,77.27,JiaXipera МM1060Y,18,1
408,408100252149676270408,"62.5,68.5,71,71.5,73.5,74",17.7,61.81,77.74,JiaXipera МM1060Y,18,1
408,408100252149676290408,"58,65.5,68,67,69.5,71,72.5,71",18.0,62.16,78.09,JiaXipera МM1060Y,18,1
408,408100252149676350408,"57.5,63,66,67,68,69,70,69",17.8,61.92,77.86,JiaXipera МM1060Y,18,1
408,408100252149676370408,"56.5,63,65.5,67.5,68,68.5,69",17.8,61.92,77.86,JiaXipera МM1060Y,18,1
408,408100252149676380408,"58,63.5,66,67,69,71.5,71,71.5",17.7,61.81,77.74,JiaXipera МM1060Y,18,1
408,408100252149676400408,"58.5,64.5,67,68.5,69.5,70,71,70",17.7,61.81,77.74,JiaXipera МM1060Y,18,1
408,408100252149410910408,"58,62.5,66,68.5,69,70.5,69",19.2,63.59,79.49,JiaXipera МM1060Y,18,1
408,408100252149676410408,"65,67,68.5,69.5,70,69,69.5",17.7,61.81,77.74,JiaXipera МM1060Y,18,1
408,408100252149718800408,"58,63,66.5,68,68.5,69.5,69",17.1,61.09,77.04,JiaXipera МM1060Y,18,1
408,408100252149534210408,"58.5,63.5,65.5,67.5,67,69,67",15.9,59.66,75.64,JiaXipera МM1060Y,18,1
408,408100252149676840408,"58.5,64.5,66.5,67.5,69,69.5,71,68.5",17.8,61.92,77.86,JiaXipera МM1060Y,18,1
408,408100252149678670408,"56.5,61,63,64,64.5,65",14.8,58.35,74.35,JiaXipera МM1060Y,18,1
408,408100252149676440408,"61.5,66,68,69.5,70,71.5,72,72",17.6,61.69,77.62,JiaXipera МM1060Y,18,1
408,408100252149718710408,"61.5,66,68,71,70.5,71,70.5,71.5,70",17.1,61.09,77.04,JiaXipera МM1060Y,18,1
408,408100252149676470408,"61.5,67,69,70,71.5,72,71",17.6,61.69,77.62,JiaXipera МM1060Y,18,1
408,408100252149676490408,"59,61.5,65.5,66.5,68,68.5,70,70.5,69.5",17.3,61.33,77.27,JiaXipera МM1060Y,18,1
408,408100252149678180408,"58.5,63,64.5,66.5,67,67.5,69,67",15.6,59.3,75.29,JiaXipera МM1060Y,18,1
408,408100252149676500408,"60,67,69.5,70.5,71.5,72.5,72,71.5",17.4,61.45,77.39,JiaXipera МM1060Y,18,1
408,408100252149676980408,"61,66,71,74,75,76.5,77,76",19.6,64.07,79.96,JiaXipera МM1060Y,18,1
408,408100252149676510408,"61.5,66.5,69,69.5,71,71.5,70.5",17.3,61.33,77.27,JiaXipera МM1060Y,18,1
408,408100252149676770408,"59,64.5,67,68.5,69.5,70.5,71,69.5",16.3,60.14,76.1,JiaXipera МM1060Y,18,1
408,408100252149676520408,"59,64.5,67,68.5,69,69.5,69",17.2,61.21,77.16,JiaXipera МM1060Y,18,1
408,408100252149407670408,"58.5,64.5,67.5,68,69.5,70",18.7,63.0,78.91,JiaXipera МM1060Y,18,1
408,408100252149676530408,"58.5,65,67,69,69.5,70,69.5,70,69.5,69",17.2,61.21,77.16,JiaXipera МM1060Y,18,1
408,408100252149719550408,"61,67,68.5,69.5,70.5,71.5,72",18.4,62.64,78.56,JiaXipera МM1060Y,18,1
408,408100252149676570408,"61.5,66,67.5,68.5,69.5,71.5,71",17.3,61.33,77.27,JiaXipera МM1060Y,18,1
408,408100252149719760408,"55.5,59.5,63,67,68,69,69.5,68",18.3,62.52,78.44,JiaXipera МM1060Y,18,1
408,408100252149411500408,"62,68.5,68,68.5,71,72.5,73,72",18.5,62.76,78.67,JiaXipera МM1060Y,18,1
408,408100252149676580408,"58.5,62.5,65,66,68,69,69.5,68.5",17.2,61.21,77.16,JiaXipera МM1060Y,18,1
408,408100252149676600408,"61,67,69.5,70.5,71.5,72.5,71.5",17.0,60.97,76.92,JiaXipera МM1060Y,18,1
408,408100252149406620408,"57.5,63.5,65,67,68.5,67.5,68.5,67.5",17.0,60.97,76.92,JiaXipera МM1060Y,18,1
408,408100252149678340408,"59.5,63.5,65.5,66,67.5,68,68.5,67.5",15.4,59.06,75.05,JiaXipera МM1060Y,18,1
408,408100252149410500408,"56,63.5,65,64.5,65.5,66.5,67,66.5,65.5",16.6,60.49,76.46,JiaXipera МM1060Y,18,1
408,408100252149676630408,"55.5,60,63,64,67,68,69,69.5",18.3,62.52,78.44,JiaXipera МM1060Y,18,1
408,408100252149676640408,"63,66,69,69.5,70.5,70,71,70.5",17.5,61.57,77.51,JiaXipera МM1060Y,18,1
408,408100252149676650408,"60.5,65,68.5,67.5,70,71,71.5,71",17.0,60.97,76.92,JiaXipera МM1060Y,18,1
408,408100252149677510408,"59,62.5,63.5,65.5,66,69.5,68.5,66.5,67.5",15.7,59.42,75.4,JiaXipera МM1060Y,18,1
408,408100252149676720408,"58.5,64.5,65.5,66.5,68,68.5,67.5",16.5,60.37,76.34,JiaXipera МM1060Y,18,1
408,408100252149338620408,"57.5,63.5,65,64.5,65.5,66.5,66",16.7,60.61,76.57,JiaXipera МM1060Y,18,1
408,408100252149346290408,"64,70,70.5,71.5,73.5,72.5,73.5,72.5",15.4,59.06,75.05,JiaXipera МM1060Y,18,1
408,408100252149677600408,"57,62.5,66,67,68.5,67,68.5,66.5",15.3,58.94,74.94,JiaXipera МM1060Y,18,1
408,408100252149718140408,"61,65,65.5,66.5,69.5,70.5,71.5,72.5,71.5",19.7,64.19,80.08,JiaXipera МM1060Y,18,1
408,408100252149676730408,"59,64.5,67,68,68.5,69,70.5,68.5",16.4,60.26,76.22,JiaXipera МM1060Y,18,1
408,408100252149676750408,"59.5,63.5,66,67.5,67,69,68.5",16.3,60.14,76.1,JiaXipera МM1060Y,18,1
408,408100252149533660408,"54.5,59.5,60.5,62,63,64.5,64,62.5,63",14.9,58.47,74.47,JiaXipera МM1060Y,18,1
408,408100252149676830408,"57.5,62.5,65,66,67,69,71,70",17.9,62.04,77.97,JiaXipera МM1060Y,18,1
408,408100252149676870408,"61.5,67.5,70.5,72.5,73.5,75,74,74.5",17.7,61.81,77.74,JiaXipera МM1060Y,18,1
408,408100252149676880408,"60.5,64,68,69.5,70.5,71.5,73",18.3,62.52,78.44,JiaXipera МM1060Y,18,1
408,408100252149804710408,"62.5,68,72,74,75,76,76.5,77,77.5",23.8,69.08,84.87,JiaXipera МM1060Y,18,1
408,408100252149676910408,"63.5,70,71,72,73.5,73",18.0,62.16,78.09,JiaXipera МM1060Y,18,1
408,408100252149677260408,"58.5,65,66.5,67.5,68,68.5,69.5,68",15.2,58.82,74.82,JiaXipera МM1060Y,18,1
408,408100252149676940408,"57,61.5,65.5,66.5,67,68,68.5,68,69",15.9,59.66,75.64,JiaXipera МM1060Y,18,1
408,408100252149717630408,"62,68,70,71,73,73.5,74,73",20.0,64.55,80.43,JiaXipera МM1060Y,18,1
408,408100252149406130408,"65,69,71,73.5,73,74,72.5",18.3,62.52,78.44,JiaXipera МM1060Y,18,1
408,408100252149676950408,"53.5,59,63,64,65.5,66.5,68,67",16.9,60.85,76.81,JiaXipera МM1060Y,18,1
408,408100252149719450408,"58,62.5,64,65.5,64.5,66,67,68,69",18.1,62.28,78.21,JiaXipera МM1060Y,18,1
408,408100252149676960408,"58.5,64,66,66.5,67.5,68,69,68.5",15.8,59.54,75.52,JiaXipera МM1060Y,18,1
408,408100252149718250408,"61.5,64.5,67,70.5,72.5,74,74.5",19.0,63.36,79.26,JiaXipera МM1060Y,18,1
408,408100252149407280408,"63,68,70.5,71.5,71,70.5",18.9,63.24,79.14,JiaXipera МM1060Y,18,1
408,408100252149410260408,"54.5,61.5,63.5,64,64.5,65.5,66.5,65.5",16.5,60.37,76.34,JiaXipera МM1060Y,18,1
408,408100252149676970408,"58,63,65,65.5,67.5,68.5,69,67.5",16.3,60.14,76.1,JiaXipera МM1060Y,18,1
408,408100252149678360408,"57.5,61.5,63,63.5,64.5,65,64,63.5",15.2,58.82,74.82,JiaXipera МM1060Y,18,1
408,408100252149677000408,"55,60.5,62,63.5,65.5,66.5,68,67",16.9,60.85,76.81,JiaXipera МM1060Y,18,1
408,408100252149339070408,"61,66,68,70,69,70,71.5,70",14.7,58.23,74.24,JiaXipera МM1060Y,18,1
408,408100252149677010408,"58,65,66.5,67.5,68.5,68,67,67.5",15.9,59.66,75.64,JiaXipera МM1060Y,18,1
408,408100252149408100408,"59.5,64.5,67.5,68,68.5,69.5,69,68.5",18.5,62.76,78.67,JiaXipera МM1060Y,18,1
408,408100252149677020408,"61.5,66.5,68,69.5,70,69.5",15.3,58.94,74.94,JiaXipera МM1060Y,18,1
408,408100252149677040408,"58,63,66,68,68.5,68,69,68.5",15.3,58.94,74.94,JiaXipera МM1060Y,18,1
408,408100252149677090408,"56.5,62,63.5,64.5,66.5,66,65.5",15.0,58.59,74.59,JiaXipera МM1060Y,18,1
408,408100252149677110408,"57.5,63,66.5,67,68.5,69.5,70,68.5",14.8,58.35,74.35,JiaXipera МM1060Y,18,1
408,408100252149410060408,"60.5,63.5,66,68.5,68,68.5,69,68.5",17.0,60.97,76.92,JiaXipera МM1060Y,18,1
408,408100252149677190408,"58,63.5,65,66.5,66,66.5,67,68,67.5",14.8,58.35,74.35,JiaXipera МM1060Y,18,1
408,408100252149718190408,"60.5,65.5,69,70,71.5,72,71",19.6,64.07,79.96,JiaXipera МM1060Y,18,1
408,408100252149677230408,"58.5,63.5,66,66.5,67,67.5,68.5,67",14.8,58.35,74.35,JiaXipera МM1060Y,18,1
408,408100252149677240408,"58.5,64,65.5,67,68.5,69,70,69.5",16.2,60.02,75.99,JiaXipera МM1060Y,18,1
408,408100252149534780408,"61.5,66,68,69,70,69",18.5,62.76,78.67,JiaXipera МM1060Y,18,1
408,408100252149718130408,"60.5,62,67.5,68.5,69,69.5,70.5,70,71.5,70.5",19.7,64.19,80.08,JiaXipera МM1060Y,18,1
408,408100252149677270408,"56,61,64,65,65.5,67,68.5,70,69.5,70,69.5",18.2,62.4,78.32,JiaXipera МM1060Y,18,1
408,408100252149677300408,"61.5,66,67,68.5,70.5,71,70.5,69",16.3,60.14,76.1,JiaXipera МM1060Y,18,1
408,408100252149677310408,"55.5,60.5,63.5,64.5,65.5,66,65",15.9,59.66,75.64,JiaXipera МM1060Y,18,1
408,408100252149406160408,"63.5,68.5,67,68.5,69.5,70,72.5,71",17.6,61.69,77.62,JiaXipera МM1060Y,18,1
408,408100252149677320408,"57,62.5,63,65.5,65,65.5,64",15.8,59.54,75.52,JiaXipera МM1060Y,18,1
408,408100252149407230408,"61.5,65,67.5,70,70.5,71.5,70",18.9,63.24,79.14,JiaXipera МM1060Y,18,1
408,408100252149677330408,"59.5,64,66,67.5,68,68.5,66.5",15.9,59.66,75.64,JiaXipera МM1060Y,18,1
408,408100252149677340408,"58,62.5,65,66.5,68,68.5,67.5",14.4,57.87,73.89,JiaXipera МM1060Y,18,1
408,408100252149717940408,"59,62.5,67.5,69.5,71.5,72.5,73,75,76,75.5",20.2,64.79,80.66,JiaXipera МM1060Y,18,1
408,408100252149677350408,"61.5,66,67.5,69,71.5,73.5,74,73.5,71.5",18.3,62.52,78.44,JiaXipera МM1060Y,18,1
408,408100252149677360408,"58,63.5,64,66.5,65.5,66,67.5,66",14.4,57.87,73.89,JiaXipera МM1060Y,18,1
408,408100252149407780408,"54,56,58.5,63,63.5,65,66,67.5,67",18.6,62.88,78.79,JiaXipera МM1060Y,18,1
408,408100252149677380408,"56.5,63,64.5,65.5,64.5,65,64.5",14.4,57.87,73.89,JiaXipera МM1060Y,18,1
408,408100252149677440408,"59,65.5,66.5,66,66.5,68.5,68,68.5",15.9,59.66,75.64,JiaXipera МM1060Y,18,1
408,408100252149677450408,"60.5,64,66.5,67,67.5,68.5,70,68.5",15.9,59.66,75.64,JiaXipera МM1060Y,18,1
408,408100252149677470408,"57.5,61.5,64,65,66.5,67.5,68.5,68",14.8,58.35,74.35,JiaXipera МM1060Y,18,1
408,408100252149721140408,"61,66.5,69,70,72,73.5,74,73.5",18.2,62.4,78.32,JiaXipera МM1060Y,18,1
408,408100252149339040408,"59,64.5,66,67,69,70,68.5",15.1,58.7,74.7,JiaXipera МM1060Y,18,1
408,408100252149677480408,"57,63,65,67,69.5,68,67.5,66.5",15.8,59.54,75.52,JiaXipera МM1060Y,18,1
408,408100252149677530408,"57.5,62,63.5,65.5,67,64.5,65.5,65",15.5,59.18,75.17,JiaXipera МM1060Y,18,1
408,408100252149677540408,"56,59,61,65,65.5,66.5,68,66.5",15.4,59.06,75.05,JiaXipera МM1060Y,18,1
408,408100252149406730408,"64,67,70,70.5,71.5,72.5,73,72.5",19.4,63.83,79.73,JiaXipera МM1060Y,18,1
408,408100252149677550408,"56,62.5,63.5,69,70.5,70,69.5,68.5,69",15.3,58.94,74.94,JiaXipera МM1060Y,18,1
408,408100252149677560408,"56.5,60,62.5,63.5,64.5,66.5,65.5",15.3,58.94,74.94,JiaXipera МM1060Y,18,1
408,408100252149535210408,"61.5,66.5,68.5,70,71,70.5",18.0,62.16,78.09,JiaXipera МM1060Y,18,1
408,408100252149677590408,"60.5,65.5,67,68,69,69.5,70",15.3,58.94,74.94,JiaXipera МM1060Y,18,1
408,408100252149677640408,"61,66,66.5,67,67.5,69,69.5,70",15.3,58.94,74.94,JiaXipera МM1060Y,18,1
408,408100252149677650408,"54,60.5,63.5,65.5,66,67,66.5",15.5,59.18,75.17,JiaXipera МM1060Y,18,1
408,408100252149677700408,"58.5,63.5,65,65.5,66.5,67,66",15.2,58.82,74.82,JiaXipera МM1060Y,18,1
408,408100252149677710408,"58.5,60.5,64,66.5,68,68.5,67.5,69",15.2,58.82,74.82,JiaXipera МM1060Y,18,1
408,408100252149677720408,"57.5,61,63,64,65.5,66.5,67.5,65.5",15.2,58.82,74.82,JiaXipera МM1060Y,18,1
408,408100252149677740408,"60,66.5,68,69.5,70,70.5,72,70.5",15.4,59.06,75.05,JiaXipera МM1060Y,18,1
408,408100252149677760408,"58,64.5,66.5,68,67.5,67",15.3,58.94,74.94,JiaXipera МM1060Y,18,1
408,408100252149677810408,"62.5,64.5,65,66,64.5,65.5,64",15.2,58.82,74.82,JiaXipera МM1060Y,18,1
408,408100252149677830408,"58.5,64,64.5,65.5,66,66.5",15.2,58.82,74.82,JiaXipera МM1060Y,18,1
408,408100252149409780408,"60.5,61.5,63,64,65,66,67,66.5,67.5,68.5,69,69.5,69,70,69.5,70.5,70,69.5,70,69.5,70,69.5",17.2,61.21,77.16,JiaXipera МM1060Y,18,1
408,408100252149411550408,"54,60.5,62.5,63.5,65,66.5,68,67.5",18.3,62.52,78.44,JiaXipera МM1060Y,18,1
408,408100252149677840408,"58.5,62.5,64.5,66,68,66.5",15.1,58.7,74.7,JiaXipera МM1060Y,18,1
408,408100252149677850408,"55,59.5,61.5,65,66,66.5,65.5,64",15.1,58.7,74.7,JiaXipera МM1060Y,18,1
408,408100252149534110408,"54.5,59,61,63,62.5,63,63.5,63,64",13.4,56.68,72.72,JiaXipera МM1060Y,18,1
408,408100252149677860408,"54.5,58.5,63.5,64.5,65,66,67.5",15.1,58.7,74.7,JiaXipera МM1060Y,18,1
408,408100252149409300408,"59,61.5,63,68.5,68,69,70",17.3,61.33,77.27,JiaXipera МM1060Y,18,1
408,408100252149677960408,"60,64.5,66,67.5,68,69,70,69",16.3,60.14,76.1,JiaXipera МM1060Y,18,1
408,408100252149677980408,"58.5,60.5,61.5,65,65.5,66,67.5,67",16.2,60.02,75.99,JiaXipera МM1060Y,18,1
408,408100252149678040408,"56,62,63.5,64.5,65.5,66.5,67.5,66",15.9,59.66,75.64,JiaXipera МM1060Y,18,1
408,408100252149678010408,"60,63,65,66,66.5,68,66,66.5",16.0,59.78,75.75,JiaXipera МM1060Y,18,1
408,408100252149678080408,"58,63,65.5,65,65.5,65,66.5,65.5",15.7,59.42,75.4,JiaXipera МM1060Y,18,1
408,408100252149678070408,"58.5,63,64,65.5,67.5,66.5",16.2,60.02,75.99,JiaXipera МM1060Y,18,1
408,408100252149678090408,"60,64.5,65.5,67.5,68.5,69,68",15.9,59.66,75.64,JiaXipera МM1060Y,18,1
408,408100252149410040408,"59,64,66.5,68,70,71,70",17.0,60.97,76.92,JiaXipera МM1060Y,18,1
408,408100252149678110408,"58,64,64.5,65.5,67,68.5,68",15.7,59.42,75.4,JiaXipera МM1060Y,18,1
408,408100252149678120408,"60,65.5,66.5,67.5,68.5,69,70,69",15.8,59.54,75.52,JiaXipera МM1060Y,18,1
408,408100252149678130408,"58,63.5,65.5,65,67,68,67.5",15.7,59.42,75.4,JiaXipera МM1060Y,18,1
408,408100252149678150408,"58.5,62.5,65,64,65.5,66,67,65",15.7,59.42,75.4,JiaXipera МM1060Y,18,1
408,408100252149678160408,"64.5,66,67,67.5,68.5,67,66.5",15.7,59.42,75.4,JiaXipera МM1060Y,18,1
408,408100252149678170408,"58,63,65,66,67,68,67.5",15.6,59.3,75.29,JiaXipera МM1060Y,18,1
408,408100252149411250408,"61,66,67,68.5,69.5,70,70.5,69.5",19.2,63.59,79.49,JiaXipera МM1060Y,18,1
408,408100252149678210408,"56,63,64.5,66.5,66,66.5,67.5,66",15.6,59.3,75.29,JiaXipera МM1060Y,18,1
408,408100252149718320408,"57,65.5,67.5,70,71,70.5,71.5",19.0,63.36,79.26,JiaXipera МM1060Y,18,1
408,408100252149719260408,"58,64,65.5,66,65.5,66.5,67.5,67",15.7,59.42,75.4,JiaXipera МM1060Y,18,1
408,408100252149410280408,"58,63,64.5,65.5,66.5,67,68",16.5,60.37,76.34,JiaXipera МM1060Y,18,1
408,408100252149678280408,"57,63.5,64.5,66,67,67.5,68,67.5",15.8,59.54,75.52,JiaXipera МM1060Y,18,1
408,408100252149718070408,"62,67.5,70,72.5,73,74.5,73",19.8,64.31,80.19,JiaXipera МM1060Y,18,1
408,408100252149677920408,"59,63.5,64.5,66,67,67.5,68.5,66.5",16.4,60.26,76.22,JiaXipera МM1060Y,18,1
408,408100252149718180408,"65.5,68.5,69,68,70,70.5,71,70.5,70",19.6,64.07,79.96,JiaXipera МM1060Y,18,1
408,408100252149678300408,"58.5,63,65,66.5,67.5,68,68.5,67.5",15.7,59.42,75.4,JiaXipera МM1060Y,18,1
408,408100252149677370408,"59,62.5,64.5,66,64.5,67,67.5,68,67",14.7,58.23,74.24,JiaXipera МM1060Y,18,1
408,408100252149678330408,"55,61.5,65,65.5,66.5,67,66",15.7,59.42,75.4,JiaXipera МM1060Y,18,1
408,408100252149411530408,"62.5,68,69.5,70,71.5,72.5,71.5",18.4,62.64,78.56,JiaXipera МM1060Y,18,1
408,408100252149678370408,"57,62,64.5,65,65.5,64.5,66.5,65",15.2,58.82,74.82,JiaXipera МM1060Y,18,1
408,408100252149718490408,"61.5,63.5,65,66,67,68.5,69.5,70.5,71",18.2,62.4,78.32,JiaXipera МM1060Y,18,1
408,408100252149717530408,"61.5,65,67.5,69,69.5,70.5,71,72",20.2,64.79,80.66,JiaXipera МM1060Y,18,1
408,408100252149678510408,"56.5,60,61.5,64,64.5,65,67.5,66.5",15.7,59.42,75.4,JiaXipera МM1060Y,18,1
408,408100252149678560408,"57.5,57,61,61.5,62.5,63.5,64.5,65,64",15.6,59.3,75.29,JiaXipera МM1060Y,18,1
408,408100252149678570408,"57,62,63.5,65,66.5,66,66.5,65.5",15.5,59.18,75.17,JiaXipera МM1060Y,18,1
408,408100252149718020408,"61.5,66.5,67,69.5,70.5,71.5,71,71.5,73",19.9,64.43,80.31,JiaXipera МM1060Y,18,1
408,408100252149678580408,"57.5,62,64,66,67.5,68,66.5",15.5,59.18,75.17,JiaXipera МM1060Y,18,1
408,408100252149678590408,"57,61,63.5,64.5,65.5,67,68.5,69",15.5,59.18,75.17,JiaXipera МM1060Y,18,1
408,408100252149804680408,"60.5,66,68,69.5,71,72,72.5,73,72",20.2,64.79,80.66,JiaXipera МM1060Y,18,1
408,408100252149678600408,"56.5,61,62.5,63.5,65,65.5,66,65",15.5,59.18,75.17,JiaXipera МM1060Y,18,1
408,408100252149678620408,"60,63,64,65,66,64",15.6,59.3,75.29,JiaXipera МM1060Y,18,1
408,408100252149717250408,"62.5,66.5,68.5,69,71,73,72.5,72",19.8,64.31,80.19,JiaXipera МM1060Y,18,1
408,408100252149717290408,"62,68.5,70,71,72.5,73,73.5,72",19.7,64.19,80.08,JiaXipera МM1060Y,18,1
408,408100252149717310408,"64,70,72.5,72,73.5,73,74.5",19.6,64.07,79.96,JiaXipera МM1060Y,18,1
408,408100252149717330408,"61,65.5,66.5,69,70,72,73.5,72.5",19.5,63.95,79.84,JiaXipera МM1060Y,18,1
408,408100252149804900408,"65,68,70.5,75,76.5,77.5,79,78",23.5,68.72,84.52,JiaXipera МM1060Y,18,1
408,408100252149407840408,"57.5,63.5,66.5,67,67.5,69.5,68.5,69.5",18.6,62.88,78.79,JiaXipera МM1060Y,18,1
408,408100252149717380408,"60.5,65.5,66.5,68.5,69,69.5,70,70.5,72.5",19.6,64.07,79.96,JiaXipera МM1060Y,18,1
408,408100252149408340408,"56.5,61,63.5,64.5,66.5,67,68,67",18.0,62.16,78.09,JiaXipera МM1060Y,18,1
408,408100252149717390408,"62.5,67.5,69.5,71.5,73,73.5,72",19.3,63.71,79.61,JiaXipera МM1060Y,18,1
408,408100252149717430408,"56,60.5,63.5,66,68,69.5,69,70",19.1,63.47,79.38,JiaXipera МM1060Y,18,1
408,408100252149717440408,"63,68,71.5,73,64",19.4,63.83,79.73,JiaXipera МM1060Y,18,1
408,408100252149719250408,"53,56.5,63,64.5,65,65.5,67,66.5,67",15.7,59.42,75.4,JiaXipera МM1060Y,18,1
408,408100252149717450408,"56.5,59,62,69.5,70.5,68.5",19.0,63.36,79.26,JiaXipera МM1060Y,18,1
408,408100252149717510408,"65.5,70,69.5,72.5,67",20.3,64.91,80.78,JiaXipera МM1060Y,18,1
408,408100252149535500408,"60,62.5,64,65,67,67.5,70.5,69.5",17.6,61.69,77.62,JiaXipera МM1060Y,18,1
408,408100252149717540408,"63.5,68.5,71.5,74,75,75.5",20.1,64.67,80.54,JiaXipera МM1060Y,18,1
408,408100252149408490408,"59.5,63.5,65.5,68,68.5,69.5,68",17.4,61.45,77.39,JiaXipera МM1060Y,18,1
408,408100252149717570408,"64,69.5,71,72.5,74,75,74.5",20.0,64.55,80.43,JiaXipera МM1060Y,18,1
408,408100252149717580408,"60.5,66,67.5,69.5,70,70.5,71.5,70.5,71,73",20.0,64.55,80.43,JiaXipera МM1060Y,18,1
408,408100252149719980408,"60,66,67,68.5,69,69.5,70,71",19.6,64.07,79.96,JiaXipera МM1060Y,18,1
408,408100252149717640408,"62.5,68.5,69.5,71.5,72,71,72.5,72,72.5,73",20.1,64.67,80.54,JiaXipera МM1060Y,18,1
408,408100252149338940408,"56.5,60.5,63.5,65,65.5,66.5,68,66.5",16.8,60.73,76.69,JiaXipera МM1060Y,18,1
408,408100252149717650408,"59.5,67.5,70.5,72,72.5,73.5,73,72",20.0,64.55,80.43,JiaXipera МM1060Y,18,1
408,408100252149717660408,"64,67.5,72.5,73,74,73.5,74,75",19.9,64.43,80.31,JiaXipera МM1060Y,18,1
408,408100252149717680408,"64.5,72,71.5,73,74,74.5,73.5,72.5",19.9,64.43,80.31,JiaXipera МM1060Y,18,1
408,408100252149717690408,"60.5,68.5,70.5,72,73,74,76,74",20.0,64.55,80.43,JiaXipera МM1060Y,18,1
408,408100252149717710408,"63,67.5,71,73,74,76,73.5",20.0,64.55,80.43,JiaXipera МM1060Y,18,1
408,408100252149339880408,"61,67,68.5,70,71,72,71",15.4,59.06,75.05,JiaXipera МM1060Y,18,1
408,408100252149717740408,"61.5,67.5,69,70.5,72,73,73.5,71.5",20.0,64.55,80.43,JiaXipera МM1060Y,18,1
408,408100252149717350408,"63.5,66.5,69,70,70.5,71,70.5",19.3,63.71,79.61,JiaXipera МM1060Y,18,1
408,408100252149717750408,"61,66,68.5,70.5,71.5,72,72.5,71",19.9,64.43,80.31,JiaXipera МM1060Y,18,1
408,408100252149717760408,"62.5,67.5,70,71,72.5,73,73.5,72",20.0,64.55,80.43,JiaXipera МM1060Y,18,1
408,408100252149717770408,"64,70,74,76,78,77.5,78.5,76.5",20.1,64.67,80.54,JiaXipera МM1060Y,18,1
408,408100252149717830408,"60.5,64.5,68,70,71,70.5,71,71.5",20.5,65.14,81.01,JiaXipera МM1060Y,18,1
408,408100252149717840408,"62,66.5,68,70,71,72.5,72,73,73.5",20.5,65.14,81.01,JiaXipera МM1060Y,18,1
408,408100252149717910408,"60.5,65.5,70,71,71.5,73.5,72.5",20.2,64.79,80.66,JiaXipera МM1060Y,18,1
408,408100252149717920408,"64,67,68.5,70.5,71.5,73,73.5,75,73.5",20.2,64.79,80.66,JiaXipera МM1060Y,18,1
408,408100252149535150408,"59,64.5,66,66.5,68,68.5,69,69.5,68.5",18.1,62.28,78.21,JiaXipera МM1060Y,18,1
408,408100252149717930408,"60,65.5,67.5,69,71,72.5,73.5,72.5,72",20.2,64.79,80.66,JiaXipera МM1060Y,18,1
408,408100252149717950408,"63,65.5,67,70,73,73.5,75,75.5,74.5",20.1,64.67,80.54,JiaXipera МM1060Y,18,1
408,408100252149407430408,"62,64,65.5,66.5,68,69.5,70.5,71.5,71",19.4,63.83,79.73,JiaXipera МM1060Y,18,1
408,408100252149717990408,"63.5,68,71.5,72.5,74,73.5,72",20.0,64.55,80.43,JiaXipera МM1060Y,18,1
408,408100252149718000408,"65.5,68.5,72,73,75,76,74.5",19.9,64.43,80.31,JiaXipera МM1060Y,18,1
408,408100252149718060408,"65.5,70.5,72,72.5,74.5,75.5,74.5",19.8,64.31,80.19,JiaXipera МM1060Y,18,1
408,408100252149718080408,"60.5,63.5,69.5,72,74.5,75,76,78,78.5",20.1,64.67,80.54,JiaXipera МM1060Y,18,1
408,408100252149718150408,"63.5,68,70,70.5,72.5,73,74,73,74,74.5",19.7,64.19,80.08,JiaXipera МM1060Y,18,1
408,408100252149718170408,"61.5,66.5,67.5,69.5,71,72,71.5",19.7,64.19,80.08,JiaXipera МM1060Y,18,1
408,408100252149534710408,"59.5,65.5,68,69,69.5,70,71,69.5",18.6,62.88,78.79,JiaXipera МM1060Y,18,1
408,408100252149718270408,"62.5,64,65.5,67.5,68,70,70.5,71.5,72.5,71.5",19.0,63.36,79.26,JiaXipera МM1060Y,18,1
408,408100252149718310408,"62.5,65,68,68.5,70,72,72.5,73",19.8,64.31,80.19,JiaXipera МM1060Y,18,1
408,408100252149805700408,"59,63.5,65.5,66.5,68,69,68.5,71,70",20.0,64.55,80.43,JiaXipera МM1060Y,18,1
408,408100252149805690408,"56.5,62.5,64.5,67,68.5,71,70.5",20.0,64.55,80.43,JiaXipera МM1060Y,18,1
408,408100252149805650408,"57.5,62,64.5,66,67,67.5,68.5,70,70.5",20.2,64.79,80.66,JiaXipera МM1060Y,18,1
408,408100252149805640408,"59,67,68.5,70,69.5,70.5,72,70.5,72,72.5",20.3,64.91,80.78,JiaXipera МM1060Y,18,1
408,408100252149805630408,"58.5,63.5,67,67.5,68,68.5,69.5,70,71,72",20.2,64.79,80.66,JiaXipera МM1060Y,18,1
408,408100252149804590408,"61.5,64,64.5,65,65.5,66,66.5,66",20.7,65.38,81.24,JiaXipera МM1060Y,18,1
408,408100252149804150408,"57.5,61.5,63,64,63.5,64,64.5,65,65.5,66,65.5,66.5,67.5,66.5,67.5",20.7,65.38,81.24,JiaXipera МM1060Y,18,1
408,408100252149804100408,"59.5,63,65,64.5,65.5,66.5,67.5",20.7,65.38,81.24,JiaXipera МM1060Y,18,1
408,408100252149804090408,"57.5,61.5,63.5,64.5,66,66.5,68",20.7,65.38,81.24,JiaXipera МM1060Y,18,1
408,408100252149805670408,"57.5,57.5,62.5,62.5,64.5,64.5,66.5,66.5,67,67,67.5,67.5,69.5,69.5,70,70",20.3,64.91,80.78,JiaXipera МM1060Y,18,1
408,408100252149805620408,"58,63.5,65,64.5,65,66,67,68,69",20.2,64.79,80.66,JiaXipera МM1060Y,18,1
408,408100252149804120408,"56.5,59.5,61.5,64.5,65,65.5,66.5,67,67",20.7,65.38,81.24,JiaXipera МM1060Y,18,1
408,408100252149804570408,"58,62.5,63.5,65,65.5,64.5,66,67,66",20.7,65.38,81.24,JiaXipera МM1060Y,18,1
408,408100252149805660408,"57.5,63,66.5,68,67.5,68.5,69.5,70,69",20.3,64.91,80.78,JiaXipera МM1060Y,18,1
408,408100252149805680408,"58,62,64,66,67,69,70,70.5",20.1,64.67,80.54,JiaXipera МM1060Y,18,1
408,408100252149804560408,"58.5,61.5,63.5,64,66,66.5,68",20.7,65.38,81.24,JiaXipera МM1060Y,18,1
408,408100252149805710408,"60.5,65,66,68,69.5,71,72,70.5",20.0,64.55,80.43,JiaXipera МM1060Y,18,1
408,408100252148184600408,"54.5,60.5,64,67,68,70,70.5,69.5",20.7,65.38,81.24,JiaXipera МM1060Y,18,1
408,408100252149804220408,"77.5,84,85.5,87.5,87,88.5,87.5",19.9,64.43,80.31,NS,NS,0
408,408100252149804130408,"57,61,63,63",20.7,65.38,81.24,NS,NS,0
408,408100252149804280408,"76,84,85,86,88,89",19.9,64.43,80.31,NS,NS,0
408,408100252149720550408,"53.5,61",17.5,61.57,77.51,NS,NS,0
408,408100252149410670408,"58.5,63.5,66,67,67.5,60",16.3,60.14,76.1,NS,NS,0
408,408100252149339020408,"55.5,55,53,52.5,52,53,52.5,53.5",18.5,62.76,78.67,NS,NS,0
408,408100252149408350408,"75,75.5,77,78.5,79,81,80",17.9,62.04,77.97,NS,NS,0
408,408100252149805130408,"76,84,85.5,87.5,89.5,91,89.5",19.9,64.43,80.31,NS,NS,0
408,408100252149804780408,"60.5,65,66.5,65.5,65,64.5",23.8,69.08,84.87,NS,NS,0
408,408100252149804270408,"77,84.5,87,88,90,90.5,89,88.5",19.9,64.43,80.31,NS,NS,0
408,408100252149410950408,"63.5,67,68.5,70.5,73,63",19.2,63.59,79.49,NS,NS,0
408,408100252149535110408,"60.5,65.5,67.5,69,70,71.5,59.5",18.3,62.52,78.44,NS,NS,0
408,408100252149533760408,"62.5,64,71,72.5,74.5,77,76",14.7,58.23,74.24,NS,NS,0
408,408100252149804160408,"58,63.5",20.7,65.38,81.24,NS,NS,0
408,408100252149804080408,"56.5,60.5,62,63.5,64,64",20.7,65.38,81.24,NS,NS,0
999,999999,"102.9,102.5,107.5,106.4,107.9,107.9,108.8",10.2,999.0,999.0,999,999,0
999,999999,"87.6,93.5,98.2,98.3,180.7,100.7",10.0,999.0,999.0,999,999,0
999,999999,"102.9,104.7,106.7,107.9,111.0",10.0,999.0,999.0,999,999,0
999,999999,"73.9,74.7,72.9,74.4,76.0,74.2",10.2,999.0,999.0,999,999,0
999,999999,"90.9,89.8,90.5,90.6,91.4,20.7",10.8,999.0,999.0,999,999,0
999,999999,"92.2,92.9,96.0,94.5,96.8,94.8,95.7,101.9",10.6,999.0,999.0,999,999,0
999,999999,"68.8,70.8,71.3,71.0,73.8,75.4,76.0,77.1,77.7",10.5,999.0,999.0,999,999,0
999,999999,"80.2,81.7,83.5,85.4,90.7,91.2",10.6,999.0,999.0,999,999,0
999,999999,"74.2,75.3,77.9,79.2,77.9,78.1,78.7,78.9,80.0,79.5",10.4,999.0,999.0,999,999,0
999,999999,"86.5,88.7,91.8,94.8,94.8,173.4,94.8,93.4,93.2",11.0,999.0,999.0,999,999,0
999,999999,"192.5,72.8,72.4,72.5,76.5,76.6",10.7,999.0,999.0,999,999,0
999,999999,"105.8,107.2,107.3,110.5,113.9",10.7,999.0,999.0,999,999,0
999,999999,"108.0,109.4,111.1,111.9,111.4,110.3,110.6,111.8",11.2,999.0,999.0,999,999,0
999,999999,"75.1,83.1,86.6,84.9,84.8,84.4,83.3,87.8,90.3",10.9,999.0,999.0,999,999,0
999,999999,"88.6,92.4,94.7,96.2,97.6,99.1,100.7,102.7,104.0",11.5,999.0,999.0,999,999,0
999,999999,"66.1,70.0,70.0,72.4,73.0,71.7,73.1,74.7",11.5,999.0,999.0,999,999,0
999,999999,"51.2,56.5,63.8,66.0,70.5",11.8,999.0,999.0,999,999,0
999,999999,"96.3,97.1,101.0,101.8,101.6,106.8",11.8,999.0,999.0,999,999,0
999,999999,"80.3,80.3,78.6,80.0,78.0,79.0,78.5",11.4,999.0,999.0,999,999,0
999,999999,"71.3,73.5,75.8,77.1,80.0,78.4,86.1",11.5,999.0,999.0,999,999,0
999,999999,"71.8,71.9,77.4,78.7,79.0,82.6,80.6,83.5,88.0",12.3,999.0,999.0,999,999,0
999,999999,"99.9,104.9,106.3,110.7,112.2",11.8,999.0,999.0,999,999,0
999,999999,"67.4,70.2,72.2,72.2,73.2,101.9,79.2,79.4",12.7,999.0,999.0,999,999,0
999,999999,"112.1,115.9,116.1,116.9,119.7",12.1,999.0,999.0,999,999,0
999,999999,"79.5,126.8,87.6,88.9,88.6,89.0,92.0,91.7,90.5",12.0,999.0,999.0,999,999,0
999,999999,"67.6,72.8,75.6,76.3,75.0,77.6,78.8,78.5,185.0",12.5,999.0,999.0,999,999,0
999,999999,"89.7,92.1,93.8,93.7,94.7,96.7,97.7",12.4,999.0,999.0,999,999,0
999,999999,"71.8,72.5,73.8,73.8,75.3",12.3,999.0,999.0,999,999,0
999,999999,"65.8,69.0,68.7,68.9,73.1,80.3,80.8",12.3,999.0,999.0,999,999,0
999,999999,"97.9,99.8,99.3,114.0,106.3,106.1",13.3,999.0,999.0,999,999,0
999,999999,"108.2,108.8,109.1,111.5,110.5,111.3,113.3,115.1,115.7,116.4",13.2,999.0,999.0,999,999,0
999,999999,"96.0,100.2,101.6,191.1,102.2,101.9",13.2,999.0,999.0,999,999,0
999,999999,"89.3,92.1,91.5,28.2,90.2,95.8,96.4",13.2,999.0,999.0,999,999,0
999,999999,"79.8,81.4,83.8,83.6,84.5,84.6,21.6,90.8",12.8,999.0,999.0,999,999,0
999,999999,"68.7,71.7,73.2,73.3,74.7,76.8",13.6,999.0,999.0,999,999,0
999,999999,"93.1,95.9,139.1,99.0,100.9,100.7,101.5,101.4,100.6",13.8,999.0,999.0,999,999,0
999,999999,"101.6,105.4,106.8,108.7,107.5,107.7",13.4,999.0,999.0,999,999,0
999,999999,"103.1,104.7,105.9,104.6,102.2,102.4,104.4,105.9,107.5",14.1,999.0,999.0,999,999,0
999,999999,"87.7,86.3,86.3,86.8,92.1,93.3,95.2",13.8,999.0,999.0,999,999,0
999,999999,"90.1,91.2,91.0,90.8,90.5,88.7,88.9,91.4,92.3,164.3",14.1,999.0,999.0,999,999,0
999,999999,"87.1,93.2,95.3,98.8,98.1,101.6,102.1",13.8,999.0,999.0,999,999,0
999,999999,"77.4,83.8,84.4,84.6,26.5,85.1,87.2,85.2",14.0,999.0,999.0,999,999,0
999,999999,"72.2,29.8,78.0,77.9,77.9,77.8,186.9,83.3,83.8",14.3,999.0,999.0,999,999,0
999,999999,"67.0,66.8,67.0,67.4,70.4,70.4",13.9,999.0,999.0,999,999,0
999,999999,"77.6,81.5,83.9,84.5,90.3,90.8",14.5,999.0,999.0,999,999,0
999,999999,"72.4,72.5,73.3,75.3,76.7,77.9,77.2,79.6,86.4",14.5,999.0,999.0,999,999,0
999,999999,"74.9,75.7,74.3,78.5,84.0,83.6,85.4,89.6",14.7,999.0,999.0,999,999,0
999,999999,"99.1,102.8,103.6,103.0,103.5,107.3,108.9",14.4,999.0,999.0,999,999,0
999,999999,"70.0,69.3,68.3,72.0,72.1,72.0",14.9,999.0,999.0,999,999,0
999,999999,"65.0,68.8,71.6,73.0,73.0,73.3,75.5,77.2,77.8",14.8,999.0,999.0,999,999,0
999,999999,"91.0,91.3,96.2,96.5,95.9,99.7,101.7,105.3",14.7,999.0,999.0,999,999,0
999,999999,"136.8,66.3,73.9,72.4,72.2,76.3,77.4,80.9,85.6,87.6",15.5,999.0,999.0,999,999,0
999,999999,"99.4,27.2,101.6,111.4,103.7,107.3,107.4,108.4,108.3,108.9",15.1,999.0,999.0,999,999,0
999,999999,"100.3,100.1,100.6,101.6,25.5,103.7,105.8,107.6,107.1,108.6",15.4,999.0,999.0,999,999,0
999,999999,"80.2,83.3,86.2,90.2,94.5,97.3,98.1",15.1,999.0,999.0,999,999,0
999,999999,"86.1,89.4,90.0,90.5,89.7",15.5,999.0,999.0,999,999,0
999,999999,"109.4,111.5,113.0,119.7,119.9",15.3,999.0,999.0,999,999,0
999,999999,"102.9,109.3,110.0,110.8,112.1,113.0,115.3,115.2,117.8,119.3",15.7,999.0,999.0,999,999,0
999,999999,"96.2,98.4,102.8,104.1,108.1,110.4,111.0",15.9,999.0,999.0,999,999,0
999,999999,"112.6,111.6,112.5,110.2,113.4,116.5,184.9",15.9,999.0,999.0,999,999,0
999,999999,"82.4,88.8,91.0,91.0,91.1,89.0,90.8,93.6,95.2",16.4,999.0,999.0,999,999,0
999,999999,"105.2,104.0,106.7,106.3,106.8,109.3,110.6,111.9,111.1",15.9,999.0,999.0,999,999,0
999,999999,"98.1,98.5,100.4,101.0,102.2",16.1,999.0,999.0,999,999,0
999,999999,"54.8,58.5,61.5,59.5,64.6,65.2,65.9,70.5,196.5,74.4",16.1,999.0,999.0,999,999,0
999,999999,"101.3,100.0,99.8,100.5,101.3",16.4,999.0,999.0,999,999,0
999,999999,"107.3,106.4,107.0,105.8,111.6,114.3",16.8,999.0,999.0,999,999,0
999,999999,"75.6,77.3,77.6,124.9,80.6,82.5,82.1,82.0,89.1,91.0",16.8,999.0,999.0,999,999,0
999,999999,"59.0,63.4,67.9,68.8,70.5,73.2,74.8,76.6,78.1",16.6,999.0,999.0,999,999,0
999,999999,"91.0,92.5,92.9,95.3,116.6,102.5",16.9,999.0,999.0,999,999,0
999,999999,"112.2,109.9,110.0,113.9,113.8,118.0",17.1,999.0,999.0,999,999,0
999,999999,"92.9,92.7,97.1,98.5,103.5,104.5",16.5,999.0,999.0,999,999,0
999,999999,"164.2,86.5,87.9,93.2,94.8,96.2,97.5",17.2,999.0,999.0,999,999,0
999,999999,"71.6,75.2,150.3,79.5,79.6",16.9,999.0,999.0,999,999,0
999,999999,"71.7,73.1,75.7,77.7,80.0,81.2,82.7",16.8,999.0,999.0,999,999,0
999,999999,"104.5,105.4,111.0,115.0,114.7,117.0,100.6,119.8",16.9,999.0,999.0,999,999,0
999,999999,"72.1,73.9,74.8,74.0,76.7,78.9,86.0",17.2,999.0,999.0,999,999,0
999,999999,"91.4,91.4,94.8,98.8,99.8,104.4,107.0,108.8",17.7,999.0,999.0,999,999,0
999,999999,"89.4,89.7,90.9,91.8,91.5",17.6,999.0,999.0,999,999,0
999,999999,"83.9,88.1,88.3,89.3,89.3,90.7,92.6,92.1,27.4",17.3,999.0,999.0,999,999,0
999,999999,"74.0,75.3,76.6,79.8,80.4",17.5,999.0,999.0,999,999,0
999,999999,"79.1,78.4,80.7,82.8,81.6,83.7",17.7,999.0,999.0,999,999,0
999,999999,"80.0,79.7,81.9,84.8,90.3,90.8,92.6,95.4",17.7,999.0,999.0,999,999,0
999,999999,"82.5,82.7,82.3,83.8,84.9,84.6,96.6,97.4",18.3,999.0,999.0,999,999,0
999,999999,"97.4,99.4,101.7,101.8,104.6,103.0,103.4,104.6,109.7",18.1,999.0,999.0,999,999,0
999,999999,"90.4,91.3,92.2,93.6,92.2,94.2,94.8",18.1,999.0,999.0,999,999,0
999,999999,"66.8,15.2,68.2,70.3,72.2",18.5,999.0,999.0,999,999,0
999,999999,"63.0,63.6,63.3,65.3,64.3,65.4,66.1,69.7,71.0",18.4,999.0,999.0,999,999,0
999,999999,"107.5,109.9,111.4,111.3,112.1,112.8,111.5,113.6,114.6",18.8,999.0,999.0,999,999,0
999,999999,"78.6,78.8,78.9,80.3,81.6,83.0,87.2,88.8",18.6,999.0,999.0,999,999,0
999,999999,"86.9,89.9,150.2,91.5,90.2,91.7",19.1,999.0,999.0,999,999,0
999,999999,"89.7,88.4,89.8,20.9,92.2",19.2,999.0,999.0,999,999,0
999,999999,"82.8,82.8,82.6,84.3,83.2,84.7,86.4",18.7,999.0,999.0,999,999,0
999,999999,"56.1,61.4,67.4,69.1,70.6,72.4",19.7,999.0,999.0,999,999,0
999,999999,"91.8,93.5,93.9,95.7,95.5,97.0,27.1,99.4",19.3,999.0,999.0,999,999,0
999,999999,"85.7,84.9,84.9,85.6,86.4,86.1",19.7,999.0,999.0,999,999,0
999,999999,"93.7,95.6,95.3,95.2,94.6,95.4,96.5,97.8",19.3,999.0,999.0,999,999,0
999,999999,"105.3,109.0,108.9,110.1,108.7,112.5,112.5,114.0",19.3,999.0,999.0,999,999,0
999,999999,"113.0,112.7,114.1,116.2,196.5,114.9,116.7,119.3",19.5,999.0,999.0,999,999,0
999,999999,"72.0,72.3,73.3,74.0,74.3,76.3",19.4,999.0,999.0,999,999,0
999,999999,"190.1,97.1,98.4,100.5,99.7,100.7,102.9,108.1",19.9,999.0,999.0,999,999,0
999,999999,"62.9,68.9,71.2,77.4,79.6,84.5,22.6",20.4,999.0,999.0,999,999,0
999,999999,"67.0,72.7,74.3,76.1,79.3,79.2,82.1,82.6,82.7,81.6",20.4,999.0,999.0,999,999,0
999,999999,"77.0,77.8,77.9,79.7,81.3,85.9,87.1",20.4,999.0,999.0,999,999,0
999,999999,"87.7,87.9,89.0,87.2,87.9",20.4,999.0,999.0,999,999,0
999,999999,"65.2,66.5,67.9,71.9,72.8,74.6,75.8,75.4,76.8",20.0,999.0,999.0,999,999,0
999,999999,"75.2,74.1,72.7,72.3,71.7,74.2,73.2",20.3,999.0,999.0,999,999,0
999,999999,"98.0,98.1,100.3,100.0,98.2,99.3,98.2",21.1,999.0,999.0,999,999,0
999,999999,"117.3,119.8,118.2,118.5,118.2,119.9",21.2,999.0,999.0,999,999,0
999,999999,"84.0,84.2,83.5,85.0,86.4",21.2,999.0,999.0,999,999,0
999,999999,"63.5,64.6,65.9,67.6,17.3,69.6,75.4,76.2",20.9,999.0,999.0,999,999,0
999,999999,"69.3,74.4,76.8,29.0,86.5",20.5,999.0,999.0,999,999,0
999,999999,"102.2,103.0,103.2,104.3,106.4,105.5",20.8,999.0,999.0,999,999,0
999,999999,"75.1,75.8,74.3,76.1,78.1,77.7,79.0,79.0,79.1",20.8,999.0,999.0,999,999,0
999,999999,"87.7,89.6,89.8,89.4,88.5,88.7",21.7,999.0,999.0,999,999,0
999,999999,"97.7,98.5,99.2,99.9,97.6,97.1,97.5,98.8,99.9",21.5,999.0,999.0,999,999,0
999,999999,"82.0,87.0,88.1,87.9,88.0,89.8,94.6,19.2,99.9,100.6",21.2,999.0,999.0,999,999,0
999,999999,"76.0,77.8,77.7,76.6,78.2,78.4,81.0,81.2,82.1",21.7,999.0,999.0,999,999,0
999,999999,"96.0,97.0,97.3,100.7,102.9,106.1,106.0",21.9,999.0,999.0,999,999,0
999,999999,"96.4,97.5,96.4,98.4,99.7,99.3,101.1,102.5",21.8,999.0,999.0,999,999,0
999,999999,"75.8,75.9,76.1,112.9,81.3,83.3,85.4,25.8,93.3,98.4",22.1,999.0,999.0,999,999,0
999,999999,"86.2,89.6,91.5,93.7,95.1,95.1",22.2,999.0,999.0,999,999,0
999,999999,"155.8,106.1,107.2,107.5,109.4,116.5,118.7,116.6,114.1,119.9",21.7,999.0,999.0,999,999,0
999,999999,"65.1,66.5,64.7,72.1,73.2,75.6,76.6",21.7,999.0,999.0,999,999,0
999,999999,"77.5,23.2,83.3,84.3,84.7,86.6,88.4,92.3,92.3,91.7",22.1,999.0,999.0,999,999,0
999,999999,"86.9,86.3,87.6,85.4,85.2,85.5,87.7,92.8,98.5,101.4",22.5,999.0,999.0,999,999,0
999,999999,"75.8,77.9,81.0,86.9,88.5,89.0,90.0",22.6,999.0,999.0,999,999,0
999,999999,"56.6,57.3,57.3,58.3,58.7,63.1,70.9,70.7,70.8,72.3",22.3,999.0,999.0,999,999,0
999,999999,"107.4,107.0,108.2,109.2,110.6,113.2,114.6",22.7,999.0,999.0,999,999,0
999,999999,"64.1,65.7,69.7,70.5,71.9,74.3",23.1,999.0,999.0,999,999,0
999,999999,"105.1,106.4,109.4,107.5,109.3,112.2,112.2,190.3",22.5,999.0,999.0,999,999,0
999,999999,"73.2,70.9,71.0,72.4,71.1,101.1",22.6,999.0,999.0,999,999,0
999,999999,"86.7,90.1,84.7,84.7,87.9,87.8",23.1,999.0,999.0,999,999,0
999,999999,"54.7,57.4,62.0,70.7,72.2,73.7,74.4,74.4,75.0,76.1",23.0,999.0,999.0,999,999,0
999,999999,"160.0,103.5,103.7,108.3,107.5,111.9,118.7",23.2,999.0,999.0,999,999,0
999,999999,"73.9,76.7,78.2,79.2,81.8,82.4",23.4,999.0,999.0,999,999,0
999,999999,"105.3,108.8,107.9,109.3,110.9,112.7,118.2,118.5,119.8",23.9,999.0,999.0,999,999,0
999,999999,"82.6,84.1,135.2,87.7,92.2,94.9,96.0,95.7",23.3,999.0,999.0,999,999,0
999,999999,"98.7,103.5,17.5,102.9,107.4,109.2,111.0,112.2,114.8,114.3",23.7,999.0,999.0,999,999,0
999,999999,"77.9,76.8,79.6,81.4,84.3,85.1,84.4,85.0,142.8,87.3",23.6,999.0,999.0,999,999,0
999,999999,"69.1,71.5,75.6,75.9,77.1",24.4,999.0,999.0,999,999,0
999,999999,"102.0,106.3,107.1,107.8,112.7",23.7,999.0,999.0,999,999,0
999,999999,"86.4,87.8,88.8,90.0,91.5,92.3,90.8,92.2",24.2,999.0,999.0,999,999,0
999,999999,"87.3,93.3,93.9,95.8,95.9,28.6",23.9,999.0,999.0,999,999,0
999,999999,"118.4,115.4,113.6,112.8,113.3,116.2",24.5,999.0,999.0,999,999,0
999,999999,"80.0,80.4,84.6,82.9,83.0,123.7",24.1,999.0,999.0,999,999,0
999,999999,"65.2,66.8,68.1,71.4,72.5,74.8,74.5,80.9,88.0",24.5,999.0,999.0,999,999,0
999,999999,"82.3,25.4,88.0,89.8,89.9,87.9",24.9,999.0,999.0,999,999,0
999,999999,"80.7,80.8,80.4,80.6,116.0",24.5,999.0,999.0,999,999,0
999,999999,"102.3,104.6,106.4,107.6,111.6,114.4,114.7,115.3,117.3",25.1,999.0,999.0,999,999,0
999,999999,"102.4,106.1,106.6,108.6,107.3,109.3",24.4,999.0,999.0,999,999,0
999,999999,"88.9,96.2,97.3,102.3,103.9,101.9",24.7,999.0,999.0,999,999,0
999,999999,"108.9,110.5,110.2,108.8,109.1,110.5,111.0,111.1,110.3,112.9",25.5,999.0,999.0,999,999,0
999,999999,"62.8,68.1,70.7,72.1,73.6,71.9,72.0,71.6,72.8",25.3,999.0,999.0,999,999,0
999,999999,"75.6,77.1,75.7,88.1,89.7,20.7",25.2,999.0,999.0,999,999,0
999,999999,"113.6,114.3,114.2,112.8,118.9",25.8,999.0,999.0,999,999,0
999,999999,"118.7,119.5,121.3,122.2,119.8",25.9,999.0,999.0,999,999,0
999,999999,"78.1,78.2,80.0,81.3,88.4,89.6,90.2,92.5,91.2",25.6,999.0,999.0,999,999,0
999,999999,"82.3,85.3,86.0,88.5,88.4,93.6",26.2,999.0,999.0,999,999,0
999,999999,"103.3,103.9,103.8,109.6,109.8,111.6,113.0,117.8,118.0",25.4,999.0,999.0,999,999,0
999,999999,"28.6,89.7,87.7,149.6,95.9",26.2,999.0,999.0,999,999,0
999,999999,"65.6,66.5,142.3,73.7,72.1,71.2,75.5",25.9,999.0,999.0,999,999,0
999,999999,"112.0,115.7,113.9,111.9,110.9,113.0,115.4",26.4,999.0,999.0,999,999,0
999,999999,"95.2,95.0,96.1,95.6,97.1,98.4,98.5,99.4,100.5,101.8",26.5,999.0,999.0,999,999,0
999,999999,"95.0,95.1,96.9,98.0,96.7,96.8,96.4",26.1,999.0,999.0,999,999,0
999,999999,"84.3,85.5,87.4,93.1,95.8,96.5,94.7",26.0,999.0,999.0,999,999,0
999,999999,"104.5,103.1,105.9,106.0,108.1",26.4,999.0,999.0,999,999,0
999,999999,"90.7,91.5,93.0,91.9,93.9,98.2,100.7,107.2,107.8",26.2,999.0,999.0,999,999,0
999,999999,"69.8,71.4,76.8,75.7,77.3,79.2",26.8,999.0,999.0,999,999,0
999,999999,"93.7,96.2,96.7,96.1,100.9,100.9,107.3",27.1,999.0,999.0,999,999,0
999,999999,"108.1,194.0,109.6,107.7,107.6",27.3,999.0,999.0,999,999,0
999,999999,"78.2,16.5,88.2,88.1,89.9",27.3,999.0,999.0,999,999,0
999,999999,"83.2,84.9,84.3,89.8,90.0,94.0",26.9,999.0,999.0,999,999,0
999,999999,"77.6,76.7,75.9,77.6,131.4,83.5,85.3,87.1",27.1,999.0,999.0,999,999,0
999,999999,"94.5,95.7,95.9,100.3,100.7,99.5,101.0,101.5,101.7,107.8",27.0,999.0,999.0,999,999,0
999,999999,"91.4,92.6,94.5,96.0,102.4,103.2",27.8,999.0,999.0,999,999,0
999,999999,"85.8,87.9,89.0,87.2,92.5,98.7,98.7,100.0,103.7,105.2",27.7,999.0,999.0,999,999,0
999,999999,"71.2,71.6,72.6,75.3,79.5,80.5,80.3,77.4,77.0",27.3,999.0,999.0,999,999,0
999,999999,"73.7,74.8,75.4,76.0,81.8,82.3,83.1,85.5,91.1,91.7",27.9,999.0,999.0,999,999,0
999,999999,"91.5,91.8,91.8,94.0,95.0,97.2,97.9",28.2,999.0,999.0,999,999,0
999,999999,"89.8,87.8,90.3,91.5,91.5,93.3,92.9",27.6,999.0,999.0,999,999,0
999,999999,"78.8,79.3,79.7,79.8,22.2,83.7,85.3,82.8,85.1,85.7",28.0,999.0,999.0,999,999,0
999,999999,"86.7,90.1,92.3,26.0,93.6,93.1,96.8,98.1",27.7,999.0,999.0,999,999,0
999,999999,"66.7,68.3,69.9,70.6,76.0,75.5,75.0,79.2,81.6",27.7,999.0,999.0,999,999,0
999,999999,"60.2,62.8,63.7,64.2,64.3,69.2,70.7,72.9",28.0,999.0,999.0,999,999,0
999,999999,"99.4,98.3,99.6,100.7,99.7,100.8,102.5,20.2,100.8",28.6,999.0,999.0,999,999,0
999,999999,"91.6,92.0,98.7,100.1,101.4",28.1,999.0,999.0,999,999,0
999,999999,"60.9,62.3,66.5,68.9,69.6,71.4",28.5,999.0,999.0,999,999,0
999,999999,"65.6,66.4,67.0,72.4,75.4,72.4,73.6,71.4,75.6",28.5,999.0,999.0,999,999,0
999,999999,"111.2,112.2,113.5,115.8,117.6,117.9,117.1",29.3,999.0,999.0,999,999,0
999,999999,"77.6,75.3,77.0,78.2,77.2,77.7,78.4,78.7,78.5",28.7,999.0,999.0,999,999,0
999,999999,"92.9,94.6,96.3,97.7,96.6,101.1,102.8,102.9",28.8,999.0,999.0,999,999,0
999,999999,"114.2,116.1,114.8,116.2,115.7,117.0,117.7",29.0,999.0,999.0,999,999,0
999,999999,"104.0,104.8,110.9,115.7,117.5",29.3,999.0,999.0,999,999,0
999,999999,"104.5,104.7,104.3,106.4,16.2,112.2,112.1,113.5,113.4",28.9,999.0,999.0,999,999,0
999,999999,"108.2,107.8,108.3,109.6,110.8",29.7,999.0,999.0,999,999,0
999,999999,"81.6,82.1,81.6,82.9,87.8,90.4,91.4,93.0,94.6,97.1",29.3,999.0,999.0,999,999,0
999,999999,"130.7,74.3,77.0,83.5,89.0,92.0",30.0,999.0,999.0,999,999,0
999,999999,"66.3,62.5,64.6,64.3,66.0,67.6,68.7,70.8,71.3,71.6",29.5,999.0,999.0,999,999,0
999,999999,"102.5,104.3,107.1,107.1,107.2,108.0,185.2,114.6,117.2",30.1,999.0,999.0,999,999,0
999,999999,"93.4,94.2,98.6,97.5,102.5,101.1",30.2,999.0,999.0,999,999,0
999,999999,"86.5,87.9,90.3,91.3,91.9,92.6,92.8,93.2,92.2",29.8,999.0,999.0,999,999,0
999,999999,"59.7,60.6,62.5,65.0,64.4,69.2,68.6,73.4,75.8,83.1",30.0,999.0,999.0,999,999,0
999,999999,"67.8,69.8,76.0,74.5,77.4,77.8",29.8,999.0,999.0,999,999,0
999,999999,"73.9,76.2,74.9,75.8,80.8,84.3,87.2,89.6,89.5,88.7",30.2,999.0,999.0,999,999,0
999,999999,"103.2,107.1,108.5,165.7,111.1",30.6,999.0,999.0,999,999,0
999,999999,"85.6,89.9,90.8,94.9,97.0,103.3",30.8,999.0,999.0,999,999,0
999,999999,"101.5,103.5,104.9,105.3,107.8,108.5,110.5",30.2,999.0,999.0,999,999,0
999,999999,"84.9,91.4,96.4,98.2,101.1,102.7",30.6,999.0,999.0,999,999,0
999,999999,"72.4,74.3,77.6,77.5,76.1,75.7,76.4",30.5,999.0,999.0,999,999,0
999,999999,"82.3,83.9,86.4,87.4,91.9,95.9,97.2,96.5,97.6",30.7,999.0,999.0,999,999,0
999,999999,"97.3,98.3,134.5,101.4,106.1,104.4,104.9",30.7,999.0,999.0,999,999,0
999,999999,"75.7,77.3,79.8,81.3,84.2,85.1",31.3,999.0,999.0,999,999,0
999,999999,"90.9,92.3,94.8,94.9,97.4",31.1,999.0,999.0,999,999,0
999,999999,"82.2,28.9,84.0,87.6,86.6,92.2,93.2,95.5",31.3,999.0,999.0,999,999,0
999,999999,"95.6,99.6,100.0,101.9,100.9",31.6,999.0,999.0,999,999,0
999,999999,"70.9,79.1,81.8,146.1,81.8,83.1,84.7",31.8,999.0,999.0,999,999,0
999,999999,"76.1,76.4,78.0,79.4,80.2,81.3,86.4",31.6,999.0,999.0,999,999,0
999,999999,"107.1,106.7,106.8,108.2,107.1",31.3,999.0,999.0,999,999,0
999,999999,"95.1,94.8,96.6,97.2,97.9,97.8,96.6",31.4,999.0,999.0,999,999,0
999,999999,"73.9,73.4,72.2,72.6,77.9,80.9,82.0",31.5,999.0,999.0,999,999,0
999,999999,"85.5,85.0,85.8,86.8,91.2",31.8,999.0,999.0,999,999,0
999,999999,"99.1,99.2,100.7,148.2,106.3",32.4,999.0,999.0,999,999,0
999,999999,"55.2,55.7,56.8,56.7,57.9,63.1,68.6,68.4,72.5,74.2",32.6,999.0,999.0,999,999,0
999,999999,"94.5,93.7,98.6,99.8,100.6,102.4,103.8,109.5,110.4,112.1",32.3,999.0,999.0,999,999,0
999,999999,"107.0,110.4,18.9,110.9,112.5,111.3",32.5,999.0,999.0,999,999,0
999,999999,"73.1,80.7,85.1,84.7,87.2,88.0",32.1,999.0,999.0,999,999,0
999,999999,"61.2,18.3,66.7,70.9,72.8",32.1,999.0,999.0,999,999,0
999,999999,"77.8,81.4,80.4,81.5,82.2,81.1,82.6,83.1,83.1",32.4,999.0,999.0,999,999,0
999,999999,"96.9,98.3,101.5,102.6,181.9,103.3,106.3,105.2,105.4",33.0,999.0,999.0,999,999,0
999,999999,"128.6,109.5,110.7,111.1,111.3,111.5,20.9",33.2,999.0,999.0,999,999,0
999,999999,"68.3,69.5,151.7,71.9,74.9,76.5,77.3,79.8,80.1",32.7,999.0,999.0,999,999,0
999,999999,"82.9,86.3,87.1,88.3,87.8,89.3,89.0,89.5,91.5",33.2,999.0,999.0,999,999,0
999,999999,"58.5,60.7,62.2,62.7,62.0,68.8,71.7,72.2",33.6,999.0,999.0,999,999,0
999,999999,"75.6,78.9,81.3,80.4,81.9,81.2,81.0,82.6",33.1,999.0,999.0,999,999,0
999,999999,"105.5,103.7,106.5,110.3,112.4,107.5,108.7,110.5",33.6,999.0,999.0,999,999,0
999,999999,"79.5,80.5,81.1,80.7,79.3,82.6,85.5,86.3,86.5,86.6",33.9,999.0,999.0,999,999,0
999,999999,"101.0,102.6,103.2,110.7,111.7",33.7,999.0,999.0,999,999,0
999,999999,"78.8,78.9,79.1,79.9,131.9,80.5",33.7,999.0,999.0,999,999,0
999,999999,"73.2,18.9,73.4,74.8,75.1",34.0,999.0,999.0,999,999,0
999,999999,"63.2,62.5,69.0,72.4,74.0,77.5,77.3",33.4,999.0,999.0,999,999,0
999,999999,"109.3,111.2,109.8,113.6,114.7,113.9,115.7,115.8",34.3,999.0,999.0,999,999,0
999,999999,"101.7,99.8,102.7,103.4,103.5,105.7",33.6,999.0,999.0,999,999,0
999,999999,"90.0,91.2,92.6,93.8,96.2",34.3,999.0,999.0,999,999,0
999,999999,"73.7,76.2,77.4,78.6,81.7,84.1,86.9,87.5",34.6,999.0,999.0,999,999,0
999,999999,"64.8,64.9,64.6,65.3,67.6,68.5,70.3,69.4,70.4,70.9",34.1,999.0,999.0,999,999,0
999,999999,"86.3,20.2,86.6,86.9,85.5,90.6",34.7,999.0,999.0,999,999,0
999,999999,"88.4,88.5,93.5,160.7,102.0,104.6,105.8,109.8,111.8",34.7,999.0,999.0,999,999,0
999,999999,"95.7,98.2,99.8,100.1,101.3,102.7,104.0,106.5,106.1",34.2,999.0,999.0,999,999,0
999,999999,"99.8,103.8,104.6,107.0,107.5,108.0,110.0",35.1,999.0,999.0,999,999,0
999,999999,"94.5,94.6,99.2,99.8,101.6,102.1,101.6,100.4",35.3,999.0,999.0,999,999,0
999,999999,"68.6,68.7,68.2,69.4,72.3,193.2",9.8,999.0,999.0,999,999,0
999,999999,"92.8,91.6,93.0,100.4,100.6",10.5,999.0,999.0,999,999,0
999,999999,"101.0,101.8,100.2,101.7,101.7",10.0,999.0,999.0,999,999,0
999,999999,"74.3,74.7,76.5,78.6,79.7,80.8,80.5,85.9,84.0,86.6",10.0,999.0,999.0,999,999,0
999,999999,"74.6,75.2,82.1,81.4,84.1,84.2,86.1",10.1,999.0,999.0,999,999,0
999,999999,"112.7,173.8,116.0,114.7,118.5,118.8",10.6,999.0,999.0,999,999,0
999,999999,"111.2,112.0,112.6,114.4,113.4,112.9,115.2,115.2,116.0",10.2,999.0,999.0,999,999,0
999,999999,"110.3,112.1,113.5,113.6,115.4",10.9,999.0,999.0,999,999,0
999,999999,"110.9,113.2,114.4,115.5,115.6",10.9,999.0,999.0,999,999,0
999,999999,"61.3,65.0,64.1,65.0,64.5,64.7,69.2,71.9,72.8,73.4",11.2,999.0,999.0,999,999,0
999,999999,"79.6,81.0,82.1,81.7,83.2,84.1,86.7,86.2,88.4,93.1",11.0,999.0,999.0,999,999,0
999,999999,"69.1,69.5,69.1,75.5,76.8,81.7,82.5",10.7,999.0,999.0,999,999,0
999,999999,"106.4,107.0,107.8,108.9,112.3,112.7,111.6,110.9,111.5,114.2",11.3,999.0,999.0,999,999,0
999,999999,"106.8,108.4,109.9,117.3,119.5,119.1,118.5,120.9,119.4,119.8",11.7,999.0,999.0,999,999,0
999,999999,"62.7,65.0,66.9,68.3,193.5,74.9,74.8,77.9,78.7,81.9",11.1,999.0,999.0,999,999,0
999,999999,"107.2,108.7,108.6,107.4,106.3,106.7,108.3,108.9",12.0,999.0,999.0,999,999,0
999,999999,"93.6,95.9,97.9,97.7,130.8,99.6,103.7",11.7,999.0,999.0,999,999,0
999,999999,"99.6,102.3,102.2,104.3,110.6,112.6,114.5",11.5,999.0,999.0,999,999,0
999,999999,"62.8,61.2,61.2,62.7,63.1,65.4,66.0,181.3,72.9",11.4,999.0,999.0,999,999,0
999,999999,"108.8,113.0,115.4,116.0,115.7,116.5,127.4",12.2,999.0,999.0,999,999,0
999,999999,"77.7,75.8,76.2,80.1,81.3,84.8,87.2,90.5,88.9,91.8",12.2,999.0,999.0,999,999,0
999,999999,"74.2,74.3,72.7,72.9,75.5,78.9,78.7,79.1",12.0,999.0,999.0,999,999,0
999,999999,"107.6,100.3,111.4,116.5,116.3,116.9",12.1,999.0,999.0,999,999,0
999,999999,"75.9,79.8,85.2,87.3,90.2,91.7,90.6,91.4",12.6,999.0,999.0,999,999,0
999,999999,"107.5,110.2,110.0,110.4,110.4,113.7",12.3,999.0,999.0,999,999,0
999,999999,"91.5,90.9,92.6,94.4,149.6,96.1,97.0",12.5,999.0,999.0,999,999,0
999,999999,"115.5,117.3,117.6,117.1,121.9,119.9",12.8,999.0,999.0,999,999,0
999,999999,"94.4,96.8,96.8,100.0,107.0,109.0",12.8,999.0,999.0,999,999,0
999,999999,"111.7,115.5,26.8,124.7,115.2,118.8",12.6,999.0,999.0,999,999,0
999,999999,"68.7,69.6,72.5,70.9,69.8,73.5,75.8,77.3,77.7,78.0",13.2,999.0,999.0,999,999,0
999,999999,"161.4,89.8,90.6,91.6,94.4",12.5,999.0,999.0,999,999,0
999,999999,"75.2,74.5,26.8,75.3,75.3,77.0,77.9,197.1,81.1,85.2",12.8,999.0,999.0,999,999,0
999,999999,"82.9,83.1,84.3,86.6,87.0,86.6,87.0",13.4,999.0,999.0,999,999,0
999,999999,"87.7,87.2,22.9,87.7,87.7,91.5,93.6",12.9,999.0,999.0,999,999,0
999,999999,"78.4,79.2,83.8,85.3,87.0,92.7,91.5,92.4,95.3",13.4,999.0,999.0,999,999,0
999,999999,"76.4,77.5,82.0,81.7,80.6,82.0",14.0,999.0,999.0,999,999,0
999,999999,"77.4,76.2,80.1,80.7,84.5,82.6,83.1",13.4,999.0,999.0,999,999,0
999,999999,"74.3,73.8,76.1,76.7,78.9,81.0,82.8,82.9",13.9,999.0,999.0,999,999,0
999,999999,"68.9,68.7,71.8,75.1,79.1,79.8,81.1,82.9,83.2,85.6",14.3,999.0,999.0,999,999,0
999,999999,"88.9,91.6,94.0,96.6,137.0",14.4,999.0,999.0,999,999,0
999,999999,"99.5,100.8,98.3,97.3,100.2,101.2",13.7,999.0,999.0,999,999,0
999,999999,"123.6,125.5,126.7,125.9,116.7",14.4,999.0,999.0,999,999,0
999,999999,"86.2,88.5,86.8,87.0,84.3",14.3,999.0,999.0,999,999,0
999,999999,"98.0,98.8,98.0,107.3,104.3,107.1,107.7,112.0,113.4,114.6",14.4,999.0,999.0,999,999,0
999,999999,"58.2,60.2,62.4,62.3,67.2,69.1,70.8",14.7,999.0,999.0,999,999,0
999,999999,"74.2,76.8,121.6,80.1,80.6,80.7,84.6,83.5",14.3,999.0,999.0,999,999,0
999,999999,"61.5,64.2,64.7,65.7,67.1,71.0,140.9,73.8,73.9,77.1",14.5,999.0,999.0,999,999,0
999,999999,"96.8,97.1,94.3,189.1,93.7,95.8",14.3,999.0,999.0,999,999,0
999,999999,"65.9,65.3,66.3,119.9,67.4,73.9,75.6",15.2,999.0,999.0,999,999,0
999,999999,"82.4,82.5,86.1,86.8,89.2,95.3,96.9",15.2,999.0,999.0,999,999,0
999,999999,"78.6,77.4,80.8,81.4,80.8,82.4,85.6,91.9,94.5",15.3,999.0,999.0,999,999,0
999,999999,"55.4,54.6,56.7,59.6,64.2,65.8,69.3,69.4,70.2,71.6",15.5,999.0,999.0,999,999,0
999,999999,"120.1,119.9,119.0,119.5,116.6,117.7",15.6,999.0,999.0,999,999,0
999,999999,"70.3,71.1,70.2,72.0,77.4,79.0",15.5,999.0,999.0,999,999,0
999,999999,"78.8,78.8,159.8,79.3,84.5,83.0",15.1,999.0,999.0,999,999,0
999,999999,"98.0,98.4,101.4,100.0,166.8",15.0,999.0,999.0,999,999,0
999,999999,"119.0,69.9,72.2,75.4,76.2,77.3,84.1,86.5,85.3,90.8",15.8,999.0,999.0,999,999,0
999,999999,"100.5,100.3,101.7,102.1,102.6",15.7,999.0,999.0,999,999,0
999,999999,"88.1,89.5,91.3,91.0,94.4,95.7",15.6,999.0,999.0,999,999,0
999,999999,"112.5,114.5,112.3,112.3,114.1,117.0,156.7,118.8",15.6,999.0,999.0,999,999,0
999,999999,"80.3,78.4,80.8,81.9,113.6,18.5,85.3,89.9",15.9,999.0,999.0,999,999,0
999,999999,"110.9,110.8,112.5,113.4,114.0,114.3,113.0,113.4,117.1",16.6,999.0,999.0,999,999,0
999,999999,"65.5,65.2,67.8,72.8,73.1,72.2,75.5,78.4,80.1",16.6,999.0,999.0,999,999,0
999,999999,"93.3,97.4,98.7,101.7,107.1,109.4,116.6,118.2",15.8,999.0,999.0,999,999,0
999,999999,"50.7,53.1,57.9,62.6,64.4,65.4,67.3,67.3,72.6",16.6,999.0,999.0,999,999,0
999,999999,"81.4,82.5,83.5,86.0,89.0,91.1,91.6,95.1,97.3",17.0,999.0,999.0,999,999,0
999,999999,"76.0,165.7,74.8,73.7,76.1",16.4,999.0,999.0,999,999,0
999,999999,"96.1,97.5,100.6,102.2,114.5",17.2,999.0,999.0,999,999,0
999,999999,"93.4,93.0,91.7,98.7,99.7,104.5,105.0,105.6",17.0,999.0,999.0,999,999,0
999,999999,"93.6,92.8,27.6,93.4,92.3",16.7,999.0,999.0,999,999,0
999,999999,"68.7,66.3,68.9,72.9,72.9,77.2,148.2",16.5,999.0,999.0,999,999,0
999,999999,"191.4,67.0,75.1,75.3,75.3",17.1,999.0,999.0,999,999,0
999,999999,"91.4,94.6,94.7,96.7,97.5,99.3,98.6,99.7",16.8,999.0,999.0,999,999,0
999,999999,"87.8,21.5,91.8,91.3,99.1",17.3,999.0,999.0,999,999,0
999,999999,"50.5,27.9,52.8,54.7,59.4,171.8,66.7,66.3,71.2",17.6,999.0,999.0,999,999,0
999,999999,"69.6,72.3,70.6,71.9,71.8,73.0",17.6,999.0,999.0,999,999,0
999,999999,"83.4,87.4,17.5,88.8,89.3,89.6,91.7",17.6,999.0,999.0,999,999,0
999,999999,"83.4,84.8,88.4,88.1,89.9,165.2,97.8",17.5,999.0,999.0,999,999,0
999,999999,"108.5,111.1,113.0,112.6,114.7,116.4,114.0,117.3,118.3,118.9",17.9,999.0,999.0,999,999,0
999,999999,"56.5,60.2,59.0,61.0,59.9,64.8,71.8",18.2,999.0,999.0,999,999,0
999,999999,"77.5,79.2,86.1,85.8,83.6,85.3,86.6,88.9",17.9,999.0,999.0,999,999,0
999,999999,"99.1,100.0,101.0,103.9,106.3,169.6,108.8,108.1,110.3,111.3",18.4,999.0,999.0,999,999,0
999,999999,"91.1,92.4,93.2,92.0,93.6,22.1",18.6,999.0,999.0,999,999,0
999,999999,"64.3,67.6,67.0,69.5,72.1,71.9,74.1",18.0,999.0,999.0,999,999,0
999,999999,"67.5,67.3,64.6,65.0,67.7,70.5,70.4,71.7,71.3,76.3",17.9,999.0,999.0,999,999,0
999,999999,"69.9,70.0,73.2,73.4,15.8,72.2,71.1,69.8,70.7,72.5",18.4,999.0,999.0,999,999,0
999,999999,"59.7,60.6,62.3,63.8,64.7,64.8,65.8,28.0,70.5",19.0,999.0,999.0,999,999,0
999,999999,"115.6,115.0,116.4,117.6,115.4,115.6,119.6,119.4",18.2,999.0,999.0,999,999,0
999,999999,"108.2,107.9,108.9,109.7,113.5,113.8,114.7,113.4",18.7,999.0,999.0,999,999,0
999,999999,"58.2,58.0,59.1,59.9,63.9,66.9,65.4,72.9,75.1,76.6",18.9,999.0,999.0,999,999,0
999,999999,"105.2,104.2,106.0,105.3,108.2,166.6",18.9,999.0,999.0,999,999,0
999,999999,"66.6,67.0,68.6,123.2,71.1",19.4,999.0,999.0,999,999,0
999,999999,"74.9,74.8,76.3,78.4,81.0,82.6,85.4,92.1,92.8",18.8,999.0,999.0,999,999,0
999,999999,"16.6,94.0,95.3,94.3,96.2",19.3,999.0,999.0,999,999,0
999,999999,"97.2,96.5,97.8,98.2,96.9,102.5,104.0,108.2",19.8,999.0,999.0,999,999,0
999,999999,"66.0,67.2,67.1,66.1,65.7,62.7,64.9,72.2,75.1",19.9,999.0,999.0,999,999,0
999,999999,"116.4,116.7,114.9,117.0,115.6,116.3",19.5,999.0,999.0,999,999,0
999,999999,"83.6,87.1,86.8,90.0,90.7,95.9,98.2,100.1",19.8,999.0,999.0,999,999,0
999,999999,"173.7,68.1,71.1,71.3,77.8,80.9,82.5,84.5,86.1,85.8",20.2,999.0,999.0,999,999,0
999,999999,"66.1,68.8,70.1,72.5,76.1,76.8",19.4,999.0,999.0,999,999,0
999,999999,"90.6,91.2,92.6,95.1,93.4,95.8,95.9,96.4",19.7,999.0,999.0,999,999,0
999,999999,"22.0,59.2,64.4,64.5,63.4,70.5",20.6,999.0,999.0,999,999,0
999,999999,"82.1,83.7,84.5,83.3,86.9,90.6,96.4,99.0",20.3,999.0,999.0,999,999,0
999,999999,"89.4,89.9,93.6,94.5,94.5,97.6,98.2",20.5,999.0,999.0,999,999,0
999,999999,"66.9,71.3,74.6,76.8,77.1,79.2",20.9,999.0,999.0,999,999,0
999,999999,"59.7,62.7,66.6,68.8,71.1,72.0,74.3,74.9,75.2,75.3",20.7,999.0,999.0,999,999,0
999,999999,"66.5,66.9,66.8,66.5,66.9,69.1,74.6",20.7,999.0,999.0,999,999,0
999,999999,"52.1,52.7,57.5,60.2,60.4,64.5,67.7,76.2,76.0",21.1,999.0,999.0,999,999,0
999,999999,"71.8,71.8,70.1,69.6,69.8,70.6,72.9,73.7,74.6",20.9,999.0,999.0,999,999,0
999,999999,"84.4,89.0,90.3,90.7,91.7,91.7,96.9,99.3",21.0,999.0,999.0,999,999,0
999,999999,"66.9,70.7,72.1,72.4,72.7",20.5,999.0,999.0,999,999,0
999,999999,"108.4,108.1,110.4,110.0,111.1,111.9",21.4,999.0,999.0,999,999,0
999,999999,"94.8,26.2,101.6,104.1,102.0,102.4,103.6,101.3,101.8",21.4,999.0,999.0,999,999,0
999,999999,"59.8,61.0,64.4,65.9,68.1,69.8,71.6,73.8,73.4",21.4,999.0,999.0,999,999,0
999,999999,"103.6,106.7,107.1,106.4,105.9",21.5,999.0,999.0,999,999,0
999,999999,"83.5,83.5,87.6,88.6,130.5",21.8,999.0,999.0,999,999,0
999,999999,"94.9,97.8,99.4,102.0,103.2",21.8,999.0,999.0,999,999,0
999,999999,"66.2,66.3,67.6,69.8,70.2,71.1,71.2,72.5,73.5",21.4,999.0,999.0,999,999,0
999,999999,"90.7,92.3,91.2,89.5,94.5,94.6,94.6,96.7,99.3",21.7,999.0,999.0,999,999,0
999,999999,"96.8,95.3,96.5,103.0,104.0,105.6,106.1,107.4,107.3,107.1",22.4,999.0,999.0,999,999,0
999,999999,"87.5,84.4,86.4,88.6,89.9,194.9",22.1,999.0,999.0,999,999,0
999,999999,"111.2,109.7,110.2,111.8,112.3,111.2,114.9,116.0",22.2,999.0,999.0,999,999,0
999,999999,"62.5,64.7,68.5,70.6,74.2,75.2,77.5,77.2,81.1,81.6",22.6,999.0,999.0,999,999,0
999,999999,"95.3,97.2,97.6,151.2,97.4,100.6",22.6,999.0,999.0,999,999,0
999,999999,"70.0,74.8,76.3,78.3,79.6,79.8",22.8,999.0,999.0,999,999,0
999,999999,"91.4,94.0,94.3,99.0,102.0,106.2",22.3,999.0,999.0,999,999,0
999,999999,"83.4,81.8,82.3,82.2,84.0,85.2,85.3,157.3,87.2",22.2,999.0,999.0,999,999,0
999,999999,"64.9,71.0,72.5,74.6,79.1,80.7,198.0",22.7,999.0,999.0,999,999,0
999,999999,"67.8,66.6,65.2,67.2,71.1,77.2,82.0,84.7,85.3",22.4,999.0,999.0,999,999,0
999,999999,"97.2,100.0,101.0,100.5,103.7,102.2",23.2,999.0,999.0,999,999,0
999,999999,"83.9,86.2,91.2,92.4,99.1,99.8,101.3,103.4,101.3",23.1,999.0,999.0,999,999,0
999,999999,"105.0,103.2,104.9,105.6,104.9",22.9,999.0,999.0,999,999,0
999,999999,"83.6,84.7,86.7,86.5,92.7,93.6,95.8,95.9",23.5,999.0,999.0,999,999,0
999,999999,"17.4,108.8,110.7,111.4,175.7,111.9,112.5",23.0,999.0,999.0,999,999,0
999,999999,"24.2,106.8,105.9,106.9,111.0,111.9,109.6,110.5,112.1,114.8",23.7,999.0,999.0,999,999,0
999,999999,"90.2,90.6,91.5,93.2,97.6,104.4,106.3",24.0,999.0,999.0,999,999,0
999,999999,"84.7,140.1,84.0,85.3,90.5",23.2,999.0,999.0,999,999,0
999,999999,"74.7,75.9,77.3,82.2,85.5,85.5",23.8,999.0,999.0,999,999,0
999,999999,"72.1,74.4,75.7,78.6,77.8,78.3,79.7,81.8",24.2,999.0,999.0,999,999,0
999,999999,"71.8,72.0,70.7,72.6,74.6,75.2",23.9,999.0,999.0,999,999,0
999,999999,"101.4,101.8,102.6,102.3,101.9,20.2,106.7,107.3,107.7,106.9",24.0,999.0,999.0,999,999,0
999,999999,"105.3,103.3,104.9,105.6,107.8,108.7",24.6,999.0,999.0,999,999,0
999,999999,"84.9,85.8,85.7,87.3,86.8,87.1,87.4,88.4,89.6,88.3",24.3,999.0,999.0,999,999,0
999,999999,"92.4,95.1,95.5,96.3,96.7,20.7,100.3",24.6,999.0,999.0,999,999,0
999,999999,"79.7,80.6,80.1,78.6,79.7,27.3",24.0,999.0,999.0,999,999,0
999,999999,"65.3,66.6,68.5,70.4,70.1,74.4,23.5,83.9,87.1",24.5,999.0,999.0,999,999,0
999,999999,"84.1,84.8,84.0,85.1,85.4,84.9,83.9,85.5,84.5",24.8,999.0,999.0,999,999,0
999,999999,"78.0,79.5,106.2,80.0,81.1,82.1",24.4,999.0,999.0,999,999,0
999,999999,"103.1,102.6,104.0,104.7,193.0,115.7,114.1,115.2",24.5,999.0,999.0,999,999,0
999,999999,"97.3,96.7,98.0,98.3,98.6,97.4,98.3,99.8,102.6",25.2,999.0,999.0,999,999,0
999,999999,"65.3,65.7,70.5,73.9,75.1",25.0,999.0,999.0,999,999,0
999,999999,"59.4,61.7,63.6,68.5,69.4,71.7,73.6",25.4,999.0,999.0,999,999,0
999,999999,"99.4,98.9,98.8,101.2,103.4,101.6",25.3,999.0,999.0,999,999,0
999,999999,"97.7,98.5,108.9,101.1,102.3,103.4,104.0,104.5",25.4,999.0,999.0,999,999,0
999,999999,"115.4,72.8,73.4,74.4,75.2,76.3,78.6,79.9",25.0,999.0,999.0,999,999,0
999,999999,"59.8,60.9,68.1,70.6,72.1,70.6,71.0,71.3,71.7,71.8",25.2,999.0,999.0,999,999,0
999,999999,"102.0,102.9,108.5,105.8,107.3,110.3,27.2,112.5,114.1",25.3,999.0,999.0,999,999,0
999,999999,"50.0,50.6,55.5,55.2,58.6,60.8,64.0,69.2,70.3",25.9,999.0,999.0,999,999,0
999,999999,"90.1,91.6,95.5,95.8,97.1,171.8,105.6,110.5,110.2",25.4,999.0,999.0,999,999,0
999,999999,"68.6,73.5,73.4,72.0,72.8",25.5,999.0,999.0,999,999,0
999,999999,"70.9,76.2,76.8,78.4,79.8",26.0,999.0,999.0,999,999,0
999,999999,"64.6,67.3,68.4,70.6,72.1,73.1,72.5,72.8,76.8,80.6",26.5,999.0,999.0,999,999,0
999,999999,"104.6,105.5,104.9,106.2,106.6,107.3,113.2,114.0,114.6",25.9,999.0,999.0,999,999,0
999,999999,"58.2,63.3,66.2,66.0,69.0,75.1",26.3,999.0,999.0,999,999,0
999,999999,"85.4,86.7,87.8,87.9,91.7,94.0,98.1,98.9",25.9,999.0,999.0,999,999,0
999,999999,"94.2,95.4,100.4,101.7,109.4,110.8,113.6,116.0,118.5",26.9,999.0,999.0,999,999,0
999,999999,"73.0,74.4,74.6,78.7,81.3,81.3,83.3,85.6",27.0,999.0,999.0,999,999,0
999,999999,"98.2,98.3,97.2,98.1,103.5,103.3,103.0,103.4",26.7,999.0,999.0,999,999,0
999,999999,"99.8,101.3,100.6,99.5,100.0,102.5,102.3,104.7,105.4",27.2,999.0,999.0,999,999,0
999,999999,"76.1,75.0,76.1,79.0,80.1,82.3",27.3,999.0,999.0,999,999,0
999,999999,"75.0,80.7,84.0,84.3,85.7,86.4,91.8",27.2,999.0,999.0,999,999,0
999,999999,"94.3,95.2,100.6,103.0,105.4,106.1,108.0,106.5,107.1",26.7,999.0,999.0,999,999,0
999,999999,"90.4,88.4,89.7,90.6,93.1,94.2,95.7,97.4",27.5,999.0,999.0,999,999,0
999,999999,"95.4,95.4,99.9,105.1,104.6,107.3,109.3",27.5,999.0,999.0,999,999,0
999,999999,"101.0,100.2,100.7,102.5,104.6,106.9,108.1",27.0,999.0,999.0,999,999,0
999,999999,"86.3,90.4,90.1,91.0,90.5",27.7,999.0,999.0,999,999,0
999,999999,"93.7,96.0,96.7,98.1,100.3",27.3,999.0,999.0,999,999,0
999,999999,"69.5,76.4,110.1,77.7,79.5,79.5,81.5,82.9,83.1,86.0",27.4,999.0,999.0,999,999,0
999,999999,"109.4,111.0,110.9,114.1,114.7,116.5,114.4,113.1,112.7",27.9,999.0,999.0,999,999,0
999,999999,"94.9,97.4,98.2,99.1,101.2,102.8",27.7,999.0,999.0,999,999,0
999,999999,"83.5,84.8,84.4,84.8,85.9,87.5",27.9,999.0,999.0,999,999,0
999,999999,"87.9,88.6,89.7,92.4,173.1",28.4,999.0,999.0,999,999,0
999,999999,"73.4,77.5,81.3,83.4,81.0,81.6,81.5",28.3,999.0,999.0,999,999,0
999,999999,"94.4,94.1,96.7,99.4,181.2",28.7,999.0,999.0,999,999,0
999,999999,"78.2,82.6,82.2,89.6,89.9,198.8,92.1,94.0,94.2",28.0,999.0,999.0,999,999,0
999,999999,"98.7,100.4,101.8,104.4,105.4,106.8,108.0",28.5,999.0,999.0,999,999,0
999,999999,"72.4,71.8,73.1,75.4,76.1,76.6",28.9,999.0,999.0,999,999,0
999,999999,"85.1,84.8,174.5,87.2,88.4",28.6,999.0,999.0,999,999,0
999,999999,"75.9,82.9,89.3,91.2,98.1",28.5,999.0,999.0,999,999,0
999,999999,"98.3,20.9,101.1,102.1,106.1,105.2,106.4",29.2,999.0,999.0,999,999,0
999,999999,"90.3,90.4,92.2,98.3,98.9,101.1,104.1",29.1,999.0,999.0,999,999,0
999,999999,"73.5,74.1,75.3,75.3,77.4,77.5,78.7,79.1,79.4,78.5",29.0,999.0,999.0,999,999,0
999,999999,"74.0,73.5,18.1,81.0,81.8,83.4,82.2,103.0,81.9",29.2,999.0,999.0,999,999,0
999,999999,"95.7,97.1,98.5,98.6,104.9,108.4,109.3,116.0,116.7,117.7",29.4,999.0,999.0,999,999,0
999,999999,"88.5,90.3,24.8,91.4,94.1,95.5,95.1,96.1",29.1,999.0,999.0,999,999,0
999,999999,"68.8,67.4,71.2,71.6,70.5,71.7,74.0,76.9,78.8",29.3,999.0,999.0,999,999,0
999,999999,"102.6,104.7,107.2,105.9,106.7,108.5,114.1,115.9",29.8,999.0,999.0,999,999,0
999,999999,"108.1,106.6,106.7,105.8,106.8,108.2,111.4,112.5,115.1",29.5,999.0,999.0,999,999,0
999,999999,"83.2,83.3,160.4,86.3,88.8,89.1,91.7,92.6,91.9,92.8",29.6,999.0,999.0,999,999,0
999,999999,"107.1,105.1,107.1,108.8,111.8,111.6,113.0,111.0,112.6,114.7",29.7,999.0,999.0,999,999,0
999,999999,"115.2,113.7,111.0,112.2,113.5,112.1,114.7",29.7,999.0,999.0,999,999,0
999,999999,"88.5,88.5,90.2,93.5,95.2,93.8,98.2,100.7,107.6",29.7,999.0,999.0,999,999,0
999,999999,"77.9,79.4,79.0,81.2,82.7,83.9,84.2,86.4,84.5",29.7,999.0,999.0,999,999,0
999,999999,"75.2,73.6,75.2,75.9,74.7,74.3,75.3",30.5,999.0,999.0,999,999,0
999,999999,"81.0,89.5,91.8,92.1,92.4,94.6,95.8",30.4,999.0,999.0,999,999,0
999,999999,"56.5,58.1,59.4,59.8,65.2,67.9,67.0,68.6,70.9,72.3",30.3,999.0,999.0,999,999,0
999,999999,"77.1,78.3,78.7,78.9,79.4,80.5",30.4,999.0,999.0,999,999,0
999,999999,"59.4,59.6,60.9,61.3,62.9,63.4,63.9,66.1,71.2,71.8",30.9,999.0,999.0,999,999,0
999,999999,"100.9,100.0,101.4,107.8,107.5,108.9,110.3,112.1,109.7",30.4,999.0,999.0,999,999,0
999,999999,"101.0,20.3,105.1,107.4,108.0,110.9,116.3,118.1,119.8",30.4,999.0,999.0,999,999,0
999,999999,"89.4,89.9,90.7,89.1,91.2,99.0,101.8",31.2,999.0,999.0,999,999,0
999,999999,"88.1,90.0,90.2,88.8,88.9",30.7,999.0,999.0,999,999,0
999,999999,"90.7,92.8,92.4,94.4,92.9,97.1,100.7",31.1,999.0,999.0,999,999,0
999,999999,"110.1,110.5,111.3,112.4,114.5",31.2,999.0,999.0,999,999,0
999,999999,"67.8,68.4,70.3,73.3,75.4,82.1,83.2",31.7,999.0,999.0,999,999,0
999,999999,"101.5,105.2,106.1,111.8,110.4,112.7,115.0,116.7,114.6,119.3",31.7,999.0,999.0,999,999,0
999,999999,"108.1,110.7,110.4,114.5,114.9,117.0",31.4,999.0,999.0,999,999,0
999,999999,"80.7,80.0,80.4,102.0,81.1,85.0",31.8,999.0,999.0,999,999,0
999,999999,"60.1,61.5,67.2,68.2,69.1,70.2,71.5,73.2,73.7",32.1,999.0,999.0,999,999,0
999,999999,"105.1,108.6,110.8,112.0,113.1,113.3,114.9,116.8,119.1",32.0,999.0,999.0,999,999,0
999,999999,"114.8,117.6,115.4,116.4,116.9,117.5,118.0,119.8",31.6,999.0,999.0,999,999,0
999,999999,"98.7,100.6,105.7,105.4,106.5,21.8,113.2,119.1,118.9",32.1,999.0,999.0,999,999,0
999,999999,"103.5,104.8,106.7,109.3,110.8",32.3,999.0,999.0,999,999,0
999,999999,"85.0,86.5,89.2,90.2,96.2,98.5,100.4,106.0",32.0,999.0,999.0,999,999,0
999,999999,"59.6,62.6,68.7,66.2,72.9,73.0",32.4,999.0,999.0,999,999,0
999,999999,"108.9,110.8,29.0,114.5,181.6",32.3,999.0,999.0,999,999,0
999,999999,"96.4,100.0,103.4,109.3,109.8,111.6,113.1,115.0,116.1,117.8",32.6,999.0,999.0,999,999,0
999,999999,"76.2,76.0,78.9,79.5,78.5,83.4",33.1,999.0,999.0,999,999,0
999,999999,"86.1,87.1,92.4,92.9,92.0,93.2",32.9,999.0,999.0,999,999,0
999,999999,"64.7,62.9,64.1,64.2,63.3,65.7,66.4,68.8,71.7,73.1",32.4,999.0,999.0,999,999,0
999,999999,"55.9,58.1,57.7,60.7,59.5,60.1,64.5,64.5,71.6,73.6",33.1,999.0,999.0,999,999,0
999,999999,"97.8,99.2,101.1,102.3,103.8,106.0,106.0,106.3,105.4",33.4,999.0,999.0,999,999,0
999,999999,"94.9,99.0,101.6,107.9,104.4,107.0,108.3,116.7,116.5,118.0",33.7,999.0,999.0,999,999,0
999,999999,"72.2,71.9,72.4,73.8,75.4,76.5,79.2,84.7,91.7,92.8",33.6,999.0,999.0,999,999,0
999,999999,"102.3,103.2,108.6,110.8,29.8,108.6",33.7,999.0,999.0,999,999,0
999,999999,"70.9,70.7,75.5,78.9,79.3,80.7,80.1,79.9,78.5",33.2,999.0,999.0,999,999,0
999,999999,"109.1,187.0,112.2,113.2,114.5,116.0,116.8,117.0",33.8,999.0,999.0,999,999,0
999,999999,"70.0,76.9,77.9,77.9,80.4,80.6,80.1",33.5,999.0,999.0,999,999,0
999,999999,"193.9,83.2,84.8,84.8,88.0,87.7,88.5,90.3,92.6,97.3",33.7,999.0,999.0,999,999,0
999,999999,"107.8,107.6,110.2,110.8,112.7,116.6",33.8,999.0,999.0,999,999,0
999,999999,"73.7,74.9,74.2,72.8,73.1,73.6,73.7,77.7,78.6",34.2,999.0,999.0,999,999,0
999,999999,"55.2,62.2,63.7,64.9,67.1,67.6,66.6,26.9,67.9,72.9",33.8,999.0,999.0,999,999,0
999,999999,"117.5,117.5,115.6,114.3,114.5,113.2,117.6",34.2,999.0,999.0,999,999,0
999,999999,"82.6,82.8,83.1,80.7,87.6,87.3,86.6",33.8,999.0,999.0,999,999,0
999,999999,"82.8,83.3,87.4,20.7,94.6,94.9,96.7,95.4,98.7",34.1,999.0,999.0,999,999,0
999,999999,"72.5,74.9,74.5,76.9,74.0,75.7",34.2,999.0,999.0,999,999,0
999,999999,"88.7,89.9,90.9,92.8,95.4,99.0,104.3,108.8,108.1,111.1",34.3,999.0,999.0,999,999,0
999,999999,"66.9,67.7,69.1,151.7,70.5,71.4,70.6,72.6",34.4,999.0,999.0,999,999,0
999,999999,"64.5,66.8,68.3,69.1,70.6,72.7",35.3,999.0,999.0,999,999,0
999,999999,"70.0,71.1,69.9,71.4,71.7,20.8",34.7,999.0,999.0,999,999,0
999,999999,"85.9,88.4,88.0,87.9,90.5,93.7",20.4,999.0,999.0,999,999,0
999,999999,"54.7,62.0,66.3,65.7,71.3,71.7,72.8,71.8",28.5,999.0,999.0,999,999,0
999,999999,"81.2,84.0,84.9,88.4,90.5,94.4",20.2,999.0,999.0,999,999,0
999,999999,"71.2,73.2,72.9,75.4,73.3",12.2,999.0,999.0,999,999,0
999,999999,"84.6,84.5,87.5,86.4,28.9,83.6,81.4",21.1,999.0,999.0,999,999,0
999,999999,"66.1,66.7,67.4,72.3,74.3,78.9,79.0",17.2,999.0,999.0,999,999,0
999,999999,"73.4,74.8,75.3,75.9,82.8,80.3,86.0,85.4,87.5,86.2",29.3,999.0,999.0,999,999,0
999,999999,"76.4,78.9,80.8,80.9,86.2,89.8,93.3,94.7",12.3,999.0,999.0,999,999,0
999,999999,"86.0,91.9,94.5,98.6,98.2,99.9,101.5,135.0,104.4,105.3",20.4,999.0,999.0,999,999,0
999,999999,"65.0,65.8,70.8,72.2,70.6,71.4,71.4,72.1",21.7,999.0,999.0,999,999,0
999,999999,"81.0,79.9,79.0,79.2,80.9,79.4,78.9,79.8,81.2,79.3",31.4,999.0,999.0,999,999,0
999,999999,"88.2,89.2,93.4,168.1,100.7,102.4,104.0",31.6,999.0,999.0,999,999,0
999,999999,"24.7,89.2,86.8,86.4,93.7",17.9,999.0,999.0,999,999,0
999,999999,"67.9,66.5,65.4,67.3,69.2,72.5,72.3,71.3",30.4,999.0,999.0,999,999,0
999,999999,"94.2,96.0,99.7,99.7,99.9",18.8,999.0,999.0,999,999,0
999,999999,"83.1,81.2,79.3,82.0,82.7,84.8,86.7,86.6,88.3,87.2",22.6,999.0,999.0,999,999,0
999,999999,"90.1,91.8,94.5,93.1,93.2,94.6,95.2,97.9,104.0,103.8",19.9,999.0,999.0,999,999,0
999,999999,"78.5,79.0,78.0,82.3,80.0,79.6,79.8,80.8,82.1,85.2",21.0,999.0,999.0,999,999,0
999,999999,"80.4,143.8,81.6,81.5,83.2,84.5,85.5,87.0",25.5,999.0,999.0,999,999,0
999,999999,"103.3,101.6,102.5,104.1,104.3,105.8,105.6,107.4",22.6,999.0,999.0,999,999,0
999,999999,"79.1,82.0,81.3,83.6,84.0,85.4,88.1",24.4,999.0,999.0,999,999,0
999,999999,"100.5,105.4,105.8,106.9,23.7,109.5,109.9",15.6,999.0,999.0,999,999,0
999,999999,"96.1,97.7,97.9,101.6,103.0,103.2,103.5,104.1,103.2",10.9,999.0,999.0,999,999,0
999,999999,"90.1,21.4,97.7,97.9,97.7,98.0,100.3",19.3,999.0,999.0,999,999,0
999,999999,"67.7,71.2,73.2,72.3,74.6,75.7",33.8,999.0,999.0,999,999,0
999,999999,"117.5,116.3,117.9,118.0,117.9",26.3,999.0,999.0,999,999,0
999,999999,"59.6,61.5,62.4,70.4,128.6",14.4,999.0,999.0,999,999,0
999,999999,"68.3,73.6,72.5,73.0,74.0,74.9,79.5,77.6,78.4",24.0,999.0,999.0,999,999,0
999,999999,"107.1,103.8,109.0,108.8,108.1,108.7,111.1",29.0,999.0,999.0,999,999,0
999,999999,"73.4,74.4,76.1,74.3,16.5,76.9,78.4",29.4,999.0,999.0,999,999,0
999,999999,"84.7,83.0,83.7,85.1,84.0,84.6,84.2,86.6,92.1",12.8,999.0,999.0,999,999,0
999,999999,"103.7,103.2,107.7,109.5,111.7",25.9,999.0,999.0,999,999,0
999,999999,"86.1,86.6,89.8,91.5,90.2,91.1",30.4,999.0,999.0,999,999,0
999,999999,"71.6,75.2,74.8,76.7,78.4",15.8,999.0,999.0,999,999,0
999,999999,"71.5,82.7,82.7,81.7,83.5,84.0,82.5,83.5",11.8,999.0,999.0,999,999,0
999,999999,"63.1,61.5,62.6,65.0,68.7,70.1,78.0,77.6,19.5,82.4",10.0,999.0,999.0,999,999,0
999,999999,"82.6,84.8,85.4,86.1,91.9,92.7",33.9,999.0,999.0,999,999,0
999,999999,"21.9,114.9,114.7,117.0,118.5,118.7",19.8,999.0,999.0,999,999,0
999,999999,"102.5,104.4,106.6,111.9,112.4,114.6,115.7",14.9,999.0,999.0,999,999,0
999,999999,"84.8,87.7,92.6,95.9,96.9,102.7,104.3,106.2",32.4,999.0,999.0,999,999,0
999,999999,"95.0,96.5,100.9,101.1,102.4,103.8,109.4,112.2,112.9,113.1",15.9,999.0,999.0,999,999,0
999,999999,"97.3,97.3,98.7,98.8,107.7,105.4",27.3,999.0,999.0,999,999,0
999,999999,"60.0,61.3,62.4,63.4,70.8",32.3,999.0,999.0,999,999,0
999,999999,"69.7,70.6,73.8,75.2,75.9",28.5,999.0,999.0,999,999,0
999,999999,"95.6,95.8,100.2,100.0,186.3,102.6,100.2,100.7",31.2,999.0,999.0,999,999,0
999,999999,"73.5,74.7,75.0,75.9,74.6,74.8",12.2,999.0,999.0,999,999,0
999,999999,"74.8,72.8,140.5,76.7,77.8,80.8,81.1",28.7,999.0,999.0,999,999,0
999,999999,"65.9,71.1,74.7,75.5,77.0,78.3,78.4,81.1,79.1,83.9",29.3,999.0,999.0,999,999,0
999,999999,"62.9,65.7,65.5,67.5,69.1,119.3,72.0",27.8,999.0,999.0,999,999,0
999,999999,"109.7,108.5,109.6,108.2,109.7,112.7",29.3,999.0,999.0,999,999,0
999,999999,"96.4,97.6,98.7,99.7,104.8",14.7,999.0,999.0,999,999,0
999,999999,"102.6,107.2,109.1,115.2,116.8,120.6,118.0,117.0",21.4,999.0,999.0,999,999,0
999,999999,"53.1,57.0,58.1,58.5,65.9,67.4,72.1",15.1,999.0,999.0,999,999,0
999,999999,"58.2,64.0,139.6,74.6,75.2,75.4,76.2,75.0,76.9",34.6,999.0,999.0,999,999,0
999,999999,"97.0,97.9,98.5,105.4,104.2,107.4,110.7,110.5,113.1,114.4",16.7,999.0,999.0,999,999,0
999,999999,"100.2,102.9,103.2,106.6,109.1,108.7,109.7,112.7,113.7",22.6,999.0,999.0,999,999,0
999,999999,"71.1,70.9,75.9,77.0,81.0",33.7,999.0,999.0,999,999,0
999,999999,"96.2,16.0,95.0,98.5,104.2,106.3",15.8,999.0,999.0,999,999,0
999,999999,"94.3,95.3,96.9,96.5,95.2,94.9,100.3,101.9,102.0,104.4",23.4,999.0,999.0,999,999,0
999,999999,"78.5,80.1,82.0,84.0,88.1",12.3,999.0,999.0,999,999,0
999,999999,"57.3,58.9,63.3,65.4,67.1,65.5,65.7,68.5,72.5",17.9,999.0,999.0,999,999,0
999,999999,"92.7,91.0,92.9,93.7,97.8",26.2,999.0,999.0,999,999,0
999,999999,"69.7,70.7,72.4,72.4,74.0,75.1,74.9,72.5",12.6,999.0,999.0,999,999,0
999,999999,"85.7,83.9,86.5,89.4,88.8,90.3,92.5,94.4",23.8,999.0,999.0,999,999,0
999,999999,"79.5,80.6,82.6,82.5,82.8,82.7,85.3,85.5,87.4",18.6,999.0,999.0,999,999,0
999,999999,"96.0,95.5,93.5,95.1,96.6,95.7",17.0,999.0,999.0,999,999,0
999,999999,"89.6,88.4,93.6,95.8,97.2,105.5,106.3,111.3,112.4,114.8",10.9,999.0,999.0,999,999,0
999,999999,"72.9,73.5,73.7,77.9,77.4,79.2,83.2,83.3,90.6,139.2",33.6,999.0,999.0,999,999,0
999,999999,"81.9,82.7,82.7,84.5,85.5,85.7,90.7,92.0,90.7",11.1,999.0,999.0,999,999,0
999,999999,"59.9,61.2,63.2,66.2,67.6,69.5,70.8,70.2,74.1,79.8",19.9,999.0,999.0,999,999,0
999,999999,"100.9,106.9,108.3,107.4,109.5",15.1,999.0,999.0,999,999,0
999,999999,"107.4,107.7,109.5,110.1,108.3,108.4,109.5",24.0,999.0,999.0,999,999,0
999,999999,"67.8,71.0,71.4,71.6,73.2,72.8,74.4,76.2,81.2,82.4",18.9,999.0,999.0,999,999,0
999,999999,"81.9,82.1,81.3,81.7,82.5,84.6,83.7,86.1,85.6,88.3",18.7,999.0,999.0,999,999,0
999,999999,"93.5,94.5,93.0,91.8,94.4",21.8,999.0,999.0,999,999,0
999,999999,"105.4,104.0,104.1,103.4,102.3,101.9,100.4,104.2,103.2",29.4,999.0,999.0,999,999,0
999,999999,"108.5,62.5,63.9,64.7,64.9,67.9,66.0,70.4",30.4,999.0,999.0,999,999,0
999,999999,"96.7,96.5,97.1,96.6,98.2,99.4,99.2,101.0,101.6",27.4,999.0,999.0,999,999,0
999,999999,"80.4,80.9,88.0,85.3,85.1,86.3,85.9",11.7,999.0,999.0,999,999,0
999,999999,"77.7,82.3,84.0,87.4,87.4,86.3,88.6,93.1,94.8",27.9,999.0,999.0,999,999,0
999,999999,"86.0,152.8,91.7,92.7,95.6,93.1,99.3,99.8,99.7",13.6,999.0,999.0,999,999,0
999,999999,"63.8,63.6,64.9,65.7,66.7,73.1",30.8,999.0,999.0,999,999,0
999,999999,"106.0,107.7,110.1,110.5,112.6,111.1",17.7,999.0,999.0,999,999,0
999,999999,"101.2,103.1,103.4,104.5,106.2,106.7,109.1,109.9,113.5,111.4",27.3,999.0,999.0,999,999,0
999,999999,"65.5,68.8,70.3,72.9,75.2,78.3,79.3,78.5,85.1,84.6",14.8,999.0,999.0,999,999,0
999,999999,"105.7,106.9,108.2,110.0,108.5,108.8,109.2",21.0,999.0,999.0,999,999,0
999,999999,"68.2,73.6,74.0,80.8,82.3",23.8,999.0,999.0,999,999,0
999,999999,"60.7,63.1,65.3,65.7,70.0,72.5,78.9,77.6,79.0",10.0,999.0,999.0,999,999,0
999,999999,"99.6,99.7,99.6,101.0,98.6,101.1,101.5,100.9",23.9,999.0,999.0,999,999,0
999,999999,"103.7,102.7,103.8,103.8,105.9",15.4,999.0,999.0,999,999,0
999,999999,"96.2,97.2,104.5,105.7,105.0,106.5,110.7,116.1,115.9,116.3",20.3,999.0,999.0,999,999,0
999,999999,"78.6,78.4,80.0,79.8,80.6,84.8,86.2,88.6",11.2,999.0,999.0,999,999,0
999,999999,"81.0,79.2,79.8,79.8,86.0,87.9",15.6,999.0,999.0,999,999,0
999,999999,"191.8,109.2,115.0,117.0,118.9,118.4",32.6,999.0,999.0,999,999,0
999,999999,"78.7,78.9,81.2,82.2,81.0,80.9,84.5,86.8,159.4",28.8,999.0,999.0,999,999,0
999,999999,"80.0,80.6,83.1,162.8,85.6,88.3,90.4,91.8",25.4,999.0,999.0,999,999,0
999,999999,"78.5,81.4,83.1,82.6,84.4,86.1,86.9,87.6,86.5",31.3,999.0,999.0,999,999,0
999,999999,"106.8,106.2,110.1,112.0,113.2,114.1,116.4",13.9,999.0,999.0,999,999,0
999,999999,"71.0,75.9,77.1,80.7,82.4",26.4,999.0,999.0,999,999,0
999,999999,"78.9,27.6,86.7,87.9,91.0",30.0,999.0,999.0,999,999,0
999,999999,"96.7,100.4,102.9,102.0,104.0,105.0",29.3,999.0,999.0,999,999,0
999,999999,"96.8,99.1,101.1,103.3,104.5,105.4,107.4,115.0,106.7,106.9",33.6,999.0,999.0,999,999,0
999,999999,"78.5,81.1,81.2,82.7,83.6,84.0,87.4,92.1,92.8,90.8",12.2,999.0,999.0,999,999,0
999,999999,"89.6,87.2,91.7,92.2,26.8,91.9,88.9,94.9,93.6,93.4",19.7,999.0,999.0,999,999,0
999,999999,"99.5,101.7,102.3,100.3,104.4,105.3,105.2,105.5,106.9,106.5",15.5,999.0,999.0,999,999,0
999,999999,"73.8,75.9,78.5,78.9,81.7",12.2,999.0,999.0,999,999,0
999,999999,"70.3,69.3,17.3,74.4,73.8,80.4,79.3,79.7,79.3,80.6",30.3,999.0,999.0,999,999,0
999,999999,"110.1,114.5,115.5,114.4,115.2,115.7,117.8",30.7,999.0,999.0,999,999,0
999,999999,"83.6,86.1,88.0,87.0,85.9,92.5",31.6,999.0,999.0,999,999,0
999,999999,"87.9,86.9,86.1,93.6,93.8,101.1,108.6,111.3",10.5,999.0,999.0,999,999,0
999,999999,"101.1,100.9,101.2,103.9,102.7,102.8",28.7,999.0,999.0,999,999,0
999,999999,"101.8,99.9,100.6,100.8,101.7,101.2,102.1,103.0,104.6,106.0",14.3,999.0,999.0,999,999,0
999,999999,"107.7,109.0,113.2,113.7,112.9,114.6,180.2",31.1,999.0,999.0,999,999,0
999,999999,"67.7,69.0,68.8,69.9,70.3,72.7,72.8,74.0,75.7",30.6,999.0,999.0,999,999,0
999,999999,"61.0,66.2,68.0,67.2,68.4,70.0,72.5",33.7,999.0,999.0,999,999,0
999,999999,"90.7,90.8,95.1,93.7,96.3,99.2,97.2,99.1",18.2,999.0,999.0,999,999,0
999,999999,"111.5,112.8,113.9,115.0,113.8,111.0",21.8,999.0,999.0,999,999,0
999,999999,"89.4,91.4,93.3,95.9,96.4,97.2",15.1,999.0,999.0,999,999,0
999,999999,"106.3,107.7,110.2,110.4,112.2,113.4,118.7",13.2,999.0,999.0,999,999,0
999,999999,"72.6,73.1,73.0,72.0,70.0,70.5,71.5,72.3,69.9,71.7",25.5,999.0,999.0,999,999,0
999,999999,"94.9,93.5,95.7,97.8,97.8",31.6,999.0,999.0,999,999,0
999,999999,"94.2,95.0,95.2,98.0,99.6,102.6,102.8",10.5,999.0,999.0,999,999,0
999,999999,"100.6,101.7,152.7,102.5,103.7,103.4,105.5",28.5,999.0,999.0,999,999,0
999,999999,"73.2,23.0,73.6,75.7,76.4,77.9,78.3,78.2,80.6",23.2,999.0,999.0,999,999,0
999,999999,"67.8,69.5,71.1,72.4,75.9,80.7,81.8,82.0,81.8",34.2,999.0,999.0,999,999,0
999,999999,"97.2,101.4,102.3,103.8,106.6,106.5,107.4,108.4",13.8,999.0,999.0,999,999,0
999,999999,"85.4,85.2,86.5,107.7,89.5",25.6,999.0,999.0,999,999,0
999,999999,"88.4,89.6,90.5,90.3,91.5,95.0,96.2",11.5,999.0,999.0,999,999,0
999,999999,"76.1,75.8,76.4,77.1,85.2,86.4",15.3,999.0,999.0,999,999,0
999,999999,"102.2,102.7,103.7,104.6,104.8",16.4,999.0,999.0,999,999,0
999,999999,"61.2,62.3,67.4,72.1,128.0,78.7,77.9,78.0,79.1",19.8,999.0,999.0,999,999,0
999,999999,"71.8,72.8,72.9,72.1,73.2,72.7,74.5,78.9,80.3,81.0",17.6,999.0,999.0,999,999,0
999,999999,"82.6,82.5,83.9,83.8,92.1,96.9,98.0,101.4",10.4,999.0,999.0,999,999,0
999,999999,"62.0,62.5,63.8,69.1,70.9,71.1,72.5",19.3,999.0,999.0,999,999,0
999,999999,"101.9,103.7,105.2,103.9,103.7,107.4,110.7",23.1,999.0,999.0,999,999,0
999,999999,"72.1,71.9,74.1,74.1,79.0,77.9,79.2",33.8,999.0,999.0,999,999,0
999,999999,"91.0,91.8,94.3,92.3,92.8,93.1,95.6",23.9,999.0,999.0,999,999,0
999,999999,"88.6,89.3,90.2,175.6,96.3,96.4,102.5,102.4,103.0",32.1,999.0,999.0,999,999,0
999,999999,"69.3,71.1,73.5,74.3,74.2,75.1,79.1,80.0,84.7,89.6",16.1,999.0,999.0,999,999,0
999,999999,"67.2,67.3,65.8,66.9,71.5,69.6,71.9,78.9,23.4,83.8",23.6,999.0,999.0,999,999,0
999,999999,"68.9,70.9,72.3,70.9,71.6",35.3,999.0,999.0,999,999,0
999,999999,"98.6,97.5,98.9,98.8,102.3,103.0",17.7,999.0,999.0,999,999,0
999,999999,"74.7,75.9,79.4,78.3,83.3,85.6",24.6,999.0,999.0,999,999,0
999,999999,"57.4,64.1,68.2,157.2,75.6,81.3,81.8,82.0",26.5,999.0,999.0,999,999,0
999,999999,"94.3,98.7,98.4,98.0,99.0",27.2,999.0,999.0,999,999,0
999,999999,"107.2,109.3,106.8,104.9,103.6",14.3,999.0,999.0,999,999,0
999,999999,"71.0,72.4,71.3,74.1,77.9,78.4",22.4,999.0,999.0,999,999,0
999,999999,"75.2,73.4,76.2,81.0,84.5,84.6,170.7,96.1,97.1",11.0,999.0,999.0,999,999,0
999,999999,"122.5,107.1,109.4,110.6,110.6",33.8,999.0,999.0,999,999,0
999,999999,"63.9,64.5,67.1,66.8,17.8,71.7,72.2,73.6,74.1",32.7,999.0,999.0,999,999,0
999,999999,"90.2,94.2,95.6,100.2,98.8",13.8,999.0,999.0,999,999,0
999,999999,"103.4,105.3,112.1,112.6,112.1,113.6,113.5,111.1",12.3,999.0,999.0,999,999,0
999,999999,"88.5,102.1,92.2,92.8,93.9,96.6",23.4,999.0,999.0,999,999,0
999,999999,"74.4,80.1,78.3,78.6,78.8,77.9",29.8,999.0,999.0,999,999,0
999,999999,"20.1,88.8,87.9,90.6,91.7",17.5,999.0,999.0,999,999,0
999,999999,"19.0,72.5,72.1,75.4,74.3,73.5,75.0,75.6,77.4",11.5,999.0,999.0,999,999,0
999,999999,"196.3,110.4,110.3,108.9,108.4,111.6,111.9,114.0,113.7",26.7,999.0,999.0,999,999,0
999,999999,"108.7,108.5,110.3,110.3,116.5,117.0,117.0,118.8,119.3",13.2,999.0,999.0,999,999,0
999,999999,"55.6,55.5,57.4,61.9,68.4,69.7,119.9",14.4,999.0,999.0,999,999,0
999,999999,"91.9,92.4,92.8,93.8,93.3,94.6",25.3,999.0,999.0,999,999,0
999,999999,"109.2,108.8,108.5,109.5,110.1",15.9,999.0,999.0,999,999,0
999,999999,"104.1,106.6,110.8,113.4,113.7,113.8,115.3,115.1,114.2",31.8,999.0,999.0,999,999,0
999,999999,"70.0,72.6,73.4,74.7,72.9,72.8,75.9",14.3,999.0,999.0,999,999,0
999,999999,"90.0,92.0,97.2,99.5,173.1,101.6,104.1",19.4,999.0,999.0,999,999,0
999,999999,"115.2,148.3,117.1,118.3,117.8",26.9,999.0,999.0,999,999,0
999,999999,"110.2,110.3,113.4,113.6,111.9",21.0,999.0,999.0,999,999,0
999,999999,"89.4,90.8,92.0,97.5,97.9",31.3,999.0,999.0,999,999,0
999,999999,"82.0,191.3,80.5,82.4,84.6",32.4,999.0,999.0,999,999,0
999,999999,"101.2,101.3,102.9,107.8,114.7,116.4,117.6,118.7",13.6,999.0,999.0,999,999,0
999,999999,"94.5,97.1,97.7,99.1,100.3,103.2,104.1,105.1",29.6,999.0,999.0,999,999,0
999,999999,"94.3,91.8,93.5,91.3,93.2,91.6,91.4",32.1,999.0,999.0,999,999,0
999,999999,"87.9,93.0,98.9,100.9,101.3",20.4,999.0,999.0,999,999,0
999,999999,"59.7,63.6,69.0,69.0,67.5,71.3,75.0,75.7,18.9",27.9,999.0,999.0,999,999,0
999,999999,"73.7,74.3,79.8,82.8,85.5,85.6,86.3",30.7,999.0,999.0,999,999,0
999,999999,"90.4,91.0,92.1,94.1,97.2,98.6,101.7,102.1",22.6,999.0,999.0,999,999,0
999,999999,"106.0,107.1,107.1,108.7,107.8,108.6",10.2,999.0,999.0,999,999,0
999,999999,"104.9,110.7,110.9,111.7,112.1,111.0",10.8,999.0,999.0,999,999,0
999,999999,"81.4,83.6,85.3,90.7,90.7,91.7,97.5,98.2,133.4,104.5",31.3,999.0,999.0,999,999,0
999,999999,"84.7,85.9,84.9,84.6,85.9,87.2,88.8",10.1,999.0,999.0,999,999,0
999,999999,"94.0,94.3,99.1,100.0,100.6",24.4,999.0,999.0,999,999,0
999,999999,"104.5,105.0,105.1,103.1,101.9,103.0",20.9,999.0,999.0,999,999,0
999,999999,"50.5,52.4,55.2,60.4,62.2,67.0,73.7,73.0,73.4,73.3",13.4,999.0,999.0,999,999,0
999,999999,"77.7,77.8,78.9,83.8,89.3,91.8,90.5,92.8",24.3,999.0,999.0,999,999,0
999,999999,"84.5,86.0,86.4,85.9,87.8,88.4,89.8,91.5",30.2,999.0,999.0,999,999,0
999,999999,"112.6,112.8,114.5,121.2,119.9",11.5,999.0,999.0,999,999,0
999,999999,"96.7,97.4,99.0,106.0,106.7,108.5,110.8,113.1,114.1,116.7",19.9,999.0,999.0,999,999,0
999,999999,"112.9,115.1,113.9,115.7,115.8,116.4",14.0,999.0,999.0,999,999,0
999,999999,"89.2,91.3,90.9,90.2,89.8,89.6",23.2,999.0,999.0,999,999,0
999,999999,"76.3,77.0,77.7,76.9,79.3,77.8,79.3,80.1,83.0,78.8",31.2,999.0,999.0,999,999,0
999,999999,"87.0,85.4,86.5,88.5,91.9,93.8,20.5",28.2,999.0,999.0,999,999,0
999,999999,"86.3,87.6,20.7,86.9,87.2,88.7,89.0,89.0",16.1,999.0,999.0,999,999,0
999,999999,"63.5,64.2,69.2,77.2,76.5,80.5,80.7,81.2",20.6,999.0,999.0,999,999,0
999,999999,"66.9,67.4,68.5,69.2,70.7",32.7,999.0,999.0,999,999,0
999,999999,"63.3,61.5,63.8,65.7,71.1,73.0,77.5,78.9",34.3,999.0,999.0,999,999,0
999,999999,"83.9,84.2,85.7,84.0,89.6,90.4,94.9,95.7,96.7",15.5,999.0,999.0,999,999,0
999,999999,"91.4,91.2,94.1,93.8,96.4,98.3",19.3,999.0,999.0,999,999,0
999,999999,"89.1,94.9,97.7,98.4,101.3,102.1,101.9,107.7",23.8,999.0,999.0,999,999,0
999,999999,"94.9,96.3,96.8,96.0,96.0,101.1,101.0,102.5",32.4,999.0,999.0,999,999,0
999,999999,"70.0,70.9,70.2,74.4,73.7,73.8,74.4,75.0,129.2,76.7",33.7,999.0,999.0,999,999,0
999,999999,"83.8,84.7,86.7,87.8,89.9",25.3,999.0,999.0,999,999,0
999,999999,"93.9,94.9,98.0,104.4,106.2,106.6,107.2,107.1,110.4",32.7,999.0,999.0,999,999,0
999,999999,"75.8,81.3,84.6,86.4,86.4",33.7,999.0,999.0,999,999,0
999,999999,"101.0,102.3,106.8,17.6,105.7",23.9,999.0,999.0,999,999,0
999,999999,"92.0,92.6,93.2,93.3,95.7,97.1,96.7,100.6,100.2,101.6",27.3,999.0,999.0,999,999,0
999,999999,"83.0,84.2,88.5,93.1,96.7,99.7,100.5",12.3,999.0,999.0,999,999,0
999,999999,"107.6,107.8,108.7,109.7,17.4,114.0,112.2",13.8,999.0,999.0,999,999,0
999,999999,"82.5,82.5,89.1,90.2,96.5,96.1,97.4,100.0,101.2",11.2,999.0,999.0,999,999,0
999,999999,"77.7,76.3,76.8,76.4,77.3,79.0,82.8,83.9",26.2,999.0,999.0,999,999,0
999,999999,"150.9,70.8,69.4,73.2,75.7,77.1,77.5",17.6,999.0,999.0,999,999,0
999,999999,"63.9,62.6,63.3,63.4,65.1,69.0,68.1,69.6,70.5",28.5,999.0,999.0,999,999,0
999,999999,"85.0,84.9,90.5,91.7,93.5,97.8,99.6,100.1,102.1,99.3",34.3,999.0,999.0,999,999,0
999,999999,"92.5,91.2,97.5,97.8,97.2,17.2",18.5,999.0,999.0,999,999,0
999,999999,"99.6,100.8,104.0,107.0,195.3,108.7,110.5,110.8,108.9,109.5",12.9,999.0,999.0,999,999,0
999,999999,"57.9,57.5,58.6,61.8,68.7,69.7,73.8",16.8,999.0,999.0,999,999,0
999,999999,"96.0,98.3,98.8,100.0,105.1,104.8,109.8,109.4",27.3,999.0,999.0,999,999,0
999,999999,"101.7,103.3,105.8,108.1,108.6,108.3",14.5,999.0,999.0,999,999,0
999,999999,"85.9,85.5,88.7,93.3,99.7,100.6,99.4,99.7,101.3",15.9,999.0,999.0,999,999,0
999,999999,"105.9,107.3,106.1,105.2,108.1",29.1,999.0,999.0,999,999,0
999,999999,"92.0,92.2,187.0,95.7,99.5,104.0,105.2,109.7",23.2,999.0,999.0,999,999,0
999,999999,"103.9,104.0,104.8,103.4,106.7,108.2",12.9,999.0,999.0,999,999,0
999,999999,"103.2,104.0,104.4,105.4,106.9,107.9",12.3,999.0,999.0,999,999,0
999,999999,"71.2,76.2,84.3,84.7,87.7,89.1,92.6,91.2,92.8",21.2,999.0,999.0,999,999,0
999,999999,"99.4,102.4,104.9,107.0,108.4",13.9,999.0,999.0,999,999,0
999,999999,"75.4,78.0,77.5,78.6,81.1",18.9,999.0,999.0,999,999,0
999,999999,"83.7,84.1,87.6,89.8,91.9,99.8,98.4,99.6,99.2",14.0,999.0,999.0,999,999,0
999,999999,"85.5,15.8,84.9,84.9,86.6",29.3,999.0,999.0,999,999,0
999,999999,"81.0,79.2,81.0,80.8,85.9,85.5,90.4,90.1",17.9,999.0,999.0,999,999,0
999,999999,"99.6,97.4,97.3,100.0,101.5,103.2",22.7,999.0,999.0,999,999,0
999,999999,"70.3,70.4,71.6,73.0,78.6,79.8",19.8,999.0,999.0,999,999,0
999,999999,"96.7,98.9,99.8,101.1,149.4",32.3,999.0,999.0,999,999,0
999,999999,"74.8,76.6,77.7,160.7,78.2",32.7,999.0,999.0,999,999,0
999,999999,"76.3,79.4,83.4,87.0,85.2,86.0,86.1,86.8",28.7,999.0,999.0,999,999,0
999,999999,"69.1,165.3,70.5,69.1,68.7,70.0",32.5,999.0,999.0,999,999,0
999,999999,"63.9,65.2,66.9,68.1,69.0,70.5",23.7,999.0,999.0,999,999,0
