model,barcode,power,temperature,boundaryPowerMax,boundaryPowerMin,compressorModel,doza,label
424,424100242149604600424,"75.5,75,78,78.5,79.5,82.5,83,83.5",17.8,75.04,90.83,JiaXipera МM1110Y,28,1
424,424100242149604580424,"72.5,76,78,78.5,79,80.5,80,79.5",18.1,75.48,91.32,JiaXipera МM1110Y,28,1
424,424100242149604560424,"73,75.5,78,79,81.5,83,81.5",18.3,75.78,91.64,JiaXipera МM1110Y,28,1
424,424100242149604530424,"74.5,80.5,82.5,85,85.5,88,89,88",18.4,75.92,91.8,JiaXipera МM1110Y,28,1
424,424100242149604520424,"69.5,75.5,77.5,80,81,84.5,85,84.5",18.2,75.63,91.48,JiaXipera МM1110Y,28,1
424,424100242149604500424,"74.5,80,82,82.5,83.5,85,85.5,86.5,85",18.3,75.78,91.64,JiaXipera МM1110Y,28,1
424,424100242149604490424,"80,77.5,76,80.5,82.5,84,85.5,86.5",18.4,75.92,91.8,JiaXipera МM1110Y,28,1
424,424100242149604480424,"74,78,80.5,82.5,82,83.5,81.5",18.4,75.92,91.8,JiaXipera МM1110Y,28,1
424,424100242149604470424,"74.5,79,81,81.5,84,84.5,86.5,86",18.4,75.92,91.8,JiaXipera МM1110Y,28,1
424,424100242149604430424,"76.5,79.5,80,82,83.5,84.5,86.5,85.5",18.5,76.07,91.96,JiaXipera МM1110Y,28,1
424,424100242149604360424,"74.5,81,83.5,84,85.5,88,87.5",17.7,74.89,90.67,JiaXipera МM1110Y,28,1
424,424100242149604350424,"74.5,75.5,79,83,82.5,84,84.5,84",17.8,75.04,90.83,JiaXipera МM1110Y,28,1
424,424100242149604280424,"80.5,82.5,84,83,82,83.5,85,83",18.1,75.48,91.32,JiaXipera МM1110Y,28,1
424,424100242149604260424,"76,79.5,81.5,84,86,87.5,87,86.5",18.3,75.78,91.64,JiaXipera МM1110Y,28,1
424,424100242149604220424,"76,76.5,79,77.5,76.5,79.5,80,80.5,80,82,81.5,83.5,84,85,85.5,87.5,86.5,87,87.5,88,87,87.5",18.2,75.63,91.48,JiaXipera МM1110Y,28,1
424,424100242149604200424,"73,73.5,79,80,82,83.5,82",18.5,76.07,91.96,JiaXipera МM1110Y,28,1
424,424100242149604440424,"71.5,76,79.5,81,83.5,86.5,84.5",18.5,76.07,91.96,JiaXipera МM1110Y,28,1
424,424100242149604190424,"75,79.5,81,83,83.5,84.5,85,83",18.6,76.22,92.12,JiaXipera МM1110Y,28,1
424,424100242149604150424,"72,77,80.5,81.5,84,85,83",18.6,76.22,92.12,JiaXipera МM1110Y,28,1
424,424100242149604140424,"75.5,78,82,81.5,83,85,84,83.5",18.6,76.22,92.12,JiaXipera МM1110Y,28,1
424,424100242149604130424,"77,79,81.5,82,83,84.5,85,84",18.6,76.22,92.12,JiaXipera МM1110Y,28,1
424,424100242149604120424,"76.5,78,82,83,84.5,86,85",18.6,76.22,92.12,JiaXipera МM1110Y,28,1
424,424100242149604080424,"75,76.5,78.5,81,83,84.5,86.5,83",18.9,76.66,92.61,JiaXipera МM1110Y,28,1
424,424100242149604030424,"68.5,73,73.5,76.5,77.5,78.5,80,81,78.5",18.0,75.33,91.16,JiaXipera МM1110Y,28,1
424,424100242149604010424,"70.5,73.5,76.5,77.5,78,79.5,82,79.5",17.9,75.19,91.0,JiaXipera МM1110Y,28,1
424,424100242149604000424,"73,75.5,77,79,80.5,80,80.5,81.5,80.5",18.3,75.78,91.64,JiaXipera МM1110Y,28,1
424,424100242149603970424,"72.5,77,79,80,82,82.5,81.5,80.5,83.5",18.4,75.92,91.8,JiaXipera МM1110Y,28,1
424,424100242149603940424,"72,77,81,82.5,84.5,85.5,86,85.5,86",18.4,75.92,91.8,JiaXipera МM1110Y,28,1
424,424100242149603920424,"74,74.5,77,78.5,81.5,82,84,81.5",18.3,75.78,91.64,JiaXipera МM1110Y,28,1
424,424100242149603910424,"71,76,78,79,80,82,84,82.5",18.3,75.78,91.64,JiaXipera МM1110Y,28,1
424,424100242149603810424,"71.5,77,79.5,81.5,84,83.5,85.5,85,86.5",18.4,75.92,91.8,JiaXipera МM1110Y,28,1
424,424100242149603780424,"74,77,80,82.5,84,84.5,85,85.5,83.5",18.6,76.22,92.12,JiaXipera МM1110Y,28,1
424,424100242149603770424,"72,77.5,79,81,81.5,83,84,82.5",18.6,76.22,92.12,JiaXipera МM1110Y,28,1
424,424100242149603750424,"71.5,78.5,81.5,83.5,84.5,85,83.5",18.7,76.37,92.29,JiaXipera МM1110Y,28,1
424,424100242149603740424,"73,74,79,80.5,82,83,85,83.5",18.8,76.51,92.45,JiaXipera МM1110Y,28,1
424,424100242149603710424,"73.5,76.5,77.5,78.5,81,81.5,82,81.5",18.7,76.37,92.29,JiaXipera МM1110Y,28,1
424,424100242149603690424,"73,78,78.5,81.5,83.5,85,86",18.9,76.66,92.61,JiaXipera МM1110Y,28,1
424,424100242149603680424,"76,76.5,77.5,84,86.5,88,90,88",18.9,76.66,92.61,JiaXipera МM1110Y,28,1
424,424100242149603640424,"71,76,76.5,78.5,80.5,80",15.8,72.1,87.61,JiaXipera МM1110Y,28,1
424,424100242149603630424,"75,76,77.5,79.5,82,79",16.5,73.13,88.74,JiaXipera МM1110Y,28,1
424,424100242149603610424,"76,76.5,77,77.5,80,81,80",15.8,72.1,87.61,JiaXipera МM1110Y,28,1
424,424100242149603600424,"74,76.5,75,77.5,77,79,79.5,78",15.9,72.24,87.77,JiaXipera МM1110Y,28,1
424,424100242149603570424,"70.5,75,76.5,77.5,78.5,81,81.5,80",16.2,72.69,88.25,JiaXipera МM1110Y,28,1
424,424100242149603560424,"74.5,77.5,78.5,79.5,80.5,82,81",16.4,72.98,88.58,JiaXipera МM1110Y,28,1
424,424100242149603550424,"69.5,74,74.5,76.5,77,77.5,78,77",16.3,72.83,88.42,JiaXipera МM1110Y,28,1
424,424100242149603540424,"74,73,73.5,75,75.5,77,78,77",16.2,72.69,88.25,JiaXipera МM1110Y,28,1
424,424100242149603510424,"74,78,77.5,80,80.5,82,81.5,80.5",16.6,73.27,88.9,JiaXipera МM1110Y,28,1
424,424100242149603500424,"74.5,75,77,79,80,78,79",16.6,73.27,88.9,JiaXipera МM1110Y,28,1
424,424100242149603410424,"69.5,74.5,76,79.5,81.5,82.5,85,83.5",17.5,74.6,90.35,JiaXipera МM1110Y,28,1
424,424100242149604170424,"73,77.5,79,80.5,81.5,83.5,83",18.4,75.92,91.8,JiaXipera МM1110Y,28,1
424,424100242149603400424,"70.5,74.5,76.5,79.5,80,81,82,80",16.8,73.57,89.22,JiaXipera МM1110Y,28,1
424,424100242149603390424,"69.5,75.5,78.5,80,82,82.5",16.8,73.57,89.22,JiaXipera МM1110Y,28,1
424,424100242149603350424,"71.5,72.5,73,74.5,76,76.5,77,77.5,78.5",17.0,73.86,89.54,JiaXipera МM1110Y,28,1
424,424100242149603310424,"73,75,74.5,77,78,80,79",17.1,74.01,89.71,JiaXipera МM1110Y,28,1
424,424100242149603300424,"74,77,76.5,77.5,79,80,82.5,81",17.2,74.16,89.87,JiaXipera МM1110Y,28,1
424,424100242149603210424,"73,75.5,79,81,80,81.5,82,82.5,81.5",17.1,74.01,89.71,JiaXipera МM1110Y,28,1
424,424100242149603180424,"71.5,75.5,81,81.5,83.5,86,85.5",17.1,74.01,89.71,JiaXipera МM1110Y,28,1
424,424100242149603160424,"71.5,73,76.5,78,79.5,81.5,82,81.5",17.1,74.01,89.71,JiaXipera МM1110Y,28,1
424,424100242149603150424,"72.5,76.5,77.5,79.5,80,81,82,82.5",18.2,75.63,91.48,JiaXipera МM1110Y,28,1
424,424100242149603120424,"73,75,78.5,79.5,80,81.5,83,81.5",17.2,74.16,89.87,JiaXipera МM1110Y,28,1
424,424100242149603110424,"74,75,79,81,81.5,84,83.5,84",17.2,74.16,89.87,JiaXipera МM1110Y,28,1
424,424100242149603080424,"68,73.5,79,79.5,80,82,83.5,81.5",17.4,74.45,90.19,JiaXipera МM1110Y,28,1
424,424100242149603070424,"72.5,73,79,81.5,83,84,82.5",17.4,74.45,90.19,JiaXipera МM1110Y,28,1
424,424100242149603850424,"71,76,77.5,80,82.5,84.5,85",18.4,75.92,91.8,JiaXipera МM1110Y,28,1
424,424100242149603040424,"72,76,78,79.5,80,81,82.5,82",17.8,75.04,90.83,JiaXipera МM1110Y,28,1
424,424100242149603000424,"75.5,77,79,81,82,83,83.5,84",17.6,74.75,90.51,JiaXipera МM1110Y,28,1
424,424100242149602980424,"72.5,77.5,79.5,78,81.5,82.5,84.5,85",17.7,74.89,90.67,JiaXipera МM1110Y,28,1
424,424100242149602960424,"75,78,79.5,80.5,81.5,82.5,84,83",17.8,75.04,90.83,JiaXipera МM1110Y,28,1
424,424100242149602940424,"75.5,76.5,78.5,80,81,81.5,83,84,83.5",17.8,75.04,90.83,JiaXipera МM1110Y,28,1
424,424100242149602930424,"70,75,79.5,81.5,80.5,82,83.5,82.5",17.9,75.19,91.0,JiaXipera МM1110Y,28,1
424,424100242149602920424,"71.5,76,77.5,80,79.5,81,82,83",18.1,75.48,91.32,JiaXipera МM1110Y,28,1
424,424100242149602910424,"72,75,76,79,79.5,81,81.5,83.5",18.0,75.33,91.16,JiaXipera МM1110Y,28,1
424,424100242149602900424,"73,74,78.5,80,82,83,84,83",18.0,75.33,91.16,JiaXipera МM1110Y,28,1
424,424100242149602880424,"72,76,80.5,82,83.5,85.5,84",18.2,75.63,91.48,JiaXipera МM1110Y,28,1
424,424100242149604290424,"76.5,76,78.5,80,81,83,84.5,82.5",18.0,75.33,91.16,JiaXipera МM1110Y,28,1
424,424100242149602850424,"75,78.5,80.5,81,81.5,82.5,83.5,84",18.2,75.63,91.48,JiaXipera МM1110Y,28,1
424,424100242149602830424,"75,78,79.5,81,83,84,85.5,86.5,87,85.5,86.5",18.8,76.51,92.45,JiaXipera МM1110Y,28,1
424,424100242149604180424,"76,80,80.5,82,83,84.5,85,84",18.5,76.07,91.96,JiaXipera МM1110Y,28,1
424,424100242149603530424,"74.5,77.5,80.5,82,83.5,84,84.5,83.5",17.1,74.01,89.71,JiaXipera МM1110Y,28,1
424,424100242149602810424,"76,77,78,78.5,81,81.5,84,83",18.5,76.07,91.96,JiaXipera МM1110Y,28,1
424,424100242149602800424,"77.5,79,79.5,81,80.5,82.5,84.5,83.5",18.5,76.07,91.96,JiaXipera МM1110Y,28,1
424,424100242149602790424,"76,77.5,79,80.5,82.5,83,84.5,85",18.5,76.07,91.96,JiaXipera МM1110Y,28,1
424,424100242149602780424,"77,81,82.5,83,83.5,86,87,86.5",18.6,76.22,92.12,JiaXipera МM1110Y,28,1
424,424100242149602750424,"73.5,79.5,81,84,84.5",18.8,76.51,92.45,JiaXipera МM1110Y,28,1
424,424100242149602680424,"75.5,78,80.5,83,84,86.5,86",19.5,77.54,93.58,JiaXipera МM1110Y,28,1
424,424100242149602660424,"74,77.5,81.5,83,83.5,86.5,88.5,84",19.6,77.69,93.74,JiaXipera МM1110Y,28,1
424,424100242149602630424,"75,81.5,84,86.5,87,89,88",19.6,77.69,93.74,JiaXipera МM1110Y,28,1
424,424100242149603820424,"69,72,76,79,81,82.5,84.5,84",18.2,75.63,91.48,JiaXipera МM1110Y,28,1
424,424100242149602620424,"75,79.5,83.5,86,87,88.5,89,87.5",19.9,78.13,94.22,JiaXipera МM1110Y,28,1
424,424100242149602610424,"74.5,81,83,85,86.5,87.5,89.5,89",19.7,77.84,93.9,JiaXipera МM1110Y,28,1
424,424100242149602600424,"76,81.5,85,86.5,89,89.5,89",19.6,77.69,93.74,JiaXipera МM1110Y,28,1
424,424100242149602590424,"76,83.5,85,88.5,90.5,92.5,93.5",19.6,77.69,93.74,JiaXipera МM1110Y,28,1
424,424100242149602580424,"77,80,82,84.5,86,88,88.5,89",19.7,77.84,93.9,JiaXipera МM1110Y,28,1
424,424100242149602570424,"72,75,74,73,79,80.5,82.5,84.5,85.5,84.5",19.7,77.84,93.9,JiaXipera МM1110Y,28,1
424,424100242149602560424,"76,77.5,81,83,83.5,84.5,86.5,87,88,88.5",19.9,78.13,94.22,JiaXipera МM1110Y,28,1
424,424100242149602530424,"75,77.5,81,81.5,84,85,84.5",19.9,78.13,94.22,JiaXipera МM1110Y,28,1
424,424100242149602510424,"74.5,81,87,89,91.5,91,92,91",19.9,78.13,94.22,JiaXipera МM1110Y,28,1
424,424100242149602490424,"78.5,80.5,81,82.5,84.5,86,87.5",19.9,78.13,94.22,JiaXipera МM1110Y,28,1
424,424100242149602480424,"74.5,77.5,81.5,82,85,87,85.5",20.0,78.28,94.38,JiaXipera МM1110Y,28,1
424,424100242149602470424,"76.5,81,86,87,87.5,88.5,89.5",19.9,78.13,94.22,JiaXipera МM1110Y,28,1
424,424100242149602460424,"71,75.5,82.5,84.5,86,87.5,89,88",20.0,78.28,94.38,JiaXipera МM1110Y,28,1
424,424100242149602440424,"75.5,78.5,81,83.5,85,84,86,85",20.1,78.43,94.54,JiaXipera МM1110Y,28,1
424,424100242149602400424,"71,76,79,80.5,82.5,84,85,84.5",20.2,78.57,94.7,JiaXipera МM1110Y,28,1
424,424100242149602390424,"68.5,75.5,77,79.5,80.5,82.5,83.5,82,82.5",20.3,78.72,94.87,JiaXipera МM1110Y,28,1
424,424100242149602330424,"78.5,80,82.5,86.5,90,89,90,89.5",20.5,79.01,95.19,JiaXipera МM1110Y,28,1
424,424100242149602300424,"76,76.5,78,81.5,82.5,85,83",20.5,79.01,95.19,JiaXipera МM1110Y,28,1
424,424100242149602250424,"74,78,79.5,81,83.5,84.5,85.5,84",20.5,79.01,95.19,JiaXipera МM1110Y,28,1
424,424100242149602220424,"79.5,80,82,82.5,83,86.5,87.5,85.5",20.8,79.46,95.67,JiaXipera МM1110Y,28,1
424,424100242149602210424,"78.5,81.5,83,85,87,89,90.5,89",21.3,80.19,96.48,JiaXipera МM1110Y,28,1
424,424100242149602200424,"75,78.5,82,82.5,84.5,85,85.5,87",21.3,80.19,96.48,JiaXipera МM1110Y,28,1
424,424100242149602180424,"77,82,84,86,86.5,89.5,88.5,87,86.5",20.8,79.46,95.67,JiaXipera МM1110Y,28,1
424,424100242149602140424,"73,77.5,80,81.5,82,83,84,82",20.7,79.31,95.51,JiaXipera МM1110Y,28,1
424,424100242149602100424,"74,78.5,81,83,84.5,87,87.5,86.5",20.9,79.6,95.83,JiaXipera МM1110Y,28,1
424,424100242149602080424,"74.5,78.5,83.5,86.5,87.5,88.5,90,89",20.7,79.31,95.51,JiaXipera МM1110Y,28,1
424,424100242149602060424,"76,81.5,78,81,84,86.5,88.5,90",20.8,79.46,95.67,JiaXipera МM1110Y,28,1
424,424100242149602050424,"75.5,81,83,85.5,86.5,88.5,89,88.5",20.9,79.6,95.83,JiaXipera МM1110Y,28,1
424,424100242149602040424,"76,77,78.5,81.5,83,84.5,86.5,85",20.9,79.6,95.83,JiaXipera МM1110Y,28,1
424,424100242149602020424,"78,84,86.5,88,90,90.5,91",20.9,79.6,95.83,JiaXipera МM1110Y,28,1
424,424100242149602000424,"77,79,79.5,83.5,83,85,84",20.9,79.6,95.83,JiaXipera МM1110Y,28,1
424,424100242149603030424,"74.5,76.5,78,80,79.5,81,81.5,82.5",17.5,74.6,90.35,JiaXipera МM1110Y,28,1
424,424100242149601990424,"78,80,81.5,84,84.5,86.5,85.5,89",20.9,79.6,95.83,JiaXipera МM1110Y,28,1
424,424100242149601960424,"73,74,80.5,81.5,83.5,85,86,86.5",21.1,79.9,96.16,JiaXipera МM1110Y,28,1
424,424100242149602550424,"79.5,80.5,84.5,87,88,88.5,89.5,91",19.9,78.13,94.22,JiaXipera МM1110Y,28,1
424,424100242149601930424,"74,80,83,83.5,87,87.5,88.5,88,89",21.3,80.19,96.48,JiaXipera МM1110Y,28,1
424,424100242149601910424,"74,78.5,80,81.5,83,85,85.5,83.5",21.2,80.04,96.32,JiaXipera МM1110Y,28,1
424,424100242149601900424,"72.5,80.5,83.5,85,87,88,90,92,90",21.4,80.34,96.64,JiaXipera МM1110Y,28,1
424,424100242149601890424,"72,77,79.5,82,83.5,85,86,85",21.2,80.04,96.32,JiaXipera МM1110Y,28,1
424,424100242149603950424,"72.5,77,82,83,85,86.5,85",18.7,76.37,92.29,JiaXipera МM1110Y,28,1
424,424100242149601860424,"73,77.5,75.5,77,81,82.5,84.5,87,88,87",20.2,78.57,94.7,JiaXipera МM1110Y,28,1
424,424100242149602990424,"73,80.5,81,82.5,83,84.5,85.5,83.5",17.7,74.89,90.67,JiaXipera МM1110Y,28,1
424,424100242149601840424,"76.5,79.5,81.5,84.5,85.5,87.5,85.5",21.3,80.19,96.48,JiaXipera МM1110Y,28,1
424,424100242149601810424,"77.5,80,83,85,87,89,90.5,90",21.4,80.34,96.64,JiaXipera МM1110Y,28,1
424,424100242149601700424,"75,77.5,79.5,81,81.5,83,84.5,85,86.5",20.1,78.43,94.54,JiaXipera МM1110Y,28,1
424,424100242149601970424,"73.5,79,80.5,84,86,88,87,87.5,88",20.9,79.6,95.83,JiaXipera МM1110Y,28,1
424,424100242149601690424,"76.5,80.5,83,83.5,85,86.5,85",20.1,78.43,94.54,JiaXipera МM1110Y,28,1
424,424100242149601680424,"78,82.5,85,88,89,90,90.5,90,91",20.2,78.57,94.7,JiaXipera МM1110Y,28,1
424,424100242149603870424,"72,75,78.5,81,82.5,83.5,85,86.5",18.4,75.92,91.8,JiaXipera МM1110Y,28,1
424,424100242149601670424,"76.5,80.5,82.5,85,84,85.5,86,87.5,85.5",20.1,78.43,94.54,JiaXipera МM1110Y,28,1
424,424100242149601650424,"73,78.5,80.5,83.5,84,86,86.5,85",20.1,78.43,94.54,JiaXipera МM1110Y,28,1
424,424100242149601640424,"78.5,79.5,82.5,84,85.5,86.5,87,85.5",20.1,78.43,94.54,JiaXipera МM1110Y,28,1
424,424100242149601630424,"73.5,79.5,81,82,84,85,84.5",20.3,78.72,94.87,JiaXipera МM1110Y,28,1
424,424100242149602340424,"78.5,80.5,82,82.5,85.5,86.5,85.5,86",20.4,78.87,95.03,JiaXipera МM1110Y,28,1
424,424100242149601620424,"75,81.5,82,85,85.5,87.5,86.5",20.1,78.43,94.54,JiaXipera МM1110Y,28,1
424,424100242149601600424,"78.5,85,90,90.5,91.5,92.5,91.5,90.5",20.1,78.43,94.54,JiaXipera МM1110Y,28,1
424,424100242149601570424,"78,79.5,81.5,82.5,83,84.5,86.5,85.5",20.1,78.43,94.54,JiaXipera МM1110Y,28,1
424,424100242149602070424,"75,78,80.5,82.5,84.5,85.5,86.5,86",20.8,79.46,95.67,JiaXipera МM1110Y,28,1
424,424100242149601560424,"74,80,80.5,82,83.5,85,86.5,86",20.1,78.43,94.54,JiaXipera МM1110Y,28,1
424,424100242149603460424,"72.5,74,76,78,79,80,78",16.8,73.57,89.22,JiaXipera МM1110Y,28,1
424,424100242149601870424,"72,76.5,79.5,80.5,82.5,85,86,85",21.3,80.19,96.48,JiaXipera МM1110Y,28,1
424,424100242149601540424,"78,80,81.5,82.5,83.5,87.5,87,85.5",20.2,78.57,94.7,JiaXipera МM1110Y,28,1
424,424100242149601530424,"76,80.5,83.5,84.5,87,88,89,90,89",20.1,78.43,94.54,JiaXipera МM1110Y,28,1
424,424100242149602370424,"73.5,77.5,80.5,83.5,84,86.5,88,87",20.3,78.72,94.87,JiaXipera МM1110Y,28,1
424,424100242149601520424,"76.5,80,80.5,82.5,84,85.5,87.5,86",20.2,78.57,94.7,JiaXipera МM1110Y,28,1
424,424100242149601510424,"75.5,79.5,80.5,82,82.5,84,85.5,83.5",20.2,78.57,94.7,JiaXipera МM1110Y,28,1
424,424100242149601500424,"75,79.5,82.5,84,85.5,87.5,87",20.2,78.57,94.7,JiaXipera МM1110Y,28,1
424,424100242149601490424,"77.5,79,80.5,82.5,84,86.5,87,87.5",20.3,78.72,94.87,JiaXipera МM1110Y,28,1
424,424100242149601450424,"70,77,79,81,81.5,83,83.5,83",20.4,78.87,95.03,JiaXipera МM1110Y,28,1
424,424100242149601430424,"77.5,84,86,88,88.5,89.5,91,91.5",20.4,78.87,95.03,JiaXipera МM1110Y,28,1
424,424100242149601420424,"77,80.5,82.5,83.5,85.5,87,88.5,85.5",20.4,78.87,95.03,JiaXipera МM1110Y,28,1
424,424100242149601400424,"74.5,77,78,79.5,80.5,82,82.5",20.3,78.72,94.87,JiaXipera МM1110Y,28,1
424,424100242149601370424,"70,74.5,79.5,81.5,83,84.5,85,86",20.4,78.87,95.03,JiaXipera МM1110Y,28,1
424,424100242149602230424,"77,80,82.5,85,86,87,88.5,86.5",20.5,79.01,95.19,JiaXipera МM1110Y,28,1
424,424100242149603720424,"73,77.5,79,81.5,82,83.5,85,84",18.8,76.51,92.45,JiaXipera МM1110Y,28,1
424,424100242149601340424,"77.5,81.5,83.5,84,85.5,88,89.5,88,88.5",20.4,78.87,95.03,JiaXipera МM1110Y,28,1
424,424100242149603290424,"72,74.5,78.5,79,81,82.5,83,82.5",17.4,74.45,90.19,JiaXipera МM1110Y,28,1
424,424100242149601320424,"76,77.5,79.5,80.5,81.5,83,82.5,83.5,84.5",20.4,78.87,95.03,JiaXipera МM1110Y,28,1
424,424100242149601300424,"78.5,81.5,82.5,84,86,88,90.5,89",20.4,78.87,95.03,JiaXipera МM1110Y,28,1
424,424100242149601290424,"77,79.5,81,83,84,87,87.5,86.5",20.5,79.01,95.19,JiaXipera МM1110Y,28,1
424,424100242149601280424,"78,79.5,83,84,86.5,88,89,87.5",20.4,78.87,95.03,JiaXipera МM1110Y,28,1
424,424100242149497570424,"76.5,80.5,82,84,86.5,87.5,89.5,88",19.2,77.1,93.09,JiaXipera МM1110Y,28,1
424,424100242149497560424,"75.5,77.5,79,81.5,83,84,85,84.5",19.3,77.25,93.25,JiaXipera МM1110Y,28,1
424,424100242149438310424,"68.5,74,76,79,80,80.5,81.5,82.5",17.5,74.6,90.35,JiaXipera МM1110Y,28,1
424,424100242149438290424,"72.5,75.5,78.5,78,80,81,80.5",17.6,74.75,90.51,JiaXipera МM1110Y,28,1
424,424100242149496900424,"72.5,80,83.5,84,84.5,86.5,87,86",17.6,74.75,90.51,JiaXipera МM1110Y,28,1
424,424100242149438280424,"77.5,76,75.5,76.5,79.5,81,80.5,81.5,83.5,85.5",17.7,74.89,90.67,JiaXipera МM1110Y,28,1
424,424100242149602430424,"71.5,80.5,83.5,85.5,86.5,88,89.5,88.5",20.1,78.43,94.54,JiaXipera МM1110Y,28,1
424,424100242149436460424,"74,79,81.5,82,83.5,84.5,85.5,83",18.9,76.66,92.61,JiaXipera МM1110Y,28,1
424,424100242149603930424,"73.5,76,77.5,79.5,81,81.5,82,81",18.3,75.78,91.64,JiaXipera МM1110Y,28,1
424,424100242149438240424,"72,76.5,82,84.5,85,86.5,86,86.5",17.8,75.04,90.83,JiaXipera МM1110Y,28,1
424,424100242149440240424,"73,77.5,79,80,82.5,83.5,84.5",19.3,77.25,93.25,JiaXipera МM1110Y,28,1
424,424100242149496970424,"72,75.5,81.5,83,84,85,86.5,83.5",18.1,75.48,91.32,JiaXipera МM1110Y,28,1
424,424100242149601330424,"78,80,82.5,83.5,85.5,88.5,87,90.5",20.4,78.87,95.03,JiaXipera МM1110Y,28,1
424,424100242149438150424,"74,72,78.5,82,83,84,84.5,84",17.3,74.3,90.03,JiaXipera МM1110Y,28,1
424,424100242149436250424,"74,77.5,78.5,79,80,81,82,85.5,84.5,86",19.0,76.81,92.77,JiaXipera МM1110Y,28,1
424,424100242149438040424,"69,75.5,77.5,77,78.5,78,81,79",17.5,74.6,90.35,JiaXipera МM1110Y,28,1
424,424100242149602870424,"71,78,78.5,80.5,81,82.5,84,85.5",18.1,75.48,91.32,JiaXipera МM1110Y,28,1
424,424100242149438110424,"73,75.5,79,79.5,80,80.5,81.5,80.5",17.2,74.16,89.87,JiaXipera МM1110Y,28,1
424,424100242149438080424,"70,75,74,75,77,78.5,79.5,80.5,82,83",17.3,74.3,90.03,JiaXipera МM1110Y,28,1
424,424100242149601380424,"76.5,81,82.5,83.5,84.5,85.5,87,86",20.4,78.87,95.03,JiaXipera МM1110Y,28,1
424,424100242149601270424,"73.5,79.5,82,84.5,86,87.5,89.5,89",20.4,78.87,95.03,JiaXipera МM1110Y,28,1
424,424100242149436590424,"76.5,77.5,78.5,81,82.5,83.5,85.5,86.5",19.4,77.4,93.41,JiaXipera МM1110Y,28,1
424,424100242149438020424,"69,73,78.5,81.5,84,85.5,83.5",17.7,74.89,90.67,JiaXipera МM1110Y,28,1
424,424100242149440510424,"76.5,81,83,83.5,84.5,86.5,86",19.3,77.25,93.25,JiaXipera МM1110Y,28,1
424,424100242149437890424,"69,75,76,77.5,78,80,82,83,83.5",17.9,75.19,91.0,JiaXipera МM1110Y,28,1
424,424100242149603060424,"73,75,78.5,79.5,79,80,80.5,81,80.5",17.6,74.75,90.51,JiaXipera МM1110Y,28,1
424,424100242149437860424,"75,77,78,79,80,82,83,83.5,86.5,85.5",18.0,75.33,91.16,JiaXipera МM1110Y,28,1
424,424100242149437980424,"72,75.5,76,78,80.5,81.5,81",17.7,74.89,90.67,JiaXipera МM1110Y,28,1
424,424100242149439100424,"70,76.5,79.5,80.5,81.5,82.5,83,84.5",17.3,74.3,90.03,JiaXipera МM1110Y,28,1
424,424100242149601410424,"75,81.5,83.5,84.5,86,85.5,87.5,86",20.4,78.87,95.03,JiaXipera МM1110Y,28,1
424,424100242149440660424,"76,79.5,80.5,82.5,83,83.5,85,84.5",18.6,76.22,92.12,JiaXipera МM1110Y,28,1
424,424100242149373050424,"71,74.5,76,78.5,79.5,80,81,79.5",17.0,73.86,89.54,JiaXipera МM1110Y,28,1
424,424100242149603900424,"72.5,74.5,77,78.5,79.5,80.5,82,79",18.3,75.78,91.64,JiaXipera МM1110Y,28,1
424,424100242149373670424,"72,75.5,76,77,77.5",16.1,72.54,88.09,JiaXipera МM1110Y,28,1
424,424100242149438720424,"74.5,76.5,77.5,78,79.5,80,80.5,82,80.5",17.3,74.3,90.03,JiaXipera МM1110Y,28,1
424,424100242149438730424,"72,77.5,78,78.5,80.5,81,81.5,81,82",16.9,73.72,89.38,JiaXipera МM1110Y,28,1
424,424100242149437640424,"76.5,78,77.5,78.5,80,81,83,81",17.7,74.89,90.67,JiaXipera МM1110Y,28,1
424,424100242149438980424,"74.5,75.5,76,80,80.5,81.5,80.5",17.1,74.01,89.71,JiaXipera МM1110Y,28,1
424,424100242149373630424,"71,76.5,77.5,78,80,81.5,80",16.3,72.83,88.42,JiaXipera МM1110Y,28,1
424,424100242149601780424,"75,84,85.5,87.5,89.5,91,93.5,91.5",21.4,80.34,96.64,JiaXipera МM1110Y,28,1
424,424100242149439280424,"72.5,77.5,75.5,77,79,79.5,81,80.5",16.8,73.57,89.22,JiaXipera МM1110Y,28,1
424,424100242149601880424,"71.5,76,76.5,77.5,80,82.5,81",21.3,80.19,96.48,JiaXipera МM1110Y,28,1
424,424100242149437550424,"75,76.5,77.5,79,79.5,81.5,81",17.8,75.04,90.83,JiaXipera МM1110Y,28,1
424,424100242149437480424,"69.5,74.5,77.5,78,79,80.5,81",18.2,75.63,91.48,JiaXipera МM1110Y,28,1
424,424100242149437410424,"74.5,78.5,79.5,80,81.5,82,84,83",18.5,76.07,91.96,JiaXipera МM1110Y,28,1
424,424100242149438570424,"73.5,81,81.5,83,84,84.5,82.5",16.9,73.72,89.38,JiaXipera МM1110Y,28,1
424,424100242149437300424,"76.5,77.5,78.5,79,80.5,81,81.5,82.5",18.2,75.63,91.48,JiaXipera МM1110Y,28,1
424,424100242149438130424,"73,77,78,78.5,79.5,81,80",17.2,74.16,89.87,JiaXipera МM1110Y,28,1
424,424100242149437320424,"78,78.5,79,80,81,81.5,81",18.1,75.48,91.32,JiaXipera МM1110Y,28,1
424,424100242149602760424,"74.5,79.5,81.5,82.5,83,85.5,86,87,88",18.8,76.51,92.45,JiaXipera МM1110Y,28,1
424,424100242149602420424,"74,80,84.5,87.5,91.5,91,88.5",20.1,78.43,94.54,JiaXipera МM1110Y,28,1
424,424100242149436330424,"71.5,73,77,78.5,79,80,78.5",18.8,76.51,92.45,JiaXipera МM1110Y,28,1
424,424100242149373530424,"74,76,77,77.5,78.5,79.5,80",16.8,73.57,89.22,JiaXipera МM1110Y,28,1
424,424100242149438030424,"73.5,75.5,75,77,78,78.5,80.5,79",17.5,74.6,90.35,JiaXipera МM1110Y,28,1
424,424100242149439160424,"70,75.5,77.5,79.5,80.5,81.5,81",17.1,74.01,89.71,JiaXipera МM1110Y,28,1
424,424100242149601950424,"72.5,79,85,86.5,88.5,89.5,91.5,89.5",21.1,79.9,96.16,JiaXipera МM1110Y,28,1
424,424100242149437680424,"70,76.5,78,78.5,80.5,80,82,83",17.4,74.45,90.19,JiaXipera МM1110Y,28,1
424,424100242149437630424,"76,78,78.5,80,82,79",17.6,74.75,90.51,JiaXipera МM1110Y,28,1
424,424100242149496860424,"73,78,80,81.5,83.5,86,85.5,84.5",17.9,75.19,91.0,JiaXipera МM1110Y,28,1
424,424100242149437370424,"74.5,76,78.5,79,80.5,82,82.5,83,82.5",18.3,75.78,91.64,JiaXipera МM1110Y,28,1
424,424100242149372980424,"74,78.5,80,82.5,84.5,85.5,86.5,85.5",18.5,76.07,91.96,JiaXipera МM1110Y,28,1
424,424100242149437230424,"78,76,77.5,80.5,81.5,82.5,83,83.5",18.6,76.22,92.12,JiaXipera МM1110Y,28,1
424,424100242149601470424,"77.5,81.5,84.5,85.5,87,88,89.5,89",20.2,78.57,94.7,JiaXipera МM1110Y,28,1
424,424100242149440300424,"71,73.5,77,80,80.5,82.5,83,73.5",16.7,73.42,89.06,JiaXipera МM1110Y,28,1
424,424100242149437180424,"69,75,76.5,78,79,80.5,82,80.5",18.6,76.22,92.12,JiaXipera МM1110Y,28,1
424,424100242149437170424,"75,76.5,79,81.5,82.5,83.5,84",18.5,76.07,91.96,JiaXipera МM1110Y,28,1
424,424100242149437160424,"71.5,75.5,77,77.5,77,78,79,80.5,79.5,80.5",18.6,76.22,92.12,JiaXipera МM1110Y,28,1
424,424100242149437470424,"72.5,77.5,79,81.5,83,82,81",18.4,75.92,91.8,JiaXipera МM1110Y,28,1
424,424100242149602010424,"76,81,82,84,86,86.5,87,88.5,90,89,91.5",21.0,79.75,95.99,JiaXipera МM1110Y,28,1
424,424100242149439090424,"76,75,77,79,80,82.5,81",17.3,74.3,90.03,JiaXipera МM1110Y,28,1
424,424100242149437130424,"74,79,81.5,82,83.5,84,83.5",18.7,76.37,92.29,JiaXipera МM1110Y,28,1
424,424100242149602650424,"71.5,75,78.5,80,81.5,83.5,84.5,83",20.2,78.57,94.7,JiaXipera МM1110Y,28,1
424,424100242149437120424,"71,77.5,79,81,82,82.5,84.5,84,83",19.0,76.81,92.77,JiaXipera МM1110Y,28,1
424,424100242149437070424,"72,72.5,78,79.5,81.5,81,81.5",18.9,76.66,92.61,JiaXipera МM1110Y,28,1
424,424100242149497090424,"74,79.5,80.5,81,82.5,83.5,82.5",17.2,74.16,89.87,JiaXipera МM1110Y,28,1
424,424100242149497140424,"72,74,75.5,76,76.5,78.5,79,78.5",17.0,73.86,89.54,JiaXipera МM1110Y,28,1
424,424100242149437060424,"72,75.5,77,78,81.5,82,83.5,83",18.9,76.66,92.61,JiaXipera МM1110Y,28,1
424,424100242149440170424,"71,73.5,78.5,82,84.5,85.5,86.5,87",19.3,77.25,93.25,JiaXipera МM1110Y,28,1
424,424100242149437040424,"72.5,76,79,79.5,81,81.5,83",19.1,76.95,92.93,JiaXipera МM1110Y,28,1
424,424100242149436930424,"76,77,77.5,79,80.5,83.5,83,83.5,84.5",18.6,76.22,92.12,JiaXipera МM1110Y,28,1
424,424100242149436920424,"74,77,78.5,80,81.5,83,85,84.5,83.5,81.5",18.6,76.22,92.12,JiaXipera МM1110Y,28,1
424,424100242149436900424,"70.5,74.5,79.5,83,83.5,84,83.5,83",18.6,76.22,92.12,JiaXipera МM1110Y,28,1
424,424100242149436880424,"72,76.5,80.5,84,85.5,87,85.5",18.7,76.37,92.29,JiaXipera МM1110Y,28,1
424,424100242149496720424,"69.5,75,78,80,81,82,83,84,82",18.2,75.63,91.48,JiaXipera МM1110Y,28,1
424,424100242149604460424,"73,76.5,78.5,80.5,81,82,83.5",18.4,75.92,91.8,JiaXipera МM1110Y,28,1
424,424100242149437090424,"72,76,77,80,80.5,81.5,83,83.5,82.5",18.9,76.66,92.61,JiaXipera МM1110Y,28,1
424,424100242149436290424,"76,79.5,82,83,85,86,88.5,89",18.9,76.66,92.61,JiaXipera МM1110Y,28,1
424,424100242149437240424,"74.5,77.5,80,81,81.5,82.5,83.5,84.5,85,86",18.5,76.07,91.96,JiaXipera МM1110Y,28,1
424,424100242149436780424,"74.5,78,82,84,85.5,87,88.5,87.5",18.9,76.66,92.61,JiaXipera МM1110Y,28,1
424,424100242149436770424,"75,78.5,79.5,80.5,82,84.5,85,84.5",18.8,76.51,92.45,JiaXipera МM1110Y,28,1
424,424100242149440160424,"72.5,76.5,80.5,83,84.5,85.5,86",19.4,77.4,93.41,JiaXipera МM1110Y,28,1
424,424100242149436760424,"76,78.5,80,82.5,83,85,85.5,85",19.4,77.4,93.41,JiaXipera МM1110Y,28,1
424,424100242149497060424,"69.5,71,77,78.5,79.5,81.5,80",17.0,73.86,89.54,JiaXipera МM1110Y,28,1
424,424100242149437760424,"71.5,75,77.5,78.5,80,81,82.5,83.5,82",17.3,74.3,90.03,JiaXipera МM1110Y,28,1
424,424100242149436750424,"72,75,80.5,80,80.5,81.5,84.5,83.5",18.9,76.66,92.61,JiaXipera МM1110Y,28,1
424,424100242149496880424,"71,73.5,79.5,81.5,83.5,86,83",17.7,74.89,90.67,JiaXipera МM1110Y,28,1
424,424100242149436740424,"72,75.5,79,80,81.5,84,85.5,84",18.8,76.51,92.45,JiaXipera МM1110Y,28,1
424,424100242149437500424,"77.5,74.5,78,80.5,81,82.5,83,81.5,82",18.1,75.48,91.32,JiaXipera МM1110Y,28,1
424,424100242149439840424,"74,76,79,80.5,82,81.5,79.5",16.3,72.83,88.42,JiaXipera МM1110Y,28,1
424,424100242149436730424,"72.5,77.5,83,85,85.5,87,86.5,87.5",19.2,77.1,93.09,JiaXipera МM1110Y,28,1
424,424100242149439700424,"73.5,75,80.5",16.5,73.13,88.74,JiaXipera МM1110Y,28,1
424,424100242149603790424,"74,76,78.5,81.5,81,83,83.5,83",18.5,76.07,91.96,JiaXipera МM1110Y,28,1
424,424100242149438170424,"72,77,77.5,80,81,82,83,82",17.2,74.16,89.87,JiaXipera МM1110Y,28,1
424,424100242149437650424,"74.5,73.5,76,77.5,78.5,80.5,79",17.5,74.6,90.35,JiaXipera МM1110Y,28,1
424,424100242149436240424,"74,76,83,85.5,87.5,88,89,88",19.2,77.1,93.09,JiaXipera МM1110Y,28,1
424,424100242149436690424,"75,76.5,79,80,83,85,83.5",19.0,76.81,92.77,JiaXipera МM1110Y,28,1
424,424100242149373160424,"76,79,81,82.5,83.5,85,84",18.3,75.78,91.64,JiaXipera МM1110Y,28,1
424,424100242149436580424,"72,77,79,80,82,82.5,85,85.5,85",19.4,77.4,93.41,JiaXipera МM1110Y,28,1
424,424100242149604340424,"74.5,76.5,81,82,84.5,84,86.5,85",17.7,74.89,90.67,JiaXipera МM1110Y,28,1
424,424100242149436680424,"76,78.5,83.5,84,85,87.5,88",19.1,76.95,92.93,JiaXipera МM1110Y,28,1
424,424100242149604550424,"71,75.5,77,78.5,80,80.5,79.5",18.1,75.48,91.32,JiaXipera МM1110Y,28,1
424,424100242149439310424,"69.5,78,77.5,79.5,79,79.5,81.5,80",16.6,73.27,88.9,JiaXipera МM1110Y,28,1
424,424100242149437210424,"73,76.5,77.5,80,83,83.5,83",18.6,76.22,92.12,JiaXipera МM1110Y,28,1
424,424100242149436660424,"72,77,80.5,82,82.5,83.5,84,87",19.2,77.1,93.09,JiaXipera МM1110Y,28,1
424,424100242149440090424,"72.5,79,81,82,83,84.5,85,86,86.5,87,86.5,87,88,87.5,88,89,88.5,89.5",19.2,77.1,93.09,JiaXipera МM1110Y,28,1
424,424100242149436790424,"74,76,79.5,80.5,81.5,82.5,83.5,84.5",18.8,76.51,92.45,JiaXipera МM1110Y,28,1
424,424100242149438760424,"74,76.5,79,80,81.5,81",17.2,74.16,89.87,JiaXipera МM1110Y,28,1
424,424100242149373620424,"69,73.5,77,78.5,80.5,79",16.2,72.69,88.25,JiaXipera МM1110Y,28,1
424,424100242149604100424,"72.5,79,80,81,82,85.5,84",18.8,76.51,92.45,JiaXipera МM1110Y,28,1
424,424100242149373590424,"75,77,79,81,82.5,84.5,85,84",16.7,73.42,89.06,JiaXipera МM1110Y,28,1
424,424100242149437780424,"79,73.5,76,77,82.5,82,82.5,84,84.5",17.4,74.45,90.19,JiaXipera МM1110Y,28,1
424,424100242149373600424,"73.5,74.5,75.5,76,78,79,80,79",16.5,73.13,88.74,JiaXipera МM1110Y,28,1
424,424100242149437900424,"70,74.5,76,78,79,82.5,81.5",17.8,75.04,90.83,JiaXipera МM1110Y,28,1
424,424100242149437570424,"75,76,77.5,78,80,80.5,81",17.8,75.04,90.83,JiaXipera МM1110Y,28,1
424,424100242149436440424,"73,77,80,80.5,83",18.9,76.66,92.61,JiaXipera МM1110Y,28,1
424,424100242149437720424,"76.5,77,80,81,82.5,82,83,84",17.4,74.45,90.19,JiaXipera МM1110Y,28,1
424,424100242149373240424,"74,78,80,82,82.5,83.5,84",18.1,75.48,91.32,JiaXipera МM1110Y,28,1
424,424100242149373540424,"74.5,75,74.5,75.5,78,79.5,78.5",16.8,73.57,89.22,JiaXipera МM1110Y,28,1
424,424100242149440140424,"73,76.5,79,83,83.5,85.5,86.5,86",19.4,77.4,93.41,JiaXipera МM1110Y,28,1
424,424100242149436940424,"75,80.5,81.5,82.5,84,84.5,87,86.5",18.6,76.22,92.12,JiaXipera МM1110Y,28,1
424,424100242149437460424,"73,75.5,79,79.5,82.5,82,83.5,84.5,85.5",18.2,75.63,91.48,JiaXipera МM1110Y,28,1
424,424100242149604270424,"73,78,82,86,85.5,86.5",18.1,75.48,91.32,JiaXipera МM1110Y,28,1
424,424100242149439720424,"73.5,77,78.5,79.5,81,83.5,82",16.6,73.27,88.9,JiaXipera МM1110Y,28,1
424,424100242149373520424,"69,74,77,76.5,79.5,79,80.5,79",17.1,74.01,89.71,JiaXipera МM1110Y,28,1
424,424100242149497050424,"71,75,77,77.5,79,81,79.5",17.1,74.01,89.71,JiaXipera МM1110Y,28,1
424,424100242149437560424,"66.5,72.5,71,75,75.5,76.5,78.5,80,78.5,80",17.8,75.04,90.83,JiaXipera МM1110Y,28,1
424,424100242149373660424,"74,75,75.5,76,78.5,80.5,81,80",16.0,72.39,87.93,JiaXipera МM1110Y,28,1
424,424100242149437310424,"72.5,78,79.5,80,81.5,82,81.5,83,82.5,83.5",18.5,76.07,91.96,JiaXipera МM1110Y,28,1
424,424100242149436130424,"72.5,79,83.5,86,86.5,88,88.5,90,88.5",19.2,77.1,93.09,JiaXipera МM1110Y,28,1
424,424100242149604380424,"70,74,75,77.5,77,78.5,79.5,79",17.7,74.89,90.67,JiaXipera МM1110Y,28,1
424,424100242149440770424,"76.5,79,81,80.5,82.5,84.5,85,83.5",18.6,76.22,92.12,JiaXipera МM1110Y,28,1
424,424100242149602450424,"73.5,78,79,79.5,80.5,82.5,84.5,83.5",20.0,78.28,94.38,JiaXipera МM1110Y,28,1
424,424100242149436890424,"73.5,78,79.5,80,81,81.5,82.5,83",18.6,76.22,92.12,JiaXipera МM1110Y,28,1
424,424100242149438340424,"71.5,75.5,76.5,75.5,77,79,79.5,80.5",17.5,74.6,90.35,JiaXipera МM1110Y,28,1
424,424100242149497210424,"74.5,77,79,79.5,81,84,85,83.5",16.8,73.57,89.22,JiaXipera МM1110Y,28,1
424,424100242149373470424,"75,75.5,77.5,78.5,81,81.5,83.5,84.5",17.0,73.86,89.54,JiaXipera МM1110Y,28,1
424,424100242149436090424,"74,80.5,84,85,85.5,86.5,88,87",19.1,76.95,92.93,JiaXipera МM1110Y,28,1
424,424100242149439980424,"72,74.5,80.5,81.5,83.5,83,85,83.5",19.3,77.25,93.25,JiaXipera МM1110Y,28,1
424,424100242149373440424,"73.5,76.5,79.5,79,80.5,81.5,83,82",17.1,74.01,89.71,JiaXipera МM1110Y,28,1
424,424100242149604250424,"77,78,81,81.5,83,85,87,85.5",18.2,75.63,91.48,JiaXipera МM1110Y,28,1
424,424100242149438650424,"70,76,77.5,78.5,79,82,82.5",17.7,74.89,90.67,JiaXipera МM1110Y,28,1
424,424100242149438300424,"73,78.5,77.5,78,82,83.5,82,83",17.7,74.89,90.67,JiaXipera МM1110Y,28,1
424,424100242149437620424,"70,73,79,80.5,81,81.5,83.5,82",17.7,74.89,90.67,JiaXipera МM1110Y,28,1
424,424100242149497520424,"76.5,78,82.5,84.5,85.5,86,86.5,86",19.5,77.54,93.58,JiaXipera МM1110Y,28,1
424,424100242149437490424,"72,74.5,77.5,78.5,81,81.5,82,81.5,83",18.2,75.63,91.48,JiaXipera МM1110Y,28,1
424,424100242149373400424,"76,80.5,84,84.5,85.5,86.5,87,88,89",17.1,74.01,89.71,JiaXipera МM1110Y,28,1
424,424100242149437870424,"71.5,76.5,79.5,81.5,81,82,83.5,84,85.5",18.0,75.33,91.16,JiaXipera МM1110Y,28,1
424,424100242149440730424,"74,80.5,82.5,83,85,85.5,87,85.5",18.4,75.92,91.8,JiaXipera МM1110Y,28,1
424,424100242149373380424,"72.5,77,78,80,82,82.5,83.5,82",17.2,74.16,89.87,JiaXipera МM1110Y,28,1
424,424100242149373790424,"72,75,77,78.5,79,79.5,80,79",16.4,72.98,88.58,JiaXipera МM1110Y,28,1
424,424100242149373770424,"75,79.5,79,81,82.5,83.5,84.5,85,84.5",15.5,71.66,87.13,JiaXipera МM1110Y,28,1
424,424100242149604310424,"73.5,76.5,77.5,78.5,79,80.5,81",18.0,75.33,91.16,JiaXipera МM1110Y,28,1
424,424100242149603990424,"72.5,76,80,80.5,83.5,84.5,86",18.0,75.33,91.16,JiaXipera МM1110Y,28,1
424,424100242149438010424,"71,76,76.5,78,77.5,80.5,81",17.6,74.75,90.51,JiaXipera МM1110Y,28,1
424,424100242149436310424,"74.5,77,75,79.5,80.5,82,82.5,83,82",18.8,76.51,92.45,JiaXipera МM1110Y,28,1
424,424100242149373310424,"74,80,82,81.5,84,85.5,86,84.5",17.9,75.19,91.0,JiaXipera МM1110Y,28,1
424,424100242149373760424,"68.5,69,74,75.5,76.5,77.5,77",16.4,72.98,88.58,JiaXipera МM1110Y,28,1
424,424100242149440610424,"75,80.5,82.5,84.5,86.5,87.5,88,87",18.8,76.51,92.45,JiaXipera МM1110Y,28,1
424,424100242149496840424,"77,78.5,80,79.5,80.5,79.5,82,81",18.1,75.48,91.32,JiaXipera МM1110Y,28,1
424,424100242149373010424,"75,79,80,83.5,84.5,86.5,85.5",18.5,76.07,91.96,JiaXipera МM1110Y,28,1
424,424100242149439140424,"72,74.5,75.5,78,80.5,81,82,80.5",17.2,74.16,89.87,JiaXipera МM1110Y,28,1
424,424100242149439180424,"74,76,79.5,80,82.5,84,86,84.5",17.3,74.3,90.03,JiaXipera МM1110Y,28,1
424,424100242149603830424,"74,76,80,81.5,83,84,85,84",18.5,76.07,91.96,JiaXipera МM1110Y,28,1
424,424100242149437580424,"71,74,73.5,74.5,76.5,78.5,78,79.5",17.8,75.04,90.83,JiaXipera МM1110Y,28,1
424,424100242149373210424,"71.5,77.5,81,78.5,82,83,84,84.5,85",18.1,75.48,91.32,JiaXipera МM1110Y,28,1
424,424100242149438690424,"69,73,78,81.5,81,80,81.5,79.5",17.2,74.16,89.87,JiaXipera МM1110Y,28,1
424,424100242149373070424,"71.5,78.5,79,80.5,83.5,85,83.5",18.4,75.92,91.8,JiaXipera МM1110Y,28,1
424,424100242149497100424,"74,75.5,76.5,77.5,78,79,80,78.5",16.9,73.72,89.38,JiaXipera МM1110Y,28,1
424,424100242149436000424,"75,76.5,79,81.5,85.5,86.5,87,87.5,88.5",19.2,77.1,93.09,JiaXipera МM1110Y,28,1
424,424100242149438440424,"73.5,75.5,73,77.5,79.5,80.5,82.5,81.5",17.3,74.3,90.03,JiaXipera МM1110Y,28,1
424,424100242149440650424,"75,78.5,79.5,81.5,81,82,83,81.5",19.2,77.1,93.09,JiaXipera МM1110Y,28,1
424,424100242149373260424,"73,79,81.5,82,83.5,84.5,85.5,84",18.1,75.48,91.32,JiaXipera МM1110Y,28,1
424,424100242149436430424,"75.5,79,81,83.5,85,87.5,85.5",18.8,76.51,92.45,JiaXipera МM1110Y,28,1
424,424100242149602150424,"71,73,75.5,79,80,82,83,84.5,85",20.8,79.46,95.67,JiaXipera МM1110Y,28,1
424,424100242149440550424,"72,78.5,80,79.5,83,85,86,84",18.9,76.66,92.61,JiaXipera МM1110Y,28,1
424,424100242149602690424,"74,81.5,84,86,86.5,88,87.5,86",19.4,77.4,93.41,JiaXipera МM1110Y,28,1
424,424100242149496690424,"73.5,79,83.5,84.5,86,86.5,87.5,85.5",18.2,75.63,91.48,JiaXipera МM1110Y,28,1
424,424100242149603660424,"72,75,75.5,77,77.5,78,79.5,78",16.4,72.98,88.58,JiaXipera МM1110Y,28,1
424,424100242149603450424,"73,76,76.5,78,79,80.5,82,80.5",16.8,73.57,89.22,JiaXipera МM1110Y,28,1
424,424100242149373090424,"72.5,74,77,78,80,81.5,84,83.5",18.3,75.78,91.64,JiaXipera МM1110Y,28,1
424,424100242149440700424,"74.5,81,83.5,85.5,86,87,86",18.4,75.92,91.8,JiaXipera МM1110Y,28,1
424,424100242149373500424,"72,73.5,76,76.5,79,78.5,81,79",17.0,73.86,89.54,JiaXipera МM1110Y,28,1
424,424100242149436640424,"73,79,78.5,79.5,81,82,84,83",19.4,77.4,93.41,JiaXipera МM1110Y,28,1
424,424100242149604330424,"76,76.5,81,85.5,87,88,89,85.5",18.1,75.48,91.32,JiaXipera МM1110Y,28,1
424,424100242149373640424,"74,76,79,79.5,81.5,78.5",16.1,72.54,88.09,JiaXipera МM1110Y,28,1
424,424100242149440590424,"73.5,78,80.5,81,84,85.5,86.5,84.5",19.3,77.25,93.25,JiaXipera МM1110Y,28,1
424,424100242149437100424,"74.5,77,78,78.5,79,81,80,81.5,82.5",18.9,76.66,92.61,JiaXipera МM1110Y,28,1
424,424100242149436650424,"73,77,77.5,78.5,80.5,81.5,83,84",19.2,77.1,93.09,JiaXipera МM1110Y,28,1
424,424100242149373700424,"69.5,74,77,78.5,81,82,79",16.4,72.98,88.58,JiaXipera МM1110Y,28,1
424,424100242149373270424,"72,74.5,77,81.5,83.5,85,86,87.5,86.5",18.0,75.33,91.16,JiaXipera МM1110Y,28,1
424,424100242149373120424,"74.5,76.5,77.5,79.5,82,81,84,82",18.4,75.92,91.8,JiaXipera МM1110Y,28,1
424,424100242149373280424,"74.5,80.5,82.5,84,85.5,88,85.5",18.2,75.63,91.48,JiaXipera МM1110Y,28,1
424,424100242149603320424,"71,74,77,77.5,79,81.5,82.5,81.5",17.1,74.01,89.71,JiaXipera МM1110Y,28,1
424,424100242149436510424,"72,78,79.5,80.5,81,80.5,83,82",18.9,76.66,92.61,JiaXipera МM1110Y,28,1
424,424100242149440070424,"71.5,76,80,82,83,85,86,85",19.2,77.1,93.09,JiaXipera МM1110Y,28,1
424,424100242149604110424,"72,78.5,79.5,81.5,83,81.5",18.7,76.37,92.29,JiaXipera МM1110Y,28,1
424,424100242149604020424,"75,78,83,84,86.5,87.5,87,86.5",18.0,75.33,91.16,JiaXipera МM1110Y,28,1
424,424100242149373580424,"72,79,80.5,82,82.5,84.5,85,84",16.5,73.13,88.74,JiaXipera МM1110Y,28,1
424,424100242149438210424,"72,74,75,79,77,77.5,78,79.5,77.5,78",17.2,74.16,89.87,JiaXipera МM1110Y,28,1
424,424100242149373150424,"73,77,77.5,81.5,82,83,83.5,82.5",18.3,75.78,91.64,JiaXipera МM1110Y,28,1
424,424100242149439340424,"74.5,76,78,77.5,80,79.5,80.5,79.5",16.5,73.13,88.74,JiaXipera МM1110Y,28,1
424,424100242149602670424,"73,77.5,81,82.5,84,85,86.5,86",19.6,77.69,93.74,JiaXipera МM1110Y,28,1
424,424100242149601790424,"74.5,80,82.5,84.5,85.5,87,89,87.5",21.4,80.34,96.64,JiaXipera МM1110Y,28,1
424,424100242149439740424,"71.5,76,78,79.5,80.5,82,83,82",16.5,73.13,88.74,JiaXipera МM1110Y,28,1
424,424100242149439000424,"69.5,74,75.5,77,79,79.5,80,82,80.5",17.0,73.86,89.54,JiaXipera МM1110Y,28,1
424,424100242149440490424,"70.5,74,80,80.5,82,82.5,85.5,83",18.9,76.66,92.61,JiaXipera МM1110Y,28,1
424,424100242149436490424,"75.5,78.5,82,83.5,85.5,86.5,87.5,86.5",18.9,76.66,92.61,JiaXipera МM1110Y,28,1
424,424100242149497480424,"70,72.5,73,74.5,74,76,75.5,76",16.8,73.57,89.22,JiaXipera МM1110Y,28,1
424,424100242149497180424,"74,77,78.5,80,81.5,84,83.5",17.0,73.86,89.54,JiaXipera МM1110Y,28,1
424,424100242149436270424,"73,79.5,84,85.5,87.5,88.5,89,87.5",19.2,77.1,93.09,JiaXipera МM1110Y,28,1
424,424100242149373000424,"75.5,78,83,85,87,87.5,89,88.5",18.5,76.07,91.96,JiaXipera МM1110Y,28,1
424,424100242149440430424,"76,77.5,78.5,81.5,82,83,81",19.2,77.1,93.09,JiaXipera МM1110Y,28,1
424,424100242149373140424,"73,78.5,80,81.5,83,84.5,85,84",18.3,75.78,91.64,JiaXipera МM1110Y,28,1
424,424100242149437140424,"75,77,79,80.5,82,81.5,82.5,83,83.5,83",18.8,76.51,92.45,JiaXipera МM1110Y,28,1
424,424100242149603980424,"71.5,78,80.5,81,82.5,83,82",18.3,75.78,91.64,JiaXipera МM1110Y,28,1
424,424100242149437200424,"76,74.5,76.5,78,78.5,79,80,79",18.6,76.22,92.12,JiaXipera МM1110Y,28,1
424,424100242149373180424,"72,75,82,83,85,86.5,87.5,85.5",18.1,75.48,91.32,JiaXipera МM1110Y,28,1
424,424100242149439270424,"73.5,75.5,76,77,78.5,80.5,81",16.9,73.72,89.38,JiaXipera МM1110Y,28,1
424,424100242149602410424,"73.5,78,82.5,84,85.5,86,87,85.5",20.3,78.72,94.87,JiaXipera МM1110Y,28,1
424,424100242149497530424,"76.5,78,79,80.5,81.5,84.5,86,84",19.5,77.54,93.58,JiaXipera МM1110Y,28,1
424,424100242149438060424,"71,75.5,76,78,78.5,79.5,81,80.5,79.5",17.4,74.45,90.19,JiaXipera МM1110Y,28,1
424,424100242149436530424,"73.5,80.5,83.5,84.5,86,87,87.5",18.8,76.51,92.45,JiaXipera МM1110Y,28,1
424,424100242149373200424,"72,76.5,81,81.5,82.5,84.5,82",18.2,75.63,91.48,JiaXipera МM1110Y,28,1
424,424100242149604230424,"73.5,79,80,81.5,82,83,85,86.5",18.3,75.78,91.64,JiaXipera МM1110Y,28,1
424,424100242149436800424,"76,74,77,78.5,81,81.5,84,83.5",18.7,76.37,92.29,JiaXipera МM1110Y,28,1
424,424100242149436030424,"76,79,80.5,82.5,83,85.5,86,85",19.1,76.95,92.93,JiaXipera МM1110Y,28,1
424,424100242149440520424,"69,75.5,77.5,79.5,81,82.5,82,83",18.9,76.66,92.61,JiaXipera МM1110Y,28,1
424,424100242149603840424,"71.5,75,79,81.5,83.5,84,86.5,84.5",18.4,75.92,91.8,JiaXipera МM1110Y,28,1
424,424100242149373230424,"73.5,77,78.5,79.5,81,82.5,81.5,81",18.2,75.63,91.48,JiaXipera МM1110Y,28,1
424,424100242149438850424,"68.5,75.5,75,76.5,77,79,80.5,81",17.2,74.16,89.87,JiaXipera МM1110Y,28,1
424,424100242149497190424,"75.5,77,77.5,81,81.5,82,83.5,85.5",17.0,73.86,89.54,JiaXipera МM1110Y,28,1
424,424100242149437920424,"71.5,76.5,77,78,79,80.5,81",17.7,74.89,90.67,JiaXipera МM1110Y,28,1
424,424100242149438540424,"72,78.5,81.5,82.5,83,84.5,85,83.5",16.9,73.72,89.38,JiaXipera МM1110Y,28,1
424,424100242149437110424,"71.5,73,77,78.5,80,82,82.5,83",18.7,76.37,92.29,JiaXipera МM1110Y,28,1
424,424100242149436010424,"71,75.5,79,82.5,83.5,85,84.5",19.2,77.1,93.09,JiaXipera МM1110Y,28,1
424,424100242149439300424,"69,71.5,77,78,77.5,80.5,81.5,79.5",17.3,74.3,90.03,JiaXipera МM1110Y,28,1
424,424100242149373690424,"77,79.5,80,82,83.5,83,84.5,82.5",16.0,72.39,87.93,JiaXipera МM1110Y,28,1
424,424100242149604240424,"75.5,78.5,81,81.5,84,87,87.5,85.5",18.3,75.78,91.64,JiaXipera МM1110Y,28,1
424,424100242149373490424,"68.5,76,78.5,79,80.5,82,83,81",17.0,73.86,89.54,JiaXipera МM1110Y,28,1
424,424100242149440460424,"76,80.5,82.5,83,86.5,88,85",19.1,76.95,92.93,JiaXipera МM1110Y,28,1
424,424100242149437600424,"72.5,67.5,73.5,75.5,78.5,79,80,79,79.5,80",18.3,75.78,91.64,JiaXipera МM1110Y,28,1
424,424100242149601390424,"75,76,82.5,84,85,86.5,88,87",20.4,78.87,95.03,JiaXipera МM1110Y,28,1
424,424100242149373560424,"74.5,77,78.5,79.5,81.5,82,83,82.5",16.7,73.42,89.06,JiaXipera МM1110Y,28,1
424,424100242149436560424,"74,80.5,83,86,85.5,87.5,88.5,87.5",18.7,76.37,92.29,JiaXipera МM1110Y,28,1
424,424100242149603470424,"71.5,76,75.5,76,76.5,77.5,79,77",16.6,73.27,88.9,JiaXipera МM1110Y,28,1
424,424100242149440630424,"74.5,76.5,78,79,81,82.5,85,84",18.7,76.37,92.29,JiaXipera МM1110Y,28,1
424,424100242149497410424,"75.5,80.5,82.5,84.5,85,86,86.5,84.5",19.6,77.69,93.74,JiaXipera МM1110Y,28,1
424,424100242149373040424,"75.5,78.5,80.5,81.5,82,81.5,84.5,82",18.5,76.07,91.96,JiaXipera МM1110Y,28,1
424,424100242149436820424,"71,78,80.5,82,84,82.5",18.6,76.22,92.12,JiaXipera МM1110Y,28,1
424,424100242149437540424,"67,73,76.5,77.5,79,80.5,81.5,82",17.9,75.19,91.0,JiaXipera МM1110Y,28,1
424,424100242149373130424,"74.5,78,80,81.5,83,83.5,84.5,83.5",18.5,76.07,91.96,JiaXipera МM1110Y,28,1
424,424100242149436050424,"73.5,80,82,85.5,87,88,87.5,88",19.2,77.1,93.09,JiaXipera МM1110Y,28,1
424,424100242149373480424,"69.5,73.5,76,77,78,79.5,80.5,80",17.0,73.86,89.54,JiaXipera МM1110Y,28,1
424,424100242149603250424,"76,77,78.5,80,80.5,81.5,83,81.5",17.4,74.45,90.19,JiaXipera МM1110Y,28,1
424,424100242149602090424,"73.5,81,85,86.5,87,90,91,89.5,90",20.8,79.46,95.67,JiaXipera МM1110Y,28,1
424,424100242149437610424,"74.5,76,77,78,78.5,80.5,81.5,80",17.7,74.89,90.67,JiaXipera МM1110Y,28,1
424,424100242149437030424,"69.5,73.5,79.5,80.5,82.5,85,86",19.0,76.81,92.77,JiaXipera МM1110Y,28,1
424,424100242149373710424,"73,73.5,72.5,74.5,73,74.5,75.5,74.5",15.9,72.24,87.77,JiaXipera МM1110Y,28,1
424,424100242149438560424,"72.5,75.5,76,77.5,78,78.5,79.5,80",16.9,73.72,89.38,JiaXipera МM1110Y,28,1
424,424100242149373650424,"76,77,77.5,79,78,80,79",16.1,72.54,88.09,JiaXipera МM1110Y,28,1
424,424100242149373170424,"73,75.5,80,81.5,82.5,84,82.5",18.3,75.78,91.64,JiaXipera МM1110Y,28,1
424,424100242149436340424,"73,77,80.5,83,85,84,84.5,85.5",18.9,76.66,92.61,JiaXipera МM1110Y,28,1
424,424100242149602240424,"75,86,87.5,88.5,89,91.5,89.5",20.5,79.01,95.19,JiaXipera МM1110Y,28,1
424,424100242149436370424,"72,78.5,84,86,86.5,89,88.5,89",19.0,76.81,92.77,JiaXipera МM1110Y,28,1
424,424100242149438990424,"71.5,76,76.5,78,79.5,80,81,79.5",17.2,74.16,89.87,JiaXipera МM1110Y,28,1
424,424100242149437010424,"76,78,82,83,84.5,85.5,84.5",18.6,76.22,92.12,JiaXipera МM1110Y,28,1
424,424100242149602700424,"73,76,77,77.5,79,80.5,82,83.5,85.5,83.5",19.4,77.4,93.41,JiaXipera МM1110Y,28,1
424,424100242149497450424,"72,77,79,80,81,82.5,84.5,82.5",19.5,77.54,93.58,JiaXipera МM1110Y,28,1
424,424100242149601980424,"75.5,81.5,85.5,89.5,92,93.5,94.5,93.5",20.9,79.6,95.83,JiaXipera МM1110Y,28,1
424,424100242149438140424,"73,76,77.5,79.5,81.5,82.5,83",17.3,74.3,90.03,JiaXipera МM1110Y,28,1
424,424100242149437190424,"74,77.5,80,79.5,81.5,83.5,85,84.5",18.6,76.22,92.12,JiaXipera МM1110Y,28,1
424,424100242149497020424,"74,75.5,77.5,78,79,81,80,79.5",17.3,74.3,90.03,JiaXipera МM1110Y,28,1
424,424100242149373730424,"81,82.5,81.5,83,85,86,87.5,86",15.6,71.8,87.29,JiaXipera МM1110Y,28,1
424,424100242149496890424,"71.5,78.5,79.5,81,82.5,83.5,82.5",17.9,75.19,91.0,JiaXipera МM1110Y,28,1
424,424100242149437690424,"69,73.5,78.5,80,82,81.5,83.5,80",18.3,75.78,91.64,JiaXipera МM1110Y,28,1
424,424100242149437850424,"79,75.5,76,79.5,81,82.5,84,85.5,86.5",18.0,75.33,91.16,JiaXipera МM1110Y,28,1
424,424100242149497130424,"76,77.5,78.5,81,80.5,82,81,81.5,82.5,83,84.5",16.9,73.72,89.38,JiaXipera МM1110Y,28,1
424,424100242149373030424,"73.5,76,78.5,80,81.5,84.5,83",18.4,75.92,91.8,JiaXipera МM1110Y,28,1
424,424100242149373810424,"75.5,79,81.5,81,82.5,84.5,85,84",15.6,71.8,87.29,JiaXipera МM1110Y,28,1
424,424100242149603010424,"77,78.5,80.5,81.5,82,83,85,83.5",17.6,74.75,90.51,JiaXipera МM1110Y,28,1
424,424100242149437730424,"77.5,76,76.5,80,81.5,83.5,84,84.5,85.5",17.3,74.3,90.03,JiaXipera МM1110Y,28,1
424,424100242149438070424,"67.5,71.5,76,75.5,78,79.5,80.5,81",17.4,74.45,90.19,JiaXipera МM1110Y,28,1
424,424100242149602500424,"73.5,79,84,85.5,87,88.5,89.5,91",19.9,78.13,94.22,JiaXipera МM1110Y,28,1
424,424100242149437750424,"71.5,76.5,76,77.5,79.5,80.5,82.5,83.5,83",17.3,74.3,90.03,JiaXipera МM1110Y,28,1
424,424100242149438360424,"72.5,79.5,81,80.5,83,83.5,86.5,85.5",17.6,74.75,90.51,JiaXipera МM1110Y,28,1
424,424100242149373850424,"80,81,82,83.5,84,84.5,87,85.5",15.3,71.36,86.8,JiaXipera МM1110Y,28,1
424,424100242149437700424,"73.5,74.5,76.5,79,81,81.5,82,82.5,83,83.5",17.4,74.45,90.19,JiaXipera МM1110Y,28,1
424,424100242149438190424,"71.5,73,77.5,78.5,80,81,79",17.2,74.16,89.87,JiaXipera МM1110Y,28,1
424,424100242149439410424,"72.5,75.5,76.5,77.5,78,76.5",16.6,73.27,88.9,JiaXipera МM1110Y,28,1
424,424100242149440010424,"77,78.5,81,82.5,85.5,87,85.5",19.4,77.4,93.41,JiaXipera МM1110Y,28,1
424,424100242149496940424,"75.5,81,81.5,84.5,85.5,87,88.5,86",17.4,74.45,90.19,JiaXipera МM1110Y,28,1
424,424100242149373870424,"75,78.5,80.5,81,82,83.5,84.5,83.5",15.1,71.07,86.48,JiaXipera МM1110Y,28,1
424,424100242149437520424,"75,74.5,74,76.5,78.5,79,80.5,80",18.0,75.33,91.16,JiaXipera МM1110Y,28,1
424,424100242149439990424,"70.5,75,79.5,80,82.5,83.5,86,85.5",19.4,77.4,93.41,JiaXipera МM1110Y,28,1
424,424100242149373890424,"81,82,82.5,83.5,84,85.5,87,85",15.2,71.21,86.64,JiaXipera МM1110Y,28,1
424,424100242149439390424,"70.5,78,79,81,80.5,82.5,80.5",16.5,73.13,88.74,JiaXipera МM1110Y,28,1
424,424100242149601850424,"73.5,78,84,87,88.5,90.5,91,92",21.3,80.19,96.48,JiaXipera МM1110Y,28,1
424,424100242149435970424,"73.5,76,81.5,82.5,84,86,86.5,86",19.4,77.4,93.41,JiaXipera МM1110Y,28,1
424,424100242149438350424,"71.5,72.5,77.5,78,81,83,81.5",17.5,74.6,90.35,JiaXipera МM1110Y,28,1
424,424100242149438750424,"76.5,77.5,79.5,82,83,84,84.5",17.1,74.01,89.71,JiaXipera МM1110Y,28,1
424,424100242149440060424,"74,78.5,82,82.5,83.5,84,84.5,83",16.3,72.83,88.42,JiaXipera МM1110Y,28,1
424,424100242149373020424,"74.5,80,82,84,86,89,88,86.5",18.5,76.07,91.96,JiaXipera МM1110Y,28,1
424,424100242149436720424,"75.5,79.5,81.5,83,85,85.5,86,86.5",20.4,78.87,95.03,JiaXipera МM1110Y,28,1
424,424100242149435980424,"74,77,83,84,86.5,86,88.5,87.5",19.3,77.25,93.25,JiaXipera МM1110Y,28,1
424,424100242149436210424,"78,82,84,85,87.5,88,89,90.5,91,90,91",19.1,76.95,92.93,JiaXipera МM1110Y,28,1
424,424100242149440680424,"71.5,77,82.5,84.5,86,86.5,87,87.5",18.6,76.22,92.12,JiaXipera МM1110Y,28,1
424,424100242149497500424,"78.5,78,79.5,80,81.5,83.5,84.5,86,86.5,87.5,88",19.4,77.4,93.41,JiaXipera МM1110Y,28,1
424,424100242149436040424,"76,83,84,85,87,89.5,88.5,89",19.2,77.1,93.09,JiaXipera МM1110Y,28,1
424,424100242149438660424,"71,75,77,78.5,79,78,79.5,79,79.5",16.9,73.72,89.38,JiaXipera МM1110Y,28,1
424,424100242149437960424,"73.5,77,79.5,81,81.5,81.5",17.8,75.04,90.83,JiaXipera МM1110Y,28,1
424,424100242149373290424,"73,78,81,83,84,85,85.5,86,87.5",18.1,75.48,91.32,JiaXipera МM1110Y,28,1
424,424100242149436060424,"71.5,72.5,77,78.5,82,83.5,83,85.5",17.6,74.75,90.51,JiaXipera МM1110Y,28,1
424,424100242149436070424,"77.5,80.5,84.5,85.5,87,87.5,88,86.5",19.2,77.1,93.09,JiaXipera МM1110Y,28,1
424,424100242149436470424,"71,77,80.5,83,83.5,84.5,85.5,84",18.8,76.51,92.45,JiaXipera МM1110Y,28,1
424,424100242149439770424,"76,75.5,77,78,79.5,81,82,81",16.4,72.98,88.58,JiaXipera МM1110Y,28,1
424,424100242149373550424,"71.5,77,78,80,82,83,81",16.8,73.57,89.22,JiaXipera МM1110Y,28,1
424,424100242149436180424,"73,77,80.5,83,85,84.5,85.5,86,86.5",19.2,77.1,93.09,JiaXipera МM1110Y,28,1
424,424100242149603960424,"72.5,78,80.5,82.5,84.5,85,84",18.3,75.78,91.64,JiaXipera МM1110Y,28,1
424,424100242149436220424,"75.5,78.5,78,81.5,82.5,84,86,85.5,85",19.1,76.95,92.93,JiaXipera МM1110Y,28,1
424,424100242149602890424,"71,76.5,77,79,81,82,81.5,83,83.5,86",18.1,75.48,91.32,JiaXipera МM1110Y,28,1
424,424100242149437660424,"75,77,79,78.5,81,81.5,82.5,83.5",17.5,74.6,90.35,JiaXipera МM1110Y,28,1
424,424100242149436570424,"76,78,81.5,85,85.5,86,88,87",19.5,77.54,93.58,JiaXipera МM1110Y,28,1
424,424100242149436630424,"67.5,71,75.5,80.5,82,85,86,85",18.6,76.22,92.12,JiaXipera МM1110Y,28,1
424,424100242149436710424,"71.5,76.5,79,81,82,84,85.5,86",19.1,76.95,92.93,JiaXipera МM1110Y,28,1
424,424100242149440250424,"71.5,73,75,78,78.5,80,80.5,79.5",16.3,72.83,88.42,JiaXipera МM1110Y,28,1
424,424100242149438100424,"73.5,74,77,78,80,80.5,81,82,83",17.2,74.16,89.87,JiaXipera МM1110Y,28,1
424,424100242149436110424,"72.5,72,79,82,83.5,85.5,87,87.5",18.9,76.66,92.61,JiaXipera МM1110Y,28,1
424,424100242149436700424,"72.5,76,76.5,78.5,81,82,84",19.0,76.81,92.77,JiaXipera МM1110Y,28,1
424,424100242149602970424,"76.5,75,77.5,81,82,83.5,82.5,84,85.5",17.8,75.04,90.83,JiaXipera МM1110Y,28,1
424,424100242149602190424,"76.5,79,85.5,88.5,89,90.5,91,90.5",20.9,79.6,95.83,JiaXipera МM1110Y,28,1
424,424100242149436120424,"74.5,80,81,83,84,86,87.5,86.5,87.5",19.0,76.81,92.77,JiaXipera МM1110Y,28,1
424,424100242149373080424,"72.5,76.5,78,81,82,82.5,83.5,82.5",18.4,75.92,91.8,JiaXipera МM1110Y,28,1
424,424100242149440710424,"76,77.5,80,80.5,81.5,82,83,82",18.6,76.22,92.12,JiaXipera МM1110Y,28,1
424,424100242149438490424,"70,74.5,75.5,77.5,78,79.5,78",17.1,74.01,89.71,JiaXipera МM1110Y,28,1
424,424100242149436300424,"73,76.5,81,81.5,83.5,84.5,85,85.5,86.5,87.5",18.9,76.66,92.61,JiaXipera МM1110Y,28,1
424,424100242149497290424,"72,75.5,77,79.5,80.5,81,79",16.9,73.72,89.38,JiaXipera МM1110Y,28,1
424,424100242149437670424,"73.5,77,78,78.5,81,82,81,82.5",17.5,74.6,90.35,JiaXipera МM1110Y,28,1
424,424100242149603880424,"71,74.5,78.5,79.5,82,84,83.5",18.4,75.92,91.8,JiaXipera МM1110Y,28,1
424,424100242149438870424,"73,75,75.5,76,78,80,81,79.5",17.2,74.16,89.87,JiaXipera МM1110Y,28,1
424,424100242149437450424,"73,74.5,77.5,78,80.5,81,82.5,80.5",18.3,75.78,91.64,JiaXipera МM1110Y,28,1
424,424100242149437080424,"73.5,77,79.5,80,81.5,82.5,82,83,84.5",18.9,76.66,92.61,JiaXipera МM1110Y,28,1
424,424100242149439830424,"75,78,78.5,79,80.5,82.5,81.5",16.3,72.83,88.42,JiaXipera МM1110Y,28,1
424,424100242149603800424,"71.5,74.5,77,76.5,80,82,82.5,81",18.4,75.92,91.8,JiaXipera МM1110Y,28,1
424,424100242149438320424,"74,75,76,76.5,77.5,79,79.5,78.5,81,80.5",17.7,74.89,90.67,JiaXipera МM1110Y,28,1
424,424100242149436410424,"75.5,77,79.5,82,83,84,85.5,85",18.8,76.51,92.45,JiaXipera МM1110Y,28,1
424,424100242149436420424,"77,78,78.5,79.5,81.5,83.5,84,84.5",18.9,76.66,92.61,JiaXipera МM1110Y,28,1
424,424100242149373510424,"73,75.5,77.5,79,79.5,81,81.5,82.5",16.9,73.72,89.38,JiaXipera МM1110Y,28,1
424,424100242149437990424,"73,79,80,80.5,82,81",17.4,74.45,90.19,JiaXipera МM1110Y,28,1
424,424100242149436450424,"74,78.5,80.5,82,83.5,84.5,86.5,85",18.9,76.66,92.61,JiaXipera МM1110Y,28,1
424,424100242149436870424,"74,78.5,80.5,82.5,83,85,88,85.5",18.9,76.66,92.61,JiaXipera МM1110Y,28,1
424,424100242149373420424,"73.5,79,81.5,85.5,84.5,85.5,86.5",17.1,74.01,89.71,JiaXipera МM1110Y,28,1
424,424100242149436480424,"74,78,81,83.5,84.5,85.5,86,77",18.9,76.66,92.61,JiaXipera МM1110Y,28,1
424,424100242149603100424,"74,76.5,78.5,80,80.5,81.5,83,82",17.3,74.3,90.03,JiaXipera МM1110Y,28,1
424,424100242149436950424,"76.5,80.5,81.5,83.5,84,84.5,86,84.5",18.7,76.37,92.29,JiaXipera МM1110Y,28,1
424,424100242149436390424,"73.5,81,82.5,86,87,88,88.5,89",18.9,76.66,92.61,JiaXipera МM1110Y,28,1
424,424100242149496870424,"76,78,79,80.5,81.5,84,85,84.5",17.7,74.89,90.67,JiaXipera МM1110Y,28,1
424,424100242149497490424,"75,80.5,81,83.5,85,85.5,84.5",19.5,77.54,93.58,JiaXipera МM1110Y,28,1
424,424100242149603730424,"74,77.5,78.5,79,80.5,83,82.5,81.5",18.8,76.51,92.45,JiaXipera МM1110Y,28,1
424,424100242149437930424,"71.5,74.5,76.5,77.5,79.5,81,82,83",17.7,74.89,90.67,JiaXipera МM1110Y,28,1
424,424100242149436280424,"75,79.5,80,83,84.5,85,85.5,86.5,87,88",18.9,76.66,92.61,JiaXipera МM1110Y,28,1
424,424100242149437440424,"71,75.5,77,78,80,81,80",18.3,75.78,91.64,JiaXipera МM1110Y,28,1
424,424100242149436600424,"73.5,77.5,79.5,81.5,82.5,84,85,83.5",17.1,74.01,89.71,JiaXipera МM1110Y,28,1
424,424100242149439120424,"72.5,74,76.5,77,78.5,80,80.5,81.5,82,84",17.2,74.16,89.87,JiaXipera МM1110Y,28,1
424,424100242149373250424,"74.5,74,77.5,81,81.5,82.5,84,84.5,83",18.1,75.48,91.32,JiaXipera МM1110Y,28,1
424,424100242149436200424,"72,77.5,78.5,80.5,82,82.5,84,86,86.5",19.2,77.1,93.09,JiaXipera МM1110Y,28,1
424,424100242149440570424,"69.5,73.5,80,81,83.5,82.5,85,82.5",18.9,76.66,92.61,JiaXipera МM1110Y,28,1
424,424100242149436620424,"75.5,77.5,79.5,82.5,84,85.5,87,85",19.4,77.4,93.41,JiaXipera МM1110Y,28,1
424,424100242149438530424,"70,75.5,76.5,78.5,79.5,80.5,81.5,80",17.4,74.45,90.19,JiaXipera МM1110Y,28,1
424,424100242149437740424,"69.5,73.5,80,81.5,83,84,85,83.5",17.5,74.6,90.35,JiaXipera МM1110Y,28,1
424,424100242149437970424,"76,77.5,80,79.5,81.5,82.5,85,83.5",17.7,74.89,90.67,JiaXipera МM1110Y,28,1
424,424100242149436080424,"74.5,80,83.5,84,87,86,88,86.5",19.1,76.95,92.93,JiaXipera МM1110Y,28,1
424,424100242149438330424,"73.5,76,78,77,77.5,79.5,80,81,81.5,82,83,83.5,84",17.5,74.6,90.35,JiaXipera МM1110Y,28,1
424,424100242149438370424,"71.5,75.5,77,78,77.5,78.5,81,80",17.4,74.45,90.19,JiaXipera МM1110Y,28,1
424,424100242149438380424,"78,77,79,81,81.5,83,85.5,85",17.6,74.75,90.51,JiaXipera МM1110Y,28,1
424,424100242149438680424,"73,71.5,73.5,73,75,76.5,78,79.5",17.5,74.6,90.35,JiaXipera МM1110Y,28,1
424,424100242149438410424,"70.5,75.5,79,79.5,81.5,83,82.5,83.5,84.5",17.3,74.3,90.03,JiaXipera МM1110Y,28,1
424,424100242149438420424,"72.5,77.5,77,78.5,80.5,82,84,83",17.3,74.3,90.03,JiaXipera МM1110Y,28,1
424,424100242149604540424,"74,78,79,81,82,83,83.5,83",18.3,75.78,91.64,JiaXipera МM1110Y,28,1
424,424100242149438430424,"70.5,74,76,78,79,81,82,81",17.3,74.3,90.03,JiaXipera МM1110Y,28,1
424,424100242149438450424,"69.5,74,72,73.5,75.5,76,76.5,77,78,79",17.2,74.16,89.87,JiaXipera МM1110Y,28,1
424,424100242149437250424,"70,78.5,79,81,82,82.5,84,86.5,87,86.5",18.5,76.07,91.96,JiaXipera МM1110Y,28,1
424,424100242149438460424,"72,77.5,80.5,82,83,85.5,86.5,87.5,86",17.1,74.01,89.71,JiaXipera МM1110Y,28,1
424,424100242149439020424,"70,72.5,74,75,75.5,77,76.5,78",17.0,73.86,89.54,JiaXipera МM1110Y,28,1
424,424100242149603890424,"71,75.5,77.5,78,81.5,81,82,82.5,82",18.4,75.92,91.8,JiaXipera МM1110Y,28,1
424,424100242149438470424,"70.5,76,78.5,80.5,81,81.5,83,81",17.0,73.86,89.54,JiaXipera МM1110Y,28,1
424,424100242149604570424,"76,78.5,80.5,81,83,84.5,85,84",18.1,75.48,91.32,JiaXipera МM1110Y,28,1
424,424100242149436860424,"75,78.5,82.5,84,84.5,87,87.5,86.5",18.8,76.51,92.45,JiaXipera МM1110Y,28,1
424,424100242149438480424,"73.5,75.5,77.5,79,80,81,80,81,79.5",17.0,73.86,89.54,JiaXipera МM1110Y,28,1
424,424100242149601460424,"70.5,77.5,81,83,84,86,86.5,88,87",20.2,78.57,94.7,JiaXipera МM1110Y,28,1
424,424100242149438090424,"71.5,75,74.5,77,79.5,80.5,81,80.5,81",17.3,74.3,90.03,JiaXipera МM1110Y,28,1
424,424100242149438500424,"72.5,76.5,78.5,78,79,80.5,81.5,80.5",17.1,74.01,89.71,JiaXipera МM1110Y,28,1
424,424100242149438000424,"74,76,78,79,81.5,83.5,84.5,83.5",17.7,74.89,90.67,JiaXipera МM1110Y,28,1
424,424100242149440390424,"72,78,81,83,84.5,86.5,88,87",19.1,76.95,92.93,JiaXipera МM1110Y,28,1
424,424100242149438510424,"71,74,78.5,84,86,85,86.5,84",17.3,74.3,90.03,JiaXipera МM1110Y,28,1
424,424100242149603860424,"72,76,79.5,81.5,84,86.5,87,86.5",18.4,75.92,91.8,JiaXipera МM1110Y,28,1
424,424100242149438930424,"76,77,77.5,80,81,81.5,82.5,81.5,82.5",17.2,74.16,89.87,JiaXipera МM1110Y,28,1
424,424100242149439710424,"70,73,79,79.5,80.5,81,82",17.2,74.16,89.87,JiaXipera МM1110Y,28,1
424,424100242149602520424,"76,81.5,85,87.5,88,90,91,90",19.9,78.13,94.22,JiaXipera МM1110Y,28,1
424,424100242149435990424,"75,78.5,79.5,81,81.5,84,85,85.5",19.2,77.1,93.09,JiaXipera МM1110Y,28,1
424,424100242149438520424,"72,73,77,79.5,80.5,81.5,83,82,83",16.9,73.72,89.38,JiaXipera МM1110Y,28,1
424,424100242149438640424,"75,76,77.5,78,80,81.5,82,84.5,82.5,83",17.7,74.89,90.67,JiaXipera МM1110Y,28,1
424,424100242149438670424,"71,75,76.5,81,80,81,82,83.5,84,83",17.6,74.75,90.51,JiaXipera МM1110Y,28,1
424,424100242149437710424,"74,77.5,79,81,80.5,82,82.5,83",17.3,74.3,90.03,JiaXipera МM1110Y,28,1
424,424100242149438700424,"75.5,75,77.5,78,78.5,80,79",17.4,74.45,90.19,JiaXipera МM1110Y,28,1
424,424100242149438710424,"74.5,76,77,78.5,79,82.5,79",17.3,74.3,90.03,JiaXipera МM1110Y,28,1
424,424100242149601920424,"71.5,76.5,78.5,80.5,84,85,86.5",21.1,79.9,96.16,JiaXipera МM1110Y,28,1
424,424100242149438740424,"71.5,77,80,80.5,81.5,83.5,81.5,83",17.2,74.16,89.87,JiaXipera МM1110Y,28,1
424,424100242149440410424,"75.5,79,81.5,82.5,84.5,86.5,87.5,86.5",19.2,77.1,93.09,JiaXipera МM1110Y,28,1
424,424100242149438770424,"72,77,81.5,84,85,86.5,86",17.2,74.16,89.87,JiaXipera МM1110Y,28,1
424,424100242149603360424,"76,75.5,75,77,78,78.5,80.5,80",16.9,73.72,89.38,JiaXipera МM1110Y,28,1
424,424100242149438780424,"72,78,78.5,80,83,82,82.5,83",17.2,74.16,89.87,JiaXipera МM1110Y,28,1
424,424100242149440750424,"73.5,77.5,81,82.5,84,84.5,84",18.7,76.37,92.29,JiaXipera МM1110Y,28,1
424,424100242149438550424,"66.5,68.5,73.5,75.5,80,81.5,82,81",16.9,73.72,89.38,JiaXipera МM1110Y,28,1
424,424100242149438800424,"74.5,77.5,79,81,81.5,83.5,85.5,84.5",17.3,74.3,90.03,JiaXipera МM1110Y,28,1
424,424100242149438810424,"75,74.5,78,79,81,82,82.5,82",17.3,74.3,90.03,JiaXipera МM1110Y,28,1
424,424100242149603260424,"75,73.5,74.5,77,77.5,80,81.5,80",17.4,74.45,90.19,JiaXipera МM1110Y,28,1
424,424100242149437530424,"69,75.5,77,78,80,82,80.5",17.9,75.19,91.0,JiaXipera МM1110Y,28,1
424,424100242149438820424,"76.5,78,79,80,82,82.5,84.5,83.5",17.3,74.3,90.03,JiaXipera МM1110Y,28,1
424,424100242149601360424,"74.5,75.5,81,83,84.5,85.5,84.5",20.4,78.87,95.03,JiaXipera МM1110Y,28,1
424,424100242149496670424,"73.5,75,78.5,79.5,82,82.5,83.5,82",17.9,75.19,91.0,JiaXipera МM1110Y,28,1
424,424100242149438830424,"74.5,75.5,76.5,77.5,79.5,80,82,81.5",17.3,74.3,90.03,JiaXipera МM1110Y,28,1
424,424100242149439190424,"72.5,74,79,80,81.5,83.5,81.5",17.0,73.86,89.54,JiaXipera МM1110Y,28,1
424,424100242149438840424,"72.5,76.5,77,80,79.5,83,83.5,82",17.3,74.3,90.03,JiaXipera МM1110Y,28,1
424,424100242149438860424,"71.5,79,78,76,75,75.5,75",17.2,74.16,89.87,JiaXipera МM1110Y,28,1
424,424100242149438890424,"75.5,77,78.5,79,80.5,82,83,82.5",17.2,74.16,89.87,JiaXipera МM1110Y,28,1
424,424100242149438900424,"71.5,75,78,79,82,84.5,86,85,86",17.2,74.16,89.87,JiaXipera МM1110Y,28,1
424,424100242149603370424,"71.5,75.5,76,77.5,78,81,80.5",16.9,73.72,89.38,JiaXipera МM1110Y,28,1
424,424100242149439370424,"73,75.5,78,79,80,79",16.5,73.13,88.74,JiaXipera МM1110Y,28,1
424,424100242149438910424,"74.5,76.5,77.5,80,82,83,86,84.5",17.2,74.16,89.87,JiaXipera МM1110Y,28,1
424,424100242149438920424,"72.5,75.5,77,78,78.5,80,78",17.2,74.16,89.87,JiaXipera МM1110Y,28,1
424,424100242149438940424,"69.5,74.5,76.5,77.5,78,78.5,77",17.2,74.16,89.87,JiaXipera МM1110Y,28,1
424,424100242149604160424,"77.5,80,81,82.5,85,84,85",18.7,76.37,92.29,JiaXipera МM1110Y,28,1
424,424100242149497320424,"71.5,74,75,76.5,77.5,78.5,77.5",16.7,73.42,89.06,JiaXipera МM1110Y,28,1
424,424100242149438950424,"70.5,75,78.5,79,80,80.5,81,80",17.1,74.01,89.71,JiaXipera МM1110Y,28,1
424,424100242149496950424,"74,78.5,81,83.5,84,85,83",17.4,74.45,90.19,JiaXipera МM1110Y,28,1
424,424100242149438960424,"73,76,77.5,82,84,83.5",17.2,74.16,89.87,JiaXipera МM1110Y,28,1
424,424100242149604590424,"73.5,76.5,78.5,82.5,82,85,86,85",18.0,75.33,91.16,JiaXipera МM1110Y,28,1
424,424100242149439080424,"76,77,79,79.5,80.5,81.5,83.5,84",17.3,74.3,90.03,JiaXipera МM1110Y,28,1
424,424100242149496730424,"70,73,73.5,76,79,80",17.7,74.89,90.67,JiaXipera МM1110Y,28,1
424,424100242149439110424,"73.5,76,77.5,78.5,79.5,81,82.5,81.5",17.3,74.3,90.03,JiaXipera МM1110Y,28,1
424,424100242149439130424,"65.5,67.5,73,76,77,79,78",17.1,74.01,89.71,JiaXipera МM1110Y,28,1
424,424100242149439200424,"70,75,76.5,78,79,80.5,81.5,81",17.1,74.01,89.71,JiaXipera МM1110Y,28,1
424,424100242149439150424,"73.5,75.5,77,77.5,79,80.5,79.5",17.2,74.16,89.87,JiaXipera МM1110Y,28,1
424,424100242149439170424,"72.5,75,75.5,76.5,79,79.5,79",17.1,74.01,89.71,JiaXipera МM1110Y,28,1
424,424100242149373360424,"73.5,77,82.5,83.5,85,86.5,85.5",17.2,74.16,89.87,JiaXipera МM1110Y,28,1
424,424100242149439210424,"73,78,79.5,80,80.5,82.5,83.5,81",16.9,73.72,89.38,JiaXipera МM1110Y,28,1
424,424100242149436810424,"74,78.5,81.5,80.5,81,83.5,83,83.5",18.8,76.51,92.45,JiaXipera МM1110Y,28,1
424,424100242149439220424,"72.5,75,76,77.5,78.5,79.5,81.5,80.5",16.9,73.72,89.38,JiaXipera МM1110Y,28,1
424,424100242149439230424,"68.5,71,78,76.5,77.5,81.5,80.5,82",16.9,73.72,89.38,JiaXipera МM1110Y,28,1
424,424100242149439240424,"70,76,78,79.5,80.5,81,81.5,82",16.9,73.72,89.38,JiaXipera МM1110Y,28,1
424,424100242149439660424,"73.5,79.5,80,82,83,83.5,82.5",16.7,73.42,89.06,JiaXipera МM1110Y,28,1
424,424100242149440040424,"68,71,74.5,79,81.5,82.5,85.5,84.5",17.3,74.3,90.03,JiaXipera МM1110Y,28,1
424,424100242149439250424,"74.5,77,78.5,79,80.5,81,82.5,80.5",17.1,74.01,89.71,JiaXipera МM1110Y,28,1
424,424100242149436830424,"72.5,77.5,78.5,80.5,81.5,84,85.5,85",18.6,76.22,92.12,JiaXipera МM1110Y,28,1
424,424100242149440320424,"73.5,78,82,84.5,84,85,84.5",19.3,77.25,93.25,JiaXipera МM1110Y,28,1
424,424100242149373060424,"71.5,75.5,78,79.5,80.5,81.5,84,83",18.4,75.92,91.8,JiaXipera МM1110Y,28,1
424,424100242149438970424,"68,71.5,76.5,77.5,77,78,79,77.5",17.2,74.16,89.87,JiaXipera МM1110Y,28,1
424,424100242149497170424,"75,75.5,76.5,77,79,78.5",17.0,73.86,89.54,JiaXipera МM1110Y,28,1
424,424100242149439260424,"72,74.5,75,76.5,78.5,79,80,81.5",16.8,73.57,89.22,JiaXipera МM1110Y,28,1
424,424100242149601440424,"73,77,79,82,84.5,85.5,86.5,85.5",20.2,78.57,94.7,JiaXipera МM1110Y,28,1
424,424100242149437330424,"75,79,80,80.5,82.5,83.5,84.5,83.5",18.2,75.63,91.48,JiaXipera МM1110Y,28,1
424,424100242149436550424,"71,75,77.5,79.5,78.5,79,82,79.5",18.5,76.07,91.96,JiaXipera МM1110Y,28,1
424,424100242149439070424,"75,76.5,78.5,79.5,78,81.5,81",17.4,74.45,90.19,JiaXipera МM1110Y,28,1
424,424100242149439290424,"75.5,78,78.5,77.5,81,82,83,81.5",16.9,73.72,89.38,JiaXipera МM1110Y,28,1
424,424100242149439320424,"75,76.5,78,79.5,80,82,83,82.5",16.5,73.13,88.74,JiaXipera МM1110Y,28,1
424,424100242149440350424,"71.5,79,79.5,82,82.5,83.5,86,86.5",19.3,77.25,93.25,JiaXipera МM1110Y,28,1
424,424100242149496850424,"72.5,77,81.5,82.5,84,85.5,87,86",18.1,75.48,91.32,JiaXipera МM1110Y,28,1
424,424100242149439330424,"75,78.5,81,83,82,84,83.5,85",16.8,73.57,89.22,JiaXipera МM1110Y,28,1
424,424100242149439380424,"76.5,73.5,74.5,77.5,80,81,81.5,82,83.5,84,85.5,85",16.5,73.13,88.74,JiaXipera МM1110Y,28,1
424,424100242149603700424,"74,78,80,81,83,83.5,83",18.9,76.66,92.61,JiaXipera МM1110Y,28,1
424,424100242149439430424,"68,74.5,79,80.5,83,84,82,84.5,83.5",16.5,73.13,88.74,JiaXipera МM1110Y,28,1
424,424100242149439950424,"75.5,77,79,80.5,81.5,81,82.5,83,84,84.5",19.4,77.4,93.41,JiaXipera МM1110Y,28,1
424,424100242149439440424,"70,72,79.5,80.5,80,81.5,83,81.5",16.5,73.13,88.74,JiaXipera МM1110Y,28,1
424,424100242149439450424,"71.5,75,79.5,80,82,82.5,84,85",16.5,73.13,88.74,JiaXipera МM1110Y,28,1
424,424100242149497310424,"69.5,75.5,77,77.5,79,81.5,83,82",17.2,74.16,89.87,JiaXipera МM1110Y,28,1
424,424100242149602740424,"74.5,76,75.5,76.5,78.5,79.5,81,81.5,82.5,83.5,83,84,83.5",18.9,76.66,92.61,JiaXipera МM1110Y,28,1
424,424100242149439460424,"71,73.5,75.5,77,78,79.5,80.5,81",16.5,73.13,88.74,JiaXipera МM1110Y,28,1
424,424100242149439470424,"74.5,77,79.5,81,82,81.5,83.5,83",16.6,73.27,88.9,JiaXipera МM1110Y,28,1
424,424100242149439560424,"72,77.5,79.5,80.5,81.5,83,85,84.5",16.9,73.72,89.38,JiaXipera МM1110Y,28,1
424,424100242149439490424,"71.5,76.5,77.5,78,80,80.5,78",16.5,73.13,88.74,JiaXipera МM1110Y,28,1
424,424100242149436350424,"74,78.5,82.5,85.5,88,88.5,90.5,89,89.5",18.9,76.66,92.61,JiaXipera МM1110Y,28,1
424,424100242149436360424,"73.5,76.5,80.5,81.5,83.5,84,85.5,86",18.9,76.66,92.61,JiaXipera МM1110Y,28,1
424,424100242149439550424,"73,78,79.5,78.5,80.5,82.5,80.5",17.0,73.86,89.54,JiaXipera МM1110Y,28,1
424,424100242149439580424,"72,76,80.5,82.5,83.5,85,83",16.8,73.57,89.22,JiaXipera МM1110Y,28,1
424,424100242149497330424,"75,78,77,79,79.5,81.5,81,82,82.5",16.9,73.72,89.38,JiaXipera МM1110Y,28,1
424,424100242149439590424,"74.5,71,78.5,79,81,83,84,85,84.5",16.8,73.57,89.22,JiaXipera МM1110Y,28,1
424,424100242149373220424,"73,73.5,76.5,79,81,80.5,83,81",18.2,75.63,91.48,JiaXipera МM1110Y,28,1
424,424100242149439630424,"74.5,77,78,79.5,80.5,81.5,80.5",16.7,73.42,89.06,JiaXipera МM1110Y,28,1
424,424100242149440200424,"71.5,78,81.5,82,83.5,85,86.5,85",19.3,77.25,93.25,JiaXipera МM1110Y,28,1
424,424100242149439640424,"74,78.5,81,80.5,82.5,83.5,84.5,83.5",16.7,73.42,89.06,JiaXipera МM1110Y,28,1
424,424100242149604320424,"78.5,81.5,84,84.5,85.5,86,87,88.5",18.0,75.33,91.16,JiaXipera МM1110Y,28,1
424,424100242149439670424,"72.5,75.5,80,81.5,79.5,83.5,85,83.5",16.6,73.27,88.9,JiaXipera МM1110Y,28,1
424,424100242149601830424,"74,76,84.5,86,88,89.5,91,90",21.4,80.34,96.64,JiaXipera МM1110Y,28,1
424,424100242149603200424,"70.5,72,75.5,77,80,81,80.5",17.0,73.86,89.54,JiaXipera МM1110Y,28,1
424,424100242149439690424,"75.5,78.5,80.5,81.5,83,85,84",16.5,73.13,88.74,JiaXipera МM1110Y,28,1
424,424100242149602160424,"73.5,78,82,82.5,83,85.5,86.5",20.7,79.31,95.51,JiaXipera МM1110Y,28,1
424,424100242149439730424,"70.5,77.5,78,78.5,81.5,79.5",16.5,73.13,88.74,JiaXipera МM1110Y,28,1
424,424100242149439750424,"67,73,75.5,77,78,79.5,81.5,80",16.6,73.27,88.9,JiaXipera МM1110Y,28,1
424,424100242149439760424,"75,77.5,78,79.5,81.5,82,83.5,82.5",16.4,72.98,88.58,JiaXipera МM1110Y,28,1
424,424100242149496930424,"73.5,79,81.5,83,84,86.5,87.5,88",17.6,74.75,90.51,JiaXipera МM1110Y,28,1
424,424100242149373110424,"77.5,80,79,80.5,82,84,84.5,84,86.5,85.5",18.3,75.78,91.64,JiaXipera МM1110Y,28,1
424,424100242149373570424,"69.5,76,78,80,80.5,82.5,81.5,83",16.6,73.27,88.9,JiaXipera МM1110Y,28,1
424,424100242149439780424,"72.5,77.5,78,79,80,81,79",16.4,72.98,88.58,JiaXipera МM1110Y,28,1
424,424100242149601820424,"75,78,82,83.5,86,88,89,87.5",21.4,80.34,96.64,JiaXipera МM1110Y,28,1
424,424100242149601660424,"75.5,81.5,84.5,85,86.5,88,86",20.2,78.57,94.7,JiaXipera МM1110Y,28,1
424,424100242149439790424,"77,78.5,79,80,79.5,80.5,81.5,82.5",16.4,72.98,88.58,JiaXipera МM1110Y,28,1
424,424100242149439800424,"77.5,76,78,80,79.5,80.5,81.5,82.5",16.3,72.83,88.42,JiaXipera МM1110Y,28,1
424,424100242149439850424,"77,77.5,80.5,82.5,83,84.5,84",16.4,72.98,88.58,JiaXipera МM1110Y,28,1
424,424100242149439860424,"76.5,78.5,79.5,80.5,81,81.5,82,80.5,81.5",16.3,72.83,88.42,JiaXipera МM1110Y,28,1
424,424100242149603020424,"73,76.5,79.5,80,82,83.5,84,83.5,84",17.6,74.75,90.51,JiaXipera МM1110Y,28,1
424,424100242149440690424,"76.5,80,84.5,85.5,87,88.5,86",18.5,76.07,91.96,JiaXipera МM1110Y,28,1
424,424100242149440000424,"77,78,81,82,82.5,84,83",19.3,77.25,93.25,JiaXipera МM1110Y,28,1
424,424100242149440020424,"77,81.5,86.5,87.5,88,89.5,89",19.4,77.4,93.41,JiaXipera МM1110Y,28,1
424,424100242149440030424,"74.5,79,83,85,86,87,90",19.3,77.25,93.25,JiaXipera МM1110Y,28,1
424,424100242149440050424,"75,79.5,83,85,85.5,87.5,86",19.4,77.4,93.41,JiaXipera МM1110Y,28,1
424,424100242149373610424,"71,73.5,77,79,78,80,81.5,80.5",16.3,72.83,88.42,JiaXipera МM1110Y,28,1
424,424100242149439420424,"72.5,75.5,80.5,82,82.5,83,84,83",16.6,73.27,88.9,JiaXipera МM1110Y,28,1
424,424100242149440120424,"75.5,77,81,83.5,86,87,87.5,85.5",19.2,77.1,93.09,JiaXipera МM1110Y,28,1
424,424100242149440150424,"70.5,78,81,81.5,82.5,83,83.5",19.4,77.4,93.41,JiaXipera МM1110Y,28,1
424,424100242149604210424,"76.5,77,78,80,81,82.5,85.5,83",18.2,75.63,91.48,JiaXipera МM1110Y,28,1
424,424100242149440180424,"74,76,77,78.5,79.5,83.5,84,84.5",19.4,77.4,93.41,JiaXipera МM1110Y,28,1
424,424100242149601580424,"80.5,82.5,84.5,85.5,86.5,87.5,88,88.5,89.5,90,90.5",20.1,78.43,94.54,JiaXipera МM1110Y,28,1
424,424100242149440210424,"74.5,80,82,84,87,86.5,87,85.5",19.3,77.25,93.25,JiaXipera МM1110Y,28,1
424,424100242149440500424,"77,78.5,80.5,81.5,82,83.5,84.5,84,84.5,85,85.5,86,86.5,88",18.8,76.51,92.45,JiaXipera МM1110Y,28,1
424,424100242149440220424,"72,77.5,79,80,82,83,84,84.5",19.3,77.25,93.25,JiaXipera МM1110Y,28,1
424,424100242149438250424,"76.5,79,79.5,80.5,81,82.5,83,84,83.5,84",17.8,75.04,90.83,JiaXipera МM1110Y,28,1
424,424100242149440260424,"74,77,80,80.5,81,83,82.5",19.2,77.1,93.09,JiaXipera МM1110Y,28,1
424,424100242149601710424,"71.5,76.5,83.5,85.5,88,87.5,88.5,87.5",20.2,78.57,94.7,JiaXipera МM1110Y,28,1
424,424100242149440270424,"75,79.5,82,82.5,83.5,84,83.5",19.3,77.25,93.25,JiaXipera МM1110Y,28,1
424,424100242149373820424,"78,81,82.5,83,84.5,85.5,88,86",15.4,71.51,86.96,JiaXipera МM1110Y,28,1
424,424100242149440640424,"76.5,79.5,80,82,83.5,85,84.5,84",18.7,76.37,92.29,JiaXipera МM1110Y,28,1
424,424100242149604090424,"74.5,77,81.5,82.5,84,85,86.5,86",18.8,76.51,92.45,JiaXipera МM1110Y,28,1
424,424100242149440280424,"74,80.5,82,83.5,84.5,85.5,84",19.2,77.1,93.09,JiaXipera МM1110Y,28,1
424,424100242149604450424,"75.5,77.5,80,82.5,82,86,87,86",18.5,76.07,91.96,JiaXipera МM1110Y,28,1
424,424100242149440290424,"76,79.5,81.5,83,85.5,87,84",19.1,76.95,92.93,JiaXipera МM1110Y,28,1
424,424100242149440100424,"75.5,79,82,83.5,85.5,87,87.5,86",19.2,77.1,93.09,JiaXipera МM1110Y,28,1
424,424100242149440360424,"75,77.5,79.5,82,84.5,86.5,88,85.5",19.3,77.25,93.25,JiaXipera МM1110Y,28,1
424,424100242149603170424,"73,76,78,79.5,80.5,81,82.5,81,81.5",17.1,74.01,89.71,JiaXipera МM1110Y,28,1
424,424100242149373430424,"72.5,77,79,80,80.5,81.5,83,81.5",17.1,74.01,89.71,JiaXipera МM1110Y,28,1
424,424100242149440370424,"73,79,80,81.5,83,85.5,86,86.5",19.3,77.25,93.25,JiaXipera МM1110Y,28,1
424,424100242149440380424,"73.5,80.5,84,85,85.5,86.5,89.5,87",19.2,77.1,93.09,JiaXipera МM1110Y,28,1
424,424100242149440400424,"76.5,79,79.5,82,83.5,84.5,85,84",19.1,76.95,92.93,JiaXipera МM1110Y,28,1
424,424100242149440760424,"76,78,81,84,84.5,83,85.5,87",18.7,76.37,92.29,JiaXipera МM1110Y,28,1
424,424100242149496580424,"71,72,78,79.5,80,83,82",18.3,75.78,91.64,JiaXipera МM1110Y,28,1
424,424100242149603440424,"74,75.5,76,77.5,78.5,79,80,82,81",16.7,73.42,89.06,JiaXipera МM1110Y,28,1
424,424100242149497300424,"71.5,75,77.5,78.5,79,80.5,82,81.5",16.9,73.72,89.38,JiaXipera МM1110Y,28,1
424,424100242149440420424,"72,78,79.5,80,82,83,84,83",19.1,76.95,92.93,JiaXipera МM1110Y,28,1
424,424100242149602120424,"76.5,78.5,82,83,81.5,86,84",20.6,79.16,95.35,JiaXipera МM1110Y,28,1
424,424100242149440440424,"76,79,82,83.5,84.5,85.5,87.5,86.5",19.1,76.95,92.93,JiaXipera МM1110Y,28,1
424,424100242149604510424,"74.5,78,79.5,81,82,83.5,86,83.5",18.3,75.78,91.64,JiaXipera МM1110Y,28,1
424,424100242149440450424,"75,79.5,80.5,83,85.5,87,88.5,86",19.0,76.81,92.77,JiaXipera МM1110Y,28,1
424,424100242149436230424,"75.5,76.5,77.5,81.5,83.5,85,87,86.5",19.1,76.95,92.93,JiaXipera МM1110Y,28,1
424,424100242149440470424,"73,77,80,82.5,84.5,86,87,85.5",19.0,76.81,92.77,JiaXipera МM1110Y,28,1
424,424100242149601610424,"80,77.5,80.5,83.5,84.5,85.5,86,88,87.5",20.1,78.43,94.54,JiaXipera МM1110Y,28,1
424,424100242149440480424,"74,77.5,79,83,82.5,84.5,84,85",19.0,76.81,92.77,JiaXipera МM1110Y,28,1
424,424100242149440530424,"71.5,76.5,79,78,80,81,82,81.5",18.8,76.51,92.45,JiaXipera МM1110Y,28,1
424,424100242149601770424,"76,81,82.5,85.5,86,88.5,86.5",20.1,78.43,94.54,JiaXipera МM1110Y,28,1
424,424100242149440540424,"70.5,73.5,77,79.5,79,81,79.5",18.9,76.66,92.61,JiaXipera МM1110Y,28,1
424,424100242149437270424,"74.5,75.5,79,80,81,83,84.5,84",18.4,75.92,91.8,JiaXipera МM1110Y,28,1
424,424100242149440560424,"77.5,79.5,82,82.5,84,85,86.5,86",18.8,76.51,92.45,JiaXipera МM1110Y,28,1
424,424100242149440580424,"76.5,77,80.5,82,84.5,83.5,83",18.7,76.37,92.29,JiaXipera МM1110Y,28,1
424,424100242149440600424,"78.5,81,84,85,87.5,88,90,88",18.7,76.37,92.29,JiaXipera МM1110Y,28,1
424,424100242149603130424,"73.5,74,77.5,79,80,82,81.5",17.2,74.16,89.87,JiaXipera МM1110Y,28,1
424,424100242149497240424,"67.5,74,77.5,78,79,80,82,80.5",17.1,74.01,89.71,JiaXipera МM1110Y,28,1
424,424100242149440670424,"75.5,79.5,81.5,82.5,82,85,83",19.3,77.25,93.25,JiaXipera МM1110Y,28,1
424,424100242149440720424,"73.5,79,80,80.5,81,80.5,82.5,81",18.5,76.07,91.96,JiaXipera МM1110Y,28,1
424,424100242149603050424,"71.5,74,75,76.5,79,80,81,82,83,83.5",17.3,74.3,90.03,JiaXipera МM1110Y,28,1
424,424100242149436850424,"74,79.5,80.5,82,83,83.5,83,84.5,85",18.6,76.22,92.12,JiaXipera МM1110Y,28,1
424,424100242149440780424,"74.5,80.5,81.5,82.5,84.5,85,86.5,85",18.6,76.22,92.12,JiaXipera МM1110Y,28,1
424,424100242149440190424,"73,77,78,79,81.5,83,84,83",19.4,77.4,93.41,JiaXipera МM1110Y,28,1
424,424100242149496590424,"74,77,78.5,80,82,81.5",17.9,75.19,91.0,JiaXipera МM1110Y,28,1
424,424100242149496600424,"73.5,77,78.5,80.5,81,80",17.9,75.19,91.0,JiaXipera МM1110Y,28,1
424,424100242149496610424,"68,72.5,75.5,77,78,80,79.5",17.8,75.04,90.83,JiaXipera МM1110Y,28,1
424,424100242149496620424,"70.5,76,76.5,79.5,79,81.5,82,82.5,84.5",17.8,75.04,90.83,JiaXipera МM1110Y,28,1
424,424100242149496630424,"71,78,81,82.5,85,85.5,86.5,85",17.8,75.04,90.83,JiaXipera МM1110Y,28,1
424,424100242149496640424,"72.5,74.5,77.5,78,79.5,80,78",17.8,75.04,90.83,JiaXipera МM1110Y,28,1
424,424100242149602130424,"73.5,79,82,84.5,85.5,87,86,85",20.8,79.46,95.67,JiaXipera МM1110Y,28,1
424,424100242149496830424,"73.5,78.5,82,83.5,84.5,85.5,87,85.5",18.1,75.48,91.32,JiaXipera МM1110Y,28,1
424,424100242149496650424,"69,75,79.5,80,80.5,82.5,83,82",17.8,75.04,90.83,JiaXipera МM1110Y,28,1
424,424100242149440620424,"74,79,81,82,82.5,83.5,83,83.5,84.5,85.5,85,85.5,86,85.5,86.5,86",18.9,76.66,92.61,JiaXipera МM1110Y,28,1
424,424100242149496660424,"77.5,79.5,80.5,82,83.5,85,84,83.5",17.7,74.89,90.67,JiaXipera МM1110Y,28,1
424,424100242149496710424,"69.5,76,81.5,83.5,85,86.5,86,85",17.8,75.04,90.83,JiaXipera МM1110Y,28,1
424,424100242149496770424,"75,74.5,76,77.5,79,81,78.5",18.2,75.63,91.48,JiaXipera МM1110Y,28,1
424,424100242149496780424,"71.5,75,81,83,85.5,87.5,88.5,87.5",18.2,75.63,91.48,JiaXipera МM1110Y,28,1
424,424100242149496800424,"74,77,79,81.5,82.5,84,85,87",18.1,75.48,91.32,JiaXipera МM1110Y,28,1
424,424100242149438260424,"73,77.5,79,79.5,81,83.5,85,84.5",17.7,74.89,90.67,JiaXipera МM1110Y,28,1
424,424100242149496910424,"73,77,79,81,83.5,85,83",17.6,74.75,90.51,JiaXipera МM1110Y,28,1
424,424100242149438120424,"72.5,75.5,77.5,78,80,78.5,81.5,80.5",17.2,74.16,89.87,JiaXipera МM1110Y,28,1
424,424100242149436380424,"76.5,81,83.5,85.5,86,87.5,89.5,87",18.8,76.51,92.45,JiaXipera МM1110Y,28,1
424,424100242149496980424,"74.5,77.5,80,80.5,81,82.5,83.5,85",17.2,74.16,89.87,JiaXipera МM1110Y,28,1
424,424100242149602170424,"77,83,84.5,85,87,89,88.5,87",20.8,79.46,95.67,JiaXipera МM1110Y,28,1
424,424100242149497030424,"73,76,77,78.5,79.5,81,82.5,81.5",18.1,75.48,91.32,JiaXipera МM1110Y,28,1
424,424100242149497040424,"73.5,76.5,76,78.5,79.5,80,81.5,82",17.2,74.16,89.87,JiaXipera МM1110Y,28,1
424,424100242149497070424,"71,75.5,78.5,79,79.5,81.5,83,82.5",17.0,73.86,89.54,JiaXipera МM1110Y,28,1
424,424100242149497200424,"70,75,78,79.5,80,81.5,82,81",16.9,73.72,89.38,JiaXipera МM1110Y,28,1
424,424100242149603590424,"72.5,76,77,79,80,81,81.5,80.5",16.4,72.98,88.58,JiaXipera МM1110Y,28,1
424,424100242149497120424,"72.5,77.5,78,79,80,82,81",16.9,73.72,89.38,JiaXipera МM1110Y,28,1
424,424100242149497150424,"76,76.5,77.5,78,79.5,81.5,82",16.9,73.72,89.38,JiaXipera МM1110Y,28,1
424,424100242149497510424,"71,77.5,79.5,81,83.5,86,84.5",19.4,77.4,93.41,JiaXipera МM1110Y,28,1
424,424100242149439820424,"74,77.5,76.5,79,78.5,79,81,80",16.3,72.83,88.42,JiaXipera МM1110Y,28,1
424,424100242149497160424,"72.5,78,80.5,81.5,83.5,85.5,84.5",16.9,73.72,89.38,JiaXipera МM1110Y,28,1
424,424100242149497220424,"71.5,77.5,79,80,82,83.5,85.5,84.5",16.8,73.57,89.22,JiaXipera МM1110Y,28,1
424,424100242149497230424,"68.5,71.5,76,76.5,78,79,80,79",16.8,73.57,89.22,JiaXipera МM1110Y,28,1
424,424100242149440110424,"74,77.5,80.5,79.5,82,81",19.3,77.25,93.25,JiaXipera МM1110Y,28,1
424,424100242149497250424,"69.5,73.5,75,76.5,76,77,76",16.8,73.57,89.22,JiaXipera МM1110Y,28,1
424,424100242149602110424,"73,78,85,86.5,88.5,89.5,87.5",20.9,79.6,95.83,JiaXipera МM1110Y,28,1
424,424100242149497260424,"72.5,76.5,77.5,78.5,81,80",16.8,73.57,89.22,JiaXipera МM1110Y,28,1
424,424100242149603140424,"71.5,77.5,79,80,82,83,81.5",17.5,74.6,90.35,JiaXipera МM1110Y,28,1
424,424100242149497270424,"73.5,74.5,75.5,78.5,79.5,80.5,78.5",16.7,73.42,89.06,JiaXipera МM1110Y,28,1
424,424100242149603760424,"72,77,79.5,82.5,84,85,83",18.6,76.22,92.12,JiaXipera МM1110Y,28,1
424,424100242149497280424,"70,74,76,77,79,78.5",16.9,73.72,89.38,JiaXipera МM1110Y,28,1
424,424100242149497390424,"74.5,80.5,83,84.5,86.5,87.5,89.5,88",19.6,77.69,93.74,JiaXipera МM1110Y,28,1
424,424100242149602770424,"75,75.5,80,80.5,82,83.5,84",18.8,76.51,92.45,JiaXipera МM1110Y,28,1
424,424100242149439570424,"72,76,79,80,82,83.5,84.5",16.9,73.72,89.38,JiaXipera МM1110Y,28,1
424,424100242149497400424,"76.5,78,78.5,81,80.5,83.5,84,83",19.6,77.69,93.74,JiaXipera МM1110Y,28,1
424,424100242149497430424,"74,79.5,85,86.5,89,89.5,91,90.5",19.6,77.69,93.74,JiaXipera МM1110Y,28,1
424,424100242149602360424,"77.5,81.5,83,87,90",20.3,78.72,94.87,JiaXipera МM1110Y,28,1
424,424100242149439870424,"70,73.5,76.5,77.5,79,80,78.5",16.3,72.83,88.42,JiaXipera МM1110Y,28,1
424,424100242149497440424,"76,82.5,81.5,83,84.5,87.5,87",19.6,77.69,93.74,JiaXipera МM1110Y,28,1
424,424100242149497470424,"73.5,79,79.5,82,84,84.5,86,86.5",19.5,77.54,93.58,JiaXipera МM1110Y,28,1
424,424100242149602710424,"73.5,76.5,78.5,79.5,80.5,83,84,85.5,85",19.4,77.4,93.41,JiaXipera МM1110Y,28,1
424,424100242149497540424,"77,79.5,81,82,83.5,84.5,85,86.5,89",19.4,77.4,93.41,JiaXipera МM1110Y,28,1
424,424100242149437910424,"71,75,76.5,77,77.5,79,80,80.5,82,80",17.8,75.04,90.83,JiaXipera МM1110Y,28,1
424,424100242149497550424,"73,78,82.5,84,86,88.5,87,88.5",19.4,77.4,93.41,JiaXipera МM1110Y,28,1
424,424100242149602820424,"85,88.5,92.5,95,96,97,99,98.5",18.5,76.07,91.96,NS,NS,0
424,424100242149601550424,"72.5,69.5,67,67.5,68.5,69.5,67.5",20.2,78.57,94.7,NS,NS,0
424,424100242149373800424,"76.5,80,81.5,82.5,85,86,87.5,88",15.4,71.51,86.96,NS,NS,0
424,424100242149373830424,"76.5,82.5,85,86.5,87,89.5,91,89",15.5,71.66,87.13,NS,NS,0
424,424100242149439620424,"71.5,76,77.5,78,79,80,82,72.5",16.7,73.42,89.06,NS,NS,0
424,424100242149439680424,"72.5,77.5,78.5,79,82,81,81.5,72.5",16.6,73.27,88.9,NS,NS,0
999,999999,"69.7,71.4,73.3,73.1,74.3,72.9",20.7,999.0,999.0,999,999,0
999,999999,"79.0,82.8,85.8,88.9,91.2,90.9,91.1,15.0,92.7",16.9,999.0,999.0,999,999,0
999,999999,"112.1,113.2,116.0,118.0,119.6,120.0",22.1,999.0,999.0,999,999,0
999,999999,"82.1,87.3,90.2,90.4,88.4,89.2,89.9",25.5,999.0,999.0,999,999,0
999,999999,"57.4,59.4,60.1,64.6,66.4,72.8,78.9",20.8,999.0,999.0,999,999,0
999,999999,"95.2,186.5,98.7,98.7,99.0,98.7,98.1,98.1,99.6,101.5",24.0,999.0,999.0,999,999,0
999,999999,"62.8,65.8,66.7,68.1,71.6,120.4,75.9,77.6,78.7,81.2",23.2,999.0,999.0,999,999,0
999,999999,"91.4,97.3,99.1,96.7,98.0",22.8,999.0,999.0,999,999,0
999,999999,"107.7,111.1,110.6,111.1,109.5,110.3,111.0",16.8,999.0,999.0,999,999,0
999,999999,"106.8,114.7,112.8,111.6,112.7",30.5,999.0,999.0,999,999,0
999,999999,"25.1,99.1,99.3,101.0,102.1,103.4,104.1,107.1,107.9",10.6,999.0,999.0,999,999,0
999,999999,"97.2,97.9,103.9,105.2,106.6,109.5,110.0,110.7",29.2,999.0,999.0,999,999,0
999,999999,"71.7,72.9,71.8,72.7,148.3,76.5,77.5",25.3,999.0,999.0,999,999,0
999,999999,"126.0,88.6,91.1,95.6,24.1,98.5,100.2,101.0,102.4,104.5",18.8,999.0,999.0,999,999,0
999,999999,"110.6,110.2,107.9,109.2,110.2,113.1,112.0,114.6,114.4,115.5",21.7,999.0,999.0,999,999,0
999,999999,"90.7,94.4,96.7,98.1,102.6",24.0,999.0,999.0,999,999,0
999,999999,"68.6,73.4,76.5,78.0,79.0,79.1,80.2,82.5",34.9,999.0,999.0,999,999,0
999,999999,"88.0,94.6,98.6,26.2,101.8,104.7",13.0,999.0,999.0,999,999,0
999,999999,"94.0,94.8,98.3,22.0,100.4",17.0,999.0,999.0,999,999,0
999,999999,"89.3,92.7,95.1,95.3,97.0,97.5,98.5,99.4,106.6,106.8",26.3,999.0,999.0,999,999,0
999,999999,"75.1,73.6,76.2,77.5,78.3,80.4,81.0,82.5",33.6,999.0,999.0,999,999,0
999,999999,"91.2,94.2,97.5,100.1,140.7",33.6,999.0,999.0,999,999,0
999,999999,"70.2,72.0,74.1,71.8,73.1,79.6,79.0,77.5",13.2,999.0,999.0,999,999,0
999,999999,"106.1,108.3,109.4,110.4,112.1",20.9,999.0,999.0,999,999,0
999,999999,"72.6,73.7,73.9,74.7,75.9,75.8,82.3",18.1,999.0,999.0,999,999,0
999,999999,"80.1,80.9,86.4,87.7,88.4,91.0",31.4,999.0,999.0,999,999,0
999,999999,"92.3,92.6,92.2,92.1,95.8,96.2",34.4,999.0,999.0,999,999,0
999,999999,"95.8,95.7,98.2,99.6,98.7,100.4,103.2,104.2,105.3",31.5,999.0,999.0,999,999,0
999,999999,"75.4,78.1,82.1,84.8,86.5,88.9,89.9,90.5,116.6",20.0,999.0,999.0,999,999,0
999,999999,"103.9,105.9,106.2,108.6,109.7,112.6",18.4,999.0,999.0,999,999,0
999,999999,"89.4,96.6,95.4,94.5,94.1,96.3,97.1",32.6,999.0,999.0,999,999,0
999,999999,"96.2,100.4,105.9,104.8,106.0",18.7,999.0,999.0,999,999,0
999,999999,"89.3,92.5,93.8,94.3,95.1,93.0,95.1,97.8,100.3,97.1",28.6,999.0,999.0,999,999,0
999,999999,"112.8,114.9,113.3,114.3,114.0,114.2,113.7,117.8",27.4,999.0,999.0,999,999,0
999,999999,"98.9,101.3,103.6,105.3,110.6",10.5,999.0,999.0,999,999,0
999,999999,"72.7,70.1,71.2,74.2,74.3,76.3,76.6,76.3,77.5",18.2,999.0,999.0,999,999,0
999,999999,"98.6,97.5,100.6,27.0,102.6",26.4,999.0,999.0,999,999,0
999,999999,"108.1,110.0,110.7,111.0,111.8,109.2",16.8,999.0,999.0,999,999,0
999,999999,"93.5,93.9,99.0,101.4,103.6,106.0,107.0,108.4,111.6,115.8",31.2,999.0,999.0,999,999,0
999,999999,"68.8,131.6,70.4,74.8,23.9,82.2",16.3,999.0,999.0,999,999,0
999,999999,"87.7,88.3,90.1,91.7,94.2",23.5,999.0,999.0,999,999,0
999,999999,"87.6,23.8,88.7,92.1,92.3,93.6,92.2,96.0",19.2,999.0,999.0,999,999,0
999,999999,"87.2,25.4,90.9,92.3,93.3,94.2,92.7,92.8,94.1",33.4,999.0,999.0,999,999,0
999,999999,"74.8,73.7,74.9,75.8,76.9",29.0,999.0,999.0,999,999,0
999,999999,"61.7,62.3,65.1,64.9,70.8,71.8,118.3,74.4,79.3",13.6,999.0,999.0,999,999,0
999,999999,"70.2,77.5,75.9,77.2,80.3,82.6",18.1,999.0,999.0,999,999,0
999,999999,"56.2,59.5,62.0,64.5,66.3,67.1,71.8,71.3",10.2,999.0,999.0,999,999,0
999,999999,"74.7,76.1,29.3,75.5,77.2,74.4,75.3,80.4,82.4",11.2,999.0,999.0,999,999,0
999,999999,"75.0,73.6,76.1,77.9,76.0",26.6,999.0,999.0,999,999,0
999,999999,"101.3,103.4,106.0,106.8,107.8,108.7,108.5,108.3",12.6,999.0,999.0,999,999,0
999,999999,"19.2,98.9,100.5,102.3,100.4,100.3",17.6,999.0,999.0,999,999,0
999,999999,"110.3,140.6,114.4,115.4,121.1,118.8,115.4,116.5",28.1,999.0,999.0,999,999,0
999,999999,"75.0,74.1,77.5,79.8,79.3",23.4,999.0,999.0,999,999,0
999,999999,"71.8,72.3,78.6,81.5,81.6",26.2,999.0,999.0,999,999,0
999,999999,"98.5,101.4,104.4,107.9,109.6,109.8,108.6,112.6,113.9",29.4,999.0,999.0,999,999,0
999,999999,"104.5,104.8,104.8,106.0,108.5,109.7,111.2,110.8,116.7",15.2,999.0,999.0,999,999,0
999,999999,"105.2,105.2,110.5,111.2,110.9,114.0,115.3,114.0",24.6,999.0,999.0,999,999,0
999,999999,"68.3,68.3,69.6,74.0,76.8,81.7,80.9,82.6,84.7,88.1",11.8,999.0,999.0,999,999,0
999,999999,"111.1,113.4,116.5,115.2,113.3,111.9,114.3",30.1,999.0,999.0,999,999,0
999,999999,"60.2,64.1,66.5,66.7,71.6,157.6,73.9,74.4,76.8",17.9,999.0,999.0,999,999,0
999,999999,"77.5,80.8,81.3,82.6,84.9,85.3,85.8,87.5,85.1",34.9,999.0,999.0,999,999,0
999,999999,"97.9,99.3,99.3,106.1,107.8,178.9,109.0,111.1,115.0",11.2,999.0,999.0,999,999,0
999,999999,"85.0,84.5,84.8,86.2,86.3,86.8,87.0,88.0,89.7",17.5,999.0,999.0,999,999,0
999,999999,"78.9,79.6,81.2,84.1,85.0,90.9,166.4,94.2,96.6",33.7,999.0,999.0,999,999,0
999,999999,"91.2,92.8,94.4,96.6,97.3",18.0,999.0,999.0,999,999,0
999,999999,"79.6,80.3,83.9,85.8,90.2,93.9,98.0,99.0,101.9",14.4,999.0,999.0,999,999,0
999,999999,"84.5,83.4,84.2,82.5,84.5,88.4,89.4",30.4,999.0,999.0,999,999,0
999,999999,"68.0,64.6,69.9,70.6,72.1,73.7,76.4,76.9",14.7,999.0,999.0,999,999,0
999,999999,"76.8,77.1,79.3,80.4,78.4,78.1,80.9",33.4,999.0,999.0,999,999,0
999,999999,"93.9,98.7,99.4,102.4,104.3,105.1,107.2",23.7,999.0,999.0,999,999,0
999,999999,"64.9,64.4,68.0,70.1,74.1,75.9,76.0",20.4,999.0,999.0,999,999,0
999,999999,"89.9,90.3,92.3,92.8,94.0,96.4,96.7,98.4,100.3",19.6,999.0,999.0,999,999,0
999,999999,"138.7,75.7,75.2,76.9,78.8",12.8,999.0,999.0,999,999,0
999,999999,"97.7,98.0,101.2,102.7,107.2",14.1,999.0,999.0,999,999,0
999,999999,"100.5,101.8,103.3,105.7,107.6,108.6,110.8,115.6,119.2,119.9",16.4,999.0,999.0,999,999,0
999,999999,"77.3,79.3,78.8,79.0,80.3,83.3,80.7",15.1,999.0,999.0,999,999,0
999,999999,"64.0,65.2,155.3,67.2,74.3,74.0",12.1,999.0,999.0,999,999,0
999,999999,"85.6,85.3,86.6,86.6,91.5,92.6,95.6,95.2,99.2",17.4,999.0,999.0,999,999,0
999,999999,"92.7,93.6,93.4,96.5,101.1,103.4",30.4,999.0,999.0,999,999,0
999,999999,"108.5,108.7,109.9,109.7,110.0,110.6",31.7,999.0,999.0,999,999,0
999,999999,"72.6,76.3,79.4,80.0,76.9,75.7,75.3",25.4,999.0,999.0,999,999,0
999,999999,"98.8,100.0,99.3,102.0,105.3,173.5,107.9",18.0,999.0,999.0,999,999,0
999,999999,"93.6,16.5,100.4,102.0,102.2,104.4,105.6,107.6",33.1,999.0,999.0,999,999,0
999,999999,"79.9,80.6,81.7,82.0,85.5",27.6,999.0,999.0,999,999,0
999,999999,"70.0,74.5,76.0,77.6,81.6,83.7,182.8,90.5",17.3,999.0,999.0,999,999,0
999,999999,"104.0,103.4,103.9,105.6,103.9,105.4,106.1,107.0,107.0,112.5",19.3,999.0,999.0,999,999,0
999,999999,"74.8,76.4,80.9,81.4,80.8,78.4,80.7,82.4",27.7,999.0,999.0,999,999,0
999,999999,"60.3,63.5,67.5,67.6,68.1,72.0,73.1,75.5,76.6,76.6",26.8,999.0,999.0,999,999,0
999,999999,"78.3,79.8,83.1,86.0,85.1,87.0,89.8,87.8,88.6,91.5",16.1,999.0,999.0,999,999,0
999,999999,"100.6,100.8,101.6,101.4,98.9,100.7",12.3,999.0,999.0,999,999,0
999,999999,"56.1,58.5,61.0,62.8,64.8,66.7,68.8,70.7",22.8,999.0,999.0,999,999,0
999,999999,"68.9,68.2,66.5,164.0,70.8,72.4,72.5,74.8",32.7,999.0,999.0,999,999,0
999,999999,"82.3,83.8,90.4,93.0,93.6,94.4,95.5",20.8,999.0,999.0,999,999,0
999,999999,"88.1,89.8,94.3,98.4,100.2,102.4,108.1,108.5,108.7",17.8,999.0,999.0,999,999,0
999,999999,"170.5,80.0,78.3,75.9,76.4,75.5,75.2,74.6",28.4,999.0,999.0,999,999,0
999,999999,"98.9,100.4,101.9,107.8,109.2,110.5,111.2,112.6",19.2,999.0,999.0,999,999,0
999,999999,"111.2,114.6,112.6,114.3,111.9,110.8",18.1,999.0,999.0,999,999,0
999,999999,"80.1,84.2,87.4,90.0,91.2,93.5,92.9,93.8",17.5,999.0,999.0,999,999,0
999,999999,"83.1,82.8,81.7,84.3,85.0",28.4,999.0,999.0,999,999,0
999,999999,"63.4,67.3,67.8,67.4,71.8,73.9",11.9,999.0,999.0,999,999,0
999,999999,"103.5,103.7,105.9,26.5,108.7,109.7,110.0,111.4,114.9",34.5,999.0,999.0,999,999,0
999,999999,"93.6,93.6,96.8,101.4,101.6,105.3,106.4,109.1,109.9,154.4",28.2,999.0,999.0,999,999,0
999,999999,"87.1,88.9,90.3,87.9,88.6,88.8,91.6,93.5",11.6,999.0,999.0,999,999,0
999,999999,"83.4,86.2,87.8,93.3,93.2,94.4,96.4",17.1,999.0,999.0,999,999,0
999,999999,"59.4,60.6,62.7,63.3,63.2,63.4,66.4,71.1,72.3,74.0",18.1,999.0,999.0,999,999,0
999,999999,"71.2,69.3,72.3,74.3,72.8,76.6,79.5,79.8,80.0,81.5",15.6,999.0,999.0,999,999,0
999,999999,"98.4,131.4,100.8,103.3,103.2,109.4,111.3,112.3,113.2",15.1,999.0,999.0,999,999,0
999,999999,"104.5,106.3,105.4,104.1,106.1,108.0,107.5,105.9,107.6,109.1",32.9,999.0,999.0,999,999,0
999,999999,"70.1,71.4,73.9,74.9,80.5,82.5",18.5,999.0,999.0,999,999,0
999,999999,"69.3,68.8,69.8,180.8,73.0,71.9,72.6,74.8,77.6,78.3",22.8,999.0,999.0,999,999,0
999,999999,"102.5,104.6,102.2,104.1,106.1,107.4,108.5,111.1",23.6,999.0,999.0,999,999,0
999,999999,"90.8,90.7,94.1,95.3,95.4,96.8",27.4,999.0,999.0,999,999,0
999,999999,"103.3,106.9,110.5,108.1,110.8,112.4,103.6,106.4",18.6,999.0,999.0,999,999,0
999,999999,"95.6,94.1,95.2,97.0,98.5,98.9,101.9,102.6,103.9",12.9,999.0,999.0,999,999,0
999,999999,"59.4,61.3,62.1,67.5,68.2,69.5,73.3",31.4,999.0,999.0,999,999,0
999,999999,"91.4,92.8,93.8,94.9,100.9,100.7,24.9,101.4,104.4",13.2,999.0,999.0,999,999,0
999,999999,"109.8,109.7,112.4,114.3,115.0,116.4,119.3,119.1",34.4,999.0,999.0,999,999,0
999,999999,"91.2,92.1,91.9,93.5,95.0",33.5,999.0,999.0,999,999,0
999,999999,"70.6,73.7,80.2,80.4,81.0,82.1,84.9,86.8",21.9,999.0,999.0,999,999,0
999,999999,"80.9,81.4,79.3,80.0,80.3,80.3",14.3,999.0,999.0,999,999,0
999,999999,"71.0,72.1,72.1,17.8,73.2,77.2,78.5,81.5,82.4",31.9,999.0,999.0,999,999,0
999,999999,"65.2,66.5,68.9,70.2,70.5,198.0,73.6",27.3,999.0,999.0,999,999,0
999,999999,"95.1,93.5,95.1,98.3,99.2,101.9,101.5",17.1,999.0,999.0,999,999,0
999,999999,"67.5,67.7,68.8,69.3,161.9,75.2,77.6",25.5,999.0,999.0,999,999,0
999,999999,"78.2,77.9,78.7,81.7,84.1,87.1,88.5,90.9",33.4,999.0,999.0,999,999,0
999,999999,"74.9,76.6,72.9,73.2,74.4,75.8,78.1,80.4",32.6,999.0,999.0,999,999,0
999,999999,"100.7,102.1,104.0,103.8,104.8,196.2,112.8,115.3,118.5",26.8,999.0,999.0,999,999,0
999,999999,"100.0,99.1,24.3,101.5,102.8,104.9",30.4,999.0,999.0,999,999,0
999,999999,"76.5,79.6,76.5,79.2,79.2",22.8,999.0,999.0,999,999,0
999,999999,"70.0,71.4,71.8,69.7,70.6,71.7,70.5",18.0,999.0,999.0,999,999,0
999,999999,"112.7,148.8,117.6,118.5,119.9",13.0,999.0,999.0,999,999,0
999,999999,"78.2,80.5,82.8,84.4,88.6,90.8,91.9,98.2,99.6,99.8",21.0,999.0,999.0,999,999,0
999,999999,"97.8,100.5,105.0,107.7,106.6,111.3,110.0,110.2",31.7,999.0,999.0,999,999,0
999,999999,"106.2,108.7,109.2,113.0,109.5,110.9,113.5,113.1,120.9,118.3",11.8,999.0,999.0,999,999,0
999,999999,"93.6,95.8,97.4,98.2,105.3,156.1,106.6",23.7,999.0,999.0,999,999,0
999,999999,"79.6,80.3,80.6,81.1,81.5,83.0,86.7,89.6,87.3",15.5,999.0,999.0,999,999,0
999,999999,"75.0,77.4,78.7,80.2,82.2",29.6,999.0,999.0,999,999,0
999,999999,"79.9,81.7,84.5,85.6,88.1",12.3,999.0,999.0,999,999,0
999,999999,"65.7,66.9,180.6,70.8,74.1,75.1,75.0,77.7,78.7,82.0",11.6,999.0,999.0,999,999,0
999,999999,"80.8,81.1,83.0,83.1,85.8,81.8",11.5,999.0,999.0,999,999,0
999,999999,"65.0,66.7,67.1,69.0,70.4,72.8,76.2,76.1,79.3,80.4",16.1,999.0,999.0,999,999,0
999,999999,"83.2,87.4,88.3,90.1,91.9,92.7",30.5,999.0,999.0,999,999,0
999,999999,"92.1,92.9,93.4,94.5,94.5,96.8,99.5,97.8,98.4,29.7",32.4,999.0,999.0,999,999,0
999,999999,"104.8,105.7,105.7,108.5,108.8,108.1",19.7,999.0,999.0,999,999,0
999,999999,"122.3,89.8,90.9,96.8,96.0,96.5,99.0,101.3,101.6,103.6",10.7,999.0,999.0,999,999,0
999,999999,"89.6,90.6,91.6,92.2,94.2",11.7,999.0,999.0,999,999,0
999,999999,"100.7,103.7,102.8,104.7,106.2",12.1,999.0,999.0,999,999,0
999,999999,"73.1,74.4,77.2,78.5,78.4,84.1,87.8,91.2,96.7",32.0,999.0,999.0,999,999,0
999,999999,"99.9,119.0,104.0,105.5,104.1,104.2,106.2,105.9,105.7,104.7",11.5,999.0,999.0,999,999,0
999,999999,"73.1,76.0,76.3,78.1,80.1,80.4,81.8,79.5",27.4,999.0,999.0,999,999,0
999,999999,"110.6,111.3,114.8,117.9,116.2,117.6,118.9",10.9,999.0,999.0,999,999,0
999,999999,"104.4,104.9,107.5,109.5,108.3",22.0,999.0,999.0,999,999,0
999,999999,"66.5,65.2,66.2,70.8,72.4,71.4",14.5,999.0,999.0,999,999,0
999,999999,"83.0,81.7,83.1,84.5,89.4,90.2,96.1",11.3,999.0,999.0,999,999,0
999,999999,"80.3,81.7,82.6,107.9,87.0",31.2,999.0,999.0,999,999,0
999,999999,"98.4,99.2,99.6,100.8,102.3,104.1,104.6,106.8,110.8",20.7,999.0,999.0,999,999,0
999,999999,"69.0,73.4,73.3,74.6,76.3,78.9,83.6,81.1",10.0,999.0,999.0,999,999,0
999,999999,"104.9,102.7,107.0,108.5,109.9,111.6,112.8,113.1,152.6,115.9",31.9,999.0,999.0,999,999,0
999,999999,"70.3,72.5,73.2,72.7,20.3,80.6,82.1",25.8,999.0,999.0,999,999,0
999,999999,"105.3,105.8,107.1,110.0,111.5,115.7",16.4,999.0,999.0,999,999,0
999,999999,"106.8,131.4,110.5,109.9,109.3,110.1,116.4,116.0",20.6,999.0,999.0,999,999,0
999,999999,"99.5,100.9,101.7,102.5,104.4,186.1,110.8",17.2,999.0,999.0,999,999,0
999,999999,"73.4,73.6,73.3,75.0,73.4,76.6",28.1,999.0,999.0,999,999,0
999,999999,"174.3,96.7,97.8,99.8,101.9,106.5,111.3,114.2",12.6,999.0,999.0,999,999,0
999,999999,"86.9,87.6,91.2,97.5,99.5,100.9,99.1,99.0,98.3",28.6,999.0,999.0,999,999,0
999,999999,"99.7,96.4,96.6,103.8,104.1,109.4,111.1,109.0,110.6",31.7,999.0,999.0,999,999,0
999,999999,"65.8,68.2,71.1,72.2,72.5",12.2,999.0,999.0,999,999,0
999,999999,"73.2,73.5,73.5,75.2,77.7,77.6,77.2,77.7",11.1,999.0,999.0,999,999,0
999,999999,"88.0,114.8,91.6,93.0,95.6,102.4,107.3,111.8",30.1,999.0,999.0,999,999,0
999,999999,"66.6,69.3,71.7,72.5,73.1,78.3,79.7",20.7,999.0,999.0,999,999,0
999,999999,"78.6,78.4,77.8,75.9,73.5,143.0,79.4,79.3",13.2,999.0,999.0,999,999,0
999,999999,"94.5,95.2,97.1,96.9,100.2,101.8,99.7",25.5,999.0,999.0,999,999,0
999,999999,"110.1,110.5,111.2,110.1,108.4,107.8,107.2,130.5",33.4,999.0,999.0,999,999,0
999,999999,"138.9,63.2,63.9,64.7,64.6,70.8,72.0",21.8,999.0,999.0,999,999,0
999,999999,"22.1,68.8,70.3,69.9,72.0,75.7",20.9,999.0,999.0,999,999,0
999,999999,"66.3,68.0,69.9,71.7,72.9,74.4",27.2,999.0,999.0,999,999,0
999,999999,"85.3,84.8,84.8,84.9,86.1,86.1,89.6",22.5,999.0,999.0,999,999,0
999,999999,"117.3,117.4,116.4,115.5,116.6",28.1,999.0,999.0,999,999,0
999,999999,"90.6,94.3,95.1,95.8,98.8,100.2",24.0,999.0,999.0,999,999,0
999,999999,"73.7,76.0,79.9,87.3,86.2,88.1,91.3,90.4,93.4,94.0",21.8,999.0,999.0,999,999,0
999,999999,"65.0,66.4,67.7,69.8,71.8",23.5,999.0,999.0,999,999,0
999,999999,"86.4,88.5,91.6,94.2,91.9",29.3,999.0,999.0,999,999,0
999,999999,"106.7,106.5,107.5,111.1,112.4,115.2,115.5,117.4",24.9,999.0,999.0,999,999,0
999,999999,"93.8,95.9,96.2,98.9,101.2,102.7",12.5,999.0,999.0,999,999,0
999,999999,"83.0,81.0,128.6,86.2,30.0,86.8",30.2,999.0,999.0,999,999,0
999,999999,"28.2,173.2,93.2,95.5,97.3,98.4,101.6,101.9",23.9,999.0,999.0,999,999,0
999,999999,"71.8,73.5,100.6,76.7,74.7,26.5,76.3,77.2,77.8,79.2",21.0,999.0,999.0,999,999,0
999,999999,"78.6,79.9,79.6,83.2,86.5,85.5,87.1",16.7,999.0,999.0,999,999,0
999,999999,"93.7,94.8,161.9,99.9,96.9,100.0,21.5",30.9,999.0,999.0,999,999,0
999,999999,"107.2,108.4,109.9,110.7,109.3",26.3,999.0,999.0,999,999,0
999,999999,"68.2,72.6,77.0,75.5,75.5,75.1,76.0,74.7,75.5",34.8,999.0,999.0,999,999,0
999,999999,"91.9,93.6,95.0,96.3,99.0,101.9,104.3,103.2,103.5",22.2,999.0,999.0,999,999,0
999,999999,"96.0,98.4,98.7,99.0,100.2,102.5",25.0,999.0,999.0,999,999,0
999,999999,"77.3,75.6,79.8,83.5,85.2",11.9,999.0,999.0,999,999,0
999,999999,"89.5,90.6,93.8,96.0,27.8,97.4,99.1,100.8,102.1",20.9,999.0,999.0,999,999,0
999,999999,"69.9,73.0,74.9,15.7,76.1,77.6,79.2,81.9",34.6,999.0,999.0,999,999,0
999,999999,"92.6,95.0,95.9,94.5,96.5,97.0,98.4,99.4,149.4",24.0,999.0,999.0,999,999,0
999,999999,"123.3,65.7,66.9,67.6,67.6,69.0,70.0,71.2,72.4,76.6",19.4,999.0,999.0,999,999,0
999,999999,"64.9,21.9,68.4,69.1,70.0,72.0,71.9",24.8,999.0,999.0,999,999,0
999,999999,"96.4,96.5,91.0,92.7,95.0,98.2",21.7,999.0,999.0,999,999,0
999,999999,"95.7,98.6,100.2,102.7,103.2,105.2,107.2,109.4,111.7,114.9",31.6,999.0,999.0,999,999,0
999,999999,"82.0,82.8,84.0,84.5,86.1,88.1,88.9,87.9,88.9,89.5",17.8,999.0,999.0,999,999,0
999,999999,"98.5,98.3,96.9,96.4,96.9,98.1,102.3",34.2,999.0,999.0,999,999,0
999,999999,"96.5,97.4,102.4,106.0,106.0,107.1,108.4,108.6",26.8,999.0,999.0,999,999,0
999,999999,"60.7,65.2,67.5,71.6,74.5,76.5",26.5,999.0,999.0,999,999,0
999,999999,"108.5,108.0,106.0,106.8,105.2,105.9,105.9,104.7,105.1,105.7",29.5,999.0,999.0,999,999,0
999,999999,"67.4,74.0,77.1,77.2,76.8,77.2,78.4",33.3,999.0,999.0,999,999,0
999,999999,"108.8,109.3,110.2,109.9,107.6,108.5,108.6,109.5,109.6",17.4,999.0,999.0,999,999,0
999,999999,"86.9,90.3,89.7,93.0,93.4",32.4,999.0,999.0,999,999,0
999,999999,"85.3,85.9,85.9,88.1,90.7",20.4,999.0,999.0,999,999,0
999,999999,"105.9,107.4,109.8,111.7,116.7,118.7",10.3,999.0,999.0,999,999,0
999,999999,"76.8,78.5,79.7,81.0,81.0,81.8,82.5,84.4",22.0,999.0,999.0,999,999,0
999,999999,"108.3,111.2,111.3,112.7,114.1,115.7,118.1,117.9",15.8,999.0,999.0,999,999,0
999,999999,"111.3,113.6,114.1,115.0,117.3,117.6",14.9,999.0,999.0,999,999,0
999,999999,"77.4,81.7,83.5,81.0,81.6,83.0,81.9,80.9,81.1,82.6",10.6,999.0,999.0,999,999,0
999,999999,"116.5,119.6,120.7,119.5,122.0,123.4,122.4,160.1,120.0",19.9,999.0,999.0,999,999,0
999,999999,"95.5,102.0,100.5,101.8,104.5,109.5,109.1,107.8,108.2,110.4",25.0,999.0,999.0,999,999,0
999,999999,"68.3,69.7,70.4,71.5,73.6,75.8,76.9,78.0",33.0,999.0,999.0,999,999,0
999,999999,"86.8,87.1,84.9,85.0,86.9,90.8",19.9,999.0,999.0,999,999,0
999,999999,"80.1,82.6,80.8,82.1,83.3,83.3,85.5,85.4,86.2",32.9,999.0,999.0,999,999,0
999,999999,"64.0,65.3,67.2,68.8,67.5,68.1,70.1",22.9,999.0,999.0,999,999,0
999,999999,"68.9,70.7,74.2,77.4,79.0,80.3,78.8,85.0,89.4",12.7,999.0,999.0,999,999,0
999,999999,"72.7,71.4,70.7,71.7,74.3,75.2,72.8",13.7,999.0,999.0,999,999,0
999,999999,"71.2,75.0,73.7,76.2,78.5",29.5,999.0,999.0,999,999,0
999,999999,"73.9,76.6,78.2,80.7,82.6,22.8,85.3,86.8,87.9",24.1,999.0,999.0,999,999,0
999,999999,"115.1,114.5,115.2,113.9,117.7",21.0,999.0,999.0,999,999,0
999,999999,"108.1,115.0,115.4,116.0,115.0",34.5,999.0,999.0,999,999,0
999,999999,"71.4,72.0,26.4,71.4,72.7,72.1",28.4,999.0,999.0,999,999,0
999,999999,"100.4,101.4,104.3,105.3,106.1,107.5",13.3,999.0,999.0,999,999,0
999,999999,"100.4,101.4,103.4,103.8,109.1,108.0,106.6,102.4,103.0,104.6",15.5,999.0,999.0,999,999,0
999,999999,"80.1,80.1,85.7,86.6,88.1,89.7,88.9",21.3,999.0,999.0,999,999,0
999,999999,"86.0,88.8,93.9,95.4,96.5,96.6,100.0",18.8,999.0,999.0,999,999,0
999,999999,"83.4,84.7,84.2,86.2,88.2,24.1,90.2,93.7,98.5",28.6,999.0,999.0,999,999,0
999,999999,"103.1,94.6,96.8,139.1,97.3,98.5,100.8,102.5,105.4,108.5",11.1,999.0,999.0,999,999,0
999,999999,"53.6,55.0,57.6,58.2,64.6,68.8,74.4,76.1,78.1,77.0",20.8,999.0,999.0,999,999,0
999,999999,"106.5,106.0,108.5,110.1,110.3",19.5,999.0,999.0,999,999,0
999,999999,"79.6,81.0,83.9,87.9,151.4,90.9,94.2,95.8",19.0,999.0,999.0,999,999,0
999,999999,"97.7,98.2,100.7,101.7,101.4,101.8,102.1,103.6,106.4",26.2,999.0,999.0,999,999,0
999,999999,"118.0,119.1,119.5,119.5,119.1,119.6",24.6,999.0,999.0,999,999,0
999,999999,"106.5,106.4,108.8,110.4,111.4,112.5,198.4,113.0,112.5",27.8,999.0,999.0,999,999,0
999,999999,"111.3,113.5,113.1,115.5,119.2",24.6,999.0,999.0,999,999,0
999,999999,"107.5,110.4,112.8,113.6,114.3",28.7,999.0,999.0,999,999,0
999,999999,"104.0,106.5,108.1,112.4,114.4,115.1",30.1,999.0,999.0,999,999,0
999,999999,"93.1,97.9,97.5,99.6,100.4",10.9,999.0,999.0,999,999,0
999,999999,"88.6,89.9,90.6,92.0,94.4,94.8,94.9,97.1,98.9,99.8",22.9,999.0,999.0,999,999,0
999,999999,"89.5,91.2,92.5,95.8,98.3",20.1,999.0,999.0,999,999,0
999,999999,"66.3,66.9,66.1,63.8,65.3,66.0,69.9,72.2",18.3,999.0,999.0,999,999,0
999,999999,"88.4,89.4,91.8,92.7,95.2,100.9,102.6",13.4,999.0,999.0,999,999,0
999,999999,"82.7,82.8,85.8,90.5,93.0,91.6,88.8,90.2",16.2,999.0,999.0,999,999,0
999,999999,"93.0,93.4,93.8,96.0,101.3,102.5,102.6,103.6",26.6,999.0,999.0,999,999,0
999,999999,"86.3,89.0,89.4,90.7,93.1,97.0,97.6,96.2",31.6,999.0,999.0,999,999,0
999,999999,"104.2,102.8,105.1,106.9,107.9,108.4,110.5,110.5,111.3",14.4,999.0,999.0,999,999,0
999,999999,"64.2,65.2,63.8,65.7,65.8,66.1,70.3,74.3",32.7,999.0,999.0,999,999,0
999,999999,"75.3,76.2,77.4,76.2,77.3,79.2",30.0,999.0,999.0,999,999,0
999,999999,"63.7,66.6,66.2,68.1,69.4,70.6,71.4,73.0,75.1",15.2,999.0,999.0,999,999,0
999,999999,"102.4,101.4,103.1,107.1,106.8,110.6",26.3,999.0,999.0,999,999,0
999,999999,"72.0,127.1,77.3,82.2,82.7,79.5,82.4,87.9",24.7,999.0,999.0,999,999,0
999,999999,"93.9,94.3,95.3,102.9,102.6,100.7,100.7,101.7,103.7",24.1,999.0,999.0,999,999,0
999,999999,"83.4,84.0,90.4,88.1,90.2,92.9,93.8,95.5",24.9,999.0,999.0,999,999,0
999,999999,"77.0,76.8,76.9,74.0,79.6,83.1,83.4,87.4",29.4,999.0,999.0,999,999,0
999,999999,"56.5,60.0,62.4,62.7,64.3,66.8,68.0,72.2,73.5,78.2",13.3,999.0,999.0,999,999,0
999,999999,"83.5,84.9,85.6,87.1,172.6,90.1,90.0,91.9,92.5,94.1",21.9,999.0,999.0,999,999,0
999,999999,"74.3,171.2,78.2,81.9,81.6,82.3",22.2,999.0,999.0,999,999,0
999,999999,"112.0,113.4,114.5,118.2,120.5,120.8,120.7,120.9,119.2,119.0",19.7,999.0,999.0,999,999,0
999,999999,"82.4,82.6,82.7,84.9,84.2,83.7",24.4,999.0,999.0,999,999,0
999,999999,"78.0,76.9,81.0,80.8,83.3,82.7,84.9,86.9,88.3,88.4",33.5,999.0,999.0,999,999,0
999,999999,"85.9,86.4,87.1,88.4,137.6,89.6,94.2",29.1,999.0,999.0,999,999,0
999,999999,"104.6,105.6,107.4,113.6,114.1,113.6,113.1,113.7",19.3,999.0,999.0,999,999,0
999,999999,"88.1,29.5,89.6,91.8,90.0,88.3,90.2,91.3",25.4,999.0,999.0,999,999,0
999,999999,"77.7,77.5,77.6,77.4,81.9,83.4,84.5,85.7,83.5,84.7",21.8,999.0,999.0,999,999,0
999,999999,"70.9,29.5,71.8,73.1,74.1,76.6,77.3,79.6",27.8,999.0,999.0,999,999,0
999,999999,"97.9,100.4,100.9,103.9,104.0,101.1",30.0,999.0,999.0,999,999,0
999,999999,"109.6,109.1,109.4,108.9,110.8,110.4,112.5,113.0,116.5",35.0,999.0,999.0,999,999,0
999,999999,"84.9,87.8,89.9,92.4,94.6,95.2",15.5,999.0,999.0,999,999,0
999,999999,"107.4,110.1,111.9,114.2,115.3,116.8,117.3",14.7,999.0,999.0,999,999,0
999,999999,"88.3,89.8,91.7,92.8,94.3",19.7,999.0,999.0,999,999,0
999,999999,"80.4,81.2,79.8,87.4,89.1,94.4,96.2",23.7,999.0,999.0,999,999,0
999,999999,"82.1,86.0,83.4,86.1,88.1,79.3,80.2,81.9,83.3,88.1",24.2,999.0,999.0,999,999,0
999,999999,"59.7,60.8,62.5,62.8,62.8,62.6,66.9,68.2,70.3",13.5,999.0,999.0,999,999,0
999,999999,"91.3,91.6,92.7,95.3,94.2,94.7,95.5",22.8,999.0,999.0,999,999,0
999,999999,"97.1,97.1,98.8,100.1,102.8,101.5,103.4",15.5,999.0,999.0,999,999,0
999,999999,"62.0,66.5,68.9,69.5,71.2,72.3,72.8,77.0,82.9",32.6,999.0,999.0,999,999,0
999,999999,"63.5,64.6,68.2,71.6,74.5",26.4,999.0,999.0,999,999,0
999,999999,"92.9,92.4,94.0,96.2,98.1",32.3,999.0,999.0,999,999,0
999,999999,"70.7,72.2,73.3,72.5,75.2,77.3",23.1,999.0,999.0,999,999,0
999,999999,"65.0,66.1,69.2,70.1,71.4,71.7,73.3,74.4",27.5,999.0,999.0,999,999,0
999,999999,"67.2,70.3,75.9,76.6,77.1,77.8,79.2",13.9,999.0,999.0,999,999,0
999,999999,"105.8,105.5,106.3,108.7,109.1,109.6,111.0,114.0",29.8,999.0,999.0,999,999,0
999,999999,"64.0,63.9,64.9,69.1,70.9,72.3,72.4,73.7",22.7,999.0,999.0,999,999,0
999,999999,"93.2,93.1,93.7,91.6,18.6,92.3",13.6,999.0,999.0,999,999,0
999,999999,"60.8,68.5,70.8,73.4,75.7,75.4,77.2",20.6,999.0,999.0,999,999,0
999,999999,"59.9,60.7,64.4,65.3,69.3,71.8,70.3,75.8,76.5",14.6,999.0,999.0,999,999,0
999,999999,"80.1,81.0,79.1,79.7,81.8,82.6,82.0,83.5,82.4,84.7",24.9,999.0,999.0,999,999,0
999,999999,"79.8,79.5,78.3,25.3,79.2,79.9",18.6,999.0,999.0,999,999,0
999,999999,"86.0,90.4,126.7,91.3,94.5,95.8",20.9,999.0,999.0,999,999,0
999,999999,"95.9,97.3,98.2,97.7,99.9,101.0,103.4,104.9,109.9",27.6,999.0,999.0,999,999,0
999,999999,"72.1,70.9,74.8,78.1,79.6,85.4,87.2,88.3",16.2,999.0,999.0,999,999,0
999,999999,"89.1,87.7,85.9,88.2,115.1,97.7,99.9,100.4",28.2,999.0,999.0,999,999,0
999,999999,"60.9,62.5,65.7,65.5,71.6,73.0,73.7",33.7,999.0,999.0,999,999,0
999,999999,"68.9,72.5,76.7,78.2,80.2,78.3,79.9,78.8,79.8",32.8,999.0,999.0,999,999,0
999,999999,"98.5,97.5,97.7,103.0,106.0,106.6",26.8,999.0,999.0,999,999,0
999,999999,"85.6,88.9,88.5,89.5,91.6,92.2,97.3,94.4",33.6,999.0,999.0,999,999,0
999,999999,"96.2,95.7,95.7,96.7,98.0,98.8,99.6,101.5",15.8,999.0,999.0,999,999,0
999,999999,"98.6,98.7,99.1,100.3,102.7,104.9,106.2,108.1,107.8",26.8,999.0,999.0,999,999,0
999,999999,"74.0,73.6,73.6,74.5,75.2,77.7,78.7",23.6,999.0,999.0,999,999,0
999,999999,"65.9,67.5,68.6,70.9,72.3,74.2,75.1,77.9,79.0",29.3,999.0,999.0,999,999,0
999,999999,"75.3,78.0,80.6,82.1,84.7,86.7,89.0,91.3,94.9,97.6",10.5,999.0,999.0,999,999,0
999,999999,"100.9,102.7,107.1,108.4,109.4,110.6,112.1,112.1,135.3,113.0",33.0,999.0,999.0,999,999,0
999,999999,"56.7,57.3,63.7,63.8,65.4,68.6,70.8,70.0,70.8",21.3,999.0,999.0,999,999,0
999,999999,"60.2,61.1,62.7,69.9,188.5,74.8",22.4,999.0,999.0,999,999,0
999,999999,"81.1,82.1,85.1,87.0,87.2,87.3,88.2",20.0,999.0,999.0,999,999,0
999,999999,"106.4,111.1,108.7,107.5,108.2,109.1,110.6",32.6,999.0,999.0,999,999,0
999,999999,"82.8,83.1,81.7,83.9,86.1",25.5,999.0,999.0,999,999,0
999,999999,"104.7,106.5,111.4,114.4,116.6",24.8,999.0,999.0,999,999,0
999,999999,"102.9,102.0,103.9,105.4,108.3,106.6,107.3",22.6,999.0,999.0,999,999,0
999,999999,"91.3,91.3,93.8,96.8,101.4,104.8",14.0,999.0,999.0,999,999,0
999,999999,"103.7,106.0,107.3,107.2,108.7,109.5,111.4,111.4,111.9",26.0,999.0,999.0,999,999,0
999,999999,"60.9,61.6,64.7,66.8,67.5,68.3,71.0,77.7,80.0",20.9,999.0,999.0,999,999,0
999,999999,"102.8,104.4,106.3,109.0,107.5,109.6,110.9",21.6,999.0,999.0,999,999,0
999,999999,"101.3,103.5,102.3,104.3,103.6,103.0",17.8,999.0,999.0,999,999,0
999,999999,"71.9,72.4,73.4,74.7,76.6,20.0,76.5",22.9,999.0,999.0,999,999,0
999,999999,"83.3,173.3,82.0,83.7,84.7,85.9,85.1,84.9,87.7,90.2",29.9,999.0,999.0,999,999,0
999,999999,"91.4,92.4,90.3,91.4,93.0,94.6,95.8",14.0,999.0,999.0,999,999,0
999,999999,"79.7,77.4,79.2,79.7,81.0,82.1,83.7,85.2",31.3,999.0,999.0,999,999,0
999,999999,"101.0,101.7,102.1,101.4,101.1,103.3,102.1,103.7",16.3,999.0,999.0,999,999,0
999,999999,"93.4,98.1,99.2,105.7,104.4,104.1",12.9,999.0,999.0,999,999,0
999,999999,"109.1,111.9,115.5,116.1,114.8,115.6,117.0,119.5,118.5",18.2,999.0,999.0,999,999,0
999,999999,"106.5,109.9,110.8,112.3,142.0,111.4",34.1,999.0,999.0,999,999,0
999,999999,"66.6,68.1,66.8,70.3,70.1,72.3,72.6,73.8,73.0,74.8",28.9,999.0,999.0,999,999,0
999,999999,"81.2,82.6,81.2,83.0,79.1,80.2,78.4,79.8",23.8,999.0,999.0,999,999,0
999,999999,"90.1,90.2,91.8,91.2,95.1,95.9,96.1,98.3,97.9",25.7,999.0,999.0,999,999,0
999,999999,"101.4,105.8,111.2,16.2,117.0,116.4,114.6,115.4",11.3,999.0,999.0,999,999,0
999,999999,"97.6,98.3,100.9,101.9,101.8,106.1,110.0,114.6,116.1",13.8,999.0,999.0,999,999,0
999,999999,"82.9,82.5,88.4,90.3,91.0,91.9,94.2,96.4,95.4",12.5,999.0,999.0,999,999,0
999,999999,"111.0,111.6,111.2,113.0,111.4",26.6,999.0,999.0,999,999,0
999,999999,"96.7,99.1,101.7,102.8,103.1",23.9,999.0,999.0,999,999,0
999,999999,"87.2,85.8,85.8,86.8,88.1,88.7",25.0,999.0,999.0,999,999,0
999,999999,"110.9,113.6,114.6,129.9,113.6,115.6",19.2,999.0,999.0,999,999,0
999,999999,"97.4,99.8,100.9,104.8,104.5",31.9,999.0,999.0,999,999,0
999,999999,"71.0,21.6,69.4,69.0,70.5",19.2,999.0,999.0,999,999,0
999,999999,"100.4,101.6,102.0,103.1,103.3,108.4,108.3",15.6,999.0,999.0,999,999,0
999,999999,"78.7,79.6,82.2,83.4,85.8,84.0,85.6,86.3,86.3",34.4,999.0,999.0,999,999,0
999,999999,"73.3,73.7,76.8,80.0,80.8,81.3,82.7,85.7,85.1,83.6",33.3,999.0,999.0,999,999,0
999,999999,"69.6,68.3,70.9,71.5,71.6,72.9,73.7,76.1,76.6,78.2",22.5,999.0,999.0,999,999,0
999,999999,"99.3,101.4,103.9,104.5,105.0,106.1",27.5,999.0,999.0,999,999,0
999,999999,"82.0,80.0,81.6,83.2,82.6,156.8,87.2,87.9,90.0",14.1,999.0,999.0,999,999,0
999,999999,"100.7,101.8,22.2,109.2,109.0,110.3,110.7",34.6,999.0,999.0,999,999,0
999,999999,"100.1,98.3,100.4,101.6,104.1,104.7,107.0",27.4,999.0,999.0,999,999,0
999,999999,"84.2,90.4,90.0,91.9,92.9,94.4,93.9,94.4",30.5,999.0,999.0,999,999,0
999,999999,"111.9,113.7,114.6,114.8,113.4",13.7,999.0,999.0,999,999,0
999,999999,"80.0,82.8,84.7,84.5,85.8,87.1,88.6,91.4,91.7,98.2",10.5,999.0,999.0,999,999,0
999,999999,"17.3,101.9,104.1,106.5,107.8",26.4,999.0,999.0,999,999,0
999,999999,"72.5,72.8,74.7,78.5,79.7,80.7,82.9,89.7,91.5",10.6,999.0,999.0,999,999,0
999,999999,"95.3,96.7,96.4,99.5,100.0",10.2,999.0,999.0,999,999,0
999,999999,"79.3,81.0,83.3,86.1,86.4",29.6,999.0,999.0,999,999,0
999,999999,"81.5,83.1,83.6,81.9,84.3,85.4,88.1,90.4,90.8,91.7",20.4,999.0,999.0,999,999,0
999,999999,"82.4,87.4,88.8,96.2,97.9,99.4,101.6",32.7,999.0,999.0,999,999,0
999,999999,"62.7,65.3,66.2,69.4,70.4,70.7,71.8,72.8",27.4,999.0,999.0,999,999,0
999,999999,"115.2,117.8,117.1,118.2,118.2,119.5",31.5,999.0,999.0,999,999,0
999,999999,"67.5,66.2,67.6,67.7,69.2,107.4,71.6,73.0,73.3,75.2",27.6,999.0,999.0,999,999,0
999,999999,"99.2,104.3,104.6,108.5,109.0,116.5,186.2",19.8,999.0,999.0,999,999,0
999,999999,"91.1,91.8,93.7,95.5,95.8",14.5,999.0,999.0,999,999,0
999,999999,"81.2,80.0,81.9,85.4,89.4,91.1",31.5,999.0,999.0,999,999,0
999,999999,"97.6,97.2,95.2,93.5,94.0,93.2,94.3",15.9,999.0,999.0,999,999,0
999,999999,"83.3,84.4,85.3,87.1,84.7,86.6",14.3,999.0,999.0,999,999,0
999,999999,"66.5,67.0,68.3,66.7,69.7,73.5,74.2,74.9",13.5,999.0,999.0,999,999,0
999,999999,"89.1,91.3,91.5,95.8,97.8,99.6,101.9,102.4,102.0",11.4,999.0,999.0,999,999,0
999,999999,"88.9,88.9,90.0,25.7,91.9,93.6",17.8,999.0,999.0,999,999,0
999,999999,"62.2,65.1,66.7,70.3,71.2,72.4,74.6,76.6,76.8",29.5,999.0,999.0,999,999,0
999,999999,"70.0,71.4,112.8,75.8,17.7",29.9,999.0,999.0,999,999,0
999,999999,"106.7,110.6,109.8,111.0,112.5,114.4,114.6,116.9,118.8",12.3,999.0,999.0,999,999,0
999,999999,"101.3,103.9,107.4,111.2,110.7",27.1,999.0,999.0,999,999,0
999,999999,"74.7,74.9,74.1,72.8,74.8,75.5,77.4,20.2,82.9,84.2",32.8,999.0,999.0,999,999,0
999,999999,"97.0,98.3,102.6,105.8,109.5,101.3,115.9,118.6,116.5,116.7",10.8,999.0,999.0,999,999,0
999,999999,"100.6,101.3,102.5,103.4,104.4,104.6,104.9,102.5,104.8",13.8,999.0,999.0,999,999,0
999,999999,"82.3,81.8,82.5,83.7,85.2,91.8,15.5,91.9,91.6,93.4",25.8,999.0,999.0,999,999,0
999,999999,"87.1,90.4,94.2,94.3,96.5,98.7,100.5,104.3",27.1,999.0,999.0,999,999,0
999,999999,"82.5,81.5,19.2,86.3,87.0,84.6,85.4,87.3",23.3,999.0,999.0,999,999,0
999,999999,"80.2,83.3,85.4,85.5,87.5,89.4",16.3,999.0,999.0,999,999,0
999,999999,"95.5,94.3,99.6,100.1,100.8,102.3,103.0,104.0,103.5,104.8",24.0,999.0,999.0,999,999,0
999,999999,"91.8,90.6,96.1,95.8,98.6,100.5,101.1,102.2,104.9,99.6",22.6,999.0,999.0,999,999,0
999,999999,"102.1,104.6,106.1,106.6,108.1,111.2",32.9,999.0,999.0,999,999,0
999,999999,"106.3,106.6,105.4,107.7,105.2",10.6,999.0,999.0,999,999,0
999,999999,"114.2,114.3,29.8,116.9,119.2",17.8,999.0,999.0,999,999,0
999,999999,"15.4,85.1,85.0,85.8,88.1",31.2,999.0,999.0,999,999,0
999,999999,"58.5,58.6,64.6,65.5,67.1,67.4,71.2",16.4,999.0,999.0,999,999,0
999,999999,"110.5,26.7,112.8,115.5,115.2,115.5,115.9,114.2",14.8,999.0,999.0,999,999,0
999,999999,"80.7,82.5,84.7,85.2,85.7,88.6,90.9,92.8",11.6,999.0,999.0,999,999,0
999,999999,"79.6,81.6,82.4,82.7,87.7,88.7,91.9,92.3,91.1",26.0,999.0,999.0,999,999,0
999,999999,"64.5,65.3,71.8,75.2,78.0",13.5,999.0,999.0,999,999,0
999,999999,"82.8,81.7,84.3,85.9,85.2,86.2,87.6,86.2,88.4",22.6,999.0,999.0,999,999,0
999,999999,"74.5,75.6,76.6,76.7,79.9,81.2,85.6,15.2",31.8,999.0,999.0,999,999,0
999,999999,"81.8,83.6,83.2,85.2,89.0,90.7,116.8,93.5,97.9,100.9",25.0,999.0,999.0,999,999,0
999,999999,"65.9,67.3,68.0,69.7,71.9,73.5,75.6",31.9,999.0,999.0,999,999,0
999,999999,"114.8,112.3,111.5,111.8,113.5,115.6,117.8,174.5",13.0,999.0,999.0,999,999,0
999,999999,"101.2,101.1,99.6,103.6,104.3,105.1,110.8",28.4,999.0,999.0,999,999,0
999,999999,"86.0,87.2,91.2,92.5,93.8,98.6,100.9,100.8",28.1,999.0,999.0,999,999,0
999,999999,"98.5,100.1,101.3,105.6,105.5,107.3,111.4,110.3,111.0",18.6,999.0,999.0,999,999,0
999,999999,"107.0,106.1,106.7,104.9,107.5,109.9",33.8,999.0,999.0,999,999,0
999,999999,"99.3,102.8,105.8,111.2,113.5,112.7",31.1,999.0,999.0,999,999,0
999,999999,"90.2,93.0,92.6,94.0,176.4,20.2,99.5",31.4,999.0,999.0,999,999,0
