model,barcode,power,temperature,boundaryPowerMax,boundaryPowerMin,compressorModel,doza,label
418,418100153349591510418,"80,81,81.5,83.5,84.5,86.5,86",18.0,78.89,94.92,JiaXipera МM1110Y,36,1
418,418100153349591500418,"81.5,79.5,80.5,81,81.5,83,84.5,83",17.7,78.42,94.46,JiaXipera МM1110Y,36,1
418,418100153349591450418,"79.5,81.5,82,83,83.5,85.5,86,85.5",17.7,78.42,94.46,JiaXipera МM1110Y,36,1
418,418100153349591440418,"75,80.5,81.5,82,82.5,83.5,85,83.5",17.9,78.74,94.77,JiaXipera МM1110Y,36,1
418,418100153349591410418,"79,80.5,81,84,86.5,87.5",17.8,78.58,94.62,JiaXipera МM1110Y,36,1
418,418100153349591380418,"82.5,82,81.5,82.5,84,86,85",17.7,78.42,94.46,JiaXipera МM1110Y,36,1
418,418100153349591370418,"82,80.5,81.5,82,83.5,86,85,83.5",17.8,78.58,94.62,JiaXipera МM1110Y,36,1
418,418100153349591360418,"80.5,82,83.5,85.5,86.5,90,90.5,89.5",17.8,78.58,94.62,JiaXipera МM1110Y,36,1
418,418100153349591350418,"76,79.5,79,81.5,82,82.5,83",17.7,78.42,94.46,JiaXipera МM1110Y,36,1
418,418100153349591260418,"79,80.5,81.5,83.5,86.5,88,89.5,90",17.8,78.58,94.62,JiaXipera МM1110Y,36,1
418,418100153349591250418,"84.5,81,82.5,83,84.5,86,87.5,87",17.9,78.74,94.77,JiaXipera МM1110Y,36,1
418,418100153349591210418,"79.5,80.5,81,82,86,86.5,87.5,87",17.8,78.58,94.62,JiaXipera МM1110Y,36,1
418,418100153349591190418,"81,80.5,82,82.5,83.5,86.5,85",18.1,79.05,95.08,JiaXipera МM1110Y,36,1
418,418100153349591180418,"83,81,82,83,85.5,88.5,86.5",17.9,78.74,94.77,JiaXipera МM1110Y,36,1
418,418100153349591160418,"78.5,81,82,81,83.5,85.5,86.5,84",18.2,79.21,95.23,JiaXipera МM1110Y,36,1
418,418100153349591140418,"77.5,78.5,80,82,83.5,86.5,85.5,86",17.9,78.74,94.77,JiaXipera МM1110Y,36,1
418,418100153349591120418,"80.5,79,80.5,82,84,84.5,85.5",18.1,79.05,95.08,JiaXipera МM1110Y,36,1
418,418100153349591110418,"79.5,83,84,85.5,86.5,87,89.5,89",18.4,79.52,95.54,JiaXipera МM1110Y,36,1
418,418100153349591090418,"81.5,79.5,80.5,81.5,83,82.5,83.5",18.1,79.05,95.08,JiaXipera МM1110Y,36,1
418,418100153349591080418,"75.5,77.5,78.5,81.5,84,82.5",18.1,79.05,95.08,JiaXipera МM1110Y,36,1
418,418100153349591050418,"83,85,86,88,89,89.5,90.5",18.3,79.37,95.38,JiaXipera МM1110Y,36,1
418,418100153349591040418,"78.5,80,81.5,85,87,90.5,91,90",18.0,78.89,94.92,JiaXipera МM1110Y,36,1
418,418100153349591020418,"76.5,79.5,82.5,84,85.5,87,87.5,87",18.3,79.37,95.38,JiaXipera МM1110Y,36,1
418,418100153349591010418,"83.5,82,84,85,87.5,89,90.5,87.5",18.5,79.68,95.69,JiaXipera МM1110Y,36,1
418,418100153349590990418,"85,84,83,85.5,85,88,89,88.5",17.7,78.42,94.46,JiaXipera МM1110Y,36,1
418,418100153349590910418,"81,81.5,83,85.5,86.5,88,88.5,86.5",18.5,79.68,95.69,JiaXipera МM1110Y,36,1
418,418100153349590840418,"81,84,85,87.5,88,89.5,90,89.5",17.8,78.58,94.62,JiaXipera МM1110Y,36,1
418,418100153349590820418,"80,85,86.5,88,90,90.5,92.5,94",18.5,79.68,95.69,JiaXipera МM1110Y,36,1
418,418100153349590770418,"82.5,87,88.5,89.5,91,90.5",17.8,78.58,94.62,JiaXipera МM1110Y,36,1
418,418100153349590740418,"81,83,85,87.5,89.5,93,91.5",18.5,79.68,95.69,JiaXipera МM1110Y,36,1
418,418100153349590670418,"73.5,80.5,83,83.5,85.5,88.5,88,86",17.7,78.42,94.46,JiaXipera МM1110Y,36,1
418,418100153349590660418,"76,80.5,80,81,82.5,85.5,86,87",18.7,80.0,96.0,JiaXipera МM1110Y,36,1
418,418100153349590650418,"83.5,84,84.5,86,86.5,88,88.5,87.5,86.5",18.0,78.89,94.92,JiaXipera МM1110Y,36,1
418,418100153349590640418,"81.5,82.5,84.5,87,88.5,87,86.5",17.7,78.42,94.46,JiaXipera МM1110Y,36,1
418,418100153349590600418,"75.5,82,83.5,86.5,86,88,88.5",18.0,78.89,94.92,JiaXipera МM1110Y,36,1
418,418100153349590590418,"75.5,80,81,83.5,85.5,86.5,89,88.5",18.3,79.37,95.38,JiaXipera МM1110Y,36,1
418,418100153349591550418,"80.5,82,83.5,84,85.5,86.5,87.5,87.5",18.1,79.05,95.08,JiaXipera МM1110Y,36,1
418,418100153349590850418,"79.5,82,82.5,84.5,85,86,87,89,89.5,91.5",18.4,79.52,95.54,JiaXipera МM1110Y,36,1
418,418100153349590580418,"84,83,86.5,86,88,89,87.5",18.1,79.05,95.08,JiaXipera МM1110Y,36,1
418,418100153349590550418,"80.5,85.5,86.5,88,89.5,88.5",18.0,78.89,94.92,JiaXipera МM1110Y,36,1
418,418100153349590540418,"81.5,83,84.5,86.5,85,86.5,88,91,89.5",18.0,78.89,94.92,JiaXipera МM1110Y,36,1
418,418100153349590530418,"86,84.5,86.5,87,88.5,91,91.5",18.0,78.89,94.92,JiaXipera МM1110Y,36,1
418,418100153349591230418,"74,75.5,78.5,79,83,85.5,88.5,90",17.8,78.58,94.62,JiaXipera МM1110Y,36,1
418,418100153349590470418,"80,81,82.5,84,84.5,85.5,86",18.1,79.05,95.08,JiaXipera МM1110Y,36,1
418,418100153349590460418,"79.5,81,82.5,84,85.5,87.5,89,87.5",18.5,79.68,95.69,JiaXipera МM1110Y,36,1
418,418100153349590450418,"80.5,79,82,84,85.5,87.5,86",18.3,79.37,95.38,JiaXipera МM1110Y,36,1
418,418100153349590440418,"81,81.5,83.5,87,91,90,87.5",18.3,79.37,95.38,JiaXipera МM1110Y,36,1
418,418100153349590430418,"80,81,82,85,84.5,87.5,86.5",18.4,79.52,95.54,JiaXipera МM1110Y,36,1
418,418100153349590420418,"83.5,82.5,84.5,86.5,88,89.5,90.5,91.5",18.2,79.21,95.23,JiaXipera МM1110Y,36,1
418,418100153349590400418,"76.5,81,82,84.5,84,86.5,87.5,88.5",18.3,79.37,95.38,JiaXipera МM1110Y,36,1
418,418100153349590390418,"80,81,82,83,84.5,83",18.1,79.05,95.08,JiaXipera МM1110Y,36,1
418,418100153349590380418,"81,82,82.5,83.5,85.5,85,89,90.5",18.2,79.21,95.23,JiaXipera МM1110Y,36,1
418,418100153349590360418,"79.5,81.5,84,85.5,88,89.5,87.5",18.3,79.37,95.38,JiaXipera МM1110Y,36,1
418,418100153349590340418,"81,83.5,87,88.5,89.5,91.5,89",18.3,79.37,95.38,JiaXipera МM1110Y,36,1
418,418100153349590320418,"76,82.5,83.5,84.5,86,88.5,89.5,88.5",18.8,80.16,96.15,JiaXipera МM1110Y,36,1
418,418100153349590290418,"79.5,80,81.5,82,83.5,87,86,85.5",18.5,79.68,95.69,JiaXipera МM1110Y,36,1
418,418100153349590260418,"79,78.5,79.5,81,81.5,83,85,85.5",18.3,79.37,95.38,JiaXipera МM1110Y,36,1
418,418100153349590250418,"79.5,81,82,83.5,85.5,86.5,86",18.7,80.0,96.0,JiaXipera МM1110Y,36,1
418,418100153349590220418,"79,81.5,85,87.5,89,89.5",18.5,79.68,95.69,JiaXipera МM1110Y,36,1
418,418100153349590190418,"81.5,82,83,83.5,86,86.5,86",18.1,79.05,95.08,JiaXipera МM1110Y,36,1
418,418100153349590180418,"76.5,82,84.5,86.5,86,88.5,90,89",18.9,80.31,96.3,JiaXipera МM1110Y,36,1
418,418100153349590170418,"81.5,82,83.5,84.5,85,88,89,86",18.6,79.84,95.84,JiaXipera МM1110Y,36,1
418,418100153349590150418,"84,81.5,82.5,86,85,88.5,89,89.5",18.9,80.31,96.3,JiaXipera МM1110Y,36,1
418,418100153349590070418,"83,79.5,80.5,82,83,85.5,85,85.5",18.4,79.52,95.54,JiaXipera МM1110Y,36,1
418,418100153349590060418,"83,83.5,84,88,90,89",18.3,79.37,95.38,JiaXipera МM1110Y,36,1
418,418100153349589920418,"76,80.5,79,81.5,83.5,84,84.5,83.5",18.2,79.21,95.23,JiaXipera МM1110Y,36,1
418,418100153349589910418,"82.5,83.5,84,85.5,87.5,88,90,88.5",18.4,79.52,95.54,JiaXipera МM1110Y,36,1
418,418100153349589900418,"81.5,79.5,81.5,83.5,85,86.5,86",18.1,79.05,95.08,JiaXipera МM1110Y,36,1
418,418100153349589870418,"80,83.5,84,84.5,85.5,87,86.5",18.1,79.05,95.08,JiaXipera МM1110Y,36,1
418,418100153349589860418,"75,81.5,84.5,85,87,87.5,88.5,88",18.5,79.68,95.69,JiaXipera МM1110Y,36,1
418,418100153349589810418,"82,84,85,86,86.5,86,88,89,88",18.4,79.52,95.54,JiaXipera МM1110Y,36,1
418,418100153349589770418,"77,74.5,76,77.5,78,80,79",16.2,76.05,92.16,JiaXipera МM1110Y,36,1
418,418100153349589740418,"77.5,79.5,81.5,84,84.5",18.7,80.0,96.0,JiaXipera МM1110Y,36,1
418,418100153349589710418,"78,79,78.5,80,80.5,82,83.5,82",16.6,76.69,92.78,JiaXipera МM1110Y,36,1
418,418100153349591170418,"78,79,80.5,82.5,84.5,85.5,86.5,87",17.9,78.74,94.77,JiaXipera МM1110Y,36,1
418,418100153349589700418,"79,82,84,86,88,91.5,91,90",18.3,79.37,95.38,JiaXipera МM1110Y,36,1
418,418100153349589690418,"78,80,83.5,85,87.5,89.5,88",18.3,79.37,95.38,JiaXipera МM1110Y,36,1
418,418100153349589660418,"79,78,80.5,81.5,83,82.5,84,84.5",16.0,75.74,91.86,JiaXipera МM1110Y,36,1
418,418100153349589650418,"84.5,85.5,86,86.5,88.5,87.5",18.7,80.0,96.0,JiaXipera МM1110Y,36,1
418,418100153349589640418,"83,79,81.5,83.5,87,88,89",18.8,80.16,96.15,JiaXipera МM1110Y,36,1
418,418100153349589630418,"77.5,78.5,79,80.5,81.5,81",16.0,75.74,91.86,JiaXipera МM1110Y,36,1
418,418100153349589580418,"79,78,79.5,80.5,81,83,84,82.5",16.4,76.37,92.47,JiaXipera МM1110Y,36,1
418,418100153349589560418,"79.5,78.5,81.5,83.5,84,86,87,86.5",18.9,80.31,96.3,JiaXipera МM1110Y,36,1
418,418100153349589550418,"76.5,77.5,78.5,79,80.5,81.5,81",16.2,76.05,92.16,JiaXipera МM1110Y,36,1
418,418100153349589540418,"72.5,79,80.5,83.5,85,84.5,85.5",18.5,79.68,95.69,JiaXipera МM1110Y,36,1
418,418100153349589520418,"74,77.5,79,80,80.5",16.1,75.9,92.01,JiaXipera МM1110Y,36,1
418,418100153349589500418,"80.5,81.5,83.5,85,86.5,88.5,87.5",18.8,80.16,96.15,JiaXipera МM1110Y,36,1
418,418100153349589490418,"80,82,84.5,85.5,88,88.5,89,89.5,90",18.5,79.68,95.69,JiaXipera МM1110Y,36,1
418,418100153349589480418,"75.5,81,82,83.5,84.5,85.5,87,85",18.8,80.16,96.15,JiaXipera МM1110Y,36,1
418,418100153349589470418,"76.5,84,85,87,91,92",18.7,80.0,96.0,JiaXipera МM1110Y,36,1
418,418100153349589420418,"77,83",16.1,75.9,92.01,JiaXipera МM1110Y,36,1
418,418100153349589390418,"79.5,80.5,82.5,83,85.5,87.5,90.5,89",18.6,79.84,95.84,JiaXipera МM1110Y,36,1
418,418100153349589370418,"79,81.5,82.5,85.5,86.5,89,87.5,88",18.8,80.16,96.15,JiaXipera МM1110Y,36,1
418,418100153349589340418,"80.5,81.5,82.5,85,86.5,87,86.5",18.8,80.16,96.15,JiaXipera МM1110Y,36,1
418,418100153349589320418,"81.5,80.5,81,83,84.5,88.5,87.5",18.8,80.16,96.15,JiaXipera МM1110Y,36,1
418,418100153349589310418,"80.5,79.5,80.5,82.5,86,88,90,88.5",18.9,80.31,96.3,JiaXipera МM1110Y,36,1
418,418100153349589240418,"78,78.5,81,83.5,84.5,85.5,84.5,85.5",16.4,76.37,92.47,JiaXipera МM1110Y,36,1
418,418100153349589210418,"79.5,78,78.5,80.5,81.5,82.5,84,83",15.8,75.42,91.55,JiaXipera МM1110Y,36,1
418,418100153349591330418,"79.5,80.5,83,82,83,85,83",17.7,78.42,94.46,JiaXipera МM1110Y,36,1
418,418100153349589180418,"74.5,77,78,79,80.5,82.5,83.5,82.5",16.0,75.74,91.86,JiaXipera МM1110Y,36,1
418,418100153349589170418,"78.5,80,81.5,82,84.5,86,83.5",15.8,75.42,91.55,JiaXipera МM1110Y,36,1
418,418100153349589150418,"76.5,77.5,78,78.5,80,81.5,82.5,81",15.9,75.58,91.7,JiaXipera МM1110Y,36,1
418,418100153349589140418,"70.5,77.5,79.5,79,80,81.5,81",16.1,75.9,92.01,JiaXipera МM1110Y,36,1
418,418100153349589120418,"81.5,80,81,82.5,83.5,84.5,86,84.5",16.5,76.53,92.62,JiaXipera МM1110Y,36,1
418,418100153349589100418,"79.5,77.5,79,80.5,81",16.1,75.9,92.01,JiaXipera МM1110Y,36,1
418,418100153349589200418,"78.5,80,83.5,84,85.5,87,85.5",15.9,75.58,91.7,JiaXipera МM1110Y,36,1
418,418100153349589090418,"80.5,79,78.5,80.5,81.5,82.5,84,82.5",16.1,75.9,92.01,JiaXipera МM1110Y,36,1
418,418100153349589060418,"78,77.5,79,80.5,81,80.5",16.1,75.9,92.01,JiaXipera МM1110Y,36,1
418,418100153349589030418,"76.5,77,77.5,78,79,80.5,83,82",16.2,76.05,92.16,JiaXipera МM1110Y,36,1
418,418100153349589930418,"82,81,83,83.5,86,87,88,87.5",18.2,79.21,95.23,JiaXipera МM1110Y,36,1
418,418100153349589020418,"77.5,79,81,82.5,83.5,86,85",16.7,76.84,92.93,JiaXipera МM1110Y,36,1
418,418100153349589010418,"80,80.5,82,83,84.5,85,84",16.6,76.69,92.78,JiaXipera МM1110Y,36,1
418,418100153349588960418,"69,76,76.5,77.5,78.5,79.5,82,81.5",16.3,76.21,92.32,JiaXipera МM1110Y,36,1
418,418100153349588880418,"78.5,80,82,83,83.5,84",16.8,77.0,93.08,JiaXipera МM1110Y,36,1
418,418100153349588870418,"80,82.5,81,81.5,82.5,83.5,85",16.6,76.69,92.78,JiaXipera МM1110Y,36,1
418,418100153349588860418,"77.5,78,77.5,78,80,81,83,82",16.6,76.69,92.78,JiaXipera МM1110Y,36,1
418,418100153349588840418,"77,81.5,83,84,84.5,86.5,87,88",17.1,77.47,93.54,JiaXipera МM1110Y,36,1
418,418100153349588830418,"76.5,76,76.5,79.5,80,81,81.5,83",16.8,77.0,93.08,JiaXipera МM1110Y,36,1
418,418100153349588800418,"77,78.5,82,82.5,85,88,88.5,87",16.6,76.69,92.78,JiaXipera МM1110Y,36,1
418,418100153349588780418,"75,77,79.5,81.5,83.5,85.5,84",16.6,76.69,92.78,JiaXipera МM1110Y,36,1
418,418100153349588750418,"76,76.5,78.5,79.5,81,81.5,83,82",16.8,77.0,93.08,JiaXipera МM1110Y,36,1
418,418100153349588740418,"74.5,78.5,78,81.5,82.5,84,84.5,85.5",16.6,76.69,92.78,JiaXipera МM1110Y,36,1
418,418100153349588730418,"74.5,76.5,77.5,79,80.5,81.5,84.5,83.5,84.5",16.7,76.84,92.93,JiaXipera МM1110Y,36,1
418,418100153349588710418,"79,75.5,77,79.5,81.5,84,83.5,84.5,85.5",16.8,77.0,93.08,JiaXipera МM1110Y,36,1
418,418100153349588650418,"77,77.5,79,80,81,82,84,83.5",17.0,77.32,93.39,JiaXipera МM1110Y,36,1
418,418100153349588640418,"77,79,80,81,81.5,83,83.5,83",17.0,77.32,93.39,JiaXipera МM1110Y,36,1
418,418100153349588630418,"74.5,77,78,79.5,80.5,83,81",17.0,77.32,93.39,JiaXipera МM1110Y,36,1
418,418100153349590280418,"82,83.5,83,85.5,87.5,88.5,88",18.6,79.84,95.84,JiaXipera МM1110Y,36,1
418,418100153349588620418,"80.5,79,78.5,80,81.5,82.5,82",17.1,77.47,93.54,JiaXipera МM1110Y,36,1
418,418100153349588600418,"73,76,77,79,78.5,80.5,81",17.0,77.32,93.39,JiaXipera МM1110Y,36,1
418,418100153349588540418,"73,76,77,78.5,80,82.5,84,82",17.1,77.47,93.54,JiaXipera МM1110Y,36,1
418,418100153349588530418,"75,78,77.5,78.5,81,82.5,83.5,85",17.1,77.47,93.54,JiaXipera МM1110Y,36,1
418,418100153349590920418,"78,80.5,82.5,85,88.5,88,87.5",18.2,79.21,95.23,JiaXipera МM1110Y,36,1
418,418100153349588520418,"81.5,83.5,82.5,83.5,84,84.5,86.5,87.5,86.5",17.5,78.1,94.16,JiaXipera МM1110Y,36,1
418,418100153349591290418,"77,80,81.5,82.5,84,85.5,84.5",18.2,79.21,95.23,JiaXipera МM1110Y,36,1
418,418100153349588480418,"76.5,77,79,81.5,84.5,85,86.5,88",17.3,77.79,93.85,JiaXipera МM1110Y,36,1
418,418100153349588470418,"82.5,82,81,82.5,84,85,87,86.5",17.4,77.95,94.0,JiaXipera МM1110Y,36,1
418,418100153349588690418,"76,76.5,77.5,78,79,80.5,82,81",16.8,77.0,93.08,JiaXipera МM1110Y,36,1
418,418100153349588460418,"76.5,80,82.5,83,84,85",17.3,77.79,93.85,JiaXipera МM1110Y,36,1
418,418100153349588450418,"75.5,78,79,81,82.5,83.5,84.5,85.5",17.3,77.79,93.85,JiaXipera МM1110Y,36,1
418,418100153349588410418,"77,76.5,78,80.5,81.5,83,85.5,85",17.4,77.95,94.0,JiaXipera МM1110Y,36,1
418,418100153349588400418,"78.5,80.5,81.5,83.5,85,86,88.5,90.5",17.5,78.1,94.16,JiaXipera МM1110Y,36,1
418,418100153349588380418,"76,74,79.5,79,80,82,84,84.5,83.5",17.5,78.1,94.16,JiaXipera МM1110Y,36,1
418,418100153349588250418,"80.5,79.5,82.5,84.5,85,85.5,86.5",17.0,77.32,93.39,JiaXipera МM1110Y,36,1
418,418100153349588240418,"80,80.5,82,83.5,85.5,85",17.1,77.47,93.54,JiaXipera МM1110Y,36,1
418,418100153349588230418,"78,79,79.5,81.5,82,83.5,84.5",17.0,77.32,93.39,JiaXipera МM1110Y,36,1
418,418100153349588490418,"76.5,76,77,81,82,84,85.5,86",17.2,77.63,93.7,JiaXipera МM1110Y,36,1
418,418100153349588430418,"78,80,80.5,81.5,82.5,83.5,85,86.5",17.5,78.1,94.16,JiaXipera МM1110Y,36,1
418,418100153349588220418,"80,79.5,80,82,83,85",17.0,77.32,93.39,JiaXipera МM1110Y,36,1
418,418100153349588210418,"79,83.5,82,82.5,84,86.5,86",18.1,79.05,95.08,JiaXipera МM1110Y,36,1
418,418100153349591520418,"80.5,80,78,80,81,81.5,83,81.5",17.8,78.58,94.62,JiaXipera МM1110Y,36,1
418,418100153349588190418,"80.5,81,80,80.5,81,81.5,83,83.5",17.2,77.63,93.7,JiaXipera МM1110Y,36,1
418,418100153349588160418,"80.5,75,78,79.5,81.5,85.5,86,85.5",17.2,77.63,93.7,JiaXipera МM1110Y,36,1
418,418100153349588140418,"81,80,80.5,79.5,82,83,84.5,83",17.3,77.79,93.85,JiaXipera МM1110Y,36,1
418,418100153349588090418,"84,83,83.5,84.5,85.5,86,85",17.3,77.79,93.85,JiaXipera МM1110Y,36,1
418,418100153349588060418,"81.5,78.5,79.5,82,82.5,83.5",17.7,78.42,94.46,JiaXipera МM1110Y,36,1
418,418100153349588050418,"80,82,82.5,84,85.5,86.5,87,87.5",17.4,77.95,94.0,JiaXipera МM1110Y,36,1
418,418100153349588040418,"74,76.5,77,80,80.5,82,83.5,84.5,84,86,87.5",17.4,77.95,94.0,JiaXipera МM1110Y,36,1
418,418100153349588010418,"75,75.5,78,79,81.5,83.5,85,86.5,86",17.3,77.79,93.85,JiaXipera МM1110Y,36,1
418,418100153349587990418,"78,80.5,82,83,84.5,86.5,88,88.5",17.6,78.26,94.31,JiaXipera МM1110Y,36,1
418,418100153349587980418,"82.5,83.5,82.5,83,85.5,86.5,87.5,88.5,89.5,90",17.7,78.42,94.46,JiaXipera МM1110Y,36,1
418,418100153349587970418,"75.5,77.5,79.5,81,80.5,82,83,84",17.5,78.1,94.16,JiaXipera МM1110Y,36,1
418,418100153349587950418,"79.5,81,81.5,83.5,85.5,87.5,88",17.6,78.26,94.31,JiaXipera МM1110Y,36,1
418,418100153349587940418,"78.5,82.5,81,82.5,83,85.5,86.5,87",17.5,78.1,94.16,JiaXipera МM1110Y,36,1
418,418100153349587920418,"79,79.5,81.5,82.5,83.5,87,86.5,86",17.6,78.26,94.31,JiaXipera МM1110Y,36,1
418,418100153349587910418,"80,81,82,84.5,86.5,89,87.5",17.6,78.26,94.31,JiaXipera МM1110Y,36,1
418,418100153349587880418,"78,80,79.5,81,81.5,82.5,85,85.5",17.8,78.58,94.62,JiaXipera МM1110Y,36,1
418,418100153349587870418,"80.5,82.5,82,83.5,84.5,86,88.5,87.5",17.8,78.58,94.62,JiaXipera МM1110Y,36,1
418,418100153349591400418,"83.5,84,84.5,85,87,89,87",18.1,79.05,95.08,JiaXipera МM1110Y,36,1
418,418100153349587860418,"77,78,78.5,80,82,82.5,85.5,85",17.8,78.58,94.62,JiaXipera МM1110Y,36,1
418,418100153349587850418,"77.5,78,80.5,80,78.5,81,82.5,82,84",17.8,78.58,94.62,JiaXipera МM1110Y,36,1
418,418100153349587830418,"78,79,80,81,83,84,85.5,84",17.8,78.58,94.62,JiaXipera МM1110Y,36,1
418,418100153349587820418,"73.5,78,79.5,80,81,81.5,82.5,84",18.0,78.89,94.92,JiaXipera МM1110Y,36,1
418,418100153349590480418,"81,80,82,83,85,88.5",18.1,79.05,95.08,JiaXipera МM1110Y,36,1
418,418100153349587810418,"78,80,81.5,83,84,86,83",17.8,78.58,94.62,JiaXipera МM1110Y,36,1
418,418100153349590710418,"80,81,82,85,87,85.5,88",17.7,78.42,94.46,JiaXipera МM1110Y,36,1
418,418100153349587800418,"81,78.5,79,78.5,80,82,83,82",18.1,79.05,95.08,JiaXipera МM1110Y,36,1
418,418100153349590900418,"83,82,82.5,83.5,84.5,87,89,87.5",18.4,79.52,95.54,JiaXipera МM1110Y,36,1
418,418100153349587790418,"77.5,76.5,78.5,80,81.5,83,83.5,85.5,84.5",17.8,78.58,94.62,JiaXipera МM1110Y,36,1
418,418100153349587770418,"76.5,73.5,77,80,81.5,84,85,84",17.9,78.74,94.77,JiaXipera МM1110Y,36,1
418,418100153349587750418,"78,79.5,78.5,79.5,80,81.5,83,84.5",18.0,78.89,94.92,JiaXipera МM1110Y,36,1
418,418100153349587730418,"76.5,77,79,81.5,83.5,84,86",18.1,79.05,95.08,JiaXipera МM1110Y,36,1
418,418100153349587720418,"76,78,79.5,80.5,81,82,82.5,83.5",18.0,78.89,94.92,JiaXipera МM1110Y,36,1
418,418100153349587710418,"79.5,80,81.5,84.5,86.5,87,87.5",18.1,79.05,95.08,JiaXipera МM1110Y,36,1
418,418100153349587700418,"80,78,80,82.5,84,85,84.5",18.2,79.21,95.23,JiaXipera МM1110Y,36,1
418,418100153349587680418,"78.5,78,78.5,81.5,82,84,85.5,84.5",18.2,79.21,95.23,JiaXipera МM1110Y,36,1
418,418100153349587660418,"76.5,78,78.5,83.5,84.5,86,87,87.5",18.1,79.05,95.08,JiaXipera МM1110Y,36,1
418,418100153349587650418,"83.5,82.5,83,84.5,87.5,89,89.5",18.6,79.84,95.84,JiaXipera МM1110Y,36,1
418,418100153349590680418,"78,79.5,81.5,84,84.5,86.5,87,86,85.5",17.7,78.42,94.46,JiaXipera МM1110Y,36,1
418,418100153349587640418,"80,79,80.5,82,85,84.5,86,87",18.3,79.37,95.38,JiaXipera МM1110Y,36,1
418,418100153349587630418,"80,75.5,82.5,83.5,83,85,86,83.5,87",18.1,79.05,95.08,JiaXipera МM1110Y,36,1
418,418100153349587620418,"77.5,79,81,81.5,83.5,85.5,87,86.5",18.2,79.21,95.23,JiaXipera МM1110Y,36,1
418,418100153349587600418,"79,77.5,79,79.5,82,82.5,83.5,84.5,86,87,88",18.3,79.37,95.38,JiaXipera МM1110Y,36,1
418,418100153349587590418,"80,82.5,80.5,85,87,88,87",18.3,79.37,95.38,JiaXipera МM1110Y,36,1
418,418100153349589080418,"76.5,77.5,79,80.5,81,82",15.9,75.58,91.7,JiaXipera МM1110Y,36,1
418,418100153349587570418,"76,76.5,77,79.5,81.5,83.5,85,87,87.5",18.2,79.21,95.23,JiaXipera МM1110Y,36,1
418,418100153349587540418,"78,80,79.5,82,84,85.5,87.5,88.5",18.5,79.68,95.69,JiaXipera МM1110Y,36,1
418,418100153349587530418,"80.5,85,83.5,84.5,86,87.5,89,88.5",18.6,79.84,95.84,JiaXipera МM1110Y,36,1
418,418100153349587520418,"80,79.5,79,81,83,84.5,85.5,86",18.4,79.52,95.54,JiaXipera МM1110Y,36,1
418,418100153349587470418,"81.5,83,83.5,85.5,86.5,88,90.5,88",18.7,80.0,96.0,JiaXipera МM1110Y,36,1
418,418100153349587450418,"80.5,85.5,87,87.5,89,90,93.5,90.5",18.6,79.84,95.84,JiaXipera МM1110Y,36,1
418,418100153349588200418,"80,81,82,81.5,85,86",17.2,77.63,93.7,JiaXipera МM1110Y,36,1
418,418100153349587430418,"80.5,83,83.5,85,87.5,88,90.5,89",18.8,80.16,96.15,JiaXipera МM1110Y,36,1
418,418100153349590940418,"78.5,82.5,80,78.5,83,85.5,86.5,87.5",18.2,79.21,95.23,JiaXipera МM1110Y,36,1
418,418100153349587420418,"78.5,79,80,82.5,83,84,86.5,87.5",18.6,79.84,95.84,JiaXipera МM1110Y,36,1
418,418100153349587340418,"83,80.5,81.5,83,84.5,85.5,88.5,86",19.5,81.26,97.22,JiaXipera МM1110Y,36,1
418,418100153349587330418,"82.5,81.5,84,86,88,91.5,90,93,91.5",19.9,81.89,97.84,JiaXipera МM1110Y,36,1
418,418100153349587240418,"82.5,83,83.5,85.5,86,87.5,89.5,89",19.5,81.26,97.22,JiaXipera МM1110Y,36,1
418,418100153349587230418,"81,80.5,82,83.5,84,86.5,89,87.5",19.5,81.26,97.22,JiaXipera МM1110Y,36,1
418,418100153349587220418,"80.5,82.5,83.5,84.5,89,90.5",19.7,81.57,97.53,JiaXipera МM1110Y,36,1
418,418100153349587210418,"83.5,86.5,87.5,89.5,91,91.5,94.5,94",19.5,81.26,97.22,JiaXipera МM1110Y,36,1
418,418100153349587200418,"83.5,82,85,86.5,87.5,89.5,93,92",19.6,81.42,97.38,JiaXipera МM1110Y,36,1
418,418100153349587190418,"82.5,82,83.5,86,86.5,89,90,89",19.8,81.73,97.68,JiaXipera МM1110Y,36,1
418,418100153349587170418,"81,83.5,86.5,89,88.5,91",19.9,81.89,97.84,JiaXipera МM1110Y,36,1
418,418100153349587160418,"83,80,84,83.5,84.5,88,89",19.7,81.57,97.53,JiaXipera МM1110Y,36,1
418,418100153349587150418,"85.5,85,87.5,90,89.5,91.5,93,92.5,93,92.5",19.6,81.42,97.38,JiaXipera МM1110Y,36,1
418,418100153349587140418,"83.5,82.5,84.5,85,86.5,87.5,88.5,90,89",20.3,82.52,98.45,JiaXipera МM1110Y,36,1
418,418100153349587120418,"78,81,85.5,86.5,87,88.5,90.5,89.5",19.9,81.89,97.84,JiaXipera МM1110Y,36,1
418,418100153349589790418,"81.5,80.5,80,80.5,82,83,84,85",16.1,75.9,92.01,JiaXipera МM1110Y,36,1
418,418100153349587110418,"85.5,88.5,90,91,92,94,95.5,94",19.6,81.42,97.38,JiaXipera МM1110Y,36,1
418,418100153349587100418,"82,85.5,87,89,90,91.5,90",19.6,81.42,97.38,JiaXipera МM1110Y,36,1
418,418100153349587080418,"82,84.5,87,86.5,88.5,89",19.8,81.73,97.68,JiaXipera МM1110Y,36,1
418,418100153349587070418,"85.5,86.5,88.5,88,88.5,91.5,91",19.7,81.57,97.53,JiaXipera МM1110Y,36,1
418,418100153349588020418,"78,79.5,82.5,83.5,85,86,85.5",17.3,77.79,93.85,JiaXipera МM1110Y,36,1
418,418100153349587060418,"82,85,84,86.5,86,88,89,89.5,91",19.7,81.57,97.53,JiaXipera МM1110Y,36,1
418,418100153349587050418,"80,83,85,86,87,91,90",19.6,81.42,97.38,JiaXipera МM1110Y,36,1
418,418100153349587040418,"80,84,85,86,88,89.5,89",19.7,81.57,97.53,JiaXipera МM1110Y,36,1
418,418100153349590790418,"82.5,81.5,85,84,85.5,89,91.5,90",17.7,78.42,94.46,JiaXipera МM1110Y,36,1
418,418100153349587030418,"80.5,81.5,85.5,85,87,88.5,90.5,91.5",19.7,81.57,97.53,JiaXipera МM1110Y,36,1
418,418100153349587020418,"79.5,79,81,82,86,87.5,89.5,91.5,92,92.5,93.5,94.5",19.7,81.57,97.53,JiaXipera МM1110Y,36,1
418,418100153349587000418,"78.5,80.5,82.5,85.5,86.5,88.5,90,90.5",19.7,81.57,97.53,JiaXipera МM1110Y,36,1
418,418100153349586960418,"79.5,81.5,84.5,88.5,89.5,92.5,95.5,94",19.8,81.73,97.68,JiaXipera МM1110Y,36,1
418,418100153349586940418,"79.5,80.5,81.5,86.5,88.5,91,93,92.5",19.8,81.73,97.68,JiaXipera МM1110Y,36,1
418,418100153349586900418,"77.5,81,82.5,86,88,90.5,92.5",19.8,81.73,97.68,JiaXipera МM1110Y,36,1
418,418100153349586890418,"79.5,82,83,84.5,86,88,88.5,92.5,91.5",19.8,81.73,97.68,JiaXipera МM1110Y,36,1
418,418100153349586870418,"82.5,85.5,86.5,89,90,92.5,94,93.5",19.9,81.89,97.84,JiaXipera МM1110Y,36,1
418,418100153349586860418,"78,79.5,80.5,82,86,88,91.5,92.5,94.5",19.8,81.73,97.68,JiaXipera МM1110Y,36,1
418,418100153349586840418,"80.5,82,83,85,87,89.5,91.5,92.5,91",19.8,81.73,97.68,JiaXipera МM1110Y,36,1
418,418100153349586830418,"84,87,86,89.5,90.5,93.5,91,92",20.5,82.84,98.76,JiaXipera МM1110Y,36,1
418,418100153349590830418,"79.5,81,81.5,86,88.5,91.5,92,92.5",18.4,79.52,95.54,JiaXipera МM1110Y,36,1
418,418100153349586810418,"82.5,83,84,85.5,87,88.5,90,89.5",19.9,81.89,97.84,JiaXipera МM1110Y,36,1
418,418100153349590110418,"80,82,82.5,85,86,88,89,89.5",18.7,80.0,96.0,JiaXipera МM1110Y,36,1
418,418100153349586800418,"82.5,84.5,86.5,88,89,92,91,92.5,93.5",19.9,81.89,97.84,JiaXipera МM1110Y,36,1
418,418100153349586770418,"84,84.5,85,87,86.5,89,90,89",20.5,82.84,98.76,JiaXipera МM1110Y,36,1
418,418100153349586760418,"80,82,83,87.5,88,90,92.5,91",19.9,81.89,97.84,JiaXipera МM1110Y,36,1
418,418100153349586740418,"79.5,82,83.5,84.5,88.5,89,91.5,92.5,91.5,93",19.9,81.89,97.84,JiaXipera МM1110Y,36,1
418,418100153349589530418,"76.5,77,82,86,89,88.5,89",18.4,79.52,95.54,JiaXipera МM1110Y,36,1
418,418100153349586730418,"82,81.5,84.5,85,85.5,88,86.5,90,88",20.3,82.52,98.45,JiaXipera МM1110Y,36,1
418,418100153349589610418,"77,75,75.5,78.5,80.5,81.5,80.5",15.8,75.42,91.55,JiaXipera МM1110Y,36,1
418,418100153349586710418,"84,83,86,87.5,90.5,92,93,92,91.5",20.3,82.52,98.45,JiaXipera МM1110Y,36,1
418,418100153349586670418,"79.5,80.5,82.5,85,85.5,87,87.5,88.5",20.2,82.36,98.3,JiaXipera МM1110Y,36,1
418,418100153349586590418,"78.5,81,83,86,87.5,90,93,91",20.2,82.36,98.3,JiaXipera МM1110Y,36,1
418,418100153349586910418,"77,83.5,86,86.5,89.5,90,91,93.5",19.8,81.73,97.68,JiaXipera МM1110Y,36,1
418,418100153349586560418,"80.5,81.5,83,83.5,86.5,87.5,90.5,89",20.2,82.36,98.3,JiaXipera МM1110Y,36,1
418,418100153349586540418,"79.5,84.5,84,86,87.5,86.5",20.5,82.84,98.76,JiaXipera МM1110Y,36,1
418,418100153349586530418,"79,83.5,85,87,89,92,91.5,92.5",20.3,82.52,98.45,JiaXipera МM1110Y,36,1
418,418100153349588070418,"83,79.5,84,85,83.5,84,86,88",17.7,78.42,94.46,JiaXipera МM1110Y,36,1
418,418100153349586480418,"79,77,81.5,84,86,87.5,88,89,92",20.4,82.68,98.6,JiaXipera МM1110Y,36,1
418,418100153349586470418,"79,79.5,81.5,86,88,89,92.5,94",20.5,82.84,98.76,JiaXipera МM1110Y,36,1
418,418100153349586460418,"79,81,84,87,89,90,92.5,93.5",20.5,82.84,98.76,JiaXipera МM1110Y,36,1
418,418100153349586420418,"89,82.5,84,85.5,88.5,89,90",20.5,82.84,98.76,JiaXipera МM1110Y,36,1
418,418100153349590620418,"83.5,85,84,87,89,88,88.5",18.2,79.21,95.23,JiaXipera МM1110Y,36,1
418,418100153349586410418,"78.5,81,83,85,86.5,89,90,89",20.5,82.84,98.76,JiaXipera МM1110Y,36,1
418,418100153349586400418,"83,85,88,90,92,93.5,94.5,94",20.5,82.84,98.76,JiaXipera МM1110Y,36,1
418,418100153349586380418,"81,83,86,87.5,92,94.5,92.5",20.6,82.99,98.91,JiaXipera МM1110Y,36,1
418,418100153349586290418,"78,81.5,83.5,85.5,87,89,90,89",20.5,82.84,98.76,JiaXipera МM1110Y,36,1
418,418100153349586260418,"82.5,84,85.5,86,87.5,90,89.5",20.5,82.84,98.76,JiaXipera МM1110Y,36,1
418,418100153349586250418,"82.5,82,82.5,84.5,86,86.5,87.5,86.5",20.5,82.84,98.76,JiaXipera МM1110Y,36,1
418,418100153349586240418,"84.5,84,87.5,88.5,90,92,94.5,92.5",20.5,82.84,98.76,JiaXipera МM1110Y,36,1
418,418100153349586230418,"83.5,86,87,88.5,90,91.5,92.5",20.8,83.31,99.22,JiaXipera МM1110Y,36,1
418,418100153349586220418,"83.5,83,86,87,88.5,89.5,91,90",20.5,82.84,98.76,JiaXipera МM1110Y,36,1
418,418100153349586200418,"80,84,90,92,92.5,93,92.5",20.5,82.84,98.76,JiaXipera МM1110Y,36,1
418,418100153349586180418,"83.5,85,86.5,87,88,90.5,88.5,89",21.3,84.1,99.98,JiaXipera МM1110Y,36,1
418,418100153349586170418,"83,80,84.5,86.5,87.5,89,89.5,89",21.3,84.1,99.98,JiaXipera МM1110Y,36,1
418,418100153349586130418,"81.5,84,86.5,87.5,89.5,90.5,92.5,92",21.0,83.63,99.52,JiaXipera МM1110Y,36,1
418,418100153349587180418,"81,82,82.5,85,87,87.5,88.5,90,89.5",20.2,82.36,98.3,JiaXipera МM1110Y,36,1
418,418100153349586100418,"85,85.5,87.5,89.5,91.5,93.5,94.5,92.5",20.8,83.31,99.22,JiaXipera МM1110Y,36,1
418,418100153349586090418,"79.5,83,86,87.5,88,91,90.5",20.5,82.84,98.76,JiaXipera МM1110Y,36,1
418,418100153349586070418,"85.5,85,85.5,87.5,90,91.5,90.5,92.5",20.6,82.99,98.91,JiaXipera МM1110Y,36,1
418,418100153349586060418,"77.5,81,83,85,87,89.5,92.5,92",20.7,83.15,99.06,JiaXipera МM1110Y,36,1
418,418100153349586050418,"84.5,86.5,89,89.5,91,90.5",20.6,82.99,98.91,JiaXipera МM1110Y,36,1
418,418100153349586040418,"83,82,81.5,84.5,86,87.5,87",20.7,83.15,99.06,JiaXipera МM1110Y,36,1
418,418100153349586000418,"83,82.5,84,85,88.5,87.5,89.5,89,88",20.7,83.15,99.06,JiaXipera МM1110Y,36,1
418,418100153349589160418,"80,80.5,81,81.5,82,83,86.5,85",16.2,76.05,92.16,JiaXipera МM1110Y,36,1
418,418100153349585980418,"79,81,84.5,85,86,88,89",20.7,83.15,99.06,JiaXipera МM1110Y,36,1
418,418100153349585970418,"84.5,84,86.5,88.5,89,89.5,91,92.5,92",20.7,83.15,99.06,JiaXipera МM1110Y,36,1
418,418100153349585960418,"81.5,84.5,85,87.5,90,93,94.5,96",20.9,83.47,99.37,JiaXipera МM1110Y,36,1
418,418100153349585940418,"84.5,86,88,90.5,92,92.5,94.5,92.5",20.8,83.31,99.22,JiaXipera МM1110Y,36,1
418,418100153349585930418,"82,85.5,88.5,90.5,91.5,92.5,93.5,91",21.3,84.1,99.98,JiaXipera МM1110Y,36,1
418,418100153349585910418,"81,82,85.5,88,88.5,91,92.5,90.5",20.8,83.31,99.22,JiaXipera МM1110Y,36,1
418,418100153349585900418,"79.5,81,84.5,86.5,88,90,93.5",20.8,83.31,99.22,JiaXipera МM1110Y,36,1
418,418100153349589400418,"76.5,77.5,79,79.5,81,83.5,82.5",15.8,75.42,91.55,JiaXipera МM1110Y,36,1
418,418100153349585880418,"79.5,82,82.5,86.5,87.5,90,92.5,90.5",20.8,83.31,99.22,JiaXipera МM1110Y,36,1
418,418100153349585870418,"82,86,85.5,86,87.5,88,91.5,89.5",20.2,82.36,98.3,JiaXipera МM1110Y,36,1
418,418100153349585840418,"83,79,80.5,86.5,89,90,94.5,92.5,93",20.9,83.47,99.37,JiaXipera МM1110Y,36,1
418,418100153349585820418,"84.5,86,87,86.5,88.5,90,92,90.5",21.4,84.26,100.14,JiaXipera МM1110Y,36,1
418,418100153349585810418,"81.5,83,85,86.5,87.5,89,89.5",20.9,83.47,99.37,JiaXipera МM1110Y,36,1
418,418100153349585800418,"84.5,83.5,84.5,87.5,88.5,89.5,92,92.5",20.2,82.36,98.3,JiaXipera МM1110Y,36,1
418,418100153349585790418,"81.5,83.5,85,86.5,87.5,89,90",20.9,83.47,99.37,JiaXipera МM1110Y,36,1
418,418100153349585780418,"83,85,86.5,89,91.5,94,95.5,94.5",20.9,83.47,99.37,JiaXipera МM1110Y,36,1
418,418100153349585750418,"83,82.5,83.5,85,88,90.5,92,91.5",21.0,83.63,99.52,JiaXipera МM1110Y,36,1
418,418100153349589050418,"78,79.5,79,80.5,82,83.5,83",15.9,75.58,91.7,JiaXipera МM1110Y,36,1
418,418100153349585740418,"78.5,82.5,84.5,87,89,89.5,91,92.5,91.5",21.0,83.63,99.52,JiaXipera МM1110Y,36,1
418,418100153349585730418,"80,83,86,88,90,95,97.5,98",20.9,83.47,99.37,JiaXipera МM1110Y,36,1
418,418100153349585710418,"85.5,83,83.5,85,87.5,89.5,91.5,90",21.1,83.78,99.68,JiaXipera МM1110Y,36,1
418,418100153349585700418,"81.5,83,84,85,87,89.5,88.5,89.5",21.0,83.63,99.52,JiaXipera МM1110Y,36,1
418,418100153349585680418,"81.5,83.5,86,89,91,90.5,89.5",21.0,83.63,99.52,JiaXipera МM1110Y,36,1
418,418100153349585630418,"82.5,83,85.5,88,89.5,92.5,91",21.0,83.63,99.52,JiaXipera МM1110Y,36,1
418,418100153349585590418,"82.5,83,86,88,90.5,91.5,92,92.5",21.3,84.1,99.98,JiaXipera МM1110Y,36,1
418,418100153349585580418,"79.5,80.5,82.5,85,87,89,90,89.5",21.2,83.94,99.83,JiaXipera МM1110Y,36,1
418,418100153349585570418,"74,81.5,84.5,86.5,89,92,92.5,92",21.2,83.94,99.83,JiaXipera МM1110Y,36,1
418,418100153349585550418,"79.5,79,80.5,83.5,84,86,88.5,87.5",21.2,83.94,99.83,JiaXipera МM1110Y,36,1
418,418100153349590970418,"84.5,85,88,88.5,89.5,91.5,90.5",18.3,79.37,95.38,JiaXipera МM1110Y,36,1
418,418100153349585540418,"78.5,81,85,85.5,88,88.5,89,89.5,91,90",21.3,84.1,99.98,JiaXipera МM1110Y,36,1
418,418100153349585530418,"79,81,84.5,85,85.5,88,90,91",21.3,84.1,99.98,JiaXipera МM1110Y,36,1
418,418100153349585510418,"80,82,84,87,88.5,93,92",21.3,84.1,99.98,JiaXipera МM1110Y,36,1
418,418100153349585500418,"75,80.5,82.5,85.5,88,90,92.5,93",21.3,84.1,99.98,JiaXipera МM1110Y,36,1
418,418100153349585460418,"82,83,84.5,85.5,88,89,90,88",21.4,84.26,100.14,JiaXipera МM1110Y,36,1
418,418100153349585450418,"79,81,86,89.5,92,93.5,97.5,95.5",21.3,84.1,99.98,JiaXipera МM1110Y,36,1
418,418100153349585440418,"79,80,83.5,87.5,89,92.5,95.5",21.3,84.1,99.98,JiaXipera МM1110Y,36,1
418,418100153349585430418,"80.5,84,87,89,91.5,93.5,94.5,95",21.4,84.26,100.14,JiaXipera МM1110Y,36,1
418,418100153349585420418,"79,81.5,82.5,84.5,87,88.5,91,91.5",21.4,84.26,100.14,JiaXipera МM1110Y,36,1
418,418100153349585380418,"85,85.5,87.5,90,91.5,93,96,94.5",21.4,84.26,100.14,JiaXipera МM1110Y,36,1
418,418100153349585370418,"80.5,82.5,83.5,89,90.5,93,95.5,96.5",21.4,84.26,100.14,JiaXipera МM1110Y,36,1
418,418100153349589940418,"80.5,81,80.5,81.5,82,83.5,85,84",16.2,76.05,92.16,JiaXipera МM1110Y,36,1
418,418100153349585360418,"78.5,83.5,85,90,91.5,93.5,97,96.5",21.4,84.26,100.14,JiaXipera МM1110Y,36,1
418,418100153349585350418,"80.5,83,86,87.5,89.5,92,90.5",21.4,84.26,100.14,JiaXipera МM1110Y,36,1
418,418100153349585340418,"81.5,84,86,88,91,94,94.5",21.4,84.26,100.14,JiaXipera МM1110Y,36,1
418,418100153349585330418,"79.5,83,84.5,87.5,88.5,90,91,91.5",21.4,84.26,100.14,JiaXipera МM1110Y,36,1
418,418100153349587610418,"79.5,80.5,82,83,83.5,85.5,87",18.3,79.37,95.38,JiaXipera МM1110Y,36,1
418,418100153349585200418,"84,79.5,81.5,82.5,86,86.5,87.5,88.5,90",20.1,82.21,98.14,JiaXipera МM1110Y,36,1
418,418100153349585190418,"85,84.5,85,87,85,86.5,88,90.5",20.2,82.36,98.3,JiaXipera МM1110Y,36,1
418,418100153349585170418,"84,82.5,85.5,87,88.5,89,88.5",20.2,82.36,98.3,JiaXipera МM1110Y,36,1
418,418100153349585150418,"81,80.5,85,87,88.5,90,89.5",20.2,82.36,98.3,JiaXipera МM1110Y,36,1
418,418100153349585130418,"83.5,84.5,87,88.5,90.5,92.5,91.5",20.3,82.52,98.45,JiaXipera МM1110Y,36,1
418,418100153349586990418,"77.5,80.5,81.5,86,85,87,89,90.5,90",19.7,81.57,97.53,JiaXipera МM1110Y,36,1
418,418100153349585120418,"82.5,82,83,85.5,88,87",20.2,82.36,98.3,JiaXipera МM1110Y,36,1
418,418100153349585100418,"87,85,86,87,88.5,90.5,91.5,89.5",20.2,82.36,98.3,JiaXipera МM1110Y,36,1
418,418100153349585090418,"83.5,87,87.5,88.5,90,93,90.5",20.2,82.36,98.3,JiaXipera МM1110Y,36,1
418,418100153349591240418,"83,82.5,83,84.5,85.5,86,87.5,86.5",18.1,79.05,95.08,JiaXipera МM1110Y,36,1
418,418100153349585070418,"80,81.5,82,85.5,87,88,87.5,89",20.1,82.21,98.14,JiaXipera МM1110Y,36,1
418,418100153349585060418,"85,84.5,87,88,90.5,91.5,92.5,91.5",20.3,82.52,98.45,JiaXipera МM1110Y,36,1
418,418100153349590270418,"76.5,80,80.5,82,83.5,86,85.5,86",18.3,79.37,95.38,JiaXipera МM1110Y,36,1
418,418100153349585040418,"84.5,84,84.5,85,86,88,88.5",20.1,82.21,98.14,JiaXipera МM1110Y,36,1
418,418100153349585480418,"81,82,85,89,90.5,91.5,93.5,95,95.5,96.5",21.3,84.1,99.98,JiaXipera МM1110Y,36,1
418,418100153349585010418,"80,83,84.5,85,87.5,88.5,90,87.5,88",20.2,82.36,98.3,JiaXipera МM1110Y,36,1
418,418100153349585000418,"84.5,84,86,88.5,90,89.5",20.1,82.21,98.14,JiaXipera МM1110Y,36,1
418,418100153349584980418,"83.5,83,85.5,86.5,87,90,89",20.1,82.21,98.14,JiaXipera МM1110Y,36,1
418,418100153349584950418,"78.5,81.5,83.5,85,86,88,87.5",20.2,82.36,98.3,JiaXipera МM1110Y,36,1
418,418100153349588580418,"74.5,75,75.5,78,79.5,83,82",17.0,77.32,93.39,JiaXipera МM1110Y,36,1
418,418100153349584940418,"80,82,83,85.5,87.5,90,90.5,90",20.1,82.21,98.14,JiaXipera МM1110Y,36,1
418,418100153349584930418,"81,85.5,83.5,85.5,86.5,89,87",20.2,82.36,98.3,JiaXipera МM1110Y,36,1
418,418100153349584920418,"81.5,82,83.5,86,88.5,91.5,92.5,91.5",20.1,82.21,98.14,JiaXipera МM1110Y,36,1
418,418100153349584910418,"79,81,81.5,84.5,87.5,88.5,91.5,89,90",20.1,82.21,98.14,JiaXipera МM1110Y,36,1
418,418100153349584900418,"83,84.5,84,86,85.5,89,91,90",20.2,82.36,98.3,JiaXipera МM1110Y,36,1
418,418100153349585020418,"84,83.5,85.5,84.5,88,90,90.5,89.5",20.1,82.21,98.14,JiaXipera МM1110Y,36,1
418,418100153349584890418,"85,84,83.5,85,87,90,89.5,90.5",20.2,82.36,98.3,JiaXipera МM1110Y,36,1
418,418100153349584860418,"80.5,82.5,84,85.5,87.5,89,91.5,89.5",20.2,82.36,98.3,JiaXipera МM1110Y,36,1
418,418100153349584850418,"74.5,82,83.5,85,86.5,87,88,86.5",20.2,82.36,98.3,JiaXipera МM1110Y,36,1
418,418100153349584820418,"82.5,84,86.5,89,91,92,90.5",20.2,82.36,98.3,JiaXipera МM1110Y,36,1
418,418100153349586690418,"84,81.5,83.5,87.5,89,90,91.5,92",20.3,82.52,98.45,JiaXipera МM1110Y,36,1
418,418100153349584800418,"84,86.5,88,90,92,92.5,91.5",20.3,82.52,98.45,JiaXipera МM1110Y,36,1
418,418100153349584790418,"81,82,83,84.5,87,88,89,90",20.2,82.36,98.3,JiaXipera МM1110Y,36,1
418,418100153349584780418,"82,84,84.5,87,90.5,93,92.5,94",20.3,82.52,98.45,JiaXipera МM1110Y,36,1
418,418100153349584770418,"82,83,84,89,88.5,91,92.5,91.5",20.2,82.36,98.3,JiaXipera МM1110Y,36,1
418,418100153349584750418,"80.5,81.5,84.5,86,89,92.5,95,92.5",20.2,82.36,98.3,JiaXipera МM1110Y,36,1
418,418100153349584730418,"79.5,82.5,84,86.5,91,93,95,95.5",20.2,82.36,98.3,JiaXipera МM1110Y,36,1
418,418100153349584700418,"80.5,83,84,85,87,88.5,90.5,90",20.2,82.36,98.3,JiaXipera МM1110Y,36,1
418,418100153349584680418,"80.5,82.5,83.5,86,90,91.5,94,94.5",20.2,82.36,98.3,JiaXipera МM1110Y,36,1
418,418100153349584670418,"81,82.5,84.5,86,88.5,90.5,91",20.3,82.52,98.45,JiaXipera МM1110Y,36,1
418,418100153349584660418,"80.5,80,81.5,84,86,86.5,88,87",20.2,82.36,98.3,JiaXipera МM1110Y,36,1
418,418100153349584650418,"84.5,83,83.5,86,88.5,91,90.5",20.3,82.52,98.45,JiaXipera МM1110Y,36,1
418,418100153349584630418,"83.5,82,84,85.5,88.5,87",20.4,82.68,98.6,JiaXipera МM1110Y,36,1
418,418100153349584620418,"81.5,83.5,84,87,89.5,91.5,90",20.3,82.52,98.45,JiaXipera МM1110Y,36,1
418,418100153349586140418,"85.5,84,86,88,89.5,91.5,93.5,92.5",20.9,83.47,99.37,JiaXipera МM1110Y,36,1
418,418100153349584610418,"80,81.5,83,84.5,86,87.5,90,89",20.3,82.52,98.45,JiaXipera МM1110Y,36,1
418,418100153349584570418,"82.5,86.5,87.5,88.5,90,91.5,90.5",20.4,82.68,98.6,JiaXipera МM1110Y,36,1
418,418100153349584560418,"81,83.5,85,85.5,87.5,88.5,91,94,92.5",20.4,82.68,98.6,JiaXipera МM1110Y,36,1
418,418100153349584550418,"80.5,82,83,85,86,88,89.5,91,90.5",20.4,82.68,98.6,JiaXipera МM1110Y,36,1
418,418100153349588570418,"84,78.5,83.5,84.5,86,87,88,87.5",17.1,77.47,93.54,JiaXipera МM1110Y,36,1
418,418100153349584540418,"80.5,82.5,84,86,88.5,89,91.5,90.5",20.4,82.68,98.6,JiaXipera МM1110Y,36,1
418,418100153349584480418,"78.5,80,79.5,84,87,88,89.5",20.4,82.68,98.6,JiaXipera МM1110Y,36,1
418,418100153349584470418,"81,81.5,82.5,86,88,89,92.5,92",20.4,82.68,98.6,JiaXipera МM1110Y,36,1
418,418100153349584430418,"77.5,82.5,86,87,87.5,90,92.5",20.4,82.68,98.6,JiaXipera МM1110Y,36,1
418,418100153349588700418,"76.5,78.5,77,80.5,81.5,83.5,85.5,84.5",16.8,77.0,93.08,JiaXipera МM1110Y,36,1
418,418100153349584410418,"81.5,84,85.5,88,91,95.5,99,97",20.4,82.68,98.6,JiaXipera МM1110Y,36,1
418,418100153349584400418,"79,80.5,82,84.5,86.5,89,91,90",20.4,82.68,98.6,JiaXipera МM1110Y,36,1
418,418100153349584390418,"81,84.5,86,89.5,92,95.5,97,96",20.4,82.68,98.6,JiaXipera МM1110Y,36,1
418,418100153349584350418,"80.5,83.5,85.5,88.5,91.5,94.5,95,93.5",20.4,82.68,98.6,JiaXipera МM1110Y,36,1
418,418100153349585110418,"82.5,84.5,87.5,89,90,91,89.5",20.1,82.21,98.14,JiaXipera МM1110Y,36,1
418,418100153349584340418,"82,83.5,86,88.5,91,93.5,94.5,96",20.4,82.68,98.6,JiaXipera МM1110Y,36,1
418,418100153349474460418,"79.5,83,83.5,85,86,87,88.5,86",18.1,79.05,95.08,JiaXipera МM1110Y,36,1
418,418100153349474450418,"82.5,81,83,84.5,85.5,87,88.5,87.5",18.0,78.89,94.92,JiaXipera МM1110Y,36,1
418,418100153349474440418,"82.5,83.5,83,84,85.5,87,88,86.5",18.0,78.89,94.92,JiaXipera МM1110Y,36,1
418,418100153349474420418,"80,83,82,85,86.5,87,89,88.5",18.1,79.05,95.08,JiaXipera МM1110Y,36,1
418,418100153349586510418,"93.5,94,95,94,93.5,92.5,90.5",20.3,82.52,98.45,JiaXipera МM1110Y,36,1
418,418100153349585720418,"83,84,85,87,89,91,91.5,91",21.1,83.78,99.68,JiaXipera МM1110Y,36,1
418,418100153349474400418,"77.5,80.5,82,83,84,85,86,87.5",18.1,79.05,95.08,JiaXipera МM1110Y,36,1
418,418100153349474390418,"81,82,82.5,84,85,86.5,88.5,88",18.1,79.05,95.08,JiaXipera МM1110Y,36,1
418,418100153349589880418,"81,81.5,84,84.5,87,88,89.5,87",18.2,79.21,95.23,JiaXipera МM1110Y,36,1
418,418100153349587960418,"75.5,78.5,79,80.5,82.5,83,85,84",17.4,77.95,94.0,JiaXipera МM1110Y,36,1
418,418100153349474370418,"74,79.5,80.5,80,81.5,82.5,85,84.5,83.5",18.1,79.05,95.08,JiaXipera МM1110Y,36,1
418,418100153349474360418,"78.5,79.5,80.5,82,82.5,86,85",18.1,79.05,95.08,JiaXipera МM1110Y,36,1
418,418100153349474340418,"77,72,77,80,84.5,86.5,87,89,90",18.1,79.05,95.08,JiaXipera МM1110Y,36,1
418,418100153349585610418,"80,83.5,86,88,91.5,91",21.2,83.94,99.83,JiaXipera МM1110Y,36,1
418,418100153349474330418,"76,82,82.5,83,85.5,86,86.5",18.4,79.52,95.54,JiaXipera МM1110Y,36,1
418,418100153349474320418,"77,78,80.5,83,84,85.5,88,89",18.1,79.05,95.08,JiaXipera МM1110Y,36,1
418,418100153349474290418,"75.5,78,79,82,84.5,86.5,88.5,88",18.2,79.21,95.23,JiaXipera МM1110Y,36,1
418,418100153349589830418,"83.5,81,82,85,86.5,87,86",18.3,79.37,95.38,JiaXipera МM1110Y,36,1
418,418100153349474270418,"76.5,77.5,79.5,82.5,86,87.5,89,88",18.1,79.05,95.08,JiaXipera МM1110Y,36,1
418,418100153349474240418,"81.5,82,84.5,85.5,87.5,86.5,87",18.2,79.21,95.23,JiaXipera МM1110Y,36,1
418,418100153349474180418,"76,81,81.5,84,86.5,87.5,91,89.5",18.3,79.37,95.38,JiaXipera МM1110Y,36,1
418,418100153349474170418,"79.5,82.5,83,85.5,87.5,90.5,91.5,91",18.3,79.37,95.38,JiaXipera МM1110Y,36,1
418,418100153349474110418,"76.5,79.5,80.5,83.5,84,85.5,85",18.4,79.52,95.54,JiaXipera МM1110Y,36,1
418,418100153349474100418,"81,80,80.5,82,84,83.5,83",18.3,79.37,95.38,JiaXipera МM1110Y,36,1
418,418100153349474090418,"79.5,81,82.5,82,83.5,85,87,87.5",18.4,79.52,95.54,JiaXipera МM1110Y,36,1
418,418100153349474080418,"78.5,77.5,80.5,81,80.5,82.5,84,84.5,85,86",18.3,79.37,95.38,JiaXipera МM1110Y,36,1
418,418100153349590130418,"80.5,83,81.5,85,86,88.5,89,89.5,88",18.9,80.31,96.3,JiaXipera МM1110Y,36,1
418,418100153349474060418,"79.5,78,78.5,81,81.5,82.5,83,83.5",18.4,79.52,95.54,JiaXipera МM1110Y,36,1
418,418100153349474050418,"78,81.5,81,83,84,85,84.5",18.5,79.68,95.69,JiaXipera МM1110Y,36,1
418,418100153349474010418,"82.5,85.5,88,88.5,89.5,88.5",18.5,79.68,95.69,JiaXipera МM1110Y,36,1
418,418100153349473990418,"76,80,83,84,83.5,87,86.5",18.4,79.52,95.54,JiaXipera МM1110Y,36,1
418,418100153349473980418,"84.5,82.5,84,85,85.5,87.5,89,88",18.5,79.68,95.69,JiaXipera МM1110Y,36,1
418,418100153349591600418,"78,79,81,84,87.5,88.5,89.5,90",18.3,79.37,95.38,JiaXipera МM1110Y,36,1
418,418100153349585180418,"83.5,82.5,83,85.5,86.5,88.5,88",20.2,82.36,98.3,JiaXipera МM1110Y,36,1
418,418100153349473970418,"80,80.5,81.5,83.5,85.5,88.5,87",18.5,79.68,95.69,JiaXipera МM1110Y,36,1
418,418100153349473960418,"83,83.5,85,87,88.5,89,89.5,89",18.5,79.68,95.69,JiaXipera МM1110Y,36,1
418,418100153349473920418,"79.5,82.5,83.5,85,86,87,88.5,90.5,89.5",18.5,79.68,95.69,JiaXipera МM1110Y,36,1
418,418100153349473900418,"78.5,81,83,82.5,86,88.5,89.5,88",18.5,79.68,95.69,JiaXipera МM1110Y,36,1
418,418100153349473860418,"78.5,81,83.5,84.5,86.5,85.5,85",18.3,79.37,95.38,JiaXipera МM1110Y,36,1
418,418100153349473840418,"77.5,80.5,82,84.5,88,90,88.5",18.5,79.68,95.69,JiaXipera МM1110Y,36,1
418,418100153349473830418,"80,81.5,83,85,88.5,88,90,89.5",18.5,79.68,95.69,JiaXipera МM1110Y,36,1
418,418100153349473760418,"80.5,81,83.5,84,85.5,87,87.5,86.5",18.6,79.84,95.84,JiaXipera МM1110Y,36,1
418,418100153349473750418,"82,82.5,83.5,84.5,84,86,87,86",18.7,80.0,96.0,JiaXipera МM1110Y,36,1
418,418100153349473710418,"78.5,79,81,82,83,84,83.5",18.3,79.37,95.38,JiaXipera МM1110Y,36,1
418,418100153349473690418,"80,82.5,85,86,87,87.5,87",18.7,80.0,96.0,JiaXipera МM1110Y,36,1
418,418100153349585990418,"84.5,85,87.5,89,91.5,92,91",20.7,83.15,99.06,JiaXipera МM1110Y,36,1
418,418100153349473670418,"78,80,83,86.5,88.5,90.5,89",18.7,80.0,96.0,JiaXipera МM1110Y,36,1
418,418100153349473660418,"81.5,80.5,82.5,84,84.5,86.5,88,86",18.4,79.52,95.54,JiaXipera МM1110Y,36,1
418,418100153349473650418,"82.5,82,85,85.5,86.5,88.5,87",18.4,79.52,95.54,JiaXipera МM1110Y,36,1
418,418100153349473640418,"82,83,85,87.5,87,88.5,88",18.5,79.68,95.69,JiaXipera МM1110Y,36,1
418,418100153349473630418,"80,79.5,80,83.5,83,85,86.5,85",18.6,79.84,95.84,JiaXipera МM1110Y,36,1
418,418100153349473620418,"80.5,83,83.5,85,86.5,87.5,88.5,88",18.8,80.16,96.15,JiaXipera МM1110Y,36,1
418,418100153349473610418,"78,86,86.5,88.5,89.5,91,92.5,90.5",18.7,80.0,96.0,JiaXipera МM1110Y,36,1
418,418100153349588170418,"83,81,84,86,87.5,88.5,86.5",17.3,77.79,93.85,JiaXipera МM1110Y,36,1
418,418100153349473600418,"84,87,85.5,87.5,88.5,91.5,90.5",18.6,79.84,95.84,JiaXipera МM1110Y,36,1
418,418100153349585670418,"82,85,85.5,89,91.5,92,91.5,93.5",21.0,83.63,99.52,JiaXipera МM1110Y,36,1
418,418100153349473580418,"75.5,81,83,86.5,87,89.5,89",18.6,79.84,95.84,JiaXipera МM1110Y,36,1
418,418100153349473570418,"80,78,79,83,82,84,85.5,85",18.6,79.84,95.84,JiaXipera МM1110Y,36,1
418,418100153349473550418,"79,80.5,79.5,83.5,85.5,87.5,86.5",18.7,80.0,96.0,JiaXipera МM1110Y,36,1
418,418100153349473540418,"77.5,81,82.5,85,85.5,88,87",18.7,80.0,96.0,JiaXipera МM1110Y,36,1
418,418100153349586980418,"77,79.5,80.5,83,84.5,87.5,89.5,88.5",19.8,81.73,97.68,JiaXipera МM1110Y,36,1
418,418100153349473530418,"75,78,80.5,83,86.5,88,87.5",18.7,80.0,96.0,JiaXipera МM1110Y,36,1
418,418100153349584960418,"81.5,83,86,86.5,90,91.5,91",20.2,82.36,98.3,JiaXipera МM1110Y,36,1
418,418100153349473510418,"79,80,83,83.5,84.5,85.5,86,87.5,89,88",18.7,80.0,96.0,JiaXipera МM1110Y,36,1
418,418100153349473500418,"80.5,82,85,86,87.5,89.5,91,90.5,92.5",18.7,80.0,96.0,JiaXipera МM1110Y,36,1
418,418100153349473490418,"77.5,79.5,81.5,84,84.5,86,86.5",18.7,80.0,96.0,JiaXipera МM1110Y,36,1
418,418100153349473480418,"83.5,81,81.5,82.5,84.5,85.5,87,87.5,88.5",18.8,80.16,96.15,JiaXipera МM1110Y,36,1
418,418100153349473470418,"78.5,79,80,82,84,85,86.5,87.5",18.8,80.16,96.15,JiaXipera МM1110Y,36,1
418,418100153349473870418,"79,80.5,81.5,83.5,86,88,89,87",18.5,79.68,95.69,JiaXipera МM1110Y,36,1
418,418100153349473460418,"82.5,81,81.5,83,84.5,86,88.5,86",19.2,80.79,96.76,JiaXipera МM1110Y,36,1
418,418100153349588670418,"79,80,81,80,81,81.5,82,83.5,82.5",16.9,77.16,93.24,JiaXipera МM1110Y,36,1
418,418100153349473450418,"84,82,84.5,85,86,87.5,90,87.5",18.7,80.0,96.0,JiaXipera МM1110Y,36,1
418,418100153349464570418,"83,80.5,84,86,93,92,94",19.2,80.79,96.76,JiaXipera МM1110Y,36,1
418,418100153349467510418,"76,79,80.5,81.5,83,84.5,87,87.5,86",18.4,79.52,95.54,JiaXipera МM1110Y,36,1
418,418100153349466780418,"81.5,81,82.5,86,86.5,88.5,90,89,90.5",19.0,80.47,96.46,JiaXipera МM1110Y,36,1
418,418100153349587010418,"81,83,83.5,85,84.5,88.5,92.5,90,89.5",19.7,81.57,97.53,JiaXipera МM1110Y,36,1
418,418100153349466650418,"75,75.5,75,77,77.5,79.5,77.5",16.8,77.0,93.08,JiaXipera МM1110Y,36,1
418,418100153349588110418,"80.5,81,82.5,83,84.5,85.5,84",17.5,78.1,94.16,JiaXipera МM1110Y,36,1
418,418100153349466580418,"80.5,81,81.5,83.5,84,85.5,86,86.5,88.5",18.6,79.84,95.84,JiaXipera МM1110Y,36,1
418,418100153349467850418,"78.5,79.5,81.5,83.5,83",17.6,78.26,94.31,JiaXipera МM1110Y,36,1
418,418100153349466410418,"81,82,83.5,85.5,86,87,88.5,89,88,89,90",18.7,80.0,96.0,JiaXipera МM1110Y,36,1
418,418100153349466370418,"85.5,84.5,86,86.5,88.5,91,92.5,91",20.5,82.84,98.76,JiaXipera МM1110Y,36,1
418,418100153349591590418,"76.5,79.5,80,82.5,84.5,86.5,85.5",17.8,78.58,94.62,JiaXipera МM1110Y,36,1
418,418100153349309360418,"78.5,81,82.5,84,85,86,85",15.5,74.95,91.09,JiaXipera МM1110Y,36,1
418,418100153349590300418,"81.5,83.5,84,87,88.5,91.5,91",18.3,79.37,95.38,JiaXipera МM1110Y,36,1
418,418100153349466350418,"81.5,82.5,84.5,85.5,88,88.5,88,87.5",18.8,80.16,96.15,JiaXipera МM1110Y,36,1
418,418100153349591470418,"82,81.5,80,81,83,84,84.5,85.5",18.4,79.52,95.54,JiaXipera МM1110Y,36,1
418,418100153349463770418,"77.5,79,80,80.5,82.5,81.5",16.9,77.16,93.24,JiaXipera МM1110Y,36,1
418,418100153349466340418,"81,82,82.5,84.5,86,88,88.5,90,89.5",18.7,80.0,96.0,JiaXipera МM1110Y,36,1
418,418100153349462700418,"77.5,78,80.5,79.5,83,81.5,83,85",17.6,78.26,94.31,JiaXipera МM1110Y,36,1
418,418100153349589130418,"77.5,77,76.5,77.5,79,80.5,81.5,80.5",15.8,75.42,91.55,JiaXipera МM1110Y,36,1
418,418100153349467100418,"74,78,79,80,80.5,82.5,85.5,85,87.5,87",18.5,79.68,95.69,JiaXipera МM1110Y,36,1
418,418100153349463370418,"80,79,81,81.5,84,84.5,85,83",17.3,77.79,93.85,JiaXipera МM1110Y,36,1
418,418100153349466310418,"80,80.5,81.5,83.5,85.5,86,88.5,85.5",18.6,79.84,95.84,JiaXipera МM1110Y,36,1
418,418100153349464130418,"82,85,86.5,89,91.5,93,95,93.5",19.6,81.42,97.38,JiaXipera МM1110Y,36,1
418,418100153349588940418,"78.5,77,77.5,81,82,84,87,86.5",16.6,76.69,92.78,JiaXipera МM1110Y,36,1
418,418100153349588300418,"80,81,80.5,82.5,84,86.5,85",17.1,77.47,93.54,JiaXipera МM1110Y,36,1
418,418100153349309240418,"82,81.5,82.5,81.5,83.5,86,84",16.0,75.74,91.86,JiaXipera МM1110Y,36,1
418,418100153349467550418,"80.5,77,79,78.5,81,83.5,84,85,85.5",18.1,79.05,95.08,JiaXipera МM1110Y,36,1
418,418100153349472790418,"79,80,81,82,83.5,85,86,85.5",19.3,80.94,96.92,JiaXipera МM1110Y,36,1
418,418100153349585920418,"84,85.5,86,87.5,89.5,90.5,93,91.5",20.8,83.31,99.22,JiaXipera МM1110Y,36,1
418,418100153349464030418,"76.5,77,78,78.5,80,81,83,82.5",16.9,77.16,93.24,JiaXipera МM1110Y,36,1
418,418100153349466140418,"77,79,81.5,83,84.5,85,84.5",19.0,80.47,96.46,JiaXipera МM1110Y,36,1
418,418100153349465160418,"75,81,82.5,85,87.5,90,90.5,92",18.9,80.31,96.3,JiaXipera МM1110Y,36,1
418,418100153349466130418,"79.5,80.5,81.5,83.5,84.5,86.5,86,87,88",18.9,80.31,96.3,JiaXipera МM1110Y,36,1
418,418100153349463640418,"78.5,78,80.5,81.5,82,83,84.5,84",17.0,77.32,93.39,JiaXipera МM1110Y,36,1
418,418100153349466110418,"82,82.5,83,84.5,86.5,86,87",19.2,80.79,96.76,JiaXipera МM1110Y,36,1
418,418100153349470410418,"75,76.5,78.5,80.5,81.5,82,84,83.5",17.2,77.63,93.7,JiaXipera МM1110Y,36,1
418,418100153349466040418,"75.5,78,80,79.5,82.5,85,86.5,85.5",18.9,80.31,96.3,JiaXipera МM1110Y,36,1
418,418100153349463600418,"82.5,82,82.5,83,84,85,86.5,86",17.3,77.79,93.85,JiaXipera МM1110Y,36,1
418,418100153349465940418,"82.5,77.5,82,83.5,84,85.5,87,88.5,88",19.2,80.79,96.76,JiaXipera МM1110Y,36,1
418,418100153349462850418,"81,81.5,83.5,85,87.5,88.5,88",17.5,78.1,94.16,JiaXipera МM1110Y,36,1
418,418100153349588770418,"78.5,77,79.5,80.5,81.5,84.5,83.5",17.0,77.32,93.39,JiaXipera МM1110Y,36,1
418,418100153349468570418,"75.5,77.5,78.5,82,84.5,88.5,90,90.5",17.7,78.42,94.46,JiaXipera МM1110Y,36,1
418,418100153349465930418,"77.5,79.5,80,82,83.5,86,85.5",18.5,79.68,95.69,JiaXipera МM1110Y,36,1
418,418100153349469620418,"74,77.5,79.5,80,83,84.5,85.5,86.5,87.5",16.9,77.16,93.24,JiaXipera МM1110Y,36,1
418,418100153349308680418,"77,77.5,79,80.5,82.5,83.5,84.5",17.1,77.47,93.54,JiaXipera МM1110Y,36,1
418,418100153349465790418,"78,77.5,79,82,83,84,85,86,87.5,89.5",19.4,81.1,97.07,JiaXipera МM1110Y,36,1
418,418100153349465760418,"77,82,79,82.5,84,85.5,87,86.5",18.6,79.84,95.84,JiaXipera МM1110Y,36,1
418,418100153349467740418,"80.5,81,80.5,82.5,84,85.5,88,87",17.8,78.58,94.62,JiaXipera МM1110Y,36,1
418,418100153349472690418,"78,79.5,82.5,88.5,89.5,92,91",19.3,80.94,96.92,JiaXipera МM1110Y,36,1
418,418100153349465630418,"81,85.5,86,88.5,89,91,89",18.8,80.16,96.15,JiaXipera МM1110Y,36,1
418,418100153349465500418,"78.5,79,81.5,82.5,84.5,88,89,90.5",18.8,80.16,96.15,JiaXipera МM1110Y,36,1
418,418100153349472340418,"82.5,83.5,84.5,85.5,88,89,89.5,91",19.3,80.94,96.92,JiaXipera МM1110Y,36,1
418,418100153349590410418,"84,84.5,84,85.5,87,87.5,90,88.5",18.2,79.21,95.23,JiaXipera МM1110Y,36,1
418,418100153349465460418,"78.5,85,86.5,87,89.5,90,91.5,90.5",18.9,80.31,96.3,JiaXipera МM1110Y,36,1
418,418100153349468500418,"77.5,81.5,83.5,86.5,88.5,91,92,92",17.7,78.42,94.46,JiaXipera МM1110Y,36,1
418,418100153349465450418,"79,80,81.5,84.5,87.5,90.5,92,91.5",18.8,80.16,96.15,JiaXipera МM1110Y,36,1
418,418100153349473520418,"81,78,81,82,85,86,87.5,89.5,90.5,92.5,92,91.5",18.7,80.0,96.0,JiaXipera МM1110Y,36,1
418,418100153349465440418,"80,81,83.5,85.5,87,89.5,90,89.5",18.8,80.16,96.15,JiaXipera МM1110Y,36,1
418,418100153349465430418,"80,81.5,83,86,85.5,88,88.5,88",18.8,80.16,96.15,JiaXipera МM1110Y,36,1
418,418100153349591570418,"83.5,81.5,82.5,83.5,85,86,85.5,86",17.7,78.42,94.46,JiaXipera МM1110Y,36,1
418,418100153349586120418,"82.5,82,83,86,86.5,88.5,90,89",20.8,83.31,99.22,JiaXipera МM1110Y,36,1
418,418100153349584640418,"82.5,83,86,88,90,93.5",20.4,82.68,98.6,JiaXipera МM1110Y,36,1
418,418100153349474070418,"81,80,81.5,82,83,84.5,86,84.5",18.4,79.52,95.54,JiaXipera МM1110Y,36,1
418,418100153349463470418,"79.5,82,83.5,85.5,86.5,86",18.3,79.37,95.38,JiaXipera МM1110Y,36,1
418,418100153349464160418,"82,85.5,87.5,90.5,93.5,94,93.5",19.6,81.42,97.38,JiaXipera МM1110Y,36,1
418,418100153349472420418,"77,79.5,82.5,83.5,84.5,85.5,87,86.5",19.2,80.79,96.76,JiaXipera МM1110Y,36,1
418,418100153349469630418,"80,80.5,81.5,82.5,84,89,85,84",17.0,77.32,93.39,JiaXipera МM1110Y,36,1
418,418100153349465370418,"80.5,81,84.5,87,89,92.5,93.5,93",18.8,80.16,96.15,JiaXipera МM1110Y,36,1
418,418100153349467720418,"78,81,80.5,83.5,83,86,85.5,87,89,89.5",17.8,78.58,94.62,JiaXipera МM1110Y,36,1
418,418100153349465350418,"78,81,82,83.5,86,88,89",18.9,80.31,96.3,JiaXipera МM1110Y,36,1
418,418100153349466900418,"80,81.5,81,83.5,84.5,85,86.5,87.5",18.4,79.52,95.54,JiaXipera МM1110Y,36,1
418,418100153349590330418,"83,82.5,84.5,85.5,87,87.5,88",18.2,79.21,95.23,JiaXipera МM1110Y,36,1
418,418100153349465320418,"78.5,81,81.5,83.5,84.5,86.5,87.5,88.5",18.9,80.31,96.3,JiaXipera МM1110Y,36,1
418,418100153349469320418,"77.5,75.5,77.5,81.5,84.5,86.5,86.5",17.5,78.1,94.16,JiaXipera МM1110Y,36,1
418,418100153349465730418,"82.5,81,83.5,86.5,85.5,86,87.5,88,89.5",18.9,80.31,96.3,JiaXipera МM1110Y,36,1
418,418100153349466710418,"78,80,79,81,81.5,85.5,86,87.5,87",18.9,80.31,96.3,JiaXipera МM1110Y,36,1
418,418100153349469530418,"71.5,77.5,78,80,82,82.5,84,84.5",17.2,77.63,93.7,JiaXipera МM1110Y,36,1
418,418100153349474410418,"79,82,83.5,85,87.5,86",18.0,78.89,94.92,JiaXipera МM1110Y,36,1
418,418100153349462830418,"77.5,80,81.5,83.5,84.5,86.5,90,88.5",17.4,77.95,94.0,JiaXipera МM1110Y,36,1
418,418100153349590310418,"82,81.5,84,85.5,87.5,89,90.5,89.5",18.7,80.0,96.0,JiaXipera МM1110Y,36,1
418,418100153349465280418,"83,82.5,84,85,88,87,89.5,86.5",18.9,80.31,96.3,JiaXipera МM1110Y,36,1
418,418100153349465220418,"82,83,84,83.5,85,85.5,87.5,89",19.0,80.47,96.46,JiaXipera МM1110Y,36,1
418,418100153349474350418,"79.5,80,82,80,83,86,87,88",18.1,79.05,95.08,JiaXipera МM1110Y,36,1
418,418100153349470140418,"77,79,80.5,82.5,84,84.5,87.5,86.5",17.2,77.63,93.7,JiaXipera МM1110Y,36,1
418,418100153349465190418,"80,81.5,82.5,86.5,88,89.5,92",18.8,80.16,96.15,JiaXipera МM1110Y,36,1
418,418100153349465170418,"83,81.5,82.5,84,85,87,87.5,88",19.0,80.47,96.46,JiaXipera МM1110Y,36,1
418,418100153349472800418,"77,81.5,83,83.5,85,86.5,88,87.5",19.2,80.79,96.76,JiaXipera МM1110Y,36,1
418,418100153349465230418,"83,82,83,84.5,86,86.5,89.5,88.5",18.8,80.16,96.15,JiaXipera МM1110Y,36,1
418,418100153349471070418,"77.5,81,84,83.5,86,87,87.5",17.3,77.79,93.85,JiaXipera МM1110Y,36,1
418,418100153349591130418,"81.5,81,83.5,85,85.5,84.5",18.1,79.05,95.08,JiaXipera МM1110Y,36,1
418,418100153349465130418,"81.5,77.5,80,82.5,84.5,87,87.5,89,89.5",18.9,80.31,96.3,JiaXipera МM1110Y,36,1
418,418100153349466200418,"79.5,81,82.5,83.5,86,87,88.5,88,87.5",18.7,80.0,96.0,JiaXipera МM1110Y,36,1
418,418100153349464410418,"81.5,81,82.5,84,86,86.5,85.5",19.5,81.26,97.22,JiaXipera МM1110Y,36,1
418,418100153349472230418,"83,82.5,84,86,86.5,87,86",16.4,76.37,92.47,JiaXipera МM1110Y,36,1
418,418100153349465080418,"79.5,74.5,80.5,82,82.5,84.5,86,87,89,90,91.5",19.0,80.47,96.46,JiaXipera МM1110Y,36,1
418,418100153349584870418,"86.5,82.5,85.5,88.5,90,89",20.2,82.36,98.3,JiaXipera МM1110Y,36,1
418,418100153349472870418,"77.5,81.5,84,85,85.5,88,89,87.5",19.1,80.63,96.61,JiaXipera МM1110Y,36,1
418,418100153349465950418,"79,82,82.5,84,85.5,87,86,86.5",19.2,80.79,96.76,JiaXipera МM1110Y,36,1
418,418100153349465050418,"82.5,80.5,82.5,84,83.5,85,86.5,88",19.1,80.63,96.61,JiaXipera МM1110Y,36,1
418,418100153349589380418,"79.5,82,82.5,84,86,87,88.5,89,88.5",18.6,79.84,95.84,JiaXipera МM1110Y,36,1
418,418100153349465010418,"80,77,80,83.5,84.5,85.5,87,87.5",19.1,80.63,96.61,JiaXipera МM1110Y,36,1
418,418100153349465390418,"77.5,83.5,86,87,88.5,89",18.9,80.31,96.3,JiaXipera МM1110Y,36,1
418,418100153349465000418,"81.5,79,81,81.5,83,85.5,87.5,88,88.5",19.1,80.63,96.61,JiaXipera МM1110Y,36,1
418,418100153349464990418,"78,82.5,84,86,88,89.5,90,89",19.2,80.79,96.76,JiaXipera МM1110Y,36,1
418,418100153349465410418,"73.5,81,83.5,85.5,87.5,90,90.5,89.5",18.9,80.31,96.3,JiaXipera МM1110Y,36,1
418,418100153349588720418,"75.5,76,77.5,79.5,80,81,81.5,80.5",16.8,77.0,93.08,JiaXipera МM1110Y,36,1
418,418100153349465700418,"80.5,82,83,82.5,85,86.5,88.5,87",18.8,80.16,96.15,JiaXipera МM1110Y,36,1
418,418100153349586570418,"80.5,82.5,86,88,90.5,91,94.5,93",20.2,82.36,98.3,JiaXipera МM1110Y,36,1
418,418100153349468490418,"78,81.5,83.5,84.5,85,88,87",17.7,78.42,94.46,JiaXipera МM1110Y,36,1
418,418100153349464770418,"83.5,83,84.5,85.5,87.5,88.5,89,89.5",19.0,80.47,96.46,JiaXipera МM1110Y,36,1
418,418100153349464000418,"69,72.5,76.5,77,79,80,81.5,82",16.7,76.84,92.93,JiaXipera МM1110Y,36,1
418,418100153349585490418,"82.5,84,85.5,87,89.5,94.5,95,95.5",21.3,84.1,99.98,JiaXipera МM1110Y,36,1
418,418100153349309700418,"83.5,84,85.5,87,88,89,88.5",15.3,74.63,90.78,JiaXipera МM1110Y,36,1
418,418100153349470730418,"79,81,82.5,83,83.5,85,83.5",17.0,77.32,93.39,JiaXipera МM1110Y,36,1
418,418100153349466360418,"83,81.5,83,85,86,88.5,90,89",18.8,80.16,96.15,JiaXipera МM1110Y,36,1
418,418100153349587260418,"82.5,81.5,83,85,86,89,88.5",19.4,81.1,97.07,JiaXipera МM1110Y,36,1
418,418100153349464740418,"83.5,80.5,81,84.5,85,87,89,89.5,88",19.0,80.47,96.46,JiaXipera МM1110Y,36,1
418,418100153349471470418,"77.5,83.5,81,82.5,84,85,83.5",16.9,77.16,93.24,JiaXipera МM1110Y,36,1
418,418100153349464730418,"83,82.5,83.5,84,87,89,89.5,88.5",19.4,81.1,97.07,JiaXipera МM1110Y,36,1
418,418100153349465640418,"79.5,82,85,86,87.5,88.5,90,89",18.9,80.31,96.3,JiaXipera МM1110Y,36,1
418,418100153349464720418,"78.5,82,84.5,85,86.5,89,88.5,90,89",19.4,81.1,97.07,JiaXipera МM1110Y,36,1
418,418100153349588980418,"81,79,80,81.5,82,83.5,84,86,86.5",16.6,76.69,92.78,JiaXipera МM1110Y,36,1
418,418100153349473590418,"81,78.5,80,82,83.5,85.5,86.5,85",18.7,80.0,96.0,JiaXipera МM1110Y,36,1
418,418100153349471740418,"73,77.5,80,82.5,83,85,84.5",16.6,76.69,92.78,JiaXipera МM1110Y,36,1
418,418100153349589040418,"76.5,79,78.5,80,81.5,83.5,85,84",16.2,76.05,92.16,JiaXipera МM1110Y,36,1
418,418100153349464710418,"83,83.5,85,85.5,87,89,90.5,89",19.1,80.63,96.61,JiaXipera МM1110Y,36,1
418,418100153349309650418,"79.5,81,83.5,85,86,86.5,87",15.0,74.16,90.32,JiaXipera МM1110Y,36,1
418,418100153349464700418,"83,84.5,87,87.5,89,88",19.2,80.79,96.76,JiaXipera МM1110Y,36,1
418,418100153349465560418,"83,83.5,86,85,86.5,88.5,89,90",18.6,79.84,95.84,JiaXipera МM1110Y,36,1
418,418100153349467170418,"84.5,82.5,84.5,84,84.5,85,87,88.5,87,87.5",18.2,79.21,95.23,JiaXipera МM1110Y,36,1
418,418100153349471230418,"79,79.5,79,82.5,81,84,86",16.5,76.53,92.62,JiaXipera МM1110Y,36,1
418,418100153349586580418,"79.5,80.5,84.5,87,89.5,92,94,95",20.2,82.36,98.3,JiaXipera МM1110Y,36,1
418,418100153349465680418,"83,84,85.5,87.5,88.5,92,92.5",18.8,80.16,96.15,JiaXipera МM1110Y,36,1
418,418100153349464630418,"78,79,81,82.5,84,85,86,85",17.1,77.47,93.54,JiaXipera МM1110Y,36,1
418,418100153349471370418,"78,80,80.5,82,83.5,84,83.5",16.5,76.53,92.62,JiaXipera МM1110Y,36,1
418,418100153349591100418,"76.5,77.5,80,81.5,83.5,85,86.5,86",18.0,78.89,94.92,JiaXipera МM1110Y,36,1
418,418100153349584460418,"84,83.5,84,87.5,89,90,89.5",20.4,82.68,98.6,JiaXipera МM1110Y,36,1
418,418100153349586210418,"84.5,87,89.5,90,91.5,91,92",20.5,82.84,98.76,JiaXipera МM1110Y,36,1
418,418100153349472840418,"81.5,82,83.5,84.5,87,88,87",19.1,80.63,96.61,JiaXipera МM1110Y,36,1
418,418100153349464620418,"82.5,84.5,84,86,88,89.5,88",19.5,81.26,97.22,JiaXipera МM1110Y,36,1
418,418100153349462820418,"79.5,81,81.5,84.5,86,87.5,88,87,88",17.6,78.26,94.31,JiaXipera МM1110Y,36,1
418,418100153349584530418,"79,83.5,84,85.5,87,88.5,91,90.5",20.4,82.68,98.6,JiaXipera МM1110Y,36,1
418,418100153349463550418,"80.5,81,82,83.5,85,85.5,85",18.2,79.21,95.23,JiaXipera МM1110Y,36,1
418,418100153349588660418,"74,77,76,78.5,79,79.5",16.9,77.16,93.24,JiaXipera МM1110Y,36,1
418,418100153349468590418,"74.5,79,80,85.5,87,87.5,91,91.5",17.6,78.26,94.31,JiaXipera МM1110Y,36,1
418,418100153349471220418,"77.5,80,81,82,81.5,82.5,84,85",16.5,76.53,92.62,JiaXipera МM1110Y,36,1
418,418100153349587560418,"77.5,77,79,79.5,81.5,83,84,85.5,86.5,88",18.3,79.37,95.38,JiaXipera МM1110Y,36,1
418,418100153349464690418,"82.5,83.5,86,86.5,87.5,91,90.5,91",19.5,81.26,97.22,JiaXipera МM1110Y,36,1
418,418100153349589300418,"74.5,78,78.5,79.5,80,81,81.5,82.5,83,82,83,82.5,83.5",16.1,75.9,92.01,JiaXipera МM1110Y,36,1
418,418100153349464600418,"86.5,84.5,87.5,88,89,90.5,92,90",19.4,81.1,97.07,JiaXipera МM1110Y,36,1
418,418100153349585890418,"82,84.5,86,86.5,88,91,93",20.8,83.31,99.22,JiaXipera МM1110Y,36,1
418,418100153349474120418,"75,80.5,84,86,88,89.5,91.5,88.5",18.5,79.68,95.69,JiaXipera МM1110Y,36,1
418,418100153349464580418,"78,79,79.5,80.5,83.5,82.5",16.9,77.16,93.24,JiaXipera МM1110Y,36,1
418,418100153349309320418,"73.5,80.5,81.5,82,83.5,84.5,86,84.5",16.1,75.9,92.01,JiaXipera МM1110Y,36,1
418,418100153349467500418,"80,81.5,82,83,85,87,87.5,88",18.4,79.52,95.54,JiaXipera МM1110Y,36,1
418,418100153349465510418,"85.5,84.5,83.5,85.5,87,88.5,89.5,86",18.7,80.0,96.0,JiaXipera МM1110Y,36,1
418,418100153349471310418,"77,78.5,77,79.5,81,80.5,84,82.5",16.5,76.53,92.62,JiaXipera МM1110Y,36,1
418,418100153349588950418,"81.5,79,79.5,81,82,81",16.7,76.84,92.93,JiaXipera МM1110Y,36,1
418,418100153349585830418,"84,84.5,86,88,90,92,94,93,92.5",21.1,83.78,99.68,JiaXipera МM1110Y,36,1
418,418100153349464530418,"77.5,78.5,79.5,82,84,85,87,85.5",19.2,80.79,96.76,JiaXipera МM1110Y,36,1
418,418100153349472350418,"81.5,81,83.5,86.5,87,88.5,90,91.5,89.5",19.3,80.94,96.92,JiaXipera МM1110Y,36,1
418,418100153349466750418,"80,81.5,83,84,87,88,89,88.5",18.9,80.31,96.3,JiaXipera МM1110Y,36,1
418,418100153349464510418,"79,82.5,85.5,87.5,89.5,91,93,91.5",19.2,80.79,96.76,JiaXipera МM1110Y,36,1
418,418100153349308700418,"76,76.5,77.5,76,81,81.5,82,83",17.0,77.32,93.39,JiaXipera МM1110Y,36,1
418,418100153349587740418,"76.5,77.5,81,82,83,85.5,88",17.9,78.74,94.77,JiaXipera МM1110Y,36,1
418,418100153349466740418,"80,82,84,85.5,85,88,90",18.9,80.31,96.3,JiaXipera МM1110Y,36,1
418,418100153349585640418,"80,81,85,87.5,89,90.5,91",21.1,83.78,99.68,JiaXipera МM1110Y,36,1
418,418100153349462470418,"76,79,82.5,83.5,86,87.5,86.5",18.1,79.05,95.08,JiaXipera МM1110Y,36,1
418,418100153349465840418,"80,78.5,79.5,85,86,86.5,88,88.5",19.2,80.79,96.76,JiaXipera МM1110Y,36,1
418,418100153349588560418,"81.5,84,85,86.5,88.5,88",17.5,78.1,94.16,JiaXipera МM1110Y,36,1
418,418100153349309190418,"77.5,78.5,79.5,80,81,83,81.5",15.9,75.58,91.7,JiaXipera МM1110Y,36,1
418,418100153349466240418,"80.5,84,84.5,85.5,87.5,88.5,87.5",18.8,80.16,96.15,JiaXipera МM1110Y,36,1
418,418100153349308460418,"79,81,80,81,83,84.5,86,81.5",18.0,78.89,94.92,JiaXipera МM1110Y,36,1
418,418100153349464480418,"77.5,81,80.5,84,87,89.5,90,92",19.3,80.94,96.92,JiaXipera МM1110Y,36,1
418,418100153349590200418,"78.5,79.5,81.5,84,86.5,87.5,89.5,89",18.5,79.68,95.69,JiaXipera МM1110Y,36,1
418,418100153349466830418,"78,80.5,83.5,84.5,87,88.5,90,87.5",18.7,80.0,96.0,JiaXipera МM1110Y,36,1
418,418100153349464470418,"79,83,83.5,85.5,88,91.5,91,91.5",19.3,80.94,96.92,JiaXipera МM1110Y,36,1
418,418100153349464450418,"83,83.5,84,85,86,88.5,88",19.4,81.1,97.07,JiaXipera МM1110Y,36,1
418,418100153349466170418,"82.5,84,84.5,87.5,88,90",19.1,80.63,96.61,JiaXipera МM1110Y,36,1
418,418100153349464250418,"86,85.5,86.5,87.5,90,92,93,90",19.6,81.42,97.38,JiaXipera МM1110Y,36,1
418,418100153349464380418,"81,81.5,82.5,84.5,86,86.5,88.5,89",19.4,81.1,97.07,JiaXipera МM1110Y,36,1
418,418100153349470190418,"78,81,80.5,82,83,85.5,87,86.5",17.2,77.63,93.7,JiaXipera МM1110Y,36,1
418,418100153349473700418,"77,80,81.5,82.5,85.5,86.5,86",18.3,79.37,95.38,JiaXipera МM1110Y,36,1
418,418100153349464360418,"80,82.5,83,84.5,87.5,88.5,90,90.5",19.4,81.1,97.07,JiaXipera МM1110Y,36,1
418,418100153349464330418,"80.5,82,83,86.5,88,91.5,92,91.5",19.5,81.26,97.22,JiaXipera МM1110Y,36,1
418,418100153349466430418,"80.5,82.5,82,84.5,86,87,88,89.5",18.6,79.84,95.84,JiaXipera МM1110Y,36,1
418,418100153349464310418,"80.5,79,79.5,81.5,83,83.5,84.5,85",16.7,76.84,92.93,JiaXipera МM1110Y,36,1
418,418100153349309070418,"81,82,83.5,85,85.5,85",16.2,76.05,92.16,JiaXipera МM1110Y,36,1
418,418100153349314780418,"82,81.5,82,83,84.5,84,87.5,85",15.3,74.63,90.78,JiaXipera МM1110Y,36,1
418,418100153349587280418,"80.5,81.5,82.5,84,84.5,85.5,86,87,88,89.5",19.4,81.1,97.07,JiaXipera МM1110Y,36,1
418,418100153349462510418,"79,80.5,82.5,85.5,87.5,89.5,91,90.5",18.1,79.05,95.08,JiaXipera МM1110Y,36,1
418,418100153349466400418,"80.5,83,84.5,87,87.5,89,87.5",18.7,80.0,96.0,JiaXipera МM1110Y,36,1
418,418100153349588030418,"80,79,81.5,82.5,85,86",17.5,78.1,94.16,JiaXipera МM1110Y,36,1
418,418100153349464290418,"82.5,84,85,88,90.5,93,94,93",19.6,81.42,97.38,JiaXipera МM1110Y,36,1
418,418100153349467880418,"79,80,82,83.5,86.5,88,89.5,88",17.6,78.26,94.31,JiaXipera МM1110Y,36,1
418,418100153349464270418,"80.5,84,86,87,90.5,92.5,91.5",19.6,81.42,97.38,JiaXipera МM1110Y,36,1
418,418100153349465120418,"79,79.5,80.5,82.5,84,87,88",18.9,80.31,96.3,JiaXipera МM1110Y,36,1
418,418100153349464220418,"79.5,82,85.5,88.5,90.5,91,93.5,92",19.6,81.42,97.38,JiaXipera МM1110Y,36,1
418,418100153349465850418,"76.5,82.5,82,84.5,86,88,89,88.5",19.2,80.79,96.76,JiaXipera МM1110Y,36,1
418,418100153349588610418,"79,82.5,83.5,85.5,84.5,85,88,87.5,89.5",17.1,77.47,93.54,JiaXipera МM1110Y,36,1
418,418100153349464210418,"80.5,81,83.5,86,87.5,88,90,89.5,90",19.6,81.42,97.38,JiaXipera МM1110Y,36,1
418,418100153349585390418,"80,84,85.5,88.5,89,91.5,92,93",21.4,84.26,100.14,JiaXipera МM1110Y,36,1
418,418100153349470200418,"77,80.5,81,83.5,86,87,88,87.5",17.2,77.63,93.7,JiaXipera МM1110Y,36,1
418,418100153349587930418,"77,78,78.5,81.5,84,84.5,86.5,87",17.5,78.1,94.16,JiaXipera МM1110Y,36,1
418,418100153349473270418,"76.5,77,79.5,82,85,84.5,86,86.5,89",18.9,80.31,96.3,JiaXipera МM1110Y,36,1
418,418100153349466020418,"84.5,84,85.5,87.5,86.5,88.5,91,89",18.3,79.37,95.38,JiaXipera МM1110Y,36,1
418,418100153349308920418,"77,76.5,78,78.5,79,80,81.5,80.5,81,82.5",16.6,76.69,92.78,JiaXipera МM1110Y,36,1
418,418100153349309280418,"75.5,78,79.5,81,81.5,83.5,84",16.1,75.9,92.01,JiaXipera МM1110Y,36,1
418,418100153349585850418,"81,83,85,88.5,90,91.5,93,95.5",20.8,83.31,99.22,JiaXipera МM1110Y,36,1
418,418100153349466460418,"78,80,82.5,83.5,85.5,85,86",19.0,80.47,96.46,JiaXipera МM1110Y,36,1
418,418100153349464110418,"80,81,84,85,87,88.5,90,89.5",17.9,78.74,94.77,JiaXipera МM1110Y,36,1
418,418100153349463660418,"78.5,77.5,78.5,79,80,81,83,81.5",17.2,77.63,93.7,JiaXipera МM1110Y,36,1
418,418100153349465200418,"78.5,81,77.5,81.5,83,81.5,84.5,86.5",18.9,80.31,96.3,JiaXipera МM1110Y,36,1
418,418100153349470220418,"76.5,79.5,80.5,85.5,87,89.5,90,91",17.3,77.79,93.85,JiaXipera МM1110Y,36,1
418,418100153349464010418,"76,77.5,78,80,79",16.8,77.0,93.08,JiaXipera МM1110Y,36,1
418,418100153349467180418,"80,81,82,82.5,83.5,85,87,86.5",18.5,79.68,95.69,JiaXipera МM1110Y,36,1
418,418100153349463930418,"74.5,78,79,80,80.5,81.5,83,82.5",17.0,77.32,93.39,JiaXipera МM1110Y,36,1
418,418100153349463900418,"74,79,77.5,78,79.5,80,82.5,81.5",16.9,77.16,93.24,JiaXipera МM1110Y,36,1
418,418100153349591150418,"78,80,81.5,80.5,81.5,82,83.5,83",18.2,79.21,95.23,JiaXipera МM1110Y,36,1
418,418100153349469150418,"81,82,83,85,84.5,85,86,87,88.5,90",17.7,78.42,94.46,JiaXipera МM1110Y,36,1
418,418100153349589620418,"78.5,79.5,79,82.5,83,86,86.5",18.4,79.52,95.54,JiaXipera МM1110Y,36,1
418,418100153349471500418,"79,80,80.5,81.5,83,84,85,83.5",17.0,77.32,93.39,JiaXipera МM1110Y,36,1
418,418100153349465920418,"75.5,82,83,86,88.5,86.5",19.2,80.79,96.76,JiaXipera МM1110Y,36,1
418,418100153349463850418,"79.5,78,79.5,80.5,82.5,85,86,85",16.9,77.16,93.24,JiaXipera МM1110Y,36,1
418,418100153349588510418,"76,78,78.5,82,83.5,84,86,85.5",17.1,77.47,93.54,JiaXipera МM1110Y,36,1
418,418100153349465530418,"80,83.5,84,85,88,88.5,88",18.8,80.16,96.15,JiaXipera МM1110Y,36,1
418,418100153349469560418,"77.5,79,82,84,85.5,87.5,86.5",17.1,77.47,93.54,JiaXipera МM1110Y,36,1
418,418100153349463840418,"79,75.5,77.5,79,79.5,80.5,82,81",17.0,77.32,93.39,JiaXipera МM1110Y,36,1
418,418100153349464390418,"76.5,83,84,85.5,87.5,90.5,89",19.5,81.26,97.22,JiaXipera МM1110Y,36,1
418,418100153349463830418,"82.5,83,81,80.5,82.5,83,84.5,83.5",16.9,77.16,93.24,JiaXipera МM1110Y,36,1
418,418100153349466720418,"78,75,80.5,81.5,82.5,86.5,87,89",18.9,80.31,96.3,JiaXipera МM1110Y,36,1
418,418100153349463810418,"77,77.5,78.5,76,78,79,80.5,79.5",16.9,77.16,93.24,JiaXipera МM1110Y,36,1
418,418100153349463820418,"78,78.5,80.5,81,82,82.5,84,83.5",16.9,77.16,93.24,JiaXipera МM1110Y,36,1
418,418100153349471510418,"78.5,79.5,80.5,82.5,81,83.5,84,84.5,85,85.5,86,87,86.5",17.0,77.32,93.39,JiaXipera МM1110Y,36,1
418,418100153349472300418,"78.5,82,84,85,88.5,88,90.5,89",19.4,81.1,97.07,JiaXipera МM1110Y,36,1
418,418100153349463800418,"79.5,76.5,76,77,78,79.5,80.5,79.5",16.8,77.0,93.08,JiaXipera МM1110Y,36,1
418,418100153349466060418,"81,81.5,82.5,84,86,87",18.9,80.31,96.3,JiaXipera МM1110Y,36,1
418,418100153349464800418,"83,80,82.5,83,84.5,85.5,87.5,86",19.4,81.1,97.07,JiaXipera МM1110Y,36,1
418,418100153349463790418,"78,80.5,82,83,84,83.5",16.8,77.0,93.08,JiaXipera МM1110Y,36,1
418,418100153349587890418,"79.5,80,80.5,81.5,82.5,85.5,86.5,87",17.7,78.42,94.46,JiaXipera МM1110Y,36,1
418,418100153349465180418,"80,78,80.5,84,85,86.5,87.5,87,88",19.0,80.47,96.46,JiaXipera МM1110Y,36,1
418,418100153349465710418,"80,81,82,84,83.5,84,87.5,86",18.9,80.31,96.3,JiaXipera МM1110Y,36,1
418,418100153349465420418,"80,81.5,84.5,87.5,88,90.5,88.5",18.8,80.16,96.15,JiaXipera МM1110Y,36,1
418,418100153349463780418,"79,77.5,79.5,81.5,82,83.5,84.5,83",16.8,77.0,93.08,JiaXipera МM1110Y,36,1
418,418100153349463860418,"79,81,81.5,83,84,81.5",16.8,77.0,93.08,JiaXipera МM1110Y,36,1
418,418100153349463740418,"73.5,76,77.5,79,81,84,83",17.1,77.47,93.54,JiaXipera МM1110Y,36,1
418,418100153349465260418,"79.5,81,83,84.5,87,88.5,90.5,91",18.8,80.16,96.15,JiaXipera МM1110Y,36,1
418,418100153349462870418,"82,84,85.5,87,88,87.5,86.5",17.5,78.1,94.16,JiaXipera МM1110Y,36,1
418,418100153349463760418,"72.5,73.5,76,77.5,78,81,82,81.5",16.8,77.0,93.08,JiaXipera МM1110Y,36,1
418,418100153349465620418,"78.5,81,81.5,82,84,84.5,86.5,87.5",18.6,79.84,95.84,JiaXipera МM1110Y,36,1
418,418100153349466000418,"81.5,82,84,83.5,84.5,85.5,86.5,88",18.8,80.16,96.15,JiaXipera МM1110Y,36,1
418,418100153349468930418,"75.5,79,80,81,83.5,83",17.3,77.79,93.85,JiaXipera МM1110Y,36,1
418,418100153349472400418,"73.5,80.5,82.5,84,85,87,87.5",19.3,80.94,96.92,JiaXipera МM1110Y,36,1
418,418100153349463920418,"81,82,83.5,84.5,85,86,85",17.0,77.32,93.39,JiaXipera МM1110Y,36,1
418,418100153349464150418,"82,85.5,87,90,92,93.5,94.5,93",19.6,81.42,97.38,JiaXipera МM1110Y,36,1
418,418100153349470370418,"75.5,76,80,81.5,83.5,85.5,84.5",17.2,77.63,93.7,JiaXipera МM1110Y,36,1
418,418100153349465660418,"81,80,81.5,84,85.5,87,89,89.5",18.6,79.84,95.84,JiaXipera МM1110Y,36,1
418,418100153349466100418,"79.5,82,85,85.5,87.5,89,86.5",19.0,80.47,96.46,JiaXipera МM1110Y,36,1
418,418100153349586600418,"82,84,87,89.5,90.5,92.5,93",20.2,82.36,98.3,JiaXipera МM1110Y,36,1
418,418100153349463730418,"75.5,78.5,81.5,81,82,82.5,86,84",16.9,77.16,93.24,JiaXipera МM1110Y,36,1
418,418100153349464680418,"83,81,83.5,84.5,85,87,88,86.5",19.2,80.79,96.76,JiaXipera МM1110Y,36,1
418,418100153349463720418,"80.5,80,82,83.5,85,86,86.5",17.0,77.32,93.39,JiaXipera МM1110Y,36,1
418,418100153349463710418,"78,77.5,78.5,80,80.5,81,82.5,81",16.9,77.16,93.24,JiaXipera МM1110Y,36,1
418,418100153349309780418,"85,86.5,87.5,88.5,89.5,91,90",14.9,74.0,90.17,JiaXipera МM1110Y,36,1
418,418100153349462810418,"81.5,79,80,82,83,85.5,86.5,86",18.1,79.05,95.08,JiaXipera МM1110Y,36,1
418,418100153349463690418,"80.5,81.5,84,85.5,86.5,85.5",17.0,77.32,93.39,JiaXipera МM1110Y,36,1
418,418100153349471400418,"77,79.5,81.5,83,82.5,84,85",17.0,77.32,93.39,JiaXipera МM1110Y,36,1
418,418100153349463670418,"73,76.5,76,78,79,81,80.5",16.9,77.16,93.24,JiaXipera МM1110Y,36,1
418,418100153349471900418,"82,78,78.5,80.5,81,82,84,83.5,85",16.4,76.37,92.47,JiaXipera МM1110Y,36,1
418,418100153349463650418,"79,80.5,81.5,83,85,84",16.9,77.16,93.24,JiaXipera МM1110Y,36,1
418,418100153349585160418,"81.5,81,83,86,87,87.5",20.1,82.21,98.14,JiaXipera МM1110Y,36,1
418,418100153349473080418,"79.5,85,84.5,85.5,86.5,87.5,88,89",19.3,80.94,96.92,JiaXipera МM1110Y,36,1
418,418100153349463630418,"72.5,78.5,80,81.5,82.5,84.5,85,84",16.9,77.16,93.24,JiaXipera МM1110Y,36,1
418,418100153349463210418,"80.5,80,83,83.5,85,83.5,86.5,85",18.4,79.52,95.54,JiaXipera МM1110Y,36,1
418,418100153349470380418,"76,77.5,82.5,83,82.5,83.5,84.5,85.5,84,85.5",17.3,77.79,93.85,JiaXipera МM1110Y,36,1
418,418100153349466760418,"74,79,80,81.5,84,85.5,87,88",18.9,80.31,96.3,JiaXipera МM1110Y,36,1
418,418100153349463610418,"78.5,79.5,81,81.5,83,85,84.5",17.0,77.32,93.39,JiaXipera МM1110Y,36,1
418,418100153349586750418,"80.5,81.5,84,85.5,86.5,88.5,89.5,89",20.3,82.52,98.45,JiaXipera МM1110Y,36,1
418,418100153349464260418,"82.5,83.5,84.5,86,87,88.5,87.5",19.5,81.26,97.22,JiaXipera МM1110Y,36,1
418,418100153349591340418,"87,90,88,89,91.5,93.5,91.5",17.7,78.42,94.46,JiaXipera МM1110Y,36,1
418,418100153349464280418,"77.5,76.5,79,81,82.5,82",16.7,76.84,92.93,JiaXipera МM1110Y,36,1
418,418100153349464350418,"77,79.5,82.5,85.5,88,88.5,90.5,91,91.5,92",19.4,81.1,97.07,JiaXipera МM1110Y,36,1
418,418100153349463570418,"79.5,81.5,82.5,84,86,87.5,88",17.0,77.32,93.39,JiaXipera МM1110Y,36,1
418,418100153349465330418,"82.5,81,82.5,83.5,85,87.5,90,87.5",18.8,80.16,96.15,JiaXipera МM1110Y,36,1
418,418100153349468340418,"78.5,77.5,80,81,82,84.5,85.5,86,86.5",18.0,78.89,94.92,JiaXipera МM1110Y,36,1
418,418100153349471200418,"80,77.5,78.5,79.5,80.5,81,82.5,86",16.5,76.53,92.62,JiaXipera МM1110Y,36,1
418,418100153349465860418,"75,80,81.5,82,82.5,84,86.5,88.5,88",18.9,80.31,96.3,JiaXipera МM1110Y,36,1
418,418100153349467560418,"76,79,79.5,81.5,85,86,87,88,87",18.2,79.21,95.23,JiaXipera МM1110Y,36,1
418,418100153349309710418,"85,85.5,87,85.5,88,88.5,91,89",15.2,74.48,90.63,JiaXipera МM1110Y,36,1
418,418100153349587380418,"79.5,78.5,77.5,79.5,80.5,81.5,83,84.5,85,86,86.5,87.5,88,87.5,88.5,89.5,90",18.8,80.16,96.15,JiaXipera МM1110Y,36,1
418,418100153349472100418,"78,78.5,79,80.5,82,81.5,83.5,81.5",16.4,76.37,92.47,JiaXipera МM1110Y,36,1
418,418100153349309630418,"81,80.5,81,82.5,83.5,84,85.5,84",15.1,74.32,90.48,JiaXipera МM1110Y,36,1
418,418100153349589670418,"85,85.5,86.5,88.5,90,89",18.7,80.0,96.0,JiaXipera МM1110Y,36,1
418,418100153349463030418,"81,80.5,82,83.5,85.5,86,87,88.5",17.4,77.95,94.0,JiaXipera МM1110Y,36,1
418,418100153349309590418,"82,82.5,80.5,82.5,83.5,84,84.5,84,85,85.5,86,86.5,88,87.5,88.5,88,88.5,89.5",15.1,74.32,90.48,JiaXipera МM1110Y,36,1
418,418100153349588280418,"78.5,80,81,81.5,84,84.5,86,85.5",17.0,77.32,93.39,JiaXipera МM1110Y,36,1
418,418100153349466450418,"82,82.5,84,85,85.5,87,89.5,87.5",18.7,80.0,96.0,JiaXipera МM1110Y,36,1
418,418100153349472660418,"76.5,78.5,79,81.5,83,84.5,87,88.5",19.3,80.94,96.92,JiaXipera МM1110Y,36,1
418,418100153349309580418,"80,79,81.5,84,84.5,86,89.5,88",15.1,74.32,90.48,JiaXipera МM1110Y,36,1
418,418100153349591070418,"78,78.5,79.5,83,85.5,87,89,88.5",18.1,79.05,95.08,JiaXipera МM1110Y,36,1
418,418100153349309620418,"83,83.5,84.5,86,87.5,88.5,90,89.5",15.6,75.11,91.24,JiaXipera МM1110Y,36,1
418,418100153349463120418,"83.5,84,86,87.5,89,89.5,90",17.4,77.95,94.0,JiaXipera МM1110Y,36,1
418,418100153349585230418,"80,80.5,82,83,83.5,84.5,86.5,85.5",20.2,82.36,98.3,JiaXipera МM1110Y,36,1
418,418100153349463560418,"79.5,80,83,84.5,85,86.5,86,85,86.5",16.9,77.16,93.24,JiaXipera МM1110Y,36,1
418,418100153349586160418,"77.5,81.5,84,85.5,87,89,90,89.5",21.3,84.1,99.98,JiaXipera МM1110Y,36,1
418,418100153349464240418,"85,83,85,87,88.5,90.5,92.5,91.5",19.6,81.42,97.38,JiaXipera МM1110Y,36,1
418,418100153349465100418,"78,80,81,85.5,86.5,87,87.5",18.9,80.31,96.3,JiaXipera МM1110Y,36,1
418,418100153349590960418,"80,78.5,79,80,82,84.5,83.5",18.2,79.21,95.23,JiaXipera МM1110Y,36,1
418,418100153349466260418,"78.5,79.5,80.5,83,85.5,87,89,88.5",18.6,79.84,95.84,JiaXipera МM1110Y,36,1
418,418100153349465870418,"74.5,77.5,79,83,84,84.5,85,87.5,87",19.1,80.63,96.61,JiaXipera МM1110Y,36,1
418,418100153349469540418,"76,78.5,77.5,79.5,81.5,83.5,84",17.2,77.63,93.7,JiaXipera МM1110Y,36,1
418,418100153349309150418,"77,79,81,83,83.5,85,84",16.3,76.21,92.32,JiaXipera МM1110Y,36,1
418,418100153349589720418,"81.5,81,82.5,84.5,85,87,87.5,86",18.4,79.52,95.54,JiaXipera МM1110Y,36,1
418,418100153349309560418,"78.5,80,81,82.5,83,85,84.5",15.1,74.32,90.48,JiaXipera МM1110Y,36,1
418,418100153349472530418,"78,79.5,82.5,87,88.5,89.5,89",19.3,80.94,96.92,JiaXipera МM1110Y,36,1
418,418100153349463940418,"77.5,78.5,79.5,80.5,82.5,83.5,82.5",16.9,77.16,93.24,JiaXipera МM1110Y,36,1
418,418100153349309430418,"81,82.5,82,84,86,86.5,87.5,88",15.5,74.95,91.09,JiaXipera МM1110Y,36,1
418,418100153349467090418,"74.5,75.5,80,82.5,85.5,88.5,90.5,91.5",18.5,79.68,95.69,JiaXipera МM1110Y,36,1
418,418100153349465880418,"80,81,82,85,87.5,89,91,90",19.1,80.63,96.61,JiaXipera МM1110Y,36,1
418,418100153349309390418,"82,84,84.5,84,85.5,88,90,88.5",15.5,74.95,91.09,JiaXipera МM1110Y,36,1
418,418100153349463520418,"76,76.5,78,78.5,80,81,81.5,82.5,84",16.9,77.16,93.24,JiaXipera МM1110Y,36,1
418,418100153349465040418,"76,81,82.5,84,83.5,85.5,86.5,87,88.5",19.1,80.63,96.61,JiaXipera МM1110Y,36,1
418,418100153349465110418,"80,81,84,83.5,85.5,87,88.5,87.5",19.0,80.47,96.46,JiaXipera МM1110Y,36,1
418,418100153349473110418,"82,77.5,82.5,85,85.5,86.5,87,88,87.5",19.3,80.94,96.92,JiaXipera МM1110Y,36,1
418,418100153349473350418,"76,81.5,82.5,84,85,86.5,87,86",19.3,80.94,96.92,JiaXipera МM1110Y,36,1
418,418100153349465270418,"80,81,83.5,84,87.5,88,88.5,90,91",18.9,80.31,96.3,JiaXipera МM1110Y,36,1
418,418100153349465990418,"79.5,78,79.5,81.5,82,83.5,84,86,86.5",19.2,80.79,96.76,JiaXipera МM1110Y,36,1
418,418100153349463060418,"80,81,82,83.5,85.5,86.5,87",17.3,77.79,93.85,JiaXipera МM1110Y,36,1
418,418100153349308540418,"77.5,79.5,82.5,85,87.5,85.5",17.2,77.63,93.7,JiaXipera МM1110Y,36,1
418,418100153349462620418,"80.5,81.5,82,83,86,87.5,91.5,90.5",18.1,79.05,95.08,JiaXipera МM1110Y,36,1
418,418100153349466620418,"80,81.5,82,85,87,88,89.5,92,93.5",19.1,80.63,96.61,JiaXipera МM1110Y,36,1
418,418100153349464760418,"79.5,83,84.5,86,87.5,89.5,90,89.5",19.2,80.79,96.76,JiaXipera МM1110Y,36,1
418,418100153349463080418,"83,81.5,83,85,85.5,86,87.5,86",17.4,77.95,94.0,JiaXipera МM1110Y,36,1
418,418100153349309180418,"81,80.5,81.5,82,83,83.5,84.5,84",16.4,76.37,92.47,JiaXipera МM1110Y,36,1
418,418100153349463620418,"76,74.5,77.5,79,79.5,81,83,81.5",17.0,77.32,93.39,JiaXipera МM1110Y,36,1
418,418100153349309330418,"79.5,78.5,81,84,85,86,88.5,87.5",15.6,75.11,91.24,JiaXipera МM1110Y,36,1
418,418100153349309160418,"81.5,81,82.5,83,84.5,85,86.5,84.5",16.2,76.05,92.16,JiaXipera МM1110Y,36,1
418,418100153349309530418,"81,82,84.5,86,87,88,89.5,88.5",15.1,74.32,90.48,JiaXipera МM1110Y,36,1
418,418100153349465240418,"78.5,80,81.5,85.5,86.5,88,87.5",18.8,80.16,96.15,JiaXipera МM1110Y,36,1
418,418100153349471630418,"80,79.5,80,83,84.5,85,85.5,87",16.6,76.69,92.78,JiaXipera МM1110Y,36,1
418,418100153349308900418,"78.5,78,79.5,78.5,81.5,82,82.5,83.5,83,82.5",16.8,77.0,93.08,JiaXipera МM1110Y,36,1
418,418100153349590880418,"82,83.5,86.5,87.5,88,91,93,91",18.5,79.68,95.69,JiaXipera МM1110Y,36,1
418,418100153349462800418,"81.5,82,83,85.5,87,88,87.5",17.6,78.26,94.31,JiaXipera МM1110Y,36,1
418,418100153349591270418,"76.5,77,81.5,84,85,87.5,87",17.8,78.58,94.62,JiaXipera МM1110Y,36,1
418,418100153349472010418,"82,81.5,79.5,81,82.5,84.5,83.5,82.5",16.4,76.37,92.47,JiaXipera МM1110Y,36,1
418,418100153349309100418,"80.5,80,80.5,82.5,84,85,84",16.2,76.05,92.16,JiaXipera МM1110Y,36,1
418,418100153349309930418,"81.5,84,82.5,85,85.5,86,87,78.5",14.7,73.69,89.86,JiaXipera МM1110Y,36,1
418,418100153349466680418,"82.5,80,81.5,83.5,84.5,86,86.5,88",19.0,80.47,96.46,JiaXipera МM1110Y,36,1
418,418100153349467820418,"78.5,79.5,82,83,85,88,87",17.6,78.26,94.31,JiaXipera МM1110Y,36,1
418,418100153349463160418,"83,81,81.5,81,83,87,86",18.1,79.05,95.08,JiaXipera МM1110Y,36,1
418,418100153349309750418,"84,83.5,84,84.5,86.5,87,89,88",14.6,73.53,89.71,JiaXipera МM1110Y,36,1
418,418100153349463300418,"83,81.5,82.5,84,87,88.5,86.5",17.4,77.95,94.0,JiaXipera МM1110Y,36,1
418,418100153349586620418,"80,83,84.5,86,88.5,89,90.5,91.5,92",20.1,82.21,98.14,JiaXipera МM1110Y,36,1
418,418100153349471210418,"77,78,79.5,81.5,82,83,82",16.6,76.69,92.78,JiaXipera МM1110Y,36,1
418,418100153349309000418,"78,79.5,80.5,81,82.5,83,84,82.5",16.7,76.84,92.93,JiaXipera МM1110Y,36,1
418,418100153349308800418,"76,79.5,80,80.5,81.5,81,83.5,82.5,84",16.9,77.16,93.24,JiaXipera МM1110Y,36,1
418,418100153349588920418,"78,79.5,79,80,80.5,81.5,83,81",16.4,76.37,92.47,JiaXipera МM1110Y,36,1
418,418100153349309540418,"80,80.5,84.5,85.5,87.5,89,90.5,90",15.2,74.48,90.63,JiaXipera МM1110Y,36,1
418,418100153349309660418,"80.5,83.5,84,85.5,86,88.5,87.5",15.0,74.16,90.32,JiaXipera МM1110Y,36,1
418,418100153349463190418,"83,82.5,83,84.5,85,86,87.5,87",17.4,77.95,94.0,JiaXipera МM1110Y,36,1
418,418100153349462980418,"80.5,78.5,81.5,83.5,85.5,87.5,87",17.4,77.95,94.0,JiaXipera МM1110Y,36,1
418,418100153349465550418,"83,81,83.5,85.5,87,88,87",18.6,79.84,95.84,JiaXipera МM1110Y,36,1
418,418100153349463330418,"78,79.5,81,82,82.5,85,84.5",17.2,77.63,93.7,JiaXipera МM1110Y,36,1
418,418100153349309090418,"79.5,81,82,83,84.5,86,84.5",16.2,76.05,92.16,JiaXipera МM1110Y,36,1
418,418100153349588810418,"79,78,78.5,80,80.5,83.5,84.5,84",16.7,76.84,92.93,JiaXipera МM1110Y,36,1
418,418100153349586700418,"84.5,83.5,84.5,87,89,90,92,91.5",20.3,82.52,98.45,JiaXipera МM1110Y,36,1
418,418100153349469310418,"74,76,76.5,77.5,80,82.5,85,87",17.5,78.1,94.16,JiaXipera МM1110Y,36,1
418,418100153349308580418,"79.5,80,81,82.5,84,85,86,86.5",17.1,77.47,93.54,JiaXipera МM1110Y,36,1
418,418100153349470240418,"75.5,76,77.5,79.5,80.5,82,83.5,83",17.2,77.63,93.7,JiaXipera МM1110Y,36,1
418,418100153349464460418,"78.5,79,81.5,84.5,86.5,89,91.5,90",19.3,80.94,96.92,JiaXipera МM1110Y,36,1
418,418100153349470640418,"77,78.5,80,84,85,84,85,86,87.5",17.2,77.63,93.7,JiaXipera МM1110Y,36,1
418,418100153349471160418,"78,76.5,78.5,78,79.5,81.5,83.5,82.5",16.6,76.69,92.78,JiaXipera МM1110Y,36,1
418,418100153349308930418,"77.5,78,80.5,81,82,85,83",16.5,76.53,92.62,JiaXipera МM1110Y,36,1
418,418100153349468800418,"75.5,78.5,80.5,80,81.5,82.5,84,85,83.5",17.2,77.63,93.7,JiaXipera МM1110Y,36,1
418,418100153349465340418,"79.5,81,83.5,85,88,89,92.5,90.5",18.9,80.31,96.3,JiaXipera МM1110Y,36,1
418,418100153349470890418,"79.5,81,79.5,83.5,85,85.5,87.5,87",16.7,76.84,92.93,JiaXipera МM1110Y,36,1
418,418100153349463990418,"75,77.5,78,78.5,81,81.5,80.5",16.7,76.84,92.93,JiaXipera МM1110Y,36,1
418,418100153349472730418,"81.5,84.5,85,87.5,88.5,90.5,93.5,92.5",19.3,80.94,96.92,JiaXipera МM1110Y,36,1
418,418100153349462970418,"78.5,81,80,81,82,82.5,84.5,84",17.4,77.95,94.0,JiaXipera МM1110Y,36,1
418,418100153349589110418,"79.5,77.5,78.5,79.5,80.5,82,82.5,83.5",16.2,76.05,92.16,JiaXipera МM1110Y,36,1
418,418100153349463950418,"77,79.5,81.5,82,82.5,83.5,84.5,84",16.9,77.16,93.24,JiaXipera МM1110Y,36,1
418,418100153349471580418,"79,80.5,81.5,82.5,83,85,84",16.7,76.84,92.93,JiaXipera МM1110Y,36,1
418,418100153349462940418,"79.5,83,82.5,85.5,86.5,88.5,87",17.4,77.95,94.0,JiaXipera МM1110Y,36,1
418,418100153349309250418,"75,80.5,81,81.5,82,83.5,85,83.5",16.5,76.53,92.62,JiaXipera МM1110Y,36,1
418,418100153349589460418,"79,81,82.5,84,86,87,88.5,87.5",18.8,80.16,96.15,JiaXipera МM1110Y,36,1
418,418100153349588500418,"72.5,74,74.5,77.5,77,79.5,80,79.5",17.2,77.63,93.7,JiaXipera МM1110Y,36,1
418,418100153349472770418,"77,84.5,85,86.5,88,87.5,88.5",19.3,80.94,96.92,JiaXipera МM1110Y,36,1
418,418100153349465210418,"74,81,82,84,84.5,86,87.5,88,88.5",18.9,80.31,96.3,JiaXipera МM1110Y,36,1
418,418100153349308760418,"82.5,81.5,82.5,83.5,84,85,83.5",17.1,77.47,93.54,JiaXipera МM1110Y,36,1
418,418100153349468060418,"80,76.5,78,78.5,82,83,86,85,85.5,86",17.3,77.79,93.85,JiaXipera МM1110Y,36,1
418,418100153349466210418,"78,79.5,80,82.5,83.5,84.5,87",18.7,80.0,96.0,JiaXipera МM1110Y,36,1
418,418100153349308590418,"76,77.5,78.5,81,82,83.5,85.5,84",17.1,77.47,93.54,JiaXipera МM1110Y,36,1
418,418100153349471240418,"76.5,77.5,79.5,81,81.5,81,80.5,83.5",16.5,76.53,92.62,JiaXipera МM1110Y,36,1
418,418100153349471800418,"79.5,80,82.5,84.5,86,87,86,87",16.4,76.37,92.47,JiaXipera МM1110Y,36,1
418,418100153349308550418,"78,81,81.5,81,84.5,86,85.5",17.1,77.47,93.54,JiaXipera МM1110Y,36,1
418,418100153349308380418,"79.5,82,83.5,84,86,86.5,85.5",18.0,78.89,94.92,JiaXipera МM1110Y,36,1
418,418100153349589680418,"79.5,80.5,82.5,83.5,85,88.5,89.5,88.5",18.3,79.37,95.38,JiaXipera МM1110Y,36,1
418,418100153349468880418,"83,83.5,84.5,85,87,86.5,87.5,88.5",17.3,77.79,93.85,JiaXipera МM1110Y,36,1
418,418100153349308690418,"74,77,79,78.5,79,80.5,83.5,81.5",17.1,77.47,93.54,JiaXipera МM1110Y,36,1
418,418100153349309570418,"79,79.5,81.5,82,83.5,85.5,81",15.1,74.32,90.48,JiaXipera МM1110Y,36,1
418,418100153349308500418,"79,81,81.5,82.5,84.5,85.5,88.5,88",17.2,77.63,93.7,JiaXipera МM1110Y,36,1
418,418100153349590690418,"87,88,87,90.5,88.5,93.5,91.5,92.5",17.7,78.42,94.46,JiaXipera МM1110Y,36,1
418,418100153349464500418,"76.5,80,78,81.5,84.5,87.5,88,89",19.3,80.94,96.92,JiaXipera МM1110Y,36,1
418,418100153349308730418,"80.5,83.5,83,85.5,84,86.5,87.5,88,87.5",17.1,77.47,93.54,JiaXipera МM1110Y,36,1
418,418100153349586880418,"83,80,83,85.5,87.5,90,91.5,94,92.5",19.9,81.89,97.84,JiaXipera МM1110Y,36,1
418,418100153349467660418,"77,79,81,82,83,84.5,85.5,85",18.0,78.89,94.92,JiaXipera МM1110Y,36,1
418,418100153349309060418,"76,77,78,83,86,87,89,88.5",16.3,76.21,92.32,JiaXipera МM1110Y,36,1
418,418100153349309050418,"76,78.5,79,78.5,81,85,84",16.3,76.21,92.32,JiaXipera МM1110Y,36,1
418,418100153349309720418,"80.5,81.5,84.5,86,88,90.5,90,90.5,89",15.0,74.16,90.32,JiaXipera МM1110Y,36,1
418,418100153349466930418,"77.5,80.5,83,84.5,85,86,88,88.5",18.7,80.0,96.0,JiaXipera МM1110Y,36,1
418,418100153349474300418,"79,80,81,82,83.5,84.5,86.5,86",18.2,79.21,95.23,JiaXipera МM1110Y,36,1
418,418100153349470650418,"80.5,79,79.5,80,81.5,80.5,81.5,81",17.2,77.63,93.7,JiaXipera МM1110Y,36,1
418,418100153349465290418,"80,82,83.5,85.5,88.5,90.5,90,89",18.8,80.16,96.15,JiaXipera МM1110Y,36,1
418,418100153349469330418,"77.5,79.5,80.5,82,84,85,86,89",17.6,78.26,94.31,JiaXipera МM1110Y,36,1
418,418100153349466120418,"78,80.5,83.5,83,85,84.5,87,86.5",18.8,80.16,96.15,JiaXipera МM1110Y,36,1
418,418100153349465090418,"81,82.5,83,84,86.5,87.5,88.5,90.5,91.5,92,92.5",19.0,80.47,96.46,JiaXipera МM1110Y,36,1
418,418100153349308340418,"82,81,82.5,82,82.5,81.5,84,80.5",17.9,78.74,94.77,JiaXipera МM1110Y,36,1
418,418100153349586640418,"78.5,81,83,85,87,88.5,89.5,89",20.1,82.21,98.14,JiaXipera МM1110Y,36,1
418,418100153349473210418,"78,80,82.5,83,84.5,86.5,89,90",19.0,80.47,96.46,JiaXipera МM1110Y,36,1
418,418100153349588930418,"78,79,80,82,83,83.5",16.5,76.53,92.62,JiaXipera МM1110Y,36,1
418,418100153349308530418,"78.5,80,83,82.5,83.5,85,86,89,87.5",17.2,77.63,93.7,JiaXipera МM1110Y,36,1
418,418100153349469180418,"80,75,79.5,81.5,83,84,88.5,87,85.5",17.7,78.42,94.46,JiaXipera МM1110Y,36,1
418,418100153349309170418,"81,79,79.5,81,82,82.5,84.5,82.5",16.1,75.9,92.01,JiaXipera МM1110Y,36,1
418,418100153349465890418,"73.5,82,83,84,85,87,87.5,88",19.2,80.79,96.76,JiaXipera МM1110Y,36,1
418,418100153349309770418,"86,85,84.5,85.5,87,87.5,86.5",15.6,75.11,91.24,JiaXipera МM1110Y,36,1
418,418100153349470720418,"79,79.5,78.5,79.5,81.5,83.5,84.5,85",17.1,77.47,93.54,JiaXipera МM1110Y,36,1
418,418100153349472780418,"79,83.5,86,87.5,89,89.5,88.5",19.3,80.94,96.92,JiaXipera МM1110Y,36,1
418,418100153349585210418,"83.5,82.5,83.5,84.5,86.5,88.5,86",20.2,82.36,98.3,JiaXipera МM1110Y,36,1
418,418100153349462560418,"80.5,83,84.5,85.5,86,88,89.5,88",18.0,78.89,94.92,JiaXipera МM1110Y,36,1
418,418100153349309010418,"78,79.5,81,82,82.5,83,85,84",16.7,76.84,92.93,JiaXipera МM1110Y,36,1
418,418100153349468600418,"81,82,82.5,84.5,86,86.5,88,88.5",17.6,78.26,94.31,JiaXipera МM1110Y,36,1
418,418100153349588590418,"77.5,79.5,80,81,82,83.5,84.5,85",17.3,77.79,93.85,JiaXipera МM1110Y,36,1
418,418100153349584690418,"79.5,85.5,86,87,88.5,91.5,93.5,94.5",20.2,82.36,98.3,JiaXipera МM1110Y,36,1
418,418100153349308980418,"73.5,75.5,76,80,82.5,84.5,86,87",16.4,76.37,92.47,JiaXipera МM1110Y,36,1
418,418100153349462960418,"79.5,80,80.5,83.5,86,88.5,89",17.4,77.95,94.0,JiaXipera МM1110Y,36,1
418,418100153349470520418,"76,79.5,80,81.5,83,85,87.5,89",17.3,77.79,93.85,JiaXipera МM1110Y,36,1
418,418100153349466190418,"78.5,79,80.5,81,82.5,85,87,88.5",18.7,80.0,96.0,JiaXipera МM1110Y,36,1
418,418100153349465820418,"79.5,81.5,83,86,88.5,90,90.5",19.3,80.94,96.92,JiaXipera МM1110Y,36,1
418,418100153349308600418,"80,80.5,81.5,86",17.1,77.47,93.54,JiaXipera МM1110Y,36,1
418,418100153349462900418,"79.5,82,85,86.5,88.5,90,89",17.4,77.95,94.0,JiaXipera МM1110Y,36,1
418,418100153349467960418,"82,83.5,82.5,84,86.5,88,89,88.5",17.5,78.1,94.16,JiaXipera МM1110Y,36,1
418,418100153349308620418,"79.5,78.5,78,81,83.5,85,87,88",17.1,77.47,93.54,JiaXipera МM1110Y,36,1
418,418100153349589000418,"76,77,78,80,82,82.5,84.5,83",16.2,76.05,92.16,JiaXipera МM1110Y,36,1
418,418100153349309040418,"76,78.5,78,76.5,80.5,81.5,83,83.5,84.5",16.3,76.21,92.32,JiaXipera МM1110Y,36,1
418,418100153349462710418,"81.5,83,83.5,87.5,88,91,92,92.5",17.6,78.26,94.31,JiaXipera МM1110Y,36,1
418,418100153349465360418,"84,83.5,85.5,88,89.5,90.5,89",19.1,80.63,96.61,JiaXipera МM1110Y,36,1
418,418100153349469220418,"78.5,79,82.5,84,85.5,86,86.5,88.5,89.5,90",17.6,78.26,94.31,JiaXipera МM1110Y,36,1
418,418100153349471820418,"80.5,81,82.5,85,85.5",16.6,76.69,92.78,JiaXipera МM1110Y,36,1
418,418100153349474230418,"79.5,82,83,85,88,89,88.5",18.2,79.21,95.23,JiaXipera МM1110Y,36,1
418,418100153349471870418,"76,81,84.5,85,86.5,86,86.5,89",16.6,76.69,92.78,JiaXipera МM1110Y,36,1
418,418100153349585050418,"85,83,84,86.5,88,90.5,91",20.1,82.21,98.14,JiaXipera МM1110Y,36,1
418,418100153349465960418,"85,87.5,88,90,92.5,94,93",19.1,80.63,96.61,JiaXipera МM1110Y,36,1
418,418100153349466820418,"77,80,81,84.5,87,88.5,90,89.5,89",18.7,80.0,96.0,JiaXipera МM1110Y,36,1
418,418100153349462630418,"80,81,84,83,86,87,87.5",18.0,78.89,94.92,JiaXipera МM1110Y,36,1
418,418100153349308790418,"77,80,80.5,82,85.5,84.5",17.0,77.32,93.39,JiaXipera МM1110Y,36,1
418,418100153349470680418,"79.5,79,82,81.5,82,85.5,86",17.3,77.79,93.85,JiaXipera МM1110Y,36,1
418,418100153349588120418,"82,83.5,83,82.5,84.5,87.5,88,86.5",17.3,77.79,93.85,JiaXipera МM1110Y,36,1
418,418100153349586970418,"82.5,81.5,82,83,86,87.5,90,89.5",19.8,81.73,97.68,JiaXipera МM1110Y,36,1
418,418100153349309120418,"81,82,83,84.5,86,84.5",16.2,76.05,92.16,JiaXipera МM1110Y,36,1
418,418100153349466700418,"81.5,82,84.5,85,88,87.5,88.5,89,90.5,89.5",18.9,80.31,96.3,JiaXipera МM1110Y,36,1
418,418100153349463090418,"75.5,77.5,78,77,80,81,82,82.5,84.5",17.2,77.63,93.7,JiaXipera МM1110Y,36,1
418,418100153349590030418,"76.5,80,81.5,82.5,86,87,89.5,88",18.9,80.31,96.3,JiaXipera МM1110Y,36,1
418,418100153349464440418,"78.5,81.5,83.5,86,85.5,88.5,88",19.4,81.1,97.07,JiaXipera МM1110Y,36,1
418,418100153349588080418,"80,79,78,80,82.5,83.5,84",18.1,79.05,95.08,JiaXipera МM1110Y,36,1
418,418100153349308570418,"79.5,77.5,82,82.5,84,86,87,88",17.2,77.63,93.7,JiaXipera МM1110Y,36,1
418,418100153349584830418,"83.5,85,85.5,86,87,89,92,90.5",20.2,82.36,98.3,JiaXipera МM1110Y,36,1
418,418100153349469930418,"74.5,77,77.5,81.5,84,85.5,88.5,87.5",17.7,78.42,94.46,JiaXipera МM1110Y,36,1
418,418100153349465250418,"81.5,79.5,82,83,84.5,87,88,86.5",18.8,80.16,96.15,JiaXipera МM1110Y,36,1
418,418100153349309350418,"82,82.5,81.5,85,85.5,85,87.5,87",15.6,75.11,91.24,JiaXipera МM1110Y,36,1
418,418100153349465380418,"79,82,83.5,85,86.5,89.5,88.5",18.9,80.31,96.3,JiaXipera МM1110Y,36,1
418,418100153349464040418,"74.5,75.5,77.5,79,79.5,81,81.5",16.7,76.84,92.93,JiaXipera МM1110Y,36,1
418,418100153349462890418,"78,81.5,83,85,86.5,88.5,87.5",18.2,79.21,95.23,JiaXipera МM1110Y,36,1
418,418100153349471250418,"78.5,79.5,80.5,84,84.5,86,88.5,86",16.5,76.53,92.62,JiaXipera МM1110Y,36,1
418,418100153349464550418,"81,79.5,83,86,86.5,88,89.5,88.5",19.2,80.79,96.76,JiaXipera МM1110Y,36,1
418,418100153349309140418,"81,82,83.5,83,84.5,82.5,83.5",16.0,75.74,91.86,JiaXipera МM1110Y,36,1
418,418100153349467700418,"78,78.5,78,81,82.5,83,83.5,82",17.9,78.74,94.77,JiaXipera МM1110Y,36,1
418,418100153349309380418,"82,80.5,83,83.5,85,87,89.5,87.5,87",15.5,74.95,91.09,JiaXipera МM1110Y,36,1
418,418100153349463180418,"79,83.5,85,85.5,86.5,90,89.5",17.4,77.95,94.0,JiaXipera МM1110Y,36,1
418,418100153349468530418,"76.5,79,81.5,84,86,87,88.5",17.8,78.58,94.62,JiaXipera МM1110Y,36,1
418,418100153349466840418,"78,77.5,78.5,79.5,80.5,81,84,85",18.9,80.31,96.3,JiaXipera МM1110Y,36,1
418,418100153349464060418,"76.5,78.5,79.5,80,81.5,82.5,83,82",16.8,77.0,93.08,JiaXipera МM1110Y,36,1
418,418100153349308840418,"70,75.5,76,78,79,78.5,80,81.5,80",17.0,77.32,93.39,JiaXipera МM1110Y,36,1
418,418100153349466800418,"76,77,78.5,80.5,84,83,84,85,84.5,87,86.5,88",18.9,80.31,96.3,JiaXipera МM1110Y,36,1
418,418100153349469670418,"80,81,83.5,85,84.5,85.5,86",16.9,77.16,93.24,JiaXipera МM1110Y,36,1
418,418100153349463400418,"78.5,80.5,81.5,83,85.5,86,87.5,87",17.2,77.63,93.7,JiaXipera МM1110Y,36,1
418,418100153349587480418,"83.5,85,85.5,86,88,89.5,92,91",18.6,79.84,95.84,JiaXipera МM1110Y,36,1
418,418100153349462680418,"78.5,80,82,81,82,85.5,86,87",17.6,78.26,94.31,JiaXipera МM1110Y,36,1
418,418100153349308870418,"79,76,78.5,79,80.5,82.5,83,83.5",16.9,77.16,93.24,JiaXipera МM1110Y,36,1
418,418100153349465150418,"81,80.5,82,85.5,85,87,89,89.5,91",19.0,80.47,96.46,JiaXipera МM1110Y,36,1
418,418100153349473940418,"77.5,81.5,82.5,84,85,86.5,89,88.5",18.4,79.52,95.54,JiaXipera МM1110Y,36,1
418,418100153349473560418,"82,83.5,86.5,89.5,90.5,91.5",18.7,80.0,96.0,JiaXipera МM1110Y,36,1
418,418100153349470020418,"77.5,79.5,81,80.5,84.5,86,87,86",17.4,77.95,94.0,JiaXipera МM1110Y,36,1
418,418100153349308520418,"78.5,79,80,82,81.5,83.5,83,83.5,84.5,85",17.2,77.63,93.7,JiaXipera МM1110Y,36,1
418,418100153349464490418,"76.5,79.5,82,82.5,86,88,89,89.5",19.3,80.94,96.92,JiaXipera МM1110Y,36,1
418,418100153349463070418,"78.5,80,82,82.5,82,87.5,86",18.0,78.89,94.92,JiaXipera МM1110Y,36,1
418,418100153349584840418,"78,83,83.5,84.5,86.5,88,90.5,93,92",20.2,82.36,98.3,JiaXipera МM1110Y,36,1
418,418100153349474130418,"77.5,79,83,84.5,86.5,88,88.5",18.4,79.52,95.54,JiaXipera МM1110Y,36,1
418,418100153349470090418,"77.5,78,78.5,80,83,84,85",17.2,77.63,93.7,JiaXipera МM1110Y,36,1
418,418100153349309500418,"83.5,84.5,85.5,86.5,88,90,88.5",15.6,75.11,91.24,JiaXipera МM1110Y,36,1
418,418100153349464020418,"76.5,77.5,79.5,80.5,81,82,81,81.5,82,83",16.7,76.84,92.93,JiaXipera МM1110Y,36,1
418,418100153349467040418,"77,77.5,82.5,81,83,85.5,87,86,86.5",18.4,79.52,95.54,JiaXipera МM1110Y,36,1
418,418100153349469390418,"77,78.5,79.5,80.5,83,84.5,85.5,86.5",17.4,77.95,94.0,JiaXipera МM1110Y,36,1
418,418100153349584760418,"80.5,83.5,85,87.5,88.5,89.5,90,89.5",20.2,82.36,98.3,JiaXipera МM1110Y,36,1
418,418100153349308770418,"80,81.5,81,83,85,86,86.5,86",17.9,78.74,94.77,JiaXipera МM1110Y,36,1
418,418100153349309450418,"83,82.5,83,84.5,86,86.5,88,87",15.5,74.95,91.09,JiaXipera МM1110Y,36,1
418,418100153349468860418,"80.5,76.5,80.5,81,82,85,85.5,86",17.5,78.1,94.16,JiaXipera МM1110Y,36,1
418,418100153349309470418,"78,83,85.5,86.5,87.5,89,88",15.5,74.95,91.09,JiaXipera МM1110Y,36,1
418,418100153349466010418,"82,85.5,86.5,88.5,89",19.0,80.47,96.46,JiaXipera МM1110Y,36,1
418,418100153349466660418,"69.5,74,77,77.5,78.5,80,81,80.5",17.0,77.32,93.39,JiaXipera МM1110Y,36,1
418,418100153349465470418,"78,79,80.5,83,86.5,88,90.5,91",18.9,80.31,96.3,JiaXipera МM1110Y,36,1
418,418100153349462910418,"78.5,79,82.5,84.5,85.5,87.5,89,89.5",17.4,77.95,94.0,JiaXipera МM1110Y,36,1
418,418100153349589270418,"76.5,77,78.5,79.5,80.5,81,81.5",16.1,75.9,92.01,JiaXipera МM1110Y,36,1
418,418100153349464670418,"80.5,82.5,83.5,85.5,86.5,87.5,88.5",19.2,80.79,96.76,JiaXipera МM1110Y,36,1
418,418100153349465400418,"77,79,81.5,82.5,84,85.5,88,86",18.8,80.16,96.15,JiaXipera МM1110Y,36,1
418,418100153349468020418,"83,82,81.5,83.5,85,85.5,86.5,85",17.3,77.79,93.85,JiaXipera МM1110Y,36,1
418,418100153349473200418,"80,81.5,83,83.5,84.5,86,86.5,86",19.1,80.63,96.61,JiaXipera МM1110Y,36,1
418,418100153349309130418,"79.5,81.5,82,83,84,82",16.1,75.9,92.01,JiaXipera МM1110Y,36,1
418,418100153349465570418,"81.5,84.5,82.5,84.5,86.5,87,86.5,89.5",18.6,79.84,95.84,JiaXipera МM1110Y,36,1
418,418100153349462660418,"80,81,80.5,83,84,86,88,87.5",17.6,78.26,94.31,JiaXipera МM1110Y,36,1
418,418100153349308830418,"76.5,78,79,80,81.5,84,82.5",16.9,77.16,93.24,JiaXipera МM1110Y,36,1
418,418100153349462840418,"77,79,80.5,83,86.5,85.5",17.5,78.1,94.16,JiaXipera МM1110Y,36,1
418,418100153349466810418,"74.5,79.5,80.5,82.5,86,87,88,87.5,88.5",19.0,80.47,96.46,JiaXipera МM1110Y,36,1
418,418100153349308720418,"74.5,76.5,77.5,78.5,81.5,83,85,85.5",17.0,77.32,93.39,JiaXipera МM1110Y,36,1
418,418100153349465060418,"80.5,83,84.5,86,89,87",19.0,80.47,96.46,JiaXipera МM1110Y,36,1
418,418100153349591200418,"80,79.5,81.5,82,82.5,85,84.5,84",17.9,78.74,94.77,JiaXipera МM1110Y,36,1
418,418100153349309520418,"84,83,83.5,84.5,85.5,86,89,88",15.4,74.79,90.94,JiaXipera МM1110Y,36,1
418,418100153349467000418,"81.5,80,82,84,85,87,88,86",18.5,79.68,95.69,JiaXipera МM1110Y,36,1
418,418100153349469920418,"75.5,77.5,79,80,82.5,85,88,85.5",17.7,78.42,94.46,JiaXipera МM1110Y,36,1
418,418100153349308750418,"76.5,79,77.5,78.5,79,80,81,82",17.1,77.47,93.54,JiaXipera МM1110Y,36,1
418,418100153349308990418,"79,80.5,82.5,84,85,86.5,87,88.5,88",16.9,77.16,93.24,JiaXipera МM1110Y,36,1
418,418100153349310620418,"83.5,82,83,84,84.5,85,86,84",14.7,73.69,89.86,JiaXipera МM1110Y,36,1
418,418100153349589730418,"79.5,81.5,81,82.5,83,83.5,83,83.5",18.4,79.52,95.54,JiaXipera МM1110Y,36,1
418,418100153349471790418,"81,79,81,81.5,82.5,82",16.6,76.69,92.78,JiaXipera МM1110Y,36,1
418,418100153349308780418,"83,81,82.5,83.5,86.5,87.5,88.5,88",18.0,78.89,94.92,JiaXipera МM1110Y,36,1
418,418100153349465740418,"82,80,82.5,84.5,85.5,86,89,88,89.5,88.5",19.1,80.63,96.61,JiaXipera МM1110Y,36,1
418,418100153349464170418,"82,84,85.5,85,86.5,89,91.5,93,94",19.6,81.42,97.38,JiaXipera МM1110Y,36,1
418,418100153349591220418,"81.5,80.5,81,82,84.5,84,87,84.5",18.0,78.89,94.92,JiaXipera МM1110Y,36,1
418,418100153349309740418,"84,83,82,85,84.5,86,87.5,85.5",14.6,73.53,89.71,JiaXipera МM1110Y,36,1
418,418100153349463440418,"79,82,85,85.5,87.5,88.5,88",17.1,77.47,93.54,JiaXipera МM1110Y,36,1
418,418100153349308810418,"78.5,77,79,79.5,80.5,84,82",16.8,77.0,93.08,JiaXipera МM1110Y,36,1
418,418100153349465690418,"81,82,84,88,87.5,89,91,90",18.7,80.0,96.0,JiaXipera МM1110Y,36,1
418,418100153349469770418,"78.5,80,80.5,83.5,84,85.5,86.5,87,88.5,87.5",16.9,77.16,93.24,JiaXipera МM1110Y,36,1
418,418100153349464370418,"80.5,82.5,85,87,88,89,91.5,91",19.4,81.1,97.07,JiaXipera МM1110Y,36,1
418,418100153349308910418,"77,80.5,81,82.5,84,84.5,85.5",16.6,76.69,92.78,JiaXipera МM1110Y,36,1
418,418100153349587440418,"79.5,82.5,85,86,88.5,91,91.5",18.6,79.84,95.84,JiaXipera МM1110Y,36,1
418,418100153349584990418,"79,83.5,85.5,87.5,89.5,91,92,90.5",20.1,82.21,98.14,JiaXipera МM1110Y,36,1
418,418100153349308950418,"74,78.5,79.5,80.5,81,82.5,85.5,83.5",16.5,76.53,92.62,JiaXipera МM1110Y,36,1
418,418100153349309510418,"82.5,83,85,85.5,86.5,87.5,88,87",15.5,74.95,91.09,JiaXipera МM1110Y,36,1
418,418100153349467310418,"78,76,79,81.5,84,83,84.5,84,85.5",18.3,79.37,95.38,JiaXipera МM1110Y,36,1
418,418100153349590630418,"83.5,85,87,86,88,89,89.5,89",17.7,78.42,94.46,JiaXipera МM1110Y,36,1
418,418100153349589440418,"73,79,78.5,81.5,85,83.5",16.1,75.9,92.01,JiaXipera МM1110Y,36,1
418,418100153349473020418,"78.5,79.5,83,87,88,88.5,91.5,92",19.2,80.79,96.76,JiaXipera МM1110Y,36,1
418,418100153349463420418,"77,82.5,84.5,84,86,86.5,88,87.5",17.1,77.47,93.54,JiaXipera МM1110Y,36,1
418,418100153349468310418,"80.5,81,83,82.5,83.5,86,87.5,89.5,87.5",19.5,81.26,97.22,JiaXipera МM1110Y,36,1
418,418100153349589760418,"77,76.5,77,78,80,81.5,83,82.5",16.2,76.05,92.16,JiaXipera МM1110Y,36,1
418,418100153349464430418,"77,81,84,88,90.5,91.5",19.4,81.1,97.07,JiaXipera МM1110Y,36,1
418,418100153349309760418,"76.5,80.5,81.5,82.5,85,86,85",14.7,73.69,89.86,JiaXipera МM1110Y,36,1
418,418100153349466420418,"82,83.5,85.5,86,88,88.5,90,89,90.5",18.6,79.84,95.84,JiaXipera МM1110Y,36,1
418,418100153349308880418,"77.5,78,79,82.5,85.5,85,87",16.8,77.0,93.08,JiaXipera МM1110Y,36,1
418,418100153349586630418,"80.5,81.5,82.5,85,88.5,90,91.5,89.5",20.1,82.21,98.14,JiaXipera МM1110Y,36,1
418,418100153349466690418,"79.5,75.5,80.5,81.5,84,84.5,86,88,88.5,89,89.5",19.0,80.47,96.46,JiaXipera МM1110Y,36,1
418,418100153349470260418,"81,82,83.5,85,86.5,88.5,89.5,88.5",17.3,77.79,93.85,JiaXipera МM1110Y,36,1
418,418100153349308890418,"76.5,77,79.5,81,83,82.5",16.7,76.84,92.93,JiaXipera МM1110Y,36,1
418,418100153349465480418,"84.5,83.5,87,86.5,89,90,85",18.8,80.16,96.15,JiaXipera МM1110Y,36,1
418,418100153349469230418,"80.5,81,82,84,87,87.5,89,89.5",17.7,78.42,94.46,JiaXipera МM1110Y,36,1
418,418100153349469240418,"81.5,82.5,82,83,83.5,86,86.5,88,86.5",17.8,78.58,94.62,JiaXipera МM1110Y,36,1
418,418100153349308360418,"81.5,82.5,83,85,85.5,88.5,87",18.1,79.05,95.08,JiaXipera МM1110Y,36,1
418,418100153349308860418,"75.5,77,76.5,78.5,79.5,81,83,84",16.8,77.0,93.08,JiaXipera МM1110Y,36,1
418,418100153349591300418,"78.5,78,79.5,80.5,82.5,83.5,83",17.9,78.74,94.77,JiaXipera МM1110Y,36,1
418,418100153349466250418,"78.5,80.5,81.5,83.5,85.5,88,85",18.7,80.0,96.0,JiaXipera МM1110Y,36,1
418,418100153349467680418,"76.5,78.5,80.5,83,84,84.5,86",17.8,78.58,94.62,JiaXipera МM1110Y,36,1
418,418100153349308960418,"77.5,78.5,79,80.5,81.5,82,83,83.5",16.6,76.69,92.78,JiaXipera МM1110Y,36,1
418,418100153349467540418,"75.5,75,76.5,79,84,84.5,85,84.5,86",18.1,79.05,95.08,JiaXipera МM1110Y,36,1
418,418100153349470430418,"74,77,76.5,80,83,84,86,83",17.2,77.63,93.7,JiaXipera МM1110Y,36,1
418,418100153349464520418,"81,82,82.5,84.5,85,88,87.5,90",19.4,81.1,97.07,JiaXipera МM1110Y,36,1
418,418100153349464100418,"75,74.5,77.5,78.5,80,81.5,82.5",16.7,76.84,92.93,JiaXipera МM1110Y,36,1
418,418100153349591460418,"78,78.5,79.5,81.5,83.5,84,85,84.5",17.8,78.58,94.62,JiaXipera МM1110Y,36,1
418,418100153349584420418,"80,81.5,81,84.5,85,87.5,90,91",20.4,82.68,98.6,JiaXipera МM1110Y,36,1
418,418100153349466030418,"81,83,85.5,88.5,88,89,90,88.5",19.0,80.47,96.46,JiaXipera МM1110Y,36,1
418,418100153349470800418,"82,75.5,79.5,81,82,82.5,84.5,85,84.5",17.2,77.63,93.7,JiaXipera МM1110Y,36,1
418,418100153349588760418,"78.5,79,80,81.5,82.5,83.5,82.5",16.8,77.0,93.08,JiaXipera МM1110Y,36,1
418,418100153349308390418,"82.5,84,84.5,87,88,89,88",17.9,78.74,94.77,JiaXipera МM1110Y,36,1
418,418100153349590500418,"78.5,79.5,82.5,84.5,87,89,90.5,90",18.1,79.05,95.08,JiaXipera МM1110Y,36,1
418,418100153349309730418,"83,84,83,84.5,86,85",14.5,73.37,89.56,JiaXipera МM1110Y,36,1
418,418100153349587090418,"86,85,87.5,89.5,91,92.5,93,96,93",19.7,81.57,97.53,JiaXipera МM1110Y,36,1
418,418100153349470870418,"76,77.5,78,80,81.5,83.5,84.5",16.9,77.16,93.24,JiaXipera МM1110Y,36,1
418,418100153349466440418,"81,82.5,82,84,87,87.5,86.5",18.7,80.0,96.0,JiaXipera МM1110Y,36,1
418,418100153349474310418,"75,71,75.5,78.5,79.5,82,81.5",18.1,79.05,95.08,JiaXipera МM1110Y,36,1
418,418100153349308710418,"76,77,79.5,80.5,82,82.5",17.1,77.47,93.54,JiaXipera МM1110Y,36,1
418,418100153349309800418,"78.5,81.5,83.5,87,85.5,84.5",15.1,74.32,90.48,JiaXipera МM1110Y,36,1
418,418100153349584600418,"82.5,83.5,85,86.5,88.5,90.5,91.5,90.5",20.4,82.68,98.6,JiaXipera МM1110Y,36,1
418,418100153349469660418,"80.5,78.5,82.5,84.5,84,85.5,85",16.9,77.16,93.24,JiaXipera МM1110Y,36,1
418,418100153349473090418,"79,80.5,82.5,84.5,86,86.5,87,87.5,88,89,88.5",19.2,80.79,96.76,JiaXipera МM1110Y,36,1
418,418100153349308350418,"79.5,80,82,81.5,83,83.5,85.5,84.5",18.0,78.89,94.92,JiaXipera МM1110Y,36,1
418,418100153349588100418,"83.5,83,81,84,85,87.5,86",17.6,78.26,94.31,JiaXipera МM1110Y,36,1
418,418100153349587780418,"82.5,81.5,82,84,83.5,85,86,86.5",18.5,79.68,95.69,JiaXipera МM1110Y,36,1
418,418100153349309610418,"77,78.5,81.5,82.5,83.5,85.5,86,88",15.2,74.48,90.63,JiaXipera МM1110Y,36,1
418,418100153349586650418,"80,83.5,85,86.5,89.5,92,89.5",20.1,82.21,98.14,JiaXipera МM1110Y,36,1
418,418100153349585140418,"85,83.5,86,88,87.5,91,92.5,92",20.1,82.21,98.14,JiaXipera МM1110Y,36,1
418,418100153349309680418,"81.5,82,83.5,84.5,85.5,88.5,87.5",15.5,74.95,91.09,JiaXipera МM1110Y,36,1
418,418100153349309850418,"78.5,79,82,80.5,81.5,83,84.5,83",16.9,77.16,93.24,JiaXipera МM1110Y,36,1
418,418100153349585410418,"82.5,84,87,90,91,93.5,94.5,94",21.4,84.26,100.14,JiaXipera МM1110Y,36,1
418,418100153349310000418,"81.5,83,82,84,86,87,86",14.7,73.69,89.86,JiaXipera МM1110Y,36,1
418,418100153349472090418,"82,79,80,80.5,84.5,87.5,86",16.3,76.21,92.32,JiaXipera МM1110Y,36,1
418,418100153349467970418,"82.5,83,83.5,84.5,85.5,87.5,89,89.5",17.4,77.95,94.0,JiaXipera МM1110Y,36,1
418,418100153349472750418,"76.5,81,82.5,84,86.5,88,88.5",19.4,81.1,97.07,JiaXipera МM1110Y,36,1
418,418100153349309460418,"76,79,78,83.5,83,84,84.5",16.2,76.05,92.16,JiaXipera МM1110Y,36,1
418,418100153349309860418,"73.5,77.5,78,79,79.5,81.5,83.5",16.0,75.74,91.86,JiaXipera МM1110Y,36,1
418,418100153349463480418,"76.5,78,79,80,80.5,82,83.5,83,84,85",17.2,77.63,93.7,JiaXipera МM1110Y,36,1
418,418100153349473680418,"82,83.5,85,86.5,88.5,88,90.5,89.5",18.4,79.52,95.54,JiaXipera МM1110Y,36,1
418,418100153349309310418,"80.5,81,84,87,87.5,90.5,90",15.6,75.11,91.24,JiaXipera МM1110Y,36,1
418,418100153349463100418,"81,80,82.5,82,84,86,85,84",17.3,77.79,93.85,JiaXipera МM1110Y,36,1
418,418100153349467240418,"82,83,85,86,87.5,86.5,88.5,87",18.3,79.37,95.38,JiaXipera МM1110Y,36,1
418,418100153349472760418,"77.5,81.5,80.5,81.5,82,83,86,83.5",17.3,77.79,93.85,JiaXipera МM1110Y,36,1
418,418100153349464070418,"82.5,84.5,86.5,87.5,88.5,90,89",18.0,78.89,94.92,JiaXipera МM1110Y,36,1
418,418100153349468290418,"77.5,76.5,78,80,82.5,83,85,86,87,88,89,89.5",18.1,79.05,95.08,JiaXipera МM1110Y,36,1
418,418100153349310060418,"83,82,83,83.5,85,85.5,86.5,76",14.7,73.69,89.86,JiaXipera МM1110Y,36,1
418,418100153349591280418,"81,80,81,81.5,84,85,84.5",17.8,78.58,94.62,JiaXipera МM1110Y,36,1
418,418100153349467210418,"77.5,80.5,82,85,86,87.5,88.5,90,89.5,89,90",18.1,79.05,95.08,JiaXipera МM1110Y,36,1
418,418100153349469370418,"77,76.5,78,80.5,82,83,84,86",17.6,78.26,94.31,JiaXipera МM1110Y,36,1
418,418100153349463110418,"79,80,82.5,83.5,85.5,84",17.3,77.79,93.85,JiaXipera МM1110Y,36,1
418,418100153349472000418,"82,83,82.5,83.5,85,85.5,85",16.3,76.21,92.32,JiaXipera МM1110Y,36,1
418,418100153349465580418,"76,80.5,82,84,85,86.5,87.5",18.8,80.16,96.15,JiaXipera МM1110Y,36,1
418,418100153349464400418,"84.5,83.5,84,85.5,87.5,89,88,88.5,89.5",19.6,81.42,97.38,JiaXipera МM1110Y,36,1
418,418100153349464560418,"83.5,85,84.5,87,89,91,91.5,90.5",19.4,81.1,97.07,JiaXipera МM1110Y,36,1
418,418100153349463680418,"75.5,76,77.5,78.5,80,82,82.5",16.9,77.16,93.24,JiaXipera МM1110Y,36,1
418,418100153349468520418,"74,79,81,83,83.5,84.5,87,86.5",17.7,78.42,94.46,JiaXipera МM1110Y,36,1
418,418100153349309550418,"84.5,83,83.5,84,87,87.5,89,90",15.2,74.48,90.63,JiaXipera МM1110Y,36,1
418,418100153349468400418,"76,76.5,78.5,82,81,83,84,84.5,85.5,86,87.5",18.0,78.89,94.92,JiaXipera МM1110Y,36,1
418,418100153349308740418,"74.5,76.5,78.5,78,79,81,82.5",17.0,77.32,93.39,JiaXipera МM1110Y,36,1
418,418100153349586280418,"86.5,88,89.5,90.5,92.5,91.5",20.4,82.68,98.6,JiaXipera МM1110Y,36,1
418,418100153349468330418,"79.5,80.5,83,85,85.5,86,86.5,87.5,88.5",18.0,78.89,94.92,JiaXipera МM1110Y,36,1
418,418100153349471720418,"82,83.5,84.5,85.5,86.5,88,89.5,88",16.9,77.16,93.24,JiaXipera МM1110Y,36,1
418,418100153349464590418,"76.5,77.5,78.5,80.5,81,82.5,83.5,83",16.7,76.84,92.93,JiaXipera МM1110Y,36,1
418,418100153349472600418,"76.5,78.5,80.5,83,84,85,87,86.5",19.4,81.1,97.07,JiaXipera МM1110Y,36,1
418,418100153349313160418,"76,81.5,80,79.5,80.5,81.5,82,82.5",16.7,76.84,92.93,JiaXipera МM1110Y,36,1
418,418100153349586850418,"74.5,80.5,83.5,87,89,91.5,94.5,93.5",19.9,81.89,97.84,JiaXipera МM1110Y,36,1
418,418100153349463880418,"79.5,80.5,81,82,83,85,84.5",16.9,77.16,93.24,JiaXipera МM1110Y,36,1
418,418100153349468170418,"79.5,78.5,80,82,81.5,83.5,82,84",17.3,77.79,93.85,JiaXipera МM1110Y,36,1
418,418100153349469160418,"81,80.5,82,82.5,84.5,85.5,89.5,89,89.5",17.7,78.42,94.46,JiaXipera МM1110Y,36,1
418,418100153349589290418,"80,82,83.5,85.5,88,89.5,90",18.8,80.16,96.15,JiaXipera МM1110Y,36,1
418,418100153349463910418,"70.5,76,78,79,82.5,82,81.5",16.7,76.84,92.93,JiaXipera МM1110Y,36,1
418,418100153349470670418,"78.5,80.5,81.5,82.5,83.5,86,85",17.1,77.47,93.54,JiaXipera МM1110Y,36,1
418,418100153349462920418,"79.5,80.5,83,85,87,90,91,90.5",17.4,77.95,94.0,JiaXipera МM1110Y,36,1
418,418100153349464660418,"84,82.5,86.5,86,87,89,90,91",19.4,81.1,97.07,JiaXipera МM1110Y,36,1
418,418100153349467810418,"81,79.5,78.5,81,82,82.5,84.5,85,85.5",17.9,78.74,94.77,JiaXipera МM1110Y,36,1
418,418100153349587130418,"82,83.5,86.5,85,87.5,89.5,89,89.5,89,90.5",19.9,81.89,97.84,JiaXipera МM1110Y,36,1
418,418100153349466280418,"78,80.5,81,81.5,83.5,86,86.5,88,89.5,91",18.7,80.0,96.0,JiaXipera МM1110Y,36,1
418,418100153349474190418,"76.5,79,80,80.5,83,84,87,86",18.3,79.37,95.38,JiaXipera МM1110Y,36,1
418,418100153349464420418,"78.5,77.5,82.5,84,86.5,87,89.5,90.5",19.4,81.1,97.07,JiaXipera МM1110Y,36,1
418,418100153349462490418,"77,80.5,82,83.5,85.5,86.5,87.5,87",18.2,79.21,95.23,JiaXipera МM1110Y,36,1
418,418100153349462480418,"78,79,82,83,86.5,89.5,90,89.5",18.1,79.05,95.08,JiaXipera МM1110Y,36,1
418,418100153349462520418,"79.5,74,80.5,81.5,84,86,88,87",18.1,79.05,95.08,JiaXipera МM1110Y,36,1
418,418100153349310640418,"85.5,87,88.5,89.5,91,92.5,90",15.6,75.11,91.24,JiaXipera МM1110Y,36,1
418,418100153349463260418,"77.5,78,77.5,78,80.5,82,81.5",17.3,77.79,93.85,JiaXipera МM1110Y,36,1
418,418100153349466970418,"79,80,81,83.5,84.5,87,88.5,89,87.5",18.5,79.68,95.69,JiaXipera МM1110Y,36,1
418,418100153349309020418,"77,77.5,80,83,85.5,85",16.3,76.21,92.32,JiaXipera МM1110Y,36,1
418,418100153349466880418,"84,81,82.5,84,85,87,88.5",18.9,80.31,96.3,JiaXipera МM1110Y,36,1
418,418100153349588130418,"80,80.5,81,83,83.5,85,85.5,85",17.7,78.42,94.46,JiaXipera МM1110Y,36,1
418,418100153349462540418,"81,82.5,84.5,83.5,85.5,86.5,89,87.5",18.1,79.05,95.08,JiaXipera МM1110Y,36,1
418,418100153349308640418,"77,79,80,81,82,83,85,84.5",17.1,77.47,93.54,JiaXipera МM1110Y,36,1
418,418100153349466230418,"77,77.5,80.5,83,85,86.5,89.5,88.5",18.6,79.84,95.84,JiaXipera МM1110Y,36,1
418,418100153349471190418,"77.5,78.5,76.5,79,80.5,82.5,83",16.6,76.69,92.78,JiaXipera МM1110Y,36,1
418,418100153349462550418,"81.5,82,83,84,84.5,85.5,86.5,87.5,87",18.1,79.05,95.08,JiaXipera МM1110Y,36,1
418,418100153349472510418,"81.5,81,83.5,84.5,86,87.5,88",19.2,80.79,96.76,JiaXipera МM1110Y,36,1
418,418100153349464300418,"85.5,83,86,87,90.5,92,92.5,90.5",19.6,81.42,97.38,JiaXipera МM1110Y,36,1
418,418100153349462580418,"77,80.5,82,84,85,86.5,86",18.2,79.21,95.23,JiaXipera МM1110Y,36,1
418,418100153349469990418,"75,77.5,79.5,82.5,84,87,89,87",17.6,78.26,94.31,JiaXipera МM1110Y,36,1
418,418100153349308940418,"80,79.5,80,81,80.5,82.5,83.5",16.8,77.0,93.08,JiaXipera МM1110Y,36,1
418,418100153349587670418,"78,79.5,79,80.5,81.5,82.5,84,85.5",18.1,79.05,95.08,JiaXipera МM1110Y,36,1
418,418100153349586930418,"84.5,86.5,87.5,89.5,92,93,93.5",19.8,81.73,97.68,JiaXipera МM1110Y,36,1
418,418100153349470290418,"74.5,82,82.5,84,85,87,87.5,88.5",17.3,77.79,93.85,JiaXipera МM1110Y,36,1
418,418100153349463510418,"77.5,79,78,79,79.5,80.5,82,80.5",16.9,77.16,93.24,JiaXipera МM1110Y,36,1
418,418100153349473950418,"80.5,83,84.5,85.5,88,88.5,88",18.5,79.68,95.69,JiaXipera МM1110Y,36,1
418,418100153349471290418,"74.5,76.5,78.5,79,81,82,83.5,84",16.5,76.53,92.62,JiaXipera МM1110Y,36,1
418,418100153349473160418,"81.5,83,88.5,90,89,91,94,93",19.1,80.63,96.61,JiaXipera МM1110Y,36,1
418,418100153349470620418,"78.5,78,78.5,80,82.5,83.5,85.5,85",17.3,77.79,93.85,JiaXipera МM1110Y,36,1
418,418100153349587270418,"72.5,78.5,81.5,84,84.5,85.5,87.5,86.5",19.5,81.26,97.22,JiaXipera МM1110Y,36,1
418,418100153349464140418,"79.5,77.5,79,80,81,83.5,82",16.9,77.16,93.24,JiaXipera МM1110Y,36,1
418,418100153349309410418,"83,82.5,84.5,85.5,86.5,89,87.5",15.6,75.11,91.24,JiaXipera МM1110Y,36,1
418,418100153349465830418,"82,79.5,80,81.5,83,85.5,85",17.1,77.47,93.54,JiaXipera МM1110Y,36,1
418,418100153349462650418,"81,82,83.5,84.5,86,87.5,90.5,89.5,91",18.1,79.05,95.08,JiaXipera МM1110Y,36,1
418,418100153349467530418,"78.5,80,80.5,81.5,83.5,85,86,85.5,86.5,87",18.2,79.21,95.23,JiaXipera МM1110Y,36,1
418,418100153349473320418,"79.5,81,82,82.5,85,86,89,87.5",18.9,80.31,96.3,JiaXipera МM1110Y,36,1
418,418100153349465750418,"80,82.5,85,87.5,89.5,87.5",18.8,80.16,96.15,JiaXipera МM1110Y,36,1
418,418100153349465490418,"83.5,83,84.5,87,86.5,89.5,92,90.5",18.9,80.31,96.3,JiaXipera МM1110Y,36,1
418,418100153349463010418,"81,83.5,84.5,86,87,89,89.5,89",17.3,77.79,93.85,JiaXipera МM1110Y,36,1
418,418100153349469740418,"78,76,80,79.5,82.5,84,84.5",16.9,77.16,93.24,JiaXipera МM1110Y,36,1
418,418100153349467160418,"80.5,81.5,82,83,84.5,86.5,87.5,88",18.2,79.21,95.23,JiaXipera МM1110Y,36,1
418,418100153349466080418,"77,82,81,85,85.5,87.5,87",18.9,80.31,96.3,JiaXipera МM1110Y,36,1
418,418100153349474150418,"76,79.5,80,84.5,85.5,87,87.5,88.5",18.4,79.52,95.54,JiaXipera МM1110Y,36,1
418,418100153349308610418,"79.5,80.5,81,82.5,84,86,87.5,87",17.1,77.47,93.54,JiaXipera МM1110Y,36,1
418,418100153349462730418,"79,81.5,84,87.5,88,91,93,91.5",17.6,78.26,94.31,JiaXipera МM1110Y,36,1
418,418100153349472680418,"76,77,80.5,83.5,85,87.5,90.5,87.5",19.3,80.94,96.92,JiaXipera МM1110Y,36,1
418,418100153349462750418,"81,82,84,86.5,89,90.5,92.5,92,91.5",17.6,78.26,94.31,JiaXipera МM1110Y,36,1
418,418100153349462760418,"81,81.5,83.5,85.5,87.5,90,91.5,92",17.6,78.26,94.31,JiaXipera МM1110Y,36,1
418,418100153349470300418,"73,76.5,78.5,80.5,80,80.5,83.5,84,83.5",17.2,77.63,93.7,JiaXipera МM1110Y,36,1
418,418100153349466610418,"79,77,78,78.5,79.5,81.5,80.5",17.1,77.47,93.54,JiaXipera МM1110Y,36,1
418,418100153349590980418,"85.5,83.5,85,85.5,86.5,87,88.5,87",17.9,78.74,94.77,JiaXipera МM1110Y,36,1
418,418100153349462770418,"83,82,82.5,83,84.5,86,87,86",17.7,78.42,94.46,JiaXipera МM1110Y,36,1
418,418100153349462790418,"77.5,80,79.5,81,82,84.5,83",17.6,78.26,94.31,JiaXipera МM1110Y,36,1
418,418100153349465540418,"82,82.5,83,84,85,87.5,86.5",18.8,80.16,96.15,JiaXipera МM1110Y,36,1
418,418100153349465970418,"79,78,80,83,83.5,85,86.5,88,88.5",19.1,80.63,96.61,JiaXipera МM1110Y,36,1
418,418100153349464750418,"82,86,87,89,90,92,90",19.1,80.63,96.61,JiaXipera МM1110Y,36,1
418,418100153349462610418,"81,80.5,82,82.5,83.5,85,88,87",17.8,78.58,94.62,JiaXipera МM1110Y,36,1
418,418100153349462860418,"81,83.5,84,83.5,87,88,87",17.6,78.26,94.31,JiaXipera МM1110Y,36,1
418,418100153349464080418,"77,78,78.5,80,81,81.5,82.5,82",16.7,76.84,92.93,JiaXipera МM1110Y,36,1
418,418100153349463590418,"81,83.5,84.5,85,88,86.5,88,88.5,89.5",17.3,77.79,93.85,JiaXipera МM1110Y,36,1
418,418100153349462880418,"75.5,80,81,82,82.5,85,84.5",18.1,79.05,95.08,JiaXipera МM1110Y,36,1
418,418100153349474040418,"78.5,77.5,79.5,80.5,82.5,84,86,84",18.4,79.52,95.54,JiaXipera МM1110Y,36,1
418,418100153349309690418,"76,82,84.5,84,86,87,89,86.5",15.0,74.16,90.32,JiaXipera МM1110Y,36,1
418,418100153349462950418,"81,82,83.5,84.5,85.5,87.5,88,89.5",17.4,77.95,94.0,JiaXipera МM1110Y,36,1
418,418100153349469730418,"83.5,82.5,82,84.5,86.5,87,86.5",16.9,77.16,93.24,JiaXipera МM1110Y,36,1
418,418100153349466500418,"79.5,77.5,77,80.5,82.5,84,85,87,88.5",18.6,79.84,95.84,JiaXipera МM1110Y,36,1
418,418100153349473310418,"77,77.5,79.5,80.5,82.5,85.5,86,86.5",18.8,80.16,96.15,JiaXipera МM1110Y,36,1
418,418100153349309670418,"78,80.5,83,84,85,87,89.5,88",14.9,74.0,90.17,JiaXipera МM1110Y,36,1
418,418100153349474260418,"82.5,81.5,81,82,83,85,86,85.5",18.4,79.52,95.54,JiaXipera МM1110Y,36,1
418,418100153349462780418,"79,80.5,82,84.5,87,89,91.5,90.5",17.5,78.1,94.16,JiaXipera МM1110Y,36,1
418,418100153349462590418,"83.5,82,82.5,84,85.5,88.5,88,87.5",18.0,78.89,94.92,JiaXipera МM1110Y,36,1
418,418100153349462990418,"84,85.5,87,88,89,90.5,88.5",17.4,77.95,94.0,JiaXipera МM1110Y,36,1
418,418100153349467750418,"74.5,80,81,83,84.5,85.5,86.5,87",17.8,78.58,94.62,JiaXipera МM1110Y,36,1
418,418100153349472360418,"81.5,84,86,87.5,88.5,89",19.4,81.1,97.07,JiaXipera МM1110Y,36,1
418,418100153349463460418,"79,80,82,83.5,85.5,87,85.5",17.1,77.47,93.54,JiaXipera МM1110Y,36,1
418,418100153349463490418,"78,78.5,79.5,80.5,81,81.5,83.5,82",17.0,77.32,93.39,JiaXipera МM1110Y,36,1
418,418100153349463020418,"84,86.5,86,87.5,88,89.5,87.5",17.7,78.42,94.46,JiaXipera МM1110Y,36,1
418,418100153349591420418,"79.5,83,83.5,83,85.5,86,84.5",17.7,78.42,94.46,JiaXipera МM1110Y,36,1
418,418100153349473300418,"81,81.5,83.5,84.5,85.5,86.5,90,87.5",19.1,80.63,96.61,JiaXipera МM1110Y,36,1
418,418100153349462930418,"76.5,78,79.5,82.5,83.5,86,86.5,88,88.5",17.4,77.95,94.0,JiaXipera МM1110Y,36,1
418,418100153349471780418,"74,76.5,77,78.5,79,82.5,81.5",16.6,76.69,92.78,JiaXipera МM1110Y,36,1
418,418100153349590080418,"78.5,79.5,82,81.5,82.5,84.5,87,88.5",18.9,80.31,96.3,JiaXipera МM1110Y,36,1
418,418100153349466160418,"78,81,83.5,84.5,87,88,89",18.8,80.16,96.15,JiaXipera МM1110Y,36,1
418,418100153349308970418,"76.5,79.5,80,82.5,83,81.5",17.1,77.47,93.54,JiaXipera МM1110Y,36,1
418,418100153349463320418,"76.5,79.5,78.5,80.5,82,84.5,83",17.1,77.47,93.54,JiaXipera МM1110Y,36,1
418,418100153349463230418,"76.5,77.5,79,81,83.5,84",17.3,77.79,93.85,JiaXipera МM1110Y,36,1
418,418100153349463130418,"76.5,77,78,79,81,81.5,80.5",17.5,78.1,94.16,JiaXipera МM1110Y,36,1
418,418100153349466320418,"81.5,80,80.5,85,86.5,87.5,88,88.5",18.7,80.0,96.0,JiaXipera МM1110Y,36,1
418,418100153349308650418,"79,74.5,79.5,81.5,83,83.5,85,85.5,86,86.5,87.5",17.1,77.47,93.54,JiaXipera МM1110Y,36,1
418,418100153349463250418,"77.5,77,77.5,79.5,80.5,81,83,84",17.2,77.63,93.7,JiaXipera МM1110Y,36,1
418,418100153349467030418,"79,80,79.5,80.5,83.5,83,84.5,86",18.6,79.84,95.84,JiaXipera МM1110Y,36,1
418,418100153349468460418,"78.5,81.5,82,84.5,85.5,86.5,87.5,89,89.5",17.7,78.42,94.46,JiaXipera МM1110Y,36,1
418,418100153349472980418,"78.5,81.5,82.5,84.5,85.5,88,89.5,90.5",19.3,80.94,96.92,JiaXipera МM1110Y,36,1
418,418100153349464340418,"80,82,86,85.5,86.5,87.5,90,88.5",19.4,81.1,97.07,JiaXipera МM1110Y,36,1
418,418100153349466530418,"79,80.5,81.5,83,83.5,84.5,84",18.1,79.05,95.08,JiaXipera МM1110Y,36,1
418,418100153349472540418,"77,77.5,79,82,83.5,85,87.5,88",19.3,80.94,96.92,JiaXipera МM1110Y,36,1
418,418100153349474280418,"80.5,82,83.5,85.5,88,87",18.3,79.37,95.38,JiaXipera МM1110Y,36,1
418,418100153349463970418,"82,81,82,83,84.5,85",16.9,77.16,93.24,JiaXipera МM1110Y,36,1
418,418100153349463150418,"78.5,75.5,78.5,80,80.5,81.5,81",17.2,77.63,93.7,JiaXipera МM1110Y,36,1
418,418100153349471700418,"78.5,79.5,80.5,82.5,84,85.5,84",16.6,76.69,92.78,JiaXipera МM1110Y,36,1
418,418100153349586270418,"83,83.5,85.5,86,89,90.5,92,91",20.4,82.68,98.6,JiaXipera МM1110Y,36,1
418,418100153349465520418,"74,82,81,84,83.5,85.5,86.5,86",18.8,80.16,96.15,JiaXipera МM1110Y,36,1
418,418100153349473060418,"81,83,85.5,88.5,88,90.5,93,91",19.2,80.79,96.76,JiaXipera МM1110Y,36,1
418,418100153349463430418,"78,77.5,78.5,79,80,81.5,82.5,81.5",17.1,77.47,93.54,JiaXipera МM1110Y,36,1
418,418100153349466290418,"79.5,81.5,83,85,87.5,88,92,91",18.7,80.0,96.0,JiaXipera МM1110Y,36,1
418,418100153349464640418,"78.5,84,84.5,86,87.5,89,90.5,89.5",19.2,80.79,96.76,JiaXipera МM1110Y,36,1
418,418100153349467770418,"82.5,83.5,85,86.5,87,88.5,89,90.5,91",17.8,78.58,94.62,JiaXipera МM1110Y,36,1
418,418100153349586720418,"80.5,82.5,84.5,85.5,87.5,89,87.5,87",20.2,82.36,98.3,JiaXipera МM1110Y,36,1
418,418100153349463220418,"85.5,84,86,87,86.5,87.5,88.5,89.5",18.8,80.16,96.15,JiaXipera МM1110Y,36,1
418,418100153349590100418,"83.5,82,81.5,83.5,84,86.5,87,87.5",18.9,80.31,96.3,JiaXipera МM1110Y,36,1
418,418100153349467250418,"82.5,83.5,85.5,87,88.5,90,87",18.5,79.68,95.69,JiaXipera МM1110Y,36,1
418,418100153349463290418,"77,80,81,83.5,85,88,90,89.5",17.1,77.47,93.54,JiaXipera МM1110Y,36,1
418,418100153349467410418,"79,78,79.5,81,82,83.5,86,86.5,85.5",18.5,79.68,95.69,JiaXipera МM1110Y,36,1
418,418100153349585560418,"80,81,83.5,85.5,84.5,88,89,90",21.2,83.94,99.83,JiaXipera МM1110Y,36,1
418,418100153349463360418,"75.5,76,75,76.5,79,79.5,81,82",17.3,77.79,93.85,JiaXipera МM1110Y,36,1
418,418100153349309030418,"75.5,76.5,79,80,81,82",16.3,76.21,92.32,JiaXipera МM1110Y,36,1
418,418100153349463410418,"82,84,85.5,87,88.5,90,90.5,88.5",17.4,77.95,94.0,JiaXipera МM1110Y,36,1
418,418100153349462640418,"81.5,81,82,84,83.5,85.5,87,86.5",17.8,78.58,94.62,JiaXipera МM1110Y,36,1
418,418100153349463540418,"76.5,78,79.5,82,82.5,84.5,86,88",16.9,77.16,93.24,JiaXipera МM1110Y,36,1
418,418100153349474380418,"80,82,84,85,86,87,87.5,87,87.5,88.5",18.1,79.05,95.08,JiaXipera МM1110Y,36,1
418,418100153349466850418,"76.5,77.5,80,83.5,87,88,90.5,92.5",18.4,79.52,95.54,JiaXipera МM1110Y,36,1
418,418100153349466860418,"83.5,81,82,84,84.5,86,87,86.5",18.9,80.31,96.3,JiaXipera МM1110Y,36,1
418,418100153349466870418,"77,78,80.5,84.5,83.5,84.5,87.5,88.5,89",18.4,79.52,95.54,JiaXipera МM1110Y,36,1
418,418100153349589430418,"77,78,79,80,81.5,82,85,83.5",16.2,76.05,92.16,JiaXipera МM1110Y,36,1
418,418100153349466890418,"79.5,80.5,82,84,86,88.5,90.5,88.5",18.5,79.68,95.69,JiaXipera МM1110Y,36,1
418,418100153349587840418,"77.5,79,80.5,82,84,85,85.5",17.8,78.58,94.62,JiaXipera МM1110Y,36,1
418,418100153349466910418,"77,80,83,82.5,84.5,86.5,87.5,90",18.6,79.84,95.84,JiaXipera МM1110Y,36,1
418,418100153349469550418,"76.5,79,82,85,85.5,86,84.5",17.1,77.47,93.54,JiaXipera МM1110Y,36,1
418,418100153349585470418,"84,83.5,86,87.5,91,92,94.5,93",21.3,84.1,99.98,JiaXipera МM1110Y,36,1
418,418100153349466920418,"80.5,81,82,85.5,88,89.5,90.5,88.5,89",18.4,79.52,95.54,JiaXipera МM1110Y,36,1
418,418100153349467350418,"79.5,81,82,82.5,81,84,83.5,86.5,85",18.3,79.37,95.38,JiaXipera МM1110Y,36,1
418,418100153349466940418,"79,81.5,82.5,84,87.5,88.5,91.5,89.5",18.6,79.84,95.84,JiaXipera МM1110Y,36,1
418,418100153349474160418,"80,82,82.5,85.5,86,87,88,88.5,89.5,90",18.3,79.37,95.38,JiaXipera МM1110Y,36,1
418,418100153349468190418,"79.5,81,83,85,86.5,87,90,87.5",18.8,80.16,96.15,JiaXipera МM1110Y,36,1
418,418100153349584450418,"78,77,81.5,83,85,86.5,89.5,90",20.4,82.68,98.6,JiaXipera МM1110Y,36,1
418,418100153349466950418,"81.5,81,81.5,82.5,84,85.5,86,86.5,89",18.4,79.52,95.54,JiaXipera МM1110Y,36,1
418,418100153349466960418,"78.5,78,81,81.5,84,86.5,88.5,86.5",18.6,79.84,95.84,JiaXipera МM1110Y,36,1
418,418100153349472460418,"78.5,80,83.5,84,84.5,87,88.5,88",19.2,80.79,96.76,JiaXipera МM1110Y,36,1
418,418100153349308850418,"76,75,76,76.5,79,81.5,82.5,82",17.1,77.47,93.54,JiaXipera МM1110Y,36,1
418,418100153349466980418,"77,79,80.5,82.5,84.5,86,88,87",18.6,79.84,95.84,JiaXipera МM1110Y,36,1
418,418100153349590160418,"78,83,85,87,88,89.5,91.5,91",18.6,79.84,95.84,JiaXipera МM1110Y,36,1
418,418100153349464180418,"81,85.5,84,88,91,92,93,95,96.5",19.6,81.42,97.38,JiaXipera МM1110Y,36,1
418,418100153349466990418,"79.5,79,80,83.5,85,87,89.5,91.5,90.5",18.6,79.84,95.84,JiaXipera МM1110Y,36,1
418,418100153349471710418,"73,79,82.5,83,83.5,85,84.5,83",16.8,77.0,93.08,JiaXipera МM1110Y,36,1
418,418100153349467010418,"79,78.5,79.5,82,83.5,84,85,86",18.6,79.84,95.84,JiaXipera МM1110Y,36,1
418,418100153349474210418,"81,83,83.5,84,86,85.5,88,86.5",18.3,79.37,95.38,JiaXipera МM1110Y,36,1
418,418100153349467020418,"78.5,80.5,84.5,85,87.5,89,87",18.5,79.68,95.69,JiaXipera МM1110Y,36,1
418,418100153349468630418,"78,77,78.5,80,83,84,85.5,84",17.7,78.42,94.46,JiaXipera МM1110Y,36,1
418,418100153349471690418,"82.5,80,81,83,83.5,84.5,84",16.5,76.53,92.62,JiaXipera МM1110Y,36,1
418,418100153349467050418,"84,81.5,82.5,84,85.5,89,90,89.5,90.5",19.0,80.47,96.46,JiaXipera МM1110Y,36,1
418,418100153349467060418,"80,81.5,82.5,83.5,86,88.5",18.5,79.68,95.69,JiaXipera МM1110Y,36,1
418,418100153349589950418,"80,80.5,81.5,83.5,85,85.5,87.5,86.5",18.3,79.37,95.38,JiaXipera МM1110Y,36,1
418,418100153349467070418,"79,75,81,82,86,87,89,89.5,90.5",18.5,79.68,95.69,JiaXipera МM1110Y,36,1
418,418100153349584720418,"81,83,85,88,90,91.5,92.5,92",20.2,82.36,98.3,JiaXipera МM1110Y,36,1
418,418100153349469510418,"77,73.5,77.5,82.5,84.5,84,85.5,86,90",17.3,77.79,93.85,JiaXipera МM1110Y,36,1
418,418100153349470030418,"75.5,77.5,78,81.5,82,83.5,86,85",17.4,77.95,94.0,JiaXipera МM1110Y,36,1
418,418100153349467110418,"76,77,78,80,81.5,84,83.5,85",18.4,79.52,95.54,JiaXipera МM1110Y,36,1
418,418100153349464320418,"81,85,86.5,87.5,88,90.5,91,92,90.5",19.5,81.26,97.22,JiaXipera МM1110Y,36,1
418,418100153349463500418,"79,80,81.5,82,84,84.5,85",17.1,77.47,93.54,JiaXipera МM1110Y,36,1
418,418100153349467120418,"83,80.5,80,82,83.5,84,85.5,86.5,88",18.5,79.68,95.69,JiaXipera МM1110Y,36,1
418,418100153349467140418,"82,83.5,84,85,85.5,86.5,87,88,87.5,88,88.5",18.4,79.52,95.54,JiaXipera МM1110Y,36,1
418,418100153349467150418,"78,80.5,83.5,85,87,88,90,89",18.5,79.68,95.69,JiaXipera МM1110Y,36,1
418,418100153349468840418,"82,83,84.5,86,88,89,90.5,89.5,89",17.3,77.79,93.85,JiaXipera МM1110Y,36,1
418,418100153349585650418,"81.5,82,83,85,86.5,87.5,87",21.2,83.94,99.83,JiaXipera МM1110Y,36,1
418,418100153349467190418,"81,83.5,84.5,86,88,89,88.5",18.2,79.21,95.23,JiaXipera МM1110Y,36,1
418,418100153349467200418,"82.5,79,84.5,85.5,86.5,85.5,86,85.5",18.3,79.37,95.38,JiaXipera МM1110Y,36,1
418,418100153349465140418,"79.5,79,81,86.5,87,88,90,92.5",18.9,80.31,96.3,JiaXipera МM1110Y,36,1
418,418100153349465810418,"77,81,83.5,87.5,88,89,90.5,91.5,92",19.2,80.79,96.76,JiaXipera МM1110Y,36,1
418,418100153349469640418,"77.5,80,82.5,83,84,85.5,86.5,85",17.1,77.47,93.54,JiaXipera МM1110Y,36,1
418,418100153349472860418,"82.5,81,83,83.5,85,86.5,88.5,88",19.2,80.79,96.76,JiaXipera МM1110Y,36,1
418,418100153349467270418,"73.5,77,81,82,83.5,84,85.5",18.1,79.05,95.08,JiaXipera МM1110Y,36,1
418,418100153349308630418,"78.5,81,83,84.5,87,86.5,88.5,88",17.1,77.47,93.54,JiaXipera МM1110Y,36,1
418,418100153349467300418,"82,83.5,84,86,87.5,89,90,90.5",18.3,79.37,95.38,JiaXipera МM1110Y,36,1
418,418100153349589800418,"77,78,79,80.5,82,81.5",16.2,76.05,92.16,JiaXipera МM1110Y,36,1
418,418100153349309080418,"79.5,78.5,80.5,81.5,82,81,83.5,82.5",16.5,76.53,92.62,JiaXipera МM1110Y,36,1
418,418100153349472610418,"77,80,80.5,82.5,84.5,86.5,87.5,88",19.3,80.94,96.92,JiaXipera МM1110Y,36,1
418,418100153349471930418,"77.5,78,79.5,80,81,83,84.5,86,85,85.5,84.5",16.4,76.37,92.47,JiaXipera МM1110Y,36,1
418,418100153349466270418,"79.5,82,85.5,87.5,88,89.5,90.5",18.7,80.0,96.0,JiaXipera МM1110Y,36,1
418,418100153349467430418,"79,78.5,79,81.5,83.5,85,84,87,87.5",18.5,79.68,95.69,JiaXipera МM1110Y,36,1
418,418100153349467440418,"83,81.5,84,86,87,89.5,87.5",18.3,79.37,95.38,JiaXipera МM1110Y,36,1
418,418100153349467450418,"79,81,83.5,85,86,85.5",18.3,79.37,95.38,JiaXipera МM1110Y,36,1
418,418100153349468670418,"79,81.5,84.5,86.5,88.5,89,90",17.5,78.1,94.16,JiaXipera МM1110Y,36,1
418,418100153349467470418,"79.5,78.5,79.5,82,81.5,84,85,88,86",18.4,79.52,95.54,JiaXipera МM1110Y,36,1
418,418100153349467480418,"81.5,80,81,82.5,84.5,85,85.5,86.5,87,88.5,88,90",18.2,79.21,95.23,JiaXipera МM1110Y,36,1
418,418100153349467710418,"76.5,79.5,80.5,82,83,85,86,85.5",17.9,78.74,94.77,JiaXipera МM1110Y,36,1
418,418100153349467570418,"74.5,78,79,78.5,82,83,84.5,85,86.5,87.5",18.2,79.21,95.23,JiaXipera МM1110Y,36,1
418,418100153349467580418,"79,77.5,81,83.5,86,87.5,88.5,88",18.1,79.05,95.08,JiaXipera МM1110Y,36,1
418,418100153349467590418,"76.5,79,81.5,83,84,85,86,87,87.5",18.1,79.05,95.08,JiaXipera МM1110Y,36,1
418,418100153349586440418,"80.5,82,84.5,87.5,90.5,92.5,94,92",20.5,82.84,98.76,JiaXipera МM1110Y,36,1
418,418100153349467610418,"76.5,77.5,81,82,83.5,86,87",18.0,78.89,94.92,JiaXipera МM1110Y,36,1
418,418100153349469570418,"78.5,79.5,81.5,86,87.5,89.5,88",17.1,77.47,93.54,JiaXipera МM1110Y,36,1
418,418100153349590860418,"83,82,84,85.5,88,90,91,90",18.5,79.68,95.69,JiaXipera МM1110Y,36,1
418,418100153349467620418,"76,78.5,79.5,80.5,83.5,85,86.5",17.9,78.74,94.77,JiaXipera МM1110Y,36,1
418,418100153349467630418,"78,77.5,79.5,80.5,81,83.5,84.5,85,86",18.2,79.21,95.23,JiaXipera МM1110Y,36,1
418,418100153349590760418,"77.5,79.5,80,79.5,82,82.5,85,84",17.7,78.42,94.46,JiaXipera МM1110Y,36,1
418,418100153349465070418,"79.5,81,82,84,86,87.5,87,88.5,86.5",19.0,80.47,96.46,JiaXipera МM1110Y,36,1
418,418100153349462600418,"81,77.5,82,83.5,84,86.5,88.5,89,88",18.0,78.89,94.92,JiaXipera МM1110Y,36,1
418,418100153349471180418,"77,78,79.5,81.5,83,83.5,85.5,83.5",16.5,76.53,92.62,JiaXipera МM1110Y,36,1
418,418100153349586550418,"76,73.5,79,80.5,81.5,83.5,84.5,86.5,88",20.3,82.52,98.45,JiaXipera МM1110Y,36,1
418,418100153349467640418,"72,78,81,83,85.5,87,88.5,87.5",17.9,78.74,94.77,JiaXipera МM1110Y,36,1
418,418100153349470440418,"73.5,78,79,81.5,81,82.5,82,85",17.2,77.63,93.7,JiaXipera МM1110Y,36,1
418,418100153349466470418,"79,78.5,82.5,83,84.5,86.5,86,88",18.6,79.84,95.84,JiaXipera МM1110Y,36,1
418,418100153349467650418,"76.5,79,80.5,81.5,83.5,85.5,87,85.5",17.9,78.74,94.77,JiaXipera МM1110Y,36,1
418,418100153349469410418,"76.5,78,81,82,84,87.5,86",17.4,77.95,94.0,JiaXipera МM1110Y,36,1
418,418100153349585860418,"80,82,84,84.5,87,90,91,90",20.8,83.31,99.22,JiaXipera МM1110Y,36,1
418,418100153349467670418,"79.5,81,85,86,88.5,90,88.5,90,91,90",18.6,79.84,95.84,JiaXipera МM1110Y,36,1
418,418100153349464950418,"83.5,83,85,85.5,86,88,90,88.5",19.1,80.63,96.61,JiaXipera МM1110Y,36,1
418,418100153349467690418,"74,78.5,79.5,82,83.5,85,87,86",17.8,78.58,94.62,JiaXipera МM1110Y,36,1
418,418100153349469210418,"77.5,80.5,83,87.5,88,90.5,91.5,92.5",17.7,78.42,94.46,JiaXipera МM1110Y,36,1
418,418100153349467730418,"79,81,83,84,84.5,85.5,87.5,86,85.5",17.8,78.58,94.62,JiaXipera МM1110Y,36,1
418,418100153349467760418,"78,80.5,83,85,87,89,89.5,91",17.9,78.74,94.77,JiaXipera МM1110Y,36,1
418,418100153349465770418,"81.5,81,81.5,83,84.5,85.5,87,85",18.9,80.31,96.3,JiaXipera МM1110Y,36,1
418,418100153349468050418,"83,82.5,84,85.5,88.5,86",17.3,77.79,93.85,JiaXipera МM1110Y,36,1
418,418100153349589070418,"77.5,77,77.5,79.5,81,83,82.5",15.9,75.58,91.7,JiaXipera МM1110Y,36,1
418,418100153349467780418,"76.5,79,81,82,85,85.5,87,87.5,87",17.8,78.58,94.62,JiaXipera МM1110Y,36,1
418,418100153349473140418,"79.5,80,83.5,82.5,81.5,85.5,87,86",19.2,80.79,96.76,JiaXipera МM1110Y,36,1
418,418100153349473070418,"79.5,81.5,81,83.5,86.5,87,88,87",19.2,80.79,96.76,JiaXipera МM1110Y,36,1
418,418100153349467790418,"81.5,82,83.5,84.5,86.5,87.5,88,86.5",18.6,79.84,95.84,JiaXipera МM1110Y,36,1
418,418100153349468750418,"76.5,78.5,79.5,80.5,81,82.5,84.5,85.5,87,88.5,88,88.5",17.5,78.1,94.16,JiaXipera МM1110Y,36,1
418,418100153349467520418,"78.5,76.5,78,79.5,81.5,82.5,83.5,84.5,86.5,86",18.2,79.21,95.23,JiaXipera МM1110Y,36,1
418,418100153349467800418,"76.5,79,80.5,82,84.5,86.5,86",17.7,78.42,94.46,JiaXipera МM1110Y,36,1
418,418100153349467840418,"77.5,73,80,81.5,83,84,84.5,86,84.5",17.7,78.42,94.46,JiaXipera МM1110Y,36,1
418,418100153349467860418,"75,77,80,82,84,85.5,87.5,89,87",17.5,78.1,94.16,JiaXipera МM1110Y,36,1
418,418100153349473720418,"78.5,79,82,84,84.5,87,88.5,87.5",19.4,81.1,97.07,JiaXipera МM1110Y,36,1
418,418100153349469100418,"78,73.5,78.5,79,79.5,80.5,82,84.5,85,85.5",17.8,78.58,94.62,JiaXipera МM1110Y,36,1
418,418100153349468910418,"81.5,82,83.5,85,87.5,88",17.3,77.79,93.85,JiaXipera МM1110Y,36,1
418,418100153349309400418,"80,81,82.5,84,86,87,89,88",15.5,74.95,91.09,JiaXipera МM1110Y,36,1
418,418100153349471650418,"78,81.5",16.5,76.53,92.62,JiaXipera МM1110Y,36,1
418,418100153349467890418,"78,81.5,82.5,83,84,85.5",17.6,78.26,94.31,JiaXipera МM1110Y,36,1
418,418100153349467910418,"81,80.5,82,83,84.5,87,86",17.5,78.1,94.16,JiaXipera МM1110Y,36,1
418,418100153349471880418,"77,79.5,80.5,82,83.5,84.5,86.5,86",16.4,76.37,92.47,JiaXipera МM1110Y,36,1
418,418100153349467930418,"77.5,79.5,85.5,86,87,88,88.5,90,90.5",17.4,77.95,94.0,JiaXipera МM1110Y,36,1
418,418100153349585030418,"81.5,77.5,79.5,81.5,83,84.5,86,88,87.5",20.1,82.21,98.14,JiaXipera МM1110Y,36,1
418,418100153349468380418,"78,79.5,83,85.5,86,88.5,88,88.5",17.8,78.58,94.62,JiaXipera МM1110Y,36,1
418,418100153349469610418,"79,80.5,81,81.5,82,83.5,84.5,83.5",16.9,77.16,93.24,JiaXipera МM1110Y,36,1
418,418100153349589360418,"75,75.5,76.5,76,78,79,79.5",15.8,75.42,91.55,JiaXipera МM1110Y,36,1
418,418100153349310030418,"81.5,83,81.5,83,84.5,85.5,87,86",14.7,73.69,89.86,JiaXipera МM1110Y,36,1
418,418100153349467940418,"80.5,81,82,83.5,85.5,86.5,89,88",17.4,77.95,94.0,JiaXipera МM1110Y,36,1
418,418100153349591430418,"78.5,78,78.5,79.5,81.5,83,81.5",17.8,78.58,94.62,JiaXipera МM1110Y,36,1
418,418100153349471110418,"80,78.5,79,81,83,84.5,86,85.5",16.5,76.53,92.62,JiaXipera МM1110Y,36,1
418,418100153349467950418,"81.5,83,84.5,85,86.5,87,89,86.5",17.6,78.26,94.31,JiaXipera МM1110Y,36,1
418,418100153349469720418,"77,80,83,84,87,85",16.9,77.16,93.24,JiaXipera МM1110Y,36,1
418,418100153349469380418,"76,78,80.5,82,84.5,85,86.5,87",17.4,77.95,94.0,JiaXipera МM1110Y,36,1
418,418100153349467980418,"84,84.5,85.5,87.5,89,88.5",17.4,77.95,94.0,JiaXipera МM1110Y,36,1
418,418100153349467990418,"82.5,81.5,82.5,84.5,85.5,86,86.5,87",17.4,77.95,94.0,JiaXipera МM1110Y,36,1
418,418100153349469590418,"78.5,79.5,81,82,83.5,84,84.5,85,84.5",17.1,77.47,93.54,JiaXipera МM1110Y,36,1
418,418100153349470250418,"78,81,82,83,86.5,88.5,89,90",17.3,77.79,93.85,JiaXipera МM1110Y,36,1
418,418100153349586450418,"82,79,85.5,88.5,90,94.5,95.5,94",20.4,82.68,98.6,JiaXipera МM1110Y,36,1
418,418100153349470580418,"82,83.5,82.5,85,87,85.5,86",17.4,77.95,94.0,JiaXipera МM1110Y,36,1
418,418100153349590870418,"79.5,81,82.5,85.5,86.5,87,87.5",18.4,79.52,95.54,JiaXipera МM1110Y,36,1
418,418100153349589590418,"78,79,80.5,81,82.5,83.5,83",16.1,75.9,92.01,JiaXipera МM1110Y,36,1
418,418100153349465980418,"79.5,77,84,85.5,87.5,88,89.5,91",19.1,80.63,96.61,JiaXipera МM1110Y,36,1
418,418100153349463270418,"78.5,79,80.5,79.5,82.5,85,85.5",17.4,77.95,94.0,JiaXipera МM1110Y,36,1
418,418100153349468010418,"80,81,82.5,84,86,86.5,87,85.5",17.4,77.95,94.0,JiaXipera МM1110Y,36,1
418,418100153349586080418,"86,83.5,85,87.5,90,92,93.5,94.5,96,95",20.7,83.15,99.06,JiaXipera МM1110Y,36,1
418,418100153349468030418,"81,77,77.5,81,82,83.5,85,85.5,87,84.5",17.3,77.79,93.85,JiaXipera МM1110Y,36,1
418,418100153349468040418,"82.5,81,82,83,85,86,87,86",17.3,77.79,93.85,JiaXipera МM1110Y,36,1
418,418100153349309230418,"75,78.5,81.5,80.5,82.5,83,85.5,85",16.1,75.9,92.01,JiaXipera МM1110Y,36,1
418,418100153349468070418,"80,80.5,81,83,83.5,85.5,86.5,87",17.3,77.79,93.85,JiaXipera МM1110Y,36,1
418,418100153349468080418,"81,80.5,83,84,85,86.5,87,87.5,86.5",17.8,78.58,94.62,JiaXipera МM1110Y,36,1
418,418100153349468090418,"84.5,82,82.5,84.5,86,86.5,88.5,87.5",18.9,80.31,96.3,JiaXipera МM1110Y,36,1
418,418100153349584510418,"75.5,77.5,80,83,85.5,88,90,88.5",20.4,82.68,98.6,JiaXipera МM1110Y,36,1
418,418100153349470790418,"75.5,77,79,79.5,80.5,80,82,81.5",16.9,77.16,93.24,JiaXipera МM1110Y,36,1
418,418100153349468100418,"77.5,79,80.5,81.5,82,82.5,84,84.5,84",17.3,77.79,93.85,JiaXipera МM1110Y,36,1
418,418100153349587400418,"78.5,81.5,83.5,84,87.5,88.5,88",18.8,80.16,96.15,JiaXipera МM1110Y,36,1
418,418100153349468120418,"85.5,86,88,89,95.5,93,91",19.0,80.47,96.46,JiaXipera МM1110Y,36,1
418,418100153349468130418,"79.5,78,79.5,80.5,81,83,84.5,86",17.0,77.32,93.39,JiaXipera МM1110Y,36,1
418,418100153349468200418,"84.5,86.5,87,89.5,91,94,95,92",19.0,80.47,96.46,JiaXipera МM1110Y,36,1
418,418100153349586660418,"80.5,81.5,83,85.5,88,89.5,91.5,92",20.1,82.21,98.14,JiaXipera МM1110Y,36,1
418,418100153349468240418,"79.5,82,84.5,85.5,87.5,89.5,91,91.5,89.5",18.8,80.16,96.15,JiaXipera МM1110Y,36,1
418,418100153349591000418,"78.5,80,79,80,82.5,85.5,86",18.1,79.05,95.08,JiaXipera МM1110Y,36,1
418,418100153349468260418,"79.5,81,82.5,83.5,86,88.5,87",17.0,77.32,93.39,JiaXipera МM1110Y,36,1
418,418100153349468830418,"82,82.5,83,84.5,86,87,85.5",17.2,77.63,93.7,JiaXipera МM1110Y,36,1
418,418100153349584380418,"81,81.5,85.5,87,89.5,90.5,92,93",20.4,82.68,98.6,JiaXipera МM1110Y,36,1
418,418100153349473910418,"80.5,82,80.5,83,84.5,86,86.5",18.5,79.68,95.69,JiaXipera МM1110Y,36,1
418,418100153349468270418,"77.5,78.5,79.5,80,83,84,84.5,86.5,89.5,88.5",18.1,79.05,95.08,JiaXipera МM1110Y,36,1
418,418100153349468280418,"81,80.5,81,82.5,83.5,85.5,89,88.5,90,90.5",18.1,79.05,95.08,JiaXipera МM1110Y,36,1
418,418100153349463890418,"76,74,76.5,78,79.5,80.5,81",16.9,77.16,93.24,JiaXipera МM1110Y,36,1
418,418100153349469520418,"74.5,76.5,77.5,80,81.5,84,86.5,87,88.5",17.3,77.79,93.85,JiaXipera МM1110Y,36,1
418,418100153349584590418,"81,84.5,85.5,87.5,89,91.5,91",20.4,82.68,98.6,JiaXipera МM1110Y,36,1
418,418100153349471150418,"78.5,79.5,78.5,81.5,82.5,84.5,84,84.5",17.3,77.79,93.85,JiaXipera МM1110Y,36,1
418,418100153349468320418,"77.5,80,81,83,83.5,85,86,83.5",18.0,78.89,94.92,JiaXipera МM1110Y,36,1
418,418100153349468350418,"80,80.5,81,83.5,84,85.5,88,89,88.5",18.0,78.89,94.92,JiaXipera МM1110Y,36,1
418,418100153349468360418,"77.5,77,78.5,79,81,82,84,84.5,85",17.9,78.74,94.77,JiaXipera МM1110Y,36,1
418,418100153349587410418,"83,82,82.5,83,85,86.5,88,87.5",18.9,80.31,96.3,JiaXipera МM1110Y,36,1
418,418100153349468390418,"81.5,80,81,83.5,85.5,86.5,87",17.8,78.58,94.62,JiaXipera МM1110Y,36,1
418,418100153349468410418,"74,74.5,76,77.5,80.5,81.5,82.5,83,83.5",17.8,78.58,94.62,JiaXipera МM1110Y,36,1
418,418100153349472880418,"81,82,84,86.5,87,88.5,90,89",19.2,80.79,96.76,JiaXipera МM1110Y,36,1
418,418100153349463200418,"83,82,82.5,83.5,84.5,85,86,85",18.5,79.68,95.69,JiaXipera МM1110Y,36,1
418,418100153349468420418,"79,78,77,79,81,83.5,84.5,86",17.8,78.58,94.62,JiaXipera МM1110Y,36,1
418,418100153349586610418,"80,82,82.5,85,87,88,89.5,89",20.2,82.36,98.3,JiaXipera МM1110Y,36,1
418,418100153349468430418,"77,78.5,80,81,81.5,82.5,83,83.5,85",17.8,78.58,94.62,JiaXipera МM1110Y,36,1
418,418100153349588820418,"78,76,76.5,77.5,78.5,80,81,80",17.0,77.32,93.39,JiaXipera МM1110Y,36,1
418,418100153349470910418,"75.5,76.5,78,81.5,82.5,83,79",16.8,77.0,93.08,JiaXipera МM1110Y,36,1
418,418100153349463750418,"75,76.5,77.5,80,80.5,81.5,82.5,84",16.9,77.16,93.24,JiaXipera МM1110Y,36,1
418,418100153349471300418,"80,79,79.5,81.5,83,84,83.5",16.6,76.69,92.78,JiaXipera МM1110Y,36,1
418,418100153349469960418,"72,78,79,81,81.5,82.5,84,83.5",17.6,78.26,94.31,JiaXipera МM1110Y,36,1
418,418100153349470450418,"75,79,80.5,80,81.5,84,86,84.5",17.2,77.63,93.7,JiaXipera МM1110Y,36,1
418,418100153349468450418,"76.5,78,79.5,81.5,83.5,85,86.5,87",17.7,78.42,94.46,JiaXipera МM1110Y,36,1
418,418100153349470310418,"77,80,81.5,84,86,88,87.5",17.3,77.79,93.85,JiaXipera МM1110Y,36,1
418,418100153349471460418,"79,78.5,80.5,82,83.5,85,87,85",16.9,77.16,93.24,JiaXipera МM1110Y,36,1
418,418100153349468470418,"76.5,80,78,80.5,81,82.5,83.5",17.7,78.42,94.46,JiaXipera МM1110Y,36,1
418,418100153349464610418,"82,84,85.5,86.5,88.5,90,91.5,90",19.5,81.26,97.22,JiaXipera МM1110Y,36,1
418,418100153349468480418,"77,79,80.5,82,84,86,87,86.5",17.7,78.42,94.46,JiaXipera МM1110Y,36,1
418,418100153349464190418,"78.5,81.5,80.5,82,84.5,86,84.5",16.7,76.84,92.93,JiaXipera МM1110Y,36,1
418,418100153349468510418,"77.5,79,85.5",17.8,78.58,94.62,JiaXipera МM1110Y,36,1
418,418100153349468540418,"78,80,81.5,84,85,89.5,90,89.5",17.7,78.42,94.46,JiaXipera МM1110Y,36,1
418,418100153349468560418,"76.5,77.5,79.5,79,80,81.5,84.5,85.5,87,89",17.7,78.42,94.46,JiaXipera МM1110Y,36,1
418,418100153349586920418,"78.5,80,82.5,84.5,85,86,87,88,90",19.8,81.73,97.68,JiaXipera МM1110Y,36,1
418,418100153349473930418,"82.5,84,86,87,87.5,89,90.5,91.5,90.5",18.5,79.68,95.69,JiaXipera МM1110Y,36,1
418,418100153349468610418,"75.5,79.5,81.5,82.5,85,84,88,86.5",17.7,78.42,94.46,JiaXipera МM1110Y,36,1
418,418100153349463310418,"76.5,75,77,78.5,79,81,83,82.5",17.1,77.47,93.54,JiaXipera МM1110Y,36,1
418,418100153349468620418,"78.5,79,78.5,79,79.5,80,81.5,82.5,83.5",17.7,78.42,94.46,JiaXipera МM1110Y,36,1
418,418100153349468640418,"72,76,79.5,81.5,82.5,83,85,86",17.3,77.79,93.85,JiaXipera МM1110Y,36,1
418,418100153349468650418,"81,79,81,82,83.5,84,85,85.5",17.4,77.95,94.0,JiaXipera МM1110Y,36,1
418,418100153349468660418,"81,81.5,83,83.5,85,85.5,86,88,87",17.5,78.1,94.16,JiaXipera МM1110Y,36,1
418,418100153349463040418,"81.5,82.5,83.5,85,87.5,88.5,89,88",17.4,77.95,94.0,JiaXipera МM1110Y,36,1
418,418100153349468680418,"80,82,83,82,84.5,85,87,88,89.5",17.6,78.26,94.31,JiaXipera МM1110Y,36,1
418,418100153349468690418,"76.5,80,82,81.5,86,86.5,87,86.5",17.5,78.1,94.16,JiaXipera МM1110Y,36,1
418,418100153349468700418,"77,78.5,80.5,82.5,84.5,85.5",17.5,78.1,94.16,JiaXipera МM1110Y,36,1
418,418100153349587500418,"76,78,80,83,85,86.5,90,91.5",18.5,79.68,95.69,JiaXipera МM1110Y,36,1
418,418100153349469430418,"75,77,76.5,79,81.5,82.5,84,83.5",17.4,77.95,94.0,JiaXipera МM1110Y,36,1
418,418100153349468710418,"81,80.5,82,85,86,88.5,90,89.5",17.5,78.1,94.16,JiaXipera МM1110Y,36,1
418,418100153349468740418,"80,79.5,81.5,82,83,85.5,85",17.4,77.95,94.0,JiaXipera МM1110Y,36,1
418,418100153349590490418,"77,80.5,81,82,83,84.5,81",18.2,79.21,95.23,JiaXipera МM1110Y,36,1
418,418100153349466790418,"78.5,79,82.5,84,88,90.5,92,91",18.7,80.0,96.0,JiaXipera МM1110Y,36,1
418,418100153349309110418,"78.5,80,81,83.5,83,85,81.5",16.1,75.9,92.01,JiaXipera МM1110Y,36,1
418,418100153349468770418,"77.5,78.5,80.5,81.5,84,86,87.5,87",17.4,77.95,94.0,JiaXipera МM1110Y,36,1
418,418100153349590890418,"83.5,82.5,84,86,88,89.5,90,89.5",18.4,79.52,95.54,JiaXipera МM1110Y,36,1
418,418100153349586790418,"83,84.5,84,85.5,86.5,89,88.5",20.5,82.84,98.76,JiaXipera МM1110Y,36,1
418,418100153349470600418,"77,81,82.5,83,84,85.5,85,87,88.5",17.2,77.63,93.7,JiaXipera МM1110Y,36,1
418,418100153349588910418,"77.5,78.5,79.5,82.5,83.5,85.5,85",16.6,76.69,92.78,JiaXipera МM1110Y,36,1
418,418100153349586110418,"83.5,85.5,86,87.5,89,88.5,89,90,91.5",20.7,83.15,99.06,JiaXipera МM1110Y,36,1
418,418100153349468780418,"74.5,78,81,80.5,82.5,83.5,84.5,84",17.7,78.42,94.46,JiaXipera МM1110Y,36,1
418,418100153349309640418,"80,81,82,83.5,85.5,86.5,85.5",15.1,74.32,90.48,JiaXipera МM1110Y,36,1
418,418100153349468790418,"82,81,82,84.5,85,85.5,86,87.5,88.5,87.5,88.5",17.3,77.79,93.85,JiaXipera МM1110Y,36,1
418,418100153349470210418,"76.5,79,82.5,83.5,87,86.5,88.5,88",17.2,77.63,93.7,JiaXipera МM1110Y,36,1
418,418100153349472390418,"80.5,83,85,85.5,86.5,89,88",19.3,80.94,96.92,JiaXipera МM1110Y,36,1
418,418100153349590510418,"80.5,82.5,83,83.5,84.5,86,86.5,85.5",18.1,79.05,95.08,JiaXipera МM1110Y,36,1
418,418100153349468820418,"79,82.5,84.5,85.5,85,87,87.5,86",17.2,77.63,93.7,JiaXipera МM1110Y,36,1
418,418100153349468850418,"80,76,78.5,79,80.5,82.5,84,84.5",17.3,77.79,93.85,JiaXipera МM1110Y,36,1
418,418100153349467460418,"82,84.5,86.5,88.5,89,91,90",18.3,79.37,95.38,JiaXipera МM1110Y,36,1
418,418100153349468890418,"77,79,81,82,82.5,83.5,84.5",17.3,77.79,93.85,JiaXipera МM1110Y,36,1
418,418100153349589570418,"81,76,81,83,83.5,84,85.5",17.1,77.47,93.54,JiaXipera МM1110Y,36,1
418,418100153349309840418,"84.5,81.5,83,84,84.5,86,85",14.7,73.69,89.86,JiaXipera МM1110Y,36,1
418,418100153349468970418,"77,76.5,77.5,79.5,81,82,83.5",17.3,77.79,93.85,JiaXipera МM1110Y,36,1
418,418100153349471960418,"81,81.5,83.5,83,83.5,84.5,83",16.4,76.37,92.47,JiaXipera МM1110Y,36,1
418,418100153349474030418,"78.5,82,83,85,88,87.5",18.4,79.52,95.54,JiaXipera МM1110Y,36,1
418,418100153349469010418,"82,81.5,82,83.5,84,85.5,86,87.5",17.2,77.63,93.7,JiaXipera МM1110Y,36,1
418,418100153349469060418,"77.5,78.5,78,77.5,78.5,84.5,85,86,87",17.8,78.58,94.62,JiaXipera МM1110Y,36,1
418,418100153349585770418,"84.5,83,83.5,87.5,89,89.5,92,93.5,90.5",21.0,83.63,99.52,JiaXipera МM1110Y,36,1
418,418100153349467340418,"79.5,81.5,84,84.5,86,85,86,85.5",18.3,79.37,95.38,JiaXipera МM1110Y,36,1
418,418100153349469080418,"79.5,79,83,84.5,86.5,89.5,92",17.8,78.58,94.62,JiaXipera МM1110Y,36,1
418,418100153349589890418,"81.5,83.5,85,86,87.5,88,87.5",18.0,78.89,94.92,JiaXipera МM1110Y,36,1
418,418100153349469090418,"81,79,78.5,79.5,82.5,83,84,85,87.5,87,86",17.8,78.58,94.62,JiaXipera МM1110Y,36,1
418,418100153349586500418,"80,83,85,86,87,88,90,91.5,93",20.4,82.68,98.6,JiaXipera МM1110Y,36,1
418,418100153349470000418,"77,78,80.5,83.5,82.5,85,84",17.5,78.1,94.16,JiaXipera МM1110Y,36,1
418,418100153349469110418,"76,78.5,80,82,82.5,84,84.5,85",17.8,78.58,94.62,JiaXipera МM1110Y,36,1
418,418100153349469130418,"82.5,81.5,86.5,87.5,89.5,91,93,93.5",17.8,78.58,94.62,JiaXipera МM1110Y,36,1
418,418100153349469140418,"77.5,79,81,82.5,84,84.5,85,86.5,86,86.5",17.7,78.42,94.46,JiaXipera МM1110Y,36,1
418,418100153349467870418,"75.5,76.5,77.5,79,79.5,82.5,84.5,85.5,87",17.5,78.1,94.16,JiaXipera МM1110Y,36,1
418,418100153349469170418,"79,80.5,81.5,83.5,86,87.5,89,89.5,90.5",17.7,78.42,94.46,JiaXipera МM1110Y,36,1
418,418100153349469200418,"78,79,81.5,84,85,82.5,86.5,86,87",17.6,78.26,94.31,JiaXipera МM1110Y,36,1
418,418100153349469250418,"75.5,76,78.5,81.5,83.5,84.5,85,89",17.6,78.26,94.31,JiaXipera МM1110Y,36,1
418,418100153349474000418,"82,83.5,85,86,88.5,90.5,89.5",18.5,79.68,95.69,JiaXipera МM1110Y,36,1
418,418100153349469280418,"76.5,78.5,78,81,83.5,84.5,87,85",17.5,78.1,94.16,JiaXipera МM1110Y,36,1
418,418100153349474020418,"81.5,78.5,79.5,82,81.5,83.5,82.5",18.4,79.52,95.54,JiaXipera МM1110Y,36,1
418,418100153349313360418,"79,80,81,83.5,84.5,85.5,84.5",17.2,77.63,93.7,JiaXipera МM1110Y,36,1
418,418100153349469300418,"76,76.5,77,78,78.5,79.5,81.5,82.5,83",17.5,78.1,94.16,JiaXipera МM1110Y,36,1
418,418100153349466380418,"82.5,82,82.5,85.5,86,87,88,89,89.5,90",18.7,80.0,96.0,JiaXipera МM1110Y,36,1
418,418100153349469340418,"80,81.5,83.5,84,86.5,87.5,88,87",17.6,78.26,94.31,JiaXipera МM1110Y,36,1
418,418100153349469350418,"76.5,76,78.5,80.5,81,86,88,89",17.6,78.26,94.31,JiaXipera МM1110Y,36,1
418,418100153349470980418,"75.5,76.5,77,78,80.5,82,81.5,81",16.5,76.53,92.62,JiaXipera МM1110Y,36,1
418,418100153349586520418,"80.5,83,82.5,85.5,91,92.5,95,95.5",20.3,82.52,98.45,JiaXipera МM1110Y,36,1
418,418100153349469360418,"75.5,77.5,75.5,81,80.5,83.5,82.5,85.5,86.5",17.6,78.26,94.31,JiaXipera МM1110Y,36,1
418,418100153349469400418,"77,78.5,79,80,82,85,86,86.5",17.4,77.95,94.0,JiaXipera МM1110Y,36,1
418,418100153349471090418,"82,81,79.5,81.5,83.5,84,87,85.5",17.3,77.79,93.85,JiaXipera МM1110Y,36,1
418,418100153349469450418,"75.5,80.5,81.5,82,84,85,86.5,86,86.5,87",17.3,77.79,93.85,JiaXipera МM1110Y,36,1
418,418100153349584970418,"81.5,83.5,84,86.5,88,89.5,92,91.5,89.5",20.1,82.21,98.14,JiaXipera МM1110Y,36,1
418,418100153349469460418,"78.5,80,81.5,82,84.5,86,88,87.5,88",17.3,77.79,93.85,JiaXipera МM1110Y,36,1
418,418100153349464050418,"77.5,78,80.5,81,81.5,82.5,83,83.5",16.8,77.0,93.08,JiaXipera МM1110Y,36,1
418,418100153349469480418,"76,78,80,83.5,84,85,88,86.5",17.3,77.79,93.85,JiaXipera МM1110Y,36,1
418,418100153349471130418,"81,79.5,81,82.5,83,82.5,85,84.5",16.6,76.69,92.78,JiaXipera МM1110Y,36,1
418,418100153349309220418,"80.5,81.5,85,83,84.5,85,87.5,85.5",16.0,75.74,91.86,JiaXipera МM1110Y,36,1
418,418100153349473190418,"82.5,83,85,87,88,87.5,90,90.5",19.2,80.79,96.76,JiaXipera МM1110Y,36,1
418,418100153349469490418,"74.5,76.5,78,79,82,84.5,86,85",17.3,77.79,93.85,JiaXipera МM1110Y,36,1
418,418100153349469500418,"77,77.5,79.5,83.5,85,86,88,86.5",17.3,77.79,93.85,JiaXipera МM1110Y,36,1
418,418100153349469580418,"75.5,78.5,82,83.5,86,87,88",17.1,77.47,93.54,JiaXipera МM1110Y,36,1
418,418100153349469600418,"79.5,81,82,84,85.5,89,88,89",17.0,77.32,93.39,JiaXipera МM1110Y,36,1
418,418100153349588990418,"76.5,78,77,79,81.5,82,83.5,84",16.3,76.21,92.32,JiaXipera МM1110Y,36,1
418,418100153349469650418,"75.5,77.5,78.5,81,84,85.5,87.5,87,88",16.9,77.16,93.24,JiaXipera МM1110Y,36,1
418,418100153349469680418,"81.5,79.5,80.5,82.5,84,84.5,84,85",16.9,77.16,93.24,JiaXipera МM1110Y,36,1
418,418100153349469700418,"81.5,83,83.5,85,85.5,87.5,85",16.9,77.16,93.24,JiaXipera МM1110Y,36,1
418,418100153349587360418,"83.5,82.5,84,86,87,88,89.5,88",19.5,81.26,97.22,JiaXipera МM1110Y,36,1
418,418100153349470970418,"76.5,78,78.5,80,81,81.5,83,82",16.6,76.69,92.78,JiaXipera МM1110Y,36,1
418,418100153349473390418,"82,82.5,84,85,87.5,88.5,91,89",18.9,80.31,96.3,JiaXipera МM1110Y,36,1
418,418100153349469710418,"72.5,77.5,81.5,83,83.5,83,86.5,86",17.4,77.95,94.0,JiaXipera МM1110Y,36,1
418,418100153349472470418,"78,78.5,79,79.5,81.5,85,85.5,86",19.2,80.79,96.76,JiaXipera МM1110Y,36,1
418,418100153349465310418,"83,86,84,86.5,87.5,89,91,91.5",18.9,80.31,96.3,JiaXipera МM1110Y,36,1
418,418100153349469750418,"79.5,78,78.5,80,81,83.5,84.5,85.5,86",16.9,77.16,93.24,JiaXipera МM1110Y,36,1
418,418100153349473150418,"75,78,80.5,82,83.5,85,85.5,86",19.1,80.63,96.61,JiaXipera МM1110Y,36,1
418,418100153349467830418,"78,79.5,81,83,85.5,86,85.5",17.8,78.58,94.62,JiaXipera МM1110Y,36,1
418,418100153349469760418,"81,78,78.5,79,80.5,81.5,83.5,84,84.5",16.9,77.16,93.24,JiaXipera МM1110Y,36,1
418,418100153349471950418,"80,84,84.5,85,86,87,88,86.5",16.3,76.21,92.32,JiaXipera МM1110Y,36,1
418,418100153349470330418,"76,78.5,79.5,81.5,82,84,84.5",17.2,77.63,93.7,JiaXipera МM1110Y,36,1
418,418100153349469810418,"81.5,83,82,82.5,83.5,85,86.5,88,87.5",17.3,77.79,93.85,JiaXipera МM1110Y,36,1
418,418100153349469870418,"81,81.5,83.5,83,84,87.5,86,86.5,87",17.0,77.32,93.39,JiaXipera МM1110Y,36,1
418,418100153349471450418,"79.5,78.5,80,80.5,81,82,85,83",17.1,77.47,93.54,JiaXipera МM1110Y,36,1
418,418100153349463960418,"75.5,75,75.5,76,79,79.5,81,80.5",17.0,77.32,93.39,JiaXipera МM1110Y,36,1
418,418100153349470540418,"77,78.5,80,82,85.5,87,90,90.5",17.3,77.79,93.85,JiaXipera МM1110Y,36,1
418,418100153349468580418,"77,79.5,82.5,85,88.5,89.5,91,91.5",17.6,78.26,94.31,JiaXipera МM1110Y,36,1
418,418100153349472500418,"79.5,81,83,85.5,87,88.5,89,90.5,90",19.3,80.94,96.92,JiaXipera МM1110Y,36,1
418,418100153349469940418,"77.5,79.5,78,79.5,81,83.5,84,84.5",17.7,78.42,94.46,JiaXipera МM1110Y,36,1
418,418100153349470010418,"77.5,76.5,79,82.5,83,85.5,86,87",17.5,78.1,94.16,JiaXipera МM1110Y,36,1
418,418100153349469950418,"75,76,79,81,82,84.5,86,87",17.7,78.42,94.46,JiaXipera МM1110Y,36,1
418,418100153349469970418,"74,75,78,78.5,80.5,82,82.5,85,86.5,87,87.5",17.6,78.26,94.31,JiaXipera МM1110Y,36,1
418,418100153349469980418,"75.5,78.5,77,80.5,84.5,85,86.5,87",17.6,78.26,94.31,JiaXipera МM1110Y,36,1
418,418100153349470040418,"78,79,80.5,81.5,83,84.5,85,84.5",17.4,77.95,94.0,JiaXipera МM1110Y,36,1
418,418100153349471610418,"83,81.5,80,83.5,85,84.5,85.5,82.5",17.0,77.32,93.39,JiaXipera МM1110Y,36,1
418,418100153349467230418,"80.5,81.5,82.5,84.5,86.5,87,89,88",18.2,79.21,95.23,JiaXipera МM1110Y,36,1
418,418100153349470170418,"74.5,77.5,80.5,82,84,85,84.5",17.2,77.63,93.7,JiaXipera МM1110Y,36,1
418,418100153349468760418,"75,80,81,84,83.5,86.5,86",17.4,77.95,94.0,JiaXipera МM1110Y,36,1
418,418100153349462500418,"74.5,83.5,84,85.5,87,90,90.5",18.2,79.21,95.23,JiaXipera МM1110Y,36,1
418,418100153349470050418,"78.5,80,83,84,85.5,87.5,86.5",17.4,77.95,94.0,JiaXipera МM1110Y,36,1
418,418100153349470080418,"79,79.5,79,82,83,83.5,84.5",17.2,77.63,93.7,JiaXipera МM1110Y,36,1
418,418100153349470100418,"77,80,82.5,84.5,87,86",17.2,77.63,93.7,JiaXipera МM1110Y,36,1
418,418100153349589850418,"77.5,80.5,80,81.5,83,85,86,86.5",18.2,79.21,95.23,JiaXipera МM1110Y,36,1
418,418100153349587760418,"78,79.5,81,82,83.5,84,86.5,87.5",18.1,79.05,95.08,JiaXipera МM1110Y,36,1
418,418100153349470110418,"79.5,80,81,82.5,83,84.5,86,87",17.2,77.63,93.7,JiaXipera МM1110Y,36,1
418,418100153349472910418,"78.5,80.5,81,82,83,85.5,85,85.5",19.1,80.63,96.61,JiaXipera МM1110Y,36,1
418,418100153349470120418,"79,79.5,81,83,86,88.5,89.5,88.5",17.2,77.63,93.7,JiaXipera МM1110Y,36,1
418,418100153349589600418,"82,82.5,84.5,85,87.5,89.5,88.5",18.7,80.0,96.0,JiaXipera МM1110Y,36,1
418,418100153349588970418,"78,77,77.5,79.5,80.5,81.5,82.5,80.5",16.6,76.69,92.78,JiaXipera МM1110Y,36,1
418,418100153349470130418,"80,80.5,83.5,84,86.5,87,88.5,88",17.2,77.63,93.7,JiaXipera МM1110Y,36,1
418,418100153349470780418,"77.5,79.5,80.5,81.5,84.5,84,83.5",16.9,77.16,93.24,JiaXipera МM1110Y,36,1
418,418100153349470150418,"77,79.5,82.5,85.5,89,91,90",17.2,77.63,93.7,JiaXipera МM1110Y,36,1
418,418100153349587510418,"76,77,78.5,81,82,84.5,86,88",18.4,79.52,95.54,JiaXipera МM1110Y,36,1
418,418100153349470160418,"73,80.5,79.5,82,83,85,86.5,86",17.2,77.63,93.7,JiaXipera МM1110Y,36,1
418,418100153349584440418,"81.5,83.5,84,85,87.5,88.5,91,90",20.4,82.68,98.6,JiaXipera МM1110Y,36,1
418,418100153349465300418,"79.5,83,84,87,88.5,89.5,88",18.8,80.16,96.15,JiaXipera МM1110Y,36,1
418,418100153349471030418,"79.5,82.5,84,86.5,87,88.5,86.5",16.8,77.0,93.08,JiaXipera МM1110Y,36,1
418,418100153349467130418,"75.5,85,84.5,85,86,88,89,89.5",18.4,79.52,95.54,JiaXipera МM1110Y,36,1
418,418100153349309880418,"85,85.5,82.5,85,88,87.5,90,81",14.7,73.69,89.86,JiaXipera МM1110Y,36,1
418,418100153349470180418,"77,75.5,80,83,84.5,86,87.5,89,90,91.5,92",17.2,77.63,93.7,JiaXipera МM1110Y,36,1
418,418100153349309600418,"82.5,80.5,83,82.5,84,86.5,85",15.4,74.79,90.94,JiaXipera МM1110Y,36,1
418,418100153349470230418,"75,74.5,77.5,78,80,82,84.5,84",17.3,77.79,93.85,JiaXipera МM1110Y,36,1
418,418100153349585690418,"82,84.5,87.5,90,91,91.5,92.5",21.0,83.63,99.52,JiaXipera МM1110Y,36,1
418,418100153349585320418,"80,82,84,86,88,89.5,91,89.5",21.4,84.26,100.14,JiaXipera МM1110Y,36,1
418,418100153349470270418,"74,77,77.5,80.5,81,82,84,86",17.3,77.79,93.85,JiaXipera МM1110Y,36,1
418,418100153349591030418,"76,77.5,78,79.5,80.5,82,82.5,83",15.9,75.58,91.7,JiaXipera МM1110Y,36,1
418,418100153349462740418,"78,79.5,82.5,86.5,87,89,90,88.5",17.7,78.42,94.46,JiaXipera МM1110Y,36,1
418,418100153349470990418,"77.5,78.5,81,83.5,85,85.5,86,89,87",16.5,76.53,92.62,JiaXipera МM1110Y,36,1
418,418100153349308400418,"79,79.5,83,82.5,84.5,85.5,87,84.5",17.9,78.74,94.77,JiaXipera МM1110Y,36,1
418,418100153349309200418,"81,81.5,82.5,83.5,85.5,84.5,88,85.5",16.0,75.74,91.86,JiaXipera МM1110Y,36,1
418,418100153349471980418,"81.5,81,81.5,82,82.5,85,82",16.3,76.21,92.32,JiaXipera МM1110Y,36,1
418,418100153349472710418,"81.5,83.5,82.5,83.5,86,87,88.5,87.5",19.3,80.94,96.92,JiaXipera МM1110Y,36,1
418,418100153349590560418,"81,82,82.5,85.5,86,88,87.5",18.8,80.16,96.15,JiaXipera МM1110Y,36,1
418,418100153349470280418,"75.5,77.5,79,81,82,84,84.5,85",17.3,77.79,93.85,JiaXipera МM1110Y,36,1
418,418100153349470320418,"76,79,80.5,83,86,87,89,87",17.2,77.63,93.7,JiaXipera МM1110Y,36,1
418,418100153349470340418,"74,73,75,79,80,81,82.5,83.5",17.2,77.63,93.7,JiaXipera МM1110Y,36,1
418,418100153349308670418,"76,77.5,79,79.5,80,82.5,82",17.1,77.47,93.54,JiaXipera МM1110Y,36,1
418,418100153349469270418,"77.5,79.5,80.5,81.5,84,85.5,88,86.5,88",17.5,78.1,94.16,JiaXipera МM1110Y,36,1
418,418100153349470350418,"76,78,78.5,82,83.5,86,86.5",17.2,77.63,93.7,JiaXipera МM1110Y,36,1
418,418100153349474220418,"77.5,80.5,81,83,85,84.5,87.5",18.3,79.37,95.38,JiaXipera МM1110Y,36,1
418,418100153349472850418,"80.5,80,81,82.5,84,84.5,86.5,84.5",19.1,80.63,96.61,JiaXipera МM1110Y,36,1
418,418100153349470390418,"77,79,82,83.5,84,86,87.5,86",17.3,77.79,93.85,JiaXipera МM1110Y,36,1
418,418100153349469290418,"76,80,81.5,83,84,86,85",17.5,78.1,94.16,JiaXipera МM1110Y,36,1
418,418100153349473250418,"76,81.5,82.5,83,84.5,86.5,88,87",18.9,80.31,96.3,JiaXipera МM1110Y,36,1
418,418100153349466180418,"75.5,78,79,80.5,83,84.5,85.5,86",18.7,80.0,96.0,JiaXipera МM1110Y,36,1
418,418100153349465030418,"77,81,84,86,86.5,87.5,88.5,90.5,90",19.1,80.63,96.61,JiaXipera МM1110Y,36,1
418,418100153349470400418,"74,79.5,81,82.5,84,84.5,87,85",17.3,77.79,93.85,JiaXipera МM1110Y,36,1
418,418100153349588000418,"77.5,78,80,82.5,84.5,85,86.5,85",17.3,77.79,93.85,JiaXipera МM1110Y,36,1
418,418100153349471680418,"79,81.5,81,82.5,84,84.5,87,86",16.7,76.84,92.93,JiaXipera МM1110Y,36,1
418,418100153349468730418,"77.5,79,81.5,85.5,86.5,87.5,88.5,89.5,90",17.4,77.95,94.0,JiaXipera МM1110Y,36,1
418,418100153349470420418,"74.5,75,77,79,82,83,81.5,82.5,83.5,82.5,83.5,84.5,85,84",17.2,77.63,93.7,JiaXipera МM1110Y,36,1
418,418100153349466090418,"75,78.5,82,85,86,87.5,88,87.5,88,89.5",19.2,80.79,96.76,JiaXipera МM1110Y,36,1
418,418100153349308470418,"83,82,83.5,86,87,86.5,88.5,88",18.0,78.89,94.92,JiaXipera МM1110Y,36,1
418,418100153349470360418,"79,80,79,81.5,82.5,85,86,87",17.3,77.79,93.85,JiaXipera МM1110Y,36,1
418,418100153349470530418,"81,77.5,82,84.5,85.5,86.5,88.5,90.5",17.3,77.79,93.85,JiaXipera МM1110Y,36,1
418,418100153349470550418,"74.5,82,83,84.5,86,88,89.5,89",17.3,77.79,93.85,JiaXipera МM1110Y,36,1
418,418100153349470560418,"77,78.5,79,80.5,81.5,83.5,85.5,84.5",17.3,77.79,93.85,JiaXipera МM1110Y,36,1
418,418100153349588150418,"78.5,79,80.5,81,82,83.5,84.5,84",17.3,77.79,93.85,JiaXipera МM1110Y,36,1
418,418100153349587900418,"82,79,81,83.5,84.5,86,84.5,86.5,87.5,86.5",17.8,78.58,94.62,JiaXipera МM1110Y,36,1
418,418100153349470570418,"77.5,79.5,83,83.5,84,87,88",17.3,77.79,93.85,JiaXipera МM1110Y,36,1
418,418100153349470590418,"76.5,76,78.5,79,82,83.5,85,86.5,87.5,88,89",17.2,77.63,93.7,JiaXipera МM1110Y,36,1
418,418100153349466050418,"77,82.5,83,84.5,87,86.5,89,90",19.4,81.1,97.07,JiaXipera МM1110Y,36,1
418,418100153349473100418,"79,80.5,81.5,85.5,87.5,88,90.5,90",19.2,80.79,96.76,JiaXipera МM1110Y,36,1
418,418100153349466520418,"81.5,82.5,81.5,83.5,84.5,87,90.5,90",18.6,79.84,95.84,JiaXipera МM1110Y,36,1
418,418100153349470610418,"77,81,82,84,85,86,87,88",17.3,77.79,93.85,JiaXipera МM1110Y,36,1
418,418100153349470630418,"77.5,79,81,83.5,84,85.5,86,85.5",17.2,77.63,93.7,JiaXipera МM1110Y,36,1
418,418100153349463000418,"83.5,79.5,81,82,83,83.5,87,86.5,87",17.4,77.95,94.0,JiaXipera МM1110Y,36,1
418,418100153349470660418,"76,77,77.5,78,80,82.5,82,81.5",17.2,77.63,93.7,JiaXipera МM1110Y,36,1
418,418100153349586190418,"83.5,84,87,88,89.5,91.5,93,90.5",21.1,83.78,99.68,JiaXipera МM1110Y,36,1
418,418100153349470830418,"79,79.5,81.5,82,84,85,86,85.5",16.9,77.16,93.24,JiaXipera МM1110Y,36,1
418,418100153349590370418,"77,79.5,83,85,86,87,88.5,88",18.2,79.21,95.23,JiaXipera МM1110Y,36,1
418,418100153349466150418,"79.5,81,82.5,84,85,87,88.5,86",18.7,80.0,96.0,JiaXipera МM1110Y,36,1
418,418100153349470690418,"77.5,80.5,81,84,84.5,85.5,86,85.5",17.3,77.79,93.85,JiaXipera МM1110Y,36,1
418,418100153349470700418,"76,79.5,80,82,83,85.5,86,87.5",17.0,77.32,93.39,JiaXipera МM1110Y,36,1
418,418100153349587460418,"81,80.5,82,84.5,85,87.5,90,88.5",19.8,81.73,97.68,JiaXipera МM1110Y,36,1
418,418100153349472620418,"80,80.5,81,80.5,82.5,82,82.5,83.5",16.3,76.21,92.32,JiaXipera МM1110Y,36,1
418,418100153349470710418,"76,77.5,77,78,80,81,80.5",17.0,77.32,93.39,JiaXipera МM1110Y,36,1
418,418100153349589840418,"82.5,83,84.5,85,87,86.5,87,81",18.2,79.21,95.23,JiaXipera МM1110Y,36,1
418,418100153349470880418,"78,78.5,80,82,82.5,84.5,84",16.8,77.0,93.08,JiaXipera МM1110Y,36,1
418,418100153349590210418,"80.5,82.5,83.5,85.5,86.5,87.5,90.5,88.5",18.5,79.68,95.69,JiaXipera МM1110Y,36,1
418,418100153349470740418,"78.5,79,82.5,84.5,85,86,85.5",17.0,77.32,93.39,JiaXipera МM1110Y,36,1
418,418100153349470750418,"77,79,82.5,83.5,84",17.0,77.32,93.39,JiaXipera МM1110Y,36,1
418,418100153349591310418,"80,78.5,80,82,81.5,83.5,83,82.5",18.1,79.05,95.08,JiaXipera МM1110Y,36,1
418,418100153349590780418,"83.5,84,85,86,87,86,88.5,89,88.5",17.7,78.42,94.46,JiaXipera МM1110Y,36,1
418,418100153349468370418,"79.5,81.5,83.5,84,85,85.5,87,89.5,88",17.9,78.74,94.77,JiaXipera МM1110Y,36,1
418,418100153349468870418,"73.5,77.5,79.5,80.5,81,81.5,82,81.5",17.2,77.63,93.7,JiaXipera МM1110Y,36,1
418,418100153349470820418,"73.5,78,79.5,80,81,81.5,84,83.5",16.9,77.16,93.24,JiaXipera МM1110Y,36,1
418,418100153349468720418,"79,77,78,80,83.5,86,86.5,88.5,89",17.4,77.95,94.0,JiaXipera МM1110Y,36,1
418,418100153349472320418,"84,85,83.5,84.5,83,81.5",16.4,76.37,92.47,JiaXipera МM1110Y,36,1
418,418100153349588850418,"78,78.5,79,79.5,81,80,82.5,83",16.5,76.53,92.62,JiaXipera МM1110Y,36,1
418,418100153349470840418,"76.5,77.5,79.5,82,83.5,82",16.8,77.0,93.08,JiaXipera МM1110Y,36,1
418,418100153349470850418,"78,78.5,80.5,80,82,82.5,83",16.9,77.16,93.24,JiaXipera МM1110Y,36,1
418,418100153349587550418,"77.5,79.5,80.5,83,84.5,85.5,85",18.3,79.37,95.38,JiaXipera МM1110Y,36,1
418,418100153349470860418,"77.5,78.5,79.5,81,82,84,84.5,85.5",16.8,77.0,93.08,JiaXipera МM1110Y,36,1
418,418100153349470900418,"79.5,77.5,80,80.5,83.5,84.5,85.5,86,88",16.8,77.0,93.08,JiaXipera МM1110Y,36,1
418,418100153349588390418,"74,77.5,80,81.5,82,83.5,83",17.0,77.32,93.39,JiaXipera МM1110Y,36,1
418,418100153349310630418,"83,84,85,85.5,87,86,88",14.7,73.69,89.86,JiaXipera МM1110Y,36,1
418,418100153349472220418,"79.5,80,80.5,83,85,87,89,88",19.3,80.94,96.92,JiaXipera МM1110Y,36,1
418,418100153349464200418,"81,83,84.5,85.5,86.5,89,90.5,92.5,91.5",19.6,81.42,97.38,JiaXipera МM1110Y,36,1
418,418100153349470920418,"80.5,79,79.5,81,83.5,81.5",16.9,77.16,93.24,JiaXipera МM1110Y,36,1
418,418100153349463980418,"81.5,82.5,83,84,85,87,88,86.5",16.9,77.16,93.24,JiaXipera МM1110Y,36,1
418,418100153349470930418,"74.5,80.5,81.5,83.5,83,85,86,85.5",16.8,77.0,93.08,JiaXipera МM1110Y,36,1
418,418100153349470950418,"77.5,79,78,80.5,81,82.5,84,85",16.6,76.69,92.78,JiaXipera МM1110Y,36,1
418,418100153349471000418,"79.5,80.5,82,81,83.5,85,86.5,84",16.5,76.53,92.62,JiaXipera МM1110Y,36,1
418,418100153349587370418,"83.5,84.5,85,84.5,85.5,88,88.5,89.5",20.0,82.05,97.99,JiaXipera МM1110Y,36,1
418,418100153349470810418,"75,77,78,80,82,80.5",16.9,77.16,93.24,JiaXipera МM1110Y,36,1
418,418100153349471010418,"81,80,80.5,82,83,84.5,85.5,84.5",17.8,78.58,94.62,JiaXipera МM1110Y,36,1
418,418100153349473420418,"78,80.5,81,84,85.5,87,89,88",18.8,80.16,96.15,JiaXipera МM1110Y,36,1
418,418100153349471020418,"81.5,83,82.5,84,84.5,86,87.5,87",16.8,77.0,93.08,JiaXipera МM1110Y,36,1
418,418100153349313020418,"81.5,80,80.5,82,82.5,83.5,84.5,85.5,86",17.5,78.1,94.16,JiaXipera МM1110Y,36,1
418,418100153349471040418,"78.5,78,78.5,80,81.5,83.5,82.5,82,84",17.3,77.79,93.85,JiaXipera МM1110Y,36,1
418,418100153349471050418,"79,82.5,84,83,84,86.5,87.5,86.5,85.5",17.5,78.1,94.16,JiaXipera МM1110Y,36,1
418,418100153349471080418,"80,83.5,81,83.5,84.5,86,84",16.6,76.69,92.78,JiaXipera МM1110Y,36,1
418,418100153349471100418,"72.5,77,79.5,80.5,81.5,82,83.5,85",16.5,76.53,92.62,JiaXipera МM1110Y,36,1
418,418100153349471120418,"80,78,77,79,80,81,82",16.6,76.69,92.78,JiaXipera МM1110Y,36,1
418,418100153349470960418,"75,76,77,80,81,81.5,82.5",16.6,76.69,92.78,JiaXipera МM1110Y,36,1
418,418100153349471140418,"78,77.5,79,80,80.5,82.5,82",16.6,76.69,92.78,JiaXipera МM1110Y,36,1
418,418100153349591490418,"80.5,81.5,84.5,86,86.5,86",17.7,78.42,94.46,JiaXipera МM1110Y,36,1
418,418100153349472820418,"80.5,82,82.5,84.5,88,88.5,89.5,88",19.2,80.79,96.76,JiaXipera МM1110Y,36,1
418,418100153349471170418,"77.5,76.5,79.5,80,82,84,83",16.5,76.53,92.62,JiaXipera МM1110Y,36,1
418,418100153349467490418,"79.5,77,80,81.5,85,85.5,86,88.5,87,88",18.2,79.21,95.23,JiaXipera МM1110Y,36,1
418,418100153349471260418,"76.5,77.5,79,78.5,81,81.5,83.5,84",16.5,76.53,92.62,JiaXipera МM1110Y,36,1
418,418100153349472480418,"79.5,82,83.5,85.5,87.5,88,87",19.2,80.79,96.76,JiaXipera МM1110Y,36,1
418,418100153349470940418,"78,79,80.5,82.5,83.5,84.5,86,85.5",16.6,76.69,92.78,JiaXipera МM1110Y,36,1
418,418100153349471380418,"78,77.5,78,79,79.5,82,81.5,82",16.5,76.53,92.62,JiaXipera МM1110Y,36,1
418,418100153349471410418,"76.5,77.5,78.5,79.5,80.5,80",16.6,76.69,92.78,JiaXipera МM1110Y,36,1
418,418100153349471420418,"75.5,77,81.5,86.5",16.9,77.16,93.24,JiaXipera МM1110Y,36,1
418,418100153349471440418,"79.5,81.5,82.5,84,86.5,84.5",16.9,77.16,93.24,JiaXipera МM1110Y,36,1
418,418100153349471490418,"78.5,80,79.5,80.5,82.5,83,81",16.6,76.69,92.78,JiaXipera МM1110Y,36,1
418,418100153349467220418,"79.5,81.5,80.5,81.5,83,83.5,85.5,86,87.5",18.1,79.05,95.08,JiaXipera МM1110Y,36,1
418,418100153349471540418,"79,79.5,82,83,84,84.5,86.5,85.5",16.7,76.84,92.93,JiaXipera МM1110Y,36,1
418,418100153349466300418,"79,81,82.5,85,88,90.5,91",18.7,80.0,96.0,JiaXipera МM1110Y,36,1
418,418100153349471550418,"77.5,76,77.5,78.5,79.5,80,81,82,82.5,84",16.7,76.84,92.93,JiaXipera МM1110Y,36,1
418,418100153349589450418,"75,76.5,77,78,79.5,80.5,82.5,82",16.4,76.37,92.47,JiaXipera МM1110Y,36,1
418,418100153349471560418,"80.5,79.5,79,80,79,82,82.5",16.6,76.69,92.78,JiaXipera МM1110Y,36,1
418,418100153349471600418,"77,78,79.5,82.5,84,85,86.5,85",16.7,76.84,92.93,JiaXipera МM1110Y,36,1
418,418100153349471570418,"77,78.5,79,81,82,82.5,83,84,86",17.3,77.79,93.85,JiaXipera МM1110Y,36,1
418,418100153349470760418,"76.5,77.5,80,80.5,81.5,83.5,84.5,84",17.3,77.79,93.85,JiaXipera МM1110Y,36,1
418,418100153349471620418,"77.5,79,81.5,82,83,84,86.5,85.5",16.7,76.84,92.93,JiaXipera МM1110Y,36,1
418,418100153349471640418,"79.5,80.5,81,83,83.5,86,84.5",16.6,76.69,92.78,JiaXipera МM1110Y,36,1
418,418100153349474430418,"79.5,82,83,85,85.5,88.5,89.5",18.0,78.89,94.92,JiaXipera МM1110Y,36,1
418,418100153349471660418,"77.5,80,78,81.5,82.5,82.5",16.6,76.69,92.78,JiaXipera МM1110Y,36,1
418,418100153349473880418,"80,81,82,82.5,84.5,86,87.5,86",18.5,79.68,95.69,JiaXipera МM1110Y,36,1
418,418100153349471670418,"77.5,79,81,82.5,84,84.5,86,85",17.0,77.32,93.39,JiaXipera МM1110Y,36,1
418,418100153349588790418,"81.5,79.5,80.5,81,82,83,85.5,83",16.6,76.69,92.78,JiaXipera МM1110Y,36,1
418,418100153349464790418,"83.5,83,86,86.5,87.5,89.5,90,88",18.9,80.31,96.3,JiaXipera МM1110Y,36,1
418,418100153349471060418,"80,81.5,83,85.5,87,88,86.5",16.5,76.53,92.62,JiaXipera МM1110Y,36,1
418,418100153349471750418,"79.5,81,82.5,84,86,86.5",16.8,77.0,93.08,JiaXipera МM1110Y,36,1
418,418100153349588680418,"77,78,77,79,80.5,82.5,83,84.5,85.5",16.8,77.0,93.08,JiaXipera МM1110Y,36,1
418,418100153349472050418,"78.5,79,78.5,79.5,80,80.5,81.5,81,79.5",16.4,76.37,92.47,JiaXipera МM1110Y,36,1
418,418100153349465590418,"83,80,83.5,84,84.5,87,86.5,86",18.8,80.16,96.15,JiaXipera МM1110Y,36,1
418,418100153349469470418,"74,77.5,77,79.5,80.5,81,83.5,85",17.3,77.79,93.85,JiaXipera МM1110Y,36,1
418,418100153349471830418,"79.5,80.5,80,82,82.5,83,84.5,85.5,86,86.5",16.4,76.37,92.47,JiaXipera МM1110Y,36,1
418,418100153349471840418,"75,77.5,78.5,80.5,81.5,83,85,85.5",16.4,76.37,92.47,JiaXipera МM1110Y,36,1
418,418100153349310010418,"84,85,86,86.5,88,88.5,89",14.5,73.37,89.56,JiaXipera МM1110Y,36,1
418,418100153349471850418,"81.5,80,79.5,80,81.5,83,85,83",16.5,76.53,92.62,JiaXipera МM1110Y,36,1
418,418100153349584710418,"78,81.5,82.5,86,87.5,89.5,91.5,92",20.2,82.36,98.3,JiaXipera МM1110Y,36,1
418,418100153349471860418,"76,78,79.5,81,81.5,82,82.5,83.5,82",16.4,76.37,92.47,JiaXipera МM1110Y,36,1
418,418100153349471890418,"82,82.5,83.5,83,84.5,85,85.5,84",16.5,76.53,92.62,JiaXipera МM1110Y,36,1
418,418100153349471910418,"78,77.5,78.5,79.5,81,82,83.5,83",16.3,76.21,92.32,JiaXipera МM1110Y,36,1
418,418100153349463050418,"78.5,80,79.5,81,82.5,84.5,86,85",17.4,77.95,94.0,JiaXipera МM1110Y,36,1
418,418100153349471920418,"82,81.5,82.5,83,84.5,83.5",16.4,76.37,92.47,JiaXipera МM1110Y,36,1
418,418100153349309810418,"85,83.5,83,85,85.5,87.5,86.5",14.3,73.06,89.25,JiaXipera МM1110Y,36,1
418,418100153349471940418,"75,80.5,81.5,82.5,85,86.5,86,84.5",16.4,76.37,92.47,JiaXipera МM1110Y,36,1
418,418100153349473010418,"77.5,78.5,82,84.5,86,87.5,90,90.5",19.2,80.79,96.76,JiaXipera МM1110Y,36,1
418,418100153349308370418,"76,78,77.5,77,79.5,80,80.5,83.5,84,84.5",18.0,78.89,94.92,JiaXipera МM1110Y,36,1
418,418100153349471970418,"81,80,79.5,81.5,83.5,85.5,85",16.4,76.37,92.47,JiaXipera МM1110Y,36,1
418,418100153349313230418,"81.5,82,82.5,83,84.5,85,85.5,85,85.5",17.2,77.63,93.7,JiaXipera МM1110Y,36,1
418,418100153349467080418,"77.5,77,80.5,81.5,84,85,87",18.4,79.52,95.54,JiaXipera МM1110Y,36,1
418,418100153349471990418,"79.5,80.5,82,81,83.5,84,86,82",16.4,76.37,92.47,JiaXipera МM1110Y,36,1
418,418100153349473340418,"72,78.5,79,81,81.5,82.5,85.5,84",18.9,80.31,96.3,JiaXipera МM1110Y,36,1
418,418100153349466640418,"80.5,78,78.5,84,83.5,84,85.5,88,88.5,90",19.1,80.63,96.61,JiaXipera МM1110Y,36,1
418,418100153349308430418,"82.5,83,82.5,84,85,86.5,86",18.0,78.89,94.92,JiaXipera МM1110Y,36,1
418,418100153349462720418,"80.5,83.5,84,85.5,86,88.5,88,87.5",17.8,78.58,94.62,JiaXipera МM1110Y,36,1
418,418100153349472030418,"80,82.5,83,83.5,85.5,86.5,89,86.5",17.2,77.63,93.7,JiaXipera МM1110Y,36,1
418,418100153349468810418,"75.5,81,82.5,86.5,87,88,87.5,88.5",17.2,77.63,93.7,JiaXipera МM1110Y,36,1
418,418100153349586680418,"84,82.5,83.5,85,87,90.5,91,90.5",20.3,82.52,98.45,JiaXipera МM1110Y,36,1
418,418100153349472060418,"79,80,80.5,80,81.5,82.5,81.5",16.3,76.21,92.32,JiaXipera МM1110Y,36,1
418,418100153349590610418,"80.5,81,82.5,85.5,89,88.5,87.5",18.5,79.68,95.69,JiaXipera МM1110Y,36,1
418,418100153349472150418,"79,76.5,79,80.5,81,82.5,83.5,84.5,83.5",16.3,76.21,92.32,JiaXipera МM1110Y,36,1
418,418100153349472190418,"80,80.5,82,84.5,84,86,87.5,88.5,89",19.4,81.1,97.07,JiaXipera МM1110Y,36,1
418,418100153349472240418,"80,80.5,81.5,83,84,86,85.5",16.4,76.37,92.47,JiaXipera МM1110Y,36,1
418,418100153349590570418,"82,85,86,88,89.5,90.5,92.5,91.5",17.7,78.42,94.46,JiaXipera МM1110Y,36,1
418,418100153349472250418,"80.5,81,82,85.5,87,89.5,90,91",19.3,80.94,96.92,JiaXipera МM1110Y,36,1
418,418100153349585950418,"82.5,83.5,85.5,86.5,87.5,89.5,91.5,90.5",20.8,83.31,99.22,JiaXipera МM1110Y,36,1
418,418100153349465600418,"83.5,81.5,83.5,84.5,85.5,87.5,89.5,88.5",18.6,79.84,95.84,JiaXipera МM1110Y,36,1
418,418100153349472260418,"77.5,81.5,82.5,84.5,88.5,90,92.5,93",19.4,81.1,97.07,JiaXipera МM1110Y,36,1
418,418100153349589750418,"79,81.5,83,83.5,84,83.5",18.6,79.84,95.84,JiaXipera МM1110Y,36,1
418,418100153349472290418,"78,81.5,83,84.5,87.5,88,88.5,89.5",19.3,80.94,96.92,JiaXipera МM1110Y,36,1
418,418100153349473380418,"78.5,80.5,83,86,88,90,91.5,92",18.8,80.16,96.15,JiaXipera МM1110Y,36,1
418,418100153349474250418,"78.5,81,80.5,84,86,88,89,89.5",18.2,79.21,95.23,JiaXipera МM1110Y,36,1
418,418100153349462670418,"78,82.5,83,85,86.5,87.5,85.5",17.9,78.74,94.77,JiaXipera МM1110Y,36,1
418,418100153349472310418,"82,80.5,82.5,84,83,85.5,88,85.5",19.4,81.1,97.07,JiaXipera МM1110Y,36,1
418,418100153349588900418,"76.5,79.5,80.5,82.5,81.5,83,83.5,82",16.6,76.69,92.78,JiaXipera МM1110Y,36,1
418,418100153349463280418,"82,81,82,83,82.5,85.5,85",17.3,77.79,93.85,JiaXipera МM1110Y,36,1
418,418100153349472330418,"80,83.5,85,86,87,88.5,90.5,89.5",19.4,81.1,97.07,JiaXipera МM1110Y,36,1
418,418100153349472370418,"79,81,82.5,84.5,85.5,87,90,89",19.2,80.79,96.76,JiaXipera МM1110Y,36,1
418,418100153349472380418,"79.5,81,82.5,84,86,86.5,88.5,87.5",19.2,80.79,96.76,JiaXipera МM1110Y,36,1
418,418100153349472410418,"77.5,78,79.5,81,82.5,85.5,86.5,88,88.5",19.2,80.79,96.76,JiaXipera МM1110Y,36,1
418,418100153349309940418,"85,83,81,81.5,82,83.5,84.5,83.5",14.7,73.69,89.86,JiaXipera МM1110Y,36,1
418,418100153349472430418,"73,79.5,81.5,82.5,83.5,84.5,86,88",19.2,80.79,96.76,JiaXipera МM1110Y,36,1
418,418100153349472440418,"77.5,80.5,83.5,86,85.5,87.5",19.2,80.79,96.76,JiaXipera МM1110Y,36,1
418,418100153349472490418,"78.5,76.5,81.5,85,86,88,90.5,91.5",19.3,80.94,96.92,JiaXipera МM1110Y,36,1
418,418100153349309790418,"84.5,83.5,84.5,85,86.5,87.5,90,87.5",14.4,73.22,89.4,JiaXipera МM1110Y,36,1
418,418100153349472550418,"76.5,78,80.5,82,83,84,85",19.4,81.1,97.07,JiaXipera МM1110Y,36,1
418,418100153349588180418,"79.5,78.5,81.5,83.5,84.5,85,87,86.5,89.5",17.2,77.63,93.7,JiaXipera МM1110Y,36,1
418,418100153349472570418,"81,84.5,86.5,87.5,90.5,90,88",19.4,81.1,97.07,JiaXipera МM1110Y,36,1
418,418100153349472580418,"79.5,80,82,84,87,88.5,88",19.4,81.1,97.07,JiaXipera МM1110Y,36,1
418,418100153349590230418,"83,80,82,83,85,85.5,86.5,87",18.5,79.68,95.69,JiaXipera МM1110Y,36,1
418,418100153349308820418,"75.5,76.5,78.5,80,83,84,87,86",16.8,77.0,93.08,JiaXipera МM1110Y,36,1
418,418100153349472590418,"81.5,83,83.5,86,87,87.5,90.5,89.5",19.4,81.1,97.07,JiaXipera МM1110Y,36,1
418,418100153349589230418,"80,79.5,81,81.5,82,83,86,84",15.9,75.58,91.7,JiaXipera МM1110Y,36,1
418,418100153349586150418,"479.5,479.5,0,0,87,80.5,85,88,90",21.3,84.1,99.98,JiaXipera МM1110Y,36,1
418,418100153349586020418,"82,84.5,85,86,87.5,89,90,91.5",20.6,82.99,98.91,JiaXipera МM1110Y,36,1
418,418100153349472630418,"78,78.5,80.5,82.5,85,86.5,88,87.5",19.4,81.1,97.07,JiaXipera МM1110Y,36,1
418,418100153349472640418,"75,79,80,81.5,85,88.5,91.5,90.5",19.4,81.1,97.07,JiaXipera МM1110Y,36,1
418,418100153349472650418,"76,77,78,80,82.5,83,85.5,87,86.5",19.3,80.94,96.92,JiaXipera МM1110Y,36,1
418,418100153349464540418,"82,84.5,86.5,87.5,92,92.5,94",19.2,80.79,96.76,JiaXipera МM1110Y,36,1
418,418100153349472080418,"83.5,81.5,84,83.5,85.5,87,85.5",16.4,76.37,92.47,JiaXipera МM1110Y,36,1
418,418100153349472670418,"75,77.5,79.5,82,84.5,86,87.5,88",19.3,80.94,96.92,JiaXipera МM1110Y,36,1
418,418100153349585600418,"77.5,81,84,86.5,88,89.5,92,91",21.1,83.78,99.68,JiaXipera МM1110Y,36,1
418,418100153349472810418,"82,84.5,84,85,87,88.5,88,87.5",19.2,80.79,96.76,JiaXipera МM1110Y,36,1
418,418100153349474140418,"81,80,81.5,82,83,84.5,86,84.5",18.3,79.37,95.38,JiaXipera МM1110Y,36,1
418,418100153349472830418,"83.5,84,86.5,87,88,87.5,88,86.5",19.2,80.79,96.76,JiaXipera МM1110Y,36,1
418,418100153349472890418,"77.5,80,81,83,84,85,86.5,85",19.1,80.63,96.61,JiaXipera МM1110Y,36,1
418,418100153349465800418,"82,80.5,81,82.5,83,85.5,87,85",18.6,79.84,95.84,JiaXipera МM1110Y,36,1
418,418100153349473030418,"81,81.5,83,84,87,88,90,88",19.2,80.79,96.76,JiaXipera МM1110Y,36,1
418,418100153349473040418,"80.5,83,84.5,85,87.5,88.5,90.5,89",19.2,80.79,96.76,JiaXipera МM1110Y,36,1
418,418100153349588890418,"79.5,79,78.5,80,80.5,81,82",16.6,76.69,92.78,JiaXipera МM1110Y,36,1
418,418100153349473360418,"79,81,82,83,83.5,86,85.5",18.9,80.31,96.3,JiaXipera МM1110Y,36,1
418,418100153349473050418,"79,82,91",19.2,80.79,96.76,JiaXipera МM1110Y,36,1
418,418100153349590120418,"83.5,81.5,86,85.5,87,88.5,90,91,91.5",18.8,80.16,96.15,JiaXipera МM1110Y,36,1
418,418100153349473120418,"79,80.5,81.5,84,85.5,86,85",16.6,76.69,92.78,JiaXipera МM1110Y,36,1
418,418100153349586820418,"84.5,86.5,89.5,90.5,93,94.5,92.5",19.9,81.89,97.84,JiaXipera МM1110Y,36,1
418,418100153349468440418,"74.5,75.5,78.5,83,83.5,85,86.5,86",17.7,78.42,94.46,JiaXipera МM1110Y,36,1
418,418100153349473130418,"80.5,81.5,82.5,84,85.5,86.5,87.5,85.5",16.6,76.69,92.78,JiaXipera МM1110Y,36,1
418,418100153349473170418,"79.5,82.5,83.5,85,86.5,88,89,87",19.2,80.79,96.76,JiaXipera МM1110Y,36,1
418,418100153349463700418,"76,78.5,79.5,82,82.5,84,85,84.5",16.9,77.16,93.24,JiaXipera МM1110Y,36,1
418,418100153349473180418,"78.5,81.5,84,84.5,85,84.5,83.5",16.5,76.53,92.62,JiaXipera МM1110Y,36,1
418,418100153349473220418,"75.5,76,76.5,79.5,82.5,84,86,85",18.9,80.31,96.3,JiaXipera МM1110Y,36,1
418,418100153349473230418,"83.5,82,82.5,84.5,86,87.5,88.5,87.5",19.1,80.63,96.61,JiaXipera МM1110Y,36,1
418,418100153349473240418,"81.5,83,84.5,86,87.5,89.5,90.5",19.0,80.47,96.46,JiaXipera МM1110Y,36,1
418,418100153349590520418,"79,80.5,84,85.5,88,90,88.5",18.0,78.89,94.92,JiaXipera МM1110Y,36,1
418,418100153349472450418,"82,82.5,84,84.5,86,87.5,86.5",19.3,80.94,96.92,JiaXipera МM1110Y,36,1
418,418100153349473280418,"74,80,82,84.5,87,86.5,88,89",19.1,80.63,96.61,JiaXipera МM1110Y,36,1
418,418100153349586950418,"81,80.5,84,86.5,90,91,95,93.5",19.8,81.73,97.68,JiaXipera МM1110Y,36,1
418,418100153349473290418,"75,78,78.5,81,82,85.5,87.5,89.5,90.5",18.9,80.31,96.3,JiaXipera МM1110Y,36,1
418,418100153349473330418,"78,79,79.5,81.5,82.5,85.5,87.5,87",18.9,80.31,96.3,JiaXipera МM1110Y,36,1
418,418100153349474200418,"76.5,79,80.5,82.5,85,86,87.5,86.5",18.3,79.37,95.38,JiaXipera МM1110Y,36,1
418,418100153349470060418,"78,80,81.5,82,83.5,84.5,84",17.3,77.79,93.85,JiaXipera МM1110Y,36,1
418,418100153349473370418,"74,81.5,82,83.5,85.5,87,87.5,86.5",18.9,80.31,96.3,JiaXipera МM1110Y,36,1
418,418100153349473410418,"81,82.5,83.5,85.5,85,88.5,87.5,87",18.8,80.16,96.15,JiaXipera МM1110Y,36,1
418,418100153349473430418,"77,81.5,81,82.5,84.5,85.5,88,87",19.2,80.79,96.76,JiaXipera МM1110Y,36,1
418,418100153349473440418,"76,82,83,84,86.5,88,87",19.2,80.79,96.76,JiaXipera МM1110Y,36,1
418,418100153349310080418,"80.5,83.5,86,87,87.5,90,91.5,93",14.3,73.06,89.25,NS,NS,0
418,418100153349586490418,"81,85,87,91.5,94,97,97.5,97,99.5",20.4,82.68,98.6,NS,NS,0
418,418100153349309370418,"79,75,81,82.5,83.5,85,86,87.5,89,90,91.5",15.6,75.11,91.24,NS,NS,0
418,418100153349586780418,"84.5,84,86.5,90,93.5,95.5,98.5,98",19.9,81.89,97.84,NS,NS,0
418,418100153349309830418,"86,85,82.5,85,86.5,90,91.5,91",14.7,73.69,89.86,NS,NS,0
418,418100153349309440418,"84,87,86,88,89.5,91,92,91.5",15.5,74.95,91.09,NS,NS,0
418,418100153349471760418,"78,77.5,78.5,79.5,81,82,72.5",16.8,77.0,93.08,NS,NS,0
418,418100153349309490418,"86.5,87,87.5,89.5,91.5,91,92.5,92",15.4,74.79,90.94,NS,NS,0
418,418100153349471520418,"73,78.5,80,81,83,83.5,74.5",16.8,77.0,93.08,NS,NS,0
418,418100153349471530418,"76.5,77,78.5,80,80.5,83.5,85,86,76.5",16.8,77.0,93.08,NS,NS,0
418,418100153349471730418,"78,77.5,78,81,82,82.5,84,74.5",16.6,76.69,92.78,NS,NS,0
418,418100153349471770418,"78,78.5,79,81,81.5,83,83.5,73",16.7,76.84,92.93,NS,NS,0
418,418100153349472020418,"75.5,77.5,79.5,80.5,82,83,74",16.3,76.21,92.32,NS,NS,0
418,418100153349472040418,"75.5,75,76,79,80,80.5,82,74",16.3,76.21,92.32,NS,NS,0
999,999999,"70.3,72.8,73.8,74.2,77.8,80.1",9.9,999.0,999.0,999,999,0
999,999999,"62.5,63.8,65.8,67.1,67.3,68.2,69.6,72.6",10.1,999.0,999.0,999,999,0
999,999999,"86.2,83.8,85.8,86.8,88.6,89.5,92.9,93.2,25.4",9.9,999.0,999.0,999,999,0
999,999999,"78.5,78.7,79.7,80.6,81.7,84.3,84.5",10.3,999.0,999.0,999,999,0
999,999999,"108.4,108.5,109.6,114.9,114.1,112.9,115.0,114.1,114.4",10.8,999.0,999.0,999,999,0
999,999999,"106.6,104.7,102.9,18.0,106.6,107.1,109.5,111.8,112.7",10.6,999.0,999.0,999,999,0
999,999999,"75.1,75.2,76.5,80.2,129.7,82.5,84.1",10.1,999.0,999.0,999,999,0
999,999999,"84.5,87.5,87.0,88.5,90.8,89.4,89.7,92.3,93.0",10.9,999.0,999.0,999,999,0
999,999999,"70.6,71.9,72.6,73.1,74.6,76.6,78.3",10.9,999.0,999.0,999,999,0
999,999999,"89.8,90.4,93.9,95.2,154.3,99.1,100.5,101.9,102.8",10.9,999.0,999.0,999,999,0
999,999999,"81.4,83.8,84.2,85.3,85.1,86.0,83.1,84.3,85.2,87.2",11.2,999.0,999.0,999,999,0
999,999999,"103.7,104.3,104.9,107.0,107.7,106.6",11.4,999.0,999.0,999,999,0
999,999999,"91.2,94.6,137.6,94.8,96.9",11.4,999.0,999.0,999,999,0
999,999999,"67.2,68.3,70.2,70.6,73.8,76.4,77.2,78.9,81.5,83.4",10.8,999.0,999.0,999,999,0
999,999999,"80.7,80.3,82.9,82.2,84.3",11.6,999.0,999.0,999,999,0
999,999999,"118.3,116.6,118.8,120.1,119.6,117.4",11.2,999.0,999.0,999,999,0
999,999999,"65.3,65.9,67.7,69.4,70.9,72.7,74.3,72.8,74.5,75.6",12.0,999.0,999.0,999,999,0
999,999999,"107.6,109.0,19.4,111.8,113.6,113.7,114.3",11.9,999.0,999.0,999,999,0
999,999999,"67.9,70.4,70.7,71.2,74.8,77.2,77.6,79.0",11.9,999.0,999.0,999,999,0
999,999999,"90.5,91.3,92.7,91.9,94.3,99.2,101.6",12.3,999.0,999.0,999,999,0
999,999999,"68.3,68.3,72.4,72.9,75.4,74.6,76.2",11.8,999.0,999.0,999,999,0
999,999999,"98.6,101.8,104.7,106.3,107.3,108.7,110.0,110.5,112.7,114.4",11.6,999.0,999.0,999,999,0
999,999999,"103.3,106.4,107.6,107.1,109.4,110.3,113.5,177.4,112.4,114.0",11.9,999.0,999.0,999,999,0
999,999999,"74.4,72.9,73.3,74.6,76.5,77.8,79.9,78.7,80.6,81.7",12.3,999.0,999.0,999,999,0
999,999999,"100.0,98.8,102.7,103.9,105.1,104.6,107.3,105.7,106.7",12.6,999.0,999.0,999,999,0
999,999999,"91.8,93.1,92.7,90.7,91.1,92.9",12.8,999.0,999.0,999,999,0
999,999999,"109.5,109.0,110.5,109.7,110.7,108.5",12.5,999.0,999.0,999,999,0
999,999999,"69.7,71.0,73.5,72.9,74.5,75.9",12.4,999.0,999.0,999,999,0
999,999999,"93.1,97.5,100.1,98.6,101.8,103.3",12.4,999.0,999.0,999,999,0
999,999999,"60.5,61.5,63.1,64.5,66.0,68.5,72.7,74.9,76.7",12.6,999.0,999.0,999,999,0
999,999999,"83.8,85.9,85.5,87.8,89.9,91.9,98.3,97.5,99.4,100.1",12.8,999.0,999.0,999,999,0
999,999999,"76.0,76.5,77.4,77.1,76.8,76.7,75.3,73.7,77.6,78.2",12.7,999.0,999.0,999,999,0
999,999999,"83.3,84.8,87.6,87.3,88.2,88.4,89.7,91.0",13.0,999.0,999.0,999,999,0
999,999999,"95.3,97.5,98.5,102.9,104.4,134.3,108.6,106.8,108.4,109.4",13.3,999.0,999.0,999,999,0
999,999999,"68.3,70.8,71.8,73.2,76.7,77.3,78.5,77.5,78.0,79.7",12.9,999.0,999.0,999,999,0
999,999999,"75.5,76.7,77.6,24.1,81.6",13.4,999.0,999.0,999,999,0
999,999999,"95.9,94.4,95.0,93.5,97.6,97.9,98.7,99.9,97.1,99.5",13.7,999.0,999.0,999,999,0
999,999999,"109.0,110.8,112.1,113.6,114.6,116.3,117.0,119.1",13.4,999.0,999.0,999,999,0
999,999999,"102.6,103.3,101.5,101.0,100.9,102.8,103.9",13.8,999.0,999.0,999,999,0
999,999999,"83.2,81.0,77.1,76.8,78.9,79.2,81.3,82.3,83.0",13.6,999.0,999.0,999,999,0
999,999999,"111.4,110.6,112.1,115.1,115.3,116.6",14.5,999.0,999.0,999,999,0
999,999999,"77.7,80.3,81.4,82.9,88.2,85.8,86.9",14.5,999.0,999.0,999,999,0
999,999999,"103.5,104.5,107.2,108.6,112.0,114.9",13.7,999.0,999.0,999,999,0
999,999999,"112.3,113.6,114.6,117.3,119.2",14.7,999.0,999.0,999,999,0
999,999999,"78.7,79.3,85.1,84.8,87.7,21.5,88.5",14.6,999.0,999.0,999,999,0
999,999999,"98.4,97.4,97.6,101.8,103.2,104.2,100.2,105.8,107.2,109.1",14.7,999.0,999.0,999,999,0
999,999999,"83.4,82.3,82.6,81.8,83.3,85.9,87.5,91.8,96.4",14.5,999.0,999.0,999,999,0
999,999999,"94.6,95.6,94.5,96.5,98.9,100.8,101.2,103.2,104.5,105.8",14.3,999.0,999.0,999,999,0
999,999999,"64.8,63.5,64.2,63.6,66.0,68.1,69.5,71.1,178.8",15.0,999.0,999.0,999,999,0
999,999999,"64.1,65.6,67.2,71.1,69.5,71.2",14.7,999.0,999.0,999,999,0
999,999999,"86.2,85.1,86.3,86.5,85.4,88.2",15.1,999.0,999.0,999,999,0
999,999999,"86.7,110.6,89.1,89.5,90.6,97.2,97.2,100.1,99.6,99.2",14.6,999.0,999.0,999,999,0
999,999999,"80.4,81.0,79.3,81.1,81.2,79.4,81.1,82.9,84.5,86.9",15.2,999.0,999.0,999,999,0
999,999999,"75.7,78.4,79.0,81.1,82.9,83.8,84.7",14.9,999.0,999.0,999,999,0
999,999999,"115.6,117.0,117.7,118.2,120.7,114.5,115.6,116.6,119.0",15.3,999.0,999.0,999,999,0
999,999999,"65.6,65.4,64.4,67.3,69.0,71.0,72.1,75.0",15.1,999.0,999.0,999,999,0
999,999999,"92.4,91.0,92.0,90.1,91.6,151.1,95.2,96.5,100.0,98.9",15.8,999.0,999.0,999,999,0
999,999999,"65.5,63.6,65.6,61.4,63.5,67.9,69.2,72.6,73.9",15.9,999.0,999.0,999,999,0
999,999999,"89.5,91.7,95.7,96.2,98.6,96.9,98.1,96.8",15.5,999.0,999.0,999,999,0
999,999999,"74.8,76.1,73.6,67.2,20.9,69.3,71.1,70.5,72.5",16.0,999.0,999.0,999,999,0
999,999999,"88.7,90.0,91.6,92.5,100.7,93.7",16.4,999.0,999.0,999,999,0
999,999999,"109.2,109.5,112.1,111.6,113.1,110.1,112.2,115.1,116.5",15.9,999.0,999.0,999,999,0
999,999999,"103.5,101.6,103.2,104.4,104.3,106.4,105.8,105.6,106.0,107.4",16.4,999.0,999.0,999,999,0
999,999999,"17.9,80.7,82.0,84.1,85.2,85.7,88.2,91.8",16.0,999.0,999.0,999,999,0
999,999999,"104.1,105.5,106.6,108.6,112.5,116.4,116.1",16.4,999.0,999.0,999,999,0
999,999999,"70.2,71.5,74.3,76.7,79.4",16.4,999.0,999.0,999,999,0
999,999999,"118.4,117.1,115.2,110.4,110.6,111.1,111.2,111.9",16.3,999.0,999.0,999,999,0
999,999999,"21.0,74.7,78.1,74.6,169.0",16.2,999.0,999.0,999,999,0
999,999999,"107.5,108.4,109.2,110.4,112.5,114.9,117.8,119.9",17.0,999.0,999.0,999,999,0
999,999999,"90.8,91.6,93.9,97.3,96.4",16.4,999.0,999.0,999,999,0
999,999999,"73.3,74.7,74.0,73.0,75.2,82.9,80.7,82.3",17.2,999.0,999.0,999,999,0
999,999999,"82.0,135.4,87.6,89.8,91.8,93.3",16.9,999.0,999.0,999,999,0
999,999999,"79.9,81.2,82.5,82.6,82.7,80.6",17.1,999.0,999.0,999,999,0
999,999999,"101.5,102.7,105.2,106.4,108.2,110.4",17.0,999.0,999.0,999,999,0
999,999999,"90.5,91.5,90.1,91.0,93.9,97.3",17.5,999.0,999.0,999,999,0
999,999999,"69.9,71.3,71.4,73.9,71.4,71.1,70.0",17.6,999.0,999.0,999,999,0
999,999999,"102.6,104.1,105.6,108.0,108.2,109.3,111.8",17.9,999.0,999.0,999,999,0
999,999999,"77.4,22.3,79.4,81.4,83.1,85.4,84.6,82.7,89.9",17.2,999.0,999.0,999,999,0
999,999999,"107.5,108.0,108.8,110.8,112.1,112.2,112.8,113.2,114.0",18.2,999.0,999.0,999,999,0
999,999999,"84.7,84.9,86.9,87.6,87.5",17.6,999.0,999.0,999,999,0
999,999999,"67.8,69.7,70.8,73.2,76.0,77.5",17.8,999.0,999.0,999,999,0
999,999999,"114.1,111.7,111.3,193.3,25.3",18.3,999.0,999.0,999,999,0
999,999999,"16.1,73.9,71.2,71.8,74.5",17.7,999.0,999.0,999,999,0
999,999999,"58.9,57.3,60.3,60.5,62.8,66.5,69.3,73.2",17.9,999.0,999.0,999,999,0
999,999999,"77.1,79.2,76.6,76.2,76.7,78.0,78.5",18.8,999.0,999.0,999,999,0
999,999999,"112.7,112.8,114.7,115.9,116.8,117.9,118.7",18.2,999.0,999.0,999,999,0
999,999999,"88.3,90.8,91.3,92.3,16.1",18.5,999.0,999.0,999,999,0
999,999999,"86.6,86.3,88.0,89.5,93.6,92.3,91.8",18.4,999.0,999.0,999,999,0
999,999999,"63.3,64.7,66.2,65.3,65.5,67.3,68.0,69.2,71.2",18.6,999.0,999.0,999,999,0
999,999999,"94.5,96.7,95.3,96.5,97.2,98.4,99.2,100.8,185.8",19.1,999.0,999.0,999,999,0
999,999999,"93.8,95.4,96.0,97.9,96.0",18.7,999.0,999.0,999,999,0
999,999999,"176.4,87.8,86.9,90.4,91.8",18.8,999.0,999.0,999,999,0
999,999999,"97.5,98.2,101.2,103.2,105.7,107.1",18.9,999.0,999.0,999,999,0
999,999999,"108.7,109.9,111.2,112.5,112.1",19.6,999.0,999.0,999,999,0
999,999999,"86.6,87.6,87.3,88.8,93.0,94.3,95.3,98.6,100.6",19.2,999.0,999.0,999,999,0
999,999999,"86.7,89.5,91.2,89.7,91.1,93.0,95.4",19.6,999.0,999.0,999,999,0
999,999999,"67.4,68.2,69.5,71.4,73.5,74.7,73.3,72.0,72.5,75.0",19.4,999.0,999.0,999,999,0
999,999999,"69.2,110.9,75.7,74.9,75.9,75.7",20.1,999.0,999.0,999,999,0
999,999999,"96.2,96.3,95.2,93.1,93.5,93.6,92.6,95.3,95.3,97.4",19.6,999.0,999.0,999,999,0
999,999999,"85.2,86.6,89.5,91.9,92.8",20.1,999.0,999.0,999,999,0
999,999999,"93.0,97.4,99.4,99.8,101.0,102.8,102.9,104.4,106.0",20.4,999.0,999.0,999,999,0
999,999999,"61.0,62.1,66.9,69.5,71.4,73.6,77.0",19.9,999.0,999.0,999,999,0
999,999999,"112.6,113.8,116.1,118.4,139.2,118.8,119.6",19.8,999.0,999.0,999,999,0
999,999999,"111.1,111.7,109.0,109.5,111.1",20.7,999.0,999.0,999,999,0
999,999999,"71.7,72.2,71.5,75.3,74.2,76.6,78.1,79.7,82.7",20.0,999.0,999.0,999,999,0
999,999999,"107.3,109.8,191.5,114.9,117.5,116.7",20.6,999.0,999.0,999,999,0
999,999999,"74.9,75.7,74.7,68.9,27.9",20.2,999.0,999.0,999,999,0
999,999999,"110.8,112.3,113.9,115.1,113.0,114.0",20.4,999.0,999.0,999,999,0
999,999999,"89.1,91.0,92.1,91.4,93.1,95.8,96.3,95.9,98.3,102.1",20.4,999.0,999.0,999,999,0
999,999999,"101.0,102.3,102.6,104.5,23.8,106.6,107.5,105.9",20.8,999.0,999.0,999,999,0
999,999999,"83.6,81.2,79.7,82.5,84.8,84.4,85.8,86.9,87.7",21.2,999.0,999.0,999,999,0
999,999999,"84.8,85.5,83.9,85.8,87.5,87.6",21.0,999.0,999.0,999,999,0
999,999999,"105.5,107.9,108.3,110.0,110.6",21.6,999.0,999.0,999,999,0
999,999999,"68.1,70.7,72.4,73.1,78.7,80.5,83.4",21.1,999.0,999.0,999,999,0
999,999999,"99.8,101.5,102.1,23.6,103.5,105.4,107.4,108.2,106.5",21.4,999.0,999.0,999,999,0
999,999999,"86.7,88.5,91.3,93.0,97.3,98.7",21.5,999.0,999.0,999,999,0
999,999999,"91.1,92.6,93.8,96.0,95.6,96.2",21.6,999.0,999.0,999,999,0
999,999999,"82.4,103.2,81.6,81.2,81.5,82.2,85.2,86.7",21.8,999.0,999.0,999,999,0
999,999999,"72.9,74.3,74.3,74.2,74.5,75.3,77.8",21.6,999.0,999.0,999,999,0
999,999999,"110.6,111.8,110.4,113.2,112.8,19.2,103.8",21.9,999.0,999.0,999,999,0
999,999999,"96.6,97.8,100.5,102.0,103.3,106.5,105.1,106.4",22.5,999.0,999.0,999,999,0
999,999999,"113.8,113.0,111.1,109.8,114.2,115.3,113.8",22.3,999.0,999.0,999,999,0
999,999999,"77.3,78.5,77.6,78.3,80.6,82.5,83.8,84.5,85.9,86.6",22.0,999.0,999.0,999,999,0
999,999999,"79.0,80.5,79.5,116.3,77.5,78.7,79.8,78.0",22.0,999.0,999.0,999,999,0
999,999999,"111.6,113.3,115.6,115.9,117.6,117.2",22.1,999.0,999.0,999,999,0
999,999999,"93.6,93.2,94.9,95.5,94.0,95.4,99.2",22.8,999.0,999.0,999,999,0
999,999999,"80.9,83.4,82.0,81.2,83.0,85.0,86.4,86.1,87.5,89.1",22.2,999.0,999.0,999,999,0
999,999999,"69.3,70.1,70.2,72.4,74.6,75.9,74.2,75.3",22.8,999.0,999.0,999,999,0
999,999999,"75.5,74.4,75.9,78.8,81.9,85.1",22.8,999.0,999.0,999,999,0
999,999999,"76.4,80.0,80.4,81.2,84.4,86.0,87.3,90.0",22.5,999.0,999.0,999,999,0
999,999999,"107.3,109.6,108.9,107.0,109.5,110.9,109.1,112.5,112.9",22.7,999.0,999.0,999,999,0
999,999999,"66.0,69.1,68.6,71.1,70.1,70.5,74.4,75.1,73.7",22.6,999.0,999.0,999,999,0
999,999999,"83.7,84.8,84.7,85.8,85.6,85.7,89.3,90.9",23.5,999.0,999.0,999,999,0
999,999999,"62.1,65.1,71.2,72.1,72.8,75.3,75.6,75.7,76.9,75.1",23.8,999.0,999.0,999,999,0
999,999999,"72.7,73.0,73.5,74.3,74.7,75.8,76.8,77.5",23.2,999.0,999.0,999,999,0
999,999999,"87.7,90.1,92.8,95.1,95.9",23.1,999.0,999.0,999,999,0
999,999999,"90.2,91.0,94.5,96.3,98.6,97.3,97.2",23.9,999.0,999.0,999,999,0
999,999999,"76.7,81.2,79.3,78.7,81.7,80.4",23.3,999.0,999.0,999,999,0
999,999999,"72.0,77.4,80.1,78.8,78.7,79.0",24.0,999.0,999.0,999,999,0
999,999999,"99.3,102.0,102.8,103.0,102.5,104.9,105.6,109.2,111.0,112.8",24.1,999.0,999.0,999,999,0
999,999999,"60.6,61.4,62.8,65.2,66.5,132.9,25.4,72.5",23.6,999.0,999.0,999,999,0
999,999999,"85.6,84.7,87.4,88.5,87.4,88.3,89.7,89.7,91.0",23.8,999.0,999.0,999,999,0
999,999999,"72.7,73.9,134.4,74.3,76.1,78.6",24.2,999.0,999.0,999,999,0
999,999999,"120.7,75.0,77.7,78.5,79.2,78.8,78.9,81.7,82.7,84.7",24.3,999.0,999.0,999,999,0
999,999999,"88.4,88.9,90.6,15.1,94.1,95.7,95.7,100.0,103.5",24.1,999.0,999.0,999,999,0
999,999999,"68.1,69.1,71.5,72.5,154.1,75.1,76.7,76.7,78.2",25.0,999.0,999.0,999,999,0
999,999999,"64.8,66.2,68.8,70.8,72.3,149.6",24.2,999.0,999.0,999,999,0
999,999999,"188.6,87.5,88.4,90.6,92.5,91.2,93.3,93.7,91.6",24.7,999.0,999.0,999,999,0
999,999999,"63.4,64.8,28.9,67.3,69.4,71.3,70.1,72.0",24.3,999.0,999.0,999,999,0
999,999999,"107.0,108.6,112.1,23.1,112.3",24.8,999.0,999.0,999,999,0
999,999999,"113.4,114.0,117.3,117.2,118.1",25.0,999.0,999.0,999,999,0
999,999999,"72.2,72.2,72.6,75.6,75.5,76.6",25.0,999.0,999.0,999,999,0
999,999999,"96.9,96.7,97.5,99.4,101.2,101.5,101.8,105.8",25.1,999.0,999.0,999,999,0
999,999999,"93.0,93.3,94.5,97.2,99.2",25.2,999.0,999.0,999,999,0
999,999999,"82.5,83.6,85.1,87.0,88.4",25.6,999.0,999.0,999,999,0
999,999999,"62.4,18.8,67.9,70.4,72.3,76.3,77.9,128.5,76.8",25.7,999.0,999.0,999,999,0
999,999999,"86.2,89.1,26.7,91.6,93.6",25.4,999.0,999.0,999,999,0
999,999999,"69.5,68.4,69.7,68.2,68.3,71.3,73.5,73.4",25.8,999.0,999.0,999,999,0
999,999999,"68.8,138.8,71.1,74.4,76.8",25.9,999.0,999.0,999,999,0
999,999999,"83.5,84.1,86.5,88.0,90.5,92.4,93.6,95.4,95.5,98.8",26.0,999.0,999.0,999,999,0
999,999999,"86.5,88.0,89.0,88.7,90.6,92.5,90.6",25.6,999.0,999.0,999,999,0
999,999999,"129.8,92.7,96.9,99.4,99.1",26.5,999.0,999.0,999,999,0
999,999999,"89.0,91.5,92.1,92.8,94.1,90.7,93.6,93.3",26.1,999.0,999.0,999,999,0
999,999999,"67.6,69.1,70.5,72.0,74.3,76.0,75.0,78.3,78.4,79.9",26.5,999.0,999.0,999,999,0
999,999999,"105.1,105.7,104.4,104.3,129.0,103.6,106.1,108.5,107.5",26.8,999.0,999.0,999,999,0
999,999999,"78.4,80.8,80.7,83.0,83.7",26.7,999.0,999.0,999,999,0
999,999999,"86.1,87.4,88.5,88.1,87.1,88.2,87.9,89.7",26.6,999.0,999.0,999,999,0
999,999999,"83.4,84.6,86.2,86.4,23.0,86.2,85.2,88.9,90.5",26.2,999.0,999.0,999,999,0
999,999999,"85.3,86.8,85.7,83.9,84.5,85.8,85.8,90.2,91.5,90.5",26.8,999.0,999.0,999,999,0
999,999999,"92.1,94.6,191.9,99.4,100.5",26.5,999.0,999.0,999,999,0
999,999999,"83.4,84.9,86.1,85.6,89.0,90.2,91.7,91.4",26.9,999.0,999.0,999,999,0
999,999999,"91.1,92.2,94.5,93.0,95.1,94.4",26.7,999.0,999.0,999,999,0
999,999999,"94.3,100.1,98.2,99.8,101.8,100.0,100.4",27.1,999.0,999.0,999,999,0
999,999999,"95.5,96.8,99.2,101.7,102.0,102.2,172.1,105.1,105.7",27.0,999.0,999.0,999,999,0
999,999999,"169.9,108.7,110.6,110.9,111.7",27.9,999.0,999.0,999,999,0
999,999999,"73.2,73.8,154.2,79.8,84.3,87.2",27.1,999.0,999.0,999,999,0
999,999999,"99.5,98.9,100.8,105.0,105.7,106.4",27.8,999.0,999.0,999,999,0
999,999999,"83.7,87.0,88.7,88.2,89.4,90.7,89.3",27.6,999.0,999.0,999,999,0
999,999999,"100.9,30.0,103.6,104.7,107.2,109.2,109.5",27.6,999.0,999.0,999,999,0
999,999999,"62.1,63.4,66.0,67.9,69.0,70.7,72.6,72.3,72.2,72.0",27.5,999.0,999.0,999,999,0
999,999999,"104.9,104.8,104.7,107.0,109.6,109.9,151.2,113.3",27.8,999.0,999.0,999,999,0
999,999999,"83.2,84.1,113.8,84.1,84.7,87.6,85.2,86.0,86.3,87.0",28.2,999.0,999.0,999,999,0
999,999999,"92.8,94.7,94.4,94.8,94.9,93.7,95.0,96.5,97.8,99.4",28.0,999.0,999.0,999,999,0
999,999999,"72.3,75.2,72.4,74.4,76.2,77.6,79.0,81.8,82.4",28.6,999.0,999.0,999,999,0
999,999999,"90.4,91.8,91.3,91.2,93.2,28.2,92.5,91.0,93.4,93.6",28.6,999.0,999.0,999,999,0
999,999999,"109.1,108.6,111.4,112.5,107.5,108.7,113.5,115.1,115.5",28.4,999.0,999.0,999,999,0
999,999999,"73.5,76.4,74.9,75.3,28.8",28.9,999.0,999.0,999,999,0
999,999999,"117.8,91.7,89.1,90.5,93.9,93.5,95.0",28.6,999.0,999.0,999,999,0
999,999999,"100.0,101.8,102.4,100.4,99.2,101.1,100.9,102.8",28.9,999.0,999.0,999,999,0
999,999999,"77.7,79.3,81.4,80.3,21.9,88.5",28.6,999.0,999.0,999,999,0
999,999999,"93.1,94.9,97.2,95.9,96.3,97.6,97.5",28.6,999.0,999.0,999,999,0
999,999999,"95.3,97.3,98.6,100.2,103.0,106.1",29.5,999.0,999.0,999,999,0
999,999999,"70.3,70.9,72.7,71.4,72.0,75.6,73.2,74.8,75.6,77.0",29.3,999.0,999.0,999,999,0
999,999999,"98.0,98.5,101.8,101.6,101.5,104.4,107.5,108.3",29.5,999.0,999.0,999,999,0
999,999999,"71.8,100.7,69.7,71.1,72.4",29.1,999.0,999.0,999,999,0
999,999999,"96.4,95.2,96.8,97.0,101.1,100.7,100.8,20.9,105.4,106.5",29.6,999.0,999.0,999,999,0
999,999999,"66.1,66.8,70.9,70.7,72.9,73.7,75.7",29.6,999.0,999.0,999,999,0
999,999999,"78.2,80.0,81.9,82.4,84.3,84.7,84.0,87.0",29.6,999.0,999.0,999,999,0
999,999999,"72.3,72.9,74.3,76.3,77.1",30.0,999.0,999.0,999,999,0
999,999999,"76.9,79.5,78.9,79.3,76.1,77.6,77.5",30.0,999.0,999.0,999,999,0
999,999999,"77.3,78.5,82.0,190.0,85.4,85.1,83.6,87.6,89.1",29.6,999.0,999.0,999,999,0
999,999999,"96.0,97.4,96.1,102.8,105.4,107.9,109.4,110.1,111.1",29.9,999.0,999.0,999,999,0
999,999999,"102.0,102.8,103.6,106.0,108.4,107.7,109.6,110.8,107.9",30.2,999.0,999.0,999,999,0
999,999999,"101.2,100.0,98.4,99.9,98.8,99.4,102.6",30.5,999.0,999.0,999,999,0
999,999999,"77.8,78.8,78.5,83.2,85.9",30.2,999.0,999.0,999,999,0
999,999999,"106.1,110.1,113.1,114.6,173.7,116.4",31.0,999.0,999.0,999,999,0
999,999999,"84.0,88.0,89.3,90.2,90.1,92.1,93.6,94.9,96.7",30.3,999.0,999.0,999,999,0
999,999999,"61.1,60.9,62.2,63.5,68.3,70.9,73.4,74.4,75.6,73.8",30.4,999.0,999.0,999,999,0
999,999999,"76.6,77.9,79.3,77.7,78.6,80.9,82.1,84.5,86.9,88.0",30.9,999.0,999.0,999,999,0
999,999999,"76.1,76.9,78.4,80.1,82.9,83.1",30.6,999.0,999.0,999,999,0
999,999999,"90.3,91.3,90.3,91.3,92.5,91.8,95.2",30.8,999.0,999.0,999,999,0
999,999999,"66.4,153.3,69.0,70.0,72.2,72.3,75.8,76.4",31.6,999.0,999.0,999,999,0
999,999999,"116.6,116.7,118.3,118.9,118.5,117.3,118.8,118.7",31.5,999.0,999.0,999,999,0
999,999999,"85.2,87.8,89.3,90.9,92.9,199.7,95.1",31.7,999.0,999.0,999,999,0
999,999999,"107.1,109.0,111.1,113.0,112.5,114.3,116.5,117.5",31.1,999.0,999.0,999,999,0
999,999999,"116.7,118.3,116.1,117.9,119.3",31.8,999.0,999.0,999,999,0
999,999999,"89.3,88.7,89.4,89.6,90.3,89.9,92.2",31.9,999.0,999.0,999,999,0
999,999999,"78.6,80.0,77.7,81.0,82.1,83.6,85.7,90.7",32.1,999.0,999.0,999,999,0
999,999999,"72.7,75.0,77.9,74.7,77.9,75.3,75.9",31.4,999.0,999.0,999,999,0
999,999999,"75.6,77.1,78.9,79.5,78.9,81.9,81.4",31.5,999.0,999.0,999,999,0
999,999999,"103.4,15.0,108.0,108.8,111.0,110.7",31.8,999.0,999.0,999,999,0
999,999999,"110.3,198.6,112.6,110.7,112.2,113.1,113.7,116.3,116.0,117.0",32.4,999.0,999.0,999,999,0
999,999999,"103.9,109.3,109.9,111.7,113.2,114.5,115.8,115.1",31.7,999.0,999.0,999,999,0
999,999999,"89.8,93.2,96.4,97.9,97.8,101.0,103.7,103.8",32.7,999.0,999.0,999,999,0
999,999999,"147.8,71.7,72.6,76.9,80.7,81.9,82.8",32.3,999.0,999.0,999,999,0
999,999999,"64.5,66.8,69.2,70.0,70.2,72.0",32.4,999.0,999.0,999,999,0
999,999999,"72.1,73.1,74.0,17.1,72.7,74.0",33.1,999.0,999.0,999,999,0
999,999999,"72.0,72.3,76.5,74.5,76.3",32.8,999.0,999.0,999,999,0
999,999999,"139.4,81.1,82.0,84.2,85.9",32.8,999.0,999.0,999,999,0
999,999999,"101.9,101.3,102.1,103.2,106.8,108.4,109.2,112.4,114.0",32.7,999.0,999.0,999,999,0
999,999999,"67.6,68.3,68.9,68.7,70.3,71.6,71.4,74.5",33.3,999.0,999.0,999,999,0
999,999999,"79.0,81.5,81.4,81.5,84.7,81.0,83.6,86.0,87.4,89.7",33.5,999.0,999.0,999,999,0
999,999999,"71.8,70.4,71.1,74.5,76.0,77.3,79.1,82.1,81.3",33.5,999.0,999.0,999,999,0
999,999999,"89.8,91.1,91.2,91.5,92.8,93.2,94.3",33.3,999.0,999.0,999,999,0
999,999999,"113.7,115.7,116.4,114.9,141.1,117.9,116.7,117.1,118.2,114.3",33.7,999.0,999.0,999,999,0
999,999999,"65.0,63.5,65.3,66.6,67.8,69.5,67.7,189.2,71.5",33.8,999.0,999.0,999,999,0
999,999999,"103.5,105.1,109.9,172.3,112.6",33.7,999.0,999.0,999,999,0
999,999999,"15.2,159.8,109.0,108.7,111.1,109.9,112.7,115.9",34.2,999.0,999.0,999,999,0
999,999999,"97.2,96.9,98.1,97.0,99.0,99.5",33.5,999.0,999.0,999,999,0
999,999999,"65.6,68.5,69.5,72.4,29.3,75.7,77.0,77.4,80.1",34.3,999.0,999.0,999,999,0
999,999999,"92.8,94.1,96.2,99.3,99.0,99.6,101.0",34.4,999.0,999.0,999,999,0
999,999999,"53.2,56.7,57.6,61.4,64.1,23.0,68.0,69.0,70.8,73.6",34.0,999.0,999.0,999,999,0
999,999999,"61.9,58.5,64.7,69.6,72.6,74.6,75.5,81.3,81.8,83.1",34.5,999.0,999.0,999,999,0
999,999999,"112.5,112.5,115.1,116.9,115.5,115.5,115.4,117.0",33.9,999.0,999.0,999,999,0
999,999999,"82.9,83.3,84.6,85.9,86.3,87.5,88.4,89.9,92.1,92.8",34.6,999.0,999.0,999,999,0
999,999999,"96.3,95.8,94.6,95.8,97.8,98.7,99.8,99.3",34.6,999.0,999.0,999,999,0
999,999999,"99.6,103.3,105.2,106.1,107.4,104.5,105.5,106.7",34.6,999.0,999.0,999,999,0
999,999999,"80.7,80.7,84.4,86.5,88.5,89.7,90.1,91.7,92.0",35.0,999.0,999.0,999,999,0
999,999999,"114.1,115.5,116.1,117.7,118.1,116.6,117.0,119.8",35.3,999.0,999.0,999,999,0
999,999999,"83.6,84.7,88.6,86.4,93.5,93.2,94.8",35.0,999.0,999.0,999,999,0
999,999999,"74.0,76.9,78.6,80.9,82.1,84.9,82.8",10.5,999.0,999.0,999,999,0
999,999999,"115.1,116.2,114.3,112.8,112.6,116.9,119.8",10.3,999.0,999.0,999,999,0
999,999999,"122.2,121.6,120.9,121.4,119.5",10.1,999.0,999.0,999,999,0
999,999999,"111.4,112.2,111.5,113.3,116.2",10.5,999.0,999.0,999,999,0
999,999999,"105.9,108.1,106.8,108.4,105.5",10.0,999.0,999.0,999,999,0
999,999999,"87.3,89.7,92.5,93.8,94.4,95.3,95.3",10.9,999.0,999.0,999,999,0
999,999999,"78.8,79.9,82.2,84.2,183.1",10.6,999.0,999.0,999,999,0
999,999999,"86.8,87.5,91.1,91.5,92.0,93.8,95.9,96.4,98.4,101.4",10.3,999.0,999.0,999,999,0
999,999999,"81.5,80.5,81.4,84.2,85.9,84.7",10.9,999.0,999.0,999,999,0
999,999999,"106.1,106.7,108.0,109.9,112.0,115.4,117.7,119.4",11.1,999.0,999.0,999,999,0
999,999999,"82.7,82.3,83.5,85.9,86.0",10.7,999.0,999.0,999,999,0
999,999999,"88.0,88.4,88.9,92.5,94.1",10.7,999.0,999.0,999,999,0
999,999999,"62.4,64.8,67.8,70.4,71.9,70.6,70.7,72.8",11.5,999.0,999.0,999,999,0
999,999999,"72.6,73.9,75.6,77.9,79.5,78.9,80.4",11.3,999.0,999.0,999,999,0
999,999999,"92.6,92.3,93.9,95.4,96.3",11.7,999.0,999.0,999,999,0
999,999999,"80.6,84.4,84.9,86.4,90.9",11.2,999.0,999.0,999,999,0
999,999999,"21.5,107.5,105.8,108.9,109.4",11.2,999.0,999.0,999,999,0
999,999999,"102.5,104.6,104.5,106.8,108.9,112.8",12.2,999.0,999.0,999,999,0
999,999999,"110.4,112.3,112.0,111.5,113.3,116.7,116.2,117.0",11.4,999.0,999.0,999,999,0
999,999999,"90.3,91.3,93.2,97.2,96.4,98.8,101.0",11.9,999.0,999.0,999,999,0
999,999999,"71.4,73.7,29.7,74.6,75.4,78.6,81.1",12.0,999.0,999.0,999,999,0
999,999999,"73.8,75.3,78.7,79.7,81.8,81.6",12.1,999.0,999.0,999,999,0
999,999999,"85.2,18.8,87.5,88.6,89.4,88.9,90.1,92.7,90.3",12.2,999.0,999.0,999,999,0
999,999999,"101.9,102.1,107.9,110.3,110.1",12.1,999.0,999.0,999,999,0
999,999999,"114.5,110.1,110.1,114.8,114.8,118.0",12.1,999.0,999.0,999,999,0
999,999999,"89.6,92.4,97.4,97.8,99.1,100.8,102.8,103.5,103.6,104.5",12.2,999.0,999.0,999,999,0
999,999999,"118.6,117.8,118.3,139.1,118.4,118.3,120.8,118.2,119.2,119.9",12.4,999.0,999.0,999,999,0
999,999999,"100.6,101.5,103.8,28.6,105.8",12.3,999.0,999.0,999,999,0
999,999999,"75.4,75.9,76.1,15.5,79.1,80.7,81.4,83.7,85.6",12.5,999.0,999.0,999,999,0
999,999999,"99.9,101.4,104.9,102.4,102.9",12.7,999.0,999.0,999,999,0
999,999999,"68.4,72.1,73.8,74.9,77.5,77.7,76.2,78.3",12.8,999.0,999.0,999,999,0
999,999999,"85.0,88.4,91.4,94.7,95.3,98.4,101.3,100.9,99.6",12.9,999.0,999.0,999,999,0
999,999999,"88.5,90.2,91.9,93.8,94.4,96.1,95.5,100.6,101.6",13.5,999.0,999.0,999,999,0
999,999999,"104.8,101.7,100.3,106.6,18.3,106.5,108.4",13.1,999.0,999.0,999,999,0
999,999999,"83.5,83.6,86.1,84.6,81.7,82.8,83.1,83.1,83.4,85.5",13.2,999.0,999.0,999,999,0
999,999999,"97.1,147.5,99.8,99.1,101.3,104.0,107.4,107.7,108.4,109.0",13.9,999.0,999.0,999,999,0
999,999999,"62.5,65.7,63.9,65.2,68.1,69.0,71.7,72.8",13.9,999.0,999.0,999,999,0
999,999999,"76.3,77.6,79.0,80.5,83.2,84.8,85.1,87.1",13.3,999.0,999.0,999,999,0
999,999999,"108.9,111.8,113.8,117.0,115.9,114.1,115.1,114.9",13.4,999.0,999.0,999,999,0
999,999999,"82.6,84.5,86.3,88.6,89.8,90.0,91.7",14.2,999.0,999.0,999,999,0
999,999999,"86.5,88.4,87.0,86.4,87.5,87.5,89.0,89.1",13.7,999.0,999.0,999,999,0
999,999999,"100.6,101.8,99.4,97.2,98.5,102.9,107.8,108.0,108.7",13.8,999.0,999.0,999,999,0
999,999999,"114.8,117.0,116.2,114.9,115.6",14.1,999.0,999.0,999,999,0
999,999999,"105.4,106.0,104.6,105.6,107.3,109.5,111.6,112.4,115.5",14.2,999.0,999.0,999,999,0
999,999999,"64.8,65.5,161.8,71.2,76.1,78.8,82.5",14.3,999.0,999.0,999,999,0
999,999999,"63.7,66.4,72.1,72.8,74.3",14.7,999.0,999.0,999,999,0
999,999999,"81.1,81.4,81.7,80.3,88.2,90.8,92.2",14.8,999.0,999.0,999,999,0
999,999999,"106.6,105.4,107.9,111.4,24.9,114.5,116.4,118.0,117.1",14.5,999.0,999.0,999,999,0
999,999999,"62.2,63.2,64.5,64.5,66.1,69.6,70.1,71.2,73.9",14.8,999.0,999.0,999,999,0
999,999999,"85.7,170.2,87.4,90.2,88.0,91.0,87.8,87.6",15.3,999.0,999.0,999,999,0
999,999999,"80.2,81.3,83.1,84.0,84.2",14.7,999.0,999.0,999,999,0
999,999999,"107.0,107.9,111.4,112.9,114.6,116.0,116.9,118.0,119.8",15.3,999.0,999.0,999,999,0
999,999999,"66.6,69.9,70.9,73.6,77.1,79.0,81.4",15.2,999.0,999.0,999,999,0
999,999999,"78.8,80.2,80.3,22.5,82.8,86.6,89.2",15.1,999.0,999.0,999,999,0
999,999999,"79.6,135.9,82.5,83.4,81.0,82.5,82.1",15.6,999.0,999.0,999,999,0
999,999999,"75.0,77.3,80.5,84.7,83.9,85.3",15.2,999.0,999.0,999,999,0
999,999999,"90.3,91.2,93.1,95.1,93.7,96.9",15.1,999.0,999.0,999,999,0
999,999999,"77.6,78.8,78.3,78.2,77.4,79.6,79.8,110.3",15.2,999.0,999.0,999,999,0
999,999999,"87.8,89.9,89.6,88.4,87.8,152.8,92.1,94.6",16.0,999.0,999.0,999,999,0
999,999999,"72.6,71.8,70.8,72.4,72.7,72.6,72.6",16.3,999.0,999.0,999,999,0
999,999999,"98.3,100.6,101.5,104.9,108.8,109.4,23.8,113.2",16.0,999.0,999.0,999,999,0
999,999999,"89.4,90.9,91.5,92.3,94.8,95.0,93.7,19.1,95.7",16.6,999.0,999.0,999,999,0
999,999999,"74.1,75.8,74.0,75.6,75.9,78.1",16.5,999.0,999.0,999,999,0
999,999999,"108.7,106.1,107.8,106.3,108.9,109.0",16.0,999.0,999.0,999,999,0
999,999999,"85.6,87.7,89.9,90.0,91.6",16.8,999.0,999.0,999,999,0
999,999999,"85.6,88.7,91.5,92.6,90.8",17.0,999.0,999.0,999,999,0
999,999999,"98.0,98.1,99.4,99.9,100.2,101.6,102.9",16.2,999.0,999.0,999,999,0
999,999999,"105.0,107.1,109.0,112.4,112.2",16.9,999.0,999.0,999,999,0
999,999999,"99.4,101.3,101.7,103.4,105.7,106.4,108.2,110.2,112.6,113.1",16.7,999.0,999.0,999,999,0
999,999999,"95.7,98.1,98.6,99.2,97.7,99.7,103.0,103.2,104.4,108.5",16.8,999.0,999.0,999,999,0
999,999999,"75.3,77.3,80.5,84.4,86.6,86.8,85.7,103.4",17.5,999.0,999.0,999,999,0
999,999999,"68.1,69.2,69.3,71.7,73.4,75.7",17.1,999.0,999.0,999,999,0
999,999999,"74.5,75.4,77.0,79.9,78.0,79.3,81.5,80.3,80.9",17.0,999.0,999.0,999,999,0
999,999999,"98.8,99.1,98.8,100.7,100.7",17.1,999.0,999.0,999,999,0
999,999999,"88.0,87.7,89.2,90.7,90.1,90.6,93.2,93.0",16.9,999.0,999.0,999,999,0
999,999999,"80.7,81.6,80.6,82.1,83.4,83.4,84.2,84.5",17.7,999.0,999.0,999,999,0
999,999999,"77.6,79.9,82.4,83.9,85.2,87.8,89.0,90.8",18.0,999.0,999.0,999,999,0
999,999999,"66.5,67.0,70.3,72.0,75.7,75.8",17.2,999.0,999.0,999,999,0
999,999999,"106.7,108.2,110.4,113.8,114.6,112.7,113.4,113.9",17.8,999.0,999.0,999,999,0
999,999999,"62.1,63.4,195.3,66.9,69.8,71.1",17.7,999.0,999.0,999,999,0
999,999999,"104.4,105.6,103.3,104.1,105.5,107.7,107.8,108.4,109.2",18.4,999.0,999.0,999,999,0
999,999999,"87.3,89.2,91.1,91.4,92.3",17.7,999.0,999.0,999,999,0
999,999999,"106.9,107.0,108.2,110.6,109.9,109.3,115.1",18.1,999.0,999.0,999,999,0
999,999999,"110.0,112.0,114.9,116.8,118.6",17.9,999.0,999.0,999,999,0
999,999999,"70.2,71.3,71.5,71.0,72.4,73.1,74.2,78.3,79.9",18.6,999.0,999.0,999,999,0
999,999999,"111.8,112.2,110.4,107.2,108.3",18.5,999.0,999.0,999,999,0
999,999999,"66.4,69.0,164.8,77.8,78.9,78.6,80.2,79.0,80.2",18.9,999.0,999.0,999,999,0
999,999999,"71.1,72.5,74.5,77.6,80.1,81.7,81.7,82.2",18.8,999.0,999.0,999,999,0
999,999999,"88.8,89.4,88.4,89.0,93.4,93.6,93.8",19.2,999.0,999.0,999,999,0
999,999999,"132.6,99.2,99.4,101.2,101.2,99.9",19.2,999.0,999.0,999,999,0
999,999999,"61.7,65.2,190.1,68.8,72.0",19.1,999.0,999.0,999,999,0
999,999999,"68.8,70.9,72.0,74.5,74.9,77.4,77.9,78.4,78.4,80.9",18.8,999.0,999.0,999,999,0
999,999999,"65.6,66.7,67.2,69.8,71.4,73.0,116.2,76.8,79.1,82.9",19.5,999.0,999.0,999,999,0
999,999999,"78.4,78.2,78.7,80.1,82.0,84.6,86.0",19.8,999.0,999.0,999,999,0
999,999999,"90.5,91.4,91.5,90.4,92.7",19.1,999.0,999.0,999,999,0
999,999999,"92.3,95.6,94.8,94.7,95.8",19.7,999.0,999.0,999,999,0
999,999999,"65.0,66.0,66.8,68.8,69.0,71.2,73.1,75.0,76.7,76.1",19.9,999.0,999.0,999,999,0
999,999999,"110.0,110.5,109.7,110.7,113.8,116.7",19.8,999.0,999.0,999,999,0
999,999999,"104.3,104.7,107.0,105.9,106.4",20.1,999.0,999.0,999,999,0
999,999999,"105.1,103.1,104.9,105.8,105.8,108.9,110.8,113.7,115.4",20.1,999.0,999.0,999,999,0
999,999999,"110.3,110.6,110.5,112.6,115.3,116.6,116.6",19.7,999.0,999.0,999,999,0
999,999999,"63.0,65.5,68.2,70.6,70.8,71.8,71.6,73.2,74.9",20.4,999.0,999.0,999,999,0
999,999999,"84.9,85.8,87.2,89.0,91.6",20.3,999.0,999.0,999,999,0
999,999999,"73.9,74.8,76.8,80.3,80.7,82.7,85.3,28.3",20.1,999.0,999.0,999,999,0
999,999999,"65.5,67.3,189.8,72.2,74.6,76.0,77.1,79.5,80.4,81.9",20.1,999.0,999.0,999,999,0
999,999999,"65.8,67.1,67.6,67.4,68.9,68.5,70.4,69.7,72.0",20.5,999.0,999.0,999,999,0
999,999999,"89.8,91.5,92.1,91.0,92.3,92.9,95.0,92.1,92.7,95.2",21.0,999.0,999.0,999,999,0
999,999999,"57.2,58.8,60.3,60.7,62.8,64.8,66.3,68.3,73.3",20.5,999.0,999.0,999,999,0
999,999999,"95.0,97.1,96.2,94.9,96.1,99.6,100.1,101.3,102.6,104.1",20.9,999.0,999.0,999,999,0
999,999999,"112.6,113.5,113.2,114.5,115.9,116.7",21.2,999.0,999.0,999,999,0
999,999999,"94.7,96.7,98.9,102.2,102.6,103.1",21.0,999.0,999.0,999,999,0
999,999999,"76.8,76.7,78.3,80.0,75.3,76.9,78.2,79.7,81.8,18.9",20.6,999.0,999.0,999,999,0
999,999999,"71.1,69.8,69.3,70.4,71.7,71.8,73.5,74.7,77.2,82.1",20.7,999.0,999.0,999,999,0
999,999999,"84.2,86.5,84.6,85.7,87.2,86.5,85.1",21.2,999.0,999.0,999,999,0
999,999999,"64.3,67.5,70.0,68.9,70.3,71.7,70.4,71.9",21.4,999.0,999.0,999,999,0
999,999999,"98.8,98.4,96.8,156.8,98.8,100.8",21.3,999.0,999.0,999,999,0
999,999999,"61.0,116.5,65.2,68.1,70.2,71.7",21.6,999.0,999.0,999,999,0
999,999999,"89.6,91.1,91.3,117.8,93.6,93.9",21.5,999.0,999.0,999,999,0
999,999999,"107.2,108.1,109.7,112.3,115.2",21.8,999.0,999.0,999,999,0
999,999999,"65.0,66.9,67.9,67.7,67.9,69.2,68.0,69.0,70.7,72.0",22.4,999.0,999.0,999,999,0
999,999999,"74.7,75.2,78.4,80.1,85.2,86.4",22.4,999.0,999.0,999,999,0
999,999999,"67.2,67.2,68.4,69.6,70.7,72.5",22.2,999.0,999.0,999,999,0
999,999999,"84.2,86.6,90.5,89.8,131.4,92.2,93.7,93.9",22.1,999.0,999.0,999,999,0
999,999999,"67.9,68.5,68.4,68.3,69.8,70.1,71.4,74.1",22.7,999.0,999.0,999,999,0
999,999999,"91.6,93.8,97.1,99.0,101.8,103.5,103.0,103.4,104.7,104.4",22.1,999.0,999.0,999,999,0
999,999999,"103.7,104.6,103.0,104.5,105.7,106.9,107.2",22.9,999.0,999.0,999,999,0
999,999999,"77.1,74.9,77.8,79.5,78.7,84.5,84.3,85.2,87.2",22.5,999.0,999.0,999,999,0
999,999999,"111.9,112.9,113.4,114.7,117.5,117.8,119.5",23.0,999.0,999.0,999,999,0
999,999999,"72.4,73.7,73.8,75.3,76.0,76.6,77.7,78.9,79.8,82.3",23.1,999.0,999.0,999,999,0
999,999999,"78.6,76.5,77.7,78.8,81.0,81.3,83.0,84.4",22.8,999.0,999.0,999,999,0
999,999999,"29.9,109.2,109.7,112.2,110.9,112.8,116.2",23.2,999.0,999.0,999,999,0
999,999999,"77.6,81.2,83.4,87.4,88.5,88.1",22.6,999.0,999.0,999,999,0
999,999999,"99.2,101.5,104.0,102.9,104.8,106.6,105.5,107.9,108.7",23.3,999.0,999.0,999,999,0
999,999999,"91.4,94.4,97.9,98.3,100.8,101.3,101.7,101.9",23.1,999.0,999.0,999,999,0
999,999999,"115.9,117.2,113.7,115.2,114.0,114.2,113.8,117.1,119.8,119.0",23.0,999.0,999.0,999,999,0
999,999999,"94.9,93.1,96.0,96.5,97.9,98.5,100.8,102.4,104.7",23.2,999.0,999.0,999,999,0
999,999999,"87.5,84.2,86.2,86.2,87.7,88.4,90.0",23.8,999.0,999.0,999,999,0
999,999999,"100.8,101.1,101.1,102.7,106.1,103.8,108.9,112.1,113.6,111.5",23.9,999.0,999.0,999,999,0
999,999999,"97.4,98.5,96.5,99.0,99.8",23.7,999.0,999.0,999,999,0
999,999999,"83.4,84.0,83.0,85.1,83.3,81.5,82.0,82.3,84.8,85.8",24.2,999.0,999.0,999,999,0
999,999999,"69.9,70.3,72.3,74.9,76.1,77.9,80.7,80.6,80.6",23.7,999.0,999.0,999,999,0
999,999999,"85.8,87.2,88.0,89.1,89.2",23.9,999.0,999.0,999,999,0
999,999999,"93.7,95.2,98.8,100.8,100.4",23.8,999.0,999.0,999,999,0
999,999999,"92.9,93.5,94.4,94.7,96.8,97.9,97.7",23.9,999.0,999.0,999,999,0
999,999999,"84.1,85.1,88.7,90.5,88.7,179.3",24.0,999.0,999.0,999,999,0
999,999999,"89.6,87.3,88.2,91.3,90.9,110.9,92.8,94.0,97.1,97.2",24.4,999.0,999.0,999,999,0
999,999999,"71.0,69.7,70.5,71.8,72.9,71.8,73.3",24.6,999.0,999.0,999,999,0
999,999999,"99.3,100.3,102.7,23.5,105.2",24.6,999.0,999.0,999,999,0
999,999999,"70.6,71.5,74.2,76.1,78.6,81.5,82.4,87.4,88.8",25.1,999.0,999.0,999,999,0
999,999999,"92.1,91.7,94.1,95.9,97.7,99.3,102.4",25.3,999.0,999.0,999,999,0
999,999999,"87.0,86.6,86.2,84.2,85.6,87.4,90.2,94.5",24.7,999.0,999.0,999,999,0
999,999999,"106.0,108.4,111.4,111.1,113.2,113.5,117.2,117.7,113.4,115.3",24.6,999.0,999.0,999,999,0
999,999999,"83.2,82.4,85.0,85.7,87.6,86.7,88.7,90.9,91.6,92.8",24.8,999.0,999.0,999,999,0
999,999999,"116.9,117.7,118.3,118.9,121.4,122.5,122.8,113.9,114.7,109.8",25.6,999.0,999.0,999,999,0
999,999999,"80.0,80.5,82.3,84.2,85.5,88.2,93.8,136.0",25.2,999.0,999.0,999,999,0
999,999999,"91.6,93.5,25.5,97.3,98.8,99.7,102.9,105.5",25.5,999.0,999.0,999,999,0
999,999999,"197.7,102.3,104.6,104.5,105.3,106.0,107.2,104.5",25.5,999.0,999.0,999,999,0
999,999999,"110.9,110.7,113.4,115.5,117.4,118.0,117.2",25.7,999.0,999.0,999,999,0
999,999999,"99.8,103.1,104.8,107.1,107.1,109.4,110.9,110.9,111.4,110.0",25.4,999.0,999.0,999,999,0
999,999999,"80.0,82.0,82.7,83.3,82.5,82.9,84.3",25.9,999.0,999.0,999,999,0
999,999999,"67.3,69.2,70.3,70.3,72.1,72.5,74.2,75.4,77.6,75.8",25.8,999.0,999.0,999,999,0
999,999999,"87.7,87.2,146.3,90.2,92.4,90.5",26.5,999.0,999.0,999,999,0
999,999999,"78.7,80.2,83.3,83.0,84.9,85.7,85.0,86.7",26.2,999.0,999.0,999,999,0
999,999999,"70.3,71.9,75.2,76.2,83.3,86.9,90.9,92.5,94.5,95.4",26.5,999.0,999.0,999,999,0
999,999999,"92.4,93.1,95.7,95.2,156.5",26.2,999.0,999.0,999,999,0
999,999999,"74.0,73.8,75.7,76.0,78.9,82.2",26.1,999.0,999.0,999,999,0
999,999999,"96.5,96.6,99.5,99.1,98.2,121.3,103.9,106.3,108.4",26.5,999.0,999.0,999,999,0
999,999999,"111.8,113.0,113.9,115.4,115.6,116.3,114.7",27.0,999.0,999.0,999,999,0
999,999999,"91.2,92.4,95.7,93.9,97.5,26.0",27.2,999.0,999.0,999,999,0
999,999999,"87.3,88.8,92.2,92.3,93.9,95.0,94.7,96.1,95.6",26.5,999.0,999.0,999,999,0
999,999999,"114.5,111.9,111.5,111.3,112.3,121.7,110.9,113.7,113.7",27.0,999.0,999.0,999,999,0
999,999999,"103.2,103.4,104.5,104.6,107.2",27.3,999.0,999.0,999,999,0
999,999999,"97.6,99.2,104.8,107.4,109.3,115.8",27.1,999.0,999.0,999,999,0
999,999999,"76.4,76.9,78.5,77.5,81.5,83.4,84.0,20.1,88.2",27.2,999.0,999.0,999,999,0
999,999999,"97.9,100.3,98.4,100.6,102.5",27.2,999.0,999.0,999,999,0
999,999999,"78.4,79.4,80.1,81.1,79.9,82.5,82.7,84.1,85.3,87.4",27.6,999.0,999.0,999,999,0
999,999999,"78.1,79.6,80.7,82.0,79.9,79.4,80.2,15.8,82.0",27.4,999.0,999.0,999,999,0
999,999999,"81.0,82.2,84.4,84.0,84.6,86.9,92.3,93.9,94.6",27.7,999.0,999.0,999,999,0
999,999999,"76.2,170.6,79.0,78.7,78.7",27.4,999.0,999.0,999,999,0
999,999999,"88.7,90.1,94.5,95.3,92.7,93.0",28.4,999.0,999.0,999,999,0
999,999999,"114.2,114.0,114.8,120.1,118.8",27.6,999.0,999.0,999,999,0
999,999999,"76.9,74.9,77.2,77.4,79.2,80.2,82.2",28.0,999.0,999.0,999,999,0
999,999999,"67.0,70.4,70.5,70.6,72.3,75.7,78.5,79.8",27.8,999.0,999.0,999,999,0
999,999999,"79.4,79.6,80.9,83.2,84.7,85.5",28.6,999.0,999.0,999,999,0
999,999999,"105.9,107.4,108.8,108.7,108.9,108.7,110.4",28.8,999.0,999.0,999,999,0
999,999999,"84.9,86.9,90.0,90.1,91.5,90.8,92.8,94.2",28.2,999.0,999.0,999,999,0
999,999999,"97.6,97.3,98.1,99.7,99.9,101.2,101.9,102.1",28.3,999.0,999.0,999,999,0
999,999999,"82.8,81.1,79.4,80.4,84.3",28.8,999.0,999.0,999,999,0
999,999999,"93.2,95.7,96.4,98.2,101.2,97.2,98.7",29.3,999.0,999.0,999,999,0
999,999999,"65.4,67.8,68.9,70.7,70.4,73.9,75.3,78.1,28.3,78.4",28.9,999.0,999.0,999,999,0
999,999999,"87.4,96.8,98.4,98.9,99.1,101.4,102.3,102.7",28.7,999.0,999.0,999,999,0
999,999999,"71.1,71.6,126.7,75.8,77.4,79.6,82.0,81.1",29.3,999.0,999.0,999,999,0
999,999999,"66.8,68.7,68.6,69.6,69.7,70.8,71.5,72.9,74.1",29.4,999.0,999.0,999,999,0
999,999999,"81.1,82.9,84.9,83.5,83.0,88.0",29.4,999.0,999.0,999,999,0
999,999999,"102.7,105.5,104.6,104.0,102.8",29.6,999.0,999.0,999,999,0
999,999999,"96.7,99.8,100.9,99.8,100.4,101.7,104.8,105.9",29.2,999.0,999.0,999,999,0
999,999999,"27.1,75.9,79.0,78.8,78.2",29.2,999.0,999.0,999,999,0
999,999999,"70.2,72.0,74.2,75.7,77.8,80.6,84.5,84.4,85.4,88.3",29.3,999.0,999.0,999,999,0
999,999999,"105.7,108.6,111.0,112.8,112.5,112.7,117.3",29.8,999.0,999.0,999,999,0
999,999999,"85.5,85.3,88.3,87.4,90.0,90.4,90.9,90.2,92.6,92.7",30.1,999.0,999.0,999,999,0
999,999999,"104.1,107.0,106.7,107.1,106.4,109.3,110.0,112.7,112.0,112.7",30.1,999.0,999.0,999,999,0
999,999999,"106.3,106.8,105.1,106.8,107.8,107.1",30.2,999.0,999.0,999,999,0
999,999999,"82.8,83.4,86.9,88.1,91.8,94.1,92.3,94.9,96.2,97.6",29.9,999.0,999.0,999,999,0
999,999999,"76.6,78.2,181.6,83.0,83.8,87.6",30.5,999.0,999.0,999,999,0
999,999999,"72.8,73.1,73.4,73.2,73.7",30.9,999.0,999.0,999,999,0
999,999999,"83.7,87.1,87.1,87.8,88.5,90.8,90.6,91.8",30.7,999.0,999.0,999,999,0
999,999999,"17.2,108.4,131.5,110.4,110.2,112.3,114.5",30.5,999.0,999.0,999,999,0
999,999999,"86.5,90.5,92.7,93.8,96.7,98.6,104.0,109.7,110.5",30.5,999.0,999.0,999,999,0
999,999999,"77.2,78.5,78.9,80.8,82.5,80.6,156.4,84.4",30.9,999.0,999.0,999,999,0
999,999999,"107.2,110.6,110.9,113.4,113.0",30.8,999.0,999.0,999,999,0
999,999999,"84.5,82.9,109.5,86.5,91.2,95.0,95.5",30.7,999.0,999.0,999,999,0
999,999999,"73.7,74.8,75.7,79.6,78.7,80.0,80.5,82.2,80.0",30.9,999.0,999.0,999,999,0
999,999999,"66.3,67.2,69.9,71.6,73.7",31.6,999.0,999.0,999,999,0
999,999999,"110.9,113.2,115.5,115.5,116.7",31.4,999.0,999.0,999,999,0
999,999999,"90.5,91.0,92.9,91.2,87.7,186.8,91.1",31.6,999.0,999.0,999,999,0
999,999999,"72.6,73.9,74.9,75.7,76.6,80.2,82.0",31.6,999.0,999.0,999,999,0
999,999999,"103.0,104.1,106.8,106.7,26.8",31.4,999.0,999.0,999,999,0
999,999999,"68.8,73.4,77.3,78.1,79.3",31.6,999.0,999.0,999,999,0
999,999999,"70.4,75.4,74.5,75.1,110.9,72.0,72.9",31.9,999.0,999.0,999,999,0
999,999999,"100.8,100.9,102.0,103.5,105.4,107.1",31.7,999.0,999.0,999,999,0
999,999999,"102.8,104.8,106.7,107.1,110.7,109.2,109.5,111.7",31.6,999.0,999.0,999,999,0
999,999999,"81.6,83.7,85.7,87.7,89.4,91.7,94.3,95.1",31.7,999.0,999.0,999,999,0
999,999999,"77.2,78.3,80.4,80.2,79.8",32.1,999.0,999.0,999,999,0
999,999999,"94.8,94.1,96.1,97.2,99.1,100.7,104.0,104.7,104.5,103.3",32.4,999.0,999.0,999,999,0
999,999999,"107.6,109.6,107.9,105.0,107.4,107.1,109.4,109.0,111.1",32.5,999.0,999.0,999,999,0
999,999999,"74.3,74.6,142.9,76.7,77.8,77.0",32.6,999.0,999.0,999,999,0
999,999999,"80.3,82.2,83.2,83.9,85.5,86.6,89.6",33.0,999.0,999.0,999,999,0
999,999999,"98.3,97.6,98.4,101.3,101.3,102.2,105.0",33.2,999.0,999.0,999,999,0
999,999999,"101.5,104.4,105.0,107.6,110.1,112.8,112.4,113.9",32.9,999.0,999.0,999,999,0
999,999999,"68.0,68.7,70.8,71.9,75.0,77.7,80.3,81.8,81.4,83.9",33.0,999.0,999.0,999,999,0
999,999999,"85.6,89.1,148.5,91.0,91.8,92.9,95.2,95.7",33.3,999.0,999.0,999,999,0
999,999999,"100.7,100.5,100.4,103.8,106.8,107.9,108.4",33.5,999.0,999.0,999,999,0
999,999999,"105.6,107.8,105.6,106.9,107.9,108.5,107.4,109.6,110.3",32.8,999.0,999.0,999,999,0
999,999999,"87.8,92.5,93.0,95.2,99.0",33.4,999.0,999.0,999,999,0
999,999999,"70.9,71.5,74.0,75.3,74.3,76.6,78.1",33.9,999.0,999.0,999,999,0
999,999999,"100.6,99.8,100.4,101.3,102.8,101.4,101.4,104.0,106.2,108.8",33.7,999.0,999.0,999,999,0
999,999999,"76.5,77.7,78.9,81.1,82.1,82.8,83.6",33.2,999.0,999.0,999,999,0
999,999999,"86.1,85.6,86.5,87.2,89.4,90.4,91.6,92.7",33.4,999.0,999.0,999,999,0
999,999999,"67.3,66.4,67.1,69.9,71.1,73.6,72.3",33.7,999.0,999.0,999,999,0
999,999999,"102.1,105.9,107.3,108.4,109.3,109.7",33.6,999.0,999.0,999,999,0
999,999999,"90.5,93.1,95.0,97.3,98.3,98.7,96.8,98.7",33.6,999.0,999.0,999,999,0
999,999999,"104.0,104.8,105.5,104.6,105.6,107.3,108.7",34.3,999.0,999.0,999,999,0
999,999999,"88.6,90.7,91.3,91.2,91.9,92.6,94.4,97.0,99.5,99.6",34.5,999.0,999.0,999,999,0
999,999999,"73.5,72.0,170.7,74.3,73.2,73.8,73.3,75.2",34.7,999.0,999.0,999,999,0
999,999999,"98.1,99.7,101.1,102.8,98.9,101.5,101.9,101.5,102.1",34.5,999.0,999.0,999,999,0
999,999999,"80.1,82.1,83.9,82.9,83.2,84.7",34.8,999.0,999.0,999,999,0
999,999999,"76.1,75.9,77.3,78.0,80.1,79.6,80.0,83.2",34.7,999.0,999.0,999,999,0
999,999999,"146.7,80.0,78.6,77.4,78.6,79.2",34.6,999.0,999.0,999,999,0
999,999999,"73.9,76.9,79.6,81.9,83.2,83.7,85.5,86.7",34.8,999.0,999.0,999,999,0
999,999999,"75.0,76.8,163.0,77.1,78.1,81.3,81.1,80.9,83.4,82.9",34.4,999.0,999.0,999,999,0
999,999999,"96.2,97.1,94.8,95.3,140.4,99.7,101.7,104.5",19.8,999.0,999.0,999,999,0
999,999999,"97.0,96.0,96.8,98.3,99.0,99.5,99.8,100.9",28.2,999.0,999.0,999,999,0
999,999999,"76.9,76.8,82.6,85.9,84.2,86.2",20.1,999.0,999.0,999,999,0
999,999999,"81.4,83.5,84.8,83.3,85.5,85.8,87.5,89.2,88.5",12.0,999.0,999.0,999,999,0
999,999999,"108.5,107.9,113.4,112.4,114.2,116.3",20.2,999.0,999.0,999,999,0
999,999999,"106.8,108.0,108.5,112.8,115.2,116.9",16.9,999.0,999.0,999,999,0
999,999999,"66.0,66.0,69.6,71.9,74.0,73.1,74.8,76.3",28.9,999.0,999.0,999,999,0
999,999999,"108.4,109.6,112.5,112.8,112.0,117.1,116.8",11.8,999.0,999.0,999,999,0
999,999999,"102.9,102.9,105.2,107.2,108.5",19.8,999.0,999.0,999,999,0
999,999999,"85.5,85.2,84.4,86.7,83.8,86.8,86.7,86.2,86.7",22.3,999.0,999.0,999,999,0
999,999999,"115.7,115.9,184.9,117.0,118.3,118.9",31.4,999.0,999.0,999,999,0
999,999999,"83.0,84.6,87.3,88.8,92.1,94.9,96.9,23.7,99.8,101.0",31.1,999.0,999.0,999,999,0
999,999999,"77.7,79.1,80.5,82.9,83.8,88.6,87.9,89.1,91.1",18.4,999.0,999.0,999,999,0
999,999999,"70.5,72.2,71.8,74.2,75.9,78.8,79.9,82.0,82.9,84.1",30.9,999.0,999.0,999,999,0
999,999999,"91.9,93.6,94.9,96.1,94.7,96.5",18.4,999.0,999.0,999,999,0
999,999999,"71.5,71.7,71.8,73.4,74.1,76.7,77.0,78.9",22.1,999.0,999.0,999,999,0
999,999999,"91.0,92.8,94.5,92.8,93.6,92.5,95.7",20.1,999.0,999.0,999,999,0
999,999999,"94.1,96.8,97.9,99.0,100.0,99.6,170.6",21.2,999.0,999.0,999,999,0
999,999999,"78.2,80.7,81.4,83.4,84.5,83.8,85.6,88.3,91.6,89.3",25.0,999.0,999.0,999,999,0
999,999999,"92.6,94.1,93.1,94.2,94.7,96.2,96.5,97.1,99.6,130.9",22.7,999.0,999.0,999,999,0
999,999999,"68.2,70.1,73.7,72.5,75.3,77.0,78.7,159.2",24.8,999.0,999.0,999,999,0
999,999999,"60.9,64.4,66.0,67.9,69.0,69.3,69.1,69.7,71.7",16.0,999.0,999.0,999,999,0
999,999999,"97.8,100.9,100.1,101.7,102.7",10.3,999.0,999.0,999,999,0
999,999999,"96.2,100.3,100.9,103.0,103.7,102.2,102.5,108.5,112.0,112.6",19.8,999.0,999.0,999,999,0
999,999999,"83.6,84.8,85.9,89.4,91.1,90.2",34.3,999.0,999.0,999,999,0
999,999999,"64.7,139.0,63.9,64.5,67.3,70.4,70.3",26.5,999.0,999.0,999,999,0
999,999999,"96.7,99.1,99.8,100.4,102.1,102.9,103.8,104.8,104.2,108.3",14.2,999.0,999.0,999,999,0
999,999999,"90.4,16.3,87.9,89.0,90.3,91.2",23.2,999.0,999.0,999,999,0
999,999999,"85.8,87.0,90.5,120.5,91.4",29.5,999.0,999.0,999,999,0
999,999999,"100.6,100.8,102.4,104.4,106.6",29.4,999.0,999.0,999,999,0
999,999999,"82.9,84.4,85.5,86.4,85.6,84.7,87.4",12.4,999.0,999.0,999,999,0
999,999999,"113.2,114.2,114.6,118.8,120.1,118.8",25.6,999.0,999.0,999,999,0
999,999999,"83.5,86.3,86.9,89.2,90.0,93.3,94.1",30.8,999.0,999.0,999,999,0
999,999999,"78.2,77.0,162.1,24.4,78.1",16.0,999.0,999.0,999,999,0
999,999999,"100.3,23.1,104.3,102.6,106.6,106.7,104.0",11.6,999.0,999.0,999,999,0
999,999999,"89.0,89.2,87.3,87.3,87.7,90.3,92.2,92.6,93.7,96.2",10.1,999.0,999.0,999,999,0
999,999999,"78.7,79.3,78.7,79.0,80.2,81.9,82.9,82.6",33.8,999.0,999.0,999,999,0
999,999999,"104.7,105.9,106.7,108.8,108.9,112.4",19.1,999.0,999.0,999,999,0
999,999999,"108.9,110.3,113.4,114.5,115.1",15.0,999.0,999.0,999,999,0
999,999999,"104.3,107.9,107.0,110.2,112.0,112.3,113.4,115.4,113.9",32.5,999.0,999.0,999,999,0
999,999999,"100.4,101.2,101.9,103.5,105.2,105.5,104.6,103.3,105.3,105.9",15.5,999.0,999.0,999,999,0
999,999999,"86.0,88.6,89.2,90.1,90.6,94.0",26.5,999.0,999.0,999,999,0
999,999999,"95.5,97.1,99.6,102.4,101.0,103.8",32.6,999.0,999.0,999,999,0
999,999999,"82.2,85.1,85.9,87.6,88.7,87.7,86.5,86.8,85.0,86.5",28.6,999.0,999.0,999,999,0
999,999999,"74.8,161.7,80.1,83.2,84.5,86.0,88.4,89.6",31.4,999.0,999.0,999,999,0
999,999999,"83.5,29.1,86.4,87.0,88.6,89.2,88.0,89.4,87.0",12.0,999.0,999.0,999,999,0
999,999999,"102.1,101.8,104.4,106.1,107.6,105.3",28.6,999.0,999.0,999,999,0
999,999999,"89.8,87.6,88.5,89.6,92.1,92.8",29.2,999.0,999.0,999,999,0
999,999999,"72.6,180.2,77.6,77.5,77.7,81.0,81.5,82.8,82.9,85.6",27.9,999.0,999.0,999,999,0
999,999999,"115.9,115.2,116.3,116.8,116.2,114.7",29.2,999.0,999.0,999,999,0
999,999999,"109.6,112.1,114.5,116.7,118.7,118.3,119.8",15.1,999.0,999.0,999,999,0
999,999999,"84.6,86.7,88.1,90.8,93.6,93.6,96.9,97.0,96.6,98.5",21.2,999.0,999.0,999,999,0
999,999999,"108.7,26.1,110.3,110.9,108.9",15.3,999.0,999.0,999,999,0
999,999999,"82.1,84.3,87.2,90.3,91.0,92.1,93.7",33.9,999.0,999.0,999,999,0
999,999999,"105.9,107.4,109.4,109.5,111.0,109.9,111.9,116.6,117.3",16.8,999.0,999.0,999,999,0
999,999999,"66.8,68.0,68.5,70.2,70.7,77.0",22.7,999.0,999.0,999,999,0
999,999999,"109.6,111.2,110.3,111.3,163.4,28.8",33.9,999.0,999.0,999,999,0
999,999999,"71.8,75.2,76.4,77.6,75.2,76.8",15.1,999.0,999.0,999,999,0
999,999999,"91.6,93.2,92.5,94.2,95.5,96.0,99.1,100.9",23.2,999.0,999.0,999,999,0
999,999999,"78.2,82.2,83.4,83.1,84.4,84.8",11.8,999.0,999.0,999,999,0
999,999999,"68.4,68.9,71.3,73.1,73.9,72.4,72.7,75.4",17.8,999.0,999.0,999,999,0
999,999999,"67.2,70.1,72.3,72.1,72.6,76.3,77.9,80.0,81.2,82.3",26.6,999.0,999.0,999,999,0
999,999999,"72.3,73.8,76.3,77.8,77.5,78.8,81.6,80.4,83.6,84.8",12.1,999.0,999.0,999,999,0
999,999999,"58.3,60.6,62.2,64.5,64.7,17.1,69.1,71.1,71.3",23.9,999.0,999.0,999,999,0
999,999999,"62.8,67.0,68.1,70.1,72.2,72.8",18.6,999.0,999.0,999,999,0
999,999999,"90.1,91.7,91.7,93.2,94.4,96.3,95.7",17.0,999.0,999.0,999,999,0
999,999999,"75.1,77.2,79.0,82.9,82.9,84.7,84.3,84.1,86.5",10.8,999.0,999.0,999,999,0
999,999999,"75.4,73.9,67.6,69.0,71.7,73.3",34.0,999.0,999.0,999,999,0
999,999999,"94.9,94.7,95.8,98.4,98.7,97.7,99.1,99.0,97.5,99.3",11.7,999.0,999.0,999,999,0
999,999999,"67.8,67.8,69.2,70.8,72.3,74.1,104.3,75.6",19.7,999.0,999.0,999,999,0
999,999999,"117.6,119.3,120.0,118.8,118.4",15.2,999.0,999.0,999,999,0
999,999999,"91.0,93.0,93.3,91.0,92.9",23.2,999.0,999.0,999,999,0
999,999999,"118.9,118.0,119.4,121.2,121.6,121.0,117.7",19.2,999.0,999.0,999,999,0
999,999999,"90.2,89.8,91.9,92.2,90.3,91.5,93.5,91.5,95.4",18.8,999.0,999.0,999,999,0
999,999999,"61.9,65.9,66.7,18.3,126.4,71.5,75.4",21.6,999.0,999.0,999,999,0
999,999999,"76.9,80.8,83.1,84.4,83.6,83.7,86.5,87.7,87.1",29.4,999.0,999.0,999,999,0
999,999999,"85.4,86.6,165.8,89.8,91.0,20.6",30.9,999.0,999.0,999,999,0
999,999999,"64.8,67.2,68.0,69.9,72.0,73.3",27.7,999.0,999.0,999,999,0
999,999999,"71.8,72.5,73.4,74.3,76.6,81.0,81.1",11.3,999.0,999.0,999,999,0
999,999999,"77.2,76.9,77.0,80.1,86.6,84.7,85.2,84.9,84.1",27.6,999.0,999.0,999,999,0
999,999999,"103.8,105.5,104.5,103.1,101.5,101.2,100.1,101.5,101.8,103.0",12.9,999.0,999.0,999,999,0
999,999999,"104.2,107.1,107.0,110.3,110.5,112.2,111.5,112.8,114.0,115.0",31.0,999.0,999.0,999,999,0
999,999999,"107.3,108.5,109.7,109.9,111.9",17.8,999.0,999.0,999,999,0
999,999999,"74.8,76.0,77.1,78.9,106.3,80.9,80.5",26.5,999.0,999.0,999,999,0
999,999999,"112.5,114.5,114.6,116.7,117.8",14.7,999.0,999.0,999,999,0
999,999999,"100.4,101.0,102.0,98.8,98.5,98.7,99.9,98.3,100.2,101.8",21.2,999.0,999.0,999,999,0
999,999999,"77.9,78.2,77.0,78.9,78.8,77.8,79.6,79.2,80.7",23.9,999.0,999.0,999,999,0
999,999999,"95.3,95.9,97.1,101.2,103.3,170.8,107.8,110.1",10.1,999.0,999.0,999,999,0
999,999999,"98.7,99.6,100.9,102.3,103.6,102.6,101.5",24.2,999.0,999.0,999,999,0
999,999999,"20.6,101.4,101.9,105.7,108.4,110.4,112.6",14.9,999.0,999.0,999,999,0
999,999999,"79.8,79.5,78.9,80.6,77.2",20.6,999.0,999.0,999,999,0
999,999999,"61.4,69.6,71.6,73.0,75.2,149.9,76.7,79.3,81.3,83.1",11.1,999.0,999.0,999,999,0
999,999999,"64.1,66.6,66.8,67.2,67.7,69.0,72.1,73.8,72.4,73.0",16.3,999.0,999.0,999,999,0
999,999999,"100.8,101.8,102.4,103.0,103.9,104.9,105.1",33.0,999.0,999.0,999,999,0
999,999999,"93.1,92.8,88.9,89.7,89.4,88.6,88.7",28.6,999.0,999.0,999,999,0
999,999999,"94.5,97.1,97.7,100.3,103.8,105.2",24.6,999.0,999.0,999,999,0
999,999999,"90.3,94.5,97.0,97.2,96.1,94.6,95.3,98.7",32.1,999.0,999.0,999,999,0
999,999999,"98.2,95.6,98.1,96.7,98.5,103.7,103.5,107.9,109.4",14.7,999.0,999.0,999,999,0
999,999999,"92.9,84.8,86.6,87.1,86.7,86.2,87.4,91.2,96.2,97.3",26.5,999.0,999.0,999,999,0
999,999999,"100.4,101.4,103.4,104.2,105.5",29.9,999.0,999.0,999,999,0
999,999999,"65.8,66.7,67.4,68.8,68.4,72.7,73.1,74.5,78.4",29.2,999.0,999.0,999,999,0
999,999999,"108.8,109.6,108.7,112.1,114.6,116.1,116.3",33.4,999.0,999.0,999,999,0
999,999999,"68.9,71.2,73.3,72.7,75.1,76.4,77.7,79.4,81.7",11.9,999.0,999.0,999,999,0
999,999999,"75.8,71.9,73.2,75.8,74.5,74.0,77.2,80.8,83.7",19.7,999.0,999.0,999,999,0
999,999999,"72.4,73.2,73.9,76.4,77.4,78.3,83.7",15.1,999.0,999.0,999,999,0
999,999999,"67.3,67.1,68.0,69.5,69.7,71.3,134.3,72.4,72.4,72.5",12.0,999.0,999.0,999,999,0
999,999999,"93.3,92.9,96.6,97.3,98.8,101.5,104.3,107.4,107.9",30.7,999.0,999.0,999,999,0
999,999999,"79.5,80.2,82.9,83.1,83.1,84.7,86.4,87.6,91.6",30.9,999.0,999.0,999,999,0
999,999999,"90.7,93.5,94.3,96.4,107.0,92.9,93.5,94.8,100.7",31.1,999.0,999.0,999,999,0
999,999999,"68.0,70.8,25.6,72.9,74.9",10.3,999.0,999.0,999,999,0
999,999999,"74.2,75.6,77.3,79.0,82.0",28.6,999.0,999.0,999,999,0
999,999999,"85.4,88.1,87.7,89.9,92.5,93.1",14.7,999.0,999.0,999,999,0
999,999999,"65.1,66.5,66.6,68.2,67.9,70.6,71.4",31.5,999.0,999.0,999,999,0
999,999999,"125.3,85.4,86.0,88.5,87.3",30.4,999.0,999.0,999,999,0
999,999999,"102.1,106.6,109.7,109.3,110.2,110.8,112.3,115.0",33.7,999.0,999.0,999,999,0
999,999999,"110.1,108.1,109.9,110.2,112.0",18.8,999.0,999.0,999,999,0
999,999999,"73.6,72.5,74.0,75.4,78.1,80.7,84.8,85.2,85.9",21.6,999.0,999.0,999,999,0
999,999999,"99.6,100.4,101.5,103.9,101.9,103.9,105.2",15.2,999.0,999.0,999,999,0
999,999999,"73.4,74.1,75.9,81.2,82.9",12.7,999.0,999.0,999,999,0
999,999999,"78.9,74.7,75.7,76.0,189.9,77.1,79.6,78.6,79.4,79.8",25.9,999.0,999.0,999,999,0
999,999999,"108.6,109.4,110.0,111.0,112.3,113.5,115.0,118.8,119.1",31.9,999.0,999.0,999,999,0
999,999999,"29.3,114.9,117.4,118.5,119.6",10.3,999.0,999.0,999,999,0
999,999999,"72.9,73.4,74.2,71.8,72.9,72.9,74.7,76.1,78.4,80.4",28.6,999.0,999.0,999,999,0
999,999999,"104.2,105.4,106.4,106.1,105.8,107.5",22.8,999.0,999.0,999,999,0
999,999999,"95.5,95.5,97.3,100.3,102.8",34.5,999.0,999.0,999,999,0
999,999999,"80.7,81.7,83.5,84.1,82.8,85.9,85.1,86.1,88.4",14.5,999.0,999.0,999,999,0
999,999999,"88.7,89.7,91.5,91.9,93.5,92.7,92.8",25.4,999.0,999.0,999,999,0
999,999999,"87.6,89.5,91.0,92.8,95.8,96.2,96.8,98.7",11.6,999.0,999.0,999,999,0
999,999999,"112.9,113.3,115.4,115.0,115.5",14.7,999.0,999.0,999,999,0
999,999999,"103.8,105.1,108.0,111.1,110.3,112.6,109.1,112.4,112.5,26.5",16.4,999.0,999.0,999,999,0
999,999999,"72.0,75.3,77.7,78.3,78.3,75.9,77.3,78.9,78.8",19.1,999.0,999.0,999,999,0
999,999999,"96.7,94.6,93.1,93.3,95.1,95.7,94.4,96.2,97.1",18.0,999.0,999.0,999,999,0
999,999999,"85.3,86.7,88.1,28.2,90.8",10.9,999.0,999.0,999,999,0
999,999999,"95.7,97.6,105.2,107.3,109.3",19.8,999.0,999.0,999,999,0
999,999999,"60.5,60.5,66.0,66.3,67.4,70.0,71.0,72.1",22.8,999.0,999.0,999,999,0
999,999999,"82.0,81.6,84.5,85.0,87.3",34.3,999.0,999.0,999,999,0
999,999999,"69.9,70.3,68.9,68.9,71.6,72.6,74.1",23.1,999.0,999.0,999,999,0
999,999999,"95.0,96.2,97.4,97.0,98.1,99.4,100.4,100.8",31.7,999.0,999.0,999,999,0
999,999999,"69.8,71.7,74.2,76.3,76.0",16.4,999.0,999.0,999,999,0
999,999999,"75.9,76.8,79.0,81.7,82.9,85.6,89.8,92.6,93.2",24.0,999.0,999.0,999,999,0
999,999999,"70.5,73.0,179.6,74.2,74.9,75.8,77.2,79.3,79.0",34.8,999.0,999.0,999,999,0
999,999999,"87.6,86.7,86.7,88.5,89.4,88.7,90.7,92.4",17.8,999.0,999.0,999,999,0
999,999999,"75.1,75.8,75.5,74.5,75.8,75.5",23.9,999.0,999.0,999,999,0
999,999999,"69.5,68.2,71.2,72.5,73.7,74.7,75.1",26.1,999.0,999.0,999,999,0
999,999999,"67.9,28.5,70.9,72.6,71.4,72.1,77.8",27.2,999.0,999.0,999,999,0
999,999999,"76.3,78.2,78.5,77.0,76.9,78.2",13.4,999.0,999.0,999,999,0
999,999999,"72.8,74.1,148.8,78.1,78.9",23.1,999.0,999.0,999,999,0
999,999999,"75.0,24.3,78.2,78.2,76.8,79.8,81.8",10.7,999.0,999.0,999,999,0
999,999999,"97.7,98.0,103.0,102.5,104.1,103.2,106.6,105.2,105.5",33.6,999.0,999.0,999,999,0
999,999999,"72.5,73.5,72.3,199.3,80.8,83.0",33.3,999.0,999.0,999,999,0
999,999999,"72.9,75.2,77.5,74.6,75.7",14.5,999.0,999.0,999,999,0
999,999999,"96.7,97.2,93.3,95.4,95.2,95.5,96.9,100.7,102.8,103.8",12.4,999.0,999.0,999,999,0
999,999999,"103.0,102.9,103.1,102.8,108.8,112.3,115.0",23.2,999.0,999.0,999,999,0
999,999999,"94.9,97.7,96.3,96.1,98.9,99.2,100.5,104.5,104.8",29.6,999.0,999.0,999,999,0
999,999999,"87.9,89.4,92.4,93.6,92.6,93.1,92.9,94.5,95.8,97.2",17.2,999.0,999.0,999,999,0
999,999999,"67.3,66.2,69.1,71.5,74.5,76.1,76.4",12.2,999.0,999.0,999,999,0
999,999999,"89.7,89.6,91.0,92.0,94.0,96.3",27.0,999.0,999.0,999,999,0
999,999999,"81.8,82.3,84.3,81.8,83.7",13.0,999.0,999.0,999,999,0
999,999999,"63.6,66.4,67.5,68.7,70.5,73.0,73.4,74.1,76.7",14.3,999.0,999.0,999,999,0
999,999999,"103.7,106.2,104.2,103.4,102.0,104.3,103.5,105.4",25.5,999.0,999.0,999,999,0
999,999999,"87.0,87.7,90.1,91.0,89.7,90.1,88.6,91.1,91.8",15.9,999.0,999.0,999,999,0
999,999999,"112.6,112.3,115.2,115.6,116.2,118.7,115.3,116.0",31.8,999.0,999.0,999,999,0
999,999999,"104.4,106.0,106.3,105.5,106.8,108.3,106.7,106.8,108.2,109.9",14.1,999.0,999.0,999,999,0
999,999999,"90.4,88.9,181.3,92.6,94.5,97.6,95.9,94.9",19.6,999.0,999.0,999,999,0
999,999999,"100.5,102.6,106.3,108.2,111.1,153.5,113.2",26.7,999.0,999.0,999,999,0
999,999999,"98.5,101.1,103.6,105.6,107.6,109.8,174.9,112.9",21.2,999.0,999.0,999,999,0
999,999999,"71.7,119.3,73.2,75.1,76.3",31.7,999.0,999.0,999,999,0
999,999999,"106.4,109.7,112.0,114.4,114.5",32.5,999.0,999.0,999,999,0
999,999999,"83.0,83.4,82.9,83.8,84.8,83.1,84.9",12.9,999.0,999.0,999,999,0
999,999999,"86.8,89.6,92.8,93.5,179.8,93.2,96.1,94.8,97.2",29.8,999.0,999.0,999,999,0
999,999999,"88.0,86.2,87.0,84.4,89.1,91.2",33.1,999.0,999.0,999,999,0
999,999999,"70.8,71.3,71.9,73.5,76.8,76.2",20.4,999.0,999.0,999,999,0
999,999999,"95.3,144.9,21.7,98.1,96.2,97.5,99.0,100.2,102.3",27.6,999.0,999.0,999,999,0
999,999999,"106.0,106.5,108.7,110.8,108.8,109.6",30.9,999.0,999.0,999,999,0
999,999999,"102.7,103.3,102.7,103.2,104.4,104.8,107.1",22.7,999.0,999.0,999,999,0
999,999999,"65.0,66.5,67.9,70.1,70.3,72.6,72.6,73.9,75.0,75.8",10.6,999.0,999.0,999,999,0
999,999999,"117.9,119.7,121.1,122.6,123.3,122.0,17.1,119.1",10.8,999.0,999.0,999,999,0
999,999999,"76.6,78.1,81.4,82.2,82.4",32.1,999.0,999.0,999,999,0
999,999999,"100.5,102.4,100.5,101.1,102.3,104.7,105.4,107.3,107.4,107.6",10.0,999.0,999.0,999,999,0
999,999999,"64.2,67.7,70.6,69.5,71.3,72.5,74.9,76.3,77.7",24.6,999.0,999.0,999,999,0
999,999999,"74.6,26.2,77.8,80.6,80.2,81.6,80.4,121.0,84.6",20.9,999.0,999.0,999,999,0
999,999999,"29.0,85.5,85.1,86.8,86.6,86.9,88.6,90.0,92.8",13.5,999.0,999.0,999,999,0
999,999999,"91.8,91.1,93.5,95.2,96.2,95.0,97.6",23.8,999.0,999.0,999,999,0
999,999999,"88.1,90.0,90.7,94.0,94.6,96.5,98.7,98.8,100.4",30.3,999.0,999.0,999,999,0
999,999999,"100.1,100.0,101.3,103.2,105.3",11.6,999.0,999.0,999,999,0
999,999999,"71.9,74.2,76.3,77.1,75.9,78.8,76.1,77.4",19.7,999.0,999.0,999,999,0
999,999999,"77.4,78.2,82.0,82.4,82.4,84.0,85.3,85.3,86.2",14.5,999.0,999.0,999,999,0
999,999999,"65.1,65.7,67.9,69.8,68.8,71.4,73.8,74.7",22.8,999.0,999.0,999,999,0
999,999999,"101.3,101.8,105.8,105.8,107.3,109.6",30.7,999.0,999.0,999,999,0
999,999999,"72.2,72.8,72.2,72.3,73.9,142.6,76.8,78.2,78.5,78.4",27.6,999.0,999.0,999,999,0
999,999999,"100.4,101.3,24.2,103.1,103.1,105.0,103.2",16.4,999.0,999.0,999,999,0
999,999999,"100.0,98.1,102.3,105.1,108.0,108.4,104.9,106.7",20.4,999.0,999.0,999,999,0
999,999999,"97.1,97.8,97.7,101.4,101.7,102.5,104.2,106.3,107.8,108.1",33.3,999.0,999.0,999,999,0
999,999999,"83.0,81.7,79.9,81.5,83.8,82.2,83.0,84.4",34.4,999.0,999.0,999,999,0
999,999999,"101.8,105.5,104.8,107.6,108.3,107.0,104.9",14.6,999.0,999.0,999,999,0
999,999999,"77.5,77.5,80.0,80.7,80.5",19.6,999.0,999.0,999,999,0
999,999999,"81.1,82.6,82.7,84.9,87.4",23.9,999.0,999.0,999,999,0
999,999999,"86.3,86.7,87.3,129.1,89.1,90.3,92.4",32.4,999.0,999.0,999,999,0
999,999999,"89.5,91.3,93.9,94.1,95.4,98.4,97.2,98.4",33.9,999.0,999.0,999,999,0
999,999999,"66.3,68.0,69.0,71.0,70.7,71.5,72.0,73.6,75.4,76.6",25.5,999.0,999.0,999,999,0
999,999999,"119.9,118.1,117.3,115.2,116.4,115.3",33.3,999.0,999.0,999,999,0
999,999999,"116.4,142.4,118.2,118.7,118.6,120.4,121.1,117.9",33.7,999.0,999.0,999,999,0
999,999999,"86.5,88.3,89.7,87.8,89.4",24.2,999.0,999.0,999,999,0
999,999999,"72.3,72.9,75.6,76.4,75.6",26.9,999.0,999.0,999,999,0
999,999999,"65.0,66.0,69.9,72.4,74.4,77.3",12.4,999.0,999.0,999,999,0
999,999999,"65.2,66.1,67.2,68.5,70.8,71.9,72.9,72.5",13.4,999.0,999.0,999,999,0
999,999999,"93.9,94.8,94.9,94.6,94.5,97.0,99.3,100.3,102.3",11.4,999.0,999.0,999,999,0
999,999999,"102.6,104.0,105.5,107.8,113.5",26.0,999.0,999.0,999,999,0
999,999999,"106.5,107.2,109.4,111.8,113.5,113.9,112.2",18.0,999.0,999.0,999,999,0
999,999999,"178.0,69.4,71.6,74.6,73.0,74.8",28.9,999.0,999.0,999,999,0
999,999999,"68.7,72.6,70.4,71.9,72.8,74.3,74.1,73.8,74.7",34.5,999.0,999.0,999,999,0
999,999999,"63.4,66.2,66.0,69.2,71.3,72.6,74.6,77.0,79.9,81.1",18.2,999.0,999.0,999,999,0
999,999999,"67.7,71.4,76.0,74.1,103.7,78.0,79.0",13.1,999.0,999.0,999,999,0
999,999999,"78.4,79.8,81.4,79.3,81.7,84.6,85.1",16.4,999.0,999.0,999,999,0
999,999999,"85.2,87.5,89.0,90.3,91.0,89.8,88.2",26.5,999.0,999.0,999,999,0
999,999999,"110.5,111.5,113.3,114.5,115.8,117.2",14.6,999.0,999.0,999,999,0
999,999999,"83.7,84.4,84.2,84.9,86.7,121.5,89.3",15.9,999.0,999.0,999,999,0
999,999999,"97.0,98.5,100.1,102.5,103.8,105.8,106.6,107.9",28.7,999.0,999.0,999,999,0
999,999999,"102.4,100.1,101.5,102.1,100.3,100.3,104.2,105.9,108.2",23.8,999.0,999.0,999,999,0
999,999999,"151.4,108.1,111.1,115.1,117.7",13.1,999.0,999.0,999,999,0
999,999999,"75.7,76.6,78.9,81.3,82.5,83.2,84.7,86.6,89.6",12.4,999.0,999.0,999,999,0
999,999999,"75.3,73.7,76.6,74.3,75.8,75.3,75.0,77.5,78.8,79.1",20.4,999.0,999.0,999,999,0
999,999999,"101.7,102.5,103.7,151.3,103.7,102.7,102.3,104.7,108.4,109.3",14.7,999.0,999.0,999,999,0
999,999999,"56.4,25.1,60.0,61.2,62.6,65.8,68.4,72.2,73.4",19.2,999.0,999.0,999,999,0
999,999999,"107.1,108.3,105.2,106.4,106.8,109.3,109.6",13.9,999.0,999.0,999,999,0
999,999999,"101.9,103.9,105.9,108.9,109.1,110.6,110.8,113.0",29.2,999.0,999.0,999,999,0
999,999999,"80.4,83.1,87.0,87.6,88.5,89.1,90.3",18.4,999.0,999.0,999,999,0
999,999999,"84.6,84.2,86.4,87.6,88.9,91.2,92.0,92.5,93.3",22.8,999.0,999.0,999,999,0
999,999999,"69.4,71.0,71.7,75.4,78.2,76.1,74.9,23.5,77.7,78.7",19.8,999.0,999.0,999,999,0
999,999999,"84.4,84.1,84.4,85.7,86.0,86.4,86.9",32.1,999.0,999.0,999,999,0
999,999999,"112.9,115.4,116.2,116.2,116.0,115.2",33.3,999.0,999.0,999,999,0
999,999999,"137.0,93.4,93.2,94.2,94.2,95.1,95.2,102.0",28.6,999.0,999.0,999,999,0
999,999999,"69.6,68.4,69.4,72.5,73.2,73.9,77.0,77.5,80.0,78.8",32.3,999.0,999.0,999,999,0
999,999999,"104.9,106.6,108.0,106.1,106.8,107.6,108.9,25.1,142.4",23.0,999.0,999.0,999,999,0
999,999999,"77.4,74.9,75.0,77.0,80.6,23.8,82.4",22.5,999.0,999.0,999,999,0
999,999999,"83.0,84.1,84.6,87.4,87.7,89.8,91.4,94.0,98.6,100.5",13.5,999.0,999.0,999,999,0
999,999999,"94.6,95.0,96.0,99.8,98.6,101.1,103.5",29.2,999.0,999.0,999,999,0
999,999999,"67.7,68.3,69.5,70.7,70.4",22.5,999.0,999.0,999,999,0
999,999999,"67.5,67.4,68.2,68.7,72.1",21.5,999.0,999.0,999,999,0
999,999999,"99.4,100.1,101.5,100.5,103.8,102.6,102.7,104.6",30.7,999.0,999.0,999,999,0
999,999999,"69.1,67.7,69.9,71.0,73.3",33.5,999.0,999.0,999,999,0
999,999999,"107.7,109.7,112.5,113.8,115.7",10.9,999.0,999.0,999,999,0
999,999999,"96.3,98.7,99.7,101.8,103.3,105.4,107.9,110.8,109.6,109.2",20.9,999.0,999.0,999,999,0
999,999999,"81.1,81.2,83.1,85.0,83.7,85.8,86.1,88.7",29.6,999.0,999.0,999,999,0
999,999999,"80.2,82.5,83.5,84.4,88.7,87.5,88.4",30.7,999.0,999.0,999,999,0
999,999999,"94.0,93.6,94.1,97.0,95.8,97.7",25.8,999.0,999.0,999,999,0
999,999999,"117.8,74.9,73.3,74.4,75.8,75.5,76.4,78.2,78.8,79.5",23.9,999.0,999.0,999,999,0
999,999999,"84.5,149.0,87.0,86.7,90.1,90.3",16.9,999.0,999.0,999,999,0
999,999999,"165.9,111.7,114.3,115.1,112.7,111.0,110.6,110.7",26.8,999.0,999.0,999,999,0
999,999999,"29.4,101.2,103.5,105.6,106.0",32.3,999.0,999.0,999,999,0
999,999999,"100.5,100.9,103.7,106.2,107.1,29.8",15.1,999.0,999.0,999,999,0
999,999999,"21.4,103.4,106.3,107.5,107.2,109.5,111.8,113.8,117.0,118.5",33.3,999.0,999.0,999,999,0
999,999999,"70.9,73.5,75.1,77.2,78.0,77.0,78.1",26.7,999.0,999.0,999,999,0
999,999999,"59.9,112.3,62.4,64.0,64.8,68.0,70.9",25.0,999.0,999.0,999,999,0
999,999999,"75.4,75.4,76.6,77.8,78.7,79.2,83.0",31.6,999.0,999.0,999,999,0
999,999999,"93.0,95.9,96.5,97.7,95.8,97.5,99.0,100.6",16.8,999.0,999.0,999,999,0
999,999999,"92.1,94.0,186.1,96.0,98.8,99.5",22.7,999.0,999.0,999,999,0
999,999999,"73.4,76.4,78.6,80.5,82.3,81.6,85.0",26.0,999.0,999.0,999,999,0
999,999999,"73.4,74.4,75.3,75.3,75.8,77.3",19.6,999.0,999.0,999,999,0
999,999999,"111.1,112.5,114.5,117.1,118.7,118.6,118.5",31.7,999.0,999.0,999,999,0
999,999999,"100.2,100.4,101.3,101.0,103.3,102.8",33.5,999.0,999.0,999,999,0
999,999999,"68.6,71.7,72.9,73.9,74.2,74.9,77.1,75.6,74.4,74.3",27.5,999.0,999.0,999,999,0
999,999999,"72.9,74.1,74.8,71.6,73.1,72.7",21.6,999.0,999.0,999,999,0
999,999999,"89.1,89.5,89.9,91.9,92.0,92.6,92.8,94.7,94.7,94.9",16.9,999.0,999.0,999,999,0
999,999999,"67.3,151.3,69.0,72.0,74.1,75.9",34.7,999.0,999.0,999,999,0
999,999999,"102.7,105.2,106.0,106.5,110.2,114.1,116.7,117.7,115.4",29.3,999.0,999.0,999,999,0
999,999999,"71.6,73.3,75.8,75.5,74.2,75.5,76.7",14.6,999.0,999.0,999,999,0
999,999999,"95.1,96.3,97.4,96.1,97.3",12.2,999.0,999.0,999,999,0
999,999999,"62.3,63.9,68.1,66.9,68.9,29.4,71.3,73.0",14.3,999.0,999.0,999,999,0
999,999999,"67.5,68.9,71.2,75.0,76.1,76.2,81.0,80.9,82.7,83.5",23.2,999.0,999.0,999,999,0
999,999999,"106.3,106.5,107.4,110.7,112.8,110.1,110.0",23.8,999.0,999.0,999,999,0
999,999999,"102.4,104.0,105.3,105.9,104.7,107.6,109.6,112.0,116.3,116.8",21.6,999.0,999.0,999,999,0
999,999999,"76.8,137.4,81.2,82.7,82.7",20.4,999.0,999.0,999,999,0
999,999999,"100.3,100.5,101.5,102.2,102.3,103.1,102.5,108.3,107.2",21.6,999.0,999.0,999,999,0
999,999999,"67.8,71.6,72.4,72.0,72.3,73.2",28.9,999.0,999.0,999,999,0
999,999999,"110.5,112.3,114.8,115.6,116.1",17.8,999.0,999.0,999,999,0
999,999999,"94.3,94.5,95.3,95.7,93.7,92.5,93.3",28.9,999.0,999.0,999,999,0
999,999999,"114.2,114.4,113.5,114.3,113.9,118.3,118.9,119.1,118.6",21.6,999.0,999.0,999,999,0
999,999999,"76.8,80.0,83.0,83.9,85.8,84.5,85.6,85.8,86.5,87.8",10.1,999.0,999.0,999,999,0
999,999999,"83.0,84.6,85.0,87.9,89.9,89.5,88.6,90.3,92.7",22.5,999.0,999.0,999,999,0
999,999999,"72.9,74.5,73.4,75.1,74.1,75.7,77.2,77.8,80.2",31.5,999.0,999.0,999,999,0
999,999999,"86.6,87.2,88.1,88.3,88.6",14.9,999.0,999.0,999,999,0
999,999999,"109.7,110.9,113.3,24.8,113.5,114.8,114.5,117.4",19.5,999.0,999.0,999,999,0
999,999999,"93.1,94.5,94.1,96.0,93.7,97.1,99.3",33.9,999.0,999.0,999,999,0
999,999999,"75.7,75.2,75.1,76.2,77.7,80.1",32.7,999.0,999.0,999,999,0
999,999999,"110.9,111.1,113.1,114.2,20.3,116.6,118.2",32.3,999.0,999.0,999,999,0
999,999999,"81.5,83.1,85.0,83.8,83.8",23.0,999.0,999.0,999,999,0
999,999999,"114.1,114.2,113.8,113.8,116.0,117.9",24.8,999.0,999.0,999,999,0
999,999999,"104.6,105.9,106.0,107.6,110.0,104.4,104.7,106.2,107.1,110.2",22.8,999.0,999.0,999,999,0
999,999999,"87.8,87.0,86.8,84.8,87.2,88.3,90.4,91.6,92.9,94.8",22.5,999.0,999.0,999,999,0
999,999999,"74.0,74.4,75.7,75.4,75.9,79.1,80.2,84.2,84.7,168.6",15.2,999.0,999.0,999,999,0
999,999999,"67.7,68.2,69.5,71.1,73.1,75.4,77.2,78.8,81.6,79.6",26.7,999.0,999.0,999,999,0
999,999999,"99.2,101.5,104.8,106.9,106.8,106.4,107.5,108.4",32.1,999.0,999.0,999,999,0
999,999999,"114.7,119.5,119.1,117.7,118.8,118.7",26.0,999.0,999.0,999,999,0
999,999999,"86.4,88.0,87.8,90.6,90.8,95.9,97.6,98.6",29.6,999.0,999.0,999,999,0
999,999999,"102.8,103.7,105.7,105.6,107.0,110.3,113.9,116.0,117.7",26.1,999.0,999.0,999,999,0
999,999999,"90.5,93.9,92.2,93.3,95.0",34.6,999.0,999.0,999,999,0
999,999999,"75.1,75.6,75.9,75.1,78.2,78.2,79.9,81.8",17.1,999.0,999.0,999,999,0
999,999999,"98.2,98.7,97.6,98.1,100.7,103.2,104.4,106.4,110.3,112.3",29.3,999.0,999.0,999,999,0
999,999999,"72.5,71.1,70.4,72.6,73.2,79.2,79.1",30.2,999.0,999.0,999,999,0
999,999999,"80.2,80.0,192.1,15.4,83.7,85.5,85.3,87.7,89.9",28.6,999.0,999.0,999,999,0
999,999999,"104.4,104.7,106.3,107.4,106.5,108.7,108.5,108.5,109.6,110.2",22.0,999.0,999.0,999,999,0
999,999999,"78.3,77.0,77.5,79.3,80.9,81.4,86.1,86.7,87.8",24.7,999.0,999.0,999,999,0
999,999999,"65.8,65.9,66.9,71.0,72.8,186.1,74.1,77.1,79.0",10.0,999.0,999.0,999,999,0
999,999999,"96.8,98.6,100.9,101.4,103.0",14.2,999.0,999.0,999,999,0
999,999999,"89.7,92.1,91.5,93.5,95.4",12.7,999.0,999.0,999,999,0
999,999999,"102.1,104.5,109.4,110.5,110.5,112.4,112.0,114.3,115.8",16.9,999.0,999.0,999,999,0
999,999999,"67.8,69.7,70.5,72.9,73.3,73.6,76.8,79.1",22.2,999.0,999.0,999,999,0
999,999999,"73.8,77.1,78.5,80.7,83.6,85.5,84.0,81.9",20.1,999.0,999.0,999,999,0
999,999999,"83.6,85.5,87.0,91.1,91.1,90.4,93.7",29.6,999.0,999.0,999,999,0
999,999999,"67.7,68.9,70.4,70.9,74.2,21.8,73.9,75.6",31.7,999.0,999.0,999,999,0
999,999999,"68.7,68.0,178.0,69.1,71.5,73.3,76.1",24.0,999.0,999.0,999,999,0
999,999999,"90.2,92.0,90.9,91.7,93.2,93.2,94.9,93.2",34.3,999.0,999.0,999,999,0
999,999999,"110.7,113.0,111.9,113.2,114.2",24.3,999.0,999.0,999,999,0
999,999999,"82.5,85.2,86.4,88.9,93.2,92.0,92.7,95.1,94.8,94.3",19.4,999.0,999.0,999,999,0
999,999999,"62.5,63.8,67.2,68.7,68.8,69.8,71.1",29.6,999.0,999.0,999,999,0
999,999999,"79.0,79.8,81.7,81.1,79.9,81.4",22.0,999.0,999.0,999,999,0
999,999999,"60.9,64.4,65.1,27.3,68.1,70.1",28.9,999.0,999.0,999,999,0
999,999999,"71.2,195.3,77.0,79.5,77.6,76.7",17.7,999.0,999.0,999,999,0
999,999999,"65.9,65.9,67.4,68.6,70.0,72.4,74.2,76.7,77.1,78.3",31.4,999.0,999.0,999,999,0
999,999999,"68.5,70.0,72.9,72.5,72.2,72.3,133.0,74.6,76.4",20.1,999.0,999.0,999,999,0
999,999999,"113.7,115.6,113.5,116.0,173.4,110.4",10.9,999.0,999.0,999,999,0
999,999999,"96.1,97.7,123.7,100.2,101.7,104.0,105.9",24.7,999.0,999.0,999,999,0
999,999999,"90.9,89.6,92.0,92.2,93.4",10.3,999.0,999.0,999,999,0
999,999999,"109.0,108.5,109.6,110.5,112.5,114.9,113.4",29.4,999.0,999.0,999,999,0
999,999999,"78.4,15.6,82.4,83.7,83.9",26.5,999.0,999.0,999,999,0
999,999999,"71.3,73.2,73.0,74.3,75.2,72.7,73.0",24.8,999.0,999.0,999,999,0
999,999999,"82.2,83.4,85.8,91.1,92.5,94.9",19.7,999.0,999.0,999,999,0
999,999999,"90.1,91.6,93.0,94.4,91.5,91.5,90.0,92.6,94.8",30.1,999.0,999.0,999,999,0
999,999999,"66.4,65.6,66.1,67.1,70.9",24.2,999.0,999.0,999,999,0
999,999999,"76.9,77.3,79.4,79.1,82.1",24.7,999.0,999.0,999,999,0
999,999999,"82.1,83.3,84.2,86.1,87.0,89.1,91.6,91.4,93.7,94.6",20.4,999.0,999.0,999,999,0
999,999999,"109.4,108.9,108.8,111.3,110.0,109.5,110.0,108.6",30.0,999.0,999.0,999,999,0
999,999999,"77.2,78.1,77.1,76.8,76.3,79.4,79.7,80.2",15.2,999.0,999.0,999,999,0
999,999999,"116.5,119.9,119.2,118.0,121.9,119.9",33.7,999.0,999.0,999,999,0
999,999999,"66.7,69.2,72.0,74.4,76.5,77.9,78.2",26.5,999.0,999.0,999,999,0
999,999999,"90.0,90.4,93.4,94.1,97.8,99.0,100.1,101.1,105.0",27.2,999.0,999.0,999,999,0
999,999999,"93.1,89.9,91.1,89.7,90.9,91.7,19.1,95.1,95.0,95.8",22.8,999.0,999.0,999,999,0
999,999999,"89.3,90.8,90.6,93.9,94.4,95.6,97.5",13.8,999.0,999.0,999,999,0
999,999999,"96.7,98.3,138.9,97.3,99.9,102.3,103.5,103.1,103.2,105.0",18.8,999.0,999.0,999,999,0
999,999999,"96.7,100.1,101.8,102.4,103.6,105.6",21.2,999.0,999.0,999,999,0
999,999999,"110.3,110.7,113.2,111.7,112.2",22.8,999.0,999.0,999,999,0
999,999999,"76.3,75.3,76.2,76.8,76.3,77.0,77.8,79.7",11.2,999.0,999.0,999,999,0
999,999999,"93.7,96.2,98.1,99.8,100.5,103.4,102.9,104.6,105.9",32.6,999.0,999.0,999,999,0
999,999999,"74.3,75.8,76.3,75.1,76.5,78.1,80.2,81.5,81.4,81.3",28.7,999.0,999.0,999,999,0
999,999999,"101.0,104.5,106.4,106.9,108.5,109.3,112.7,112.7,114.3,116.4",32.1,999.0,999.0,999,999,0
999,999999,"15.1,62.3,64.1,69.8,71.4,72.9,73.9",28.6,999.0,999.0,999,999,0
999,999999,"153.3,17.9,72.6,73.2,75.1",25.0,999.0,999.0,999,999,0
999,999999,"69.5,68.9,71.3,73.6,75.2,77.1,79.6",26.2,999.0,999.0,999,999,0
999,999999,"100.5,103.1,105.3,106.8,106.3,109.7,115.6",33.2,999.0,999.0,999,999,0
999,999999,"108.3,109.6,108.8,108.9,110.3,112.9,112.6",14.5,999.0,999.0,999,999,0
999,999999,"72.6,75.0,77.2,78.0,83.9,83.5,85.4,85.2,87.4",19.6,999.0,999.0,999,999,0
999,999999,"67.1,67.5,70.1,151.2,69.1,70.3,71.2,72.4,74.0,72.0",11.5,999.0,999.0,999,999,0
999,999999,"86.8,88.6,90.9,93.4,92.6,99.7,99.9,102.1,102.1",10.3,999.0,999.0,999,999,0
999,999999,"90.5,90.1,95.0,95.0,91.9,89.8,89.9,92.2,95.4",24.3,999.0,999.0,999,999,0
999,999999,"89.8,89.9,94.7,96.3,94.9,94.4,96.6,98.5,99.3,102.6",19.7,999.0,999.0,999,999,0
999,999999,"67.9,68.5,68.6,68.9,70.2,70.8,72.6",21.0,999.0,999.0,999,999,0
999,999999,"79.4,81.2,83.7,81.3,81.3,81.1,82.6,90.1",34.4,999.0,999.0,999,999,0
999,999999,"86.2,85.5,89.0,90.2,90.7,88.7,89.3,90.4,92.6",16.0,999.0,999.0,999,999,0
999,999999,"110.1,109.8,112.8,113.4,115.7,117.5,118.6,117.2,119.8,117.3",21.8,999.0,999.0,999,999,0
999,999999,"27.9,99.2,101.7,104.5,105.7,103.6",10.1,999.0,999.0,999,999,0
999,999999,"87.2,91.5,90.0,124.4,93.7,92.3,95.3,98.8,101.6,102.3",23.0,999.0,999.0,999,999,0
999,999999,"112.4,113.3,114.0,115.1,114.0,115.1,116.4,118.2",15.1,999.0,999.0,999,999,0
999,999999,"69.9,71.5,72.5,72.0,75.1",10.5,999.0,999.0,999,999,0
999,999999,"94.5,94.4,95.5,98.0,102.5,103.6,105.7,106.7,105.3,106.3",24.1,999.0,999.0,999,999,0
999,999999,"117.0,117.9,120.3,119.8,118.1,115.3",29.9,999.0,999.0,999,999,0
999,999999,"79.4,82.0,83.0,81.9,82.4,85.0,86.0,87.4,84.2",13.7,999.0,999.0,999,999,0
999,999999,"100.8,105.2,106.9,111.0,113.5,115.8,116.4,116.5,118.0",26.0,999.0,999.0,999,999,0
999,999999,"102.5,103.9,105.4,106.4,104.8,106.4,108.2,110.2,111.8",10.9,999.0,999.0,999,999,0
999,999999,"104.0,104.2,104.8,107.6,108.9,111.4,112.0,113.5,115.4,114.8",33.5,999.0,999.0,999,999,0
999,999999,"69.7,72.1,70.7,73.3,75.7",19.6,999.0,999.0,999,999,0
999,999999,"96.8,97.2,98.6,100.7,104.7,105.6,107.4",24.2,999.0,999.0,999,999,0
999,999999,"76.9,75.3,78.4,78.0,74.7,76.3,78.8,78.7,79.2",15.1,999.0,999.0,999,999,0
999,999999,"93.5,190.2,94.3,97.3,99.1,95.6,98.0,101.9",30.4,999.0,999.0,999,999,0
999,999999,"75.9,78.3,79.4,81.5,83.4,86.7,84.8,188.8",22.7,999.0,999.0,999,999,0
999,999999,"110.8,111.9,115.2,115.8,114.6,117.5",25.6,999.0,999.0,999,999,0
999,999999,"115.3,116.0,117.0,118.7,119.0",25.0,999.0,999.0,999,999,0
999,999999,"68.8,70.2,72.5,72.1,70.4",14.9,999.0,999.0,999,999,0
999,999999,"95.8,94.8,96.8,99.0,99.5,99.2,100.7,101.6,103.5",21.9,999.0,999.0,999,999,0
999,999999,"75.4,77.7,79.5,80.3,83.6",25.6,999.0,999.0,999,999,0
999,999999,"94.3,95.5,99.7,100.9,104.2,102.8,104.8",25.7,999.0,999.0,999,999,0
999,999999,"70.9,72.8,75.1,73.4,74.5,76.9",21.5,999.0,999.0,999,999,0
999,999999,"115.2,113.8,113.4,115.7,115.9,115.9",17.5,999.0,999.0,999,999,0
999,999999,"76.0,73.8,75.3,74.6,74.0,74.7,75.8,76.7,77.5,79.9",21.6,999.0,999.0,999,999,0
999,999999,"81.5,80.3,79.9,82.1,79.6,78.8,78.2,78.1,78.4",30.7,999.0,999.0,999,999,0
999,999999,"107.2,108.5,108.5,109.1,110.5,114.5,114.7,117.8,120.2,16.7",26.5,999.0,999.0,999,999,0
999,999999,"73.7,73.8,72.3,75.5,148.7,80.3",27.3,999.0,999.0,999,999,0
999,999999,"62.4,64.3,65.2,67.8,71.0,73.0,74.5,73.2,73.1",20.7,999.0,999.0,999,999,0
999,999999,"68.7,69.8,71.2,72.3,75.0,77.0,80.4,82.0,83.0",19.2,999.0,999.0,999,999,0
999,999999,"103.6,105.9,106.8,109.3,109.4,111.2,111.9",10.5,999.0,999.0,999,999,0
999,999999,"62.8,65.3,64.8,65.5,64.0,64.2,65.5,67.5,68.3,72.0",33.1,999.0,999.0,999,999,0
999,999999,"93.9,96.8,97.9,98.5,98.8,103.5,105.5,108.8,107.9,109.0",21.0,999.0,999.0,999,999,0
999,999999,"95.8,96.6,95.7,97.0,101.0",32.1,999.0,999.0,999,999,0
999,999999,"77.2,79.2,79.2,79.2,82.7,84.5",19.6,999.0,999.0,999,999,0
